#FromID;FromX;FromY;FromIsStorage;FromIsIStation;FromIsOStation;FromIsElevator;ToID;ToX;ToY;ToIsStorage;ToIsIStation;ToIsOStation;ToIsElevator;Count;TravelTimeAvg;TravelTimeVar;TravelTimeMin;TravelTimeMax
6;23.50;3.50;False;True;False;False;94;7.50;1.50;True;False;False;False;2;16.0367135623731;7.35494169603759E-05;16.0306493469679;16.0427777777783
6;23.50;3.50;False;True;False;False;95;8.50;1.50;True;False;False;False;1;27.0331457505067;0;27.0331457505067;27.0331457505067
6;23.50;3.50;False;True;False;False;97;10.50;1.50;True;False;False;False;2;29.2144408479796;5.73101756195532;27.5216594737385;30.9072222222208
6;23.50;3.50;False;True;False;False;100;13.50;1.50;True;False;False;False;1;12.4016666666664;0;12.4016666666664;12.4016666666664
6;23.50;3.50;False;True;False;False;102;15.50;1.50;True;False;False;False;1;14.7689826803035;0;14.7689826803035;14.7689826803035
6;23.50;3.50;False;True;False;False;103;16.50;1.50;True;False;False;False;1;18.5667604580785;0;18.5667604580785;18.5667604580785
6;23.50;3.50;False;True;False;False;104;17.50;1.50;True;False;False;False;2;19.8187950974785;0.180000000002896;19.518795097476;20.1187950974809
6;23.50;3.50;False;True;False;False;105;18.50;1.50;True;False;False;False;1;11.0094444444446;0;11.0094444444446;11.0094444444446
6;23.50;3.50;False;True;False;False;106;5.50;2.50;True;False;False;False;3;24.9721644898932;149.884935546722;17.0894444444443;39.076298693939
6;23.50;3.50;False;True;False;False;107;6.50;2.50;True;False;False;False;2;16.2929653606031;0.244737454418244;15.9431529434291;16.6427777777772
6;23.50;3.50;False;True;False;False;109;8.50;2.50;True;False;False;False;1;14.9416666666657;0;14.9416666666657;14.9416666666657
6;23.50;3.50;False;True;False;False;111;10.50;2.50;True;False;False;False;2;16.3829617641427;18.6411510666354;13.3299999999999;19.4359235282855
6;23.50;3.50;False;True;False;False;112;11.50;2.50;True;False;False;False;1;13.0444444444447;0;13.0444444444447;13.0444444444447
6;23.50;3.50;False;True;False;False;113;12.50;2.50;True;False;False;False;2;12.3900973878713;0.00178833242425187;12.3601947757425;12.4200000000001
6;23.50;3.50;False;True;False;False;114;13.50;2.50;True;False;False;False;1;11.8080231874033;0;11.8080231874033;11.8080231874033
6;23.50;3.50;False;True;False;False;118;17.50;2.50;True;False;False;False;1;9.23483399596171;0;9.23483399596171;9.23483399596171
6;23.50;3.50;False;True;False;False;134;5.50;4.50;True;False;False;False;2;16.9419444444452;0.0965557098752518;16.7222222222244;17.161666666666
6;23.50;3.50;False;True;False;False;135;6.50;4.50;True;False;False;False;1;17.1395382358578;0;17.1395382358578;17.1395382358578
6;23.50;3.50;False;True;False;False;139;10.50;4.50;True;False;False;False;3;15.3672222222227;8.17663086419698;13.2572222222222;18.6216666666669
6;23.50;3.50;False;True;False;False;141;12.50;4.50;True;False;False;False;2;12.7188888888891;0.170897303653522;12.4265728752553;13.0112049025229
6;23.50;3.50;False;True;False;False;142;13.50;4.50;True;False;False;False;2;11.905090194957;0.457432998820068;11.4268470565744;12.3833333333396
6;23.50;3.50;False;True;False;False;146;17.50;4.50;True;False;False;False;2;8.8469913401525;0.0115156183167975;8.77111111111753;8.92287156918746
6;23.50;3.50;False;True;False;False;147;18.50;4.50;True;False;False;False;2;8.01458513156035;0.00266829436359157;7.97805915201434;8.05111111110637
6;23.50;3.50;False;True;False;False;148;5.50;5.50;True;False;False;False;2;22.6772222222228;17.9733432098938;19.6794444444436;25.675000000002
6;23.50;3.50;False;True;False;False;150;7.50;5.50;True;False;False;False;1;18.0129653606045;0;18.0129653606045;18.0129653606045
6;23.50;3.50;False;True;False;False;153;10.50;5.50;True;False;False;False;1;17.4488888888886;0;17.4488888888886;17.4488888888886
6;23.50;3.50;False;True;False;False;160;17.50;5.50;True;False;False;False;1;11.7804617641428;0;11.7804617641428;11.7804617641428
6;23.50;3.50;False;True;False;False;197;12.50;8.50;True;False;False;False;1;21.2011111111124;0;21.2011111111124;21.2011111111124
6;23.50;3.50;False;True;False;False;220;7.50;10.50;True;False;False;False;1;23.6100000000015;0;23.6100000000015;23.6100000000015
6;23.50;3.50;False;True;False;False;271;16.50;13.50;True;False;False;False;1;29.0172222222236;0;29.0172222222236;29.0172222222236
6;23.50;3.50;False;True;False;False;275;6.50;14.50;True;False;False;False;1;28.3100937914141;0;28.3100937914141;28.3100937914141
14;23.50;9.50;False;True;False;False;144;15.50;4.50;True;False;False;False;1;16.8848124171745;0;16.8848124171745;16.8848124171745
14;23.50;9.50;False;True;False;False;155;12.50;5.50;True;False;False;False;1;29.018333333333;0;29.018333333333;29.018333333333
14;23.50;9.50;False;True;False;False;176;5.50;7.50;True;False;False;False;2;21.0182431383782;0.0308347222225896;20.8940764717108;21.1424098050456
14;23.50;9.50;False;True;False;False;177;6.50;7.50;True;False;False;False;2;17.0553318663963;0.00725378547093312;16.995108177241;17.1155555555515
14;23.50;9.50;False;True;False;False;178;7.50;7.50;True;False;False;False;1;16.6931529434287;0;16.6931529434287;16.6931529434287
14;23.50;9.50;False;True;False;False;179;8.50;7.50;True;False;False;False;1;25.1262049025281;0;25.1262049025281;25.1262049025281
14;23.50;9.50;False;True;False;False;183;12.50;7.50;True;False;False;False;2;29.0771320272692;0.0667495058382093;28.8944444444423;29.259819610096
14;23.50;9.50;False;True;False;False;184;13.50;7.50;True;False;False;False;2;14.6650468957059;0.022578889254606;14.558795097475;14.7712986939368
14;23.50;9.50;False;True;False;False;188;17.50;7.50;True;False;False;False;1;11.3730591520207;0;11.3730591520207;11.3730591520207
14;23.50;9.50;False;True;False;False;190;5.50;8.50;True;False;False;False;1;17.1066666666684;0;17.1066666666684;17.1066666666684
14;23.50;9.50;False;True;False;False;196;11.50;8.50;True;False;False;False;2;13.2081457505067;0.183121652161065;12.9055555555556;13.5107359454578
14;23.50;9.50;False;True;False;False;197;12.50;8.50;True;False;False;False;3;12.4965103476459;0.199385495546841;12.1904545712212;13.0088888888904
14;23.50;9.50;False;True;False;False;200;15.50;8.50;True;False;False;False;1;10.1461111111116;0;10.1461111111116;10.1461111111116
14;23.50;9.50;False;True;False;False;201;16.50;8.50;True;False;False;False;1;9.47888888888792;0;9.47888888888792;9.47888888888792
14;23.50;9.50;False;True;False;False;203;18.50;8.50;True;False;False;False;2;8.08143938105623;0.00942883152948571;8.01277777777796;8.1501009843345
14;23.50;9.50;False;True;False;False;218;5.50;10.50;True;False;False;False;1;17.9018326707092;0;17.9018326707092;17.9018326707092
14;23.50;9.50;False;True;False;False;219;6.50;10.50;True;False;False;False;2;16.2569913401503;0.0500521023931843;16.098795097475;16.4151875828256
14;23.50;9.50;False;True;False;False;221;8.50;10.50;True;False;False;False;2;14.8538888888893;0.039200000000438;14.7138888888885;14.9938888888901
14;23.50;9.50;False;True;False;False;223;10.50;10.50;True;False;False;False;1;13.8879653606023;0;13.8879653606023;13.8879653606023
14;23.50;9.50;False;True;False;False;224;11.50;10.50;True;False;False;False;2;13.3569444444445;0.382812500000398;12.9194444444443;13.7944444444447
14;23.50;9.50;False;True;False;False;226;13.50;10.50;True;False;False;False;2;13.986479083838;13.1888921865583;11.4185137232307;16.5544444444454
14;23.50;9.50;False;True;False;False;229;16.50;10.50;True;False;False;False;2;10.7328354628718;0.72013845086529;10.1327777777842;11.3328931479593
14;23.50;9.50;False;True;False;False;230;17.50;10.50;True;False;False;False;1;8.55611111111102;0;8.55611111111102;8.55611111111102
14;23.50;9.50;False;True;False;False;231;18.50;10.50;True;False;False;False;2;8.51083333333335;0.0524520061728484;8.34888888888889;8.67277777777781
14;23.50;9.50;False;True;False;False;232;5.50;11.50;True;False;False;False;2;22.1647222222214;26.1324334876525;18.5499999999993;25.7794444444435
14;23.50;9.50;False;True;False;False;233;6.50;11.50;True;False;False;False;2;26.5435606189446;0.10815946281516;26.3110101267766;26.7761111111126
14;23.50;9.50;False;True;False;False;234;7.50;11.50;True;False;False;False;1;27.1866666666683;0;27.1866666666683;27.1866666666683
14;23.50;9.50;False;True;False;False;235;8.50;11.50;True;False;False;False;1;22.5684271247451;0;22.5684271247451;22.5684271247451
14;23.50;9.50;False;True;False;False;238;11.50;11.50;True;False;False;False;1;22.3265006626252;0;22.3265006626252;22.3265006626252
14;23.50;9.50;False;True;False;False;239;12.50;11.50;True;False;False;False;1;22.3493506530313;0;22.3493506530313;22.3493506530313
14;23.50;9.50;False;True;False;False;240;13.50;11.50;True;False;False;False;2;19.9808333333326;24.3563223765669;16.4911111111087;23.4705555555565
14;23.50;9.50;False;True;False;False;242;15.50;11.50;True;False;False;False;2;25.06616519974;0.97700235252537;24.3672366080636;25.7650937914163
14;23.50;9.50;False;True;False;False;244;17.50;11.50;True;False;False;False;1;30.9094444444472;0;30.9094444444472;30.9094444444472
14;23.50;9.50;False;True;False;False;260;5.50;13.50;True;False;False;False;2;25.9827524608331;0.06299197315398;25.8052813742387;26.1602235474274
14;23.50;9.50;False;True;False;False;262;7.50;13.50;True;False;False;False;1;24.4754617641429;0;24.4754617641429;24.4754617641429
14;23.50;9.50;False;True;False;False;263;8.50;13.50;True;False;False;False;1;18.7151803898978;0;18.7151803898978;18.7151803898978
14;23.50;9.50;False;True;False;False;265;10.50;13.50;True;False;False;False;3;20.5306782131294;3.48690514143603;19.3333333333335;22.6823088207047
14;23.50;9.50;False;True;False;False;268;13.50;13.50;True;False;False;False;2;24.4099026121216;6.94329637687469;22.5466666666662;26.2731385575771
14;23.50;9.50;False;True;False;False;270;15.50;13.50;True;False;False;False;2;22.6881457505064;0.00648452033791035;22.631204902524;22.7450865984888
14;23.50;9.50;False;True;False;False;272;17.50;13.50;True;False;False;False;2;25.7297691179289;0.0975761511610286;25.5088888888895;25.9506493469684
14;23.50;9.50;False;True;False;False;274;5.50;14.50;True;False;False;False;1;24.5938888888913;0;24.5938888888913;24.5938888888913
14;23.50;9.50;False;True;False;False;275;6.50;14.50;True;False;False;False;1;21.3549856141617;0;21.3549856141617;21.3549856141617
14;23.50;9.50;False;True;False;False;277;8.50;14.50;True;False;False;False;2;20.0489178022891;0.483529086913762;19.5572222222227;20.5406133823556
14;23.50;9.50;False;True;False;False;281;12.50;14.50;True;False;False;False;2;20.5229689570694;0.0521486660460382;20.3614934696943;20.6844444444445
14;23.50;9.50;False;True;False;False;282;13.50;14.50;True;False;False;False;1;19.5588888888892;0;19.5588888888892;19.5588888888892
14;23.50;9.50;False;True;False;False;284;15.50;14.50;True;False;False;False;1;18.7097402045074;0;18.7097402045074;18.7097402045074
14;23.50;9.50;False;True;False;False;285;16.50;14.50;True;False;False;False;1;18.2983333333341;0;18.2983333333341;18.2983333333341
14;23.50;9.50;False;True;False;False;286;17.50;14.50;True;False;False;False;1;17.4944444444445;0;17.4944444444445;17.4944444444445
22;0.50;6.50;False;False;True;False;94;7.50;1.50;True;False;False;False;4;17.7613636428055;0.116074220448412;17.330367972731;18.1474964035391
22;0.50;6.50;False;False;True;False;95;8.50;1.50;True;False;False;False;2;18.5403246734861;0.0625854854975765;18.3634271247502;18.7172222222221
22;0.50;6.50;False;False;True;False;97;10.50;1.50;True;False;False;False;2;19.6811111111103;0.0229932098765176;19.5738888888882;19.7883333333325
22;0.50;6.50;False;False;True;False;103;16.50;1.50;True;False;False;False;3;23.7952477127944;0.049440746934645;23.5922222222198;24.0328715691908
22;0.50;6.50;False;False;True;False;106;5.50;2.50;True;False;False;False;4;12.1779311233685;0.0181318915052223;12.0461905166794;12.338888888889
22;0.50;6.50;False;False;True;False;107;6.50;2.50;True;False;False;False;2;17.5307864376273;0.0489443094031578;17.3743506530332;17.6872222222214
22;0.50;6.50;False;False;True;False;109;8.50;2.50;True;False;False;False;1;22.200923528284;0;22.200923528284;22.200923528284
22;0.50;6.50;False;False;True;False;111;10.50;2.50;True;False;False;False;3;22.6950937914129;0.13049545393096;22.3790764717146;23.0888888888894
22;0.50;6.50;False;False;True;False;112;11.50;2.50;True;False;False;False;2;21.2761147075732;0.0701070143636593;21.0888888888894;21.4633405262571
22;0.50;6.50;False;False;True;False;113;12.50;2.50;True;False;False;False;3;21.7835185185185;0.0649414609050584;21.6361111111112;22.0777777777771
22;0.50;6.50;False;False;True;False;114;13.50;2.50;True;False;False;False;4;19.2415710770237;0.324078165206259;18.5661111111121;19.9555555555555
22;0.50;6.50;False;False;True;False;118;17.50;2.50;True;False;False;False;3;26.3192905230626;0.108608384063493;25.9651875828254;26.6170346393947
22;0.50;6.50;False;False;True;False;134;5.50;4.50;True;False;False;False;2;11.036388888889;0.0510223765424513;10.8766666666679;11.19611111111
22;0.50;6.50;False;False;True;False;135;6.50;4.50;True;False;False;False;2;9.72578643762722;0.195371124031154;9.41323954192103;10.0383333333334
22;0.50;6.50;False;False;True;False;139;10.50;4.50;True;False;False;False;1;14.2111111111135;0;14.2111111111135;14.2111111111135
22;0.50;6.50;False;False;True;False;141;12.50;4.50;True;False;False;False;2;23.613055555556;8.45747052468985;21.5566666666673;25.6694444444447
22;0.50;6.50;False;False;True;False;142;13.50;4.50;True;False;False;False;2;17.4434271247462;0.0349158444560771;17.3112986939373;17.5755555555552
22;0.50;6.50;False;False;True;False;144;15.50;4.50;True;False;False;False;2;15.4958333333333;0.000370524691370762;15.4822222222219;15.5094444444446
22;0.50;6.50;False;False;True;False;146;17.50;4.50;True;False;False;False;1;19.0265728752556;0;19.0265728752556;19.0265728752556
22;0.50;6.50;False;False;True;False;147;18.50;4.50;True;False;False;False;1;22.8340836646363;0;22.8340836646363;22.8340836646363
22;0.50;6.50;False;False;True;False;148;5.50;5.50;True;False;False;False;2;9.65500000000065;5.73851913580307;7.96111111111168;11.3488888888896
22;0.50;6.50;False;False;True;False;150;7.50;5.50;True;False;False;False;2;9.33898268030168;3.78563635942236E-05;9.33463202727057;9.34333333333279
22;0.50;6.50;False;False;True;False;154;11.50;5.50;True;False;False;False;1;12.1016738595887;0;12.1016738595887;12.1016738595887
22;0.50;6.50;False;False;True;False;156;13.50;5.50;True;False;False;False;2;13.7055555555571;0.160555555556037;13.4222222222234;13.9888888888909
22;0.50;6.50;False;False;True;False;176;5.50;7.50;True;False;False;False;2;7.99874820176967;0.00417629318923141;7.95305195909464;8.04444444444471
22;0.50;6.50;False;False;True;False;177;6.50;7.50;True;False;False;False;1;8.61778497069963;0;8.61778497069963;8.61778497069963
22;0.50;6.50;False;False;True;False;178;7.50;7.50;True;False;False;False;1;9.42067092573643;0;9.42067092573643;9.42067092573643
22;0.50;6.50;False;False;True;False;179;8.50;7.50;True;False;False;False;3;10.114136601683;0.0190805924155936;9.9674098050491;10.2416666666664
22;0.50;6.50;False;False;True;False;183;12.50;7.50;True;False;False;False;2;12.8985606189367;0.0539345505159085;12.7343434600953;13.0627777777781
22;0.50;6.50;False;False;True;False;184;13.50;7.50;True;False;False;False;2;13.3200468957066;0.018922562605212;13.222777777778;13.4173160136352
22;0.50;6.50;False;False;True;False;188;17.50;7.50;True;False;False;False;2;16.2374638936699;0.0509394200666951;16.0778715691886;16.3970562181512
22;0.50;6.50;False;False;True;False;193;8.50;8.50;True;False;False;False;1;12.7205555555574;0;12.7205555555574;12.7205555555574
22;0.50;6.50;False;False;True;False;195;10.50;8.50;True;False;False;False;1;14.2850000000026;0;14.2850000000026;14.2850000000026
22;0.50;6.50;False;False;True;False;196;11.50;8.50;True;False;False;False;1;29.0622222222237;0;29.0622222222237;29.0622222222237
22;0.50;6.50;False;False;True;False;197;12.50;8.50;True;False;False;False;3;28.8985497823227;0.262247790981587;28.3194444444445;29.2916666666661
22;0.50;6.50;False;False;True;False;200;15.50;8.50;True;False;False;False;1;26.2751588111396;0;26.2751588111396;26.2751588111396
22;0.50;6.50;False;False;True;False;201;16.50;8.50;True;False;False;False;1;27.5944444444458;0;27.5944444444458;27.5944444444458
22;0.50;6.50;False;False;True;False;203;18.50;8.50;True;False;False;False;1;17.2925035964636;0;17.2925035964636;17.2925035964636
22;0.50;6.50;False;False;True;False;218;5.50;10.50;True;False;False;False;2;12.6369444444447;0.290914969136979;12.255555555555;13.0183333333343
22;0.50;6.50;False;False;True;False;219;6.50;10.50;True;False;False;False;4;14.7756638036674;18.9726168003407;10.8844444444444;19.0846898540703
22;0.50;6.50;False;False;True;False;220;7.50;10.50;True;False;False;False;3;21.2355242917529;7.84473735106176;18.0055555555591;22.9926839863656
22;0.50;6.50;False;False;True;False;221;8.50;10.50;True;False;False;False;1;18.6673160136352;0;18.6673160136352;18.6673160136352
22;0.50;6.50;False;False;True;False;223;10.50;10.50;True;False;False;False;1;15.5200937914128;0;15.5200937914128;15.5200937914128
22;0.50;6.50;False;False;True;False;224;11.50;10.50;True;False;False;False;2;25.3194913401503;31.7154406622324;21.3373160136339;29.3016666666667
22;0.50;6.50;False;False;True;False;229;16.50;10.50;True;False;False;False;1;25.4305555555566;0;25.4305555555566;25.4305555555566
22;0.50;6.50;False;False;True;False;230;17.50;10.50;True;False;False;False;1;25.3757359454576;0;25.3757359454576;25.3757359454576
22;0.50;6.50;False;False;True;False;231;18.50;10.50;True;False;False;False;2;22.3085137232371;0.00183392325151989;22.2782323489988;22.3387950974754
22;0.50;6.50;False;False;True;False;235;8.50;11.50;True;False;False;False;2;16.0001803898994;0.00266249678467676;15.9636941131321;16.0366666666666
22;0.50;6.50;False;False;True;False;238;11.50;11.50;True;False;False;False;1;20.7250143858314;0;20.7250143858314;20.7250143858314
22;0.50;6.50;False;False;True;False;240;13.50;11.50;True;False;False;False;3;21.4814814814811;0.00747541152261518;21.4261111111109;21.5811111111107
22;0.50;6.50;False;False;True;False;242;15.50;11.50;True;False;False;False;1;22.8137807116468;0;22.8137807116468;22.8137807116468
22;0.50;6.50;False;False;True;False;260;5.50;13.50;True;False;False;False;1;17.6951660040575;0;17.6951660040575;17.6951660040575
22;0.50;6.50;False;False;True;False;263;8.50;13.50;True;False;False;False;1;17.6605267838331;0;17.6605267838331;17.6605267838331
22;0.50;6.50;False;False;True;False;265;10.50;13.50;True;False;False;False;3;17.784877342423;0.0415562203783996;17.5616666666656;17.9612049025236
22;0.50;6.50;False;False;True;False;270;15.50;13.50;True;False;False;False;1;23.0066666666667;0;23.0066666666667;23.0066666666667
22;0.50;6.50;False;False;True;False;271;16.50;13.50;True;False;False;False;1;23.8894444444413;0;23.8894444444413;23.8894444444413
22;0.50;6.50;False;False;True;False;272;17.50;13.50;True;False;False;False;1;24.3338888888884;0;24.3338888888884;24.3338888888884
22;0.50;6.50;False;False;True;False;274;5.50;14.50;True;False;False;False;1;14.8838888888895;0;14.8838888888895;14.8838888888895
22;0.50;6.50;False;False;True;False;275;6.50;14.50;True;False;False;False;1;18.1711111111117;0;18.1711111111117;18.1711111111117
22;0.50;6.50;False;False;True;False;281;12.50;14.50;True;False;False;False;1;23.8849999999989;0;23.8849999999989;23.8849999999989
30;0.50;12.50;False;False;True;False;97;10.50;1.50;True;False;False;False;1;23.5088888888886;0;23.5088888888886;23.5088888888886
30;0.50;12.50;False;False;True;False;100;13.50;1.50;True;False;False;False;1;23.3378643762626;0;23.3378643762626;23.3378643762626
30;0.50;12.50;False;False;True;False;102;15.50;1.50;True;False;False;False;1;24.6738888888895;0;24.6738888888895;24.6738888888895
30;0.50;12.50;False;False;True;False;103;16.50;1.50;True;False;False;False;1;27.2966666666671;0;27.2966666666671;27.2966666666671
30;0.50;12.50;False;False;True;False;104;17.50;1.50;True;False;False;False;1;30.5653679727302;0;30.5653679727302;30.5653679727302
30;0.50;12.50;False;False;True;False;107;6.50;2.50;True;False;False;False;2;30.0908838255068;34.1574975493072;25.9582395419211;34.2235281090925
30;0.50;12.50;False;False;True;False;109;8.50;2.50;True;False;False;False;1;20.1700000000001;0;20.1700000000001;20.1700000000001
30;0.50;12.50;False;False;True;False;111;10.50;2.50;True;False;False;False;1;26.2873160136346;0;26.2873160136346;26.2873160136346
30;0.50;12.50;False;False;True;False;134;5.50;4.50;True;False;False;False;1;14.6427777777781;0;14.6427777777781;14.6427777777781
30;0.50;12.50;False;False;True;False;139;10.50;4.50;True;False;False;False;2;24.7386111111114;10.3436680555548;22.4644444444448;27.012777777778
30;0.50;12.50;False;False;True;False;142;13.50;4.50;True;False;False;False;2;22.2544444444418;0.793799999993972;21.6244444444442;22.8844444444394
30;0.50;12.50;False;False;True;False;144;15.50;4.50;True;False;False;False;1;21.5716666666685;0;21.5716666666685;21.5716666666685
30;0.50;12.50;False;False;True;False;146;17.50;4.50;True;False;False;False;2;30.2566197709597;0.0144978732069486;30.1714790838384;30.3417604580809
30;0.50;12.50;False;False;True;False;147;18.50;4.50;True;False;False;False;2;25.9641666666677;0.116001388888076;25.7233333333352;26.2050000000002
30;0.50;12.50;False;False;True;False;148;5.50;5.50;True;False;False;False;1;14.2416666666666;0;14.2416666666666;14.2416666666666
30;0.50;12.50;False;False;True;False;154;11.50;5.50;True;False;False;False;1;20.6514862767635;0;20.6514862767635;20.6514862767635
30;0.50;12.50;False;False;True;False;155;12.50;5.50;True;False;False;False;1;21.5384271247462;0;21.5384271247462;21.5384271247462
30;0.50;12.50;False;False;True;False;156;13.50;5.50;True;False;False;False;1;20.3427633919155;0;20.3427633919155;20.3427633919155
30;0.50;12.50;False;False;True;False;176;5.50;7.50;True;False;False;False;4;13.7595833333338;2.98247865740639;12.8394444444448;16.3487950974777
30;0.50;12.50;False;False;True;False;177;6.50;7.50;True;False;False;False;2;15.6492604580783;7.34581172778731;13.7327777777773;17.5657431383793
30;0.50;12.50;False;False;True;False;178;7.50;7.50;True;False;False;False;2;19.8166666666652;9.05874586263726;17.6884343176679;21.9448990156625
30;0.50;12.50;False;False;True;False;179;8.50;7.50;True;False;False;False;1;18.4461111111104;0;18.4461111111104;18.4461111111104
30;0.50;12.50;False;False;True;False;184;13.50;7.50;True;False;False;False;1;19.4267604580782;0;19.4267604580782;19.4267604580782
30;0.50;12.50;False;False;True;False;188;17.50;7.50;True;False;False;False;1;25.6992640545377;0;25.6992640545377;25.6992640545377
30;0.50;12.50;False;False;True;False;190;5.50;8.50;True;False;False;False;2;12.3150937914097;0.098765432095891;12.0928715691907;12.5373160136287
30;0.50;12.50;False;False;True;False;196;11.50;8.50;True;False;False;False;1;19.9111111111115;0;19.9111111111115;19.9111111111115
30;0.50;12.50;False;False;True;False;197;12.50;8.50;True;False;False;False;4;21.6687698513887;0.107754605809444;21.2933333333333;22.0927777777779
30;0.50;12.50;False;False;True;False;201;16.50;8.50;True;False;False;False;1;26.9644444444446;0;26.9644444444446;26.9644444444446
30;0.50;12.50;False;False;True;False;203;18.50;8.50;True;False;False;False;1;25.3578284116525;0;25.3578284116525;25.3578284116525
30;0.50;12.50;False;False;True;False;219;6.50;10.50;True;False;False;False;1;25.6937950974752;0;25.6937950974752;25.6937950974752
30;0.50;12.50;False;False;True;False;220;7.50;10.50;True;False;False;False;1;24.2233333333329;0;24.2233333333329;24.2233333333329
30;0.50;12.50;False;False;True;False;221;8.50;10.50;True;False;False;False;3;24.0468253833336;0.134913892762108;23.6399205944435;24.3538888888907
30;0.50;12.50;False;False;True;False;223;10.50;10.50;True;False;False;False;2;23.2774928070709;0.155256318692674;22.9988745030305;23.5561111111112
30;0.50;12.50;False;False;True;False;224;11.50;10.50;True;False;False;False;2;22.7990764717158;0.0219712855881434;22.6942640545408;22.9038888888908
30;0.50;12.50;False;False;True;False;226;13.50;10.50;True;False;False;False;2;16.0888888888883;4.07709876542901;14.661111111111;17.5166666666655
30;0.50;12.50;False;False;True;False;231;18.50;10.50;True;False;False;False;2;25.5877777777778;0.0144500000000124;25.5027777777777;25.6727777777778
30;0.50;12.50;False;False;True;False;232;5.50;11.50;True;False;False;False;4;8.41124640352962;0.00326052272896537;8.36730882070879;8.4950865984847
30;0.50;12.50;False;False;True;False;233;6.50;11.50;True;False;False;False;2;8.74267679343876;0.0157691386700336;8.65388169596702;8.83147189091051
30;0.50;12.50;False;False;True;False;234;7.50;11.50;True;False;False;False;1;9.72333333333427;0;9.72333333333427;9.72333333333427
30;0.50;12.50;False;False;True;False;238;11.50;11.50;True;False;False;False;1;11.8549062085872;0;11.8549062085872;11.8549062085872
30;0.50;12.50;False;False;True;False;239;12.50;11.50;True;False;False;False;1;12.7111111111108;0;12.7111111111108;12.7111111111108
30;0.50;12.50;False;False;True;False;240;13.50;11.50;True;False;False;False;1;24.3011111111111;0;24.3011111111111;24.3011111111111
30;0.50;12.50;False;False;True;False;242;15.50;11.50;True;False;False;False;1;14.6228715691907;0;14.6228715691907;14.6228715691907
30;0.50;12.50;False;False;True;False;243;16.50;11.50;True;False;False;False;1;15.1403679727309;0;15.1403679727309;15.1403679727309
30;0.50;12.50;False;False;True;False;244;17.50;11.50;True;False;False;False;1;16.3571212378865;0;16.3571212378865;16.3571212378865
30;0.50;12.50;False;False;True;False;260;5.50;13.50;True;False;False;False;3;8.07529825220092;0.046691526897709;7.83128430809359;8.24240980504851
30;0.50;12.50;False;False;True;False;265;10.50;13.50;True;False;False;False;3;11.2598028266107;0.0249448016003008;11.1650578268004;11.4421284308096
30;0.50;12.50;False;False;True;False;268;13.50;13.50;True;False;False;False;1;13.6055555555567;0;13.6055555555567;13.6055555555567
30;0.50;12.50;False;False;True;False;270;15.50;13.50;True;False;False;False;2;14.7752777777793;1.25000000175987E-05;14.7727777777775;14.777777777781
30;0.50;12.50;False;False;True;False;271;16.50;13.50;True;False;False;False;1;15.2597186257644;0;15.2597186257644;15.2597186257644
30;0.50;12.50;False;False;True;False;274;5.50;14.50;True;False;False;False;1;11.4198918227257;0;11.4198918227257;11.4198918227257
30;0.50;12.50;False;False;True;False;275;6.50;14.50;True;False;False;False;2;9.90310245126193;0.0390708126530825;9.76333333333332;10.0428715691905
30;0.50;12.50;False;False;True;False;277;8.50;14.50;True;False;False;False;2;14.9881493469682;0.0824631172838776;14.7850937914127;15.1912049025236
30;0.50;12.50;False;False;True;False;281;12.50;14.50;True;False;False;False;2;15.754444444445;0.0808913580244223;15.5533333333342;15.9555555555557
30;0.50;12.50;False;False;True;False;282;13.50;14.50;True;False;False;False;1;14.4902091615622;0;14.4902091615622;14.4902091615622
30;0.50;12.50;False;False;True;False;284;15.50;14.50;True;False;False;False;3;26.3993506530305;0.107955473107341;26.1022222222236;26.7522222222224
30;0.50;12.50;False;False;True;False;285;16.50;14.50;True;False;False;False;1;30.8994444444452;0;30.8994444444452;30.8994444444452
30;0.50;12.50;False;False;True;False;286;17.50;14.50;True;False;False;False;1;24.9250000000011;0;24.9250000000011;24.9250000000011
94;7.50;1.50;True;False;False;False;6;23.50;3.50;False;True;False;False;2;24.5864357845957;0.0196866619178187;24.4872222222218;24.6856493469695
94;7.50;1.50;True;False;False;False;22;0.50;6.50;False;False;True;False;4;74.685932519434;1654.13765627723;15.9241702631275;107.21963202727
94;7.50;1.50;True;False;False;False;140;11.50;4.50;True;False;False;False;1;8.97101731969906;0;8.97101731969906;8.97101731969906
94;7.50;1.50;True;False;False;False;158;15.50;5.50;True;False;False;False;1;12.0296320272678;0;12.0296320272678;12.0296320272678
94;7.50;1.50;True;False;False;False;181;10.50;7.50;True;False;False;False;2;10.299675326516;0.561310636622285;9.76990620858714;10.8294444444449
94;7.50;1.50;True;False;False;False;224;11.50;10.50;True;False;False;False;2;13.5539790838408;1.43776019836198;12.706111111111;14.4018470565707
95;8.50;1.50;True;False;False;False;6;23.50;3.50;False;True;False;False;1;23.7123160136348;0;23.7123160136348;23.7123160136348
95;8.50;1.50;True;False;False;False;22;0.50;6.50;False;False;True;False;2;108.335144283578;2641.25098283274;71.994733011602;144.675555555554
95;8.50;1.50;True;False;False;False;107;6.50;2.50;True;False;False;False;1;6.07564934696802;0;6.07564934696802;6.07564934696802
95;8.50;1.50;True;False;False;False;140;11.50;4.50;True;False;False;False;1;7.53222222222166;0;7.53222222222166;7.53222222222166
95;8.50;1.50;True;False;False;False;181;10.50;7.50;True;False;False;False;1;11.9144444444382;0;11.9144444444382;11.9144444444382
97;10.50;1.50;True;False;False;False;6;23.50;3.50;False;True;False;False;2;38.8990259795426;198.515894272931;28.936197709595;48.8618542494901
97;10.50;1.50;True;False;False;False;22;0.50;6.50;False;False;True;False;2;121.688798693936;665.368090587954;103.449170263127;139.928427124745
97;10.50;1.50;True;False;False;False;30;0.50;12.50;False;False;True;False;1;85.7254617641429;0;85.7254617641429;85.7254617641429
97;10.50;1.50;True;False;False;False;106;5.50;2.50;True;False;False;False;1;7.76214281666489;0;7.76214281666489;7.76214281666489
97;10.50;1.50;True;False;False;False;134;5.50;4.50;True;False;False;False;1;8.85537516565091;0;8.85537516565091;8.85537516565091
97;10.50;1.50;True;False;False;False;146;17.50;4.50;True;False;False;False;1;10.045000000001;0;10.045000000001;10.045000000001
97;10.50;1.50;True;False;False;False;151;8.50;5.50;True;False;False;False;2;8.2170382358579;0.0595772336687608;8.04444444444471;8.38963202727109
100;13.50;1.50;True;False;False;False;6;23.50;3.50;False;True;False;False;1;20.441111111111;0;20.441111111111;20.441111111111
100;13.50;1.50;True;False;False;False;30;0.50;12.50;False;False;True;False;1;72.6846248343481;0;72.6846248343481;72.6846248343481
100;13.50;1.50;True;False;False;False;153;10.50;5.50;True;False;False;False;1;9.85924966869675;0;9.85924966869675;9.85924966869675
100;13.50;1.50;True;False;False;False;181;10.50;7.50;True;False;False;False;1;9.62213562373836;0;9.62213562373836;9.62213562373836
102;15.50;1.50;True;False;False;False;6;23.50;3.50;False;True;False;False;1;19.2829653605995;0;19.2829653605995;19.2829653605995
102;15.50;1.50;True;False;False;False;30;0.50;12.50;False;False;True;False;1;121.650743138386;0;121.650743138386;121.650743138386
102;15.50;1.50;True;False;False;False;141;12.50;4.50;True;False;False;False;1;11.1744444444457;0;11.1744444444457;11.1744444444457
102;15.50;1.50;True;False;False;False;158;15.50;5.50;True;False;False;False;1;5.04444444444471;0;5.04444444444471;5.04444444444471
103;16.50;1.50;True;False;False;False;6;23.50;3.50;False;True;False;False;1;25.4557359454529;0;25.4557359454529;25.4557359454529
103;16.50;1.50;True;False;False;False;22;0.50;6.50;False;False;True;False;3;93.5111423749182;2596.66345825125;34.8695382358628;127.019444444444
103;16.50;1.50;True;False;False;False;30;0.50;12.50;False;False;True;False;1;84.3510173196987;0;84.3510173196987;84.3510173196987
103;16.50;1.50;True;False;False;False;97;10.50;1.50;True;False;False;False;1;6.54601731969979;0;6.54601731969979;6.54601731969979
103;16.50;1.50;True;False;False;False;112;11.50;2.50;True;False;False;False;1;7.76944444444598;0;7.76944444444598;7.76944444444598
103;16.50;1.50;True;False;False;False;140;11.50;4.50;True;False;False;False;1;9.63222222222339;0;9.63222222222339;9.63222222222339
103;16.50;1.50;True;False;False;False;151;8.50;5.50;True;False;False;False;1;12.175;0;12.175;12.175
103;16.50;1.50;True;False;False;False;223;10.50;10.50;True;False;False;False;1;13.3745382358584;0;13.3745382358584;13.3745382358584
104;17.50;1.50;True;False;False;False;6;23.50;3.50;False;True;False;False;2;18.7896284308086;0.209569727835146;18.4659235282854;19.1133333333319
104;17.50;1.50;True;False;False;False;30;0.50;12.50;False;False;True;False;1;120.438405546009;0;120.438405546009;120.438405546009
104;17.50;1.50;True;False;False;False;147;18.50;4.50;True;False;False;False;1;7.23611111110858;0;7.23611111110858;7.23611111110858
104;17.50;1.50;True;False;False;False;160;17.50;5.50;True;False;False;False;1;4.3438888888889;0;4.3438888888889;4.3438888888889
104;17.50;1.50;True;False;False;False;181;10.50;7.50;True;False;False;False;1;12.4861111111104;0;12.4861111111104;12.4861111111104
105;18.50;1.50;True;False;False;False;6;23.50;3.50;False;True;False;False;1;52.8701153701807;0;52.8701153701807;52.8701153701807
105;18.50;1.50;True;False;False;False;181;10.50;7.50;True;False;False;False;1;13.1799928070782;0;13.1799928070782;13.1799928070782
106;5.50;2.50;True;False;False;False;6;23.50;3.50;False;True;False;False;3;32.8616979304693;98.6355581311912;26.4821284308114;44.3044444444449
106;5.50;2.50;True;False;False;False;22;0.50;6.50;False;False;True;False;4;84.1844047416533;1275.8696100841;45.0688888888899;131.261594453991
106;5.50;2.50;True;False;False;False;113;12.50;2.50;True;False;False;False;1;5.96388888888941;0;5.96388888888941;5.96388888888941
106;5.50;2.50;True;False;False;False;139;10.50;4.50;True;False;False;False;1;9.18277777777985;0;9.18277777777985;9.18277777777985
106;5.50;2.50;True;False;False;False;151;8.50;5.50;True;False;False;False;1;8.08888888888896;0;8.08888888888896;8.08888888888896
106;5.50;2.50;True;False;False;False;156;13.50;5.50;True;False;False;False;1;11.6199349802737;0;11.6199349802737;11.6199349802737
106;5.50;2.50;True;False;False;False;158;15.50;5.50;True;False;False;False;1;12.8976839863653;0;12.8976839863653;12.8976839863653
106;5.50;2.50;True;False;False;False;181;10.50;7.50;True;False;False;False;2;10.8622222222218;0.00918765432080656;10.7944444444447;10.9299999999989
107;6.50;2.50;True;False;False;False;6;23.50;3.50;False;True;False;False;2;31.89133480027;0.734426461904009;31.2853535869044;32.4973160136356
107;6.50;2.50;True;False;False;False;22;0.50;6.50;False;False;True;False;2;124.109256861617;1688.6979973033;95.0515728752484;153.166940847985
107;6.50;2.50;True;False;False;False;30;0.50;12.50;False;False;True;False;2;117.501111111114;5162.82244283708;66.6935209161584;168.308701306069
107;6.50;2.50;True;False;False;False;142;13.50;4.50;True;False;False;False;1;10.5868542494927;0;10.5868542494927;10.5868542494927
107;6.50;2.50;True;False;False;False;179;8.50;7.50;True;False;False;False;1;9.15444444444574;0;9.15444444444574;9.15444444444574
107;6.50;2.50;True;False;False;False;181;10.50;7.50;True;False;False;False;2;11.156028109091;1.18263553801397;10.3870562181828;11.9249999999993
107;6.50;2.50;True;False;False;False;238;11.50;11.50;True;False;False;False;1;13.9527705848559;0;13.9527705848559;13.9527705848559
107;6.50;2.50;True;False;False;False;275;6.50;14.50;True;False;False;False;1;11.386103918192;0;11.386103918192;11.386103918192
109;8.50;2.50;True;False;False;False;6;23.50;3.50;False;True;False;False;1;21.6382395419232;0;21.6382395419232;21.6382395419232
109;8.50;2.50;True;False;False;False;22;0.50;6.50;False;False;True;False;1;141.848795097477;0;141.848795097477;141.848795097477
109;8.50;2.50;True;False;False;False;30;0.50;12.50;False;False;True;False;1;98.4922222222226;0;98.4922222222226;98.4922222222226
109;8.50;2.50;True;False;False;False;150;7.50;5.50;True;False;False;False;1;7.49025979544876;0;7.49025979544876;7.49025979544876
109;8.50;2.50;True;False;False;False;158;15.50;5.50;True;False;False;False;1;19.2187950974776;0;19.2187950974776;19.2187950974776
109;8.50;2.50;True;False;False;False;192;7.50;8.50;True;False;False;False;1;8.96111111111077;0;8.96111111111077;8.96111111111077
111;10.50;2.50;True;False;False;False;6;23.50;3.50;False;True;False;False;2;32.8704581676791;10.7072622202962;30.5566666666687;35.1842496686895
111;10.50;2.50;True;False;False;False;22;0.50;6.50;False;False;True;False;3;76.2990404126295;1774.38826027943;44.6466666666674;124.10934346011
111;10.50;2.50;True;False;False;False;30;0.50;12.50;False;False;True;False;1;26.4439826803;0;26.4439826803;26.4439826803
111;10.50;2.50;True;False;False;False;106;5.50;2.50;True;False;False;False;1;5.03879509747549;0;5.03879509747549;5.03879509747549
111;10.50;2.50;True;False;False;False;112;11.50;2.50;True;False;False;False;1;2.58731601363525;0;2.58731601363525;2.58731601363525
111;10.50;2.50;True;False;False;False;158;15.50;5.50;True;False;False;False;1;9.28212843080934;0;9.28212843080934;9.28212843080934
111;10.50;2.50;True;False;False;False;181;10.50;7.50;True;False;False;False;1;5.36611111111233;0;5.36611111111233;5.36611111111233
111;10.50;2.50;True;False;False;False;192;7.50;8.50;True;False;False;False;2;11.403102451262;0.285224977136619;11.0254617641422;11.7807431383818
112;11.50;2.50;True;False;False;False;6;23.50;3.50;False;True;False;False;1;31.3613058868686;0;31.3613058868686;31.3613058868686
112;11.50;2.50;True;False;False;False;22;0.50;6.50;False;False;True;False;2;96.877918464897;5660.19519275992;43.6792568616202;150.076580068174
112;11.50;2.50;True;False;False;False;135;6.50;4.50;True;False;False;False;1;9.28917026312411;0;9.28917026312411;9.28917026312411
112;11.50;2.50;True;False;False;False;181;10.50;7.50;True;False;False;False;1;7.79832614040879;0;7.79832614040879;7.79832614040879
112;11.50;2.50;True;False;False;False;220;7.50;10.50;True;False;False;False;1;12.3100937914141;0;12.3100937914141;12.3100937914141
113;12.50;2.50;True;False;False;False;6;23.50;3.50;False;True;False;False;2;22.5690331724677;0.301829717681904;22.1805555555566;22.9575107893788
113;12.50;2.50;True;False;False;False;22;0.50;6.50;False;False;True;False;3;79.3180639473021;1162.17067893118;53.8311905166897;118.041976812597
113;12.50;2.50;True;False;False;False;94;7.50;1.50;True;False;False;False;1;7.84000000000015;0;7.84000000000015;7.84000000000015
113;12.50;2.50;True;False;False;False;104;17.50;1.50;True;False;False;False;1;8.27980522425787;0;8.27980522425787;8.27980522425787
113;12.50;2.50;True;False;False;False;151;8.50;5.50;True;False;False;False;1;8.34944444444523;0;8.34944444444523;8.34944444444523
113;12.50;2.50;True;False;False;False;158;15.50;5.50;True;False;False;False;1;8.67378790455314;0;8.67378790455314;8.67378790455314
113;12.50;2.50;True;False;False;False;181;10.50;7.50;True;False;False;False;1;8.0923160136349;0;8.0923160136349;8.0923160136349
114;13.50;2.50;True;False;False;False;6;23.50;3.50;False;True;False;False;1;24.0284271247469;0;24.0284271247469;24.0284271247469
114;13.50;2.50;True;False;False;False;22;0.50;6.50;False;False;True;False;4;96.3924278582172;1706.06382524013;56.2738888888889;153.544733011605
114;13.50;2.50;True;False;False;False;151;8.50;5.50;True;False;False;False;1;10.2083261404117;0;10.2083261404117;10.2083261404117
114;13.50;2.50;True;False;False;False;158;15.50;5.50;True;False;False;False;3;8.04200577323273;0.391676728189634;7.37555555555537;8.61722222222221
114;13.50;2.50;True;False;False;False;225;12.50;10.50;True;False;False;False;1;10.1667244934663;0;10.1667244934663;10.1667244934663
118;17.50;2.50;True;False;False;False;6;23.50;3.50;False;True;False;False;1;32.4389826803017;0;32.4389826803017;32.4389826803017
118;17.50;2.50;True;False;False;False;22;0.50;6.50;False;False;True;False;3;124.009971133837;3669.5542849357;62.1427777777783;183.208246734839
118;17.50;2.50;True;False;False;False;112;11.50;2.50;True;False;False;False;1;5.69222222222515;0;5.69222222222515;5.69222222222515
118;17.50;2.50;True;False;False;False;135;6.50;4.50;True;False;False;False;1;14.6284993373738;0;14.6284993373738;14.6284993373738
118;17.50;2.50;True;False;False;False;155;12.50;5.50;True;False;False;False;1;9.71852091615938;0;9.71852091615938;9.71852091615938
118;17.50;2.50;True;False;False;False;158;15.50;5.50;True;False;False;False;1;7.125;0;7.125;7.125
134;5.50;4.50;True;False;False;False;6;23.50;3.50;False;True;False;False;2;37.9194913401516;123.106955646455;30.0738888888909;45.7650937914123
134;5.50;4.50;True;False;False;False;22;0.50;6.50;False;False;True;False;2;142.442038235855;3975.11626652655;97.8599999999992;187.02407647171
134;5.50;4.50;True;False;False;False;30;0.50;12.50;False;False;True;False;1;99.3706493469692;0;99.3706493469692;99.3706493469692
134;5.50;4.50;True;False;False;False;109;8.50;2.50;True;False;False;False;1;6.95166666666705;0;6.95166666666705;6.95166666666705
134;5.50;4.50;True;False;False;False;140;11.50;4.50;True;False;False;False;1;6.2237950974777;0;6.2237950974777;6.2237950974777
134;5.50;4.50;True;False;False;False;158;15.50;5.50;True;False;False;False;1;13.1082395419216;0;13.1082395419216;13.1082395419216
134;5.50;4.50;True;False;False;False;192;7.50;8.50;True;False;False;False;1;7.63268398636546;0;7.63268398636546;7.63268398636546
134;5.50;4.50;True;False;False;False;225;12.50;10.50;True;False;False;False;1;13.0556493469685;0;13.0556493469685;13.0556493469685
135;6.50;4.50;True;False;False;False;6;23.50;3.50;False;True;False;False;1;26.7653895515159;0;26.7653895515159;26.7653895515159
135;6.50;4.50;True;False;False;False;22;0.50;6.50;False;False;True;False;2;103.715562748477;2145.51347982542;70.9625973878765;136.468528109078
135;6.50;4.50;True;False;False;False;95;8.50;1.50;True;False;False;False;1;6.9522222222231;0;6.9522222222231;6.9522222222231
135;6.50;4.50;True;False;False;False;181;10.50;7.50;True;False;False;False;2;9.04231241717343;0.502405498397992;8.54111111111069;9.54351372323617
139;10.50;4.50;True;False;False;False;6;23.50;3.50;False;True;False;False;3;26.7700288661597;63.1865969242123;22.0715656823195;35.9478715691906
139;10.50;4.50;True;False;False;False;22;0.50;6.50;False;False;True;False;1;225.353152943433;0;225.353152943433;225.353152943433
139;10.50;4.50;True;False;False;False;30;0.50;12.50;False;False;True;False;2;101.490324673483;653.267284037982;83.4173160136338;119.563333333333
139;10.50;4.50;True;False;False;False;102;15.50;1.50;True;False;False;False;1;10.33620490253;0;10.33620490253;10.33620490253
139;10.50;4.50;True;False;False;False;181;10.50;7.50;True;False;False;False;3;3.72651034764111;0.00532890243111596;3.65656568231952;3.80222222222255
139;10.50;4.50;True;False;False;False;192;7.50;8.50;True;False;False;False;1;9.37157287525406;0;9.37157287525406;9.37157287525406
139;10.50;4.50;True;False;False;False;234;7.50;11.50;True;False;False;False;1;11.4197114328281;0;11.4197114328281;11.4197114328281
140;11.50;4.50;True;False;False;False;105;18.50;1.50;True;False;False;False;1;11.1295598146248;0;11.1295598146248;11.1295598146248
140;11.50;4.50;True;False;False;False;106;5.50;2.50;True;False;False;False;1;9.19000000000051;0;9.19000000000051;9.19000000000051
140;11.50;4.50;True;False;False;False;118;17.50;2.50;True;False;False;False;1;9.959256861619;0;9.959256861619;9.959256861619
140;11.50;4.50;True;False;False;False;141;12.50;4.50;True;False;False;False;1;2.51388888889051;0;2.51388888889051;2.51388888889051
140;11.50;4.50;True;False;False;False;146;17.50;4.50;True;False;False;False;2;5.93361111111062;0.00809274691371498;5.86999999999898;5.99722222222226
140;11.50;4.50;True;False;False;False;148;5.50;5.50;True;False;False;False;1;8.66777777777497;0;8.66777777777497;8.66777777777497
140;11.50;4.50;True;False;False;False;154;11.50;5.50;True;False;False;False;1;3.04444444444471;0;3.04444444444471;3.04444444444471
140;11.50;4.50;True;False;False;False;156;13.50;5.50;True;False;False;False;1;5.49787156919047;0;5.49787156919047;5.49787156919047
140;11.50;4.50;True;False;False;False;176;5.50;7.50;True;False;False;False;1;9.92463202727049;0;9.92463202727049;9.92463202727049
140;11.50;4.50;True;False;False;False;178;7.50;7.50;True;False;False;False;1;9.50888888888858;0;9.50888888888858;9.50888888888858
140;11.50;4.50;True;False;False;False;184;13.50;7.50;True;False;False;False;1;7;0;7;7
140;11.50;4.50;True;False;False;False;197;12.50;8.50;True;False;False;False;2;7.36189754873794;0.0662416957795421;7.17990620858745;7.54388888888843
140;11.50;4.50;True;False;False;False;201;16.50;8.50;True;False;False;False;1;10.3894444444447;0;10.3894444444447;10.3894444444447
140;11.50;4.50;True;False;False;False;263;8.50;13.50;True;False;False;False;1;12.7138888888894;0;12.7138888888894;12.7138888888894
140;11.50;4.50;True;False;False;False;265;10.50;13.50;True;False;False;False;1;15.6317604580836;0;15.6317604580836;15.6317604580836
140;11.50;4.50;True;False;False;False;274;5.50;14.50;True;False;False;False;2;14.4968614424138;0.02943023637301;14.3755555555554;14.6181673292722
140;11.50;4.50;True;False;False;False;277;8.50;14.50;True;False;False;False;1;13.5038888888898;0;13.5038888888898;13.5038888888898
141;12.50;4.50;True;False;False;False;6;23.50;3.50;False;True;False;False;2;27.6556493469693;0.521525511115763;27.1450000000023;28.1662986939364
141;12.50;4.50;True;False;False;False;22;0.50;6.50;False;False;True;False;2;68.4834740204537;701.032674014117;49.7613924853504;87.2055555555571
141;12.50;4.50;True;False;False;False;134;5.50;4.50;True;False;False;False;1;6.65777777777748;0;6.65777777777748;6.65777777777748
141;12.50;4.50;True;False;False;False;151;8.50;5.50;True;False;False;False;1;7.33111111111066;0;7.33111111111066;7.33111111111066
141;12.50;4.50;True;False;False;False;158;15.50;5.50;True;False;False;False;1;6.02632027267282;0;6.02632027267282;6.02632027267282
141;12.50;4.50;True;False;False;False;225;12.50;10.50;True;False;False;False;1;13.5717604580805;0;13.5717604580805;13.5717604580805
142;13.50;4.50;True;False;False;False;6;23.50;3.50;False;True;False;False;2;46.170461764146;87.9899705067381;39.537590194956;52.803333333336
142;13.50;4.50;True;False;False;False;22;0.50;6.50;False;False;True;False;2;59.9852777777783;972.723526080154;37.9316666666682;82.0388888888883
142;13.50;4.50;True;False;False;False;30;0.50;12.50;False;False;True;False;2;74.6173882262967;4064.91370432134;29.534610448517;119.700166004076
142;13.50;4.50;True;False;False;False;103;16.50;1.50;True;False;False;False;1;11.2916666666661;0;11.2916666666661;11.2916666666661
142;13.50;4.50;True;False;False;False;158;15.50;5.50;True;False;False;False;1;6.28788595501874;0;6.28788595501874;6.28788595501874
142;13.50;4.50;True;False;False;False;181;10.50;7.50;True;False;False;False;2;8.42911977095991;0.515207702675391;7.92157287525697;8.93666666666286
142;13.50;4.50;True;False;False;False;184;13.50;7.50;True;False;False;False;1;4.2393506530334;0;4.2393506530334;4.2393506530334
142;13.50;4.50;True;False;False;False;225;12.50;10.50;True;False;False;False;1;9.00888888888858;0;9.00888888888858;9.00888888888858
144;15.50;4.50;True;False;False;False;14;23.50;9.50;False;True;False;False;1;20.7200000000021;0;20.7200000000021;20.7200000000021
144;15.50;4.50;True;False;False;False;22;0.50;6.50;False;False;True;False;3;90.3112265757573;458.839946069101;73.6782251560589;114.481666666667
144;15.50;4.50;True;False;False;False;30;0.50;12.50;False;False;True;False;1;187.141197709586;0;187.141197709586;187.141197709586
144;15.50;4.50;True;False;False;False;147;18.50;4.50;True;False;False;False;1;3.90398268030276;0;3.90398268030276;3.90398268030276
144;15.50;4.50;True;False;False;False;158;15.50;5.50;True;False;False;False;1;2.38657287525439;0;2.38657287525439;2.38657287525439
144;15.50;4.50;True;False;False;False;181;10.50;7.50;True;False;False;False;2;11.3025468957059;5.10076268103035;9.70555555555552;12.8995382358562
146;17.50;4.50;True;False;False;False;6;23.50;3.50;False;True;False;False;2;28.5789357845936;0.0544190532326044;28.4139826802993;28.7438888888878
146;17.50;4.50;True;False;False;False;22;0.50;6.50;False;False;True;False;1;59.0733333333374;0;59.0733333333374;59.0733333333374
146;17.50;4.50;True;False;False;False;30;0.50;12.50;False;False;True;False;2;93.383091661893;0.271695068287996;93.0145166571192;93.7516666666668
146;17.50;4.50;True;False;False;False;147;18.50;4.50;True;False;False;False;1;3.12536797273151;0;3.12536797273151;3.12536797273151
146;17.50;4.50;True;False;False;False;151;8.50;5.50;True;False;False;False;1;12.8594444444445;0;12.8594444444445;12.8594444444445
146;17.50;4.50;True;False;False;False;192;7.50;8.50;True;False;False;False;1;13.6443506530322;0;13.6443506530322;13.6443506530322
146;17.50;4.50;True;False;False;False;197;12.50;8.50;True;False;False;False;1;9.48888888888268;0;9.48888888888268;9.48888888888268
146;17.50;4.50;True;False;False;False;232;5.50;11.50;True;False;False;False;1;17.2413852924301;0;17.2413852924301;17.2413852924301
147;18.50;4.50;True;False;False;False;6;23.50;3.50;False;True;False;False;2;14.913055555556;1.49708666052279;14.0478715691916;15.7782395419204
147;18.50;4.50;True;False;False;False;22;0.50;6.50;False;False;True;False;1;170.423520916159;0;170.423520916159;170.423520916159
147;18.50;4.50;True;False;False;False;30;0.50;12.50;False;False;True;False;2;113.828196242676;59.8388004939919;108.358333333334;119.298059152018
147;18.50;4.50;True;False;False;False;107;6.50;2.50;True;False;False;False;1;13.503708498984;0;13.503708498984;13.503708498984
147;18.50;4.50;True;False;False;False;148;5.50;5.50;True;False;False;False;1;13.0128715691862;0;13.0128715691862;13.0128715691862
147;18.50;4.50;True;False;False;False;151;8.50;5.50;True;False;False;False;1;13.736017319698;0;13.736017319698;13.736017319698
147;18.50;4.50;True;False;False;False;203;18.50;8.50;True;False;False;False;1;5;0;5;5
147;18.50;4.50;True;False;False;False;225;12.50;10.50;True;False;False;False;1;12.4383333333333;0;12.4383333333333;12.4383333333333
148;5.50;5.50;True;False;False;False;6;23.50;3.50;False;True;False;False;2;41.1422727143868;680.95196883411;22.6902813742345;59.5942640545391
148;5.50;5.50;True;False;False;False;22;0.50;6.50;False;False;True;False;3;87.6939321408963;1208.8208332817;49.3647617832839;117.201479083847
148;5.50;5.50;True;False;False;False;30;0.50;12.50;False;False;True;False;1;167.461688245434;0;167.461688245434;167.461688245434
148;5.50;5.50;True;False;False;False;111;10.50;2.50;True;False;False;False;1;9.79500000000053;0;9.79500000000053;9.79500000000053
148;5.50;5.50;True;False;False;False;139;10.50;4.50;True;False;False;False;1;8.39834771918595;0;8.39834771918595;8.39834771918595
148;5.50;5.50;True;False;False;False;158;15.50;5.50;True;False;False;False;1;14.6566666666686;0;14.6566666666686;14.6566666666686
148;5.50;5.50;True;False;False;False;181;10.50;7.50;True;False;False;False;1;8.7423160136359;0;8.7423160136359;8.7423160136359
148;5.50;5.50;True;False;False;False;225;12.50;10.50;True;False;False;False;1;14.5925035964606;0;14.5925035964606;14.5925035964606
150;7.50;5.50;True;False;False;False;6;23.50;3.50;False;True;False;False;1;25.3635065302988;0;25.3635065302988;25.3635065302988
150;7.50;5.50;True;False;False;False;22;0.50;6.50;False;False;True;False;2;73.8819444444429;1534.51884354143;46.1824964035394;101.581392485346
150;7.50;5.50;True;False;False;False;111;10.50;2.50;True;False;False;False;1;8.60444444444602;0;8.60444444444602;8.60444444444602
150;7.50;5.50;True;False;False;False;151;8.50;5.50;True;False;False;False;1;2.1646320272705;0;2.1646320272705;2.1646320272705
150;7.50;5.50;True;False;False;False;158;15.50;5.50;True;False;False;False;1;12.6244444444442;0;12.6244444444442;12.6244444444442
151;8.50;5.50;True;False;False;False;107;6.50;2.50;True;False;False;False;2;7.36500000000001;0.370756172839289;6.93444444444458;7.79555555555544
151;8.50;5.50;True;False;False;False;114;13.50;2.50;True;False;False;False;2;9.88902957600827;0.169008611010655;9.59833333333333;10.1797258186832
151;8.50;5.50;True;False;False;False;118;17.50;2.50;True;False;False;False;1;12.8643506530316;0;12.8643506530316;12.8643506530316
151;8.50;5.50;True;False;False;False;134;5.50;4.50;True;False;False;False;2;6.69833333333406;0.485659876544717;6.20555555555552;7.1911111111126
151;8.50;5.50;True;False;False;False;135;6.50;4.50;True;False;False;False;1;5.71111111111077;0;5.71111111111077;5.71111111111077
151;8.50;5.50;True;False;False;False;139;10.50;4.50;True;False;False;False;1;5.66944444444471;0;5.66944444444471;5.66944444444471
151;8.50;5.50;True;False;False;False;144;15.50;4.50;True;False;False;False;2;11.6584740204536;0.179831215043251;11.3586147075723;11.9583333333348
151;8.50;5.50;True;False;False;False;147;18.50;4.50;True;False;False;False;1;14.0111111111114;0;14.0111111111114;14.0111111111114
151;8.50;5.50;True;False;False;False;148;5.50;5.50;True;False;False;False;2;3.62669543834937;0.0141960133528511;3.5424457696472;3.71094510705154
151;8.50;5.50;True;False;False;False;176;5.50;7.50;True;False;False;False;2;7.96652238308184;1.2574507907909;7.17360032171928;8.7594444444444
151;8.50;5.50;True;False;False;False;177;6.50;7.50;True;False;False;False;2;6.78759019495195;0.0416200842483095;6.64333333333298;6.93184705657092
151;8.50;5.50;True;False;False;False;178;7.50;7.50;True;False;False;False;2;6.04055915201707;0.474777996782392;5.55333333333419;6.52778497069994
151;8.50;5.50;True;False;False;False;179;8.50;7.50;True;False;False;False;1;2.94231601363572;0;2.94231601363572;2.94231601363572
151;8.50;5.50;True;False;False;False;183;12.50;7.50;True;False;False;False;1;8.74944444444441;0;8.74944444444441;8.74944444444441
151;8.50;5.50;True;False;False;False;188;17.50;7.50;True;False;False;False;1;11.805093791414;0;11.805093791414;11.805093791414
151;8.50;5.50;True;False;False;False;196;11.50;8.50;True;False;False;False;1;8.42120490252273;0;8.42120490252273;8.42120490252273
151;8.50;5.50;True;False;False;False;197;12.50;8.50;True;False;False;False;3;9.27827080572464;0.057952071236437;9.02490620858703;9.50398268030187
151;8.50;5.50;True;False;False;False;226;13.50;10.50;True;False;False;False;1;12.8255555555554;0;12.8255555555554;12.8255555555554
151;8.50;5.50;True;False;False;False;231;18.50;10.50;True;False;False;False;2;15.3708766325786;1.66481215668597;14.4585137232366;16.2832395419206
151;8.50;5.50;True;False;False;False;233;6.50;11.50;True;False;False;False;1;9.49231601363522;0;9.49231601363522;9.49231601363522
151;8.50;5.50;True;False;False;False;238;11.50;11.50;True;False;False;False;1;9.41999999999996;0;9.41999999999996;9.41999999999996
151;8.50;5.50;True;False;False;False;240;13.50;11.50;True;False;False;False;5;12.1526147075718;0.0875218345876623;11.7972222222224;12.4898339959382
151;8.50;5.50;True;False;False;False;265;10.50;13.50;True;False;False;False;1;10.393333333333;0;10.393333333333;10.393333333333
151;8.50;5.50;True;False;False;False;270;15.50;13.50;True;False;False;False;1;13.922034639396;0;13.922034639396;13.922034639396
151;8.50;5.50;True;False;False;False;275;6.50;14.50;True;False;False;False;1;13.4023160136348;0;13.4023160136348;13.4023160136348
151;8.50;5.50;True;False;False;False;284;15.50;14.50;True;False;False;False;1;17.4822222222226;0;17.4822222222226;17.4822222222226
153;10.50;5.50;True;False;False;False;6;23.50;3.50;False;True;False;False;1;17.650721559613;0;17.650721559613;17.650721559613
153;10.50;5.50;True;False;False;False;30;0.50;12.50;False;False;True;False;1;2.825353586868;0;2.825353586868;2.825353586868
153;10.50;5.50;True;False;False;False;225;12.50;10.50;True;False;False;False;1;8.56898268030136;0;8.56898268030136;8.56898268030136
154;11.50;5.50;True;False;False;False;22;0.50;6.50;False;False;True;False;1;137.585562748478;0;137.585562748478;137.585562748478
154;11.50;5.50;True;False;False;False;30;0.50;12.50;False;False;True;False;1;120.26280654946;0;120.26280654946;120.26280654946
154;11.50;5.50;True;False;False;False;151;8.50;5.50;True;False;False;False;1;4.59555555555539;0;4.59555555555539;4.59555555555539
154;11.50;5.50;True;False;False;False;192;7.50;8.50;True;False;False;False;1;11.0743434601072;0;11.0743434601072;11.0743434601072
155;12.50;5.50;True;False;False;False;14;23.50;9.50;False;True;False;False;1;22.7911111111116;0;22.7911111111116;22.7911111111116
155;12.50;5.50;True;False;False;False;30;0.50;12.50;False;False;True;False;1;86.4400937914129;0;86.4400937914129;86.4400937914129
155;12.50;5.50;True;False;False;False;181;10.50;7.50;True;False;False;False;1;7.3595382358576;0;7.3595382358576;7.3595382358576
155;12.50;5.50;True;False;False;False;224;11.50;10.50;True;False;False;False;1;8.81888888889034;0;8.81888888889034;8.81888888889034
156;13.50;5.50;True;False;False;False;22;0.50;6.50;False;False;True;False;2;124.767478421238;4791.84828227072;75.8193003025854;173.715656539891
156;13.50;5.50;True;False;False;False;30;0.50;12.50;False;False;True;False;1;148.88444444445;0;148.88444444445;148.88444444445
156;13.50;5.50;True;False;False;False;140;11.50;4.50;True;False;False;False;1;6.08139248534462;0;6.08139248534462;6.08139248534462
156;13.50;5.50;True;False;False;False;142;13.50;4.50;True;False;False;False;1;2.28879509747549;0;2.28879509747549;2.28879509747549
158;15.50;5.50;True;False;False;False;94;7.50;1.50;True;False;False;False;1;12.5505555555555;0;12.5505555555555;12.5505555555555
158;15.50;5.50;True;False;False;False;95;8.50;1.50;True;False;False;False;1;12.2837228848275;0;12.2837228848275;12.2837228848275
158;15.50;5.50;True;False;False;False;102;15.50;1.50;True;False;False;False;1;4.04962483434974;0;4.04962483434974;4.04962483434974
158;15.50;5.50;True;False;False;False;103;16.50;1.50;True;False;False;False;1;7.32055555555644;0;7.32055555555644;7.32055555555644
158;15.50;5.50;True;False;False;False;106;5.50;2.50;True;False;False;False;2;12.9663058868459;1.18149290915765;12.1977055651059;13.7349062085859
158;15.50;5.50;True;False;False;False;107;6.50;2.50;True;False;False;False;1;12.5839970661309;0;12.5839970661309;12.5839970661309
158;15.50;5.50;True;False;False;False;109;8.50;2.50;True;False;False;False;1;10.5088888888886;0;10.5088888888886;10.5088888888886
158;15.50;5.50;True;False;False;False;111;10.50;2.50;True;False;False;False;3;9.44219095841889;0.195923857158046;8.94647908384377;9.79787156919059
158;15.50;5.50;True;False;False;False;113;12.50;2.50;True;False;False;False;2;8.36384199318172;0.34084842207436;7.95101731969771;8.77666666666573
158;15.50;5.50;True;False;False;False;114;13.50;2.50;True;False;False;False;1;8.01092352828618;0;8.01092352828618;8.01092352828618
158;15.50;5.50;True;False;False;False;141;12.50;4.50;True;False;False;False;1;6.31277777777859;0;6.31277777777859;6.31277777777859
158;15.50;5.50;True;False;False;False;142;13.50;4.50;True;False;False;False;1;5.70611111111066;0;5.70611111111066;5.70611111111066
158;15.50;5.50;True;False;False;False;148;5.50;5.50;True;False;False;False;1;12.3383333333327;0;12.3383333333327;12.3383333333327
158;15.50;5.50;True;False;False;False;176;5.50;7.50;True;False;False;False;1;14.4822222222238;0;14.4822222222238;14.4822222222238
158;15.50;5.50;True;False;False;False;179;8.50;7.50;True;False;False;False;1;12.1155555555551;0;12.1155555555551;12.1155555555551
158;15.50;5.50;True;False;False;False;183;12.50;7.50;True;False;False;False;1;8.15722941514423;0;8.15722941514423;8.15722941514423
158;15.50;5.50;True;False;False;False;196;11.50;8.50;True;False;False;False;1;8.59944444444454;0;8.59944444444454;8.59944444444454
158;15.50;5.50;True;False;False;False;197;12.50;8.50;True;False;False;False;1;7.58090194954821;0;7.58090194954821;7.58090194954821
158;15.50;5.50;True;False;False;False;200;15.50;8.50;True;False;False;False;1;4.06777777777734;0;4.06777777777734;4.06777777777734
158;15.50;5.50;True;False;False;False;218;5.50;10.50;True;False;False;False;2;16.1498160136341;0.0113617468844964;16.0744444444435;16.2251875828247
158;15.50;5.50;True;False;False;False;224;11.50;10.50;True;False;False;False;1;10.5105699413925;0;10.5105699413925;10.5105699413925
158;15.50;5.50;True;False;False;False;231;18.50;10.50;True;False;False;False;1;9.35722222222239;0;9.35722222222239;9.35722222222239
158;15.50;5.50;True;False;False;False;260;5.50;13.50;True;False;False;False;2;16.824393952277;0.340544673332071;16.411753265158;17.237034639396
158;15.50;5.50;True;False;False;False;282;13.50;14.50;True;False;False;False;1;11.3183333333327;0;11.3183333333327;11.3183333333327
158;15.50;5.50;True;False;False;False;285;16.50;14.50;True;False;False;False;1;12.3728715691896;0;12.3728715691896;12.3728715691896
160;17.50;5.50;True;False;False;False;6;23.50;3.50;False;True;False;False;1;12.2499134015087;0;12.2499134015087;12.2499134015087
160;17.50;5.50;True;False;False;False;140;11.50;4.50;True;False;False;False;1;8.43732320655674;0;8.43732320655674;8.43732320655674
176;5.50;7.50;True;False;False;False;14;23.50;9.50;False;True;False;False;2;30.8599531042928;4.18274596136365;29.4137950974755;32.3061111111101
176;5.50;7.50;True;False;False;False;22;0.50;6.50;False;False;True;False;2;97.1063852924296;47.5800826670176;92.2288816959667;101.983888888893
176;5.50;7.50;True;False;False;False;30;0.50;12.50;False;False;True;False;4;86.9208080872494;4863.54356836038;15.668795097476;182.877503596465
176;5.50;7.50;True;False;False;False;140;11.50;4.50;True;False;False;False;1;14.0363924853509;0;14.0363924853509;14.0363924853509
176;5.50;7.50;True;False;False;False;144;15.50;4.50;True;False;False;False;1;13.2632395419196;0;13.2632395419196;13.2632395419196
176;5.50;7.50;True;False;False;False;181;10.50;7.50;True;False;False;False;1;5.48342712474368;0;5.48342712474368;5.48342712474368
176;5.50;7.50;True;False;False;False;184;13.50;7.50;True;False;False;False;1;6.51833333333661;0;6.51833333333661;6.51833333333661
176;5.50;7.50;True;False;False;False;197;12.50;8.50;True;False;False;False;1;12.7166666666672;0;12.7166666666672;12.7166666666672
176;5.50;7.50;True;False;False;False;225;12.50;10.50;True;False;False;False;2;11.4678282699448;0.130101507109737;11.2127777777773;11.7228787621123
176;5.50;7.50;True;False;False;False;260;5.50;13.50;True;False;False;False;1;5.46082973687294;0;5.46082973687294;5.46082973687294
177;6.50;7.50;True;False;False;False;14;23.50;9.50;False;True;False;False;2;26.5657864376269;1.24366704363143;25.7772222222229;27.3543506530309
177;6.50;7.50;True;False;False;False;22;0.50;6.50;False;False;True;False;1;66.8339826803018;0;66.8339826803018;66.8339826803018
177;6.50;7.50;True;False;False;False;30;0.50;12.50;False;False;True;False;2;112.08370490252;1182.92514986382;87.763701306058;136.403708498981
177;6.50;7.50;True;False;False;False;103;16.50;1.50;True;False;False;False;1;15.2066666666667;0;15.2066666666667;15.2066666666667
177;6.50;7.50;True;False;False;False;179;8.50;7.50;True;False;False;False;1;4.10388888889338;0;4.10388888889338;4.10388888889338
177;6.50;7.50;True;False;False;False;181;10.50;7.50;True;False;False;False;2;10.5228246734841;60.0252998678702;5.04444444444425;16.001204902524
177;6.50;7.50;True;False;False;False;281;12.50;14.50;True;False;False;False;1;12.806738879332;0;12.806738879332;12.806738879332
178;7.50;7.50;True;False;False;False;14;23.50;9.50;False;True;False;False;1;56.0184271247454;0;56.0184271247454;56.0184271247454
178;7.50;7.50;True;False;False;False;22;0.50;6.50;False;False;True;False;1;146.092222222223;0;146.092222222223;146.092222222223
178;7.50;7.50;True;False;False;False;30;0.50;12.50;False;False;True;False;2;83.0280122563116;2269.85087196111;49.3393578459532;116.71666666667
178;7.50;7.50;True;False;False;False;176;5.50;7.50;True;False;False;False;1;3.42777777777746;0;3.42777777777746;3.42777777777746
178;7.50;7.50;True;False;False;False;181;10.50;7.50;True;False;False;False;1;3.64248201767714;0;3.64248201767714;3.64248201767714
178;7.50;7.50;True;False;False;False;203;18.50;8.50;True;False;False;False;1;11.6234487035138;0;11.6234487035138;11.6234487035138
178;7.50;7.50;True;False;False;False;235;8.50;11.50;True;False;False;False;1;7.47943725152277;0;7.47943725152277;7.47943725152277
179;8.50;7.50;True;False;False;False;14;23.50;9.50;False;True;False;False;1;30.8549999999968;0;30.8549999999968;30.8549999999968
179;8.50;7.50;True;False;False;False;22;0.50;6.50;False;False;True;False;3;137.785740740741;3962.45361532854;66.2260173196981;184.604538235857
179;8.50;7.50;True;False;False;False;30;0.50;12.50;False;False;True;False;1;204.146479083846;0;204.146479083846;204.146479083846
179;8.50;7.50;True;False;False;False;151;8.50;5.50;True;False;False;False;2;3.81740980505049;0.0102185188527615;3.74593072121206;3.88888888888891
179;8.50;7.50;True;False;False;False;158;15.50;5.50;True;False;False;False;1;12.5967604580833;0;12.5967604580833;12.5967604580833
179;8.50;7.50;True;False;False;False;203;18.50;8.50;True;False;False;False;1;19.5324098050469;0;19.5324098050469;19.5324098050469
179;8.50;7.50;True;False;False;False;244;17.50;11.50;True;False;False;False;1;12.5199062085885;0;12.5199062085885;12.5199062085885
181;10.50;7.50;True;False;False;False;94;7.50;1.50;True;False;False;False;2;11.1063888888888;0.173068055555508;10.8122222222222;11.4005555555555
181;10.50;7.50;True;False;False;False;95;8.50;1.50;True;False;False;False;1;11.1915728752547;0;11.1915728752547;11.1915728752547
181;10.50;7.50;True;False;False;False;100;13.50;1.50;True;False;False;False;1;11.297056218164;0;11.297056218164;11.297056218164
181;10.50;7.50;True;False;False;False;103;16.50;1.50;True;False;False;False;2;12.2830663449317;0.0147310181026465;12.1972438009743;12.3688888888892
181;10.50;7.50;True;False;False;False;106;5.50;2.50;True;False;False;False;2;11.1611111111114;0.0410888888890097;11.0177777777778;11.3044444444449
181;10.50;7.50;True;False;False;False;107;6.50;2.50;True;False;False;False;1;16.8700937914123;0;16.8700937914123;16.8700937914123
181;10.50;7.50;True;False;False;False;139;10.50;4.50;True;False;False;False;2;3.93411977096025;0.110755403901132;3.6987950974758;4.16944444444471
181;10.50;7.50;True;False;False;False;141;12.50;4.50;True;False;False;False;1;7.43499999999949;0;7.43499999999949;7.43499999999949
181;10.50;7.50;True;False;False;False;142;13.50;4.50;True;False;False;False;2;7.91051225631145;0.0351871037599885;7.77787156919021;8.04315294343269
181;10.50;7.50;True;False;False;False;144;15.50;4.50;True;False;False;False;2;9.64884558964741;0.0142154598065646;9.56453823585616;9.73315294343865
181;10.50;7.50;True;False;False;False;146;17.50;4.50;True;False;False;False;1;10.8735137232279;0;10.8735137232279;10.8735137232279
181;10.50;7.50;True;False;False;False;148;5.50;5.50;True;False;False;False;1;8.79592352827603;0;8.79592352827603;8.79592352827603
181;10.50;7.50;True;False;False;False;177;6.50;7.50;True;False;False;False;1;6.60795816768405;0;6.60795816768405;6.60795816768405
181;10.50;7.50;True;False;False;False;178;7.50;7.50;True;False;False;False;1;4.17842712474621;0;4.17842712474621;4.17842712474621
181;10.50;7.50;True;False;False;False;183;12.50;7.50;True;False;False;False;1;2.55139248535761;0;2.55139248535761;2.55139248535761
181;10.50;7.50;True;False;False;False;190;5.50;8.50;True;False;False;False;1;8.60305195908131;0;8.60305195908131;8.60305195908131
181;10.50;7.50;True;False;False;False;197;12.50;8.50;True;False;False;False;1;6.07787156919039;0;6.07787156919039;6.07787156919039
181;10.50;7.50;True;False;False;False;220;7.50;10.50;True;False;False;False;3;9.24024771279301;4.56553667191035;7.62879509747609;11.6639826803021
181;10.50;7.50;True;False;False;False;221;8.50;10.50;True;False;False;False;1;7.18157287525446;0;7.18157287525446;7.18157287525446
181;10.50;7.50;True;False;False;False;224;11.50;10.50;True;False;False;False;1;6.71055555554813;0;6.71055555554813;6.71055555554813
181;10.50;7.50;True;False;False;False;230;17.50;10.50;True;False;False;False;1;11.6800000000003;0;11.6800000000003;11.6800000000003
181;10.50;7.50;True;False;False;False;232;5.50;11.50;True;False;False;False;1;10.7318542494932;0;10.7318542494932;10.7318542494932
181;10.50;7.50;True;False;False;False;233;6.50;11.50;True;False;False;False;1;8.8675973878826;0;8.8675973878826;8.8675973878826
181;10.50;7.50;True;False;False;False;242;15.50;11.50;True;False;False;False;2;10.0833333333334;0.226688888888936;9.74666666666667;10.4200000000001
181;10.50;7.50;True;False;False;False;260;5.50;13.50;True;False;False;False;1;11.5272222222202;0;11.5272222222202;11.5272222222202
181;10.50;7.50;True;False;False;False;265;10.50;13.50;True;False;False;False;1;5.46444444444433;0;5.46444444444433;5.46444444444433
181;10.50;7.50;True;False;False;False;268;13.50;13.50;True;False;False;False;1;10.8230447661617;0;10.8230447661617;10.8230447661617
181;10.50;7.50;True;False;False;False;270;15.50;13.50;True;False;False;False;1;11.4776839863648;0;11.4776839863648;11.4776839863648
181;10.50;7.50;True;False;False;False;271;16.50;13.50;True;False;False;False;1;11.5666666666721;0;11.5666666666721;11.5666666666721
181;10.50;7.50;True;False;False;False;277;8.50;14.50;True;False;False;False;1;10.4973160136346;0;10.4973160136346;10.4973160136346
181;10.50;7.50;True;False;False;False;281;12.50;14.50;True;False;False;False;1;12.2313924853474;0;12.2313924853474;12.2313924853474
181;10.50;7.50;True;False;False;False;285;16.50;14.50;True;False;False;False;1;12.8895382358587;0;12.8895382358587;12.8895382358587
183;12.50;7.50;True;False;False;False;14;23.50;9.50;False;True;False;False;2;22.4084848098368;0.905104646212598;21.7357647171486;23.0812049025249
183;12.50;7.50;True;False;False;False;22;0.50;6.50;False;False;True;False;2;135.247828269952;255.005752790438;123.956111111113;146.539545428791
183;12.50;7.50;True;False;False;False;151;8.50;5.50;True;False;False;False;1;8.57722222222264;0;8.57722222222264;8.57722222222264
183;12.50;7.50;True;False;False;False;229;16.50;10.50;True;False;False;False;1;11.8450000000003;0;11.8450000000003;11.8450000000003
183;12.50;7.50;True;False;False;False;233;6.50;11.50;True;False;False;False;1;10.3655555555556;0;10.3655555555556;10.3655555555556
183;12.50;7.50;True;False;False;False;265;10.50;13.50;True;False;False;False;1;11.477777777779;0;11.477777777779;11.477777777779
184;13.50;7.50;True;False;False;False;14;23.50;9.50;False;True;False;False;2;21.5221320272682;1.36645732717713;20.6955555555558;22.3487084989806
184;13.50;7.50;True;False;False;False;22;0.50;6.50;False;False;True;False;2;53.1021140449639;680.580845547879;34.6551516182135;71.5490764717142
184;13.50;7.50;True;False;False;False;30;0.50;12.50;False;False;True;False;1;148.437777777779;0;148.437777777779;148.437777777779
184;13.50;7.50;True;False;False;False;151;8.50;5.50;True;False;False;False;1;9.12287156919069;0;9.12287156919069;9.12287156919069
184;13.50;7.50;True;False;False;False;158;15.50;5.50;True;False;False;False;1;6.58527418131689;0;6.58527418131689;6.58527418131689
184;13.50;7.50;True;False;False;False;192;7.50;8.50;True;False;False;False;1;8.88444444444485;0;8.88444444444485;8.88444444444485
184;13.50;7.50;True;False;False;False;200;15.50;8.50;True;False;False;False;1;5.97394671568873;0;5.97394671568873;5.97394671568873
184;13.50;7.50;True;False;False;False;242;15.50;11.50;True;False;False;False;1;8.54462483435282;0;8.54462483435282;8.54462483435282
188;17.50;7.50;True;False;False;False;14;23.50;9.50;False;True;False;False;1;36.5812049025217;0;36.5812049025217;36.5812049025217
188;17.50;7.50;True;False;False;False;22;0.50;6.50;False;False;True;False;2;146.596760458085;1869.18566913583;116.025649346973;177.167871569196
188;17.50;7.50;True;False;False;False;30;0.50;12.50;False;False;True;False;1;128.438896081808;0;128.438896081808;128.438896081808
188;17.50;7.50;True;False;False;False;140;11.50;4.50;True;False;False;False;1;10.7138888888885;0;10.7138888888885;10.7138888888885
188;17.50;7.50;True;False;False;False;151;8.50;5.50;True;False;False;False;1;14.0027777777759;0;14.0027777777759;14.0027777777759
188;17.50;7.50;True;False;False;False;219;6.50;10.50;True;False;False;False;1;13.045923528286;0;13.045923528286;13.045923528286
188;17.50;7.50;True;False;False;False;225;12.50;10.50;True;False;False;False;1;9.53176045807777;0;9.53176045807777;9.53176045807777
190;5.50;8.50;True;False;False;False;14;23.50;9.50;False;True;False;False;1;30.5246176414093;0;30.5246176414093;30.5246176414093
190;5.50;8.50;True;False;False;False;30;0.50;12.50;False;False;True;False;2;130.326039040202;4298.20216943687;83.9676408288915;176.684437251512
190;5.50;8.50;True;False;False;False;140;11.50;4.50;True;False;False;False;1;10.5150000000012;0;10.5150000000012;10.5150000000012
190;5.50;8.50;True;False;False;False;181;10.50;7.50;True;False;False;False;2;7.57003970278038;0.085992786253834;7.36268398637276;7.777395419188
192;7.50;8.50;True;False;False;False;97;10.50;1.50;True;False;False;False;1;11.5188888888893;0;11.5188888888893;11.5188888888893
192;7.50;8.50;True;False;False;False;134;5.50;4.50;True;False;False;False;1;8.52685424949277;0;8.52685424949277;8.52685424949277
192;7.50;8.50;True;False;False;False;150;7.50;5.50;True;False;False;False;1;5;0;5;5
192;7.50;8.50;True;False;False;False;153;10.50;5.50;True;False;False;False;1;9.76407647171345;0;9.76407647171345;9.76407647171345
192;7.50;8.50;True;False;False;False;179;8.50;7.50;True;False;False;False;1;5.30509379141313;0;5.30509379141313;5.30509379141313
192;7.50;8.50;True;False;False;False;184;13.50;7.50;True;False;False;False;1;9.48453823585714;0;9.48453823585714;9.48453823585714
192;7.50;8.50;True;False;False;False;188;17.50;7.50;True;False;False;False;1;11.4567676510023;0;11.4567676510023;11.4567676510023
192;7.50;8.50;True;False;False;False;190;5.50;8.50;True;False;False;False;1;2.53555555555522;0;2.53555555555522;2.53555555555522
192;7.50;8.50;True;False;False;False;220;7.50;10.50;True;False;False;False;1;4.03120490252331;0;4.03120490252331;4.03120490252331
192;7.50;8.50;True;False;False;False;221;8.50;10.50;True;False;False;False;1;5.88444444444485;0;5.88444444444485;5.88444444444485
192;7.50;8.50;True;False;False;False;232;5.50;11.50;True;False;False;False;2;7.03392859167451;0.0179938493207647;6.93907647171727;7.12878071163175
192;7.50;8.50;True;False;False;False;268;13.50;13.50;True;False;False;False;1;12.0520130606592;0;12.0520130606592;12.0520130606592
193;8.50;8.50;True;False;False;False;22;0.50;6.50;False;False;True;False;1;125.237777777781;0;125.237777777781;125.237777777781
193;8.50;8.50;True;False;False;False;201;16.50;8.50;True;False;False;False;1;7.00555555555547;0;7.00555555555547;7.00555555555547
195;10.50;8.50;True;False;False;False;22;0.50;6.50;False;False;True;False;1;88.2045382358601;0;88.2045382358601;88.2045382358601
195;10.50;8.50;True;False;False;False;30;0.50;12.50;False;False;True;False;1;20.2337807116137;0;20.2337807116137;20.2337807116137
196;11.50;8.50;True;False;False;False;14;23.50;9.50;False;True;False;False;2;33.2024098050484;66.1165368980335;27.4527777777777;38.9520418323191
196;11.50;8.50;True;False;False;False;22;0.50;6.50;False;False;True;False;1;269.069891822715;0;269.069891822715;269.069891822715
196;11.50;8.50;True;False;False;False;30;0.50;12.50;False;False;True;False;1;76.7596320272692;0;76.7596320272692;76.7596320272692
196;11.50;8.50;True;False;False;False;151;8.50;5.50;True;False;False;False;1;7.5762049025243;0;7.5762049025243;7.5762049025243
196;11.50;8.50;True;False;False;False;158;15.50;5.50;True;False;False;False;1;9.170180389905;0;9.170180389905;9.170180389905
196;11.50;8.50;True;False;False;False;225;12.50;10.50;True;False;False;False;1;7.9905555555556;0;7.9905555555556;7.9905555555556
196;11.50;8.50;True;False;False;False;272;17.50;13.50;True;False;False;False;1;12.9727777777778;0;12.9727777777778;12.9727777777778
197;12.50;8.50;True;False;False;False;6;23.50;3.50;False;True;False;False;1;30.5201803898963;0;30.5201803898963;30.5201803898963
197;12.50;8.50;True;False;False;False;14;23.50;9.50;False;True;False;False;3;38.5591991292908;584.59321278348;23.291666666667;66.4357431383813
197;12.50;8.50;True;False;False;False;22;0.50;6.50;False;False;True;False;3;64.7220995646463;1413.49004817406;21.520093791416;90.0217604580785
197;12.50;8.50;True;False;False;False;30;0.50;12.50;False;False;True;False;5;77.4507763391895;1835.88796925985;7.77266960050201;117.841298693937
197;12.50;8.50;True;False;False;False;109;8.50;2.50;True;False;False;False;1;10.2238022904048;0;10.2238022904048;10.2238022904048
197;12.50;8.50;True;False;False;False;151;8.50;5.50;True;False;False;False;3;8.77382875892067;0.0798539460150997;8.45111111111055;8.97694804090543
197;12.50;8.50;True;False;False;False;154;11.50;5.50;True;False;False;False;1;6.35111111111132;0;6.35111111111132;6.35111111111132
197;12.50;8.50;True;False;False;False;158;15.50;5.50;True;False;False;False;1;7.86767679344121;0;7.86767679344121;7.86767679344121
197;12.50;8.50;True;False;False;False;218;5.50;10.50;True;False;False;False;1;9.6684271247459;0;9.6684271247459;9.6684271247459
197;12.50;8.50;True;False;False;False;225;12.50;10.50;True;False;False;False;1;3.32212843081743;0;3.32212843081743;3.32212843081743
197;12.50;8.50;True;False;False;False;226;13.50;10.50;True;False;False;False;1;6.24388169596932;0;6.24388169596932;6.24388169596932
197;12.50;8.50;True;False;False;False;233;6.50;11.50;True;False;False;False;1;9.65388888888884;0;9.65388888888884;9.65388888888884
197;12.50;8.50;True;False;False;False;244;17.50;11.50;True;False;False;False;1;9.59379509747487;0;9.59379509747487;9.59379509747487
200;15.50;8.50;True;False;False;False;14;23.50;9.50;False;True;False;False;1;28.0394444444446;0;28.0394444444446;28.0394444444446
200;15.50;8.50;True;False;False;False;22;0.50;6.50;False;False;True;False;1;42.891984005505;0;42.891984005505;42.891984005505
200;15.50;8.50;True;False;False;False;158;15.50;5.50;True;False;False;False;1;3.46678203684405;0;3.46678203684405;3.46678203684405
200;15.50;8.50;True;False;False;False;225;12.50;10.50;True;False;False;False;1;7.22246763184853;0;7.22246763184853;7.22246763184853
201;16.50;8.50;True;False;False;False;14;23.50;9.50;False;True;False;False;1;28.3583333333331;0;28.3583333333331;28.3583333333331
201;16.50;8.50;True;False;False;False;22;0.50;6.50;False;False;True;False;1;60.5461111111135;0;60.5461111111135;60.5461111111135
201;16.50;8.50;True;False;False;False;30;0.50;12.50;False;False;True;False;1;168.106544103564;0;168.106544103564;168.106544103564
201;16.50;8.50;True;False;False;False;151;8.50;5.50;True;False;False;False;1;11.4159235282834;0;11.4159235282834;11.4159235282834
201;16.50;8.50;True;False;False;False;181;10.50;7.50;True;False;False;False;2;8.8131385575748;0.175791164197579;8.51666666666642;9.10961044848318
203;18.50;8.50;True;False;False;False;14;23.50;9.50;False;True;False;False;2;13.901670263128;2.21903737533438;12.8483333333343;14.9550071929216
203;18.50;8.50;True;False;False;False;22;0.50;6.50;False;False;True;False;1;33.1122872419492;0;33.1122872419492;33.1122872419492
203;18.50;8.50;True;False;False;False;30;0.50;12.50;False;False;True;False;1;41.7416666666666;0;41.7416666666666;41.7416666666666
203;18.50;8.50;True;False;False;False;140;11.50;4.50;True;False;False;False;1;11.2604617641427;0;11.2604617641427;11.2604617641427
203;18.50;8.50;True;False;False;False;197;12.50;8.50;True;False;False;False;1;6.41055555555522;0;6.41055555555522;6.41055555555522
203;18.50;8.50;True;False;False;False;219;6.50;10.50;True;False;False;False;1;13.409076471713;0;13.409076471713;13.409076471713
203;18.50;8.50;True;False;False;False;230;17.50;10.50;True;False;False;False;1;8.50222222222223;0;8.50222222222223;8.50222222222223
218;5.50;10.50;True;False;False;False;14;23.50;9.50;False;True;False;False;1;34.5055555555573;0;34.5055555555573;34.5055555555573
218;5.50;10.50;True;False;False;False;22;0.50;6.50;False;False;True;False;2;88.7123701022535;10419.1455097557;16.5349999999989;160.889740204508
218;5.50;10.50;True;False;False;False;151;8.50;5.50;True;False;False;False;1;9.79323954192068;0;9.79323954192068;9.79323954192068
218;5.50;10.50;True;False;False;False;158;15.50;5.50;True;False;False;False;1;16.3349999999991;0;16.3349999999991;16.3349999999991
218;5.50;10.50;True;False;False;False;272;17.50;13.50;True;False;False;False;1;14.2194444444458;0;14.2194444444458;14.2194444444458
219;6.50;10.50;True;False;False;False;14;23.50;9.50;False;True;False;False;2;37.0540764717186;0.308843549276359;36.6611111111101;37.4470418323272
219;6.50;10.50;True;False;False;False;22;0.50;6.50;False;False;True;False;4;119.706457434216;1689.34622124555;62.2101875828243;152.76009379141
219;6.50;10.50;True;False;False;False;30;0.50;12.50;False;False;True;False;1;61.3993722317732;0;61.3993722317732;61.3993722317732
219;6.50;10.50;True;False;False;False;146;17.50;4.50;True;False;False;False;1;18.0185787429593;0;18.0185787429593;18.0185787429593
219;6.50;10.50;True;False;False;False;158;15.50;5.50;True;False;False;False;1;16.0399999999986;0;16.0399999999986;16.0399999999986
219;6.50;10.50;True;False;False;False;176;5.50;7.50;True;False;False;False;1;6.75888888888858;0;6.75888888888858;6.75888888888858
219;6.50;10.50;True;False;False;False;232;5.50;11.50;True;False;False;False;2;5.34490980505166;0.00559004507994268;5.29204183232741;5.3977777777759
219;6.50;10.50;True;False;False;False;270;15.50;13.50;True;False;False;False;1;11.6352813742392;0;11.6352813742392;11.6352813742392
219;6.50;10.50;True;False;False;False;272;17.50;13.50;True;False;False;False;1;13.0800937914141;0;13.0800937914141;13.0800937914141
220;7.50;10.50;True;False;False;False;6;23.50;3.50;False;True;False;False;1;31.5389826803039;0;31.5389826803039;31.5389826803039
220;7.50;10.50;True;False;False;False;22;0.50;6.50;False;False;True;False;3;93.9504088271045;1131.63466042632;65.378261120708;131.02593072121
220;7.50;10.50;True;False;False;False;30;0.50;12.50;False;False;True;False;1;115.242034639393;0;115.242034639393;115.242034639393
220;7.50;10.50;True;False;False;False;140;11.50;4.50;True;False;False;False;2;11.1927308820718;0.0376856214735168;11.0554617641437;11.3299999999999
220;7.50;10.50;True;False;False;False;181;10.50;7.50;True;False;False;False;1;8.59101731969895;0;8.59101731969895;8.59101731969895
220;7.50;10.50;True;False;False;False;219;6.50;10.50;True;False;False;False;1;3.04444444444425;0;3.04444444444425;3.04444444444425
220;7.50;10.50;True;False;False;False;225;12.50;10.50;True;False;False;False;1;6.0771356237392;0;6.0771356237392;6.0771356237392
221;8.50;10.50;True;False;False;False;14;23.50;9.50;False;True;False;False;2;24.418758991146;10.4717499252381;22.1305555555618;26.7069624267301
221;8.50;10.50;True;False;False;False;22;0.50;6.50;False;False;True;False;1;125.851515048455;0;125.851515048455;125.851515048455
221;8.50;10.50;True;False;False;False;30;0.50;12.50;False;False;True;False;3;76.9065127452868;885.910033783385;53.5946320272724;110.433145750509
221;8.50;10.50;True;False;False;False;151;8.50;5.50;True;False;False;False;1;5.55370130606298;0;5.55370130606298;5.55370130606298
221;8.50;10.50;True;False;False;False;158;15.50;5.50;True;False;False;False;1;15.018333333333;0;15.018333333333;15.018333333333
221;8.50;10.50;True;False;False;False;183;12.50;7.50;True;False;False;False;1;9.02748201771465;0;9.02748201771465;9.02748201771465
221;8.50;10.50;True;False;False;False;225;12.50;10.50;True;False;False;False;1;5.72092352828713;0;5.72092352828713;5.72092352828713
221;8.50;10.50;True;False;False;False;226;13.50;10.50;True;False;False;False;1;5.82111111111772;0;5.82111111111772;5.82111111111772
221;8.50;10.50;True;False;False;False;235;8.50;11.50;True;False;False;False;1;1.87222222222317;0;1.87222222222317;1.87222222222317
223;10.50;10.50;True;False;False;False;14;23.50;9.50;False;True;False;False;1;26.5441702631274;0;26.5441702631274;26.5441702631274
223;10.50;10.50;True;False;False;False;22;0.50;6.50;False;False;True;False;1;33.1852813742386;0;33.1852813742386;33.1852813742386
223;10.50;10.50;True;False;False;False;30;0.50;12.50;False;False;True;False;2;137.237590194951;560.194348720926;120.501486276761;153.973694113142
223;10.50;10.50;True;False;False;False;140;11.50;4.50;True;False;False;False;1;8.83444444444285;0;8.83444444444285;8.83444444444285
223;10.50;10.50;True;False;False;False;151;8.50;5.50;True;False;False;False;2;8.4835173196978;0.231450289158121;8.14333333333298;8.82370130606262
223;10.50;10.50;True;False;False;False;225;12.50;10.50;True;False;False;False;1;2.85667385958823;0;2.85667385958823;2.85667385958823
224;11.50;10.50;True;False;False;False;14;23.50;9.50;False;True;False;False;2;30.4209740204526;0.754747049827178;29.8066666666682;31.035281374237
224;11.50;10.50;True;False;False;False;22;0.50;6.50;False;False;True;False;2;81.8365259795465;659.73603902417;63.6742568616173;99.9987950974757
224;11.50;10.50;True;False;False;False;30;0.50;12.50;False;False;True;False;2;69.2842604580804;1937.98085941353;38.1556493469698;100.412871569191
224;11.50;10.50;True;False;False;False;151;8.50;5.50;True;False;False;False;1;9.51157287525382;0;9.51157287525382;9.51157287525382
224;11.50;10.50;True;False;False;False;158;15.50;5.50;True;False;False;False;1;10.9288888888896;0;10.9288888888896;10.9288888888896
224;11.50;10.50;True;False;False;False;181;10.50;7.50;True;False;False;False;1;6.40898268030014;0;6.40898268030014;6.40898268030014
224;11.50;10.50;True;False;False;False;192;7.50;8.50;True;False;False;False;1;7.47333333333347;0;7.47333333333347;7.47333333333347
224;11.50;10.50;True;False;False;False;240;13.50;11.50;True;False;False;False;1;6.36174607224757;0;6.36174607224757;6.36174607224757
224;11.50;10.50;True;False;False;False;275;6.50;14.50;True;False;False;False;1;9.53046176414318;0;9.53046176414318;9.53046176414318
225;12.50;10.50;True;False;False;False;97;10.50;1.50;True;False;False;False;2;13.7558333333332;4.94201867284779;12.1838888888874;15.3277777777789
225;12.50;10.50;True;False;False;False;100;13.50;1.50;True;False;False;False;1;12.0376839863657;0;12.0376839863657;12.0376839863657
225;12.50;10.50;True;False;False;False;111;10.50;2.50;True;False;False;False;1;11.0927705848561;0;11.0927705848561;11.0927705848561
225;12.50;10.50;True;False;False;False;113;12.50;2.50;True;False;False;False;2;7.87322515607502;0.0586320894196423;7.70200586770534;8.04444444444471
225;12.50;10.50;True;False;False;False;114;13.50;2.50;True;False;False;False;1;11.5256493469685;0;11.5256493469685;11.5256493469685
225;12.50;10.50;True;False;False;False;118;17.50;2.50;True;False;False;False;2;13.2733369297925;0.00136320464273166;13.2472294151394;13.2994444444457
225;12.50;10.50;True;False;False;False;156;13.50;5.50;True;False;False;False;1;10.0416666666661;0;10.0416666666661;10.0416666666661
225;12.50;10.50;True;False;False;False;188;17.50;7.50;True;False;False;False;1;9.82390327474241;0;9.82390327474241;9.82390327474241
225;12.50;10.50;True;False;False;False;197;12.50;8.50;True;False;False;False;1;4.05601731969909;0;4.05601731969909;4.05601731969909
225;12.50;10.50;True;False;False;False;219;6.50;10.50;True;False;False;False;1;6.16546176414295;0;6.16546176414295;6.16546176414295
225;12.50;10.50;True;False;False;False;221;8.50;10.50;True;False;False;False;2;4.80305555555674;0.0780124999992743;4.60555555555766;5.00055555555582
225;12.50;10.50;True;False;False;False;231;18.50;10.50;True;False;False;False;2;7.99009019495207;4.00238789585752;6.57545457122109;9.40472581868306
225;12.50;10.50;True;False;False;False;234;7.50;11.50;True;False;False;False;1;7.88649346970669;0;7.88649346970669;7.88649346970669
225;12.50;10.50;True;False;False;False;260;5.50;13.50;True;False;False;False;1;10.8517676510012;0;10.8517676510012;10.8517676510012
225;12.50;10.50;True;False;False;False;265;10.50;13.50;True;False;False;False;2;7.13273088207259;0.0246705198863152;7.02166666666926;7.24379509747592
225;12.50;10.50;True;False;False;False;270;15.50;13.50;True;False;False;False;1;8.31795816768181;0;8.31795816768181;8.31795816768181
225;12.50;10.50;True;False;False;False;282;13.50;14.50;True;False;False;False;1;7.75011537018077;0;7.75011537018077;7.75011537018077
226;13.50;10.50;True;False;False;False;14;23.50;9.50;False;True;False;False;2;26.6163455896444;0.158205148017986;26.335093791412;26.8975973878769
226;13.50;10.50;True;False;False;False;30;0.50;12.50;False;False;True;False;2;95.2228246734833;8729.18084266337;29.1577777777784;161.287871569188
226;13.50;10.50;True;False;False;False;219;6.50;10.50;True;False;False;False;2;11.8688996782594;0.0547623319323277;11.7034271247462;12.0343722317725
226;13.50;10.50;True;False;False;False;265;10.50;13.50;True;False;False;False;2;8.00323954192072;0.169600590508009;7.71203463939673;8.29444444444471
229;16.50;10.50;True;False;False;False;14;23.50;9.50;False;True;False;False;2;31.6709415105951;26.4208385117553;28.0363274656272;35.3055555555629
229;16.50;10.50;True;False;False;False;22;0.50;6.50;False;False;True;False;1;215.067020253528;0;215.067020253528;215.067020253528
229;16.50;10.50;True;False;False;False;184;13.50;7.50;True;False;False;False;1;8.20166666666637;0;8.20166666666637;8.20166666666637
229;16.50;10.50;True;False;False;False;265;10.50;13.50;True;False;False;False;1;10.151017319703;0;10.151017319703;10.151017319703
229;16.50;10.50;True;False;False;False;284;15.50;14.50;True;False;False;False;1;7.21333333333314;0;7.21333333333314;7.21333333333314
230;17.50;10.50;True;False;False;False;14;23.50;9.50;False;True;False;False;1;37.5721284308092;0;37.5721284308092;37.5721284308092
230;17.50;10.50;True;False;False;False;22;0.50;6.50;False;False;True;False;1;47.6227993565644;0;47.6227993565644;47.6227993565644
230;17.50;10.50;True;False;False;False;225;12.50;10.50;True;False;False;False;1;5.34572875253804;0;5.34572875253804;5.34572875253804
230;17.50;10.50;True;False;False;False;286;17.50;14.50;True;False;False;False;1;4.50860751465007;0;4.50860751465007;4.50860751465007
231;18.50;10.50;True;False;False;False;14;23.50;9.50;False;True;False;False;2;8.60666666666648;0.405168842137103;8.15657287525346;9.05676045807951
231;18.50;10.50;True;False;False;False;22;0.50;6.50;False;False;True;False;2;110.917878762113;193.961148886536;101.070007192922;120.765750331303
231;18.50;10.50;True;False;False;False;30;0.50;12.50;False;False;True;False;2;101.419808820718;1711.75268957703;72.1644444444443;130.675173196991
231;18.50;10.50;True;False;False;False;151;8.50;5.50;True;False;False;False;1;15.8422222222224;0;15.8422222222224;15.8422222222224
231;18.50;10.50;True;False;False;False;181;10.50;7.50;True;False;False;False;2;12.4346284308092;1.11087793209748;11.6893506530319;13.1799062085865
231;18.50;10.50;True;False;False;False;225;12.50;10.50;True;False;False;False;2;5.63096682753093;0.0261323422590586;5.51665947374505;5.7452741813168
231;18.50;10.50;True;False;False;False;260;5.50;13.50;True;False;False;False;1;14.7583333333333;0;14.7583333333333;14.7583333333333
232;5.50;11.50;True;False;False;False;14;23.50;9.50;False;True;False;False;2;37.809256861615;296.691442036752;25.6295310429286;49.9889826803014
232;5.50;11.50;True;False;False;False;30;0.50;12.50;False;False;True;False;4;107.523125899117;1748.4025363457;68.9612049025191;158.27870849899
232;5.50;11.50;True;False;False;False;150;7.50;5.50;True;False;False;False;1;9.1304833428826;0;9.1304833428826;9.1304833428826
232;5.50;11.50;True;False;False;False;151;8.50;5.50;True;False;False;False;2;12.7625;17.9167631172824;9.76944444444462;15.7555555555555
232;5.50;11.50;True;False;False;False;221;8.50;10.50;True;False;False;False;1;7.28435065303165;0;7.28435065303165;7.28435065303165
232;5.50;11.50;True;False;False;False;281;12.50;14.50;True;False;False;False;1;11.5518398636304;0;11.5518398636304;11.5518398636304
232;5.50;11.50;True;False;False;False;284;15.50;14.50;True;False;False;False;1;13.642777777779;0;13.642777777779;13.642777777779
233;6.50;11.50;True;False;False;False;14;23.50;9.50;False;True;False;False;2;22.8272655214669;24.391836944878;19.3349999999982;26.3195310429356
233;6.50;11.50;True;False;False;False;30;0.50;12.50;False;False;True;False;2;77.2183297368691;4371.33210769215;30.4672222222222;123.969437251516
233;6.50;11.50;True;False;False;False;151;8.50;5.50;True;False;False;False;1;9.42222222222108;0;9.42222222222108;9.42222222222108
233;6.50;11.50;True;False;False;False;181;10.50;7.50;True;False;False;False;1;9.31889608181086;0;9.31889608181086;9.31889608181086
233;6.50;11.50;True;False;False;False;196;11.50;8.50;True;False;False;False;1;9.28010098433452;0;9.28010098433452;9.28010098433452
233;6.50;11.50;True;False;False;False;243;16.50;11.50;True;False;False;False;1;8.34591633535638;0;8.34591633535638;8.34591633535638
234;7.50;11.50;True;False;False;False;14;23.50;9.50;False;True;False;False;1;18.8842712474861;0;18.8842712474861;18.8842712474861
234;7.50;11.50;True;False;False;False;30;0.50;12.50;False;False;True;False;1;43.5749928070654;0;43.5749928070654;43.5749928070654
234;7.50;11.50;True;False;False;False;181;10.50;7.50;True;False;False;False;1;8.12777777777774;0;8.12777777777774;8.12777777777774
234;7.50;11.50;True;False;False;False;274;5.50;14.50;True;False;False;False;1;7.81833333333088;0;7.81833333333088;7.81833333333088
235;8.50;11.50;True;False;False;False;14;23.50;9.50;False;True;False;False;1;19.4638888888894;0;19.4638888888894;19.4638888888894
235;8.50;11.50;True;False;False;False;22;0.50;6.50;False;False;True;False;2;55.7725865984918;731.899171034042;36.642777777779;74.9023954192046
235;8.50;11.50;True;False;False;False;151;8.50;5.50;True;False;False;False;1;6.39333333333332;0;6.39333333333332;6.39333333333332
235;8.50;11.50;True;False;False;False;181;10.50;7.50;True;False;False;False;1;8.51546176414286;0;8.51546176414286;8.51546176414286
235;8.50;11.50;True;False;False;False;268;13.50;13.50;True;False;False;False;1;8.58944444444433;0;8.58944444444433;8.58944444444433
238;11.50;11.50;True;False;False;False;14;23.50;9.50;False;True;False;False;1;17.559444444445;0;17.559444444445;17.559444444445
238;11.50;11.50;True;False;False;False;22;0.50;6.50;False;False;True;False;1;59.0359235282831;0;59.0359235282831;59.0359235282831
238;11.50;11.50;True;False;False;False;30;0.50;12.50;False;False;True;False;1;81.3243506530315;0;81.3243506530315;81.3243506530315
238;11.50;11.50;True;False;False;False;151;8.50;5.50;True;False;False;False;1;9.63268398636478;0;9.63268398636478;9.63268398636478
238;11.50;11.50;True;False;False;False;181;10.50;7.50;True;False;False;False;1;7.1155555555556;0;7.1155555555556;7.1155555555556
238;11.50;11.50;True;False;False;False;196;11.50;8.50;True;False;False;False;1;3.8355555555554;0;3.8355555555554;3.8355555555554
239;12.50;11.50;True;False;False;False;14;23.50;9.50;False;True;False;False;1;22.3836147075735;0;22.3836147075735;22.3836147075735
239;12.50;11.50;True;False;False;False;30;0.50;12.50;False;False;True;False;1;181.077965360601;0;181.077965360601;181.077965360601
239;12.50;11.50;True;False;False;False;158;15.50;5.50;True;False;False;False;1;9.97388888888963;0;9.97388888888963;9.97388888888963
239;12.50;11.50;True;False;False;False;225;12.50;10.50;True;False;False;False;1;2.70342712474576;0;2.70342712474576;2.70342712474576
240;13.50;11.50;True;False;False;False;14;23.50;9.50;False;True;False;False;2;15.2361111111111;0.0433487654317744;15.0888888888894;15.3833333333328
240;13.50;11.50;True;False;False;False;22;0.50;6.50;False;False;True;False;3;102.593802290394;3282.93808046225;65.6783333333342;168.600187582827
240;13.50;11.50;True;False;False;False;30;0.50;12.50;False;False;True;False;1;30.0871284308089;0;30.0871284308089;30.0871284308089
240;13.50;11.50;True;False;False;False;151;8.50;5.50;True;False;False;False;2;11.1019444444446;0.0278742283951094;10.9838888888889;11.2200000000003
240;13.50;11.50;True;False;False;False;158;15.50;5.50;True;False;False;False;1;8.86601731969813;0;8.86601731969813;8.86601731969813
240;13.50;11.50;True;False;False;False;192;7.50;8.50;True;False;False;False;1;10.1783333333334;0;10.1783333333334;10.1783333333334
240;13.50;11.50;True;False;False;False;263;8.50;13.50;True;False;False;False;1;9.45294378185099;0;9.45294378185099;9.45294378185099
240;13.50;11.50;True;False;False;False;284;15.50;14.50;True;False;False;False;1;7.03833333333432;0;7.03833333333432;7.03833333333432
242;15.50;11.50;True;False;False;False;14;23.50;9.50;False;True;False;False;2;18.6392568616172;0.538880766970838;18.1201803899048;19.1583333333297
242;15.50;11.50;True;False;False;False;22;0.50;6.50;False;False;True;False;1;115.709812417175;0;115.709812417175;115.709812417175
242;15.50;11.50;True;False;False;False;30;0.50;12.50;False;False;True;False;1;132.192784970701;0;132.192784970701;132.192784970701
242;15.50;11.50;True;False;False;False;140;11.50;4.50;True;False;False;False;1;11.7848918227464;0;11.7848918227464;11.7848918227464
242;15.50;11.50;True;False;False;False;155;12.50;5.50;True;False;False;False;1;9.68268398636064;0;9.68268398636064;9.68268398636064
242;15.50;11.50;True;False;False;False;158;15.50;5.50;True;False;False;False;1;5.51388888888869;0;5.51388888888869;5.51388888888869
242;15.50;11.50;True;False;False;False;221;8.50;10.50;True;False;False;False;1;9.64253236815193;0;9.64253236815193;9.64253236815193
243;16.50;11.50;True;False;False;False;30;0.50;12.50;False;False;True;False;1;94.303066344949;0;94.303066344949;94.303066344949
243;16.50;11.50;True;False;False;False;229;16.50;10.50;True;False;False;False;1;2.31490620858858;0;2.31490620858858;2.31490620858858
244;17.50;11.50;True;False;False;False;14;23.50;9.50;False;True;False;False;1;18.6434271247454;0;18.6434271247454;18.6434271247454
244;17.50;11.50;True;False;False;False;30;0.50;12.50;False;False;True;False;1;140.700541169716;0;140.700541169716;140.700541169716
244;17.50;11.50;True;False;False;False;224;11.50;10.50;True;False;False;False;1;9.2863852924329;0;9.2863852924329;9.2863852924329
244;17.50;11.50;True;False;False;False;277;8.50;14.50;True;False;False;False;1;13.6501660040731;0;13.6501660040731;13.6501660040731
260;5.50;13.50;True;False;False;False;14;23.50;9.50;False;True;False;False;2;21.4437410088501;0.000811874140115086;21.4235931288113;21.4638888888888
260;5.50;13.50;True;False;False;False;22;0.50;6.50;False;False;True;False;1;107.57139248535;0;107.57139248535;107.57139248535
260;5.50;13.50;True;False;False;False;30;0.50;12.50;False;False;True;False;3;113.982847498316;2687.55943036101;71.8667604580795;171.881572875254
260;5.50;13.50;True;False;False;False;94;7.50;1.50;True;False;False;False;1;14.3533333333334;0;14.3533333333334;14.3533333333334
260;5.50;13.50;True;False;False;False;151;8.50;5.50;True;False;False;False;1;11.1932179631585;0;11.1932179631585;11.1932179631585
260;5.50;13.50;True;False;False;False;158;15.50;5.50;True;False;False;False;2;16.5132864376276;0.184753922316153;16.2093506530315;16.8172222222238
260;5.50;13.50;True;False;False;False;219;6.50;10.50;True;False;False;False;1;6.57722222222196;0;6.57722222222196;6.57722222222196
260;5.50;13.50;True;False;False;False;223;10.50;10.50;True;False;False;False;1;9.05128430809356;0;9.05128430809356;9.05128430809356
262;7.50;13.50;True;False;False;False;14;23.50;9.50;False;True;False;False;1;43.4550937914132;0;43.4550937914132;43.4550937914132
262;7.50;13.50;True;False;False;False;277;8.50;14.50;True;False;False;False;1;5.46444444444455;0;5.46444444444455;5.46444444444455
263;8.50;13.50;True;False;False;False;14;23.50;9.50;False;True;False;False;1;20.4243506530329;0;20.4243506530329;20.4243506530329
263;8.50;13.50;True;False;False;False;22;0.50;6.50;False;False;True;False;1;132.556760458086;0;132.556760458086;132.556760458086
263;8.50;13.50;True;False;False;False;176;5.50;7.50;True;False;False;False;1;9.77509379141247;0;9.77509379141247;9.77509379141247
263;8.50;13.50;True;False;False;False;192;7.50;8.50;True;False;False;False;1;8.18611111111113;0;8.18611111111113;8.18611111111113
265;10.50;13.50;True;False;False;False;14;23.50;9.50;False;True;False;False;3;23.7981192819828;0.0345253276452268;23.6022222222227;23.9718542494902
265;10.50;13.50;True;False;False;False;22;0.50;6.50;False;False;True;False;3;152.014538235854;2234.04367471774;116.142597387875;205.572784970701
265;10.50;13.50;True;False;False;False;30;0.50;12.50;False;False;True;False;3;90.1427801754185;496.893747503633;64.6077777777778;105.715007192923
265;10.50;13.50;True;False;False;False;140;11.50;4.50;True;False;False;False;1;10.4581817151206;0;10.4581817151206;10.4581817151206
265;10.50;13.50;True;False;False;False;151;8.50;5.50;True;False;False;False;2;13.4469011451989;9.83582853172468;11.2292640545409;15.664538235857
265;10.50;13.50;True;False;False;False;177;6.50;7.50;True;False;False;False;1;11.4638888888885;0;11.4638888888885;11.4638888888885
265;10.50;13.50;True;False;False;False;190;5.50;8.50;True;False;False;False;1;11.1061977095933;0;11.1061977095933;11.1061977095933
265;10.50;13.50;True;False;False;False;195;10.50;8.50;True;False;False;False;1;5.50055555555809;0;5.50055555555809;5.50055555555809
265;10.50;13.50;True;False;False;False;226;13.50;10.50;True;False;False;False;1;7.88999999999942;0;7.88999999999942;7.88999999999942
265;10.50;13.50;True;False;False;False;271;16.50;13.50;True;False;False;False;1;5.87342712474583;0;5.87342712474583;5.87342712474583
265;10.50;13.50;True;False;False;False;286;17.50;14.50;True;False;False;False;1;8.78296536060225;0;8.78296536060225;8.78296536060225
268;13.50;13.50;True;False;False;False;14;23.50;9.50;False;True;False;False;2;16.6383802290393;0.42738547478055;16.1761111111109;17.1006493469677
268;13.50;13.50;True;False;False;False;30;0.50;12.50;False;False;True;False;1;139.519538235859;0;139.519538235859;139.519538235859
268;13.50;13.50;True;False;False;False;192;7.50;8.50;True;False;False;False;1;11.8666666666659;0;11.8666666666659;11.8666666666659
268;13.50;13.50;True;False;False;False;225;12.50;10.50;True;False;False;False;1;6.37555555555537;0;6.37555555555537;6.37555555555537
268;13.50;13.50;True;False;False;False;238;11.50;11.50;True;False;False;False;1;6.71905489293022;0;6.71905489293022;6.71905489293022
270;15.50;13.50;True;False;False;False;14;23.50;9.50;False;True;False;False;2;16.645551959095;13.439194807487;14.0533333333337;19.2377705848562
270;15.50;13.50;True;False;False;False;22;0.50;6.50;False;False;True;False;1;110.315461764142;0;110.315461764142;110.315461764142
270;15.50;13.50;True;False;False;False;30;0.50;12.50;False;False;True;False;2;126.676410609366;10590.2769408504;53.9087084989842;199.444112719747
270;15.50;13.50;True;False;False;False;151;8.50;5.50;True;False;False;False;2;14.9894444444446;0.755083950616656;14.3750000000005;15.6038888888888
270;15.50;13.50;True;False;False;False;203;18.50;8.50;True;False;False;False;1;8.77389608181053;0;8.77389608181053;8.77389608181053
270;15.50;13.50;True;False;False;False;223;10.50;10.50;True;False;False;False;1;11.3465728752531;0;11.3465728752531;11.3465728752531
270;15.50;13.50;True;False;False;False;275;6.50;14.50;True;False;False;False;1;11.0144444444436;0;11.0144444444436;11.0144444444436
271;16.50;13.50;True;False;False;False;6;23.50;3.50;False;True;False;False;1;22.3623160136358;0;22.3623160136358;22.3623160136358
271;16.50;13.50;True;False;False;False;22;0.50;6.50;False;False;True;False;1;117.114444444445;0;117.114444444445;117.114444444445
271;16.50;13.50;True;False;False;False;30;0.50;12.50;False;False;True;False;1;102.060836929792;0;102.060836929792;102.060836929792
271;16.50;13.50;True;False;False;False;97;10.50;1.50;True;False;False;False;1;17.062777777779;0;17.062777777779;17.062777777779
271;16.50;13.50;True;False;False;False;192;7.50;8.50;True;False;False;False;1;13.857691179287;0;13.857691179287;13.857691179287
271;16.50;13.50;True;False;False;False;225;12.50;10.50;True;False;False;False;1;9.12444444444554;0;9.12444444444554;9.12444444444554
272;17.50;13.50;True;False;False;False;14;23.50;9.50;False;True;False;False;2;16.5101803899031;16.302132143256;13.6551731969826;19.3651875828236
272;17.50;13.50;True;False;False;False;22;0.50;6.50;False;False;True;False;1;136.362222222222;0;136.362222222222;136.362222222222
272;17.50;13.50;True;False;False;False;158;15.50;5.50;True;False;False;False;1;11.2762986939368;0;11.2762986939368;11.2762986939368
272;17.50;13.50;True;False;False;False;225;12.50;10.50;True;False;False;False;1;32.6988888888891;0;32.6988888888891;32.6988888888891
272;17.50;13.50;True;False;False;False;242;15.50;11.50;True;False;False;False;1;6.66240980504699;0;6.66240980504699;6.66240980504699
274;5.50;14.50;True;False;False;False;14;23.50;9.50;False;True;False;False;1;38.5471212378852;0;38.5471212378852;38.5471212378852
274;5.50;14.50;True;False;False;False;22;0.50;6.50;False;False;True;False;1;83.7823160136331;0;83.7823160136331;83.7823160136331
274;5.50;14.50;True;False;False;False;30;0.50;12.50;False;False;True;False;1;98.6518542494941;0;98.6518542494941;98.6518542494941
274;5.50;14.50;True;False;False;False;140;11.50;4.50;True;False;False;False;1;14.5549999999976;0;14.5549999999976;14.5549999999976
274;5.50;14.50;True;False;False;False;193;8.50;8.50;True;False;False;False;1;10.0343506530307;0;10.0343506530307;10.0343506530307
274;5.50;14.50;True;False;False;False;229;16.50;10.50;True;False;False;False;1;14.0838888888893;0;14.0838888888893;14.0838888888893
275;6.50;14.50;True;False;False;False;6;23.50;3.50;False;True;False;False;1;28.5980591520138;0;28.5980591520138;28.5980591520138
275;6.50;14.50;True;False;False;False;14;23.50;9.50;False;True;False;False;1;26.5699062085882;0;26.5699062085882;26.5699062085882
275;6.50;14.50;True;False;False;False;22;0.50;6.50;False;False;True;False;1;84.0241702631274;0;84.0241702631274;84.0241702631274
275;6.50;14.50;True;False;False;False;30;0.50;12.50;False;False;True;False;2;96.5862879045396;902.235052297932;75.3467604580787;117.825815351001
275;6.50;14.50;True;False;False;False;140;11.50;4.50;True;False;False;False;1;14.7749062085882;0;14.7749062085882;14.7749062085882
275;6.50;14.50;True;False;False;False;142;13.50;4.50;True;False;False;False;1;17.4609307212031;0;17.4609307212031;17.4609307212031
275;6.50;14.50;True;False;False;False;188;17.50;7.50;True;False;False;False;1;15.4201875828253;0;15.4201875828253;15.4201875828253
275;6.50;14.50;True;False;False;False;201;16.50;8.50;True;False;False;False;1;15.6229653606038;0;15.6229653606038;15.6229653606038
275;6.50;14.50;True;False;False;False;281;12.50;14.50;True;False;False;False;1;5.91833333333307;0;5.91833333333307;5.91833333333307
277;8.50;14.50;True;False;False;False;14;23.50;9.50;False;True;False;False;2;33.2714285916791;17.876403134004;30.2817460722463;36.2611111111119
277;8.50;14.50;True;False;False;False;30;0.50;12.50;False;False;True;False;2;89.9143542494953;624.248480054244;72.2473160136415;107.581392485349
277;8.50;14.50;True;False;False;False;140;11.50;4.50;True;False;False;False;1;13.5395382358574;0;13.5395382358574;13.5395382358574
277;8.50;14.50;True;False;False;False;158;15.50;5.50;True;False;False;False;1;15.2101081772439;0;15.2101081772439;15.2101081772439
277;8.50;14.50;True;False;False;False;177;6.50;7.50;True;False;False;False;1;10.1361111111109;0;10.1361111111109;10.1361111111109
277;8.50;14.50;True;False;False;False;181;10.50;7.50;True;False;False;False;1;11.1712049025246;0;11.1712049025246;11.1712049025246
281;12.50;14.50;True;False;False;False;14;23.50;9.50;False;True;False;False;2;24.0819516373755;8.95197475416149;21.9662986939368;26.1976045808142
281;12.50;14.50;True;False;False;False;22;0.50;6.50;False;False;True;False;1;79.9283333333337;0;79.9283333333337;79.9283333333337
281;12.50;14.50;True;False;False;False;30;0.50;12.50;False;False;True;False;2;62.5961111111114;2916.86733395052;24.4066666666677;100.785555555555
281;12.50;14.50;True;False;False;False;140;11.50;4.50;True;False;False;False;1;11.392683986362;0;11.392683986362;11.392683986362
281;12.50;14.50;True;False;False;False;151;8.50;5.50;True;False;False;False;1;13.6661111111152;0;13.6661111111152;13.6661111111152
281;12.50;14.50;True;False;False;False;225;12.50;10.50;True;False;False;False;1;5.06603170555081;0;5.06603170555081;5.06603170555081
281;12.50;14.50;True;False;False;False;239;12.50;11.50;True;False;False;False;1;4.84555555555607;0;4.84555555555607;4.84555555555607
281;12.50;14.50;True;False;False;False;270;15.50;13.50;True;False;False;False;1;6.47943725152291;0;6.47943725152291;6.47943725152291
282;13.50;14.50;True;False;False;False;14;23.50;9.50;False;True;False;False;1;46.1519480409054;0;46.1519480409054;46.1519480409054
282;13.50;14.50;True;False;False;False;30;0.50;12.50;False;False;True;False;1;109.763795097476;0;109.763795097476;109.763795097476
282;13.50;14.50;True;False;False;False;104;17.50;1.50;True;False;False;False;1;16.1197908384365;0;16.1197908384365;16.1197908384365
282;13.50;14.50;True;False;False;False;262;7.50;13.50;True;False;False;False;1;8.93676765100122;0;8.93676765100122;8.93676765100122
284;15.50;14.50;True;False;False;False;14;23.50;9.50;False;True;False;False;1;24.529242475794;0;24.529242475794;24.529242475794
284;15.50;14.50;True;False;False;False;30;0.50;12.50;False;False;True;False;3;87.1849711338371;1109.9851855899;66.4728715691913;125.616666666669
284;15.50;14.50;True;False;False;False;151;8.50;5.50;True;False;False;False;1;15.0444444444447;0;15.0444444444447;15.0444444444447
284;15.50;14.50;True;False;False;False;181;10.50;7.50;True;False;False;False;1;12.5368398636401;0;12.5368398636401;12.5368398636401
284;15.50;14.50;True;False;False;False;235;8.50;11.50;True;False;False;False;1;10.2146464130947;0;10.2146464130947;10.2146464130947
284;15.50;14.50;True;False;False;False;275;6.50;14.50;True;False;False;False;1;8.69861470757678;0;8.69861470757678;8.69861470757678
285;16.50;14.50;True;False;False;False;14;23.50;9.50;False;True;False;False;1;22.6373160136363;0;22.6373160136363;22.6373160136363
285;16.50;14.50;True;False;False;False;30;0.50;12.50;False;False;True;False;1;25.7885209161586;0;25.7885209161586;25.7885209161586
285;16.50;14.50;True;False;False;False;140;11.50;4.50;True;False;False;False;1;13.7622222222226;0;13.7622222222226;13.7622222222226
285;16.50;14.50;True;False;False;False;151;8.50;5.50;True;False;False;False;1;15.5855555555554;0;15.5855555555554;15.5855555555554
286;17.50;14.50;True;False;False;False;14;23.50;9.50;False;True;False;False;1;28.3017604580791;0;28.3017604580791;28.3017604580791
286;17.50;14.50;True;False;False;False;30;0.50;12.50;False;False;True;False;1;178.905353586886;0;178.905353586886;178.905353586886
286;17.50;14.50;True;False;False;False;239;12.50;11.50;True;False;False;False;1;9.32509379141084;0;9.32509379141084;9.32509379141084
286;17.50;14.50;True;False;False;False;271;16.50;13.50;True;False;False;False;1;5.13333333333412;0;5.13333333333412;5.13333333333412
