#TimeStamp;PodsHandledAtIStations;PodsHandledAtOStations;ActiveIStations;ActiveOStations;IStationIdleTimes;OStationIdleTimes;IStationActiveTimes;OStationActiveTimes;IStationRequests;OStationRequests;IStationBundleBacklog;OStationItemBacklog;IStationAssignedBots;OStationAssignedBots;IStationPodsHandled;OStationPodsHandled;IStationBundlesStored;OStationItemsPicked
0;0;0;6;12;0/0,1/0,2/0,3/0,4/0,5/0;0/0,1/0,2/0,3/0,4/0,5/0,6/0,7/0,8/0,9/0,10/0,11/0;0/0,1/0,2/0,3/0,4/0,5/0;0/0,1/0,2/0,3/0,4/0,5/0,6/0,7/0,8/0,9/0,10/0,11/0;0/0,1/0,2/0,3/0,4/0,5/0;0/14,1/11,2/15,3/15,4/15,5/10,6/7,7/13,8/14,9/10,10/14,11/9;0/0,1/0,2/0,3/0,4/0,5/0;0/14,1/11,2/15,3/15,4/15,5/10,6/7,7/13,8/14,9/10,10/14,11/9;0/3,1/3,2/2,3/2,4/2,5/3;0/3,1/2,2/2,3/2,4/3,5/3,6/3,7/2,8/2,9/2,10/3,11/3;0/0,1/0,2/0,3/0,4/0,5/0;0/0,1/0,2/0,3/0,4/0,5/0,6/0,7/0,8/0,9/0,10/0,11/0;0/0,1/0,2/0,3/0,4/0,5/0;0/0,1/0,2/0,3/0,4/0,5/0,6/0,7/0,8/0,9/0,10/0,11/0
59.94;0;0;6;12;0/40.75,1/54.8,2/36.79,3/59.94,4/59.94,5/59.94;0/59.94,1/59.94,2/57.61,3/59.94,4/42.13,5/59.94,6/59.94,7/59.94,8/43.72,9/49.94,10/59.94,11/55.98;0/59.94,1/59.94,2/59.94,3/59.94,4/59.94,5/59.94;0/59.94,1/59.94,2/59.94,3/59.94,4/59.94,5/59.94,6/59.94,7/59.94,8/59.94,9/59.94,10/59.94,11/59.94;0/0,1/0,2/0,3/0,4/0,5/0;0/10,1/8,2/13,3/12,4/7,5/4,6/4,7/9,8/11,9/6,10/8,11/5;0/25,1/19,2/22,3/18,4/17,5/16;0/14,1/11,2/14,3/15,4/13,5/10,6/7,7/13,8/12,9/13,10/14,11/8;0/3,1/3,2/2,3/2,4/2,5/3;0/3,1/2,2/2,3/2,4/3,5/3,6/3,7/2,8/2,9/2,10/3,11/3;0/0,1/0,2/0,3/0,4/0,5/0;0/0,1/0,2/0,3/0,4/0,5/0,6/0,7/0,8/0,9/0,10/0,11/0;0/2,1/1,2/3,3/0,4/0,5/0;0/0,1/0,2/1,3/0,4/2,5/0,6/0,7/0,8/2,9/1,10/0,11/1
119.86;0;10;6;12;0/41.52,1/55.07,2/37.29,3/67.75,4/91.3,5/73.73;0/99.86,1/109.86,2/99.86,3/89.86,4/99.86,5/99.09,6/109.86,7/119.86,8/72.98,9/61.71,10/79.09,11/79.86;0/119.86,1/119.86,2/119.86,3/119.86,4/119.86,5/119.86;0/119.86,1/119.86,2/119.86,3/119.86,4/119.86,5/119.86,6/119.86,7/119.86,8/119.86,9/119.86,10/119.86,11/119.86;0/0,1/0,2/11,3/9,4/8,5/0;0/8,1/7,2/11,3/10,4/6,5/5,6/3,7/9,8/13,9/8,10/6,11/7;0/30,1/21,2/27,3/21,4/22,5/19;0/12,1/14,2/13,3/12,4/13,5/11,6/8,7/13,8/20,9/13,10/9,11/9;0/3,1/3,2/2,3/2,4/2,5/3;0/3,1/2,2/2,3/2,4/3,5/3,6/3,7/2,8/2,9/2,10/3,11/3;0/0,1/0,2/0,3/0,4/0,5/0;0/1,1/0,2/1,3/1,4/0,5/1,6/1,7/0,8/1,9/1,10/1,11/2;0/8,1/7,2/9,3/6,4/3,5/5;0/2,1/1,2/2,3/3,4/2,5/3,6/2,7/0,8/5,9/6,10/5,11/4
179.97;5;23;6;12;0/61.03,1/60.55,2/43.48,3/73.51,4/97.02,5/80.07;0/134.3,1/137.24,2/159.97,3/142.84,4/118.25,5/99.6,6/115.06,7/139.97,8/73.03,9/69.97,10/79.18,11/137.28;0/179.97,1/179.97,2/179.97,3/179.97,4/179.97,5/179.97;0/179.97,1/179.97,2/179.97,3/179.97,4/179.97,5/179.97,6/179.97,7/179.97,8/179.97,9/179.97,10/179.97,11/179.97;0/0,1/0,2/11,3/11,4/0,5/0;0/5,1/7,2/10,3/9,4/10,5/4,6/6,7/6,8/12,9/8,10/8,11/3;0/26,1/16,2/22,3/27,4/16,5/13;0/12,1/13,2/13,3/11,4/15,5/13,6/16,7/11,8/14,9/9,10/9,11/8;0/3,1/3,2/2,3/2,4/2,5/3;0/3,1/2,2/2,3/2,4/3,5/3,6/3,7/2,8/2,9/2,10/3,11/3;0/0,1/1,2/1,3/1,4/1,5/1;0/3,1/1,2/1,3/2,4/1,5/2,6/2,7/1,8/2,9/2,10/3,11/3;0/12,1/12,2/14,3/11,4/9,5/11;0/5,1/5,2/2,3/4,4/7,5/9,6/7,7/4,8/11,9/11,10/11,11/5
239.92;6;32;6;12;0/72.89,1/60.91,2/44.26,3/73.91,4/98.14,5/81.37;0/146.41,1/137.48,2/199.92,3/189.92,4/119.92,5/99.92,6/138.5,7/157.08,8/119.92,9/129.92,10/105.63,11/137.48;0/239.92,1/239.92,2/239.92,3/239.92,4/239.92,5/239.92;0/239.92,1/239.92,2/239.92,3/239.92,4/239.92,5/239.92,6/239.92,7/239.92,8/239.92,9/239.92,10/239.92,11/239.92;0/0,1/0,2/10,3/11,4/8,5/0;0/5,1/10,2/9,3/8,4/6,5/4,6/4,7/6,8/8,9/6,10/7,11/9;0/21,1/19,2/26,3/21,4/18,5/16;0/13,1/14,2/11,3/10,4/10,5/10,6/12,7/11,8/13,9/9,10/13,11/12;0/3,1/3,2/2,3/2,4/2,5/3;0/3,1/2,2/2,3/2,4/3,5/3,6/3,7/2,8/2,9/2,10/3,11/3;0/1,1/1,2/1,3/1,4/1,5/1;0/4,1/2,2/2,3/2,4/3,5/2,6/3,7/2,8/2,9/2,10/4,11/4;0/17,1/18,2/20,3/17,4/15,5/16;0/10,1/11,2/4,3/5,4/12,5/15,6/11,7/9,8/12,9/11,10/14,11/11
299.92;11;49;6;12;0/73.15,1/66.11,2/49.29,3/78.69,4/130.56,5/86.85;0/165.31,1/149.92,2/237.72,3/229.92,4/169.92,5/106.63,6/138.77,7/157.41,8/152.61,9/169.92,10/115.92,11/184.96;0/299.92,1/299.92,2/299.92,3/299.92,4/299.92,5/299.92;0/299.92,1/299.92,2/299.92,3/299.92,4/299.92,5/299.92,6/299.92,7/299.92,8/299.92,9/299.92,10/299.92,11/299.92;0/0,1/0,2/10,3/10,4/0,5/0;0/1,1/12,2/11,3/12,4/4,5/2,6/5,7/13,8/7,9/6,10/5,11/4;0/22,1/22,2/20,3/25,4/15,5/21;0/13,1/16,2/17,3/15,4/13,5/8,6/14,7/17,8/10,9/9,10/13,11/11;0/3,1/3,2/2,3/2,4/2,5/3;0/3,1/2,2/2,3/2,4/3,5/3,6/3,7/2,8/2,9/2,10/3,11/3;0/1,1/2,2/2,3/2,4/2,5/2;0/5,1/2,2/4,3/4,4/4,5/4,6/4,7/3,8/4,9/4,10/6,11/5;0/23,1/24,2/26,3/23,4/18,5/22;0/14,1/15,2/7,3/7,4/13,5/20,6/17,7/15,8/15,9/14,10/19,11/12
359.97;14;57;6;12;0/78.79,1/71.46,2/50.04,3/91.21,4/131.37,5/91.48;0/165.72,1/209.97,2/237.81,3/279.97,4/210.56,5/129.97,6/138.94,7/173.94,8/169.97,9/170.47,10/119.97,11/190.52;0/359.97,1/359.97,2/359.97,3/359.97,4/359.97,5/359.97;0/359.97,1/359.97,2/359.97,3/359.97,4/359.97,5/359.97,6/359.97,7/359.97,8/359.97,9/359.97,10/359.97,11/359.97;0/10,1/10,2/10,3/10,4/7,5/0;0/1,1/10,2/11,3/12,4/3,5/4,6/4,7/9,8/7,9/7,10/5,11/2;0/26,1/26,2/24,3/21,4/16,5/20;0/10,1/16,2/11,3/18,4/11,5/14,6/17,7/13,8/9,9/11,10/12,11/13;0/3,1/3,2/2,3/2,4/2,5/3;0/3,1/2,2/2,3/2,4/3,5/3,6/3,7/2,8/2,9/2,10/3,11/3;0/2,1/3,2/2,3/2,4/2,5/3;0/6,1/2,2/5,3/5,4/5,5/4,6/5,7/4,8/4,9/5,10/6,11/6;0/29,1/30,2/32,3/27,4/24,5/28;0/20,1/15,2/13,3/8,4/15,5/23,6/23,7/19,8/19,9/19,10/24,11/17
419.82;18;67;6;12;0/79.56,1/72.12,2/55.08,3/104.53,4/136.39,5/97;0/166.27,1/213.25,2/279.82,3/294.99,4/210.65,5/179.53,6/138.99,7/186.53,8/229.82,9/180.61,10/159.82,11/190.65;0/419.82,1/419.82,2/419.82,3/419.82,4/419.82,5/419.82;0/419.82,1/419.82,2/419.82,3/419.82,4/419.82,5/419.82,6/419.82,7/419.82,8/419.82,9/419.82,10/419.82,11/419.82;0/0,1/0,2/10,3/8,4/7,5/0;0/3,1/10,2/10,3/11,4/5,5/4,6/5,7/10,8/6,9/9,10/1,11/6;0/20,1/21,2/19,3/24,4/19,5/15;0/14,1/12,2/13,3/13,4/10,5/12,6/14,7/13,8/9,9/11,10/10,11/15;0/3,1/3,2/2,3/2,4/2,5/3;0/3,1/2,2/2,3/2,4/3,5/3,6/3,7/2,8/2,9/2,10/3,11/3;0/2,1/3,2/3,3/3,4/3,5/4;0/7,1/3,2/6,3/6,4/6,5/5,6/5,7/5,8/4,9/6,10/7,11/7;0/35,1/35,2/37,3/32,4/29,5/33;0/26,1/21,2/14,3/13,4/21,5/25,6/29,7/24,8/19,9/24,10/26,11/23
480;20;75;6;12;0/84.64,1/77.6,2/55.72,3/105.05,4/152.89,5/97.39;0/166.33,1/213.8,2/320,3/340,4/211.23,5/179.68,6/139.05,7/220,8/260.29,9/230,10/176.62,11/190.88;0/480,1/480,2/480,3/480,4/480,5/480;0/480,1/480,2/480,3/480,4/480,5/480,6/480,7/480,8/480,9/480,10/480,11/480;0/0,1/0,2/10,3/8,4/16,5/0;0/3,1/11,2/9,3/9,4/12,5/7,6/5,7/10,8/6,9/6,10/2,11/1;0/24,1/22,2/19,3/18,4/24,5/18;0/10,1/14,2/14,3/12,4/17,5/12,6/8,7/14,8/9,9/10,10/11,11/12;0/3,1/3,2/2,3/2,4/2,5/3;0/3,1/2,2/2,3/2,4/3,5/3,6/3,7/2,8/2,9/2,10/3,11/3;0/3,1/4,2/3,3/3,4/3,5/4;0/7,1/4,2/7,3/6,4/7,5/5,6/6,7/5,8/6,9/6,10/8,11/8;0/40,1/41,2/43,3/38,4/33,5/39;0/32,1/27,2/16,3/14,4/27,5/31,6/35,7/26,8/22,9/25,10/31,11/29
539.96;25;88;6;12;0/89.37,1/82.54,2/61.26,3/110.49,4/160.2,5/102.39;0/166.75,1/219.96,2/337.33,3/389.96,4/259.96,5/179.84,6/159.96,7/253.08,8/266.4,9/257.58,10/176.8,11/191.4;0/539.96,1/539.96,2/539.96,3/539.96,4/539.96,5/539.96;0/539.96,1/539.96,2/539.96,3/539.96,4/539.96,5/539.96,6/539.96,7/539.96,8/539.96,9/539.96,10/539.96,11/539.96;0/9,1/8,2/10,3/8,4/7,5/7;0/4,1/8,2/10,3/9,4/6,5/6,6/7,7/10,8/8,9/7,10/3,11/5;0/27,1/25,2/19,3/21,4/18,5/19;0/11,1/13,2/16,3/11,4/16,5/11,6/11,7/11,8/10,9/10,10/10,11/17;0/3,1/3,2/2,3/2,4/2,5/3;0/3,1/2,2/2,3/2,4/3,5/3,6/3,7/2,8/2,9/2,10/3,11/3;0/4,1/4,2/4,3/4,4/4,5/5;0/8,1/5,2/8,3/7,4/7,5/7,6/7,7/6,8/7,9/8,10/9,11/9;0/46,1/46,2/49,3/44,4/39,5/45;0/38,1/32,2/21,3/15,4/28,5/37,6/38,7/29,8/28,9/29,10/37,11/35
599.99;29;98;6;12;0/90.13,1/83.22,2/84.07,3/115.84,4/188.45,5/108.08;0/166.93,1/242.82,2/369.99,3/426.28,4/281.81,5/180.18,6/199.99,7/303.16,8/309.99,9/259.99,10/177.03,11/191.81;0/599.99,1/599.99,2/599.99,3/599.99,4/599.99,5/599.99;0/599.99,1/599.99,2/599.99,3/599.99,4/599.99,5/599.99,6/599.99,7/599.99,8/599.99,9/599.99,10/599.99,11/599.99;0/0,1/0,2/8,3/15,4/7,5/0;0/3,1/6,2/8,3/7,4/6,5/6,6/7,7/8,8/6,9/9,10/4,11/7;0/21,1/19,2/24,3/23,4/23,5/23;0/9,1/11,2/14,3/14,4/12,5/11,6/9,7/10,8/9,9/10,10/11,11/14;0/3,1/3,2/2,3/2,4/2,5/3;0/3,1/2,2/2,3/2,4/3,5/3,6/3,7/2,8/2,9/2,10/3,11/3;0/4,1/5,2/4,3/5,4/5,5/6;0/9,1/6,2/8,3/9,4/9,5/8,6/8,7/7,8/7,9/8,10/10,11/9;0/52,1/52,2/52,3/49,4/42,5/50;0/44,1/36,2/23,3/18,4/32,5/42,6/40,7/30,8/29,9/34,10/43,11/41
659.9;32;109;6;12;0/95.7,1/89.16,2/101.1,3/116.15,4/188.96,5/108.73;0/175.5,1/245.5,2/389.9,3/439.9,4/282.31,5/180.41,6/239.9,7/319.9,8/359.9,9/318.35,10/180.5,11/191.95;0/659.9,1/659.9,2/659.9,3/659.9,4/659.9,5/659.9;0/659.9,1/659.9,2/659.9,3/659.9,4/659.9,5/659.9,6/659.9,7/659.9,8/659.9,9/659.9,10/659.9,11/659.9;0/8,1/7,2/8,3/8,4/7,5/6;0/2,1/6,2/6,3/7,4/8,5/6,6/3,7/9,8/7,9/4,10/1,11/5;0/24,1/20,2/19,3/17,4/17,5/23;0/9,1/12,2/10,3/10,4/14,5/9,6/10,7/11,8/12,9/9,10/9,11/12;0/3,1/3,2/2,3/2,4/2,5/3;0/3,1/2,2/2,3/2,4/3,5/3,6/3,7/2,8/2,9/2,10/3,11/3;0/5,1/6,2/5,3/5,4/5,5/6;0/10,1/7,2/9,3/9,4/9,5/9,6/10,7/8,8/8,9/9,10/11,11/10;0/57,1/58,2/57,3/55,4/48,5/56;0/49,1/42,2/27,3/22,4/38,5/48,6/42,7/34,8/30,9/35,10/48,11/47
719.78;36;122;6;12;0/96.45,1/93.63,2/130.02,3/145.67,4/195.85,5/114.06;0/178.12,1/249.78,2/429.78,3/469.78,4/282.56,5/229.78,6/284.66,7/379.78,8/398.69,9/318.73,10/180.74,11/214.11;0/719.78,1/719.78,2/719.78,3/719.78,4/719.78,5/719.78;0/719.78,1/719.78,2/719.78,3/719.78,4/719.78,5/719.78,6/719.78,7/719.78,8/719.78,9/719.78,10/719.78,11/719.78;0/7,1/9,2/8,3/8,4/7,5/0;0/0,1/7,2/7,3/7,4/10,5/3,6/3,7/7,8/6,9/6,10/1,11/4;0/25,1/24,2/25,3/25,4/19,5/17;0/7,1/12,2/11,3/11,4/15,5/8,6/8,7/11,8/9,9/11,10/8,11/12;0/3,1/3,2/2,3/2,4/2,5/3;0/3,1/2,2/2,3/2,4/3,5/3,6/3,7/2,8/2,9/2,10/3,11/3;0/5,1/6,2/6,3/6,4/6,5/7;0/12,1/7,2/10,3/10,4/11,5/10,6/11,7/8,8/10,9/10,10/12,11/11;0/63,1/63,2/60,3/58,4/53,5/62;0/55,1/47,2/29,3/25,4/44,5/49,6/44,7/34,8/33,9/41,10/54,11/51
779.62;40;132;6;12;0/102.15,1/95.34,2/130.59,3/146.21,4/200.99,5/119.9;0/179.62,1/270.44,2/476.58,3/529.62,4/319.62,5/260.01,6/299.62,7/411.44,8/408.57,9/319.62,10/180.98,11/214.3;0/779.62,1/779.62,2/779.62,3/779.62,4/779.62,5/779.62;0/779.62,1/779.62,2/779.62,3/779.62,4/779.62,5/779.62,6/779.62,7/779.62,8/779.62,9/779.62,10/779.62,11/779.62;0/0,1/5,2/14,3/16,4/13,5/0;0/4,1/6,2/7,3/7,4/8,5/2,6/5,7/6,8/11,9/5,10/2,11/3;0/19,1/23,2/25,3/27,4/19,5/21;0/15,1/8,2/9,3/11,4/13,5/8,6/10,7/8,8/15,9/8,10/9,11/9;0/3,1/3,2/2,3/2,4/2,5/3;0/3,1/2,2/2,3/2,4/3,5/3,6/3,7/2,8/2,9/2,10/3,11/3;0/6,1/7,2/6,3/6,4/7,5/8;0/12,1/8,2/11,3/10,4/11,5/12,6/12,7/10,8/11,9/10,10/13,11/12;0/69,1/69,2/66,3/64,4/59,5/67;0/60,1/51,2/31,3/25,4/46,5/52,6/48,7/37,8/38,9/46,10/60,11/57
839.98;44;142;6;12;0/107.22,1/100.87,2/136.24,3/152.23,4/201.67,5/120.32;0/205.98,1/319.98,2/509.98,3/549.98,4/369.98,5/282.48,6/329.98,7/459.98,8/409.13,9/379.98,10/181.23,11/214.47;0/839.98,1/839.98,2/839.98,3/839.98,4/839.98,5/839.98;0/839.98,1/839.98,2/839.98,3/839.98,4/839.98,5/839.98,6/839.98,7/839.98,8/839.98,9/839.98,10/839.98,11/839.98;0/8,1/0,2/6,3/8,4/12,5/8;0/3,1/5,2/6,3/11,4/7,5/6,6/4,7/5,8/9,9/3,10/3,11/5;0/22,1/17,2/20,3/21,4/18,5/23;0/17,1/10,2/9,3/13,4/12,5/19,6/12,7/7,8/14,9/8,10/9,11/11;0/3,1/3,2/2,3/2,4/2,5/3;0/3,1/2,2/2,3/2,4/3,5/3,6/3,7/2,8/2,9/2,10/3,11/3;0/7,1/8,2/7,3/7,4/7,5/8;0/13,1/8,2/12,3/12,4/12,5/13,6/13,7/10,8/12,9/10,10/14,11/13;0/74,1/75,2/71,3/70,4/65,5/73;0/64,1/52,2/33,3/29,4/47,5/56,6/51,7/38,8/44,9/46,10/66,11/63
899.86;47;156;6;12;0/107.97,1/105.92,2/136.93,3/154.37,4/225.5,5/125.29;0/206.19,1/333.36,2/569.66,3/587.79,4/389.86,5/282.79,6/348.33,7/509.86,8/429.86,9/397.48,10/189.86,11/243.94;0/899.86,1/899.86,2/899.86,3/899.86,4/899.86,5/899.86;0/899.86,1/899.86,2/899.86,3/899.86,4/899.86,5/899.86,6/899.86,7/899.86,8/899.86,9/899.86,10/899.86,11/899.86;0/9,1/0,2/11,3/16,4/7,5/6;0/3,1/11,2/6,3/10,4/6,5/2,6/3,7/4,8/7,9/5,10/10,11/5;0/25,1/18,2/19,3/24,4/15,5/23;0/14,1/15,2/8,3/15,4/8,5/15,6/7,7/8,8/13,9/9,10/13,11/12;0/3,1/3,2/2,3/2,4/2,5/3;0/3,1/2,2/2,3/2,4/3,5/3,6/3,7/2,8/2,9/2,10/3,11/3;0/7,1/9,2/7,3/7,4/8,5/9;0/13,1/10,2/13,3/13,4/14,5/14,6/15,7/11,8/12,9/12,10/15,11/14;0/80,1/80,2/77,3/75,4/68,5/79;0/70,1/57,2/34,3/32,4/51,5/62,6/56,7/39,8/47,9/51,10/71,11/66
959.94;52;168;6;12;0/113.84,1/106.8,2/157.91,3/158.69,4/230.57,5/130.42;0/206.29,1/333.52,2/593.24,3/609.09,4/439.94,5/282.9,6/348.53,7/539.94,8/466.46,9/409.94,10/229.94,11/247.65;0/959.94,1/959.94,2/959.94,3/959.94,4/959.94,5/959.94;0/959.94,1/959.94,2/959.94,3/959.94,4/959.94,5/959.94,6/959.94,7/959.94,8/959.94,9/959.94,10/959.94,11/959.94;0/8,1/8,2/5,3/8,4/7,5/0;0/2,1/11,2/6,3/9,4/8,5/1,6/6,7/4,8/5,9/4,10/5,11/4;0/27,1/20,2/15,3/18,4/15,5/18;0/9,1/12,2/10,3/11,4/10,5/13,6/13,7/9,8/13,9/7,10/16,11/10;0/3,1/3,2/2,3/2,4/2,5/3;0/3,1/2,2/2,3/2,4/3,5/3,6/3,7/2,8/2,9/2,10/3,11/3;0/8,1/9,2/8,3/8,4/9,5/10;0/15,1/10,2/14,3/14,4/15,5/15,6/16,7/12,8/13,9/12,10/16,11/16;0/86,1/86,2/81,3/81,4/74,5/84;0/76,1/63,2/37,3/36,4/52,5/68,6/62,7/42,8/50,9/55,10/73,11/72
1019.85;56;175;6;12;0/119.09,1/116.31,2/175.82,3/163.67,4/265.1,5/135.06;0/206.62,1/379.85,2/619.85,3/649.85,4/489.85,5/283.09,6/355.03,7/580.09,8/466.67,9/450.82,10/241.13,11/247.86;0/1019.85,1/1019.85,2/1019.85,3/1019.85,4/1019.85,5/1019.85;0/1019.85,1/1019.85,2/1019.85,3/1019.85,4/1019.85,5/1019.85,6/1019.85,7/1019.85,8/1019.85,9/1019.85,10/1019.85,11/1019.85;0/0,1/9,2/13,3/8,4/7,5/8;0/5,1/10,2/5,3/6,4/4,5/3,6/5,7/3,8/5,9/5,10/5,11/5;0/22,1/24,2/19,3/19,4/21,5/20;0/15,1/13,2/9,3/10,4/11,5/13,6/10,7/9,8/9,9/9,10/15,11/12;0/3,1/3,2/2,3/2,4/2,5/3;0/3,1/2,2/2,3/2,4/3,5/3,6/3,7/2,8/2,9/2,10/3,11/3;0/9,1/10,2/8,3/9,4/9,5/11;0/15,1/11,2/14,3/14,4/16,5/16,6/17,7/13,8/13,9/13,10/17,11/16;0/91,1/91,2/85,3/87,4/76,5/90;0/82,1/64,2/40,3/37,4/53,5/74,6/67,7/44,8/56,9/57,10/78,11/78
1079.93;60;187;6;12;0/124.47,1/122.09,2/179.65,3/175.93,4/286.13,5/135.46;0/206.82,1/429.93,2/660.97,3/668.76,4/503.35,5/283.22,6/355.22,7/580.53,8/466.9,9/499.93,10/241.18,11/264.98;0/1079.93,1/1079.93,2/1079.93,3/1079.93,4/1079.93,5/1079.93;0/1079.93,1/1079.93,2/1079.93,3/1079.93,4/1079.93,5/1079.93,6/1079.93,7/1079.93,8/1079.93,9/1079.93,10/1079.93,11/1079.93;0/8,1/9,2/16,3/14,4/14,5/8;0/8,1/10,2/9,3/12,4/5,5/6,6/9,7/4,8/6,9/5,10/3,11/4;0/24,1/27,2/21,3/21,4/24,5/22;0/16,1/12,2/13,3/14,4/14,5/15,6/12,7/8,8/9,9/10,10/9,11/8;0/3,1/3,2/2,3/2,4/2,5/3;0/3,1/2,2/2,3/2,4/3,5/3,6/3,7/2,8/2,9/2,10/3,11/3;0/10,1/11,2/9,3/9,4/10,5/11;0/16,1/12,2/15,3/16,4/18,5/16,6/18,7/14,8/14,9/13,10/18,11/17;0/97,1/97,2/91,3/91,4/80,5/96;0/88,1/65,2/42,3/42,4/58,5/80,6/73,7/50,8/62,9/58,10/84,11/82
1139.98;65;195;6;12;0/124.96,1/133.94,2/209.21,3/224.07,4/291.9,5/141.1;0/206.98,1/469.98,2/661.18,3/709.98,4/519.98,5/283.28,6/409.98,7/580.81,8/499.98,9/519.98,10/241.39,11/281.54;0/1139.98,1/1139.98,2/1139.98,3/1139.98,4/1139.98,5/1139.98;0/1139.98,1/1139.98,2/1139.98,3/1139.98,4/1139.98,5/1139.98,6/1139.98,7/1139.98,8/1139.98,9/1139.98,10/1139.98,11/1139.98;0/9,1/0,2/8,3/8,4/7,5/5;0/6,1/8,2/7,3/9,4/5,5/2,6/5,7/7,8/4,9/6,10/5,11/2;0/27,1/22,2/18,3/19,4/18,5/22;0/14,1/15,2/12,3/13,4/18,5/11,6/12,7/12,8/10,9/10,10/10,11/9;0/3,1/3,2/2,3/2,4/2,5/3;0/3,1/2,2/2,3/2,4/3,5/3,6/3,7/2,8/2,9/2,10/3,11/3;0/10,1/12,2/10,3/10,4/11,5/12;0/17,1/13,2/16,3/16,4/18,5/17,6/18,7/14,8/14,9/14,10/19,11/19;0/103,1/102,2/94,3/93,4/86,5/101;0/94,1/67,2/48,3/43,4/62,5/86,6/73,7/56,8/64,9/62,10/90,11/86
1199.92;68;208;6;12;0/129.87,1/137.06,2/226.46,3/226.49,4/306.15,5/146.77;0/210.68,1/519.92,2/661.28,3/741.63,4/526.78,5/292.98,6/443.15,7/583.28,8/512.33,9/542.8,10/259.92,11/281.63;0/1199.92,1/1199.92,2/1199.92,3/1199.92,4/1199.92,5/1199.92;0/1199.92,1/1199.92,2/1199.92,3/1199.92,4/1199.92,5/1199.92,6/1199.92,7/1199.92,8/1199.92,9/1199.92,10/1199.92,11/1199.92;0/0,1/7,2/8,3/15,4/14,5/0;0/8,1/8,2/6,3/11,4/5,5/3,6/7,7/9,8/4,9/9,10/8,11/1;0/22,1/24,2/19,3/21,4/21,5/16;0/16,1/16,2/8,3/13,4/18,5/12,6/15,7/10,8/8,9/11,10/10,11/5;0/3,1/3,2/2,3/2,4/2,5/3;0/3,1/2,2/2,3/2,4/3,5/3,6/3,7/2,8/2,9/2,10/3,11/3;0/11,1/12,2/11,3/10,4/11,5/13;0/18,1/14,2/17,3/18,4/19,5/18,6/20,7/15,8/15,9/15,10/20,11/19;0/108,1/107,2/99,3/98,4/90,5/107;0/99,1/68,2/54,3/46,4/68,5/91,6/76,7/62,8/69,9/66,10/94,11/92
1259.96;73;221;6;12;0/134.68,1/139.88,2/226.8,3/229.31,4/326.39,5/151.7;0/211.04,1/520.33,2/688.09,3/787.29,4/526.82,5/293.21,6/443.25,7/632.53,8/512.53,9/589.96,10/300.71,11/282.44;0/1259.96,1/1259.96,2/1259.96,3/1259.96,4/1259.96,5/1259.96;0/1259.96,1/1259.96,2/1259.96,3/1259.96,4/1259.96,5/1259.96,6/1259.96,7/1259.96,8/1259.96,9/1259.96,10/1259.96,11/1259.96;0/7,1/8,2/17,3/17,4/17,5/8;0/8,1/7,2/14,3/6,4/4,5/6,6/4,7/6,8/14,9/7,10/2,11/9;0/23,1/26,2/23,3/25,4/26,5/19;0/14,1/11,2/16,3/11,4/12,5/11,6/11,7/12,8/15,9/10,10/9,11/11;0/3,1/3,2/2,3/2,4/2,5/3;0/3,1/2,2/2,3/2,4/3,5/3,6/3,7/2,8/2,9/2,10/3,11/3;0/12,1/13,2/11,3/11,4/12,5/14;0/19,1/15,2/18,3/19,4/20,5/19,6/21,7/16,8/16,9/15,10/22,11/21;0/114,1/113,2/104,3/104,4/95,5/112;0/105,1/74,2/58,3/48,4/74,5/97,6/82,7/63,8/75,9/67,10/96,11/98
1319.97;77;232;6;12;0/134.95,1/145.39,2/258.08,3/251.24,4/331.65,5/152.52;0/217.09,1/520.58,2/739.97,3/793.51,4/527.18,5/299.97,6/470.75,7/632.61,8/569.97,9/629.97,10/309.97,11/322.16;0/1319.97,1/1319.97,2/1319.97,3/1319.97,4/1319.97,5/1319.97;0/1319.97,1/1319.97,2/1319.97,3/1319.97,4/1319.97,5/1319.97,6/1319.97,7/1319.97,8/1319.97,9/1319.97,10/1319.97,11/1319.97;0/7,1/7,2/13,3/7,4/7,5/7;0/9,1/7,2/9,3/7,4/2,5/4,6/4,7/7,8/4,9/8,10/7,11/3;0/24,1/27,2/25,3/21,4/21,5/20;0/14,1/13,2/16,3/9,4/11,5/9,6/13,7/8,8/15,9/11,10/13,11/9;0/3,1/3,2/2,3/2,4/2,5/3;0/3,1/2,2/2,3/2,4/3,5/3,6/3,7/2,8/2,9/2,10/3,11/3;0/12,1/14,2/12,3/12,4/13,5/14;0/21,1/15,2/18,3/20,4/21,5/20,6/22,7/17,8/16,9/16,10/23,11/23;0/120,1/119,2/107,3/108,4/100,5/118;0/111,1/80,2/58,3/53,4/80,5/102,6/85,7/69,8/75,9/69,10/101,11/100
1379.99;81;242;6;12;0/140.14,1/148.26,2/287.04,3/256.47,4/336.92,5/158.74;0/230.83,1/520.74,2/750.24,3/813.38,4/527.8,5/321.5,6/471.25,7/669.99,8/603.57,9/659.99,10/345.42,11/322.39;0/1379.99,1/1379.99,2/1379.99,3/1379.99,4/1379.99,5/1379.99;0/1379.99,1/1379.99,2/1379.99,3/1379.99,4/1379.99,5/1379.99,6/1379.99,7/1379.99,8/1379.99,9/1379.99,10/1379.99,11/1379.99;0/0,1/7,2/8,3/14,4/13,5/7;0/10,1/9,2/9,3/6,4/3,5/3,6/4,7/5,8/4,9/7,10/4,11/2;0/19,1/22,2/22,3/22,4/21,5/22;0/17,1/12,2/11,3/10,4/12,5/7,6/13,7/9,8/14,9/8,10/12,11/10;0/3,1/3,2/2,3/2,4/2,5/3;0/3,1/2,2/2,3/2,4/3,5/3,6/3,7/2,8/2,9/2,10/3,11/3;0/13,1/14,2/12,3/13,4/14,5/15;0/22,1/16,2/20,3/21,4/21,5/21,6/23,7/17,8/17,9/17,10/24,11/23;0/125,1/124,2/110,3/114,4/106,5/123;0/115,1/86,2/63,3/57,4/86,5/106,6/91,7/71,8/78,9/72,10/104,11/106
1439.98;85;252;6;12;0/145.95,1/151.85,2/310.79,3/257.05,4/337.51,5/163.61;0/239.98,1/559.98,2/789.98,3/849.98,4/528.08,5/321.83,6/471.37,7/694.46,8/604.01,9/709.98,10/345.63,11/322.91;0/1439.98,1/1439.98,2/1439.98,3/1439.98,4/1439.98,5/1439.98;0/1439.98,1/1439.98,2/1439.98,3/1439.98,4/1439.98,5/1439.98,6/1439.98,7/1439.98,8/1439.98,9/1439.98,10/1439.98,11/1439.98;0/7,1/9,2/8,3/13,4/16,5/8;0/9,1/9,2/6,3/5,4/7,5/10,6/3,7/6,8/7,9/5,10/4,11/4;0/20,1/25,2/18,3/22,4/24,5/24;0/13,1/13,2/9,3/9,4/14,5/18,6/9,7/7,8/14,9/9,10/8,11/10;0/3,1/3,2/2,3/2,4/2,5/3;0/3,1/2,2/2,3/2,4/3,5/3,6/3,7/2,8/2,9/2,10/3,11/3;0/14,1/15,2/13,3/13,4/14,5/16;0/23,1/16,2/20,3/21,4/22,5/24,6/24,7/18,8/18,9/18,10/25,11/23;0/131,1/130,2/114,3/120,4/112,5/129;0/120,1/88,2/65,3/59,4/92,5/112,6/97,7/75,8/84,9/73,10/110,11/112
1500;90;264;6;12;0/146.43,1/157.19,2/316.13,3/281.37,4/345.49,5/168.97;0/280,1/620,2/822.41,3/870,4/528.24,5/330,6/472,7/740,8/604.15,9/720,10/360.9,11/327.05;0/1500,1/1500,2/1500,3/1500,4/1500,5/1500;0/1500,1/1500,2/1500,3/1500,4/1500,5/1500,6/1500,7/1500,8/1500,9/1500,10/1500,11/1500;0/8,1/7,2/17,3/13,4/13,5/8;0/5,1/9,2/6,3/6,4/5,5/9,6/9,7/5,8/7,9/4,10/3,11/5;0/22,1/26,2/21,3/19,4/25,5/18;0/11,1/13,2/10,3/8,4/12,5/15,6/15,7/9,8/11,9/8,10/8,11/9;0/3,1/3,2/2,3/2,4/2,5/3;0/3,1/2,2/2,3/2,4/3,5/3,6/3,7/2,8/2,9/2,10/3,11/3;0/14,1/16,2/14,3/14,4/15,5/17;0/24,1/16,2/22,3/22,4/23,5/24,6/25,7/19,8/18,9/19,10/27,11/25;0/137,1/136,2/120,3/123,4/117,5/135;0/122,1/88,2/68,3/63,4/98,5/117,6/103,7/76,8/90,9/78,10/114,11/118
1559.67;93;276;6;12;0/151.5,1/161.93,2/327.81,3/282.69,4/368.66,5/174.72;0/309.67,1/662.1,2/859.67,3/918.24,4/565.61,5/379.67,6/489.67,7/767.5,8/604.51,9/779.67,10/391.74,11/338.82;0/1559.67,1/1559.67,2/1559.67,3/1559.67,4/1559.67,5/1559.67;0/1559.67,1/1559.67,2/1559.67,3/1559.67,4/1559.67,5/1559.67,6/1559.67,7/1559.67,8/1559.67,9/1559.67,10/1559.67,11/1559.67;0/9,1/0,2/15,3/13,4/13,5/6;0/7,1/6,2/5,3/5,4/5,5/7,6/2,7/6,8/7,9/3,10/7,11/5;0/26,1/21,2/24,3/20,4/22,5/19;0/14,1/11,2/11,3/8,4/12,5/14,6/16,7/7,8/7,9/8,10/10,11/8;0/3,1/3,2/2,3/2,4/2,5/3;0/3,1/2,2/2,3/2,4/3,5/3,6/3,7/2,8/2,9/2,10/3,11/3;0/15,1/17,2/14,3/14,4/15,5/18;0/25,1/18,2/22,3/23,4/24,5/25,6/26,7/21,8/19,9/19,10/28,11/26;0/142,1/141,2/124,3/129,4/120,5/140;0/125,1/90,2/70,3/65,4/100,5/118,6/107,7/80,8/96,9/78,10/117,11/123
1619.83;99;288;6;12;0/166.41,1/166.99,2/342.31,3/303.37,4/374.75,5/180.19;0/313.34,1/683.89,2/885.47,3/942.94,4/565.85,5/398.36,6/513.04,7/799.83,8/659.83,9/799.83,10/429.83,11/339.83;0/1619.83,1/1619.83,2/1619.83,3/1619.83,4/1619.83,5/1619.83;0/1619.83,1/1619.83,2/1619.83,3/1619.83,4/1619.83,5/1619.83,6/1619.83,7/1619.83,8/1619.83,9/1619.83,10/1619.83,11/1619.83;0/0,1/7,2/17,3/12,4/14,5/8;0/6,1/6,2/5,3/10,4/5,5/5,6/2,7/6,8/8,9/6,10/4,11/4;0/21,1/22,2/28,3/22,4/24,5/21;0/9,1/10,2/9,3/12,4/10,5/9,6/12,7/8,8/12,9/12,10/11,11/12;0/3,1/3,2/2,3/2,4/2,5/3;0/3,1/2,2/2,3/2,4/3,5/3,6/3,7/2,8/2,9/2,10/3,11/3;0/16,1/18,2/15,3/15,4/16,5/19;0/27,1/19,2/23,3/24,4/25,5/27,6/27,7/21,8/19,9/20,10/29,11/27;0/147,1/147,2/129,3/133,4/126,5/146;0/131,1/94,2/74,3/68,4/106,5/123,6/111,7/82,8/96,9/82,10/119,11/128
1679.96;103;296;6;12;0/176.71,1/167.96,2/347.69,3/317.43,4/380.63,5/180.46;0/339.96,1/684.04,2/920.05,3/989.96,4/589.81,5/419.96,6/513.21,7/849.96,8/719.96,9/816.69,10/465.24,11/399.96;0/1679.96,1/1679.96,2/1679.96,3/1679.96,4/1679.96,5/1679.96;0/1679.96,1/1679.96,2/1679.96,3/1679.96,4/1679.96,5/1679.96,6/1679.96,7/1679.96,8/1679.96,9/1679.96,10/1679.96,11/1679.96;0/8,1/8,2/23,3/18,4/19,5/5;0/3,1/9,2/4,3/7,4/3,5/5,6/2,7/10,8/8,9/5,10/5,11/2;0/24,1/24,2/28,3/23,4/24,5/20;0/10,1/10,2/9,3/11,4/7,5/9,6/12,7/14,8/12,9/13,10/12,11/12;0/3,1/3,2/2,3/2,4/2,5/3;0/3,1/2,2/2,3/2,4/3,5/3,6/3,7/2,8/2,9/2,10/3,11/3;0/17,1/18,2/16,3/16,4/17,5/19;0/28,1/19,2/24,3/24,4/26,5/28,6/28,7/22,8/19,9/21,10/30,11/27;0/152,1/153,2/135,3/138,4/131,5/152;0/134,1/100,2/76,3/69,4/110,5/126,6/117,7/83,8/96,9/87,10/122,11/128
1739.91;105;307;6;12;0/177.43,1/173.14,2/349.14,3/320.53,4/390.28,5/207.3;0/349.91,1/739.91,2/920.36,3/992.59,4/628.42,5/479.91,6/514.45,7/868.72,8/753.57,9/816.87,10/489.91,11/409.91;0/1739.91,1/1739.91,2/1739.91,3/1739.91,4/1739.91,5/1739.91;0/1739.91,1/1739.91,2/1739.91,3/1739.91,4/1739.91,5/1739.91,6/1739.91,7/1739.91,8/1739.91,9/1739.91,10/1739.91,11/1739.91;0/8,1/8,2/14,3/12,4/11,5/0;0/3,1/6,2/6,3/8,4/2,5/4,6/4,7/8,8/7,9/5,10/4,11/4;0/23,1/27,2/23,3/18,4/19,5/17;0/11,1/10,2/12,3/8,4/6,5/9,6/11,7/13,8/9,9/10,10/9,11/13;0/3,1/3,2/2,3/2,4/2,5/3;0/3,1/2,2/2,3/2,4/3,5/3,6/3,7/2,8/2,9/2,10/3,11/3;0/17,1/19,2/16,3/16,4/17,5/20;0/29,1/19,2/24,3/26,4/27,5/28,6/29,7/23,8/21,9/22,10/31,11/28;0/158,1/158,2/140,3/143,4/136,5/155;0/139,1/100,2/82,3/75,4/112,5/126,6/123,7/88,8/99,9/93,10/125,11/133
1799.99;111;319;6;12;0/182.83,1/180.17,2/404.01,3/356.85,4/402.85,5/212.95;0/357.68,1/758.41,2/926.46,3/1049.99,4/629.99,5/496.04,6/514.68,7/869.99,8/799.99,9/819.99,10/490.7,11/415.8;0/1799.99,1/1799.99,2/1799.99,3/1799.99,4/1799.99,5/1799.99;0/1799.99,1/1799.99,2/1799.99,3/1799.99,4/1799.99,5/1799.99,6/1799.99,7/1799.99,8/1799.99,9/1799.99,10/1799.99,11/1799.99;0/8,1/8,2/8,3/13,4/13,5/13;0/6,1/7,2/6,3/6,4/4,5/5,6/2,7/7,8/7,9/5,10/4,11/3;0/26,1/21,2/22,3/22,4/22,5/25;0/14,1/9,2/8,3/8,4/12,5/10,6/7,7/8,8/15,9/10,10/6,11/10;0/3,1/3,2/2,3/2,4/2,5/3;0/3,1/2,2/2,3/2,4/3,5/3,6/3,7/2,8/2,9/2,10/3,11/3;0/18,1/20,2/17,3/17,4/18,5/21;0/30,1/21,2/25,3/26,4/28,5/30,6/30,7/24,8/21,9/22,10/32,11/30;0/163,1/164,2/141,3/146,4/141,5/160;0/145,1/105,2/88,3/75,4/117,5/131,6/129,7/93,8/100,9/98,10/131,11/139
1859.96;112;331;6;12;0/191.1,1/181.6,2/404.28,3/364.74,4/430.92,5/213.59;0/358.26,1/799.96,2/969.96,3/1089.96,4/673.54,5/499.96,6/529.96,7/929.96,8/833,9/839.26,10/529.96,11/419.59;0/1859.96,1/1859.96,2/1859.96,3/1859.96,4/1859.96,5/1859.96;0/1859.96,1/1859.96,2/1859.96,3/1859.96,4/1859.96,5/1859.96,6/1859.96,7/1859.96,8/1859.96,9/1859.96,10/1859.96,11/1859.96;0/8,1/7,2/15,3/12,4/5,5/7;0/8,1/4,2/6,3/7,4/3,5/5,6/5,7/6,8/11,9/5,10/6,11/4;0/21,1/23,2/23,3/23,4/19,5/19;0/15,1/8,2/8,3/8,4/11,5/10,6/7,7/8,8/16,9/7,10/7,11/8;0/3,1/3,2/2,3/2,4/2,5/3;0/3,1/2,2/2,3/2,4/3,5/3,6/3,7/2,8/2,9/2,10/3,11/3;0/18,1/20,2/17,3/18,4/18,5/21;0/32,1/21,2/25,3/28,4/29,5/31,6/31,7/24,8/22,9/23,10/34,11/31;0/168,1/169,2/147,3/151,4/144,5/166;0/151,1/106,2/89,3/77,4/119,5/136,6/133,7/93,8/103,9/103,10/133,11/145
1920;118;342;6;12;0/199.8,1/185.84,2/409.66,3/381.36,4/448.65,5/219.58;0/358.43,1/842.3,2/997.72,3/1150,4/673.83,5/536.83,6/590,7/980,8/840,9/865.9,10/590,11/434.89;0/1920,1/1920,2/1920,3/1920,4/1920,5/1920;0/1920,1/1920,2/1920,3/1920,4/1920,5/1920,6/1920,7/1920,8/1920,9/1920,10/1920,11/1920;0/6,1/7,2/16,3/12,4/13,5/7;0/4,1/4,2/9,3/5,4/4,5/5,6/4,7/6,8/10,9/6,10/4,11/1;0/21,1/24,2/26,3/19,4/22,5/18;0/14,1/7,2/12,3/8,4/10,5/11,6/7,7/10,8/11,9/8,10/7,11/7;0/3,1/3,2/2,3/2,4/2,5/3;0/3,1/2,2/2,3/2,4/3,5/3,6/3,7/2,8/2,9/2,10/3,11/3;0/20,1/21,2/18,3/18,4/19,5/22;0/33,1/22,2/27,3/28,4/30,5/33,6/31,7/25,8/23,9/24,10/34,11/32;0/174,1/175,2/152,3/155,4/149,5/172;0/157,1/108,2/93,3/77,4/125,5/139,6/133,7/94,8/108,9/106,10/133,11/149
1979.76;123;353;6;12;0/200.4,1/191.11,2/418.5,3/400.71,4/457.88,5/224.78;0/389.76,1/859.76,2/1029.76,3/1158.69,4/681.01,5/549.76,6/629.76,7/996.1,8/899.76,9/909.76,10/615.2,11/435.24;0/1979.76,1/1979.76,2/1979.76,3/1979.76,4/1979.76,5/1979.76;0/1979.76,1/1979.76,2/1979.76,3/1979.76,4/1979.76,5/1979.76,6/1979.76,7/1979.76,8/1979.76,9/1979.76,10/1979.76,11/1979.76;0/6,1/7,2/12,3/11,4/12,5/7;0/3,1/7,2/7,3/3,4/3,5/3,6/3,7/7,8/8,9/3,10/3,11/5;0/23,1/26,2/24,3/19,4/24,5/20;0/12,1/8,2/10,3/8,4/6,5/9,6/12,7/8,8/11,9/9,10/7,11/10;0/3,1/3,2/2,3/2,4/2,5/3;0/3,1/2,2/2,3/2,4/3,5/3,6/3,7/2,8/2,9/2,10/3,11/3;0/20,1/22,2/19,3/19,4/20,5/23;0/33,1/23,2/27,3/30,4/32,5/33,6/33,7/26,8/23,9/24,10/36,11/33;0/180,1/181,2/158,3/160,4/154,5/177;0/159,1/112,2/95,3/83,4/130,5/143,6/135,7/99,8/108,9/107,10/137,11/155
2039.93;128;365;6;12;0/205.47,1/195.87,2/424.04,3/412.3,4/471.88,5/244.65;0/391.22,1/919.93,2/1080.91,3/1158.96,4/719.93,5/571.22,6/658.71,7/1039.93,8/956.27,9/926.4,10/639.93,11/455.96;0/2039.93,1/2039.93,2/2039.93,3/2039.93,4/2039.93,5/2039.93;0/2039.93,1/2039.93,2/2039.93,3/2039.93,4/2039.93,5/2039.93,6/2039.93,7/2039.93,8/2039.93,9/2039.93,10/2039.93,11/2039.93;0/6,1/13,2/12,3/11,4/12,5/7;0/2,1/4,2/7,3/5,4/2,5/5,6/3,7/6,8/8,9/3,10/1,11/5;0/27,1/27,2/19,3/24,4/20,5/23;0/8,1/8,2/9,3/7,4/14,5/15,6/8,7/9,8/10,9/5,10/8,11/9;0/3,1/3,2/2,3/2,4/2,5/3;0/3,1/2,2/2,3/2,4/3,5/3,6/3,7/2,8/2,9/2,10/3,11/3;0/21,1/23,2/20,3/20,4/20,5/24;0/35,1/23,2/28,3/31,4/32,5/34,6/35,7/27,8/24,9/25,10/37,11/34;0/185,1/186,2/163,3/164,4/158,5/181;0/165,1/112,2/96,3/89,4/132,5/147,6/139,7/100,8/109,9/112,10/140,11/159
2099.98;130;376;6;12;0/211.33,1/196.83,2/425,3/432.43,4/490.97,5/262.45;0/391.69,1/966.62,2/1139.98,3/1189.98,4/740.64,5/599.25,6/659.16,7/1060.04,8/969.98,9/929.98,10/686.57,11/499.98;0/2099.98,1/2099.98,2/2099.98,3/2099.98,4/2099.98,5/2099.98;0/2099.98,1/2099.98,2/2099.98,3/2099.98,4/2099.98,5/2099.98,6/2099.98,7/2099.98,8/2099.98,9/2099.98,10/2099.98,11/2099.98;0/6,1/6,2/12,3/6,4/13,5/7;0/5,1/5,2/6,3/6,4/3,5/3,6/10,7/6,8/9,9/6,10/1,11/5;0/21,1/21,2/21,3/20,4/23,5/19;0/12,1/10,2/9,3/13,4/15,5/14,6/12,7/8,8/10,9/7,10/9,11/10;0/3,1/3,2/2,3/2,4/2,5/3;0/3,1/2,2/2,3/2,4/3,5/3,6/3,7/2,8/2,9/2,10/3,11/3;0/22,1/23,2/20,3/20,4/21,5/24;0/36,1/24,2/28,3/31,4/33,5/36,6/36,7/29,8/25,9/26,10/38,11/34;0/191,1/192,2/169,3/168,4/163,5/185;0/171,1/114,2/96,3/91,4/136,5/151,6/145,7/104,8/113,9/117,10/142,11/160
2159.96;134;387;6;12;0/211.88,1/201.65,2/443.47,3/438.1,4/512.71,5/272.68;0/391.84,1/976.02,2/1179.96,3/1242.73,4/740.93,5/599.44,6/681.42,7/1079.2,8/1019.96,9/989.96,10/686.8,11/549.48;0/2159.96,1/2159.96,2/2159.96,3/2159.96,4/2159.96,5/2159.96;0/2159.96,1/2159.96,2/2159.96,3/2159.96,4/2159.96,5/2159.96,6/2159.96,7/2159.96,8/2159.96,9/2159.96,10/2159.96,11/2159.96;0/6,1/6,2/12,3/10,4/13,5/6;0/4,1/4,2/5,3/6,4/3,5/3,6/4,7/7,8/8,9/3,10/1,11/4;0/19,1/21,2/25,3/18,4/20,5/20;0/10,1/8,2/9,3/12,4/12,5/10,6/9,7/12,8/11,9/7,10/9,11/8;0/3,1/3,2/2,3/2,4/2,5/3;0/3,1/2,2/2,3/2,4/3,5/3,6/3,7/2,8/2,9/2,10/3,11/3;0/22,1/24,2/21,3/21,4/21,5/25;0/37,1/25,2/29,3/32,4/34,5/36,6/37,7/30,8/26,9/26,10/39,11/36;0/197,1/198,2/173,3/174,4/166,5/190;0/177,1/119,2/98,3/92,4/142,5/157,6/148,7/109,8/114,9/117,10/148,11/162
2219.9;139;398;6;12;0/217.26,1/206.38,2/452,3/442.85,4/551.72,5/274.31;0/419.9,1/993.78,2/1209.9,3/1259.9,4/742.42,5/599.52,6/713.96,7/1079.32,8/1079.9,9/998.24,10/687.41,11/569.9;0/2219.9,1/2219.9,2/2219.9,3/2219.9,4/2219.9,5/2219.9;0/2219.9,1/2219.9,2/2219.9,3/2219.9,4/2219.9,5/2219.9,6/2219.9,7/2219.9,8/2219.9,9/2219.9,10/2219.9,11/2219.9;0/6,1/5,2/12,3/10,4/10,5/6;0/5,1/4,2/5,3/7,4/2,5/3,6/2,7/6,8/7,9/4,10/2,11/4;0/21,1/21,2/20,3/17,4/22,5/21;0/11,1/5,2/7,3/11,4/8,5/7,6/6,7/8,8/11,9/7,10/11,11/9;0/3,1/3,2/2,3/2,4/2,5/3;0/3,1/2,2/2,3/2,4/3,5/3,6/3,7/2,8/2,9/2,10/3,11/3;0/23,1/25,2/21,3/22,4/22,5/26;0/37,1/26,2/30,3/32,4/35,5/37,6/39,7/31,8/26,9/28,10/40,11/37;0/202,1/203,2/178,3/180,4/169,5/196;0/180,1/123,2/101,3/96,4/148,5/163,6/151,7/115,8/114,9/123,10/154,11/165
2279.95;144;411;6;12;0/222.3,1/211.06,2/458.03,3/473.31,4/556.99,5/279.84;0/436,1/1016.15,2/1249.95,3/1292.02,4/749.95,5/603.57,6/727.51,7/1119.95,8/1109.95,9/1003,10/687.6,11/619.95;0/2279.95,1/2279.95,2/2279.95,3/2279.95,4/2279.95,5/2279.95;0/2279.95,1/2279.95,2/2279.95,3/2279.95,4/2279.95,5/2279.95,6/2279.95,7/2279.95,8/2279.95,9/2279.95,10/2279.95,11/2279.95;0/12,1/12,2/12,3/10,4/17,5/6;0/3,1/6,2/3,3/7,4/7,5/4,6/8,7/6,8/8,9/3,10/2,11/3;0/21,1/22,2/22,3/22,4/24,5/21;0/14,1/10,2/9,3/12,4/12,5/9,6/13,7/9,8/15,9/5,10/9,11/9;0/3,1/3,2/2,3/2,4/2,5/3;0/3,1/2,2/2,3/2,4/3,5/3,6/3,7/2,8/2,9/2,10/3,11/3;0/24,1/26,2/22,3/22,4/23,5/27;0/39,1/27,2/32,3/33,4/36,5/39,6/40,7/31,8/27,9/29,10/40,11/38;0/208,1/209,2/184,3/182,4/174,5/202;0/185,1/127,2/103,3/99,4/153,5/168,6/156,7/116,8/117,9/128,10/160,11/166
2340;149;422;6;12;0/227.76,1/216.56,2/477.37,3/483.73,4/557.74,5/286.05;0/436.09,1/1036.48,2/1250.28,3/1292.7,4/775.27,5/603.85,6/755.32,7/1166.77,8/1137.41,9/1050,10/687.9,11/647.1;0/2340,1/2340,2/2340,3/2340,4/2340,5/2340;0/2340,1/2340,2/2340,3/2340,4/2340,5/2340,6/2340,7/2340,8/2340,9/2340,10/2340,11/2340;0/13,1/14,2/4,3/16,4/10,5/6;0/3,1/6,2/3,3/6,4/4,5/3,6/8,7/6,8/8,9/2,10/4,11/4;0/23,1/24,2/18,3/23,4/18,5/24;0/10,1/6,2/7,3/8,4/10,5/8,6/15,7/7,8/17,9/9,10/11,11/7;0/3,1/3,2/2,3/2,4/2,5/3;0/3,1/2,2/2,3/2,4/3,5/3,6/3,7/2,8/2,9/2,10/3,11/3;0/25,1/27,2/23,3/23,4/23,5/28;0/40,1/28,2/32,3/34,4/37,5/40,6/41,7/32,8/28,9/29,10/41,11/40;0/213,1/214,2/188,3/187,4/180,5/207;0/191,1/131,2/109,3/105,4/157,5/174,6/159,7/118,8/121,9/129,10/166,11/170
2399.96;153;433;6;12;0/233.19,1/225,2/477.96,3/487.6,4/563.16,5/291.33;0/436.3,1/1080.94,2/1267.14,3/1349.96,4/788.06,5/639.96,6/767.19,7/1169.96,8/1137.5,9/1052.25,10/688.24,11/679.96;0/2399.96,1/2399.96,2/2399.96,3/2399.96,4/2399.96,5/2399.96;0/2399.96,1/2399.96,2/2399.96,3/2399.96,4/2399.96,5/2399.96,6/2399.96,7/2399.96,8/2399.96,9/2399.96,10/2399.96,11/2399.96;0/14,1/7,2/11,3/10,4/10,5/11;0/7,1/5,2/5,3/5,4/5,5/2,6/7,7/6,8/8,9/2,10/3,11/3;0/25,1/19,2/19,3/17,4/19,5/23;0/14,1/8,2/10,3/8,4/8,5/9,6/10,7/10,8/12,9/6,10/9,11/7;0/3,1/3,2/2,3/2,4/2,5/3;0/3,1/2,2/2,3/2,4/3,5/3,6/3,7/2,8/2,9/2,10/3,11/3;0/26,1/27,2/23,3/24,4/24,5/29;0/41,1/29,2/33,3/34,4/39,5/40,6/42,7/33,8/29,9/30,10/42,11/41;0/219,1/219,2/194,3/193,4/186,5/213;0/197,1/132,2/114,3/105,4/162,5/176,6/164,7/124,8/127,9/135,10/172,11/172
2459.92;159;445;6;12;0/239.09,1/236.36,2/483.61,3/508.91,4/593.47,5/296.82;0/436.36,1/1119.92,2/1309.92,3/1389.92,4/819.92,5/657.62,6/789.92,7/1178.64,8/1149.92,9/1077.42,10/689.06,11/709.92;0/2459.92,1/2459.92,2/2459.92,3/2459.92,4/2459.92,5/2459.92;0/2459.92,1/2459.92,2/2459.92,3/2459.92,4/2459.92,5/2459.92,6/2459.92,7/2459.92,8/2459.92,9/2459.92,10/2459.92,11/2459.92;0/10,1/13,2/8,3/10,4/10,5/13;0/7,1/6,2/5,3/4,4/5,5/6,6/1,7/6,8/11,9/2,10/14,11/2;0/24,1/25,2/18,3/19,4/23,5/25;0/10,1/11,2/12,3/6,4/11,5/13,6/10,7/8,8/12,9/8,10/22,11/6;0/3,1/3,2/2,3/2,4/2,5/3;0/3,1/2,2/2,3/2,4/3,5/3,6/3,7/2,8/2,9/2,10/3,11/3;0/27,1/28,2/24,3/25,4/25,5/30;0/43,1/29,2/33,3/35,4/39,5/43,6/44,7/34,8/29,9/31,10/43,11/42;0/224,1/224,2/199,3/197,4/189,5/218;0/203,1/134,2/115,3/107,4/164,5/181,6/167,7/129,8/131,9/139,10/178,11/175
2519.97;161;455;6;12;0/239.51,1/242.14,2/504.44,3/534.38,4/594.14,5/297.35;0/469.97,1/1129.97,2/1314.71,3/1410.53,4/849.97,5/657.83,6/818.85,7/1219.97,8/1189.97,9/1080.15,10/689.09,11/739.97;0/2519.97,1/2519.97,2/2519.97,3/2519.97,4/2519.97,5/2519.97;0/2519.97,1/2519.97,2/2519.97,3/2519.97,4/2519.97,5/2519.97,6/2519.97,7/2519.97,8/2519.97,9/2519.97,10/2519.97,11/2519.97;0/10,1/7,2/10,3/6,4/18,5/7;0/6,1/7,2/8,3/4,4/5,5/3,6/1,7/5,8/5,9/3,10/10,11/3;0/24,1/19,2/20,3/16,4/25,5/19;0/11,1/9,2/12,3/9,4/10,5/11,6/8,7/9,8/10,9/10,10/16,11/8;0/3,1/3,2/2,3/2,4/2,5/3;0/3,1/2,2/2,3/2,4/3,5/3,6/3,7/2,8/2,9/2,10/3,11/3;0/27,1/29,2/25,3/25,4/25,5/30;0/43,1/30,2/34,3/37,4/40,5/43,6/45,7/34,8/30,9/32,10/44,11/43;0/230,1/230,2/203,3/200,4/195,5/224;0/205,1/139,2/121,3/111,4/167,5/187,6/171,7/130,8/133,9/144,10/184,11/178
2579.98;165;469;6;12;0/245.21,1/247.63,2/505.27,3/594.4,4/607.43,5/302.33;0/522.07,1/1169.98,2/1329.98,3/1429.98,4/870.6,5/679.98,6/819.17,7/1257.42,8/1231.19,9/1089.98,10/689.21,11/749.21;0/2579.98,1/2579.98,2/2579.98,3/2579.98,4/2579.98,5/2579.98;0/2579.98,1/2579.98,2/2579.98,3/2579.98,4/2579.98,5/2579.98,6/2579.98,7/2579.98,8/2579.98,9/2579.98,10/2579.98,11/2579.98;0/4,1/7,2/15,3/6,4/13,5/7;0/6,1/5,2/4,3/4,4/10,5/1,6/2,7/7,8/3,9/4,10/10,11/5;0/19,1/22,2/19,3/16,4/21,5/18;0/10,1/7,2/8,3/7,4/12,5/10,6/9,7/9,8/10,9/10,10/15,11/6;0/3,1/3,2/2,3/2,4/2,5/3;0/3,1/2,2/2,3/2,4/3,5/3,6/3,7/2,8/2,9/2,10/3,11/3;0/28,1/30,2/25,3/25,4/26,5/31;0/44,1/31,2/35,3/37,4/42,5/44,6/47,7/36,8/31,9/32,10/45,11/45;0/235,1/235,2/209,3/200,4/199,5/230;0/206,1/141,2/125,3/115,4/171,5/190,6/177,7/133,8/135,9/149,10/190,11/184
2639.63;170;478;6;12;0/249.92,1/262.81,2/537.1,3/598.56,4/634.82,5/307.76;0/539.63,1/1219.63,2/1350.57,3/1459.63,4/919.63,5/690.83,6/819.37,7/1299.63,8/1231.52,9/1149.63,10/703.2,11/799.63;0/2639.63,1/2639.63,2/2639.63,3/2639.63,4/2639.63,5/2639.63;0/2639.63,1/2639.63,2/2639.63,3/2639.63,4/2639.63,5/2639.63,6/2639.63,7/2639.63,8/2639.63,9/2639.63,10/2639.63,11/2639.63;0/4,1/5,2/10,3/18,4/21,5/6;0/10,1/4,2/3,3/3,4/3,5/4,6/1,7/4,8/3,9/3,10/11,11/2;0/20,1/22,2/16,3/22,4/26,5/19;0/14,1/7,2/6,3/8,4/11,5/11,6/5,7/9,8/7,9/10,10/15,11/6;0/3,1/3,2/2,3/2,4/2,5/3;0/3,1/2,2/2,3/2,4/3,5/3,6/3,7/2,8/2,9/2,10/3,11/3;0/29,1/31,2/26,3/26,4/26,5/32;0/46,1/32,2/36,3/38,4/42,5/46,6/48,7/36,8/31,9/32,10/46,11/45;0/241,1/240,2/212,3/206,4/202,5/235;0/210,1/142,2/129,3/118,4/172,5/195,6/183,7/134,8/141,9/149,10/194,11/184
2699.87;176;491;6;12;0/258.61,1/268.22,2/543.35,3/614.75,4/646.74,5/313.62;0/569.87,1/1232.03,2/1351.04,3/1494.99,4/943.84,5/691.36,6/820.07,7/1319.33,8/1232.12,9/1160.07,10/719.87,11/833.7;0/2699.87,1/2699.87,2/2699.87,3/2699.87,4/2699.87,5/2699.87;0/2699.87,1/2699.87,2/2699.87,3/2699.87,4/2699.87,5/2699.87,6/2699.87,7/2699.87,8/2699.87,9/2699.87,10/2699.87,11/2699.87;0/10,1/5,2/16,3/12,4/20,5/6;0/6,1/7,2/4,3/3,4/3,5/9,6/1,7/4,8/5,9/3,10/9,11/2;0/21,1/26,2/22,3/18,4/28,5/20;0/14,1/12,2/7,3/6,4/11,5/21,6/7,7/9,8/11,9/7,10/11,11/7;0/3,1/3,2/2,3/2,4/2,5/3;0/3,1/2,2/2,3/2,4/3,5/3,6/3,7/2,8/2,9/2,10/3,11/3;0/30,1/32,2/27,3/27,4/27,5/33;0/47,1/34,2/37,3/39,4/43,5/47,6/48,7/37,8/32,9/33,10/47,11/47;0/246,1/245,2/218,3/210,4/207,5/241;0/213,1/147,2/135,3/121,4/176,5/201,6/188,7/139,8/147,9/154,10/198,11/187
2759.87;180;505;6;12;0/275.63,1/276.34,2/593.44,3/674.76,4/657.28,5/343.1;0/571.51,1/1232.15,2/1371.11,3/1495.28,4/944.01,5/691.55,6/820.37,7/1345.33,8/1232.37,9/1160.23,10/759.87,11/834.01;0/2759.87,1/2759.87,2/2759.87,3/2759.87,4/2759.87,5/2759.87;0/2759.87,1/2759.87,2/2759.87,3/2759.87,4/2759.87,5/2759.87,6/2759.87,7/2759.87,8/2759.87,9/2759.87,10/2759.87,11/2759.87;0/9,1/13,2/10,3/6,4/15,5/6;0/6,1/8,2/5,3/6,4/2,5/9,6/11,7/3,8/3,9/4,10/7,11/3;0/22,1/28,2/21,3/18,4/23,5/23;0/11,1/9,2/9,3/11,4/9,5/20,6/17,7/7,8/9,9/6,10/10,11/8;0/3,1/3,2/2,3/2,4/2,5/3;0/3,1/2,2/2,3/2,4/3,5/3,6/3,7/2,8/2,9/2,10/3,11/3;0/30,1/33,2/28,3/27,4/28,5/34;0/49,1/35,2/38,3/40,4/44,5/47,6/50,7/38,8/33,9/34,10/49,11/48;0/250,1/251,2/219,3/210,4/212,5/244;0/219,1/153,2/139,3/127,4/182,5/207,6/194,7/142,8/153,9/160,10/200,11/193
2819.94;184;511;6;12;0/309.23,1/276.79,2/595.25,3/692.53,4/663.03,5/352.46;0/571.75,1/1279.94,2/1382.47,3/1509.94,4/944.27,5/691.66,6/839.94,7/1369.94,8/1241.75,9/1169.94,10/819.94,11/851.57;0/2819.94,1/2819.94,2/2819.94,3/2819.94,4/2819.94,5/2819.94;0/2819.94,1/2819.94,2/2819.94,3/2819.94,4/2819.94,5/2819.94,6/2819.94,7/2819.94,8/2819.94,9/2819.94,10/2819.94,11/2819.94;0/4,1/5,2/10,3/10,4/14,5/14;0/7,1/8,2/5,3/6,4/2,5/7,6/11,7/3,8/6,9/7,10/5,11/4;0/19,1/22,2/16,3/17,4/23,5/26;0/11,1/9,2/9,3/7,4/10,5/16,6/19,7/10,8/12,9/12,10/10,11/10;0/3,1/3,2/2,3/2,4/2,5/3;0/3,1/2,2/2,3/2,4/3,5/3,6/3,7/2,8/2,9/2,10/3,11/3;0/31,1/33,2/28,3/28,4/29,5/35;0/50,1/35,2/39,3/40,4/45,5/48,6/50,7/38,8/34,9/34,10/49,11/49;0/253,1/257,2/224,3/215,4/218,5/249;0/225,1/154,2/144,3/131,4/188,5/213,6/198,7/145,8/158,9/165,10/200,11/197
2879.96;188;523;6;12;0/314.61,1/282.1,2/599.23,3/698.61,4/696.43,5/356.38;0/605.8,1/1329.96,2/1409.96,3/1559.96,4/955.51,5/691.88,6/859.96,7/1429.96,8/1241.88,9/1213.18,10/844.05,11/869.92;0/2879.96,1/2879.96,2/2879.96,3/2879.96,4/2879.96,5/2879.96;0/2879.96,1/2879.96,2/2879.96,3/2879.96,4/2879.96,5/2879.96,6/2879.96,7/2879.96,8/2879.96,9/2879.96,10/2879.96,11/2879.96;0/5,1/5,2/9,3/10,4/14,5/12;0/7,1/9,2/4,3/4,4/3,5/7,6/6,7/3,8/3,9/8,10/4,11/5;0/18,1/23,2/15,3/16,4/27,5/27;0/17,1/12,2/8,3/6,4/9,5/12,6/18,7/10,8/11,9/15,10/9,11/9;0/3,1/3,2/2,3/2,4/2,5/3;0/3,1/2,2/2,3/2,4/3,5/3,6/3,7/2,8/2,9/2,10/3,11/3;0/32,1/34,2/29,3/29,4/29,5/35;0/51,1/36,2/39,3/41,4/47,5/49,6/51,7/38,8/34,9/35,10/51,11/51;0/259,1/262,2/230,3/220,4/220,5/254;0/228,1/155,2/147,3/132,4/193,5/219,6/202,7/145,8/164,9/167,10/204,11/202
2939.98;192;532;6;12;0/320.33,1/287.39,2/631.06,3/736.55,4/756.44,5/358.37;0/613.89,1/1389.98,2/1439.98,3/1609.98,4/955.9,5/734.61,6/866.56,7/1442.9,8/1242.03,9/1214.48,10/869.98,11/889.98;0/2939.98,1/2939.98,2/2939.98,3/2939.98,4/2939.98,5/2939.98;0/2939.98,1/2939.98,2/2939.98,3/2939.98,4/2939.98,5/2939.98,6/2939.98,7/2939.98,8/2939.98,9/2939.98,10/2939.98,11/2939.98;0/10,1/14,2/9,3/12,4/14,5/6;0/6,1/7,2/5,3/4,4/4,5/5,6/7,7/4,8/3,9/7,10/3,11/4;0/18,1/26,2/19,3/20,4/27,5/21;0/14,1/12,2/9,3/6,4/11,5/13,6/19,7/8,8/10,9/12,10/11,11/8;0/3,1/3,2/2,3/2,4/2,5/3;0/3,1/2,2/2,3/2,4/3,5/3,6/3,7/2,8/2,9/2,10/3,11/3;0/33,1/35,2/30,3/29,4/29,5/36;0/52,1/36,2/40,3/42,4/47,5/50,6/52,7/39,8/35,9/36,10/52,11/51;0/264,1/268,2/233,3/222,4/220,5/260;0/233,1/155,2/150,3/133,4/199,5/221,6/208,7/150,8/170,9/173,10/207,11/205
2999.99;196;545;6;12;0/325.79,1/287.87,2/655.94,3/780.38,4/767.99,5/363.59;0/636.82,1/1394,2/1485.91,3/1661.45,4/956.22,5/735.26,6/866.72,7/1449.99,8/1242.26,9/1230.29,10/902.37,11/925.3;0/2999.99,1/2999.99,2/2999.99,3/2999.99,4/2999.99,5/2999.99;0/2999.99,1/2999.99,2/2999.99,3/2999.99,4/2999.99,5/2999.99,6/2999.99,7/2999.99,8/2999.99,9/2999.99,10/2999.99,11/2999.99;0/12,1/11,2/10,3/12,4/19,5/7;0/6,1/9,2/7,3/3,4/1,5/5,6/10,7/10,8/1,9/6,10/1,11/3;0/19,1/26,2/21,3/18,4/27,5/22;0/15,1/12,2/11,3/5,4/9,5/12,6/21,7/11,8/8,9/8,10/10,11/5;0/3,1/3,2/2,3/2,4/2,5/3;0/3,1/2,2/2,3/2,4/3,5/3,6/3,7/2,8/2,9/2,10/3,11/3;0/34,1/35,2/30,3/30,4/30,5/37;0/53,1/38,2/41,3/43,4/48,5/51,6/53,7/40,8/36,9/37,10/53,11/52;0/270,1/274,2/236,3/224,4/225,5/266;0/237,1/161,2/152,3/134,4/205,5/227,6/214,7/155,8/176,9/177,10/210,11/208
3059.93;202;556;6;12;0/331.34,1/293.57,2/671.49,3/806.04,4/773.73,5/368.51;0/650.2,1/1409.93,2/1486.28,3/1661.73,4/956.61,5/755.25,6/866.77,7/1501.94,8/1242.58,9/1279.93,10/902.64,11/939.93;0/3059.93,1/3059.93,2/3059.93,3/3059.93,4/3059.93,5/3059.93;0/3059.93,1/3059.93,2/3059.93,3/3059.93,4/3059.93,5/3059.93,6/3059.93,7/3059.93,8/3059.93,9/3059.93,10/3059.93,11/3059.93;0/5,1/13,2/10,3/12,4/16,5/7;0/4,1/8,2/7,3/2,4/2,5/1,6/13,7/5,8/3,9/5,10/1,11/2;0/19,1/29,2/16,3/21,4/26,5/24;0/14,1/10,2/11,3/6,4/9,5/11,6/22,7/10,8/13,9/8,10/8,11/8;0/3,1/3,2/2,3/2,4/2,5/3;0/3,1/2,2/2,3/2,4/3,5/3,6/3,7/2,8/2,9/2,10/3,11/3;0/35,1/36,2/31,3/31,4/31,5/38;0/54,1/38,2/41,3/44,4/50,5/52,6/54,7/41,8/36,9/37,10/55,11/54;0/275,1/279,2/241,3/228,4/231,5/271;0/241,1/165,2/158,3/140,4/211,5/231,6/220,7/156,8/182,9/178,10/216,11/212
3119.99;207;564;6;12;0/338.65,1/299.22,2/677.67,3/837.2,4/779.89,5/379.71;0/650.55,1/1469.99,2/1488.52,3/1662.14,4/956.81,5/755.6,6/866.86,7/1502.19,8/1252.36,9/1281.57,10/902.89,11/979.99;0/3119.99,1/3119.99,2/3119.99,3/3119.99,4/3119.99,5/3119.99;0/3119.99,1/3119.99,2/3119.99,3/3119.99,4/3119.99,5/3119.99,6/3119.99,7/3119.99,8/3119.99,9/3119.99,10/3119.99,11/3119.99;0/5,1/8,2/17,3/12,4/11,5/14;0/2,1/7,2/5,3/4,4/3,5/8,6/10,7/5,8/4,9/7,10/0,11/2;0/19,1/23,2/25,3/26,4/21,5/26;0/10,1/10,2/9,3/7,4/9,5/17,6/16,7/11,8/12,9/9,10/7,11/8;0/3,1/3,2/2,3/2,4/2,5/3;0/3,1/2,2/2,3/2,4/3,5/3,6/3,7/2,8/2,9/2,10/3,11/3;0/36,1/37,2/32,3/31,4/32,5/39;0/55,1/38,2/42,3/45,4/50,5/52,6/55,7/41,8/37,9/39,10/55,11/55;0/280,1/285,2/246,3/230,4/236,5/276;0/247,1/165,2/164,3/146,4/217,5/237,6/226,7/162,8/187,9/184,10/222,11/214
3179.97;212;576;6;12;0/344.54,1/304.66,2/725.33,3/864.3,4/787.88,5/384.87;0/650.78,1/1499.97,2/1488.75,3/1662.38,4/961.76,5/756.1,6/873.44,7/1502.45,8/1252.54,9/1299.97,10/903.36,11/983.44;0/3179.97,1/3179.97,2/3179.97,3/3179.97,4/3179.97,5/3179.97;0/3179.97,1/3179.97,2/3179.97,3/3179.97,4/3179.97,5/3179.97,6/3179.97,7/3179.97,8/3179.97,9/3179.97,10/3179.97,11/3179.97;0/10,1/14,2/10,3/12,4/16,5/14;0/4,1/9,2/6,3/10,4/4,5/9,6/7,7/5,8/7,9/10,10/10,11/3;0/18,1/24,2/23,3/22,4/21,5/27;0/10,1/10,2/9,3/14,4/9,5/14,6/13,7/8,8/14,9/11,10/16,11/8;0/3,1/3,2/2,3/2,4/2,5/3;0/3,1/2,2/2,3/2,4/3,5/3,6/3,7/2,8/2,9/2,10/3,11/3;0/37,1/38,2/33,3/32,4/32,5/40;0/56,1/40,2/43,3/45,4/51,5/53,6/56,7/42,8/37,9/40,10/56,11/57;0/286,1/290,2/248,3/234,4/241,5/282;0/253,1/168,2/170,3/152,4/222,5/243,6/231,7/168,8/193,9/188,10/228,11/220
3239.94;215;584;6;12;0/349.52,1/310.58,2/725.87,3/870.36,4/834.6,5/385.23;0/651.21,1/1559.94,2/1509.94,3/1698.04,4/978.65,5/756.4,6/919.94,7/1529.94,8/1291.12,9/1359.94,10/909.94,11/983.82;0/3239.94,1/3239.94,2/3239.94,3/3239.94,4/3239.94,5/3239.94;0/3239.94,1/3239.94,2/3239.94,3/3239.94,4/3239.94,5/3239.94,6/3239.94,7/3239.94,8/3239.94,9/3239.94,10/3239.94,11/3239.94;0/10,1/12,2/16,3/10,4/11,5/13;0/3,1/6,2/6,3/7,4/7,5/7,6/6,7/4,8/6,9/7,10/8,11/3;0/18,1/23,2/23,3/21,4/19,5/27;0/11,1/10,2/7,3/12,4/13,5/11,6/12,7/11,8/12,9/11,10/17,11/10;0/3,1/3,2/2,3/2,4/2,5/3;0/3,1/2,2/2,3/2,4/3,5/3,6/3,7/2,8/2,9/2,10/3,11/3;0/38,1/38,2/33,3/33,4/33,5/40;0/57,1/40,2/44,3/46,4/52,5/55,6/56,7/42,8/38,9/40,10/57,11/57;0/291,1/295,2/254,3/239,4/243,5/288;0/259,1/168,2/173,3/155,4/227,5/249,6/232,7/171,8/195,9/188,10/233,11/226
3299.9;219;597;6;12;0/355.65,1/320.64,2/732.01,3/878.12,4/858.32,5/390.92;0/651.45,1/1609.9,2/1564.77,3/1724.86,4/978.77,5/797.65,6/949.9,7/1565.92,8/1291.32,9/1372.05,10/944.67,11/985.34;0/3299.9,1/3299.9,2/3299.9,3/3299.9,4/3299.9,5/3299.9;0/3299.9,1/3299.9,2/3299.9,3/3299.9,4/3299.9,5/3299.9,6/3299.9,7/3299.9,8/3299.9,9/3299.9,10/3299.9,11/3299.9;0/13,1/9,2/16,3/15,4/12,5/11;0/2,1/4,2/5,3/6,4/5,5/5,6/6,7/5,8/6,9/10,10/5,11/3;0/20,1/23,2/24,3/21,4/23,5/26;0/8,1/13,2/6,3/9,4/15,5/15,6/11,7/11,8/8,9/17,10/14,11/13;0/3,1/3,2/2,3/2,4/2,5/3;0/3,1/2,2/2,3/2,4/3,5/3,6/3,7/2,8/2,9/2,10/3,11/3;0/39,1/39,2/34,3/33,4/33,5/41;0/58,1/41,2/45,3/47,4/53,5/56,6/57,7/43,8/38,9/42,10/58,11/59;0/297,1/300,2/259,3/244,4/246,5/293;0/265,1/169,2/174,3/158,4/233,5/251,6/235,7/174,8/201,9/193,10/236,11/232
3359.93;225;607;6;12;0/374.52,1/324.27,2/737.31,3/935.64,4/893.39,5/396.03;0/651.81,1/1624.12,2/1599.93,3/1749.93,4/978.85,5/797.81,6/959.93,7/1566.13,8/1299.93,9/1372.12,10/944.84,11/985.46;0/3359.93,1/3359.93,2/3359.93,3/3359.93,4/3359.93,5/3359.93;0/3359.93,1/3359.93,2/3359.93,3/3359.93,4/3359.93,5/3359.93,6/3359.93,7/3359.93,8/3359.93,9/3359.93,10/3359.93,11/3359.93;0/9,1/10,2/17,3/10,4/21,5/4;0/7,1/5,2/5,3/6,4/2,5/5,6/3,7/6,8/6,9/10,10/9,11/2;0/20,1/23,2/24,3/20,4/29,5/20;0/11,1/12,2/11,3/8,4/9,5/10,6/9,7/10,8/9,9/11,10/15,11/7;0/3,1/3,2/2,3/2,4/2,5/3;0/3,1/2,2/2,3/2,4/3,5/3,6/3,7/2,8/2,9/2,10/3,11/3;0/40,1/40,2/35,3/34,4/34,5/42;0/59,1/42,2/46,3/48,4/54,5/56,6/59,7/44,8/39,9/42,10/59,11/59;0/301,1/306,2/265,3/245,4/249,5/299;0/271,1/174,2/176,3/161,4/239,5/257,6/240,7/180,8/206,9/199,10/242,11/238
3419.96;229;618;6;12;0/380.14,1/328.96,2/768.46,3/938.52,4/899.07,5/400.71;0/669.96,1/1639.96,2/1637.96,3/1809.96,4/979.14,5/798,6/1005.54,7/1566.3,8/1326.75,9/1419.96,10/944.87,11/986.16;0/3419.96,1/3419.96,2/3419.96,3/3419.96,4/3419.96,5/3419.96;0/3419.96,1/3419.96,2/3419.96,3/3419.96,4/3419.96,5/3419.96,6/3419.96,7/3419.96,8/3419.96,9/3419.96,10/3419.96,11/3419.96;0/13,1/12,2/11,3/18,4/16,5/9;0/5,1/6,2/5,3/6,4/6,5/4,6/4,7/5,8/6,9/9,10/4,11/6;0/22,1/23,2/22,3/23,4/24,5/20;0/10,1/10,2/10,3/8,4/13,5/9,6/11,7/6,8/10,9/12,10/9,11/9;0/3,1/3,2/2,3/2,4/2,5/3;0/3,1/2,2/2,3/2,4/3,5/3,6/3,7/2,8/2,9/2,10/3,11/3;0/41,1/41,2/35,3/34,4/35,5/43;0/59,1/42,2/47,3/48,4/56,5/58,6/60,7/44,8/40,9/43,10/60,11/61;0/307,1/312,2/267,3/250,4/254,5/304;0/275,1/178,2/179,3/161,4/245,5/263,6/242,7/186,8/210,9/200,10/248,11/244
3479.96;232;627;6;12;0/381.27,1/334.4,2/828.46,3/949.41,4/928.95,5/405.48;0/711.75,1/1664.03,2/1666.08,3/1859.96,4/979.34,5/849.96,6/1005.99,7/1619.96,8/1327.12,9/1469.96,10/972.97,11/1019.96;0/3479.96,1/3479.96,2/3479.96,3/3479.96,4/3479.96,5/3479.96;0/3479.96,1/3479.96,2/3479.96,3/3479.96,4/3479.96,5/3479.96,6/3479.96,7/3479.96,8/3479.96,9/3479.96,10/3479.96,11/3479.96;0/9,1/11,2/11,3/15,4/16,5/10;0/3,1/5,2/3,3/5,4/7,5/1,6/5,7/5,8/5,9/9,10/4,11/1;0/21,1/23,2/22,3/23,4/28,5/19;0/9,1/9,2/9,3/8,4/12,5/10,6/10,7/8,8/7,9/11,10/9,11/8;0/3,1/3,2/2,3/2,4/2,5/3;0/3,1/2,2/2,3/2,4/3,5/3,6/3,7/2,8/2,9/2,10/3,11/3;0/41,1/42,2/35,3/35,4/35,5/44;0/61,1/43,2/48,3/49,4/56,5/58,6/61,7/44,8/41,9/44,10/61,11/61;0/312,1/317,2/267,3/255,4/257,5/310;0/277,1/182,2/182,3/162,4/251,5/263,6/248,7/186,8/216,9/201,10/251,11/246
3539.93;237;639;6;12;0/401.6,1/340.46,2/839.5,3/983.48,4/964.38,5/409.93;0/712.02,1/1719.93,2/1666.26,3/1887.83,4/989.93,5/853.35,6/1029.93,7/1656.3,8/1375.08,9/1517.28,10/989.93,11/1041.5;0/3539.93,1/3539.93,2/3539.93,3/3539.93,4/3539.93,5/3539.93;0/3539.93,1/3539.93,2/3539.93,3/3539.93,4/3539.93,5/3539.93,6/3539.93,7/3539.93,8/3539.93,9/3539.93,10/3539.93,11/3539.93;0/11,1/11,2/15,3/9,4/16,5/10;0/2,1/4,2/7,3/6,4/6,5/3,6/7,7/4,8/3,9/8,10/3,11/1;0/23,1/21,2/21,3/20,4/25,5/19;0/6,1/9,2/14,3/11,4/10,5/11,6/16,7/6,8/7,9/9,10/8,11/8;0/3,1/3,2/2,3/2,4/2,5/3;0/3,1/2,2/2,3/2,4/3,5/3,6/3,7/2,8/2,9/2,10/3,11/3;0/42,1/43,2/36,3/36,4/36,5/44;0/62,1/43,2/48,3/51,4/57,5/59,6/62,7/46,8/42,9/45,10/62,11/62;0/316,1/323,2/272,3/258,4/260,5/315;0/283,1/182,2/188,3/166,4/255,5/269,6/251,7/189,8/217,9/203,10/255,11/250
3600;244;653;6;12;0/414.52,1/345.48,2/846.26,3/989.03,4/969.31,5/416.43;0/753.76,1/1725.19,2/1666.45,3/1900,4/1002.52,5/853.76,6/1054.21,7/1700,8/1375.35,9/1565.73,10/1001.81,11/1041.85;0/3600,1/3600,2/3600,3/3600,4/3600,5/3600;0/3600,1/3600,2/3600,3/3600,4/3600,5/3600,6/3600,7/3600,8/3600,9/3600,10/3600,11/3600;0/6,1/11,2/15,3/16,4/14,5/11;0/0,1/6,2/5,3/6,4/5,5/3,6/5,7/4,8/5,9/7,10/3,11/2;0/18,1/22,2/19,3/21,4/25,5/19;0/9,1/10,2/9,3/10,4/9,5/12,6/16,7/8,8/8,9/9,10/8,11/10;0/3,1/3,2/2,3/2,4/2,5/3;0/3,1/2,2/2,3/2,4/3,5/3,6/3,7/2,8/2,9/2,10/3,11/3;0/43,1/44,2/37,3/37,4/37,5/46;0/63,1/45,2/49,3/51,4/59,5/61,6/63,7/46,8/43,9/46,10/64,11/63;0/321,1/328,2/278,3/264,4/265,5/321;0/285,1/188,2/194,3/170,4/260,5/275,6/255,7/190,8/223,9/204,10/260,11/256
3659.89;249;663;6;12;0/419.85,1/352.99,2/897.41,3/989.39,4/981.94,5/422.65;0/765.17,1/1734.5,2/1666.84,3/1919.89,4/1029.29,5/854.03,6/1054.33,7/1759.89,8/1389.89,9/1609.89,10/1048.85,11/1042.21;0/3659.89,1/3659.89,2/3659.89,3/3659.89,4/3659.89,5/3659.89;0/3659.89,1/3659.89,2/3659.89,3/3659.89,4/3659.89,5/3659.89,6/3659.89,7/3659.89,8/3659.89,9/3659.89,10/3659.89,11/3659.89;0/12,1/11,2/9,3/15,4/20,5/12;0/7,1/4,2/13,3/5,4/5,5/5,6/5,7/3,8/5,9/7,10/2,11/2;0/18,1/23,2/18,3/20,4/26,5/28;0/15,1/8,2/15,3/10,4/9,5/11,6/10,7/8,8/6,9/12,10/10,11/8;0/3,1/3,2/2,3/2,4/2,5/3;0/3,1/2,2/2,3/2,4/3,5/3,6/3,7/2,8/2,9/2,10/3,11/3;0/44,1/45,2/38,3/37,4/38,5/47;0/64,1/46,2/50,3/52,4/61,5/62,6/64,7/46,8/43,9/46,10/65,11/64;0/327,1/333,2/279,3/269,4/270,5/326;0/290,1/193,2/200,3/174,4/264,5/281,6/261,7/190,8/227,9/205,10/262,11/262
3720;254;671;6;12;0/424.97,1/356.86,2/914.59,3/1028.81,4/982.88,5/427.72;0/790,1/1740,2/1710,3/1934.5,4/1050,5/860,6/1054.64,7/1770,8/1440,9/1638.46,10/1049.1,11/1050;0/3720,1/3720,2/3720,3/3720,4/3720,5/3720;0/3720,1/3720,2/3720,3/3720,4/3720,5/3720,6/3720,7/3720,8/3720,9/3720,10/3720,11/3720;0/12,1/13,2/15,3/15,4/20,5/12;0/4,1/5,2/7,3/5,4/3,5/3,6/10,7/6,8/4,9/7,10/2,11/2;0/24,1/24,2/20,3/24,4/26,5/22;0/14,1/6,2/16,3/10,4/6,5/8,6/13,7/10,8/7,9/10,10/8,11/9;0/3,1/3,2/2,3/2,4/2,5/3;0/3,1/2,2/2,3/2,4/3,5/3,6/3,7/2,8/2,9/2,10/3,11/3;0/45,1/46,2/39,3/38,4/38,5/48;0/64,1/46,2/50,3/53,4/61,5/62,6/65,7/47,8/44,9/48,10/66,11/65;0/332,1/339,2/283,3/272,4/276,5/332;0/293,1/198,2/201,3/179,4/267,5/286,6/267,7/195,8/228,9/209,10/268,11/267
3780;259;683;6;12;0/449.31,1/389.97,2/920.5,3/1033.99,4/994.46,5/433.43;0/796.65,1/1800,2/1750.98,3/1936.29,4/1090,5/912.76,6/1110,7/1781.32,8/1490,9/1640,10/1049.33,11/1080.98;0/3780,1/3780,2/3780,3/3780,4/3780,5/3780;0/3780,1/3780,2/3780,3/3780,4/3780,5/3780,6/3780,7/3780,8/3780,9/3780,10/3780,11/3780;0/12,1/7,2/14,3/8,4/19,5/10;0/3,1/4,2/8,3/5,4/2,5/2,6/6,7/7,8/3,9/7,10/0,11/1;0/26,1/21,2/20,3/19,4/26,5/22;0/11,1/6,2/17,3/9,4/8,5/7,6/12,7/9,8/7,9/12,10/6,11/8;0/3,1/3,2/2,3/2,4/2,5/3;0/3,1/2,2/2,3/2,4/3,5/3,6/3,7/2,8/2,9/2,10/3,11/3;0/46,1/47,2/39,3/39,4/39,5/49;0/65,1/46,2/51,3/54,4/63,5/63,6/66,7/49,8/45,9/48,10/67,11/66;0/336,1/342,2/288,3/277,4/281,5/337;0/299,1/198,2/203,3/185,4/269,5/287,6/268,7/200,8/229,9/214,10/274,11/270
3839.85;264;695;6;12;0/457.17,1/395.57,2/947.48,3/1049.73,4/1015.44,5/440.3;0/796.8,1/1819.85,2/1751.07,3/1969.85,4/1109.85,5/912.99,6/1133.2,7/1809.85,8/1537.51,9/1685.46,10/1055.91,11/1086;0/3839.85,1/3839.85,2/3839.85,3/3839.85,4/3839.85,5/3839.85;0/3839.85,1/3839.85,2/3839.85,3/3839.85,4/3839.85,5/3839.85,6/3839.85,7/3839.85,8/3839.85,9/3839.85,10/3839.85,11/3839.85;0/12,1/15,2/16,3/14,4/10,5/10;0/4,1/7,2/10,3/5,4/1,5/5,6/5,7/6,8/3,9/5,10/4,11/4;0/26,1/24,2/22,3/21,4/22,5/23;0/9,1/8,2/14,3/12,4/9,5/9,6/9,7/8,8/5,9/10,10/10,11/12;0/3,1/3,2/2,3/2,4/2,5/3;0/3,1/2,2/2,3/2,4/3,5/3,6/3,7/2,8/2,9/2,10/3,11/3;0/47,1/48,2/40,3/39,4/40,5/50;0/67,1/48,2/52,3/54,4/64,5/64,6/67,7/49,8/46,9/49,10/68,11/67;0/341,1/347,2/292,3/281,4/285,5/343;0/305,1/202,2/209,3/187,4/273,5/293,6/271,7/203,8/231,9/216,10/279,11/276
3899.98;269;706;6;12;0/472.38,1/400.6,2/966.73,3/1073.9,4/1039.51,5/440.85;0/809.98,1/1879.98,2/1759.98,3/1973.26,4/1161.26,5/916.68,6/1159.98,7/1836.79,8/1561.89,9/1685.88,10/1056.22,11/1086.22;0/3899.98,1/3899.98,2/3899.98,3/3899.98,4/3899.98,5/3899.98;0/3899.98,1/3899.98,2/3899.98,3/3899.98,4/3899.98,5/3899.98,6/3899.98,7/3899.98,8/3899.98,9/3899.98,10/3899.98,11/3899.98;0/16,1/12,2/15,3/15,4/9,5/11;0/5,1/6,2/9,3/8,4/1,5/4,6/4,7/7,8/6,9/3,10/7,11/4;0/25,1/26,2/23,3/24,4/22,5/23;0/11,1/8,2/13,3/10,4/8,5/11,6/13,7/9,8/10,9/7,10/17,11/12;0/3,1/3,2/2,3/2,4/2,5/3;0/3,1/2,2/2,3/2,4/3,5/3,6/3,7/2,8/2,9/2,10/3,11/3;0/48,1/49,2/41,3/40,4/41,5/50;0/67,1/48,2/52,3/55,4/65,5/66,6/68,7/51,8/47,9/50,10/69,11/68;0/346,1/353,2/296,3/285,4/289,5/349;0/309,1/202,2/214,3/193,4/274,5/299,6/274,7/207,8/234,9/222,10/285,11/282
3959.99;273;718;6;12;0/477.38,1/405.52,2/1001.27,3/1079.51,4/1040.73,5/451.23;0/827.04,1/1919.99,2/1788.54,3/1999.99,4/1194.12,5/916.9,6/1202.61,7/1861.74,8/1571.62,9/1699.99,10/1056.4,11/1086.28;0/3959.99,1/3959.99,2/3959.99,3/3959.99,4/3959.99,5/3959.99;0/3959.99,1/3959.99,2/3959.99,3/3959.99,4/3959.99,5/3959.99,6/3959.99,7/3959.99,8/3959.99,9/3959.99,10/3959.99,11/3959.99;0/16,1/8,2/10,3/19,4/14,5/11;0/5,1/10,2/8,3/4,4/0,5/7,6/3,7/6,8/5,9/4,10/4,11/2;0/24,1/21,2/21,3/22,4/21,5/23;0/12,1/11,2/9,3/9,4/10,5/12,6/11,7/11,8/8,9/9,10/14,11/6;0/3,1/3,2/2,3/2,4/2,5/3;0/3,1/2,2/2,3/2,4/3,5/3,6/3,7/2,8/2,9/2,10/3,11/3;0/49,1/50,2/41,3/41,4/41,5/51;0/69,1/50,2/53,3/56,4/66,5/66,6/69,7/52,8/48,9/50,10/70,11/69;0/351,1/358,2/298,3/291,4/295,5/354;0/314,1/204,2/218,3/196,4/277,5/305,6/276,7/210,8/239,9/226,10/291,11/288
4019.96;277;729;6;12;0/494.22,1/411.15,2/1005.86,3/1100.62,4/1046.2,5/456.64;0/827.21,1/1970.84,2/1799.96,3/2054.51,4/1194.33,5/956.79,6/1202.9,7/1861.9,8/1583.69,9/1749.96,10/1056.75,11/1107.01;0/4019.96,1/4019.96,2/4019.96,3/4019.96,4/4019.96,5/4019.96;0/4019.96,1/4019.96,2/4019.96,3/4019.96,4/4019.96,5/4019.96,6/4019.96,7/4019.96,8/4019.96,9/4019.96,10/4019.96,11/4019.96;0/10,1/14,2/15,3/8,4/15,5/13;0/3,1/5,2/10,3/4,4/2,5/3,6/4,7/6,8/6,9/3,10/5,11/2;0/20,1/21,2/20,3/19,4/22,5/25;0/8,1/10,2/12,3/8,4/12,5/11,6/9,7/8,8/6,9/8,10/10,11/7;0/3,1/3,2/2,3/2,4/2,5/3;0/3,1/2,2/2,3/2,4/3,5/3,6/3,7/2,8/2,9/2,10/3,11/3;0/49,1/51,2/42,3/41,4/42,5/52;0/70,1/51,2/54,3/57,4/67,5/67,6/69,7/53,8/49,9/51,10/71,11/70;0/355,1/364,2/304,3/294,4/300,5/359;0/320,1/205,2/222,3/197,4/283,5/307,6/282,7/216,8/244,9/227,10/297,11/292
4079.98;284;738;6;12;0/510.51,1/416.87,2/1011.84,3/1106.58,4/1064,5/462.27;0/844.77,1/1979.98,2/1856.68,3/2109.98,4/1194.73,5/974.35,6/1203.16,7/1862.59,8/1639.98,9/1761.54,10/1078.8,11/1107.38;0/4079.98,1/4079.98,2/4079.98,3/4079.98,4/4079.98,5/4079.98;0/4079.98,1/4079.98,2/4079.98,3/4079.98,4/4079.98,5/4079.98,6/4079.98,7/4079.98,8/4079.98,9/4079.98,10/4079.98,11/4079.98;0/11,1/13,2/16,3/12,4/14,5/11;0/1,1/4,2/8,3/2,4/6,5/2,6/12,7/8,8/4,9/3,10/2,11/3;0/20,1/25,2/21,3/17,4/22,5/24;0/9,1/7,2/11,3/10,4/14,5/9,6/16,7/16,8/7,9/9,10/8,11/12;0/3,1/3,2/2,3/2,4/2,5/3;0/3,1/2,2/2,3/2,4/3,5/3,6/3,7/2,8/2,9/2,10/3,11/3;0/51,1/52,2/43,3/42,4/43,5/53;0/71,1/52,2/55,3/57,4/67,5/68,6/71,7/53,8/49,9/52,10/72,11/71;0/360,1/369,2/309,3/300,4/304,5/365;0/324,1/210,2/223,3/197,4/289,5/311,6/288,7/222,8/244,9/232,10/301,11/298
4139.97;288;750;6;12;0/515.18,1/455.88,2/1033.81,3/1115.19,4/1080.24,5/467.34;0/844.99,1/2009.97,2/1879.97,3/2117.03,4/1194.99,5/976.75,6/1229.97,7/1862.7,8/1684.21,9/1762.03,10/1079.11,11/1107.53;0/4139.97,1/4139.97,2/4139.97,3/4139.97,4/4139.97,5/4139.97;0/4139.97,1/4139.97,2/4139.97,3/4139.97,4/4139.97,5/4139.97,6/4139.97,7/4139.97,8/4139.97,9/4139.97,10/4139.97,11/4139.97;0/13,1/5,2/14,3/17,4/15,5/11;0/3,1/3,2/6,3/5,4/12,5/3,6/3,7/7,8/4,9/10,10/2,11/3;0/22,1/23,2/21,3/20,4/22,5/24;0/8,1/8,2/8,3/9,4/18,5/8,6/13,7/12,8/5,9/14,10/9,11/10;0/3,1/3,2/2,3/2,4/2,5/3;0/3,1/2,2/2,3/2,4/3,5/3,6/3,7/2,8/2,9/2,10/3,11/3;0/51,1/52,2/44,3/43,4/44,5/54;0/71,1/53,2/56,3/59,4/68,5/69,6/72,7/54,8/50,9/53,10/73,11/72;0/365,1/371,2/313,3/305,4/309,5/370;0/330,1/213,2/226,3/203,4/295,5/317,6/291,7/228,8/246,9/238,10/307,11/304
4199.99;293;760;6;12;0/521.06,1/478.24,2/1079.97,3/1171.06,4/1102.99,5/500.02;0/845.38,1/2060.91,2/1939.99,3/2129.99,4/1195.09,5/1016,6/1238.91,7/1863.13,8/1689.99,9/1762.13,10/1082.76,11/1107.86;0/4199.99,1/4199.99,2/4199.99,3/4199.99,4/4199.99,5/4199.99;0/4199.99,1/4199.99,2/4199.99,3/4199.99,4/4199.99,5/4199.99,6/4199.99,7/4199.99,8/4199.99,9/4199.99,10/4199.99,11/4199.99;0/13,1/10,2/9,3/12,4/11,5/6;0/2,1/2,2/5,3/4,4/11,5/3,6/5,7/8,8/5,9/7,10/1,11/6;0/23,1/24,2/19,3/20,4/19,5/21;0/7,1/7,2/8,3/11,4/16,5/9,6/11,7/12,8/6,9/13,10/7,11/10;0/3,1/3,2/2,3/2,4/2,5/3;0/3,1/2,2/2,3/2,4/3,5/3,6/3,7/2,8/2,9/2,10/3,11/3;0/53,1/53,2/45,3/43,4/44,5/55;0/72,1/54,2/56,3/59,4/69,5/70,6/74,7/55,8/51,9/53,10/74,11/73;0/371,1/375,2/315,3/305,4/312,5/373;0/336,1/214,2/226,3/207,4/301,5/319,6/297,7/234,8/251,9/244,10/312,11/310
4259.98;297;771;6;12;0/526.41,1/484.22,2/1083.41,3/1201.12,4/1146.89,5/504.43;0/869.31,1/2061.1,2/1959.98,3/2136.26,4/1218.56,5/1019.98,6/1239.14,7/1883.43,8/1749.98,9/1762.16,10/1083.48,11/1129.98;0/4259.98,1/4259.98,2/4259.98,3/4259.98,4/4259.98,5/4259.98;0/4259.98,1/4259.98,2/4259.98,3/4259.98,4/4259.98,5/4259.98,6/4259.98,7/4259.98,8/4259.98,9/4259.98,10/4259.98,11/4259.98;0/13,1/12,2/13,3/16,4/15,5/11;0/3,1/3,2/5,3/3,4/9,5/3,6/7,7/10,8/4,9/5,10/5,11/1;0/23,1/25,2/18,3/21,4/21,5/21;0/10,1/8,2/6,3/8,4/14,5/6,6/12,7/12,8/6,9/7,10/10,11/10;0/3,1/3,2/2,3/2,4/2,5/3;0/3,1/2,2/2,3/2,4/3,5/3,6/3,7/2,8/2,9/2,10/3,11/3;0/54,1/54,2/45,3/44,4/45,5/55;0/73,1/54,2/58,3/60,4/70,5/71,6/75,7/56,8/51,9/54,10/75,11/74;0/376,1/381,2/320,3/308,4/314,5/378;0/340,1/220,2/230,3/213,4/305,5/324,6/303,7/238,8/251,9/250,10/318,11/313
4319.71;303;782;6;12;0/536.54,1/490.25,2/1097.88,3/1211.28,4/1152.13,5/510.23;0/869.66,1/2061.61,2/2019.71,3/2179.71,4/1223.68,5/1073.04,6/1239.71,7/1929.71,8/1783.25,9/1799.71,10/1121.33,11/1134.35;0/4319.71,1/4319.71,2/4319.71,3/4319.71,4/4319.71,5/4319.71;0/4319.71,1/4319.71,2/4319.71,3/4319.71,4/4319.71,5/4319.71,6/4319.71,7/4319.71,8/4319.71,9/4319.71,10/4319.71,11/4319.71;0/13,1/12,2/13,3/17,4/20,5/11;0/4,1/5,2/4,3/2,4/16,5/1,6/6,7/6,8/4,9/3,10/2,11/3;0/23,1/24,2/18,3/21,4/25,5/20;0/8,1/7,2/6,3/8,4/18,5/5,6/12,7/12,8/8,9/6,10/8,11/9;0/3,1/3,2/2,3/2,4/2,5/3;0/3,1/2,2/2,3/2,4/3,5/3,6/3,7/2,8/2,9/2,10/3,11/3;0/54,1/55,2/46,3/45,4/46,5/57;0/74,1/55,2/58,3/60,4/72,5/72,6/75,7/56,8/53,9/55,10/76,11/76;0/381,1/386,2/325,3/313,4/320,5/384;0/346,1/226,2/230,3/214,4/310,5/325,6/308,7/239,8/254,9/252,10/320,11/319
4379.83;307;793;6;12;0/556.76,1/495.26,2/1153.36,3/1268.67,4/1203.35,5/515.4;0/899.83,1/2109.83,2/2069.83,3/2190.09,4/1279.83,5/1073.53,6/1271.38,7/1960.09,8/1809.83,9/1808.26,10/1152.94,11/1134.81;0/4379.83,1/4379.83,2/4379.83,3/4379.83,4/4379.83,5/4379.83;0/4379.83,1/4379.83,2/4379.83,3/4379.83,4/4379.83,5/4379.83,6/4379.83,7/4379.83,8/4379.83,9/4379.83,10/4379.83,11/4379.83;0/13,1/8,2/8,3/12,4/15,5/17;0/0,1/2,2/4,3/4,4/9,5/7,6/5,7/5,8/4,9/4,10/3,11/5;0/24,1/21,2/18,3/20,4/25,5/27;0/8,1/9,2/7,3/8,4/18,5/11,6/12,7/9,8/7,9/6,10/10,11/16;0/3,1/3,2/2,3/2,4/2,5/3;0/3,1/2,2/2,3/2,4/3,5/3,6/3,7/2,8/2,9/2,10/3,11/3;0/55,1/56,2/46,3/46,4/46,5/58;0/75,1/55,2/59,3/61,4/72,5/73,6/77,7/58,8/53,9/56,10/77,11/77;0/386,1/392,2/325,3/314,4/320,5/389;0/348,1/227,2/231,3/219,4/310,5/331,6/311,7/242,8/257,9/258,10/323,11/325
4439.92;314;804;6;12;0/562.44,1/501.14,2/1163.21,3/1273.59,4/1217.26,5/527.55;0/929.74,1/2111.42,2/2099.92,3/2191.13,4/1327.71,5/1105.08,6/1271.68,7/1989.92,8/1847.32,9/1849.92,10/1153.29,11/1135.04;0/4439.92,1/4439.92,2/4439.92,3/4439.92,4/4439.92,5/4439.92;0/4439.92,1/4439.92,2/4439.92,3/4439.92,4/4439.92,5/4439.92,6/4439.92,7/4439.92,8/4439.92,9/4439.92,10/4439.92,11/4439.92;0/13,1/10,2/13,3/13,4/20,5/12;0/1,1/3,2/7,3/6,4/9,5/4,6/4,7/5,8/6,9/3,10/2,11/5;0/25,1/21,2/17,3/20,4/25,5/22;0/10,1/7,2/8,3/11,4/16,5/12,6/8,7/10,8/8,9/6,10/10,11/17;0/3,1/3,2/2,3/2,4/2,5/3;0/3,1/2,2/2,3/2,4/3,5/3,6/3,7/2,8/2,9/2,10/3,11/3;0/56,1/57,2/48,3/47,4/47,5/59;0/76,1/56,2/60,3/62,4/74,5/74,6/77,7/58,8/55,9/56,10/78,11/78;0/391,1/397,2/331,3/319,4/325,5/394;0/352,1/233,2/234,3/225,4/312,5/334,6/317,7/245,8/260,9/259,10/329,11/331
4499.97;317;816;6;12;0/597.16,1/511.6,2/1174.13,3/1302,4/1223.74,5/535.9;0/930.09,1/2111.67,2/2159.97,3/2219.6,4/1327.76,5/1131.12,6/1287.44,7/2038.89,8/1879.97,9/1882.03,10/1173.37,11/1135.41;0/4499.97,1/4499.97,2/4499.97,3/4499.97,4/4499.97,5/4499.97;0/4499.97,1/4499.97,2/4499.97,3/4499.97,4/4499.97,5/4499.97,6/4499.97,7/4499.97,8/4499.97,9/4499.97,10/4499.97,11/4499.97;0/9,1/9,2/13,3/13,4/20,5/10;0/1,1/3,2/2,3/4,4/6,5/2,6/3,7/10,8/4,9/4,10/3,11/6;0/25,1/20,2/18,3/24,4/25,5/21;0/9,1/6,2/8,3/10,4/12,5/12,6/9,7/15,8/6,9/7,10/15,11/13;0/3,1/3,2/2,3/2,4/2,5/3;0/3,1/2,2/2,3/2,4/3,5/3,6/3,7/2,8/2,9/2,10/3,11/3;0/57,1/58,2/48,3/47,4/48,5/59;0/77,1/57,2/60,3/63,4/75,5/75,6/79,7/59,8/55,9/58,10/79,11/79;0/394,1/402,2/335,3/322,4/330,5/399;0/357,1/239,2/234,3/229,4/318,5/337,6/322,7/247,8/262,9/262,10/333,11/337
4560;323;825;6;12;0/602.58,1/516.93,2/1224.7,3/1316.38,4/1283.77,5/554.44;0/930.36,1/2130,2/2194.84,3/2219.84,4/1344.21,5/1131.48,6/1298.97,7/2039.02,8/1930,9/1882.55,10/1173.46,11/1150;0/4560,1/4560,2/4560,3/4560,4/4560,5/4560;0/4560,1/4560,2/4560,3/4560,4/4560,5/4560,6/4560,7/4560,8/4560,9/4560,10/4560,11/4560;0/15,1/9,2/14,3/17,4/15,5/12;0/3,1/2,2/2,3/5,4/7,5/3,6/6,7/11,8/3,9/5,10/6,11/5;0/26,1/19,2/22,3/23,4/25,5/22;0/8,1/8,2/7,3/8,4/15,5/11,6/11,7/13,8/7,9/8,10/15,11/9;0/3,1/3,2/2,3/2,4/2,5/3;0/3,1/2,2/2,3/2,4/3,5/3,6/3,7/2,8/2,9/2,10/3,11/3;0/58,1/59,2/49,3/49,4/48,5/60;0/78,1/57,2/61,3/64,4/76,5/76,6/80,7/60,8/56,9/58,10/80,11/79;0/399,1/408,2/336,3/327,4/330,5/404;0/363,1/243,2/237,3/235,4/322,5/343,6/327,7/253,8/263,9/268,10/339,11/341
4619.94;328;834;6;12;0/607.59,1/522.56,2/1231.35,3/1317.03,4/1296.01,5/560.22;0/969.94,1/2136.94,2/2196.06,3/2239.94,4/1344.42,5/1131.63,6/1323.77,7/2069.94,8/1982.81,9/1929.18,10/1174.06,11/1179.94;0/4619.94,1/4619.94,2/4619.94,3/4619.94,4/4619.94,5/4619.94;0/4619.94,1/4619.94,2/4619.94,3/4619.94,4/4619.94,5/4619.94,6/4619.94,7/4619.94,8/4619.94,9/4619.94,10/4619.94,11/4619.94;0/16,1/15,2/19,3/17,4/21,5/12;0/2,1/2,2/2,3/2,4/8,5/2,6/7,7/8,8/3,9/6,10/4,11/4;0/24,1/20,2/21,3/21,4/26,5/23;0/8,1/7,2/7,3/8,4/14,5/8,6/15,7/16,8/6,9/10,10/16,11/8;0/3,1/3,2/2,3/2,4/2,5/3;0/3,1/2,2/2,3/2,4/3,5/3,6/3,7/2,8/2,9/2,10/3,11/3;0/59,1/60,2/50,3/49,4/49,5/61;0/78,1/58,2/62,3/64,4/78,5/76,6/81,7/60,8/57,9/59,10/81,11/80;0/405,1/413,2/342,3/333,4/335,5/409;0/365,1/249,2/243,3/238,4/328,5/349,6/330,7/255,8/264,9/270,10/345,11/344
4679.9;332;844;6;12;0/608.53,1/531.52,2/1264.75,3/1333.07,4/1303.99,5/567.04;0/996.78,1/2137.41,2/2219.9,3/2299.9,4/1346.74,5/1132.22,6/1323.96,7/2074.41,8/1983.25,9/1949.9,10/1174.14,11/1187.99;0/4679.9,1/4679.9,2/4679.9,3/4679.9,4/4679.9,5/4679.9;0/4679.9,1/4679.9,2/4679.9,3/4679.9,4/4679.9,5/4679.9,6/4679.9,7/4679.9,8/4679.9,9/4679.9,10/4679.9,11/4679.9;0/15,1/11,2/14,3/20,4/22,5/12;0/4,1/9,2/2,3/2,4/4,5/6,6/4,7/8,8/3,9/6,10/4,11/2;0/24,1/20,2/22,3/24,4/28,5/24;0/10,1/11,2/7,3/8,4/9,5/13,6/17,7/10,8/6,9/7,10/14,11/6;0/3,1/3,2/2,3/2,4/2,5/3;0/3,1/2,2/2,3/2,4/3,5/3,6/3,7/2,8/2,9/2,10/3,11/3;0/59,1/61,2/50,3/50,4/50,5/62;0/80,1/59,2/62,3/64,4/79,5/78,6/82,7/61,8/57,9/59,10/81,11/82;0/410,1/418,2/344,3/337,4/340,5/414;0/369,1/255,2/246,3/238,4/334,5/355,6/336,7/261,8/270,9/273,10/351,11/350
4739.98;339;856;6;12;0/617.68,1/539.09,2/1294.86,3/1385.37,4/1328.73,5/570.8;0/996.93,1/2179.98,2/2272.9,3/2308.27,4/1347.08,5/1141.97,6/1340.25,7/2109.98,8/1983.55,9/1985.72,10/1174.34,11/1213.37;0/4739.98,1/4739.98,2/4739.98,3/4739.98,4/4739.98,5/4739.98;0/4739.98,1/4739.98,2/4739.98,3/4739.98,4/4739.98,5/4739.98,6/4739.98,7/4739.98,8/4739.98,9/4739.98,10/4739.98,11/4739.98;0/12,1/16,2/14,3/16,4/17,5/12;0/6,1/4,2/1,3/5,4/3,5/2,6/5,7/6,8/4,9/5,10/4,11/2;0/24,1/25,2/18,3/23,4/24,5/24;0/11,1/10,2/6,3/10,4/10,5/10,6/17,7/9,8/7,9/7,10/12,11/7;0/3,1/3,2/2,3/2,4/2,5/3;0/3,1/2,2/2,3/2,4/3,5/3,6/3,7/2,8/2,9/2,10/3,11/3;0/61,1/62,2/51,3/51,4/51,5/63;0/81,1/59,2/63,3/65,4/80,5/79,6/83,7/62,8/58,9/61,10/82,11/83;0/416,1/423,2/348,3/338,4/344,5/420;0/375,1/256,2/247,3/244,4/340,5/360,6/340,7/263,8/276,9/276,10/357,11/353
4799.99;343;863;6;12;0/639.01,1/554.87,2/1305.21,3/1399.2,4/1364.41,5/582.61;0/1014.11,1/2182.33,2/2273.47,3/2308.87,4/1347.48,5/1142.2,6/1340.48,7/2169.99,8/1999.99,9/2029.99,10/1174.45,11/1269.99;0/4799.99,1/4799.99,2/4799.99,3/4799.99,4/4799.99,5/4799.99;0/4799.99,1/4799.99,2/4799.99,3/4799.99,4/4799.99,5/4799.99,6/4799.99,7/4799.99,8/4799.99,9/4799.99,10/4799.99,11/4799.99;0/15,1/16,2/19,3/21,4/15,5/11;0/2,1/4,2/3,3/7,4/5,5/3,6/2,7/6,8/6,9/5,10/3,11/5;0/24,1/25,2/24,3/23,4/26,5/24;0/8,1/8,2/6,3/9,4/14,5/11,6/13,7/9,8/9,9/9,10/10,11/13;0/3,1/3,2/2,3/2,4/2,5/3;0/3,1/2,2/2,3/2,4/3,5/3,6/3,7/2,8/2,9/2,10/3,11/3;0/61,1/63,2/52,3/52,4/51,5/64;0/82,1/60,2/64,3/66,4/81,5/79,6/84,7/62,8/58,9/61,10/83,11/83;0/419,1/428,2/352,3/343,4/346,5/425;0/379,1/262,2/253,3/250,4/346,5/366,6/346,7/263,8/280,9/277,10/363,11/353
4859.92;348;873;6;12;0/673.41,1/565.35,2/1365.15,3/1433.42,4/1389.58,5/587.89;0/1029.92,1/2182.59,2/2273.76,3/2339.92,4/1347.68,5/1142.41,6/1340.67,7/2192.41,8/2049.92,9/2059.92,10/1174.63,11/1278.51;0/4859.92,1/4859.92,2/4859.92,3/4859.92,4/4859.92,5/4859.92;0/4859.92,1/4859.92,2/4859.92,3/4859.92,4/4859.92,5/4859.92,6/4859.92,7/4859.92,8/4859.92,9/4859.92,10/4859.92,11/4859.92;0/15,1/16,2/14,3/16,4/19,5/11;0/2,1/6,2/3,3/4,4/5,5/5,6/2,7/5,8/6,9/4,10/5,11/5;0/27,1/25,2/24,3/25,4/26,5/23;0/13,1/9,2/5,3/9,4/13,5/13,6/10,7/8,8/9,9/8,10/10,11/14;0/3,1/3,2/2,3/2,4/2,5/3;0/3,1/2,2/2,3/2,4/3,5/3,6/3,7/2,8/2,9/2,10/3,11/3;0/62,1/65,2/52,3/52,4/52,5/65;0/83,1/61,2/64,3/66,4/82,5/80,6/84,7/64,8/59,9/62,10/83,11/85;0/422,1/433,2/352,3/345,4/350,5/431;0/383,1/268,2/259,3/252,4/352,5/372,6/352,7/267,8/281,9/280,10/369,11/359
4919.99;353;885;6;12;0/679.25,1/579.79,2/1377.43,3/1471.85,4/1395.27,5/593.01;0/1030.98,1/2219.99,2/2309.11,3/2379.99,4/1347.89,5/1142.57,6/1340.89,7/2229.99,8/2079.99,9/2085.98,10/1194.6,11/1299.82;0/4919.99,1/4919.99,2/4919.99,3/4919.99,4/4919.99,5/4919.99;0/4919.99,1/4919.99,2/4919.99,3/4919.99,4/4919.99,5/4919.99,6/4919.99,7/4919.99,8/4919.99,9/4919.99,10/4919.99,11/4919.99;0/14,1/17,2/17,3/16,4/21,5/11;0/1,1/5,2/4,3/4,4/2,5/9,6/1,7/6,8/5,9/5,10/8,11/3;0/26,1/27,2/22,3/22,4/26,5/23;0/7,1/7,2/8,3/8,4/10,5/15,6/6,7/12,8/11,9/7,10/12,11/10;0/3,1/3,2/2,3/2,4/2,5/3;0/3,1/2,2/2,3/2,4/3,5/3,6/3,7/2,8/2,9/2,10/3,11/3;0/63,1/65,2/53,3/53,4/53,5/66;0/84,1/61,2/65,3/67,4/83,5/81,6/85,7/64,8/60,9/64,10/85,11/86;0/428,1/437,2/357,3/348,4/356,5/436;0/389,1/270,2/262,3/254,4/358,5/378,6/358,7/269,8/284,9/284,10/373,11/363
4979.93;358;896;6;12;0/684.83,1/637.88,2/1386.02,3/1477.25,4/1422.36,5/628.86;0/1034.56,1/2260.11,2/2349.93,3/2411.65,4/1348.23,5/1159.93,6/1359.93,7/2264.98,8/2115.64,9/2116.65,10/1229.93,11/1299.93;0/4979.93,1/4979.93,2/4979.93,3/4979.93,4/4979.93,5/4979.93;0/4979.93,1/4979.93,2/4979.93,3/4979.93,4/4979.93,5/4979.93,6/4979.93,7/4979.93,8/4979.93,9/4979.93,10/4979.93,11/4979.93;0/12,1/12,2/15,3/14,4/15,5/15;0/1,1/4,2/4,3/3,4/2,5/9,6/2,7/6,8/5,9/3,10/5,11/4;0/24,1/26,2/20,3/22,4/23,5/25;0/7,1/7,2/10,3/5,4/10,5/14,6/10,7/10,8/10,9/8,10/10,11/9;0/3,1/3,2/2,3/2,4/2,5/3;0/3,1/2,2/2,3/2,4/3,5/3,6/3,7/2,8/2,9/2,10/3,11/3;0/64,1/66,2/54,3/54,4/54,5/66;0/85,1/63,2/65,3/68,4/84,5/82,6/86,7/65,8/61,9/65,10/85,11/87;0/433,1/438,2/362,3/353,4/359,5/438;0/395,1/272,2/263,3/257,4/364,5/382,6/362,7/272,8/287,9/287,10/375,11/369
5039.96;362;906;6;12;0/709.07,1/644.12,2/1443.85,3/1524.24,4/1456.12,5/639.35;0/1034.91,1/2260.37,2/2352.35,3/2412.11,4/1353.64,5/1213.6,6/1416.35,7/2299.96,8/2169.96,9/2119.96,10/1267.23,11/1300.41;0/5039.96,1/5039.96,2/5039.96,3/5039.96,4/5039.96,5/5039.96;0/5039.96,1/5039.96,2/5039.96,3/5039.96,4/5039.96,5/5039.96,6/5039.96,7/5039.96,8/5039.96,9/5039.96,10/5039.96,11/5039.96;0/9,1/15,2/12,3/16,4/11,5/17;0/3,1/6,2/3,3/6,4/2,5/6,6/1,7/5,8/4,9/6,10/4,11/3;0/23,1/24,2/19,3/28,4/24,5/27;0/9,1/7,2/7,3/9,4/15,5/13,6/9,7/8,8/10,9/10,10/9,11/10;0/3,1/3,2/2,3/2,4/2,5/3;0/3,1/2,2/2,3/2,4/3,5/3,6/3,7/2,8/2,9/2,10/3,11/3;0/65,1/67,2/55,3/54,4/54,5/67;0/86,1/63,2/67,3/69,4/85,5/83,6/87,7/65,8/61,9/65,10/87,11/88;0/437,1/443,2/363,3/354,4/361,5/443;0/401,1/278,2/269,3/263,4/369,5/383,6/363,7/274,8/287,9/292,10/378,11/374
5099.96;368;916;6;12;0/718.95,1/649.62,2/1456.39,3/1575.75,4/1476.73,5/649.27;0/1036.88,1/2309.96,2/2359.96,3/2439.96,4/1369.96,5/1213.96,6/1416.6,7/2307.53,8/2179.96,9/2159.33,10/1279.96,11/1300.57;0/5099.96,1/5099.96,2/5099.96,3/5099.96,4/5099.96,5/5099.96;0/5099.96,1/5099.96,2/5099.96,3/5099.96,4/5099.96,5/5099.96,6/5099.96,7/5099.96,8/5099.96,9/5099.96,10/5099.96,11/5099.96;0/15,1/12,2/19,3/16,4/11,5/15;0/7,1/6,2/3,3/2,4/6,5/9,6/4,7/7,8/5,9/6,10/6,11/2;0/24,1/21,2/22,3/27,4/20,5/26;0/12,1/9,2/7,3/9,4/15,5/14,6/10,7/10,8/8,9/11,10/15,11/8;0/3,1/3,2/2,3/2,4/2,5/3;0/3,1/2,2/2,3/2,4/3,5/3,6/3,7/2,8/2,9/2,10/3,11/3;0/66,1/68,2/55,3/55,4/55,5/69;0/88,1/64,2/67,3/69,4/85,5/85,6/87,7/66,8/62,9/66,10/88,11/89;0/442,1/449,2/367,3/355,4/365,5/449;0/407,1/279,2/274,3/266,4/373,5/389,6/369,7/280,8/292,9/295,10/382,11/380
5159.99;371;925;6;12;0/741.01,1/655.16,2/1486.52,3/1576.7,4/1482.72,5/660.56;0/1049.99,1/2369.99,2/2419.99,3/2462.47,4/1392.94,5/1239.99,6/1417.01,7/2309.99,8/2209.99,9/2172.36,10/1304.58,11/1314.75;0/5159.99,1/5159.99,2/5159.99,3/5159.99,4/5159.99,5/5159.99;0/5159.99,1/5159.99,2/5159.99,3/5159.99,4/5159.99,5/5159.99,6/5159.99,7/5159.99,8/5159.99,9/5159.99,10/5159.99,11/5159.99;0/9,1/11,2/19,3/21,4/20,5/14;0/3,1/6,2/2,3/2,4/2,5/3,6/5,7/9,8/6,9/5,10/3,11/2;0/21,1/21,2/24,3/26,4/26,5/26;0/16,1/9,2/7,3/7,4/11,5/13,6/10,7/11,8/9,9/7,10/13,11/8;0/3,1/3,2/2,3/2,4/2,5/3;0/3,1/2,2/2,3/2,4/3,5/3,6/3,7/2,8/2,9/2,10/3,11/3;0/66,1/69,2/56,3/55,4/56,5/69;0/88,1/64,2/67,3/70,4/86,5/85,6/89,7/67,8/63,9/67,10/89,11/90;0/445,1/454,2/370,3/361,4/371,5/453;0/411,1/279,2/274,3/270,4/377,5/392,6/375,7/285,8/295,9/299,10/386,11/385
5219.89;376;938;6;12;0/746.1,1/660.32,2/1497.49,3/1585.12,4/1507.15,5/683.7;0/1103.57,1/2400.52,2/2422.84,3/2463,4/1393.28,5/1246.44,6/1419.89,7/2369.89,8/2269.85,9/2190.71,10/1305.77,11/1315.03;0/5219.89,1/5219.89,2/5219.89,3/5219.89,4/5219.89,5/5219.89;0/5219.89,1/5219.89,2/5219.89,3/5219.89,4/5219.89,5/5219.89,6/5219.89,7/5219.89,8/5219.89,9/5219.89,10/5219.89,11/5219.89;0/12,1/10,2/19,3/19,4/14,5/14;0/1,1/6,2/3,3/6,4/4,5/3,6/2,7/6,8/5,9/6,10/3,11/2;0/21,1/19,2/26,3/26,4/23,5/28;0/15,1/8,2/7,3/11,4/13,5/8,6/12,7/11,8/8,9/10,10/9,11/5;0/3,1/3,2/2,3/2,4/2,5/3;0/3,1/2,2/2,3/2,4/3,5/3,6/3,7/2,8/2,9/2,10/3,11/3;0/67,1/70,2/57,3/56,4/56,5/70;0/89,1/66,2/69,3/70,4/87,5/87,6/90,7/67,8/64,9/68,10/90,11/91;0/451,1/460,2/375,3/366,4/374,5/457;0/412,1/282,2/280,3/276,4/383,5/398,6/380,7/285,8/296,9/303,10/392,11/391
5279.98;380;948;6;12;0/751.41,1/671.57,2/1556.74,3/1587.62,4/1551.98,5/689.3;0/1103.63,1/2439.98,2/2439.98,3/2463.13,4/1393.39,5/1269.98,6/1443.59,7/2387.15,8/2270.09,9/2219.67,10/1306,11/1331.93;0/5279.98,1/5279.98,2/5279.98,3/5279.98,4/5279.98,5/5279.98;0/5279.98,1/5279.98,2/5279.98,3/5279.98,4/5279.98,5/5279.98,6/5279.98,7/5279.98,8/5279.98,9/5279.98,10/5279.98,11/5279.98;0/12,1/11,2/12,3/19,4/18,5/18;0/0,1/6,2/2,3/8,4/4,5/3,6/4,7/7,8/4,9/8,10/8,11/1;0/22,1/19,2/26,3/24,4/25,5/26;0/10,1/9,2/6,3/10,4/10,5/9,6/11,7/11,8/7,9/13,10/11,11/7;0/3,1/3,2/2,3/2,4/2,5/3;0/3,1/2,2/2,3/2,4/3,5/3,6/3,7/2,8/2,9/2,10/3,11/3;0/68,1/70,2/57,3/57,4/57,5/71;0/90,1/67,2/69,3/71,4/88,5/87,6/91,7/68,8/65,9/69,10/91,11/92;0/456,1/464,2/375,3/372,4/376,5/463;0/418,1/284,2/284,3/282,4/389,5/401,6/384,7/290,8/301,9/307,10/398,11/395
5339.98;386;959;6;12;0/771.46,1/685.68,2/1559.43,3/1596.58,4/1597.27,5/695.9;0/1103.89,1/2479.23,2/2494.61,3/2485.34,4/1393.75,5/1299.98,6/1451.83,7/2390.36,8/2319.98,9/2227.26,10/1319.98,11/1356.12;0/5339.98,1/5339.98,2/5339.98,3/5339.98,4/5339.98,5/5339.98;0/5339.98,1/5339.98,2/5339.98,3/5339.98,4/5339.98,5/5339.98,6/5339.98,7/5339.98,8/5339.98,9/5339.98,10/5339.98,11/5339.98;0/12,1/11,2/15,3/19,4/14,5/13;0/1,1/7,2/1,3/6,4/6,5/6,6/4,7/5,8/4,9/6,10/9,11/7;0/24,1/17,2/23,3/24,4/24,5/26;0/12,1/9,2/5,3/8,4/10,5/13,6/10,7/8,8/11,9/8,10/20,11/15;0/3,1/3,2/2,3/2,4/2,5/3;0/3,1/2,2/2,3/2,4/3,5/3,6/3,7/2,8/2,9/2,10/3,11/3;0/69,1/72,2/58,3/58,4/57,5/72;0/91,1/69,2/70,3/72,4/89,5/88,6/92,7/69,8/65,9/70,10/91,11/93;0/460,1/469,2/381,3/377,4/377,5/468;0/424,1/287,2/285,3/286,4/395,5/404,6/389,7/295,8/302,9/312,10/402,11/399
5399.97;390;966;6;12;0/779.6,1/712.08,2/1581.84,3/1655.92,4/1619.06,5/701.13;0/1104.26,1/2499.97,2/2494.98,3/2525.52,4/1426.47,5/1309.97,6/1452.04,7/2439.97,8/2355.8,9/2272.8,10/1337.6,11/1356.84;0/5399.97,1/5399.97,2/5399.97,3/5399.97,4/5399.97,5/5399.97;0/5399.97,1/5399.97,2/5399.97,3/5399.97,4/5399.97,5/5399.97,6/5399.97,7/5399.97,8/5399.97,9/5399.97,10/5399.97,11/5399.97;0/9,1/12,2/10,3/15,4/18,5/12;0/2,1/7,2/5,3/4,4/3,5/6,6/3,7/4,8/5,9/5,10/7,11/12;0/18,1/19,2/19,3/24,4/24,5/24;0/13,1/9,2/11,3/8,4/9,5/10,6/8,7/14,8/11,9/8,10/17,11/20;0/3,1/3,2/2,3/2,4/2,5/3;0/3,1/2,2/2,3/2,4/3,5/3,6/3,7/2,8/2,9/2,10/3,11/3;0/70,1/72,2/59,3/58,4/58,5/73;0/91,1/69,2/70,3/73,4/90,5/89,6/93,7/69,8/66,9/71,10/92,11/93;0/466,1/472,2/385,3/377,4/381,5/474;0/430,1/290,2/291,3/288,4/398,5/409,6/395,7/296,8/305,9/313,10/407,11/405
5459.97;395;978;6;12;0/785.02,1/749.8,2/1598.16,3/1688.91,4/1624.59,5/706.83;0/1104.4,1/2549.97,2/2495.42,3/2559.97,4/1439.97,5/1339.97,6/1489.13,7/2454.92,8/2355.82,9/2279.97,10/1337.77,11/1357.29;0/5459.97,1/5459.97,2/5459.97,3/5459.97,4/5459.97,5/5459.97;0/5459.97,1/5459.97,2/5459.97,3/5459.97,4/5459.97,5/5459.97,6/5459.97,7/5459.97,8/5459.97,9/5459.97,10/5459.97,11/5459.97;0/10,1/12,2/15,3/15,4/17,5/16;0/2,1/5,2/8,3/3,4/4,5/8,6/3,7/4,8/4,9/8,10/6,11/10;0/17,1/19,2/20,3/21,4/23,5/23;0/10,1/8,2/11,3/9,4/9,5/10,6/6,7/11,8/5,9/9,10/13,11/19;0/3,1/3,2/2,3/2,4/2,5/3;0/3,1/2,2/2,3/2,4/3,5/3,6/3,7/2,8/2,9/2,10/3,11/3;0/71,1/73,2/59,3/59,4/59,5/74;0/92,1/70,2/71,3/73,4/91,5/90,6/94,7/70,8/67,9/72,10/93,11/95;0/471,1/475,2/389,3/380,4/387,5/479;0/436,1/291,2/297,3/290,4/402,5/412,6/398,7/301,8/311,9/318,10/413,11/411
5519.98;402;990;6;12;0/795.44,1/768.09,2/1648.35,3/1694.15,4/1669.02,5/713.99;0/1119.21,1/2578.45,2/2539.98,3/2601.99,4/1472.07,5/1389.98,6/1519.98,7/2455.12,8/2409.98,9/2329.98,10/1337.95,11/1357.55;0/5519.98,1/5519.98,2/5519.98,3/5519.98,4/5519.98,5/5519.98;0/5519.98,1/5519.98,2/5519.98,3/5519.98,4/5519.98,5/5519.98,6/5519.98,7/5519.98,8/5519.98,9/5519.98,10/5519.98,11/5519.98;0/16,1/12,2/10,3/19,4/13,5/16;0/3,1/5,2/6,3/3,4/4,5/6,6/3,7/4,8/3,9/8,10/6,11/5;0/22,1/20,2/19,3/23,4/22,5/23;0/10,1/8,2/12,3/7,4/10,5/10,6/7,7/8,8/6,9/11,10/11,11/14;0/3,1/3,2/2,3/2,4/2,5/3;0/3,1/2,2/2,3/2,4/3,5/3,6/3,7/2,8/2,9/2,10/3,11/3;0/73,1/74,2/60,3/60,4/60,5/75;0/93,1/72,2/71,3/74,4/92,5/91,6/96,7/70,8/67,9/73,10/95,11/96;0/476,1/479,2/390,3/386,4/388,5/484;0/441,1/295,2/298,3/292,4/405,5/413,6/401,7/307,8/311,9/319,10/419,11/417
5579.96;407;998;6;12;0/832.02,1/793.28,2/1663.05,3/1742.79,4/1678.34,5/719.11;0/1119.96,1/2599.96,2/2589.96,3/2602.22,4/1489.67,5/1439.96,6/1539.96,7/2455.58,8/2448.71,9/2389.96,10/1361.59,11/1357.76;0/5579.96,1/5579.96,2/5579.96,3/5579.96,4/5579.96,5/5579.96;0/5579.96,1/5579.96,2/5579.96,3/5579.96,4/5579.96,5/5579.96,6/5579.96,7/5579.96,8/5579.96,9/5579.96,10/5579.96,11/5579.96;0/12,1/16,2/15,3/14,4/16,5/12;0/3,1/3,2/6,3/6,4/3,5/5,6/4,7/6,8/5,9/6,10/4,11/8;0/24,1/21,2/19,3/22,4/20,5/22;0/13,1/8,2/11,3/10,4/7,5/10,6/10,7/12,8/7,9/11,10/12,11/17;0/3,1/3,2/2,3/2,4/2,5/3;0/3,1/2,2/2,3/2,4/3,5/3,6/3,7/2,8/2,9/2,10/3,11/3;0/74,1/75,2/61,3/61,4/60,5/76;0/93,1/72,2/72,3/74,4/94,5/92,6/96,7/71,8/69,9/73,10/96,11/96;0/479,1/482,2/395,3/387,4/393,5/490;0/446,1/298,2/299,3/298,4/410,5/414,6/404,7/313,8/314,9/319,10/422,11/423
5639.96;412;1011;6;12;0/838.51,1/803.04,2/1678.52,3/1766.05,4/1718.7,5/735.15;0/1121.78,1/2617.44,2/2596.35,3/2602.49,4/1509.96,5/1464.15,6/1578.65,7/2481.13,8/2469.96,9/2399.96,10/1386.35,11/1359.96;0/5639.96,1/5639.96,2/5639.96,3/5639.96,4/5639.96,5/5639.96;0/5639.96,1/5639.96,2/5639.96,3/5639.96,4/5639.96,5/5639.96,6/5639.96,7/5639.96,8/5639.96,9/5639.96,10/5639.96,11/5639.96;0/10,1/13,2/16,3/18,4/16,5/12;0/1,1/3,2/5,3/3,4/5,5/5,6/3,7/5,8/7,9/6,10/4,11/8;0/23,1/21,2/21,3/22,4/21,5/23;0/10,1/6,2/7,3/7,4/12,5/8,6/9,7/13,8/10,9/8,10/11,11/15;0/3,1/3,2/2,3/2,4/2,5/3;0/3,1/2,2/2,3/2,4/3,5/3,6/3,7/2,8/2,9/2,10/3,11/3;0/75,1/76,2/61,3/62,4/61,5/77;0/94,1/74,2/73,3/75,4/94,5/94,6/97,7/72,8/69,9/75,10/97,11/97;0/484,1/487,2/399,3/391,4/395,5/494;0/452,1/303,2/305,3/304,4/413,5/418,6/407,7/316,8/317,9/324,10/426,11/428
5699.85;416;1025;6;12;0/843.69,1/836.61,2/1689.45,3/1777.58,4/1758.67,5/740.63;0/1122.13,1/2629.85,2/2599.85,3/2620.28,4/1514.85,5/1518.23,6/1578.99,7/2481.47,8/2529.85,9/2451.78,10/1386.73,11/1379.85;0/5699.85,1/5699.85,2/5699.85,3/5699.85,4/5699.85,5/5699.85;0/5699.85,1/5699.85,2/5699.85,3/5699.85,4/5699.85,5/5699.85,6/5699.85,7/5699.85,8/5699.85,9/5699.85,10/5699.85,11/5699.85;0/15,1/14,2/13,3/17,4/15,5/21;0/3,1/5,2/6,3/3,4/3,5/4,6/5,7/4,8/6,9/3,10/4,11/6;0/23,1/23,2/19,3/21,4/21,5/26;0/12,1/6,2/7,3/7,4/8,5/11,6/10,7/10,8/9,9/7,10/9,11/14;0/3,1/3,2/2,3/2,4/2,5/3;0/3,1/2,2/2,3/2,4/3,5/3,6/3,7/2,8/2,9/2,10/3,11/3;0/76,1/77,2/62,3/62,4/61,5/78;0/95,1/74,2/74,3/76,4/96,5/95,6/99,7/73,8/70,9/76,10/99,11/98;0/489,1/490,2/404,3/395,4/397,5/500;0/458,1/307,2/310,3/308,4/419,5/419,6/413,7/322,8/318,9/325,10/432,11/432
5759.97;420;1032;6;12;0/883.35,1/843.27,2/1728.84,3/1797.83,4/1788.87,5/794.24;0/1122.37,1/2689.97,2/2649.97,3/2620.64,4/1521.75,5/1518.52,6/1589.97,7/2499.97,8/2539.97,9/2479.97,10/1419.97,11/1387.51;0/5759.97,1/5759.97,2/5759.97,3/5759.97,4/5759.97,5/5759.97;0/5759.97,1/5759.97,2/5759.97,3/5759.97,4/5759.97,5/5759.97,6/5759.97,7/5759.97,8/5759.97,9/5759.97,10/5759.97,11/5759.97;0/11,1/14,2/12,3/13,4/15,5/13;0/3,1/1,2/5,3/3,4/3,5/6,6/3,7/8,8/9,9/2,10/2,11/4;0/28,1/18,2/19,3/17,4/18,5/26;0/12,1/6,2/8,3/6,4/6,5/11,6/8,7/13,8/9,9/9,10/7,11/8;0/3,1/3,2/2,3/2,4/2,5/3;0/3,1/2,2/2,3/2,4/3,5/3,6/3,7/2,8/2,9/2,10/3,11/3;0/76,1/78,2/63,3/63,4/62,5/78;0/96,1/74,2/75,3/77,4/97,5/95,6/99,7/73,8/71,9/76,10/99,11/100;0/491,1/495,2/407,3/399,4/400,5/500;0/464,1/307,2/311,3/314,4/424,5/425,6/417,7/326,8/322,9/328,10/434,11/438
5819.94;427;1043;6;12;0/890.84,1/863.79,2/1734.55,3/1828.33,4/1837.76,5/802.59;0/1159.94,1/2714.39,2/2689.94,3/2652.57,4/1534.95,5/1529.94,6/1649.94,7/2521.35,8/2599.94,9/2480.55,10/1446.9,11/1387.78;0/5819.94,1/5819.94,2/5819.94,3/5819.94,4/5819.94,5/5819.94;0/5819.94,1/5819.94,2/5819.94,3/5819.94,4/5819.94,5/5819.94,6/5819.94,7/5819.94,8/5819.94,9/5819.94,10/5819.94,11/5819.94;0/11,1/4,2/12,3/10,4/13,5/9;0/3,1/3,2/6,3/2,4/4,5/8,6/2,7/7,8/6,9/2,10/6,11/2;0/22,1/14,2/14,3/14,4/16,5/20;0/14,1/8,2/8,3/8,4/9,5/13,6/8,7/12,8/9,9/7,10/10,11/7;0/3,1/3,2/2,3/2,4/2,5/3;0/3,1/2,2/2,3/2,4/3,5/3,6/3,7/2,8/2,9/2,10/3,11/3;0/77,1/79,2/64,3/64,4/63,5/80;0/96,1/76,2/76,3/78,4/98,5/96,6/99,7/74,8/71,9/77,10/101,11/101;0/497,1/499,2/412,3/402,4/402,5/506;0/466,1/311,2/313,3/317,4/429,5/429,6/417,7/330,8/322,9/334,10/438,11/444
5879.97;432;1055;6;12;0/896.54,1/874.15,2/1769.46,3/1862.92,4/1859.14,5/807.83;0/1170.62,1/2714.61,2/2744.34,3/2652.87,4/1549.97,5/1544.81,6/1662.47,7/2529.97,8/2635.42,9/2531.67,10/1447.09,11/1389.97;0/5879.97,1/5879.97,2/5879.97,3/5879.97,4/5879.97,5/5879.97;0/5879.97,1/5879.97,2/5879.97,3/5879.97,4/5879.97,5/5879.97,6/5879.97,7/5879.97,8/5879.97,9/5879.97,10/5879.97,11/5879.97;0/6,1/0,2/6,3/5,4/9,5/9;0/3,1/7,2/5,3/4,4/2,5/5,6/4,7/8,8/5,9/1,10/6,11/4;0/17,1/9,2/12,3/11,4/13,5/15;0/13,1/14,2/7,3/8,4/10,5/13,6/10,7/9,8/8,9/7,10/11,11/10;0/3,1/3,2/2,3/2,4/2,5/3;0/3,1/2,2/2,3/2,4/3,5/3,6/3,7/2,8/2,9/2,10/3,11/3;0/78,1/80,2/64,3/65,4/64,5/81;0/97,1/76,2/77,3/78,4/99,5/97,6/101,7/75,8/73,9/78,10/102,11/102;0/502,1/504,2/414,3/405,4/405,5/511;0/471,1/317,2/314,3/323,4/433,5/434,6/422,7/335,8/325,9/335,10/444,11/449
5939.93;436;1067;6;12;0/902.39,1/886.96,2/1829.42,3/1907.08,4/1919.1,5/814.64;0/1180.38,1/2751.28,2/2744.91,3/2661.69,4/1579.93,5/1545.06,6/1663,7/2583.82,8/2663.41,9/2532.16,10/1448.53,11/1449.93;0/5939.93,1/5939.93,2/5939.93,3/5939.93,4/5939.93,5/5939.93;0/5939.93,1/5939.93,2/5939.93,3/5939.93,4/5939.93,5/5939.93,6/5939.93,7/5939.93,8/5939.93,9/5939.93,10/5939.93,11/5939.93;0/6,1/0,2/6,3/0,4/5,5/4;0/3,1/7,2/6,3/4,4/3,5/6,6/4,7/6,8/5,9/6,10/5,11/1;0/11,1/4,2/12,3/9,4/13,5/9;0/9,1/14,2/7,3/9,4/13,5/14,6/9,7/8,8/7,9/13,10/11,11/10;0/3,1/3,2/2,3/2,4/2,5/3;0/3,1/2,2/2,3/2,4/3,5/3,6/3,7/2,8/2,9/2,10/3,11/3;0/79,1/81,2/64,3/66,4/64,5/82;0/99,1/77,2/78,3/79,4/100,5/98,6/102,7/76,8/74,9/79,10/103,11/102;0/508,1/509,2/414,3/407,4/405,5/517;0/476,1/319,2/320,3/328,4/436,5/440,6/428,7/336,8/328,9/341,10/450,11/449
5999.99;443;1077;6;12;0/907.78,1/904.57,2/1849.09,3/1912.98,4/1956.7,5/832.67;0/1180.73,1/2751.67,2/2799.99,3/2689.99,4/1584.8,5/1545.29,6/1669.99,7/2629.01,8/2683.66,9/2532.53,10/1479.89,11/1457.41;0/5999.99,1/5999.99,2/5999.99,3/5999.99,4/5999.99,5/5999.99;0/5999.99,1/5999.99,2/5999.99,3/5999.99,4/5999.99,5/5999.99,6/5999.99,7/5999.99,8/5999.99,9/5999.99,10/5999.99,11/5999.99;0/0,1/0,2/6,3/0,4/5,5/0;0/3,1/8,2/6,3/5,4/4,5/6,6/4,7/4,8/9,9/7,10/1,11/3;0/6,1/0,2/7,3/4,4/10,5/5;0/9,1/11,2/12,3/12,4/13,5/10,6/10,7/10,8/12,9/15,10/10,11/11;0/3,1/3,2/2,3/2,4/2,5/3;0/3,1/2,2/2,3/2,4/3,5/3,6/3,7/2,8/2,9/2,10/3,11/3;0/80,1/82,2/66,3/67,4/65,5/83;0/99,1/78,2/78,3/79,4/102,5/99,6/103,7/77,8/75,9/79,10/104,11/104;0/513,1/513,2/419,3/412,4/408,5/521;0/482,1/325,2/320,3/331,4/442,5/446,6/433,7/338,8/332,9/347,10/453,11/455
6059.98;446;1084;6;12;0/920.27,1/964.55,2/1889.64,3/1928.94,4/1962.07,5/837.49;0/1223.61,1/2779.98,2/2831.38,3/2744.38,4/1584.84,5/1563.89,6/1692.27,7/2630.18,8/2719.98,9/2532.73,10/1479.98,11/1457.75;0/6059.98,1/6059.98,2/6059.98,3/6059.98,4/6059.98,5/6059.98;0/6059.98,1/6059.98,2/6059.98,3/6059.98,4/6059.98,5/6059.98,6/6059.98,7/6059.98,8/6059.98,9/6059.98,10/6059.98,11/6059.98;0/0,1/0,2/0,3/0,4/0,5/0;0/1,1/9,2/8,3/3,4/5,5/7,6/6,7/5,8/7,9/5,10/1,11/6;0/1,1/0,2/6,3/0,4/5,5/0;0/9,1/13,2/13,3/11,4/9,5/10,6/11,7/10,8/13,9/10,10/7,11/12;0/3,1/0,2/3,3/2,4/3,5/3;0/3,1/2,2/2,3/2,4/3,5/3,6/3,7/2,8/2,9/3,10/3,11/3;0/81,1/82,2/66,3/67,4/66,5/84;0/100,1/78,2/79,3/80,4/102,5/100,6/104,7/78,8/75,9/79,10/104,11/105;0/518,1/513,2/420,3/416,4/413,5/526;0/484,1/328,2/323,3/332,4/448,5/450,6/437,7/343,8/334,9/353,10/459,11/461
6119.97;449;1092;6;12;0/965.51,1/1024.54,2/1918.49,3/1988.94,4/2002.72,5/896.08;0/1235.43,1/2821.33,2/2843.34,3/2744.73,4/1599.97,5/1619.97,6/1719.97,7/2639.97,8/2736.79,9/2569.97,10/1480.14,11/1489.97;0/6119.97,1/6119.97,2/6119.97,3/6119.97,4/6119.97,5/6119.97;0/6119.97,1/6119.97,2/6119.97,3/6119.97,4/6119.97,5/6119.97,6/6119.97,7/6119.97,8/6119.97,9/6119.97,10/6119.97,11/6119.97;0/0,1/0,2/0,3/0,4/0,5/0;0/5,1/5,2/8,3/2,4/1,5/1,6/7,7/4,8/6,9/4,10/3,11/2;0/0,1/0,2/2,3/0,4/3,5/0;0/13,1/11,2/9,3/13,4/9,5/12,6/15,7/8,8/11,9/13,10/11,11/16;0/0,1/0,2/3,3/0,4/4,5/0;0/3,1/3,2/3,3/3,4/3,5/4,6/3,7/3,8/3,9/3,10/3,11/4;0/81,1/82,2/68,3/67,4/67,5/84;0/101,1/79,2/80,3/80,4/103,5/100,6/104,7/78,8/76,9/80,10/106,11/105;0/519,1/513,2/424,3/416,4/415,5/526;0/489,1/330,2/328,3/338,4/452,5/450,6/440,7/348,8/339,9/355,10/464,11/463
6179.97;449;1108;6;12;0/1025.5,1/1084.54,2/1949.97,3/2048.93,4/2029.64,5/956.08;0/1235.43,1/2829.97,2/2889.97,3/2758.68,4/1619.42,5/1634.79,6/1728.9,7/2679.97,8/2752.57,9/2578.48,10/1480.33,11/1497.3;0/6179.97,1/6179.97,2/6179.97,3/6179.97,4/6179.97,5/6179.97;0/6179.97,1/6179.97,2/6179.97,3/6179.97,4/6179.97,5/6179.97,6/6179.97,7/6179.97,8/6179.97,9/6179.97,10/6179.97,11/6179.97;0/0,1/0,2/0,3/0,4/0,5/0;0/3,1/5,2/4,3/1,4/2,5/1,6/6,7/4,8/4,9/2,10/3,11/3;0/0,1/0,2/0,3/0,4/0,5/0;0/7,1/8,2/8,3/12,4/9,5/9,6/14,7/9,8/7,9/11,10/13,11/16;0/0,1/0,2/0,3/0,4/0,5/0;0/4,1/4,2/3,3/4,4/4,5/4,6/4,7/3,8/3,9/4,10/4,11/4;0/81,1/82,2/68,3/67,4/67,5/84;0/102,1/80,2/81,3/81,4/105,5/102,6/106,7/79,8/78,9/82,10/106,11/106;0/519,1/513,2/426,3/416,4/418,5/526;0/495,1/335,2/329,3/343,4/457,5/455,6/446,7/350,8/343,9/361,10/470,11/469
6239.97;449;1122;6;12;0/1085.5,1/1144.54,2/2009.97,3/2108.93,4/2089.64,5/1016.08;0/1269.97,1/2869.41,2/2939.97,3/2759.04,4/1619.67,5/1634.92,6/1729.04,7/2713.37,8/2799.97,9/2578.62,10/1480.54,11/1497.69;0/6239.97,1/6239.97,2/6239.97,3/6239.97,4/6239.97,5/6239.97;0/6239.97,1/6239.97,2/6239.97,3/6239.97,4/6239.97,5/6239.97,6/6239.97,7/6239.97,8/6239.97,9/6239.97,10/6239.97,11/6239.97;0/0,1/0,2/0,3/0,4/0,5/0;0/3,1/3,2/4,3/4,4/0,5/0,6/3,7/1,8/1,9/3,10/2,11/2;0/0,1/0,2/0,3/0,4/0,5/0;0/15,1/10,2/9,3/18,4/8,5/7,6/8,7/10,8/9,9/9,10/9,11/11;0/0,1/0,2/0,3/0,4/0,5/0;0/4,1/4,2/3,3/4,4/4,5/4,6/4,7/3,8/3,9/4,10/4,11/4;0/81,1/82,2/68,3/67,4/67,5/84;0/102,1/82,2/82,3/82,4/106,5/104,6/107,7/81,8/78,9/83,10/108,11/107;0/519,1/513,2/426,3/416,4/418,5/526;0/497,1/338,2/330,3/349,4/463,5/461,6/452,7/353,8/344,9/367,10/476,11/475
6300;449;1137;6;12;0/1145.53,1/1204.57,2/2070,3/2168.96,4/2149.67,5/1076.11;0/1290.27,1/2886.35,2/2955.57,3/2759.23,4/1620.13,5/1649.81,6/1737.53,7/2714.83,8/2825.96,9/2579.19,10/1480.74,11/1497.92;0/6300,1/6300,2/6300,3/6300,4/6300,5/6300;0/6300,1/6300,2/6300,3/6300,4/6300,5/6300,6/6300,7/6300,8/6300,9/6300,10/6300,11/6300;0/0,1/0,2/0,3/0,4/0,5/0;0/2,1/7,2/4,3/4,4/1,5/1,6/6,7/0,8/6,9/1,10/3,11/2;0/0,1/0,2/0,3/0,4/0,5/0;0/11,1/17,2/8,3/15,4/9,5/10,6/12,7/10,8/15,9/6,10/10,11/10;0/0,1/0,2/0,3/0,4/0,5/0;0/4,1/4,2/3,3/4,4/4,5/4,6/4,7/3,8/3,9/4,10/4,11/4;0/81,1/82,2/68,3/67,4/67,5/84;0/105,1/83,2/84,3/82,4/107,5/105,6/108,7/82,8/79,9/84,10/110,11/108;0/519,1/513,2/426,3/416,4/418,5/526;0/501,1/342,2/335,3/355,4/468,5/466,6/457,7/359,8/348,9/373,10/482,11/481
6359.94;449;1153;6;12;0/1205.47,1/1264.51,2/2129.94,3/2228.9,4/2209.61,5/1136.05;0/1290.34,1/2908.48,2/2969.8,3/2767.82,4/1620.34,5/1650.22,6/1739.94,7/2715.22,8/2826.07,9/2589.94,10/1481.04,11/1498.07;0/6359.94,1/6359.94,2/6359.94,3/6359.94,4/6359.94,5/6359.94;0/6359.94,1/6359.94,2/6359.94,3/6359.94,4/6359.94,5/6359.94,6/6359.94,7/6359.94,8/6359.94,9/6359.94,10/6359.94,11/6359.94;0/0,1/0,2/0,3/0,4/0,5/0;0/2,1/3,2/2,3/3,4/1,5/5,6/2,7/1,8/7,9/3,10/3,11/0;0/0,1/0,2/0,3/0,4/0,5/0;0/7,1/13,2/11,3/13,4/12,5/12,6/12,7/10,8/12,9/10,10/10,11/6;0/0,1/0,2/0,3/0,4/0,5/0;0/4,1/4,2/3,3/4,4/4,5/4,6/4,7/3,8/3,9/4,10/4,11/4;0/81,1/82,2/68,3/67,4/67,5/84;0/105,1/84,2/85,3/85,4/109,5/107,6/110,7/83,8/80,9/85,10/111,11/109;0/519,1/513,2/426,3/416,4/418,5/526;0/507,1/346,2/340,3/360,4/474,5/471,6/462,7/365,8/354,9/377,10/488,11/487
6419.99;449;1164;6;12;0/1265.53,1/1324.57,2/2190,3/2288.96,4/2269.66,5/1196.1;0/1294.22,1/2908.59,2/2983.94,3/2767.95,4/1620.72,5/1679.99,6/1780.72,7/2715.72,8/2829.99,9/2597.21,10/1481.29,11/1505.12;0/6419.99,1/6419.99,2/6419.99,3/6419.99,4/6419.99,5/6419.99;0/6419.99,1/6419.99,2/6419.99,3/6419.99,4/6419.99,5/6419.99,6/6419.99,7/6419.99,8/6419.99,9/6419.99,10/6419.99,11/6419.99;0/0,1/0,2/0,3/0,4/0,5/0;0/0,1/3,2/3,3/1,4/4,5/2,6/1,7/0,8/7,9/1,10/2,11/7;0/0,1/0,2/0,3/0,4/0,5/0;0/8,1/9,2/10,3/9,4/11,5/16,6/10,7/8,8/11,9/9,10/7,11/12;0/0,1/0,2/0,3/0,4/0,5/0;0/4,1/4,2/3,3/4,4/4,5/4,6/4,7/3,8/3,9/4,10/4,11/4;0/81,1/82,2/68,3/67,4/67,5/84;0/107,1/85,2/86,3/85,4/109,5/107,6/111,7/83,8/81,9/87,10/112,11/111;0/519,1/513,2/426,3/416,4/418,5/526;0/513,1/352,2/344,3/366,4/480,5/474,6/464,7/371,8/359,9/383,10/494,11/492
6479.9;449;1179;6;12;0/1325.43,1/1384.47,2/2249.9,3/2348.86,4/2329.57,5/1256.01;0/1294.52,1/2910.93,2/2985.77,3/2768.28,4/1645.28,5/1711.2,6/1780.82,7/2716.17,8/2889.9,9/2597.52,10/1500.63,11/1521.59;0/6479.9,1/6479.9,2/6479.9,3/6479.9,4/6479.9,5/6479.9;0/6479.9,1/6479.9,2/6479.9,3/6479.9,4/6479.9,5/6479.9,6/6479.9,7/6479.9,8/6479.9,9/6479.9,10/6479.9,11/6479.9;0/0,1/0,2/0,3/0,4/0,5/0;0/4,1/2,2/0,3/3,4/0,5/1,6/1,7/0,8/6,9/3,10/2,11/2;0/0,1/0,2/0,3/0,4/0,5/0;0/16,1/8,2/6,3/12,4/11,5/13,6/11,7/7,8/11,9/10,10/10,11/12;0/0,1/0,2/0,3/0,4/0,5/0;0/4,1/4,2/3,3/4,4/4,5/4,6/4,7/3,8/3,9/4,10/4,11/4;0/81,1/82,2/68,3/67,4/67,5/84;0/108,1/87,2/87,3/87,4/111,5/109,6/112,7/84,8/81,9/88,10/113,11/112;0/519,1/513,2/426,3/416,4/418,5/526;0/519,1/357,2/350,3/372,4/484,5/477,6/470,7/377,8/359,9/389,10/498,11/496
6539.95;449;1193;6;12;0/1385.48,1/1444.52,2/2309.95,3/2408.91,4/2389.62,5/1316.06;0/1295.01,1/2913.66,2/3029.95,3/2768.58,4/1645.58,5/1711.38,6/1781.14,7/2716.56,8/2909.95,9/2598.04,10/1506.21,11/1531.99;0/6539.95,1/6539.95,2/6539.95,3/6539.95,4/6539.95,5/6539.95;0/6539.95,1/6539.95,2/6539.95,3/6539.95,4/6539.95,5/6539.95,6/6539.95,7/6539.95,8/6539.95,9/6539.95,10/6539.95,11/6539.95;0/0,1/0,2/0,3/0,4/0,5/0;0/5,1/4,2/0,3/5,4/2,5/1,6/1,7/0,8/4,9/4,10/2,11/2;0/0,1/0,2/0,3/0,4/0,5/0;0/20,1/8,2/7,3/11,4/13,5/9,6/12,7/6,8/7,9/14,10/8,11/14;0/0,1/0,2/0,3/0,4/0,5/0;0/4,1/4,2/3,3/4,4/4,5/4,6/4,7/3,8/3,9/4,10/4,11/4;0/81,1/82,2/68,3/67,4/67,5/84;0/109,1/88,2/87,3/88,4/111,5/110,6/114,7/84,8/83,9/90,10/115,11/114;0/519,1/513,2/426,3/416,4/418,5/526;0/525,1/363,2/351,3/378,4/490,5/483,6/476,7/383,8/363,9/395,10/504,11/501
6599.95;449;1203;6;12;0/1445.48,1/1504.52,2/2369.95,3/2468.91,4/2449.62,5/1376.06;0/1295.06,1/2959.95,2/3046.28,3/2768.74,4/1645.77,5/1711.68,6/1781.27,7/2717.63,8/2959.95,9/2598.14,10/1510.19,11/1532.15;0/6599.95,1/6599.95,2/6599.95,3/6599.95,4/6599.95,5/6599.95;0/6599.95,1/6599.95,2/6599.95,3/6599.95,4/6599.95,5/6599.95,6/6599.95,7/6599.95,8/6599.95,9/6599.95,10/6599.95,11/6599.95;0/0,1/0,2/0,3/0,4/0,5/0;0/2,1/1,2/1,3/3,4/1,5/1,6/2,7/1,8/3,9/1,10/2,11/1;0/0,1/0,2/0,3/0,4/0,5/0;0/14,1/10,2/11,3/12,4/9,5/10,6/10,7/7,8/9,9/11,10/14,11/10;0/0,1/0,2/0,3/0,4/0,5/0;0/4,1/4,2/3,3/4,4/4,5/4,6/4,7/3,8/3,9/4,10/4,11/4;0/81,1/82,2/68,3/67,4/67,5/84;0/110,1/88,2/88,3/89,4/112,5/111,6/115,7/85,8/84,9/91,10/116,11/114;0/519,1/513,2/426,3/416,4/418,5/526;0/531,1/364,2/356,3/384,4/496,5/489,6/482,7/389,8/364,9/401,10/509,11/507
6659.88;449;1218;6;12;0/1505.41,1/1564.45,2/2429.88,3/2528.84,4/2509.55,5/1435.99;0/1295.28,1/2969.64,2/3046.79,3/2769,4/1646.12,5/1711.85,6/1787.37,7/2718.18,8/2979.88,9/2612.61,10/1510.38,11/1532.51;0/6659.88,1/6659.88,2/6659.88,3/6659.88,4/6659.88,5/6659.88;0/6659.88,1/6659.88,2/6659.88,3/6659.88,4/6659.88,5/6659.88,6/6659.88,7/6659.88,8/6659.88,9/6659.88,10/6659.88,11/6659.88;0/0,1/0,2/0,3/0,4/0,5/0;0/2,1/4,2/3,3/1,4/1,5/0,6/2,7/4,8/2,9/0,10/1,11/3;0/0,1/0,2/0,3/0,4/0,5/0;0/13,1/11,2/11,3/11,4/10,5/8,6/10,7/12,8/8,9/14,10/10,11/13;0/0,1/0,2/0,3/0,4/0,5/0;0/4,1/4,2/3,3/4,4/4,5/4,6/4,7/3,8/3,9/4,10/4,11/4;0/81,1/82,2/68,3/67,4/67,5/84;0/111,1/90,2/89,3/91,4/113,5/112,6/116,7/85,8/85,9/92,10/118,11/116;0/519,1/513,2/426,3/416,4/418,5/526;0/537,1/370,2/362,3/390,4/502,5/495,6/488,7/395,8/368,9/405,10/515,11/513
6719.96;449;1231;6;12;0/1565.49,1/1624.53,2/2489.96,3/2588.92,4/2569.63,5/1496.07;0/1295.58,1/2969.96,2/3046.96,3/2789.96,4/1646.49,5/1712.44,6/1787.53,7/2718.31,8/2980.46,9/2612.7,10/1510.64,11/1532.62;0/6719.96,1/6719.96,2/6719.96,3/6719.96,4/6719.96,5/6719.96;0/6719.96,1/6719.96,2/6719.96,3/6719.96,4/6719.96,5/6719.96,6/6719.96,7/6719.96,8/6719.96,9/6719.96,10/6719.96,11/6719.96;0/0,1/0,2/0,3/0,4/0,5/0;0/4,1/7,2/4,3/1,4/2,5/0,6/1,7/1,8/5,9/0,10/0,11/1;0/0,1/0,2/0,3/0,4/0,5/0;0/14,1/11,2/8,3/14,4/15,5/16,6/8,7/7,8/9,9/10,10/7,11/10;0/0,1/0,2/0,3/0,4/0,5/0;0/4,1/4,2/3,3/4,4/4,5/4,6/4,7/3,8/3,9/4,10/4,11/4;0/81,1/82,2/68,3/67,4/67,5/84;0/111,1/92,2/90,3/91,4/115,5/113,6/118,7/86,8/87,9/93,10/119,11/116;0/519,1/513,2/426,3/416,4/418,5/526;0/543,1/376,2/368,3/393,4/508,5/501,6/494,7/401,8/374,9/411,10/521,11/519
6780;449;1243;6;12;0/1625.53,1/1684.57,2/2550,3/2648.96,4/2629.67,5/1556.11;0/1295.76,1/3000,2/3076.99,3/2793.42,4/1646.77,5/1712.58,6/1787.94,7/2719.86,8/3000,9/2612.93,10/1511.3,11/1532.93;0/6780,1/6780,2/6780,3/6780,4/6780,5/6780;0/6780,1/6780,2/6780,3/6780,4/6780,5/6780,6/6780,7/6780,8/6780,9/6780,10/6780,11/6780;0/0,1/0,2/0,3/0,4/0,5/0;0/2,1/2,2/2,3/3,4/0,5/1,6/2,7/8,8/4,9/0,10/1,11/2;0/0,1/0,2/0,3/0,4/0,5/0;0/10,1/11,2/7,3/15,4/13,5/13,6/8,7/18,8/12,9/7,10/10,11/8;0/0,1/0,2/0,3/0,4/0,5/0;0/4,1/4,2/3,3/4,4/4,5/4,6/4,7/3,8/3,9/4,10/4,11/4;0/81,1/82,2/68,3/67,4/67,5/84;0/112,1/92,2/91,3/92,4/116,5/114,6/119,7/88,8/87,9/94,10/120,11/118;0/519,1/513,2/426,3/416,4/418,5/526;0/549,1/378,2/371,3/399,4/514,5/507,6/500,7/407,8/378,9/417,10/527,11/525
6839.99;449;1257;6;12;0/1685.53,1/1744.56,2/2610,3/2708.96,4/2689.66,5/1616.1;0/1296.08,1/3013.71,2/3094.64,3/2793.55,4/1646.9,5/1712.77,6/1788.28,7/2719.99,8/3007.13,9/2613.21,10/1511.64,11/1533.21;0/6839.99,1/6839.99,2/6839.99,3/6839.99,4/6839.99,5/6839.99;0/6839.99,1/6839.99,2/6839.99,3/6839.99,4/6839.99,5/6839.99,6/6839.99,7/6839.99,8/6839.99,9/6839.99,10/6839.99,11/6839.99;0/0,1/0,2/0,3/0,4/0,5/0;0/1,1/2,2/4,3/3,4/1,5/0,6/0,7/6,8/3,9/0,10/4,11/0;0/0,1/0,2/0,3/0,4/0,5/0;0/8,1/6,2/7,3/10,4/11,5/9,6/8,7/14,8/10,9/7,10/15,11/7;0/0,1/0,2/0,3/0,4/0,5/0;0/4,1/4,2/3,3/4,4/4,5/4,6/4,7/3,8/3,9/4,10/4,11/4;0/81,1/82,2/68,3/67,4/67,5/84;0/113,1/94,2/92,3/93,4/117,5/115,6/121,7/89,8/89,9/94,10/121,11/119;0/519,1/513,2/426,3/416,4/418,5/526;0/555,1/383,2/375,3/405,4/520,5/513,6/506,7/412,8/384,9/423,10/533,11/531
6899.95;449;1273;6;12;0/1745.49,1/1804.53,2/2669.96,3/2768.92,4/2749.62,5/1676.06;0/1296.44,1/3014.48,2/3116.39,3/2793.9,4/1647.04,5/1713.62,6/1791.02,7/2720.13,8/3007.28,9/2613.72,10/1512.04,11/1540.26;0/6899.95,1/6899.95,2/6899.95,3/6899.95,4/6899.95,5/6899.95;0/6899.95,1/6899.95,2/6899.95,3/6899.95,4/6899.95,5/6899.95,6/6899.95,7/6899.95,8/6899.95,9/6899.95,10/6899.95,11/6899.95;0/0,1/0,2/0,3/0,4/0,5/0;0/0,1/3,2/0,3/3,4/4,5/2,6/6,7/6,8/3,9/2,10/5,11/0;0/0,1/0,2/0,3/0,4/0,5/0;0/5,1/10,2/15,3/9,4/10,5/11,6/15,7/11,8/9,9/14,10/21,11/8;0/0,1/0,2/0,3/0,4/0,5/0;0/4,1/4,2/3,3/4,4/4,5/4,6/4,7/3,8/3,9/4,10/4,11/4;0/81,1/82,2/68,3/67,4/67,5/84;0/115,1/95,2/94,3/94,4/118,5/115,6/123,7/90,8/90,9/96,10/123,11/120;0/519,1/513,2/426,3/416,4/418,5/526;0/561,1/389,2/379,3/411,4/526,5/519,6/511,7/418,8/390,9/429,10/539,11/536
6959.98;449;1285;6;12;0/1805.51,1/1864.55,2/2729.98,3/2828.94,4/2809.65,5/1736.09;0/1297.04,1/3033.71,2/3116.67,3/2794.22,4/1647.78,5/1713.8,6/1791.27,7/2720.24,8/3007.74,9/2614.04,10/1512.11,11/1540.63;0/6959.98,1/6959.98,2/6959.98,3/6959.98,4/6959.98,5/6959.98;0/6959.98,1/6959.98,2/6959.98,3/6959.98,4/6959.98,5/6959.98,6/6959.98,7/6959.98,8/6959.98,9/6959.98,10/6959.98,11/6959.98;0/0,1/0,2/0,3/0,4/0,5/0;0/7,1/2,2/2,3/5,4/3,5/3,6/5,7/5,8/4,9/1,10/3,11/0;0/0,1/0,2/0,3/0,4/0,5/0;0/15,1/10,2/15,3/17,4/12,5/11,6/16,7/7,8/9,9/14,10/18,11/7;0/0,1/0,2/0,3/0,4/0,5/0;0/4,1/4,2/3,3/4,4/4,5/4,6/4,7/3,8/3,9/4,10/4,11/4;0/81,1/82,2/68,3/67,4/67,5/84;0/117,1/97,2/94,3/95,4/119,5/117,6/123,7/91,8/91,9/97,10/123,11/121;0/519,1/513,2/426,3/416,4/418,5/526;0/567,1/393,2/385,3/417,4/532,5/525,6/517,7/424,8/396,9/435,10/545,11/542
7019.98;449;1294;6;12;0/1865.51,1/1924.55,2/2789.98,3/2888.94,4/2869.65,5/1796.09;0/1297.2,1/3059.98,2/3116.84,3/2835.14,4/1658.17,5/1714.15,6/1798.04,7/2769.98,8/3007.9,9/2614.47,10/1512.18,11/1549.98;0/7019.98,1/7019.98,2/7019.98,3/7019.98,4/7019.98,5/7019.98;0/7019.98,1/7019.98,2/7019.98,3/7019.98,4/7019.98,5/7019.98,6/7019.98,7/7019.98,8/7019.98,9/7019.98,10/7019.98,11/7019.98;0/0,1/0,2/0,3/0,4/0,5/0;0/4,1/1,2/2,3/4,4/2,5/2,6/3,7/5,8/3,9/3,10/2,11/0;0/0,1/0,2/0,3/0,4/0,5/0;0/11,1/9,2/10,3/15,4/9,5/13,6/10,7/10,8/7,9/15,10/12,11/8;0/0,1/0,2/0,3/0,4/0,5/0;0/4,1/4,2/3,3/4,4/4,5/4,6/4,7/3,8/3,9/4,10/4,11/4;0/81,1/82,2/68,3/67,4/67,5/84;0/118,1/97,2/94,3/96,4/120,5/118,6/124,7/91,8/92,9/98,10/124,11/122;0/519,1/513,2/426,3/416,4/418,5/526;0/573,1/396,2/391,3/419,4/537,5/531,6/523,7/425,8/402,9/441,10/551,11/547
7079.95;449;1311;6;12;0/1925.48,1/1984.52,2/2849.95,3/2948.91,4/2929.62,5/1856.06;0/1297.42,1/3089.95,2/3121.34,3/2835.2,4/1658.37,5/1729.95,6/1801.95,7/2781,8/3049.95,9/2614.67,10/1512.38,11/1581.09;0/7079.95,1/7079.95,2/7079.95,3/7079.95,4/7079.95,5/7079.95;0/7079.95,1/7079.95,2/7079.95,3/7079.95,4/7079.95,5/7079.95,6/7079.95,7/7079.95,8/7079.95,9/7079.95,10/7079.95,11/7079.95;0/0,1/0,2/0,3/0,4/0,5/0;0/4,1/3,2/3,3/4,4/5,5/2,6/5,7/6,8/2,9/3,10/2,11/0;0/0,1/0,2/0,3/0,4/0,5/0;0/11,1/12,2/14,3/9,4/10,5/11,6/11,7/10,8/8,9/12,10/9,11/6;0/0,1/0,2/0,3/0,4/0,5/0;0/4,1/4,2/3,3/4,4/4,5/4,6/4,7/3,8/3,9/4,10/4,11/4;0/81,1/82,2/68,3/67,4/67,5/84;0/119,1/98,2/96,3/97,4/122,5/119,6/126,7/93,8/93,9/99,10/125,11/124;0/519,1/513,2/426,3/416,4/418,5/526;0/579,1/399,2/396,3/425,4/543,5/536,6/528,7/430,8/403,9/447,10/557,11/550
7139.99;449;1327;6;12;0/1985.52,1/2044.56,2/2909.99,3/3008.95,4/2989.66,5/1916.1;0/1297.67,1/3098.98,2/3121.6,3/2835.38,4/1665.42,5/1735.33,6/1829.99,7/2805.66,8/3071.28,9/2614.82,10/1512.67,11/1581.45;0/7139.99,1/7139.99,2/7139.99,3/7139.99,4/7139.99,5/7139.99;0/7139.99,1/7139.99,2/7139.99,3/7139.99,4/7139.99,5/7139.99,6/7139.99,7/7139.99,8/7139.99,9/7139.99,10/7139.99,11/7139.99;0/0,1/0,2/0,3/0,4/0,5/0;0/3,1/2,2/1,3/3,4/5,5/1,6/4,7/4,8/0,9/2,10/3,11/0;0/0,1/0,2/0,3/0,4/0,5/0;0/11,1/12,2/12,3/8,4/8,5/9,6/13,7/12,8/6,9/11,10/10,11/8;0/0,1/0,2/0,3/0,4/0,5/0;0/4,1/4,2/3,3/4,4/4,5/4,6/4,7/3,8/3,9/4,10/4,11/4;0/81,1/82,2/68,3/67,4/67,5/84;0/121,1/100,2/96,3/98,4/124,5/120,6/127,7/94,8/95,9/100,10/127,11/125;0/519,1/513,2/426,3/416,4/418,5/526;0/585,1/405,2/402,3/431,4/548,5/541,6/531,7/434,8/407,9/453,10/563,11/556
7199.98;449;1340;6;12;0/2045.52,1/2104.55,2/2969.99,3/3068.95,4/3049.65,5/1976.09;0/1297.83,1/3099.1,2/3122.02,3/2849.98,4/1669.98,5/1735.56,6/1840.95,7/2825.51,8/3078.77,9/2614.96,10/1513.05,11/1581.73;0/7199.98,1/7199.98,2/7199.98,3/7199.98,4/7199.98,5/7199.98;0/7199.98,1/7199.98,2/7199.98,3/7199.98,4/7199.98,5/7199.98,6/7199.98,7/7199.98,8/7199.98,9/7199.98,10/7199.98,11/7199.98;0/0,1/0,2/0,3/0,4/0,5/0;0/1,1/1,2/4,3/0,4/6,5/1,6/1,7/5,8/1,9/1,10/2,11/0;0/0,1/0,2/0,3/0,4/0,5/0;0/10,1/7,2/13,3/8,4/11,5/8,6/10,7/12,8/7,9/12,10/6,11/13;0/0,1/0,2/0,3/0,4/0,5/0;0/4,1/4,2/3,3/4,4/4,5/4,6/4,7/3,8/3,9/4,10/4,11/4;0/81,1/82,2/68,3/67,4/67,5/84;0/122,1/101,2/97,3/99,4/125,5/121,6/129,7/95,8/96,9/101,10/128,11/126;0/519,1/513,2/426,3/416,4/418,5/526;0/591,1/411,2/408,3/435,4/553,5/547,6/536,7/438,8/413,9/459,10/569,11/562
7259.95;449;1355;6;12;0/2105.48,1/2164.52,2/3029.95,3/3128.91,4/3109.62,5/2036.05;0/1308.5,1/3099.41,2/3122.23,3/2869.41,4/1719.95,5/1735.95,6/1841.43,7/2825.67,8/3079.12,9/2615.09,10/1513.45,11/1582.05;0/7259.95,1/7259.95,2/7259.95,3/7259.95,4/7259.95,5/7259.95;0/7259.95,1/7259.95,2/7259.95,3/7259.95,4/7259.95,5/7259.95,6/7259.95,7/7259.95,8/7259.95,9/7259.95,10/7259.95,11/7259.95;0/0,1/0,2/0,3/0,4/0,5/0;0/1,1/3,2/1,3/0,4/4,5/1,6/1,7/2,8/8,9/2,10/6,11/0;0/0,1/0,2/0,3/0,4/0,5/0;0/11,1/8,2/8,3/10,4/10,5/14,6/10,7/8,8/17,9/8,10/14,11/9;0/0,1/0,2/0,3/0,4/0,5/0;0/4,1/4,2/3,3/4,4/4,5/4,6/4,7/3,8/3,9/4,10/4,11/4;0/81,1/82,2/68,3/67,4/67,5/84;0/123,1/103,2/98,3/101,4/126,5/122,6/131,7/96,8/97,9/102,10/129,11/127;0/519,1/513,2/426,3/416,4/418,5/526;0/596,1/417,2/414,3/440,4/554,5/553,6/542,7/444,8/419,9/465,10/575,11/568
7319.98;449;1369;6;12;0/2165.52,1/2224.56,2/3089.99,3/3188.95,4/3169.65,5/2096.09;0/1308.77,1/3099.85,2/3122.45,3/2869.72,4/1726.16,5/1736.03,6/1841.78,7/2843.03,8/3109.14,9/2619.27,10/1514.18,11/1582.28;0/7319.98,1/7319.98,2/7319.98,3/7319.98,4/7319.98,5/7319.98;0/7319.98,1/7319.98,2/7319.98,3/7319.98,4/7319.98,5/7319.98,6/7319.98,7/7319.98,8/7319.98,9/7319.98,10/7319.98,11/7319.98;0/0,1/0,2/0,3/0,4/0,5/0;0/2,1/2,2/1,3/1,4/3,5/2,6/1,7/2,8/5,9/6,10/6,11/0;0/0,1/0,2/0,3/0,4/0,5/0;0/9,1/13,2/6,3/9,4/7,5/10,6/11,7/12,8/14,9/12,10/16,11/11;0/0,1/0,2/0,3/0,4/0,5/0;0/4,1/4,2/3,3/4,4/4,5/4,6/4,7/3,8/3,9/4,10/4,11/4;0/81,1/82,2/68,3/67,4/67,5/84;0/124,1/105,2/99,3/101,4/129,5/123,6/131,7/97,8/98,9/104,10/130,11/128;0/519,1/513,2/426,3/416,4/418,5/526;0/602,1/423,2/420,3/446,4/560,5/559,6/548,7/448,8/422,9/471,10/581,11/574
7380;449;1380;6;12;0/2225.53,1/2284.57,2/3150,3/3248.96,4/3229.67,5/2156.11;0/1314.27,1/3102.16,2/3134.81,3/2870.18,4/1750,5/1736.24,6/1855.11,7/2843.22,8/3109.25,9/2637.16,10/1514.31,11/1583.45;0/7380,1/7380,2/7380,3/7380,4/7380,5/7380;0/7380,1/7380,2/7380,3/7380,4/7380,5/7380,6/7380,7/7380,8/7380,9/7380,10/7380,11/7380;0/0,1/0,2/0,3/0,4/0,5/0;0/3,1/3,2/0,3/2,4/2,5/5,6/0,7/0,8/6,9/1,10/7,11/1;0/0,1/0,2/0,3/0,4/0,5/0;0/12,1/18,2/8,3/15,4/12,5/10,6/17,7/10,8/11,9/11,10/16,11/12;0/0,1/0,2/0,3/0,4/0,5/0;0/4,1/4,2/3,3/4,4/4,5/4,6/4,7/3,8/3,9/4,10/4,11/4;0/81,1/82,2/68,3/67,4/67,5/84;0/125,1/106,2/100,3/102,4/130,5/123,6/133,7/98,8/98,9/105,10/131,11/129;0/519,1/513,2/426,3/416,4/418,5/526;0/607,1/428,2/425,3/451,4/563,5/565,6/553,7/454,8/428,9/475,10/587,11/580
7439.79;449;1393;6;12;0/2285.33,1/2344.36,2/3209.8,3/3308.76,4/3289.46,5/2215.9;0/1319.79,1/3102.19,2/3143.5,3/2883.64,4/1781.26,5/1739.79,6/1855.24,7/2843.5,8/3109.79,9/2637.47,10/1514.44,11/1583.59;0/7439.79,1/7439.79,2/7439.79,3/7439.79,4/7439.79,5/7439.79;0/7439.79,1/7439.79,2/7439.79,3/7439.79,4/7439.79,5/7439.79,6/7439.79,7/7439.79,8/7439.79,9/7439.79,10/7439.79,11/7439.79;0/0,1/0,2/0,3/0,4/0,5/0;0/3,1/3,2/2,3/4,4/2,5/1,6/2,7/2,8/9,9/2,10/6,11/1;0/0,1/0,2/0,3/0,4/0,5/0;0/15,1/12,2/11,3/16,4/9,5/14,6/17,7/9,8/11,9/11,10/12,11/11;0/0,1/0,2/0,3/0,4/0,5/0;0/4,1/4,2/3,3/4,4/4,5/4,6/4,7/3,8/3,9/4,10/4,11/4;0/81,1/82,2/68,3/67,4/67,5/84;0/126,1/107,2/101,3/103,4/132,5/125,6/133,7/99,8/99,9/106,10/132,11/130;0/519,1/513,2/426,3/416,4/418,5/526;0/612,1/434,2/430,3/456,4/566,5/570,6/559,7/460,8/433,9/481,10/593,11/586
7499.81;449;1407;6;12;0/2345.34,1/2404.38,2/3269.81,3/3368.77,4/3349.48,5/2275.92;0/1330.83,1/3102.46,2/3143.67,3/2883.83,4/1783.67,5/1762.37,6/1855.39,7/2843.72,8/3159.81,9/2637.72,10/1514.76,11/1583.83;0/7499.81,1/7499.81,2/7499.81,3/7499.81,4/7499.81,5/7499.81;0/7499.81,1/7499.81,2/7499.81,3/7499.81,4/7499.81,5/7499.81,6/7499.81,7/7499.81,8/7499.81,9/7499.81,10/7499.81,11/7499.81;0/0,1/0,2/0,3/0,4/0,5/0;0/2,1/0,2/7,3/5,4/1,5/3,6/2,7/1,8/5,9/3,10/6,11/3;0/0,1/0,2/0,3/0,4/0,5/0;0/10,1/10,2/13,3/16,4/14,5/15,6/14,7/6,8/9,9/14,10/12,11/16;0/0,1/0,2/0,3/0,4/0,5/0;0/4,1/4,2/3,3/4,4/4,5/4,6/4,7/3,8/3,9/4,10/4,11/4;0/81,1/82,2/68,3/67,4/67,5/84;0/127,1/108,2/102,3/104,4/134,5/126,6/134,7/100,8/101,9/107,10/134,11/130;0/519,1/513,2/426,3/416,4/418,5/526;0/617,1/440,2/436,3/462,4/572,5/574,6/565,7/466,8/435,9/487,10/599,11/592
7559.98;449;1422;6;12;0/2405.51,1/2464.55,2/3329.99,3/3428.94,4/3409.65,5/2336.09;0/1331.11,1/3102.65,2/3143.89,3/2884.02,4/1783.89,5/1762.49,6/1855.54,7/2844.47,8/3159.98,9/2638.36,10/1539.98,11/1583.89;0/7559.98,1/7559.98,2/7559.98,3/7559.98,4/7559.98,5/7559.98;0/7559.98,1/7559.98,2/7559.98,3/7559.98,4/7559.98,5/7559.98,6/7559.98,7/7559.98,8/7559.98,9/7559.98,10/7559.98,11/7559.98;0/0,1/0,2/0,3/0,4/0,5/0;0/2,1/2,2/6,3/6,4/2,5/7,6/2,7/2,8/5,9/1,10/3,11/3;0/0,1/0,2/0,3/0,4/0,5/0;0/9,1/10,2/12,3/16,4/14,5/18,6/14,7/12,8/8,9/15,10/11,11/10;0/0,1/0,2/0,3/0,4/0,5/0;0/4,1/4,2/3,3/4,4/4,5/4,6/4,7/3,8/3,9/4,10/4,11/4;0/81,1/82,2/68,3/67,4/67,5/84;0/129,1/109,2/103,3/105,4/135,5/127,6/136,7/101,8/103,9/108,10/135,11/131;0/519,1/513,2/426,3/416,4/418,5/526;0/623,1/446,2/442,3/468,4/578,5/580,6/571,7/472,8/441,9/493,10/602,11/598
7619.96;449;1435;6;12;0/2465.49,1/2524.53,2/3389.96,3/3488.92,4/3469.63,5/2396.07;0/1356.12,1/3102.98,2/3145.15,3/2884.05,4/1783.96,5/1765.29,6/1855.82,7/2844.67,8/3189.96,9/2638.49,10/1562.67,11/1584.35;0/7619.96,1/7619.96,2/7619.96,3/7619.96,4/7619.96,5/7619.96;0/7619.96,1/7619.96,2/7619.96,3/7619.96,4/7619.96,5/7619.96,6/7619.96,7/7619.96,8/7619.96,9/7619.96,10/7619.96,11/7619.96;0/0,1/0,2/0,3/0,4/0,5/0;0/1,1/1,2/7,3/4,4/2,5/6,6/1,7/3,8/3,9/4,10/3,11/3;0/0,1/0,2/0,3/0,4/0,5/0;0/7,1/10,2/11,3/10,4/8,5/16,6/9,7/10,8/10,9/15,10/11,11/10;0/0,1/0,2/0,3/0,4/0,5/0;0/4,1/4,2/3,3/4,4/4,5/4,6/4,7/3,8/3,9/4,10/4,11/4;0/81,1/82,2/68,3/67,4/67,5/84;0/131,1/110,2/105,3/106,4/136,5/129,6/136,7/102,8/103,9/108,10/137,11/132;0/519,1/513,2/426,3/416,4/418,5/526;0/627,1/452,2/448,3/474,4/584,5/586,6/577,7/478,8/443,9/499,10/606,11/604
7679.94;449;1449;6;12;0/2525.47,1/2584.51,2/3449.94,3/3548.9,4/3529.61,5/2456.05;0/1356.69,1/3126.69,2/3169.94,3/2893.83,4/1784.32,5/1765.31,6/1856.15,7/2844.92,8/3194.92,9/2638.79,10/1564.09,11/1589.08;0/7679.94,1/7679.94,2/7679.94,3/7679.94,4/7679.94,5/7679.94;0/7679.94,1/7679.94,2/7679.94,3/7679.94,4/7679.94,5/7679.94,6/7679.94,7/7679.94,8/7679.94,9/7679.94,10/7679.94,11/7679.94;0/0,1/0,2/0,3/0,4/0,5/0;0/1,1/0,2/5,3/3,4/3,5/4,6/2,7/3,8/5,9/3,10/3,11/2;0/0,1/0,2/0,3/0,4/0,5/0;0/8,1/14,2/8,3/7,4/9,5/10,6/7,7/9,8/11,9/12,10/12,11/7;0/0,1/0,2/0,3/0,4/0,5/0;0/4,1/4,2/3,3/4,4/4,5/4,6/4,7/3,8/3,9/4,10/4,11/4;0/81,1/82,2/68,3/67,4/67,5/84;0/132,1/112,2/105,3/108,4/137,5/130,6/137,7/102,8/104,9/110,10/138,11/134;0/519,1/513,2/426,3/416,4/418,5/526;0/633,1/456,2/451,3/479,4/590,5/592,6/583,7/484,8/449,9/505,10/612,11/610
7740;449;1463;6;12;0/2585.53,1/2644.57,2/3510.01,3/3608.96,4/3589.67,5/2516.11;0/1357.18,1/3126.88,2/3207.08,3/2910,4/1800,5/1778.92,6/1861,7/2845.08,8/3195.12,9/2639.01,10/1564.18,11/1620;0/7740,1/7740,2/7740,3/7740,4/7740,5/7740;0/7740,1/7740,2/7740,3/7740,4/7740,5/7740,6/7740,7/7740,8/7740,9/7740,10/7740,11/7740;0/0,1/0,2/0,3/0,4/0,5/0;0/3,1/1,2/6,3/0,4/5,5/5,6/4,7/3,8/3,9/4,10/5,11/4;0/0,1/0,2/0,3/0,4/0,5/0;0/12,1/15,2/12,3/10,4/11,5/12,6/12,7/8,8/11,9/9,10/14,11/12;0/0,1/0,2/0,3/0,4/0,5/0;0/4,1/4,2/3,3/4,4/4,5/4,6/4,7/3,8/3,9/4,10/4,11/4;0/81,1/82,2/68,3/67,4/67,5/84;0/133,1/112,2/108,3/109,4/138,5/132,6/139,7/103,8/106,9/110,10/139,11/134;0/519,1/513,2/426,3/416,4/418,5/526;0/639,1/462,2/454,3/483,4/594,5/597,6/588,7/490,8/455,9/511,10/618,11/612
7799.95;449;1478;6;12;0/2645.49,1/2704.52,2/3569.96,3/3668.92,4/3649.62,5/2576.06;0/1357.45,1/3127.25,2/3207.25,3/2917.4,4/1845.22,5/1779.14,6/1869.95,7/2859.95,8/3214.19,9/2639.52,10/1564.48,11/1622.83;0/7799.95,1/7799.95,2/7799.95,3/7799.95,4/7799.95,5/7799.95;0/7799.95,1/7799.95,2/7799.95,3/7799.95,4/7799.95,5/7799.95,6/7799.95,7/7799.95,8/7799.95,9/7799.95,10/7799.95,11/7799.95;0/0,1/0,2/0,3/0,4/0,5/0;0/3,1/2,2/8,3/3,4/3,5/7,6/3,7/4,8/3,9/6,10/2,11/3;0/0,1/0,2/0,3/0,4/0,5/0;0/12,1/14,2/12,3/10,4/13,5/10,6/12,7/14,8/13,9/12,10/13,11/12;0/0,1/0,2/0,3/0,4/0,5/0;0/4,1/4,2/3,3/4,4/4,5/4,6/4,7/3,8/3,9/4,10/4,11/4;0/81,1/82,2/68,3/67,4/67,5/84;0/134,1/113,2/108,3/110,4/139,5/134,6/140,7/104,8/107,9/113,10/140,11/136;0/519,1/513,2/426,3/416,4/418,5/526;0/645,1/468,2/460,3/489,4/596,5/603,6/593,7/494,8/459,9/517,10/624,11/618
7859.98;449;1492;6;12;0/2705.52,1/2764.55,2/3629.99,3/3728.95,4/3709.65,5/2636.09;0/1357.86,1/3127.51,2/3219.98,3/2921.94,4/1845.63,5/1809.98,6/1882.05,7/2870.12,8/3214.46,9/2679.98,10/1566.98,11/1642.94;0/7859.98,1/7859.98,2/7859.98,3/7859.98,4/7859.98,5/7859.98;0/7859.98,1/7859.98,2/7859.98,3/7859.98,4/7859.98,5/7859.98,6/7859.98,7/7859.98,8/7859.98,9/7859.98,10/7859.98,11/7859.98;0/0,1/0,2/0,3/0,4/0,5/0;0/7,1/7,2/7,3/3,4/1,5/1,6/5,7/6,8/3,9/2,10/6,11/2;0/0,1/0,2/0,3/0,4/0,5/0;0/17,1/17,2/11,3/9,4/10,5/8,6/16,7/14,8/12,9/13,10/21,11/12;0/0,1/0,2/0,3/0,4/0,5/0;0/4,1/4,2/3,3/4,4/4,5/4,6/4,7/3,8/3,9/4,10/4,11/4;0/81,1/82,2/68,3/67,4/67,5/84;0/136,1/113,2/109,3/112,4/141,5/134,6/142,7/105,8/108,9/113,10/142,11/137;0/519,1/513,2/426,3/416,4/418,5/526;0/651,1/474,2/464,3/494,4/602,5/605,6/598,7/499,8/465,9/518,10/630,11/622
7919.79;449;1505;6;12;0/2765.33,1/2824.36,2/3689.8,3/3788.76,4/3769.46,5/2695.9;0/1358.03,1/3127.71,2/3260.09,3/2929.79,4/1845.84,5/1822.79,6/1882.14,7/2870.25,8/3214.63,9/2712.54,10/1567.14,11/1643.11;0/7919.79,1/7919.79,2/7919.79,3/7919.79,4/7919.79,5/7919.79;0/7919.79,1/7919.79,2/7919.79,3/7919.79,4/7919.79,5/7919.79,6/7919.79,7/7919.79,8/7919.79,9/7919.79,10/7919.79,11/7919.79;0/0,1/0,2/0,3/0,4/0,5/0;0/3,1/4,2/6,3/2,4/1,5/2,6/4,7/6,8/6,9/2,10/6,11/2;0/0,1/0,2/0,3/0,4/0,5/0;0/12,1/12,2/11,3/9,4/9,5/9,6/13,7/11,8/13,9/13,10/20,11/10;0/0,1/0,2/0,3/0,4/0,5/0;0/4,1/4,2/3,3/4,4/4,5/4,6/4,7/3,8/3,9/4,10/4,11/4;0/81,1/82,2/68,3/67,4/67,5/84;0/136,1/115,2/110,3/113,4/142,5/136,6/143,7/106,8/109,9/115,10/142,11/138;0/519,1/513,2/426,3/416,4/418,5/526;0/657,1/480,2/466,3/499,4/608,5/610,6/604,7/505,8/471,9/521,10/636,11/628
7979.91;449;1521;6;12;0/2825.45,1/2884.48,2/3749.92,3/3848.87,4/3829.58,5/2756.02;0/1358.36,1/3128.6,2/3293.91,3/2960.2,4/1846.09,5/1823.06,6/1882.3,7/2870.87,8/3259.91,9/2712.88,10/1567.26,11/1645.05;0/7979.91,1/7979.91,2/7979.91,3/7979.91,4/7979.91,5/7979.91;0/7979.91,1/7979.91,2/7979.91,3/7979.91,4/7979.91,5/7979.91,6/7979.91,7/7979.91,8/7979.91,9/7979.91,10/7979.91,11/7979.91;0/0,1/0,2/0,3/0,4/0,5/0;0/7,1/6,2/4,3/0,4/8,5/3,6/3,7/6,8/6,9/6,10/4,11/4;0/0,1/0,2/0,3/0,4/0,5/0;0/17,1/13,2/9,3/10,4/15,5/8,6/10,7/12,8/17,9/14,10/14,11/10;0/0,1/0,2/0,3/0,4/0,5/0;0/4,1/4,2/3,3/4,4/4,5/4,6/4,7/3,8/3,9/4,10/4,11/4;0/81,1/82,2/68,3/67,4/67,5/84;0/138,1/117,2/111,3/114,4/144,5/138,6/145,7/107,8/109,9/116,10/142,11/140;0/519,1/513,2/426,3/416,4/418,5/526;0/663,1/486,2/469,3/502,4/614,5/616,6/610,7/511,8/472,9/527,10/642,11/634
8039.98;449;1537;6;12;0/2885.51,1/2944.55,2/3809.98,3/3908.94,4/3889.65,5/2816.09;0/1358.44,1/3130.02,2/3305.44,3/2960.42,4/1846.23,5/1857.73,6/1882.5,7/2882.28,8/3277.07,9/2713.11,10/1567.46,11/1647.46;0/8039.98,1/8039.98,2/8039.98,3/8039.98,4/8039.98,5/8039.98;0/8039.98,1/8039.98,2/8039.98,3/8039.98,4/8039.98,5/8039.98,6/8039.98,7/8039.98,8/8039.98,9/8039.98,10/8039.98,11/8039.98;0/0,1/0,2/0,3/0,4/0,5/0;0/2,1/3,2/3,3/1,4/3,5/0,6/4,7/6,8/6,9/2,10/5,11/6;0/0,1/0,2/0,3/0,4/0,5/0;0/11,1/13,2/10,3/13,4/11,5/8,6/11,7/14,8/16,9/11,10/12,11/11;0/0,1/0,2/0,3/0,4/0,5/0;0/4,1/4,2/3,3/4,4/4,5/4,6/4,7/3,8/3,9/4,10/4,11/4;0/81,1/82,2/68,3/67,4/67,5/84;0/139,1/118,2/112,3/116,4/145,5/139,6/146,7/108,8/110,9/117,10/145,11/142;0/519,1/513,2/426,3/416,4/418,5/526;0/669,1/491,2/474,3/508,4/620,5/619,6/616,7/516,8/477,9/533,10/648,11/640
8099.87;449;1549;6;12;0/2945.4,1/3004.44,2/3869.87,3/3968.83,4/3949.54,5/2875.98;0/1358.62,1/3159.87,2/3346.41,3/2960.55,4/1846.37,5/1878.3,6/1889.87,7/2882.4,8/3277.98,9/2728.62,10/1579.87,11/1689.87;0/8099.87,1/8099.87,2/8099.87,3/8099.87,4/8099.87,5/8099.87;0/8099.87,1/8099.87,2/8099.87,3/8099.87,4/8099.87,5/8099.87,6/8099.87,7/8099.87,8/8099.87,9/8099.87,10/8099.87,11/8099.87;0/0,1/0,2/0,3/0,4/0,5/0;0/2,1/0,2/2,3/1,4/2,5/2,6/1,7/7,8/6,9/3,10/3,11/2;0/0,1/0,2/0,3/0,4/0,5/0;0/8,1/12,2/9,3/9,4/7,5/8,6/11,7/12,8/12,9/10,10/14,11/11;0/0,1/0,2/0,3/0,4/0,5/0;0/4,1/4,2/3,3/4,4/4,5/4,6/4,7/3,8/3,9/4,10/4,11/4;0/81,1/82,2/68,3/67,4/67,5/84;0/140,1/119,2/113,3/117,4/146,5/140,6/147,7/109,8/112,9/119,10/145,11/142;0/519,1/513,2/426,3/416,4/418,5/526;0/675,1/494,2/476,3/514,4/626,5/623,6/621,7/522,8/483,9/538,10/652,11/641
8159.97;449;1564;6;12;0/3005.5,1/3064.54,2/3929.97,3/4028.93,4/4009.64,5/2936.08;0/1371.74,1/3179.66,2/3346.81,3/2960.74,4/1869.97,5/1878.63,6/1935.63,7/2899.97,8/3278.52,9/2729.04,10/1580.36,11/1706.42;0/8159.97,1/8159.97,2/8159.97,3/8159.97,4/8159.97,5/8159.97;0/8159.97,1/8159.97,2/8159.97,3/8159.97,4/8159.97,5/8159.97,6/8159.97,7/8159.97,8/8159.97,9/8159.97,10/8159.97,11/8159.97;0/0,1/0,2/0,3/0,4/0,5/0;0/0,1/2,2/3,3/3,4/0,5/2,6/1,7/4,8/5,9/4,10/2,11/1;0/0,1/0,2/0,3/0,4/0,5/0;0/8,1/12,2/10,3/14,4/7,5/15,6/11,7/10,8/13,9/12,10/12,11/6;0/0,1/0,2/0,3/0,4/0,5/0;0/4,1/4,2/3,3/4,4/4,5/4,6/4,7/3,8/3,9/4,10/4,11/4;0/81,1/82,2/68,3/67,4/67,5/84;0/142,1/120,2/113,3/119,4/147,5/141,6/148,7/110,8/112,9/120,10/147,11/145;0/519,1/513,2/426,3/416,4/418,5/526;0/679,1/499,2/482,3/520,4/629,5/629,6/623,7/526,8/489,9/544,10/658,11/646
8219.98;449;1575;6;12;0/3065.52,1/3124.55,2/3989.99,3/4088.95,4/4069.65,5/2996.09;0/1372.01,1/3179.8,2/3346.97,3/2961.19,4/1878.02,5/1878.7,6/1936,7/2954.42,8/3278.61,9/2729.15,10/1580.85,11/1706.93;0/8219.98,1/8219.98,2/8219.98,3/8219.98,4/8219.98,5/8219.98;0/8219.98,1/8219.98,2/8219.98,3/8219.98,4/8219.98,5/8219.98,6/8219.98,7/8219.98,8/8219.98,9/8219.98,10/8219.98,11/8219.98;0/0,1/0,2/0,3/0,4/0,5/0;0/2,1/1,2/3,3/2,4/3,5/1,6/0,7/2,8/4,9/2,10/1,11/5;0/0,1/0,2/0,3/0,4/0,5/0;0/10,1/11,2/7,3/14,4/11,5/9,6/9,7/9,8/8,9/8,10/8,11/16;0/0,1/0,2/0,3/0,4/0,5/0;0/4,1/4,2/3,3/4,4/4,5/4,6/4,7/3,8/3,9/4,10/4,11/4;0/81,1/82,2/68,3/67,4/67,5/84;0/143,1/120,2/114,3/119,4/148,5/142,6/149,7/111,8/113,9/122,10/148,11/146;0/519,1/513,2/426,3/416,4/418,5/526;0/685,1/505,2/488,3/526,4/635,5/635,6/629,7/527,8/495,9/550,10/664,11/652
8279.99;449;1590;6;12;0/3125.52,1/3184.56,2/4049.99,3/4148.95,4/4129.66,5/3056.09;0/1372.38,1/3180.06,2/3347.41,3/2961.36,4/1879.99,5/1882.28,6/1936.27,7/2954.72,8/3283.18,9/2739.99,10/1590.24,11/1711.81;0/8279.99,1/8279.99,2/8279.99,3/8279.99,4/8279.99,5/8279.99;0/8279.99,1/8279.99,2/8279.99,3/8279.99,4/8279.99,5/8279.99,6/8279.99,7/8279.99,8/8279.99,9/8279.99,10/8279.99,11/8279.99;0/0,1/0,2/0,3/0,4/0,5/0;0/0,1/1,2/4,3/4,4/3,5/0,6/0,7/1,8/3,9/6,10/3,11/2;0/0,1/0,2/0,3/0,4/0,5/0;0/7,1/8,2/7,3/12,4/15,5/10,6/6,7/7,8/9,9/12,10/14,11/16;0/0,1/0,2/0,3/0,4/0,5/0;0/4,1/4,2/3,3/4,4/4,5/4,6/4,7/3,8/3,9/4,10/4,11/4;0/81,1/82,2/68,3/67,4/67,5/84;0/144,1/121,2/116,3/120,4/150,5/143,6/150,7/112,8/114,9/123,10/150,11/147;0/519,1/513,2/426,3/416,4/418,5/526;0/691,1/510,2/494,3/532,4/640,5/640,6/635,7/533,8/500,9/554,10/669,11/657
8339.97;449;1603;6;12;0/3185.51,1/3244.54,2/4109.98,3/4208.94,4/4189.64,5/3116.08;0/1393.73,1/3180.58,2/3379.97,3/2961.61,4/1901,5/1882.45,6/1936.65,7/2959.97,8/3284,9/2759.97,10/1632.31,11/1712.12;0/8339.97,1/8339.97,2/8339.97,3/8339.97,4/8339.97,5/8339.97;0/8339.97,1/8339.97,2/8339.97,3/8339.97,4/8339.97,5/8339.97,6/8339.97,7/8339.97,8/8339.97,9/8339.97,10/8339.97,11/8339.97;0/0,1/0,2/0,3/0,4/0,5/0;0/0,1/2,2/3,3/5,4/1,5/0,6/2,7/8,8/3,9/2,10/1,11/1;0/0,1/0,2/0,3/0,4/0,5/0;0/8,1/11,2/14,3/14,4/14,5/8,6/8,7/17,8/10,9/11,10/12,11/10;0/0,1/0,2/0,3/0,4/0,5/0;0/4,1/4,2/3,3/4,4/4,5/4,6/4,7/3,8/3,9/4,10/4,11/4;0/81,1/82,2/68,3/67,4/67,5/84;0/145,1/123,2/116,3/122,4/151,5/143,6/151,7/113,8/116,9/124,10/151,11/148;0/519,1/513,2/426,3/416,4/418,5/526;0/695,1/516,2/496,3/538,4/644,5/646,6/641,7/538,8/506,9/558,10/671,11/663
8399.99;449;1614;6;12;0/3245.53,1/3304.56,2/4170,3/4268.95,4/4249.66,5/3176.1;0/1394.14,1/3181.01,2/3408.53,3/2961.65,4/1901.23,5/1883.18,6/1936.93,7/3006.36,8/3309.99,9/2763.4,10/1632.55,11/1712.44;0/8399.99,1/8399.99,2/8399.99,3/8399.99,4/8399.99,5/8399.99;0/8399.99,1/8399.99,2/8399.99,3/8399.99,4/8399.99,5/8399.99,6/8399.99,7/8399.99,8/8399.99,9/8399.99,10/8399.99,11/8399.99;0/0,1/0,2/0,3/0,4/0,5/0;0/0,1/0,2/3,3/2,4/2,5/7,6/3,7/7,8/3,9/2,10/1,11/1;0/0,1/0,2/0,3/0,4/0,5/0;0/10,1/11,2/13,3/8,4/12,5/20,6/10,7/18,8/10,9/8,10/9,11/6;0/0,1/0,2/0,3/0,4/0,5/0;0/4,1/4,2/3,3/4,4/4,5/4,6/4,7/3,8/3,9/4,10/4,11/4;0/81,1/82,2/68,3/67,4/67,5/84;0/145,1/124,2/118,3/123,4/152,5/145,6/152,7/114,8/116,9/126,10/151,11/148;0/519,1/513,2/426,3/416,4/418,5/526;0/701,1/522,2/500,3/544,4/650,5/652,6/647,7/540,8/509,9/564,10/677,11/669
8459.83;449;1630;6;12;0/3305.37,1/3364.4,2/4229.84,3/4328.8,4/4309.5,5/3235.94;0/1394.29,1/3181.3,2/3409.03,3/2961.94,4/1901.75,5/1883.31,6/1939.26,7/3006.63,8/3320.09,9/2763.63,10/1632.79,11/1716.16;0/8459.83,1/8459.83,2/8459.83,3/8459.83,4/8459.83,5/8459.83;0/8459.83,1/8459.83,2/8459.83,3/8459.83,4/8459.83,5/8459.83,6/8459.83,7/8459.83,8/8459.83,9/8459.83,10/8459.83,11/8459.83;0/0,1/0,2/0,3/0,4/0,5/0;0/0,1/0,2/4,3/0,4/4,5/5,6/4,7/7,8/4,9/1,10/0,11/2;0/0,1/0,2/0,3/0,4/0,5/0;0/8,1/12,2/9,3/10,4/13,5/17,6/11,7/13,8/11,9/10,10/12,11/8;0/0,1/0,2/0,3/0,4/0,5/0;0/4,1/4,2/3,3/4,4/4,5/4,6/4,7/3,8/3,9/4,10/4,11/4;0/81,1/82,2/68,3/67,4/67,5/84;0/146,1/126,2/118,3/124,4/153,5/145,6/154,7/115,8/117,9/128,10/153,11/151;0/519,1/513,2/426,3/416,4/418,5/526;0/707,1/528,2/506,3/550,4/656,5/658,6/653,7/546,8/514,9/570,10/683,11/675
8519.99;449;1642;6;12;0/3365.53,1/3424.56,2/4290,3/4388.96,4/4369.66,5/3296.1;0/1394.56,1/3181.39,2/3409.37,3/2962.14,4/1901.89,5/1883.41,6/1962.43,7/3006.82,8/3346.65,9/2763.9,10/1633.32,11/1716.37;0/8519.99,1/8519.99,2/8519.99,3/8519.99,4/8519.99,5/8519.99;0/8519.99,1/8519.99,2/8519.99,3/8519.99,4/8519.99,5/8519.99,6/8519.99,7/8519.99,8/8519.99,9/8519.99,10/8519.99,11/8519.99;0/0,1/0,2/0,3/0,4/0,5/0;0/2,1/0,2/2,3/0,4/3,5/3,6/1,7/4,8/7,9/4,10/3,11/2;0/0,1/0,2/0,3/0,4/0,5/0;0/11,1/9,2/6,3/7,4/8,5/12,6/12,7/8,8/16,9/15,10/16,11/9;0/0,1/0,2/0,3/0,4/0,5/0;0/4,1/4,2/3,3/4,4/4,5/4,6/4,7/3,8/3,9/4,10/4,11/4;0/81,1/82,2/68,3/67,4/67,5/84;0/147,1/126,2/119,3/125,4/154,5/147,6/155,7/116,8/119,9/129,10/154,11/151;0/519,1/513,2/426,3/416,4/418,5/526;0/713,1/534,2/512,3/556,4/662,5/664,6/656,7/552,8/518,9/576,10/689,11/681
8579.99;449;1656;6;12;0/3425.53,1/3484.56,2/4350,3/4448.96,4/4429.66,5/3356.1;0/1394.78,1/3181.82,2/3419.99,3/2962.53,4/1919.99,5/1883.82,6/1962.53,7/3027.48,8/3346.86,9/2764.41,10/1633.82,11/1716.77;0/8579.99,1/8579.99,2/8579.99,3/8579.99,4/8579.99,5/8579.99;0/8579.99,1/8579.99,2/8579.99,3/8579.99,4/8579.99,5/8579.99,6/8579.99,7/8579.99,8/8579.99,9/8579.99,10/8579.99,11/8579.99;0/0,1/0,2/0,3/0,4/0,5/0;0/0,1/2,2/10,3/1,4/15,5/1,6/3,7/4,8/6,9/3,10/4,11/5;0/0,1/0,2/0,3/0,4/0,5/0;0/9,1/9,2/14,3/9,4/25,5/9,6/12,7/8,8/11,9/15,10/14,11/9;0/0,1/0,2/0,3/0,4/0,5/0;0/4,1/4,2/3,3/4,4/4,5/4,6/4,7/3,8/3,9/4,10/4,11/4;0/81,1/82,2/68,3/67,4/67,5/84;0/148,1/128,2/120,3/125,4/156,5/148,6/155,7/117,8/120,9/130,10/156,11/153;0/519,1/513,2/426,3/416,4/418,5/526;0/719,1/540,2/516,3/562,4/666,5/670,6/662,7/556,8/524,9/582,10/695,11/687
8639.92;449;1671;6;12;0/3485.46,1/3544.49,2/4409.93,3/4508.88,4/4489.59,5/3416.03;0/1409.16,1/3181.94,2/3476.22,3/2968.73,4/1953.25,5/1907.56,6/1962.9,7/3047.25,8/3347.51,9/2764.52,10/1634.07,11/1743.07;0/8639.92,1/8639.92,2/8639.92,3/8639.92,4/8639.92,5/8639.92;0/8639.92,1/8639.92,2/8639.92,3/8639.92,4/8639.92,5/8639.92,6/8639.92,7/8639.92,8/8639.92,9/8639.92,10/8639.92,11/8639.92;0/0,1/0,2/0,3/0,4/0,5/0;0/0,1/0,2/7,3/4,4/6,5/1,6/2,7/4,8/10,9/2,10/6,11/0;0/0,1/0,2/0,3/0,4/0,5/0;0/9,1/8,2/13,3/11,4/22,5/10,6/8,7/7,8/12,9/13,10/15,11/9;0/0,1/0,2/0,3/0,4/0,5/0;0/4,1/4,2/3,3/4,4/4,5/4,6/4,7/3,8/3,9/4,10/4,11/4;0/81,1/82,2/68,3/67,4/67,5/84;0/150,1/129,2/121,3/127,4/157,5/149,6/156,7/119,8/121,9/132,10/156,11/154;0/519,1/513,2/426,3/416,4/418,5/526;0/724,1/546,2/517,3/568,4/669,5/674,6/668,7/560,8/530,9/588,10/701,11/690
8699.94;449;1683;6;12;0/3545.47,1/3604.51,2/4469.95,3/4568.9,4/4549.61,5/3476.05;0/1409.61,1/3182.37,2/3480.91,3/2968.94,4/1953.87,5/1907.77,6/1963.27,7/3049.94,8/3389.94,9/2764.63,10/1634.18,11/1788.09;0/8699.94,1/8699.94,2/8699.94,3/8699.94,4/8699.94,5/8699.94;0/8699.94,1/8699.94,2/8699.94,3/8699.94,4/8699.94,5/8699.94,6/8699.94,7/8699.94,8/8699.94,9/8699.94,10/8699.94,11/8699.94;0/0,1/0,2/0,3/0,4/0,5/0;0/0,1/8,2/7,3/3,4/5,5/6,6/5,7/7,8/6,9/1,10/4,11/0;0/0,1/0,2/0,3/0,4/0,5/0;0/6,1/16,2/15,3/12,4/18,5/14,6/13,7/12,8/16,9/7,10/11,11/9;0/0,1/0,2/0,3/0,4/0,5/0;0/4,1/4,2/3,3/4,4/4,5/4,6/4,7/3,8/3,9/4,10/4,11/4;0/81,1/82,2/68,3/67,4/67,5/84;0/151,1/130,2/123,3/128,4/158,5/150,6/158,7/120,8/121,9/132,10/157,11/155;0/519,1/513,2/426,3/416,4/418,5/526;0/730,1/552,2/522,3/574,4/675,5/680,6/674,7/565,8/531,9/594,10/707,11/692
8759.9;449;1694;6;12;0/3605.43,1/3664.47,2/4529.9,3/4628.86,4/4609.57,5/3536;0/1409.9,1/3182.74,2/3480.95,3/2976.39,4/1953.9,5/1908.09,6/1971.15,7/3079.39,8/3419.9,9/2767.15,10/1642.29,11/1788.49;0/8759.9,1/8759.9,2/8759.9,3/8759.9,4/8759.9,5/8759.9;0/8759.9,1/8759.9,2/8759.9,3/8759.9,4/8759.9,5/8759.9,6/8759.9,7/8759.9,8/8759.9,9/8759.9,10/8759.9,11/8759.9;0/0,1/0,2/0,3/0,4/0,5/0;0/1,1/6,2/6,3/1,4/5,5/4,6/2,7/3,8/5,9/1,10/3,11/1;0/0,1/0,2/0,3/0,4/0,5/0;0/11,1/16,2/9,3/10,4/12,5/12,6/13,7/11,8/13,9/7,10/8,11/8;0/0,1/0,2/0,3/0,4/0,5/0;0/4,1/4,2/3,3/4,4/4,5/4,6/4,7/3,8/3,9/4,10/4,11/4;0/81,1/82,2/68,3/67,4/67,5/84;0/152,1/130,2/124,3/129,4/158,5/151,6/159,7/121,8/122,9/134,10/159,11/155;0/519,1/513,2/426,3/416,4/418,5/526;0/736,1/558,2/528,3/579,4/681,5/686,6/679,7/569,8/534,9/600,10/712,11/698
8819.92;449;1710;6;12;0/3665.45,1/3724.49,2/4589.92,3/4688.88,4/4669.59,5/3596.03;0/1412.28,1/3182.87,2/3509.92,3/2976.91,4/1954.03,5/1908.39,6/1975.45,7/3099.92,8/3422.63,9/2767.46,10/1671.57,11/1788.84;0/8819.92,1/8819.92,2/8819.92,3/8819.92,4/8819.92,5/8819.92;0/8819.92,1/8819.92,2/8819.92,3/8819.92,4/8819.92,5/8819.92,6/8819.92,7/8819.92,8/8819.92,9/8819.92,10/8819.92,11/8819.92;0/0,1/0,2/0,3/0,4/0,5/0;0/0,1/7,2/3,3/1,4/1,5/6,6/4,7/4,8/2,9/0,10/2,11/5;0/0,1/0,2/0,3/0,4/0,5/0;0/9,1/14,2/9,3/14,4/10,5/15,6/15,7/11,8/10,9/5,10/9,11/14;0/0,1/0,2/0,3/0,4/0,5/0;0/4,1/4,2/3,3/4,4/4,5/4,6/4,7/3,8/3,9/4,10/4,11/4;0/81,1/82,2/68,3/67,4/67,5/84;0/153,1/132,2/125,3/130,4/160,5/153,6/161,7/121,8/124,9/135,10/160,11/156;0/519,1/513,2/426,3/416,4/418,5/526;0/741,1/564,2/531,3/585,4/687,5/692,6/685,7/572,8/540,9/606,10/715,11/704
8879.62;449;1726;6;12;0/3725.15,1/3784.19,2/4649.63,3/4748.58,4/4729.29,5/3655.73;0/1419.62,1/3189.62,2/3522.84,3/2977.24,4/1954.33,5/1908.45,6/1975.63,7/3105.88,8/3422.93,9/2768.07,10/1672.04,11/1808.45;0/8879.62,1/8879.62,2/8879.62,3/8879.62,4/8879.62,5/8879.62;0/8879.62,1/8879.62,2/8879.62,3/8879.62,4/8879.62,5/8879.62,6/8879.62,7/8879.62,8/8879.62,9/8879.62,10/8879.62,11/8879.62;0/0,1/0,2/0,3/0,4/0,5/0;0/0,1/5,2/1,3/8,4/2,5/4,6/5,7/2,8/8,9/1,10/1,11/6;0/0,1/0,2/0,3/0,4/0,5/0;0/8,1/11,2/8,3/23,4/12,5/9,6/10,7/8,8/18,9/12,10/10,11/19;0/0,1/0,2/0,3/0,4/0,5/0;0/4,1/4,2/3,3/4,4/4,5/4,6/4,7/3,8/3,9/4,10/4,11/4;0/81,1/82,2/68,3/67,4/67,5/84;0/153,1/134,2/127,3/131,4/162,5/154,6/161,7/123,8/125,9/136,10/163,11/157;0/519,1/513,2/426,3/416,4/418,5/526;0/746,1/570,2/536,3/591,4/693,5/698,6/691,7/578,8/546,9/612,10/721,11/708
8939.98;449;1738;6;12;0/3785.52,1/3844.55,2/4709.99,3/4808.95,4/4789.65,5/3716.09;0/1422.1,1/3189.82,2/3529.98,3/2977.3,4/1954.46,5/1929.98,6/1987.03,7/3106.27,8/3423.08,9/2768.18,10/1672.28,11/1811.87;0/8939.98,1/8939.98,2/8939.98,3/8939.98,4/8939.98,5/8939.98;0/8939.98,1/8939.98,2/8939.98,3/8939.98,4/8939.98,5/8939.98,6/8939.98,7/8939.98,8/8939.98,9/8939.98,10/8939.98,11/8939.98;0/0,1/0,2/0,3/0,4/0,5/0;0/2,1/3,2/7,3/8,4/0,5/1,6/3,7/2,8/7,9/2,10/2,11/6;0/0,1/0,2/0,3/0,4/0,5/0;0/8,1/9,2/15,3/21,4/8,5/13,6/9,7/6,8/15,9/8,10/13,11/22;0/0,1/0,2/0,3/0,4/0,5/0;0/4,1/4,2/3,3/4,4/4,5/4,6/4,7/3,8/3,9/4,10/4,11/4;0/81,1/82,2/68,3/67,4/67,5/84;0/154,1/135,2/127,3/132,4/162,5/155,6/164,7/124,8/126,9/137,10/163,11/159;0/519,1/513,2/426,3/416,4/418,5/526;0/752,1/576,2/541,3/597,4/699,5/701,6/696,7/584,8/552,9/618,10/727,11/713
9000;449;1753;6;12;0/3845.53,1/3904.57,2/4770,3/4868.96,4/4849.67,5/3776.11;0/1426.06,1/3190.2,2/3542.8,3/2977.41,4/1954.84,5/1947.22,6/2000.34,7/3141.05,8/3445.38,9/2770.76,10/1672.45,11/1811.96;0/9000,1/9000,2/9000,3/9000,4/9000,5/9000;0/9000,1/9000,2/9000,3/9000,4/9000,5/9000,6/9000,7/9000,8/9000,9/9000,10/9000,11/9000;0/0,1/0,2/0,3/0,4/0,5/0;0/2,1/3,2/7,3/5,4/4,5/1,6/2,7/0,8/6,9/2,10/3,11/4;0/0,1/0,2/0,3/0,4/0,5/0;0/10,1/10,2/14,3/17,4/12,5/10,6/8,7/6,8/17,9/8,10/15,11/16;0/0,1/0,2/0,3/0,4/0,5/0;0/4,1/4,2/3,3/4,4/4,5/4,6/4,7/3,8/3,9/4,10/4,11/4;0/81,1/82,2/68,3/67,4/67,5/84;0/156,1/136,2/129,3/133,4/163,5/157,6/165,7/125,8/127,9/139,10/164,11/159;0/519,1/513,2/426,3/416,4/418,5/526;0/758,1/581,2/546,3/603,4/705,5/706,6/700,7/586,8/556,9/623,10/733,11/719
9060;449;1766;6;12;0/3905.53,1/3964.57,2/4830.01,3/4928.96,4/4909.67,5/3836.11;0/1432.57,1/3199.78,2/3542.99,3/2977.44,4/1955.03,5/1947.44,6/2005.63,7/3158.31,8/3459.32,9/2790,10/1672.57,11/1812;0/9060,1/9060,2/9060,3/9060,4/9060,5/9060;0/9060,1/9060,2/9060,3/9060,4/9060,5/9060,6/9060,7/9060,8/9060,9/9060,10/9060,11/9060;0/0,1/0,2/0,3/0,4/0,5/0;0/2,1/0,2/7,3/3,4/2,5/1,6/1,7/2,8/6,9/2,10/3,11/4;0/0,1/0,2/0,3/0,4/0,5/0;0/10,1/9,2/14,3/11,4/11,5/11,6/6,7/10,8/17,9/8,10/11,11/10;0/0,1/0,2/0,3/0,4/0,5/0;0/4,1/4,2/3,3/4,4/4,5/4,6/4,7/3,8/3,9/4,10/4,11/4;0/81,1/82,2/68,3/67,4/67,5/84;0/157,1/138,2/130,3/135,4/165,5/158,6/166,7/126,8/128,9/139,10/164,11/160;0/519,1/513,2/426,3/416,4/418,5/526;0/763,1/587,2/552,3/609,4/711,5/712,6/706,7/591,8/561,9/627,10/739,11/725
9119.82;449;1782;6;12;0/3965.35,1/4024.39,2/4889.82,3/4988.78,4/4969.49,5/3895.93;0/1432.72,1/3200.21,2/3565.13,3/2977.7,4/1955.46,5/1947.65,6/2006.25,7/3159.25,8/3459.41,9/2812.14,10/1683.96,11/1812.14;0/9119.82,1/9119.82,2/9119.82,3/9119.82,4/9119.82,5/9119.82;0/9119.82,1/9119.82,2/9119.82,3/9119.82,4/9119.82,5/9119.82,6/9119.82,7/9119.82,8/9119.82,9/9119.82,10/9119.82,11/9119.82;0/0,1/0,2/0,3/0,4/0,5/0;0/2,1/0,2/6,3/5,4/3,5/0,6/5,7/7,8/4,9/0,10/5,11/7;0/0,1/0,2/0,3/0,4/0,5/0;0/11,1/8,2/12,3/11,4/13,5/11,6/12,7/15,8/12,9/7,10/11,11/10;0/0,1/0,2/0,3/0,4/0,5/0;0/4,1/4,2/3,3/4,4/4,5/4,6/4,7/3,8/3,9/4,10/4,11/4;0/81,1/82,2/68,3/67,4/67,5/84;0/159,1/139,2/131,3/135,4/166,5/159,6/168,7/127,8/128,9/141,10/167,11/162;0/519,1/513,2/426,3/416,4/418,5/526;0/769,1/592,2/556,3/615,4/717,5/718,6/712,7/597,8/567,9/631,10/744,11/731
9179.98;449;1795;6;12;0/4025.52,1/4084.55,2/4949.99,3/5048.95,4/5029.65,5/3956.09;0/1433.15,1/3200.79,2/3569.98,3/2977.8,4/1957.65,5/1947.8,6/2006.57,7/3159.98,8/3459.98,9/2812.36,10/1684.13,11/1869.98;0/9179.98,1/9179.98,2/9179.98,3/9179.98,4/9179.98,5/9179.98;0/9179.98,1/9179.98,2/9179.98,3/9179.98,4/9179.98,5/9179.98,6/9179.98,7/9179.98,8/9179.98,9/9179.98,10/9179.98,11/9179.98;0/0,1/0,2/0,3/0,4/0,5/0;0/5,1/3,2/7,3/7,4/3,5/2,6/6,7/3,8/6,9/4,10/1,11/6;0/0,1/0,2/0,3/0,4/0,5/0;0/14,1/14,2/10,3/10,4/13,5/10,6/10,7/16,8/19,9/13,10/11,11/14;0/0,1/0,2/0,3/0,4/0,5/0;0/4,1/4,2/3,3/4,4/4,5/4,6/4,7/3,8/3,9/4,10/4,11/4;0/81,1/82,2/68,3/67,4/67,5/84;0/160,1/141,2/132,3/137,4/168,5/160,6/169,7/127,8/129,9/142,10/168,11/162;0/519,1/513,2/426,3/416,4/418,5/526;0/775,1/598,2/561,3/621,4/723,5/724,6/718,7/602,8/572,9/637,10/750,11/731
9239.85;449;1808;6;12;0/4085.38,1/4144.42,2/5009.85,3/5108.81,4/5089.52,5/4015.96;0/1433.39,1/3200.97,2/3604.2,3/3011.28,4/1957.82,5/1948.21,6/2033.84,7/3173.68,8/3460.25,9/2812.56,10/1684.3,11/1882.34;0/9239.85,1/9239.85,2/9239.85,3/9239.85,4/9239.85,5/9239.85;0/9239.85,1/9239.85,2/9239.85,3/9239.85,4/9239.85,5/9239.85,6/9239.85,7/9239.85,8/9239.85,9/9239.85,10/9239.85,11/9239.85;0/0,1/0,2/0,3/0,4/0,5/0;0/2,1/2,2/4,3/1,4/2,5/2,6/5,7/4,8/4,9/4,10/1,11/5;0/0,1/0,2/0,3/0,4/0,5/0;0/10,1/11,2/8,3/12,4/11,5/9,6/12,7/13,8/14,9/13,10/10,11/11;0/0,1/0,2/0,3/0,4/0,5/0;0/4,1/4,2/3,3/4,4/4,5/4,6/4,7/3,8/3,9/4,10/4,11/4;0/81,1/82,2/68,3/67,4/67,5/84;0/161,1/142,2/133,3/139,4/169,5/161,6/170,7/128,8/129,9/143,10/169,11/164;0/519,1/513,2/426,3/416,4/418,5/526;0/781,1/604,2/564,3/623,4/729,5/730,6/721,7/607,8/578,9/643,10/756,11/736
9299.84;449;1820;6;12;0/4145.37,1/4204.41,2/5069.85,3/5168.8,4/5149.51,5/4075.95;0/1433.84,1/3201.29,2/3629.84,3/3041.42,4/1958.08,5/1948.84,6/2079.84,7/3173.84,8/3460.38,9/2812.99,10/1684.76,11/1889.84;0/9299.84,1/9299.84,2/9299.84,3/9299.84,4/9299.84,5/9299.84;0/9299.84,1/9299.84,2/9299.84,3/9299.84,4/9299.84,5/9299.84,6/9299.84,7/9299.84,8/9299.84,9/9299.84,10/9299.84,11/9299.84;0/0,1/0,2/0,3/0,4/0,5/0;0/1,1/2,2/2,3/0,4/3,5/2,6/3,7/4,8/4,9/5,10/1,11/12;0/0,1/0,2/0,3/0,4/0,5/0;0/7,1/11,2/7,3/11,4/11,5/12,6/13,7/10,8/13,9/19,10/10,11/16;0/0,1/0,2/0,3/0,4/0,5/0;0/4,1/4,2/3,3/4,4/4,5/4,6/4,7/3,8/3,9/4,10/4,11/4;0/81,1/82,2/68,3/67,4/67,5/84;0/162,1/143,2/134,3/140,4/170,5/161,6/171,7/129,8/130,9/144,10/170,11/166;0/519,1/513,2/426,3/416,4/418,5/526;0/787,1/610,2/567,3/626,4/735,5/736,6/722,7/613,8/584,9/649,10/762,11/741
9359.96;449;1835;6;12;0/4205.49,1/4264.53,2/5129.96,3/5228.92,4/5209.63,5/4136.07;0/1434.08,1/3201.69,2/3644.69,3/3041.87,4/1958.44,5/1949.7,6/2100.26,7/3174.13,8/3460.51,9/2813,10/1685.28,11/1930.26;0/9359.96,1/9359.96,2/9359.96,3/9359.96,4/9359.96,5/9359.96;0/9359.96,1/9359.96,2/9359.96,3/9359.96,4/9359.96,5/9359.96,6/9359.96,7/9359.96,8/9359.96,9/9359.96,10/9359.96,11/9359.96;0/0,1/0,2/0,3/0,4/0,5/0;0/0,1/5,2/2,3/5,4/1,5/1,6/5,7/3,8/5,9/5,10/3,11/5;0/0,1/0,2/0,3/0,4/0,5/0;0/5,1/13,2/6,3/13,4/9,5/9,6/13,7/10,8/9,9/13,10/11,11/14;0/0,1/0,2/0,3/0,4/0,5/0;0/4,1/4,2/3,3/4,4/4,5/4,6/4,7/3,8/3,9/4,10/4,11/4;0/81,1/82,2/68,3/67,4/67,5/84;0/164,1/145,2/136,3/141,4/171,5/162,6/172,7/130,8/131,9/145,10/171,11/167;0/519,1/513,2/426,3/416,4/418,5/526;0/793,1/616,2/572,3/632,4/741,5/742,6/726,7/619,8/590,9/655,10/768,11/743
9419.88;449;1849;6;12;0/4265.42,1/4324.46,2/5189.89,3/5288.85,4/5269.55,5/4195.99;0/1453.38,1/3202.08,2/3665.75,3/3042.18,4/1958.76,5/1949.88,6/2100.38,7/3184.74,8/3479.88,9/2813.1,10/1685.42,11/1976.6;0/9419.88,1/9419.88,2/9419.88,3/9419.88,4/9419.88,5/9419.88;0/9419.88,1/9419.88,2/9419.88,3/9419.88,4/9419.88,5/9419.88,6/9419.88,7/9419.88,8/9419.88,9/9419.88,10/9419.88,11/9419.88;0/0,1/0,2/0,3/0,4/0,5/0;0/1,1/5,2/9,3/3,4/5,5/1,6/3,7/0,8/4,9/4,10/4,11/4;0/0,1/0,2/0,3/0,4/0,5/0;0/10,1/13,2/18,3/15,4/14,5/12,6/7,7/8,8/6,9/9,10/10,11/15;0/0,1/0,2/0,3/0,4/0,5/0;0/4,1/4,2/3,3/4,4/4,5/4,6/4,7/3,8/3,9/4,10/4,11/4;0/81,1/82,2/68,3/67,4/67,5/84;0/165,1/146,2/137,3/142,4/173,5/164,6/174,7/131,8/132,9/145,10/172,11/168;0/519,1/513,2/426,3/416,4/418,5/526;0/797,1/622,2/576,3/638,4/747,5/747,6/732,7/624,8/594,9/661,10/774,11/745
9480;449;1864;6;12;0/4325.53,1/4384.57,2/5250.01,3/5348.96,4/5329.67,5/4256.11;0/1453.59,1/3209.09,2/3702.86,3/3042.35,4/1959.09,5/1950.1,6/2130,7/3185.15,8/3520,9/2820,10/1685.81,11/1977;0/9480,1/9480,2/9480,3/9480,4/9480,5/9480;0/9480,1/9480,2/9480,3/9480,4/9480,5/9480,6/9480,7/9480,8/9480,9/9480,10/9480,11/9480;0/0,1/0,2/0,3/0,4/0,5/0;0/2,1/5,2/7,3/6,4/4,5/1,6/3,7/0,8/3,9/0,10/1,11/2;0/0,1/0,2/0,3/0,4/0,5/0;0/10,1/12,2/19,3/16,4/12,5/9,6/10,7/5,8/6,9/12,10/8,11/14;0/0,1/0,2/0,3/0,4/0,5/0;0/4,1/4,2/3,3/4,4/4,5/4,6/4,7/3,8/3,9/4,10/4,11/4;0/81,1/82,2/68,3/67,4/67,5/84;0/166,1/148,2/138,3/143,4/174,5/165,6/175,7/132,8/134,9/147,10/173,11/169;0/519,1/513,2/426,3/416,4/418,5/526;0/803,1/628,2/578,3/644,4/753,5/753,6/735,7/630,8/596,9/666,10/780,11/751
9539.88;449;1879;6;12;0/4385.42,1/4444.45,2/5309.89,3/5408.84,4/5389.55,5/4315.99;0/1454.14,1/3219.88,2/3703.18,3/3042.48,4/1959.17,5/1950.44,6/2169.88,7/3185.86,8/3562.48,9/2821,10/1686,11/1977.29;0/9539.88,1/9539.88,2/9539.88,3/9539.88,4/9539.88,5/9539.88;0/9539.88,1/9539.88,2/9539.88,3/9539.88,4/9539.88,5/9539.88,6/9539.88,7/9539.88,8/9539.88,9/9539.88,10/9539.88,11/9539.88;0/0,1/0,2/0,3/0,4/0,5/0;0/2,1/3,2/7,3/3,4/2,5/4,6/4,7/2,8/1,9/5,10/4,11/5;0/0,1/0,2/0,3/0,4/0,5/0;0/12,1/9,2/14,3/11,4/9,5/14,6/10,7/9,8/6,9/16,10/13,11/14;0/0,1/0,2/0,3/0,4/0,5/0;0/4,1/4,2/3,3/4,4/4,5/4,6/4,7/3,8/3,9/4,10/4,11/4;0/81,1/82,2/68,3/67,4/67,5/84;0/168,1/149,2/139,3/144,4/175,5/166,6/176,7/133,8/135,9/149,10/175,11/170;0/519,1/513,2/426,3/416,4/418,5/526;0/809,1/632,2/584,3/650,4/759,5/759,6/737,7/636,8/598,9/672,10/786,11/757
9599.85;449;1893;6;12;0/4445.38,1/4504.42,2/5369.86,3/5468.81,4/5449.52,5/4375.96;0/1454.36,1/3246.81,2/3703.31,3/3042.7,4/1959.35,5/1970.03,6/2199.85,7/3186.11,8/3567.41,9/2821.08,10/1686.31,11/1977.63;0/9599.85,1/9599.85,2/9599.85,3/9599.85,4/9599.85,5/9599.85;0/9599.85,1/9599.85,2/9599.85,3/9599.85,4/9599.85,5/9599.85,6/9599.85,7/9599.85,8/9599.85,9/9599.85,10/9599.85,11/9599.85;0/0,1/0,2/0,3/0,4/0,5/0;0/2,1/0,2/5,3/1,4/6,5/0,6/4,7/3,8/5,9/0,10/3,11/9;0/0,1/0,2/0,3/0,4/0,5/0;0/8,1/7,2/10,3/8,4/12,5/11,6/9,7/12,8/12,9/14,10/13,11/18;0/0,1/0,2/0,3/0,4/0,5/0;0/4,1/4,2/3,3/4,4/4,5/4,6/4,7/3,8/3,9/4,10/4,11/4;0/81,1/82,2/68,3/67,4/67,5/84;0/169,1/150,2/140,3/145,4/175,5/168,6/178,7/134,8/136,9/150,10/176,11/172;0/519,1/513,2/426,3/416,4/418,5/526;0/815,1/636,2/590,3/656,4/765,5/763,6/740,7/642,8/604,9/678,10/792,11/763
9659.92;449;1905;6;12;0/4505.45,1/4564.49,2/5429.92,3/5528.88,4/5509.59,5/4436.03;0/1454.84,1/3248.94,2/3729.92,3/3043.12,4/1964.68,5/1970.42,6/2229.92,7/3186.25,8/3567.72,9/2821.29,10/1686.44,11/1977.77;0/9659.92,1/9659.92,2/9659.92,3/9659.92,4/9659.92,5/9659.92;0/9659.92,1/9659.92,2/9659.92,3/9659.92,4/9659.92,5/9659.92,6/9659.92,7/9659.92,8/9659.92,9/9659.92,10/9659.92,11/9659.92;0/0,1/0,2/0,3/0,4/0,5/0;0/3,1/3,2/3,3/3,4/9,5/0,6/5,7/2,8/4,9/5,10/4,11/4;0/0,1/0,2/0,3/0,4/0,5/0;0/8,1/11,2/13,3/16,4/14,5/7,6/10,7/8,8/9,9/15,10/12,11/17;0/0,1/0,2/0,3/0,4/0,5/0;0/4,1/4,2/3,3/4,4/4,5/4,6/4,7/3,8/3,9/4,10/4,11/4;0/81,1/82,2/68,3/67,4/67,5/84;0/171,1/152,2/140,3/146,4/177,5/169,6/179,7/135,8/137,9/150,10/177,11/172;0/519,1/513,2/426,3/416,4/418,5/526;0/821,1/642,2/593,3/662,4/770,5/769,6/743,7/648,8/610,9/684,10/798,11/769
9719.76;449;1918;6;12;0/4565.29,1/4624.33,2/5489.76,3/5588.72,4/5569.43,5/4495.87;0/1467.55,1/3249.35,2/3762.93,3/3043.23,4/1989.76,5/1970.93,6/2258.23,7/3199.76,8/3589.76,9/2821.48,10/1686.57,11/1978.03;0/9719.76,1/9719.76,2/9719.76,3/9719.76,4/9719.76,5/9719.76;0/9719.76,1/9719.76,2/9719.76,3/9719.76,4/9719.76,5/9719.76,6/9719.76,7/9719.76,8/9719.76,9/9719.76,10/9719.76,11/9719.76;0/0,1/0,2/0,3/0,4/0,5/0;0/4,1/8,2/3,3/0,4/8,5/0,6/5,7/2,8/3,9/5,10/4,11/4;0/0,1/0,2/0,3/0,4/0,5/0;0/14,1/17,2/11,3/12,4/19,5/5,6/12,7/10,8/10,9/12,10/8,11/17;0/0,1/0,2/0,3/0,4/0,5/0;0/4,1/4,2/3,3/4,4/4,5/4,6/4,7/3,8/3,9/4,10/4,11/4;0/81,1/82,2/68,3/67,4/67,5/84;0/172,1/154,2/141,3/147,4/178,5/169,6/181,7/135,8/138,9/151,10/179,11/173;0/519,1/513,2/426,3/416,4/418,5/526;0/826,1/648,2/596,3/668,4/773,5/775,6/747,7/652,8/613,9/690,10/804,11/775
9779.89;449;1934;6;12;0/4625.42,1/4684.46,2/5549.89,3/5648.85,4/5629.56,5/4556;0/1467.83,1/3249.89,2/3763.2,3/3043.44,4/2006.26,5/1971.3,6/2258.42,7/3201.51,8/3629.84,9/2821.85,10/1704.6,11/1978.15;0/9779.89,1/9779.89,2/9779.89,3/9779.89,4/9779.89,5/9779.89;0/9779.89,1/9779.89,2/9779.89,3/9779.89,4/9779.89,5/9779.89,6/9779.89,7/9779.89,8/9779.89,9/9779.89,10/9779.89,11/9779.89;0/0,1/0,2/0,3/0,4/0,5/0;0/3,1/1,2/3,3/1,4/7,5/0,6/4,7/0,8/1,9/3,10/0,11/3;0/0,1/0,2/0,3/0,4/0,5/0;0/10,1/14,2/9,3/11,4/14,5/6,6/12,7/7,8/10,9/9,10/12,11/11;0/0,1/0,2/0,3/0,4/0,5/0;0/4,1/4,2/3,3/4,4/4,5/4,6/4,7/3,8/3,9/4,10/4,11/4;0/81,1/82,2/68,3/67,4/67,5/84;0/173,1/154,2/142,3/148,4/179,5/171,6/183,7/137,8/139,9/153,10/181,11/174;0/519,1/513,2/426,3/416,4/418,5/526;0/832,1/653,2/602,3/674,4/778,5/781,6/753,7/658,8/616,9/696,10/808,11/781
9839.95;449;1949;6;12;0/4685.48,1/4744.52,2/5609.96,3/5708.91,4/5689.62,5/4616.06;0/1482.15,1/3261.05,2/3777.03,3/3043.62,4/2006.33,5/1971.68,6/2272.45,7/3201.92,8/3630.16,9/2839.95,10/1704.92,11/1978.75;0/9839.95,1/9839.95,2/9839.95,3/9839.95,4/9839.95,5/9839.95;0/9839.95,1/9839.95,2/9839.95,3/9839.95,4/9839.95,5/9839.95,6/9839.95,7/9839.95,8/9839.95,9/9839.95,10/9839.95,11/9839.95;0/0,1/0,2/0,3/0,4/0,5/0;0/1,1/1,2/1,3/3,4/6,5/1,6/4,7/0,8/3,9/4,10/1,11/3;0/0,1/0,2/0,3/0,4/0,5/0;0/9,1/14,2/8,3/11,4/8,5/9,6/11,7/8,8/11,9/13,10/15,11/11;0/0,1/0,2/0,3/0,4/0,5/0;0/4,1/4,2/3,3/4,4/4,5/4,6/4,7/3,8/3,9/4,10/4,11/4;0/81,1/82,2/68,3/67,4/67,5/84;0/174,1/155,2/144,3/149,4/181,5/172,6/184,7/138,8/140,9/154,10/182,11/176;0/519,1/513,2/426,3/416,4/418,5/526;0/836,1/658,2/607,3/680,4/784,5/787,6/757,7/664,8/621,9/700,10/814,11/787
9899.97;449;1963;6;12;0/4745.51,1/4804.54,2/5669.98,3/5768.94,4/5749.64,5/4676.08;0/1486.14,1/3261.49,2/3778.37,3/3043.94,4/2049.97,5/1972.72,6/2272.63,7/3202.42,8/3630.64,9/2847.55,10/1705.08,11/1979.13;0/9899.97,1/9899.97,2/9899.97,3/9899.97,4/9899.97,5/9899.97;0/9899.97,1/9899.97,2/9899.97,3/9899.97,4/9899.97,5/9899.97,6/9899.97,7/9899.97,8/9899.97,9/9899.97,10/9899.97,11/9899.97;0/0,1/0,2/0,3/0,4/0,5/0;0/1,1/2,2/1,3/2,4/4,5/0,6/8,7/1,8/5,9/2,10/4,11/0;0/0,1/0,2/0,3/0,4/0,5/0;0/9,1/14,2/7,3/13,4/11,5/7,6/13,7/10,8/15,9/9,10/17,11/10;0/0,1/0,2/0,3/0,4/0,5/0;0/4,1/4,2/3,3/4,4/4,5/4,6/4,7/3,8/3,9/4,10/4,11/4;0/81,1/82,2/68,3/67,4/67,5/84;0/176,1/156,2/145,3/151,4/182,5/174,6/184,7/138,8/141,9/156,10/183,11/177;0/519,1/513,2/426,3/416,4/418,5/526;0/842,1/664,2/613,3/686,4/785,5/793,6/763,7/670,8/627,9/706,10/820,11/793
9959.98;449;1974;6;12;0/4805.51,1/4864.55,2/5729.98,3/5828.94,4/5809.65,5/4736.09;0/1486.4,1/3261.78,2/3795.12,3/3044.36,4/2062.21,5/1973.32,6/2272.79,7/3208.21,8/3630.79,9/2847.7,10/1705.25,11/1979.98;0/9959.98,1/9959.98,2/9959.98,3/9959.98,4/9959.98,5/9959.98;0/9959.98,1/9959.98,2/9959.98,3/9959.98,4/9959.98,5/9959.98,6/9959.98,7/9959.98,8/9959.98,9/9959.98,10/9959.98,11/9959.98;0/0,1/0,2/0,3/0,4/0,5/0;0/0,1/3,2/0,3/1,4/6,5/0,6/6,7/3,8/11,9/1,10/6,11/1;0/0,1/0,2/0,3/0,4/0,5/0;0/8,1/9,2/10,3/9,4/10,5/7,6/11,7/8,8/20,9/11,10/18,11/8;0/0,1/0,2/0,3/0,4/0,5/0;0/4,1/4,2/3,3/4,4/4,5/4,6/4,7/3,8/3,9/4,10/4,11/4;0/81,1/82,2/68,3/67,4/67,5/84;0/177,1/157,2/146,3/152,4/183,5/175,6/186,7/139,8/142,9/156,10/184,11/177;0/519,1/513,2/426,3/416,4/418,5/526;0/848,1/670,2/617,3/692,4/790,5/799,6/769,7/676,8/633,9/712,10/826,11/798
10019.98;449;1990;6;12;0/4865.51,1/4924.55,2/5789.98,3/5888.94,4/5869.64,5/4796.08;0/1487.76,1/3262.1,2/3795.49,3/3044.78,4/2067.06,5/1973.7,6/2281.47,7/3208.51,8/3630.85,9/2847.76,10/1705.49,11/1989.5;0/10019.98,1/10019.98,2/10019.98,3/10019.98,4/10019.98,5/10019.98;0/10019.98,1/10019.98,2/10019.98,3/10019.98,4/10019.98,5/10019.98,6/10019.98,7/10019.98,8/10019.98,9/10019.98,10/10019.98,11/10019.98;0/0,1/0,2/0,3/0,4/0,5/0;0/1,1/3,2/0,3/1,4/7,5/3,6/1,7/3,8/7,9/5,10/6,11/4;0/0,1/0,2/0,3/0,4/0,5/0;0/8,1/9,2/10,3/9,4/10,5/8,6/11,7/9,8/14,9/11,10/15,11/9;0/0,1/0,2/0,3/0,4/0,5/0;0/4,1/4,2/3,3/4,4/4,5/4,6/4,7/3,8/3,9/4,10/4,11/4;0/81,1/82,2/68,3/67,4/67,5/84;0/178,1/158,2/147,3/153,4/186,5/176,6/188,7/140,8/143,9/157,10/185,11/179;0/519,1/513,2/426,3/416,4/418,5/526;0/854,1/676,2/623,3/698,4/796,5/805,6/774,7/682,8/639,9/718,10/832,11/804
10079.98;449;2003;6;12;0/4925.51,1/4984.55,2/5849.98,3/5948.94,4/5929.65,5/4856.09;0/1487.98,1/3266.51,2/3795.73,3/3047.85,4/2119.98,5/1985.39,6/2281.68,7/3209.31,8/3642.96,9/2847.98,10/1706.11,11/1999.98;0/10079.98,1/10079.98,2/10079.98,3/10079.98,4/10079.98,5/10079.98;0/10079.98,1/10079.98,2/10079.98,3/10079.98,4/10079.98,5/10079.98,6/10079.98,7/10079.98,8/10079.98,9/10079.98,10/10079.98,11/10079.98;0/0,1/0,2/0,3/0,4/0,5/0;0/6,1/8,2/0,3/2,4/3,5/2,6/2,7/1,8/5,9/3,10/11,11/7;0/0,1/0,2/0,3/0,4/0,5/0;0/18,1/14,2/10,3/11,4/10,5/14,6/11,7/7,8/9,9/13,10/18,11/18;0/0,1/0,2/0,3/0,4/0,5/0;0/4,1/4,2/3,3/4,4/4,5/4,6/4,7/3,8/3,9/4,10/4,11/4;0/81,1/82,2/68,3/67,4/67,5/84;0/179,1/160,2/148,3/155,4/186,5/178,6/188,7/141,8/144,9/158,10/186,11/180;0/519,1/513,2/426,3/416,4/418,5/526;0/860,1/682,2/629,3/704,4/796,5/810,6/780,7/688,8/644,9/724,10/838,11/808
10139.96;449;2016;6;12;0/4985.5,1/5044.53,2/5909.97,3/6008.93,4/5989.63,5/4916.07;0/1488.07,1/3294.66,2/3795.96,3/3048.11,4/2124.6,5/1985.81,6/2282.08,7/3231.25,8/3679.96,9/2848.16,10/1706.12,11/2049.96;0/10139.96,1/10139.96,2/10139.96,3/10139.96,4/10139.96,5/10139.96;0/10139.96,1/10139.96,2/10139.96,3/10139.96,4/10139.96,5/10139.96,6/10139.96,7/10139.96,8/10139.96,9/10139.96,10/10139.96,11/10139.96;0/0,1/0,2/0,3/0,4/0,5/0;0/4,1/2,2/0,3/0,4/3,5/2,6/3,7/1,8/3,9/3,10/7,11/4;0/0,1/0,2/0,3/0,4/0,5/0;0/12,1/11,2/11,3/10,4/5,5/12,6/9,7/7,8/9,9/14,10/12,11/17;0/0,1/0,2/0,3/0,4/0,5/0;0/4,1/4,2/3,3/4,4/4,5/4,6/4,7/3,8/3,9/4,10/4,11/4;0/81,1/82,2/68,3/67,4/67,5/84;0/179,1/161,2/148,3/156,4/189,5/178,6/190,7/142,8/145,9/160,10/187,11/181;0/519,1/513,2/426,3/416,4/418,5/526;0/866,1/685,2/635,3/710,4/802,5/816,6/786,7/691,8/646,9/730,10/844,11/809
10199.99;449;2033;6;12;0/5045.52,1/5104.56,2/5969.99,3/6068.95,4/6049.66,5/4976.1;0/1497.62,1/3295.11,2/3810.34,3/3059.64,4/2149.99,5/1986.05,6/2282.45,7/3239.99,8/3735.06,9/2848.52,10/1737.3,11/2058.68;0/10199.99,1/10199.99,2/10199.99,3/10199.99,4/10199.99,5/10199.99;0/10199.99,1/10199.99,2/10199.99,3/10199.99,4/10199.99,5/10199.99,6/10199.99,7/10199.99,8/10199.99,9/10199.99,10/10199.99,11/10199.99;0/0,1/0,2/0,3/0,4/0,5/0;0/3,1/3,2/0,3/2,4/2,5/2,6/1,7/1,8/3,9/1,10/3,11/5;0/0,1/0,2/0,3/0,4/0,5/0;0/13,1/12,2/11,3/11,4/7,5/15,6/8,7/8,8/8,9/11,10/14,11/16;0/0,1/0,2/0,3/0,4/0,5/0;0/4,1/4,2/3,3/4,4/4,5/4,6/4,7/3,8/3,9/4,10/4,11/4;0/81,1/82,2/68,3/67,4/67,5/84;0/181,1/163,2/149,3/157,4/190,5/181,6/191,7/143,8/146,9/161,10/189,11/182;0/519,1/513,2/426,3/416,4/418,5/526;0/871,1/691,2/639,3/715,4/805,5/822,6/792,7/696,8/647,9/736,10/847,11/815
10259.88;449;2048;6;12;0/5105.42,1/5164.45,2/6029.89,3/6128.85,4/6109.55,5/5035.99;0/1497.86,1/3295.26,2/3810.8,3/3059.79,4/2169.34,5/1986.43,6/2299.34,7/3242.08,8/3735.3,9/2848.72,10/1737.52,11/2058.72;0/10259.88,1/10259.88,2/10259.88,3/10259.88,4/10259.88,5/10259.88;0/10259.88,1/10259.88,2/10259.88,3/10259.88,4/10259.88,5/10259.88,6/10259.88,7/10259.88,8/10259.88,9/10259.88,10/10259.88,11/10259.88;0/0,1/0,2/0,3/0,4/0,5/0;0/0,1/3,2/3,3/1,4/2,5/1,6/5,7/1,8/6,9/3,10/3,11/4;0/0,1/0,2/0,3/0,4/0,5/0;0/11,1/10,2/12,3/9,4/6,5/13,6/14,7/6,8/11,9/11,10/10,11/10;0/0,1/0,2/0,3/0,4/0,5/0;0/4,1/4,2/3,3/4,4/4,5/4,6/4,7/3,8/3,9/4,10/4,11/4;0/81,1/82,2/68,3/67,4/67,5/84;0/182,1/163,2/150,3/158,4/193,5/181,6/193,7/145,8/147,9/163,10/190,11/183;0/519,1/513,2/426,3/416,4/418,5/526;0/877,1/697,2/645,3/721,4/810,5/828,6/797,7/702,8/653,9/742,10/853,11/821
10319.89;449;2062;6;12;0/5165.43,1/5224.47,2/6089.9,3/6188.86,4/6169.56,5/5096;0/1498.14,1/3295.88,2/3811.1,3/3060.04,4/2208.23,5/1986.89,6/2299.76,7/3265.58,8/3749.89,9/2849.05,10/1743.04,11/2058.88;0/10319.89,1/10319.89,2/10319.89,3/10319.89,4/10319.89,5/10319.89;0/10319.89,1/10319.89,2/10319.89,3/10319.89,4/10319.89,5/10319.89,6/10319.89,7/10319.89,8/10319.89,9/10319.89,10/10319.89,11/10319.89;0/0,1/0,2/0,3/0,4/0,5/0;0/0,1/3,2/4,3/3,4/0,5/2,6/6,7/5,8/3,9/3,10/3,11/5;0/0,1/0,2/0,3/0,4/0,5/0;0/8,1/12,2/14,3/15,4/5,5/18,6/18,7/15,8/11,9/13,10/15,11/8;0/0,1/0,2/0,3/0,4/0,5/0;0/4,1/4,2/3,3/4,4/4,5/4,6/4,7/3,8/3,9/4,10/4,11/4;0/81,1/82,2/68,3/67,4/67,5/84;0/183,1/166,2/150,3/160,4/194,5/182,6/194,7/146,8/148,9/163,10/191,11/185;0/519,1/513,2/426,3/416,4/418,5/526;0/883,1/703,2/651,3/726,4/812,5/834,6/803,7/706,8/657,9/748,10/858,11/827
10379.9;449;2073;6;12;0/5225.43,1/5284.47,2/6149.9,3/6248.86,4/6229.57,5/5156;0/1498.71,1/3296.21,2/3811.29,3/3060.29,4/2215.32,5/1987.21,6/2299.9,7/3279.9,8/3787.42,9/2849.26,10/1743.16,11/2078.13;0/10379.9,1/10379.9,2/10379.9,3/10379.9,4/10379.9,5/10379.9;0/10379.9,1/10379.9,2/10379.9,3/10379.9,4/10379.9,5/10379.9,6/10379.9,7/10379.9,8/10379.9,9/10379.9,10/10379.9,11/10379.9;0/0,1/0,2/0,3/0,4/0,5/0;0/0,1/2,2/4,3/6,4/4,5/2,6/5,7/5,8/1,9/4,10/4,11/3;0/0,1/0,2/0,3/0,4/0,5/0;0/9,1/16,2/15,3/16,4/9,5/15,6/14,7/14,8/8,9/12,10/12,11/11;0/0,1/0,2/0,3/0,4/0,5/0;0/4,1/4,2/3,3/4,4/4,5/4,6/4,7/3,8/3,9/4,10/4,11/4;0/81,1/82,2/68,3/67,4/67,5/84;0/183,1/167,2/151,3/160,4/196,5/183,6/195,7/146,8/149,9/164,10/192,11/187;0/519,1/513,2/426,3/416,4/418,5/526;0/889,1/709,2/657,3/732,4/817,5/840,6/809,7/710,8/660,9/754,10/864,11/831
10440;449;2091;6;12;0/5285.53,1/5344.57,2/6210.01,3/6308.96,4/6289.67,5/5216.11;0/1499.23,1/3303.48,2/3811.41,3/3060.56,4/2230,5/1987.3,6/2300.04,7/3283.98,8/3787.74,9/2849.48,10/1756.2,11/2080;0/10440,1/10440,2/10440,3/10440,4/10440,5/10440;0/10440,1/10440,2/10440,3/10440,4/10440,5/10440,6/10440,7/10440,8/10440,9/10440,10/10440,11/10440;0/0,1/0,2/0,3/0,4/0,5/0;0/4,1/0,2/4,3/8,4/7,5/2,6/2,7/4,8/1,9/2,10/2,11/5;0/0,1/0,2/0,3/0,4/0,5/0;0/12,1/16,2/10,3/15,4/16,5/11,6/12,7/8,8/6,9/11,10/8,11/13;0/0,1/0,2/0,3/0,4/0,5/0;0/4,1/4,2/3,3/4,4/4,5/4,6/4,7/3,8/3,9/4,10/4,11/4;0/81,1/82,2/68,3/67,4/67,5/84;0/185,1/168,2/152,3/162,4/197,5/184,6/197,7/148,8/150,9/166,10/194,11/188;0/519,1/513,2/426,3/416,4/418,5/526;0/895,1/714,2/663,3/738,4/821,5/846,6/814,7/716,8/666,9/760,10/869,11/836
10499.97;449;2103;6;12;0/5345.51,1/5404.54,2/6269.98,3/6368.94,4/6349.64,5/5276.08;0/1499.75,1/3303.48,2/3811.54,3/3060.97,4/2275.84,5/1987.89,6/2300.33,7/3289.97,8/3795.17,9/2849.97,10/1756.51,11/2130.29;0/10499.97,1/10499.97,2/10499.97,3/10499.97,4/10499.97,5/10499.97;0/10499.97,1/10499.97,2/10499.97,3/10499.97,4/10499.97,5/10499.97,6/10499.97,7/10499.97,8/10499.97,9/10499.97,10/10499.97,11/10499.97;0/0,1/0,2/0,3/0,4/0,5/0;0/3,1/0,2/4,3/8,4/7,5/3,6/0,7/4,8/6,9/5,10/11,11/4;0/0,1/0,2/0,3/0,4/0,5/0;0/10,1/10,2/8,3/15,4/19,5/10,6/8,7/9,8/10,9/11,10/16,11/12;0/0,1/0,2/0,3/0,4/0,5/0;0/4,1/4,2/3,3/4,4/4,5/4,6/4,7/3,8/3,9/4,10/4,11/4;0/81,1/82,2/68,3/67,4/67,5/84;0/186,1/169,2/153,3/163,4/198,5/185,6/198,7/148,8/152,9/167,10/195,11/189;0/519,1/513,2/426,3/416,4/418,5/526;0/901,1/720,2/669,3/744,4/823,5/852,6/820,7/721,8/671,9/766,10/875,11/837
10559.96;449;2118;6;12;0/5405.49,1/5464.53,2/6329.96,3/6428.92,4/6409.63,5/5336.07;0/1500.09,1/3303.67,2/3864.6,3/3098.16,4/2276.26,5/1988.16,6/2312.79,7/3329.96,8/3795.31,9/2880.29,10/1785.87,11/2130.42;0/10559.96,1/10559.96,2/10559.96,3/10559.96,4/10559.96,5/10559.96;0/10559.96,1/10559.96,2/10559.96,3/10559.96,4/10559.96,5/10559.96,6/10559.96,7/10559.96,8/10559.96,9/10559.96,10/10559.96,11/10559.96;0/0,1/0,2/0,3/0,4/0,5/0;0/6,1/3,2/4,3/5,4/9,5/8,6/0,7/3,8/4,9/4,10/7,11/4;0/0,1/0,2/0,3/0,4/0,5/0;0/12,1/11,2/10,3/14,4/22,5/15,6/8,7/9,8/10,9/13,10/17,11/8;0/0,1/0,2/0,3/0,4/0,5/0;0/4,1/4,2/3,3/4,4/4,5/4,6/4,7/3,8/3,9/4,10/4,11/4;0/81,1/82,2/68,3/67,4/67,5/84;0/187,1/170,2/154,3/164,4/200,5/187,6/199,7/149,8/153,9/168,10/196,11/191;0/519,1/513,2/426,3/416,4/418,5/526;0/906,1/726,2/670,3/747,4/829,5/858,6/825,7/723,8/677,9/768,10/878,11/843
10619.99;449;2131;6;12;0/5465.53,1/5524.56,2/6390,3/6488.96,4/6469.66,5/5396.1;0/1509.91,1/3304.02,2/3864.86,3/3098.3,4/2276.64,5/1988.3,6/2335.68,7/3348.55,8/3799.99,9/2880.39,10/1786.06,11/2136.15;0/10619.99,1/10619.99,2/10619.99,3/10619.99,4/10619.99,5/10619.99;0/10619.99,1/10619.99,2/10619.99,3/10619.99,4/10619.99,5/10619.99,6/10619.99,7/10619.99,8/10619.99,9/10619.99,10/10619.99,11/10619.99;0/0,1/0,2/0,3/0,4/0,5/0;0/5,1/3,2/5,3/3,4/5,5/3,6/2,7/4,8/6,9/2,10/4,11/3;0/0,1/0,2/0,3/0,4/0,5/0;0/13,1/14,2/11,3/10,4/18,5/10,6/11,7/10,8/13,9/9,10/15,11/7;0/0,1/0,2/0,3/0,4/0,5/0;0/4,1/4,2/3,3/4,4/4,5/4,6/4,7/3,8/3,9/4,10/4,11/4;0/81,1/82,2/68,3/67,4/67,5/84;0/189,1/170,2/155,3/166,4/201,5/188,6/200,7/151,8/153,9/169,10/197,11/192;0/519,1/513,2/426,3/416,4/418,5/526;0/912,1/732,2/676,3/753,4/835,5/864,6/829,7/728,8/682,9/774,10/884,11/849
10679.97;449;2145;6;12;0/5525.51,1/5584.54,2/6449.98,3/6548.94,4/6529.64,5/5456.08;0/1509.97,1/3304.19,2/3889.97,3/3098.53,4/2276.73,5/1988.53,6/2335.77,7/3348.79,8/3812.94,9/2880.83,10/1786.51,11/2162.9;0/10679.97,1/10679.97,2/10679.97,3/10679.97,4/10679.97,5/10679.97;0/10679.97,1/10679.97,2/10679.97,3/10679.97,4/10679.97,5/10679.97,6/10679.97,7/10679.97,8/10679.97,9/10679.97,10/10679.97,11/10679.97;0/0,1/0,2/0,3/0,4/0,5/0;0/1,1/4,2/3,3/4,4/5,5/4,6/3,7/5,8/5,9/1,10/3,11/1;0/0,1/0,2/0,3/0,4/0,5/0;0/8,1/16,2/12,3/13,4/14,5/16,6/12,7/10,8/10,9/8,10/11,11/7;0/0,1/0,2/0,3/0,4/0,5/0;0/4,1/4,2/3,3/4,4/4,5/4,6/4,7/3,8/3,9/4,10/4,11/4;0/81,1/82,2/68,3/67,4/67,5/84;0/189,1/172,2/156,3/168,4/201,5/190,6/201,7/152,8/154,9/171,10/198,11/193;0/519,1/513,2/426,3/416,4/418,5/526;0/917,1/738,2/679,3/759,4/841,5/870,6/835,7/734,8/687,9/780,10/890,11/852
10740;449;2161;6;12;0/5585.53,1/5644.57,2/6510,3/6608.96,4/6589.67,5/5516.1;0/1514.68,1/3304.38,2/3898.96,3/3098.89,4/2277,5/2006.05,6/2343.29,7/3380,8/3813.38,9/2881.54,10/1786.63,11/2163.38;0/10740,1/10740,2/10740,3/10740,4/10740,5/10740;0/10740,1/10740,2/10740,3/10740,4/10740,5/10740,6/10740,7/10740,8/10740,9/10740,10/10740,11/10740;0/0,1/0,2/0,3/0,4/0,5/0;0/2,1/2,2/2,3/0,4/7,5/2,6/2,7/4,8/4,9/0,10/1,11/4;0/0,1/0,2/0,3/0,4/0,5/0;0/9,1/11,2/6,3/10,4/13,5/14,6/12,7/12,8/9,9/6,10/6,11/10;0/0,1/0,2/0,3/0,4/0,5/0;0/4,1/4,2/3,3/4,4/4,5/4,6/4,7/3,8/3,9/4,10/4,11/4;0/81,1/82,2/68,3/67,4/67,5/84;0/191,1/174,2/157,3/168,4/203,5/191,6/203,7/152,8/156,9/172,10/200,11/194;0/519,1/513,2/426,3/416,4/418,5/526;0/923,1/744,2/685,3/765,4/847,5/874,6/840,7/736,8/693,9/786,10/896,11/858
10799.96;449;2173;6;12;0/5645.49,1/5704.53,2/6569.96,3/6668.92,4/6649.63,5/5576.07;0/1514.9,1/3304.5,2/3899.96,3/3099.17,4/2279.96,5/2027.33,6/2343.35,7/3386.56,8/3839,9/2892,10/1787.09,11/2163.69;0/10799.96,1/10799.96,2/10799.96,3/10799.96,4/10799.96,5/10799.96;0/10799.96,1/10799.96,2/10799.96,3/10799.96,4/10799.96,5/10799.96,6/10799.96,7/10799.96,8/10799.96,9/10799.96,10/10799.96,11/10799.96;0/0,1/0,2/0,3/0,4/0,5/0;0/2,1/1,2/3,3/2,4/2,5/0,6/1,7/6,8/6,9/1,10/3,11/1;0/0,1/0,2/0,3/0,4/0,5/0;0/9,1/6,2/8,3/11,4/13,5/11,6/6,7/12,8/12,9/8,10/11,11/9;0/0,1/0,2/0,3/0,4/0,5/0;0/4,1/4,2/3,3/4,4/4,5/4,6/4,7/3,8/3,9/4,10/4,11/4;0/81,1/82,2/68,3/67,4/67,5/84;0/192,1/174,2/158,3/170,4/204,5/192,6/203,7/153,8/157,9/174,10/201,11/195;0/519,1/513,2/426,3/416,4/418,5/526;0/929,1/750,2/690,3/771,4/852,5/878,6/846,7/742,8/697,9/791,10/902,11/864
10859.85;449;2188;6;12;0/5705.39,1/5764.43,2/6629.86,3/6728.82,4/6709.52,5/5635.96;0/1515.25,1/3305.25,2/3907.99,3/3099.47,4/2300.25,5/2027.58,6/2343.81,7/3386.81,8/3839.43,9/2892.39,10/1787.48,11/2164.13;0/10859.85,1/10859.85,2/10859.85,3/10859.85,4/10859.85,5/10859.85;0/10859.85,1/10859.85,2/10859.85,3/10859.85,4/10859.85,5/10859.85,6/10859.85,7/10859.85,8/10859.85,9/10859.85,10/10859.85,11/10859.85;0/0,1/0,2/0,3/0,4/0,5/0;0/4,1/0,2/2,3/5,4/0,5/0,6/5,7/7,8/4,9/3,10/0,11/1;0/0,1/0,2/0,3/0,4/0,5/0;0/10,1/8,2/9,3/15,4/11,5/10,6/9,7/9,8/8,9/13,10/12,11/10;0/0,1/0,2/0,3/0,4/0,5/0;0/4,1/4,2/3,3/4,4/4,5/4,6/4,7/3,8/3,9/4,10/4,11/4;0/81,1/82,2/68,3/67,4/67,5/84;0/193,1/176,2/160,3/171,4/205,5/193,6/205,7/154,8/159,9/174,10/202,11/196;0/519,1/513,2/426,3/416,4/418,5/526;0/935,1/756,2/696,3/777,4/856,5/884,6/852,7/748,8/703,9/797,10/908,11/870
10919.91;449;2201;6;12;0/5765.45,1/5824.48,2/6689.92,3/6788.88,4/6769.58,5/5696.02;0/1516.4,1/3305.68,2/3919.91,3/3099.91,4/2300.48,5/2027.83,6/2369.91,7/3419.91,8/3859.91,9/2892.53,10/1787.75,11/2179.91;0/10919.91,1/10919.91,2/10919.91,3/10919.91,4/10919.91,5/10919.91;0/10919.91,1/10919.91,2/10919.91,3/10919.91,4/10919.91,5/10919.91,6/10919.91,7/10919.91,8/10919.91,9/10919.91,10/10919.91,11/10919.91;0/0,1/0,2/0,3/0,4/0,5/0;0/0,1/3,2/1,3/2,4/0,5/0,6/4,7/3,8/3,9/3,10/1,11/0;0/0,1/0,2/0,3/0,4/0,5/0;0/9,1/14,2/11,3/13,4/11,5/14,6/12,7/11,8/6,9/10,10/10,11/8;0/0,1/0,2/0,3/0,4/0,5/0;0/4,1/4,2/3,3/4,4/4,5/4,6/4,7/3,8/3,9/4,10/4,11/4;0/81,1/82,2/68,3/67,4/67,5/84;0/195,1/178,2/161,3/172,4/206,5/194,6/206,7/155,8/159,9/176,10/202,11/197;0/519,1/513,2/426,3/416,4/418,5/526;0/941,1/762,2/701,3/783,4/862,5/890,6/855,7/750,8/706,9/803,10/914,11/874
10979.98;449;2218;6;12;0/5825.52,1/5884.56,2/6749.99,3/6848.95,4/6829.65,5/5756.09;0/1516.75,1/3306.38,2/3923.69,3/3100.13,4/2300.89,5/2028.17,6/2416.58,7/3466.33,8/3893.05,9/2892.91,10/1788.17,11/2193.89;0/10979.98,1/10979.98,2/10979.98,3/10979.98,4/10979.98,5/10979.98;0/10979.98,1/10979.98,2/10979.98,3/10979.98,4/10979.98,5/10979.98,6/10979.98,7/10979.98,8/10979.98,9/10979.98,10/10979.98,11/10979.98;0/0,1/0,2/0,3/0,4/0,5/0;0/2,1/7,2/3,3/2,4/0,5/0,6/8,7/3,8/1,9/2,10/0,11/0;0/0,1/0,2/0,3/0,4/0,5/0;0/11,1/17,2/13,3/13,4/11,5/13,6/16,7/9,8/6,9/10,10/7,11/13;0/0,1/0,2/0,3/0,4/0,5/0;0/4,1/4,2/3,3/4,4/4,5/4,6/4,7/3,8/3,9/4,10/4,11/4;0/81,1/82,2/68,3/67,4/67,5/84;0/197,1/179,2/162,3/174,4/208,5/194,6/207,7/156,8/161,9/177,10/204,11/199;0/519,1/513,2/426,3/416,4/418,5/526;0/947,1/768,2/706,3/788,4/868,5/896,6/857,7/752,8/709,9/809,10/920,11/879
11040;449;2227;6;12;0/5885.53,1/5944.57,2/6810,3/6908.96,4/6889.67,5/5816.11;0/1517.15,1/3316.33,2/3923.79,3/3100.26,4/2301.15,5/2028.38,6/2416.91,7/3466.5,8/3950,9/2893.16,10/1789.18,11/2194.18;0/11040,1/11040,2/11040,3/11040,4/11040,5/11040;0/11040,1/11040,2/11040,3/11040,4/11040,5/11040,6/11040,7/11040,8/11040,9/11040,10/11040,11/11040;0/0,1/0,2/0,3/0,4/0,5/0;0/1,1/1,2/2,3/1,4/0,5/1,6/4,7/3,8/1,9/5,10/3,11/4;0/0,1/0,2/0,3/0,4/0,5/0;0/14,1/15,2/9,3/8,4/13,5/13,6/13,7/5,8/11,9/12,10/12,11/16;0/0,1/0,2/0,3/0,4/0,5/0;0/4,1/4,2/3,3/4,4/4,5/4,6/4,7/3,8/3,9/4,10/4,11/4;0/81,1/82,2/68,3/67,4/67,5/84;0/197,1/180,2/162,3/174,4/208,5/195,6/209,7/157,8/161,9/178,10/206,11/200;0/519,1/513,2/426,3/416,4/418,5/526;0/953,1/773,2/712,3/794,4/874,5/902,6/863,7/758,8/709,9/815,10/926,11/885
11099.85;449;2244;6;12;0/5945.38,1/6004.42,2/6869.85,3/6968.81,4/6949.52,5/5875.96;0/1517.68,1/3316.5,2/3924.06,3/3101.02,4/2301.4,5/2028.64,6/2417.26,7/3479.85,8/3955.72,9/2893.59,10/1789.27,11/2194.68;0/11099.85,1/11099.85,2/11099.85,3/11099.85,4/11099.85,5/11099.85;0/11099.85,1/11099.85,2/11099.85,3/11099.85,4/11099.85,5/11099.85,6/11099.85,7/11099.85,8/11099.85,9/11099.85,10/11099.85,11/11099.85;0/0,1/0,2/0,3/0,4/0,5/0;0/3,1/1,2/1,3/0,4/1,5/0,6/2,7/4,8/4,9/4,10/2,11/4;0/0,1/0,2/0,3/0,4/0,5/0;0/17,1/20,2/8,3/8,4/12,5/9,6/11,7/8,8/14,9/12,10/7,11/15;0/0,1/0,2/0,3/0,4/0,5/0;0/4,1/4,2/3,3/4,4/4,5/4,6/4,7/3,8/3,9/4,10/4,11/4;0/81,1/82,2/68,3/67,4/67,5/84;0/199,1/181,2/163,3/177,4/209,5/196,6/211,7/158,8/163,9/180,10/207,11/200;0/519,1/513,2/426,3/416,4/418,5/526;0/959,1/779,2/718,3/800,4/880,5/908,6/869,7/762,8/715,9/821,10/932,11/891
11159.97;449;2256;6;12;0/6005.51,1/6064.55,2/6929.98,3/7028.94,4/7009.64,5/5936.08;0/1517.9,1/3316.71,2/3924.4,3/3101.26,4/2301.75,5/2028.81,6/2417.48,7/3533.21,8/3955.85,9/2939.97,10/1789.71,11/2194.84;0/11159.97,1/11159.97,2/11159.97,3/11159.97,4/11159.97,5/11159.97;0/11159.97,1/11159.97,2/11159.97,3/11159.97,4/11159.97,5/11159.97,6/11159.97,7/11159.97,8/11159.97,9/11159.97,10/11159.97,11/11159.97;0/0,1/0,2/0,3/0,4/0,5/0;0/4,1/1,2/1,3/0,4/4,5/0,6/0,7/3,8/6,9/2,10/6,11/1;0/0,1/0,2/0,3/0,4/0,5/0;0/18,1/15,2/12,3/8,4/14,5/7,6/11,7/7,8/15,9/14,10/10,11/10;0/0,1/0,2/0,3/0,4/0,5/0;0/4,1/4,2/3,3/4,4/4,5/4,6/4,7/3,8/3,9/4,10/4,11/4;0/81,1/82,2/68,3/67,4/67,5/84;0/199,1/182,2/165,3/177,4/210,5/197,6/212,7/159,8/164,9/180,10/209,11/202;0/519,1/513,2/426,3/416,4/418,5/526;0/965,1/785,2/724,3/806,4/886,5/914,6/875,7/763,8/721,9/822,10/938,11/897
11219.92;449;2268;6;12;0/6065.45,1/6124.49,2/6989.92,3/7088.88,4/7069.59,5/5996.03;0/1518.14,1/3316.91,2/3929.92,3/3105.05,4/2302.06,5/2029.26,6/2417.69,7/3542.17,8/3969.92,9/2940.09,10/1803.88,11/2195.1;0/11219.92,1/11219.92,2/11219.92,3/11219.92,4/11219.92,5/11219.92;0/11219.92,1/11219.92,2/11219.92,3/11219.92,4/11219.92,5/11219.92,6/11219.92,7/11219.92,8/11219.92,9/11219.92,10/11219.92,11/11219.92;0/0,1/0,2/0,3/0,4/0,5/0;0/3,1/0,2/2,3/2,4/0,5/1,6/3,7/1,8/4,9/2,10/0,11/1;0/0,1/0,2/0,3/0,4/0,5/0;0/16,1/11,2/13,3/11,4/12,5/16,6/11,7/5,8/13,9/9,10/7,11/9;0/0,1/0,2/0,3/0,4/0,5/0;0/4,1/4,2/3,3/4,4/4,5/4,6/4,7/3,8/3,9/4,10/4,11/4;0/81,1/82,2/68,3/67,4/67,5/84;0/200,1/183,2/165,3/179,4/211,5/198,6/213,7/161,8/164,9/181,10/210,11/203;0/519,1/513,2/426,3/416,4/418,5/526;0/971,1/791,2/729,3/812,4/892,5/920,6/881,7/768,8/725,9/828,10/942,11/903
11279.91;449;2282;6;12;0/6125.45,1/6184.48,2/7049.92,3/7148.88,4/7129.58,5/6056.02;0/1518.23,1/3317.15,2/3933.27,3/3105.25,4/2302.39,5/2029.87,6/2418.23,7/3549.91,8/3975.66,9/2959.91,10/1804.15,11/2195.25;0/11279.91,1/11279.91,2/11279.91,3/11279.91,4/11279.91,5/11279.91;0/11279.91,1/11279.91,2/11279.91,3/11279.91,4/11279.91,5/11279.91,6/11279.91,7/11279.91,8/11279.91,9/11279.91,10/11279.91,11/11279.91;0/0,1/0,2/0,3/0,4/0,5/0;0/3,1/2,2/3,3/1,4/0,5/2,6/5,7/4,8/6,9/2,10/1,11/3;0/0,1/0,2/0,3/0,4/0,5/0;0/10,1/13,2/11,3/7,4/9,5/16,6/15,7/8,8/10,9/8,10/10,11/9;0/0,1/0,2/0,3/0,4/0,5/0;0/4,1/4,2/3,3/4,4/4,5/4,6/4,7/3,8/3,9/4,10/4,11/4;0/81,1/82,2/68,3/67,4/67,5/84;0/201,1/184,2/166,3/180,4/212,5/199,6/214,7/162,8/166,9/183,10/211,11/204;0/519,1/513,2/426,3/416,4/418,5/526;0/977,1/797,2/735,3/818,4/898,5/926,6/887,7/773,8/731,9/832,10/948,11/909
11339.96;449;2296;6;12;0/6185.49,1/6244.53,2/7109.97,3/7208.92,4/7189.63,5/6116.07;0/1518.37,1/3317.41,2/3933.58,3/3105.55,4/2302.96,5/2029.96,6/2418.33,7/3598.93,8/3999.96,9/2963.62,10/1804.41,11/2195.59;0/11339.96,1/11339.96,2/11339.96,3/11339.96,4/11339.96,5/11339.96;0/11339.96,1/11339.96,2/11339.96,3/11339.96,4/11339.96,5/11339.96,6/11339.96,7/11339.96,8/11339.96,9/11339.96,10/11339.96,11/11339.96;0/0,1/0,2/0,3/0,4/0,5/0;0/1,1/4,2/3,3/0,4/0,5/1,6/3,7/1,8/4,9/3,10/10,11/1;0/0,1/0,2/0,3/0,4/0,5/0;0/8,1/18,2/9,3/7,4/10,5/12,6/14,7/9,8/12,9/12,10/16,11/11;0/0,1/0,2/0,3/0,4/0,5/0;0/4,1/4,2/3,3/4,4/4,5/4,6/4,7/3,8/3,9/4,10/4,11/4;0/81,1/82,2/68,3/67,4/67,5/84;0/202,1/186,2/167,3/181,4/213,5/200,6/215,7/163,8/166,9/184,10/213,11/206;0/519,1/513,2/426,3/416,4/418,5/526;0/983,1/803,2/741,3/824,4/904,5/932,6/893,7/775,8/734,9/838,10/954,11/915
11399.79;449;2310;6;12;0/6245.33,1/6304.37,2/7169.8,3/7268.76,4/7249.46,5/6175.9;0/1518.68,1/3319.79,2/3934.04,3/3105.81,4/2303.24,5/2030.32,6/2418.54,7/3599.21,8/4006.12,9/2964.21,10/1812.59,11/2195.76;0/11399.79,1/11399.79,2/11399.79,3/11399.79,4/11399.79,5/11399.79;0/11399.79,1/11399.79,2/11399.79,3/11399.79,4/11399.79,5/11399.79,6/11399.79,7/11399.79,8/11399.79,9/11399.79,10/11399.79,11/11399.79;0/0,1/0,2/0,3/0,4/0,5/0;0/3,1/2,2/4,3/2,4/5,5/3,6/3,7/2,8/3,9/1,10/1,11/2;0/0,1/0,2/0,3/0,4/0,5/0;0/10,1/15,2/8,3/10,4/14,5/15,6/14,7/10,8/10,9/14,10/17,11/11;0/0,1/0,2/0,3/0,4/0,5/0;0/4,1/4,2/3,3/4,4/4,5/4,6/4,7/3,8/3,9/4,10/4,11/4;0/81,1/82,2/68,3/67,4/67,5/84;0/204,1/186,2/168,3/182,4/214,5/201,6/216,7/164,8/167,9/187,10/214,11/207;0/519,1/513,2/426,3/416,4/418,5/526;0/989,1/808,2/747,3/830,4/910,5/937,6/899,7/781,8/740,9/844,10/959,11/921
11459.97;449;2325;6;12;0/6305.51,1/6364.54,2/7229.98,3/7328.94,4/7309.64,5/6236.08;0/1543.48,1/3321.26,2/3934.26,3/3106.26,4/2303.44,5/2038.02,6/2418.85,7/3599.39,8/4014.19,9/2964.35,10/1827.77,11/2196.26;0/11459.97,1/11459.97,2/11459.97,3/11459.97,4/11459.97,5/11459.97;0/11459.97,1/11459.97,2/11459.97,3/11459.97,4/11459.97,5/11459.97,6/11459.97,7/11459.97,8/11459.97,9/11459.97,10/11459.97,11/11459.97;0/0,1/0,2/0,3/0,4/0,5/0;0/0,1/1,2/8,3/0,4/2,5/4,6/4,7/7,8/2,9/1,10/2,11/3;0/0,1/0,2/0,3/0,4/0,5/0;0/11,1/11,2/14,3/6,4/12,5/12,6/12,7/13,8/11,9/11,10/14,11/13;0/0,1/0,2/0,3/0,4/0,5/0;0/4,1/4,2/3,3/4,4/4,5/4,6/4,7/3,8/3,9/4,10/4,11/4;0/81,1/82,2/68,3/67,4/67,5/84;0/205,1/187,2/169,3/183,4/215,5/203,6/218,7/165,8/169,9/187,10/216,11/208;0/519,1/513,2/426,3/416,4/418,5/526;0/992,1/814,2/753,3/836,4/916,5/943,6/905,7/787,8/745,9/850,10/964,11/927
11519.99;449;2340;6;12;0/6365.53,1/6424.57,2/7290,3/7388.96,4/7369.66,5/6296.1;0/1550.74,1/3321.43,2/3934.37,3/3106.61,4/2303.66,5/2038.43,6/2419.32,7/3629.32,8/4014.37,9/2968.48,10/1827.98,11/2199.99;0/11519.99,1/11519.99,2/11519.99,3/11519.99,4/11519.99,5/11519.99;0/11519.99,1/11519.99,2/11519.99,3/11519.99,4/11519.99,5/11519.99,6/11519.99,7/11519.99,8/11519.99,9/11519.99,10/11519.99,11/11519.99;0/0,1/0,2/0,3/0,4/0,5/0;0/2,1/6,2/7,3/3,4/6,5/4,6/4,7/4,8/3,9/4,10/0,11/3;0/0,1/0,2/0,3/0,4/0,5/0;0/14,1/15,2/10,3/13,4/17,5/17,6/18,7/15,8/9,9/13,10/10,11/15;0/0,1/0,2/0,3/0,4/0,5/0;0/4,1/4,2/3,3/4,4/4,5/4,6/4,7/3,8/3,9/4,10/4,11/4;0/81,1/82,2/68,3/67,4/67,5/84;0/206,1/189,2/170,3/185,4/217,5/204,6/219,7/166,8/170,9/189,10/216,11/209;0/519,1/513,2/426,3/416,4/418,5/526;0/997,1/820,2/759,3/842,4/922,5/949,6/911,7/790,8/751,9/856,10/970,11/933
11579.89;449;2350;6;12;0/6425.43,1/6484.46,2/7349.9,3/7448.86,4/7429.56,5/6356;0/1550.89,1/3321.71,2/3959.67,3/3106.76,4/2303.8,5/2038.44,6/2419.67,7/3629.43,8/4014.67,9/2968.55,10/1828.44,11/2200.21;0/11579.89,1/11579.89,2/11579.89,3/11579.89,4/11579.89,5/11579.89;0/11579.89,1/11579.89,2/11579.89,3/11579.89,4/11579.89,5/11579.89,6/11579.89,7/11579.89,8/11579.89,9/11579.89,10/11579.89,11/11579.89;0/0,1/0,2/0,3/0,4/0,5/0;0/0,1/3,2/7,3/2,4/4,5/4,6/1,7/4,8/2,9/3,10/0,11/4;0/0,1/0,2/0,3/0,4/0,5/0;0/9,1/13,2/14,3/12,4/13,5/11,6/14,7/10,8/9,9/13,10/10,11/12;0/0,1/0,2/0,3/0,4/0,5/0;0/4,1/4,2/3,3/4,4/4,5/4,6/4,7/3,8/3,9/4,10/4,11/4;0/81,1/82,2/68,3/67,4/67,5/84;0/207,1/190,2/171,3/186,4/218,5/205,6/220,7/166,8/171,9/189,10/217,11/210;0/519,1/513,2/426,3/416,4/418,5/526;0/1003,1/826,2/763,3/848,4/928,5/955,6/917,7/796,8/757,9/862,10/976,11/938
11639.98;449;2366;6;12;0/6485.52,1/6544.56,2/7409.99,3/7508.95,4/7489.65,5/6416.09;0/1551.33,1/3321.88,2/3960.97,3/3106.92,4/2329.67,5/2042.08,6/2419.85,7/3631.33,8/4047.85,9/2969.04,10/1828.94,11/2200.66;0/11639.98,1/11639.98,2/11639.98,3/11639.98,4/11639.98,5/11639.98;0/11639.98,1/11639.98,2/11639.98,3/11639.98,4/11639.98,5/11639.98,6/11639.98,7/11639.98,8/11639.98,9/11639.98,10/11639.98,11/11639.98;0/0,1/0,2/0,3/0,4/0,5/0;0/0,1/3,2/6,3/3,4/1,5/4,6/0,7/3,8/1,9/6,10/0,11/4;0/0,1/0,2/0,3/0,4/0,5/0;0/10,1/11,2/10,3/10,4/9,5/12,6/9,7/6,8/10,9/15,10/7,11/12;0/0,1/0,2/0,3/0,4/0,5/0;0/4,1/4,2/3,3/4,4/4,5/4,6/4,7/3,8/3,9/4,10/4,11/4;0/81,1/82,2/68,3/67,4/67,5/84;0/207,1/190,2/173,3/187,4/220,5/207,6/221,7/168,8/172,9/191,10/218,11/212;0/519,1/513,2/426,3/416,4/418,5/526;0/1009,1/832,2/768,3/854,4/932,5/960,6/923,7/801,8/760,9/868,10/982,11/944
11699.98;449;2378;6;12;0/6545.51,1/6604.55,2/7469.98,3/7568.94,4/7549.65,5/6476.09;0/1551.55,1/3323.56,2/3961.11,3/3107.17,4/2329.93,5/2042.25,6/2419.98,7/3659.98,8/4048.29,9/2969.37,10/1829.37,11/2211.69;0/11699.98,1/11699.98,2/11699.98,3/11699.98,4/11699.98,5/11699.98;0/11699.98,1/11699.98,2/11699.98,3/11699.98,4/11699.98,5/11699.98,6/11699.98,7/11699.98,8/11699.98,9/11699.98,10/11699.98,11/11699.98;0/0,1/0,2/0,3/0,4/0,5/0;0/1,1/1,2/5,3/1,4/5,5/2,6/0,7/4,8/3,9/3,10/2,11/5;0/0,1/0,2/0,3/0,4/0,5/0;0/13,1/10,2/9,3/7,4/11,5/8,6/5,7/8,8/11,9/13,10/10,11/13;0/0,1/0,2/0,3/0,4/0,5/0;0/4,1/4,2/3,3/4,4/4,5/4,6/4,7/3,8/3,9/4,10/4,11/4;0/81,1/82,2/68,3/67,4/67,5/84;0/209,1/192,2/174,3/188,4/221,5/207,6/222,7/168,8/173,9/192,10/219,11/213;0/519,1/513,2/426,3/416,4/418,5/526;0/1015,1/838,2/774,3/860,4/938,5/966,6/929,7/804,8/766,9/874,10/988,11/949
11759.95;449;2392;6;12;0/6605.48,1/6664.52,2/7529.95,3/7628.91,4/7609.62,5/6536.06;0/1552.05,1/3323.79,2/3961.45,3/3112.72,4/2330.07,5/2042.72,6/2420.37,7/3703.04,8/4048.49,9/2984.04,10/1833.79,11/2220.81;0/11759.95,1/11759.95,2/11759.95,3/11759.95,4/11759.95,5/11759.95;0/11759.95,1/11759.95,2/11759.95,3/11759.95,4/11759.95,5/11759.95,6/11759.95,7/11759.95,8/11759.95,9/11759.95,10/11759.95,11/11759.95;0/0,1/0,2/0,3/0,4/0,5/0;0/1,1/5,2/5,3/3,4/1,5/4,6/0,7/4,8/4,9/2,10/1,11/7;0/0,1/0,2/0,3/0,4/0,5/0;0/14,1/13,2/9,3/12,4/9,5/13,6/5,7/6,8/12,9/15,10/11,11/13;0/0,1/0,2/0,3/0,4/0,5/0;0/4,1/4,2/3,3/4,4/4,5/4,6/4,7/3,8/3,9/4,10/4,11/4;0/81,1/82,2/68,3/67,4/67,5/84;0/209,1/194,2/175,3/190,4/222,5/209,6/223,7/169,8/174,9/193,10/220,11/214;0/519,1/513,2/426,3/416,4/418,5/526;0/1021,1/844,2/780,3/865,4/943,5/972,6/934,7/806,8/772,9/878,10/993,11/954
11819.98;449;2407;6;12;0/6665.51,1/6724.55,2/7589.99,3/7688.94,4/7669.65,5/6596.09;0/1552.18,1/3324.01,2/4003.03,3/3112.94,4/2330.66,5/2042.94,6/2420.79,7/3704.55,8/4069.98,9/2984.1,10/1834.01,11/2248.84;0/11819.98,1/11819.98,2/11819.98,3/11819.98,4/11819.98,5/11819.98;0/11819.98,1/11819.98,2/11819.98,3/11819.98,4/11819.98,5/11819.98,6/11819.98,7/11819.98,8/11819.98,9/11819.98,10/11819.98,11/11819.98;0/0,1/0,2/0,3/0,4/0,5/0;0/0,1/7,2/4,3/4,4/0,5/0,6/0,7/1,8/5,9/2,10/1,11/4;0/0,1/0,2/0,3/0,4/0,5/0;0/9,1/13,2/7,3/12,4/10,5/11,6/7,7/9,8/13,9/12,10/9,11/9;0/0,1/0,2/0,3/0,4/0,5/0;0/4,1/4,2/3,3/4,4/4,5/4,6/4,7/3,8/3,9/4,10/4,11/4;0/81,1/82,2/68,3/67,4/67,5/84;0/211,1/195,2/176,3/191,4/223,5/211,6/224,7/171,8/174,9/194,10/221,11/216;0/519,1/513,2/426,3/416,4/418,5/526;0/1027,1/850,2/782,3/871,4/949,5/978,6/940,7/812,8/775,9/884,10/999,11/958
11879.86;449;2420;6;12;0/6725.4,1/6784.43,2/7649.87,3/7748.83,4/7729.53,5/6655.97;0/1552.3,1/3324.53,2/4026.53,3/3148.98,4/2330.79,5/2043.38,6/2421.21,7/3720.84,8/4070.68,9/2984.3,10/1834.25,11/2279.86;0/11879.86,1/11879.86,2/11879.86,3/11879.86,4/11879.86,5/11879.86;0/11879.86,1/11879.86,2/11879.86,3/11879.86,4/11879.86,5/11879.86,6/11879.86,7/11879.86,8/11879.86,9/11879.86,10/11879.86,11/11879.86;0/0,1/0,2/0,3/0,4/0,5/0;0/0,1/5,2/8,3/3,4/0,5/3,6/7,7/4,8/4,9/2,10/2,11/4;0/0,1/0,2/0,3/0,4/0,5/0;0/10,1/11,2/12,3/9,4/6,5/15,6/17,7/11,8/9,9/11,10/9,11/14;0/0,1/0,2/0,3/0,4/0,5/0;0/4,1/4,2/3,3/4,4/4,5/4,6/4,7/3,8/3,9/4,10/4,11/4;0/81,1/82,2/68,3/67,4/67,5/84;0/212,1/197,2/177,3/192,4/224,5/212,6/224,7/172,8/176,9/196,10/221,11/217;0/519,1/513,2/426,3/416,4/418,5/526;0/1033,1/856,2/786,3/874,4/955,5/984,6/946,7/816,8/781,9/890,10/1005,11/960
11940;449;2434;6;12;0/6785.53,1/6844.57,2/7710,3/7808.96,4/7789.67,5/6716.11;0/1552.79,1/3324.68,2/4030,3/3154.07,4/2331.12,5/2044.03,6/2421.37,7/3721.2,8/4071.03,9/2984.42,10/1849.65,11/2291.03;0/11940,1/11940,2/11940,3/11940,4/11940,5/11940;0/11940,1/11940,2/11940,3/11940,4/11940,5/11940,6/11940,7/11940,8/11940,9/11940,10/11940,11/11940;0/0,1/0,2/0,3/0,4/0,5/0;0/2,1/3,2/5,3/2,4/1,5/6,6/2,7/4,8/5,9/1,10/12,11/3;0/0,1/0,2/0,3/0,4/0,5/0;0/11,1/7,2/9,3/8,4/8,5/20,6/12,7/11,8/11,9/6,10/20,11/13;0/0,1/0,2/0,3/0,4/0,5/0;0/4,1/4,2/3,3/4,4/4,5/4,6/4,7/3,8/3,9/4,10/4,11/4;0/81,1/82,2/68,3/67,4/67,5/84;0/212,1/198,2/179,3/194,4/225,5/212,6/226,7/173,8/177,9/196,10/223,11/219;0/519,1/513,2/426,3/416,4/418,5/526;0/1039,1/862,2/791,3/879,4/961,5/990,6/952,7/822,8/787,9/896,10/1010,11/965
11999.98;449;2449;6;12;0/6845.52,1/6904.55,2/7769.99,3/7868.95,4/7849.65,5/6776.09;0/1553.1,1/3348.42,2/4064.08,3/3179.33,4/2336.89,5/2044.33,6/2421.58,7/3721.54,8/4071.14,9/2994.85,10/1849.94,11/2297.33;0/11999.98,1/11999.98,2/11999.98,3/11999.98,4/11999.98,5/11999.98;0/11999.98,1/11999.98,2/11999.98,3/11999.98,4/11999.98,5/11999.98,6/11999.98,7/11999.98,8/11999.98,9/11999.98,10/11999.98,11/11999.98;0/0,1/0,2/0,3/0,4/0,5/0;0/8,1/4,2/3,3/6,4/0,5/5,6/1,7/1,8/4,9/1,10/9,11/1;0/0,1/0,2/0,3/0,4/0,5/0;0/17,1/10,2/6,3/13,4/7,5/20,6/13,7/10,8/7,9/11,10/19,11/12;0/0,1/0,2/0,3/0,4/0,5/0;0/4,1/4,2/3,3/4,4/4,5/4,6/4,7/3,8/3,9/4,10/4,11/4;0/81,1/82,2/68,3/67,4/67,5/84;0/213,1/200,2/180,3/195,4/227,5/213,6/227,7/174,8/178,9/198,10/224,11/220;0/519,1/513,2/426,3/416,4/418,5/526;0/1045,1/866,2/794,3/883,4/967,5/996,6/958,7/828,8/793,9/901,10/1016,11/971
12059.99;449;2466;6;12;0/6905.53,1/6964.56,2/7830,3/7928.96,4/7909.66,5/6836.1;0/1553.21,1/3360.86,2/4089.95,3/3182.07,4/2337.2,5/2044.7,6/2424.7,7/3728.99,8/4081.79,9/2995.06,10/1852.86,11/2308.53;0/12059.99,1/12059.99,2/12059.99,3/12059.99,4/12059.99,5/12059.99;0/12059.99,1/12059.99,2/12059.99,3/12059.99,4/12059.99,5/12059.99,6/12059.99,7/12059.99,8/12059.99,9/12059.99,10/12059.99,11/12059.99;0/0,1/0,2/0,3/0,4/0,5/0;0/5,1/4,2/3,3/6,4/0,5/6,6/1,7/3,8/7,9/0,10/6,11/0;0/0,1/0,2/0,3/0,4/0,5/0;0/12,1/11,2/8,3/15,4/10,5/17,6/13,7/12,8/12,9/18,10/16,11/12;0/0,1/0,2/0,3/0,4/0,5/0;0/4,1/4,2/3,3/4,4/4,5/4,6/4,7/3,8/3,9/4,10/4,11/4;0/81,1/82,2/68,3/67,4/67,5/84;0/215,1/202,2/182,3/197,4/228,5/214,6/228,7/175,8/179,9/200,10/225,11/221;0/519,1/513,2/426,3/416,4/418,5/526;0/1051,1/870,2/798,3/888,4/973,5/1002,6/964,7/834,8/798,9/907,10/1021,11/976
12119.96;449;2477;6;12;0/6965.49,1/7024.53,2/7889.96,3/7988.92,4/7969.63,5/6896.07;0/1575.9,1/3361.11,2/4103.45,3/3204.63,4/2337.88,5/2044.88,6/2424.88,7/3749.96,8/4109.96,9/2995.17,10/1852.92,11/2308.68;0/12119.96,1/12119.96,2/12119.96,3/12119.96,4/12119.96,5/12119.96;0/12119.96,1/12119.96,2/12119.96,3/12119.96,4/12119.96,5/12119.96,6/12119.96,7/12119.96,8/12119.96,9/12119.96,10/12119.96,11/12119.96;0/0,1/0,2/0,3/0,4/0,5/0;0/5,1/2,2/1,3/4,4/1,5/5,6/1,7/3,8/7,9/0,10/4,11/1;0/0,1/0,2/0,3/0,4/0,5/0;0/13,1/12,2/8,3/13,4/12,5/13,6/12,7/14,8/11,9/12,10/10,11/9;0/0,1/0,2/0,3/0,4/0,5/0;0/4,1/4,2/3,3/4,4/4,5/4,6/4,7/3,8/3,9/4,10/4,11/4;0/81,1/82,2/68,3/67,4/67,5/84;0/216,1/203,2/183,3/198,4/229,5/215,6/229,7/175,8/180,9/200,10/227,11/222;0/519,1/513,2/426,3/416,4/418,5/526;0/1055,1/876,2/802,3/892,4/979,5/1008,6/970,7/837,8/802,9/913,10/1027,11/982
12179.98;449;2492;6;12;0/7025.52,1/7084.55,2/7949.99,3/8048.95,4/8029.65,5/6956.09;0/1576.13,1/3361.27,2/4122.71,3/3204.84,4/2337.96,5/2045.15,6/2425.03,7/3757.59,8/4129.98,9/2995.53,10/1859.41,11/2309.04;0/12179.98,1/12179.98,2/12179.98,3/12179.98,4/12179.98,5/12179.98;0/12179.98,1/12179.98,2/12179.98,3/12179.98,4/12179.98,5/12179.98,6/12179.98,7/12179.98,8/12179.98,9/12179.98,10/12179.98,11/12179.98;0/0,1/0,2/0,3/0,4/0,5/0;0/5,1/2,2/1,3/5,4/3,5/6,6/1,7/3,8/7,9/1,10/4,11/6;0/0,1/0,2/0,3/0,4/0,5/0;0/12,1/8,2/8,3/12,4/14,5/13,6/9,7/8,8/13,9/10,10/14,11/13;0/0,1/0,2/0,3/0,4/0,5/0;0/4,1/4,2/3,3/4,4/4,5/4,6/4,7/3,8/3,9/4,10/4,11/4;0/81,1/82,2/68,3/67,4/67,5/84;0/216,1/204,2/184,3/200,4/230,5/217,6/230,7/177,8/181,9/201,10/228,11/224;0/519,1/513,2/426,3/416,4/418,5/526;0/1061,1/882,2/806,3/898,4/985,5/1014,6/976,7/843,8/805,9/919,10/1033,11/988
12239.98;449;2506;6;12;0/7085.51,1/7144.55,2/8009.98,3/8108.94,4/8089.65,5/7016.09;0/1576.54,1/3369.43,2/4129.89,3/3209.98,4/2338.11,5/2052.61,6/2425.3,7/3757.86,8/4162.91,9/2995.75,10/1859.52,11/2309.38;0/12239.98,1/12239.98,2/12239.98,3/12239.98,4/12239.98,5/12239.98;0/12239.98,1/12239.98,2/12239.98,3/12239.98,4/12239.98,5/12239.98,6/12239.98,7/12239.98,8/12239.98,9/12239.98,10/12239.98,11/12239.98;0/0,1/0,2/0,3/0,4/0,5/0;0/5,1/4,2/1,3/2,4/1,5/1,6/2,7/3,8/6,9/0,10/2,11/5;0/0,1/0,2/0,3/0,4/0,5/0;0/12,1/9,2/6,3/10,4/11,5/13,6/11,7/11,8/10,9/7,10/10,11/12;0/0,1/0,2/0,3/0,4/0,5/0;0/4,1/4,2/3,3/4,4/4,5/4,6/4,7/3,8/3,9/4,10/4,11/4;0/81,1/82,2/68,3/67,4/67,5/84;0/218,1/206,2/185,3/201,4/231,5/218,6/231,7/178,8/182,9/202,10/230,11/224;0/519,1/513,2/426,3/416,4/418,5/526;0/1067,1/888,2/812,3/903,4/991,5/1019,6/982,7/849,8/808,9/925,10/1039,11/994
12299.98;449;2522;6;12;0/7145.51,1/7204.55,2/8069.98,3/8168.94,4/8149.65,5/7076.09;0/1576.67,1/3379.98,2/4130.24,3/3229.98,4/2338.68,5/2052.89,6/2425.39,7/3759.08,8/4186.16,9/2996.56,10/1859.69,11/2309.6;0/12299.98,1/12299.98,2/12299.98,3/12299.98,4/12299.98,5/12299.98;0/12299.98,1/12299.98,2/12299.98,3/12299.98,4/12299.98,5/12299.98,6/12299.98,7/12299.98,8/12299.98,9/12299.98,10/12299.98,11/12299.98;0/0,1/0,2/0,3/0,4/0,5/0;0/3,1/1,2/4,3/3,4/0,5/0,6/3,7/2,8/3,9/6,10/1,11/7;0/0,1/0,2/0,3/0,4/0,5/0;0/7,1/9,2/13,3/11,4/10,5/9,6/10,7/8,8/8,9/15,10/6,11/15;0/0,1/0,2/0,3/0,4/0,5/0;0/4,1/4,2/3,3/4,4/4,5/4,6/4,7/3,8/3,9/4,10/4,11/4;0/81,1/82,2/68,3/67,4/67,5/84;0/219,1/207,2/186,3/203,4/232,5/219,6/232,7/179,8/184,9/204,10/231,11/226;0/519,1/513,2/426,3/416,4/418,5/526;0/1073,1/892,2/817,3/907,4/997,5/1025,6/988,7/855,8/812,9/931,10/1045,11/1000
12359.97;449;2534;6;12;0/7205.5,1/7264.54,2/8129.97,3/8228.93,4/8209.64,5/7136.08;0/1609.97,1/3400.55,2/4169.97,3/3230.38,4/2338.88,5/2053.3,6/2425.71,7/3759.71,8/4211.67,9/2997.04,10/1899.97,11/2315.71;0/12359.97,1/12359.97,2/12359.97,3/12359.97,4/12359.97,5/12359.97;0/12359.97,1/12359.97,2/12359.97,3/12359.97,4/12359.97,5/12359.97,6/12359.97,7/12359.97,8/12359.97,9/12359.97,10/12359.97,11/12359.97;0/0,1/0,2/0,3/0,4/0,5/0;0/3,1/2,2/4,3/5,4/6,5/2,6/3,7/5,8/4,9/2,10/2,11/4;0/0,1/0,2/0,3/0,4/0,5/0;0/11,1/9,2/13,3/11,4/14,5/12,6/8,7/6,8/10,9/13,10/11,11/11;0/0,1/0,2/0,3/0,4/0,5/0;0/4,1/4,2/3,3/4,4/4,5/4,6/4,7/3,8/3,9/4,10/4,11/4;0/81,1/82,2/68,3/67,4/67,5/84;0/220,1/209,2/186,3/205,4/233,5/220,6/233,7/180,8/185,9/204,10/232,11/227;0/519,1/513,2/426,3/416,4/418,5/526;0/1075,1/896,2/819,3/913,4/1003,5/1031,6/994,7/861,8/815,9/937,10/1046,11/1005
12419.97;449;2548;6;12;0/7265.51,1/7324.54,2/8189.98,3/8288.93,4/8269.64,5/7196.08;0/1620.79,1/3419.06,2/4185.78,3/3239.97,4/2339.2,5/2053.49,6/2426.07,7/3803.23,8/4211.78,9/2997.4,10/1900.1,11/2316.23;0/12419.97,1/12419.97,2/12419.97,3/12419.97,4/12419.97,5/12419.97;0/12419.97,1/12419.97,2/12419.97,3/12419.97,4/12419.97,5/12419.97,6/12419.97,7/12419.97,8/12419.97,9/12419.97,10/12419.97,11/12419.97;0/0,1/0,2/0,3/0,4/0,5/0;0/6,1/1,2/4,3/2,4/6,5/2,6/4,7/1,8/5,9/3,10/1,11/8;0/0,1/0,2/0,3/0,4/0,5/0;0/12,1/12,2/9,3/12,4/15,5/9,6/9,7/8,8/7,9/16,10/8,11/20;0/0,1/0,2/0,3/0,4/0,5/0;0/4,1/4,2/3,3/4,4/4,5/4,6/4,7/3,8/3,9/4,10/4,11/4;0/81,1/82,2/68,3/67,4/67,5/84;0/222,1/210,2/187,3/206,4/234,5/221,6/234,7/181,8/186,9/205,10/234,11/228;0/519,1/513,2/426,3/416,4/418,5/526;0/1080,1/901,2/824,3/918,4/1009,5/1037,6/1000,7/862,8/821,9/943,10/1052,11/1011
12479.97;449;2566;6;12;0/7325.51,1/7384.54,2/8249.98,3/8348.94,4/8329.64,5/7256.08;0/1621.03,1/3419.21,2/4199.3,3/3245.59,4/2339.35,5/2064.22,6/2446.26,7/3806.41,8/4249.97,9/2997.65,10/1900.3,11/2316.53;0/12479.97,1/12479.97,2/12479.97,3/12479.97,4/12479.97,5/12479.97;0/12479.97,1/12479.97,2/12479.97,3/12479.97,4/12479.97,5/12479.97,6/12479.97,7/12479.97,8/12479.97,9/12479.97,10/12479.97,11/12479.97;0/0,1/0,2/0,3/0,4/0,5/0;0/6,1/0,2/9,3/5,4/6,5/0,6/2,7/1,8/4,9/3,10/1,11/5;0/0,1/0,2/0,3/0,4/0,5/0;0/12,1/8,2/13,3/10,4/13,5/10,6/16,7/6,8/6,9/16,10/6,11/16;0/0,1/0,2/0,3/0,4/0,5/0;0/4,1/4,2/3,3/4,4/4,5/4,6/4,7/3,8/3,9/4,10/4,11/4;0/81,1/82,2/68,3/67,4/67,5/84;0/223,1/212,2/189,3/208,4/235,5/223,6/236,7/182,8/187,9/206,10/235,11/230;0/519,1/513,2/426,3/416,4/418,5/526;0/1086,1/907,2/829,3/924,4/1015,5/1042,6/1004,7/868,8/823,9/949,10/1058,11/1017
12539.95;449;2580;6;12;0/7385.49,1/7444.53,2/8309.96,3/8408.92,4/8389.62,5/7316.06;0/1637.76,1/3419.39,2/4213.11,3/3259.95,4/2363.64,5/2064.47,6/2446.42,7/3807.01,8/4289.95,9/2997.68,10/1919.95,11/2347.18;0/12539.95,1/12539.95,2/12539.95,3/12539.95,4/12539.95,5/12539.95;0/12539.95,1/12539.95,2/12539.95,3/12539.95,4/12539.95,5/12539.95,6/12539.95,7/12539.95,8/12539.95,9/12539.95,10/12539.95,11/12539.95;0/0,1/0,2/0,3/0,4/0,5/0;0/4,1/0,2/4,3/3,4/2,5/2,6/5,7/2,8/6,9/2,10/7,11/3;0/0,1/0,2/0,3/0,4/0,5/0;0/9,1/6,2/13,3/13,4/13,5/8,6/15,7/8,8/12,9/10,10/17,11/13;0/0,1/0,2/0,3/0,4/0,5/0;0/4,1/4,2/3,3/4,4/4,5/4,6/4,7/3,8/3,9/4,10/4,11/4;0/81,1/82,2/68,3/67,4/67,5/84;0/225,1/212,2/190,3/209,4/237,5/224,6/237,7/183,8/189,9/207,10/236,11/231;0/519,1/513,2/426,3/416,4/418,5/526;0/1091,1/913,2/833,3/928,4/1018,5/1048,6/1010,7/874,8/825,9/955,10/1062,11/1020
12599.67;449;2590;6;12;0/7445.21,1/7504.24,2/8369.68,3/8468.64,4/8449.34,5/7375.78;0/1649.67,1/3419.67,2/4220.5,3/3301.46,4/2379.67,5/2064.68,6/2446.52,7/3807.26,8/4299.05,9/2997.88,10/1940.97,11/2347.26;0/12599.67,1/12599.67,2/12599.67,3/12599.67,4/12599.67,5/12599.67;0/12599.67,1/12599.67,2/12599.67,3/12599.67,4/12599.67,5/12599.67,6/12599.67,7/12599.67,8/12599.67,9/12599.67,10/12599.67,11/12599.67;0/0,1/0,2/0,3/0,4/0,5/0;0/5,1/2,2/4,3/2,4/2,5/1,6/2,7/4,8/4,9/1,10/3,11/2;0/0,1/0,2/0,3/0,4/0,5/0;0/11,1/8,2/12,3/11,4/16,5/5,6/10,7/9,8/9,9/5,10/13,11/8;0/0,1/0,2/0,3/0,4/0,5/0;0/4,1/4,2/3,3/4,4/4,5/4,6/4,7/3,8/3,9/4,10/4,11/4;0/81,1/82,2/68,3/67,4/67,5/84;0/226,1/213,2/191,3/211,4/237,5/225,6/237,7/184,8/190,9/208,10/237,11/231;0/519,1/513,2/426,3/416,4/418,5/526;0/1095,1/918,2/838,3/930,4/1022,5/1054,6/1016,7/880,8/831,9/961,10/1066,11/1026
12659.99;449;2608;6;12;0/7505.53,1/7564.56,2/8430,3/8528.95,4/8509.66,5/7436.1;0/1663.49,1/3439.99,2/4220.79,3/3301.9,4/2394.95,5/2079.99,6/2469.04,7/3809.48,8/4299.15,9/2998.28,10/1942.96,11/2347.55;0/12659.99,1/12659.99,2/12659.99,3/12659.99,4/12659.99,5/12659.99;0/12659.99,1/12659.99,2/12659.99,3/12659.99,4/12659.99,5/12659.99,6/12659.99,7/12659.99,8/12659.99,9/12659.99,10/12659.99,11/12659.99;0/0,1/0,2/0,3/0,4/0,5/0;0/5,1/2,2/3,3/1,4/2,5/0,6/1,7/8,8/4,9/0,10/3,11/5;0/0,1/0,2/0,3/0,4/0,5/0;0/11,1/11,2/10,3/9,4/13,5/6,6/12,7/14,8/5,9/7,10/15,11/14;0/0,1/0,2/0,3/0,4/0,5/0;0/4,1/4,2/3,3/4,4/4,5/4,6/4,7/3,8/3,9/4,10/4,11/4;0/81,1/82,2/68,3/67,4/67,5/84;0/228,1/214,2/191,3/212,4/239,5/226,6/239,7/186,8/192,9/210,10/239,11/232;0/519,1/513,2/426,3/416,4/418,5/526;0/1100,1/922,2/844,3/936,4/1027,5/1058,6/1020,7/886,8/837,9/967,10/1072,11/1032
12719.96;449;2620;6;12;0/7565.49,1/7624.53,2/8489.96,3/8588.92,4/8569.63,5/7496.07;0/1667.2,1/3449.96,2/4221.18,3/3309.96,4/2395.06,5/2080.42,6/2469.45,7/3809.96,8/4349.96,9/2998.6,10/1943.18,11/2347.68;0/12719.96,1/12719.96,2/12719.96,3/12719.96,4/12719.96,5/12719.96;0/12719.96,1/12719.96,2/12719.96,3/12719.96,4/12719.96,5/12719.96,6/12719.96,7/12719.96,8/12719.96,9/12719.96,10/12719.96,11/12719.96;0/0,1/0,2/0,3/0,4/0,5/0;0/3,1/1,2/3,3/3,4/1,5/4,6/0,7/10,8/2,9/5,10/1,11/2;0/0,1/0,2/0,3/0,4/0,5/0;0/9,1/12,2/9,3/13,4/13,5/12,6/8,7/15,8/6,9/13,10/15,11/10;0/0,1/0,2/0,3/0,4/0,5/0;0/4,1/4,2/3,3/4,4/4,5/4,6/4,7/3,8/3,9/4,10/4,11/4;0/81,1/82,2/68,3/67,4/67,5/84;0/229,1/216,2/192,3/214,4/239,5/228,6/240,7/186,8/192,9/211,10/240,11/233;0/519,1/513,2/426,3/416,4/418,5/526;0/1106,1/928,2/850,3/941,4/1033,5/1064,6/1026,7/891,8/837,9/973,10/1078,11/1038
12779.99;449;2635;6;12;0/7625.53,1/7684.56,2/8550,3/8648.96,4/8629.66,5/7556.1;0/1676.91,1/3450.12,2/4221.93,3/3320.21,4/2395.44,5/2099.99,6/2469.66,7/3822.69,8/4389.99,9/3019.99,10/1943.38,11/2348.32;0/12779.99,1/12779.99,2/12779.99,3/12779.99,4/12779.99,5/12779.99;0/12779.99,1/12779.99,2/12779.99,3/12779.99,4/12779.99,5/12779.99,6/12779.99,7/12779.99,8/12779.99,9/12779.99,10/12779.99,11/12779.99;0/0,1/0,2/0,3/0,4/0,5/0;0/6,1/0,2/3,3/3,4/0,5/3,6/1,7/7,8/3,9/3,10/2,11/1;0/0,1/0,2/0,3/0,4/0,5/0;0/14,1/10,2/6,3/13,4/11,5/16,6/11,7/12,8/8,9/13,10/14,11/13;0/0,1/0,2/0,3/0,4/0,5/0;0/4,1/4,2/3,3/4,4/4,5/4,6/4,7/3,8/3,9/4,10/4,11/4;0/81,1/82,2/68,3/67,4/67,5/84;0/231,1/217,2/193,3/215,4/241,5/229,6/241,7/188,8/193,9/212,10/241,11/234;0/519,1/513,2/426,3/416,4/418,5/526;0/1111,1/933,2/856,3/946,4/1039,5/1068,6/1032,7/896,8/839,9/976,10/1084,11/1044
12839.99;449;2649;6;12;0/7685.52,1/7744.56,2/8609.99,3/8708.95,4/8689.66,5/7616.1;0/1676.99,1/3450.55,2/4237.9,3/3320.59,4/2395.73,5/2109.99,6/2469.79,7/3822.97,8/4405.01,9/3031.48,10/1943.52,11/2348.55;0/12839.99,1/12839.99,2/12839.99,3/12839.99,4/12839.99,5/12839.99;0/12839.99,1/12839.99,2/12839.99,3/12839.99,4/12839.99,5/12839.99,6/12839.99,7/12839.99,8/12839.99,9/12839.99,10/12839.99,11/12839.99;0/0,1/0,2/0,3/0,4/0,5/0;0/5,1/0,2/4,3/2,4/3,5/2,6/6,7/6,8/1,9/2,10/1,11/0;0/0,1/0,2/0,3/0,4/0,5/0;0/12,1/7,2/13,3/13,4/11,5/16,6/13,7/15,8/6,9/14,10/10,11/9;0/0,1/0,2/0,3/0,4/0,5/0;0/4,1/4,2/3,3/4,4/4,5/4,6/4,7/3,8/3,9/4,10/4,11/4;0/81,1/82,2/68,3/67,4/67,5/84;0/232,1/217,2/195,3/216,4/242,5/230,6/243,7/189,8/195,9/213,10/242,11/235;0/519,1/513,2/426,3/416,4/418,5/526;0/1117,1/939,2/861,3/952,4/1045,5/1073,6/1038,7/902,8/844,9/981,10/1090,11/1050
12899.91;449;2663;6;12;0/7745.45,1/7804.49,2/8669.92,3/8768.88,4/8749.58,5/7676.02;0/1699.12,1/3450.86,2/4238.15,3/3320.62,4/2395.93,5/2118.64,6/2470.04,7/3825.75,8/4427.25,9/3046.68,10/1945.1,11/2353.97;0/12899.91,1/12899.91,2/12899.91,3/12899.91,4/12899.91,5/12899.91;0/12899.91,1/12899.91,2/12899.91,3/12899.91,4/12899.91,5/12899.91,6/12899.91,7/12899.91,8/12899.91,9/12899.91,10/12899.91,11/12899.91;0/0,1/0,2/0,3/0,4/0,5/0;0/5,1/0,2/3,3/0,4/4,5/2,6/4,7/3,8/5,9/2,10/0,11/1;0/0,1/0,2/0,3/0,4/0,5/0;0/12,1/7,2/11,3/7,4/11,5/12,6/13,7/9,8/9,9/15,10/8,11/8;0/0,1/0,2/0,3/0,4/0,5/0;0/4,1/4,2/3,3/4,4/4,5/4,6/4,7/3,8/3,9/4,10/4,11/4;0/81,1/82,2/68,3/67,4/67,5/84;0/234,1/218,2/195,3/218,4/242,5/232,6/244,7/190,8/197,9/214,10/243,11/236;0/519,1/513,2/426,3/416,4/418,5/526;0/1121,1/945,2/867,3/958,4/1051,5/1079,6/1043,7/908,8/848,9/986,10/1096,11/1055
12959.88;449;2677;6;12;0/7805.42,1/7864.45,2/8729.89,3/8828.85,4/8809.55,5/7735.99;0/1709.75,1/3459.88,2/4238.32,3/3321.07,4/2396.75,5/2119.02,6/2503.23,7/3845.19,8/4459.88,9/3046.84,10/1945.46,11/2354.27;0/12959.88,1/12959.88,2/12959.88,3/12959.88,4/12959.88,5/12959.88;0/12959.88,1/12959.88,2/12959.88,3/12959.88,4/12959.88,5/12959.88,6/12959.88,7/12959.88,8/12959.88,9/12959.88,10/12959.88,11/12959.88;0/0,1/0,2/0,3/0,4/0,5/0;0/3,1/4,2/4,3/0,4/0,5/4,6/5,7/5,8/2,9/6,10/4,11/3;0/0,1/0,2/0,3/0,4/0,5/0;0/11,1/14,2/11,3/8,4/14,5/13,6/12,7/12,8/10,9/14,10/14,11/10;0/0,1/0,2/0,3/0,4/0,5/0;0/4,1/4,2/3,3/4,4/4,5/4,6/4,7/3,8/3,9/4,10/4,11/4;0/81,1/82,2/68,3/67,4/67,5/84;0/236,1/219,2/196,3/219,4/244,5/233,6/245,7/191,8/197,9/215,10/245,11/237;0/519,1/513,2/426,3/416,4/418,5/526;0/1126,1/950,2/873,3/964,4/1057,5/1085,6/1046,7/912,8/850,9/992,10/1102,11/1061
13019.99;449;2692;6;12;0/7865.53,1/7924.56,2/8790,3/8888.96,4/8869.66,5/7796.1;0/1709.99,1/3482.85,2/4239.99,3/3321.49,4/2396.96,5/2119.21,6/2503.58,7/3845.47,8/4478.14,9/3047.05,10/1945.88,11/2354.86;0/13019.99,1/13019.99,2/13019.99,3/13019.99,4/13019.99,5/13019.99;0/13019.99,1/13019.99,2/13019.99,3/13019.99,4/13019.99,5/13019.99,6/13019.99,7/13019.99,8/13019.99,9/13019.99,10/13019.99,11/13019.99;0/0,1/0,2/0,3/0,4/0,5/0;0/3,1/2,2/5,3/5,4/0,5/0,6/3,7/7,8/3,9/3,10/2,11/3;0/0,1/0,2/0,3/0,4/0,5/0;0/11,1/12,2/10,3/14,4/10,5/10,6/11,7/13,8/8,9/14,10/12,11/15;0/0,1/0,2/0,3/0,4/0,5/0;0/4,1/4,2/3,3/4,4/4,5/4,6/4,7/3,8/3,9/4,10/4,11/4;0/81,1/82,2/68,3/67,4/67,5/84;0/238,1/220,2/197,3/220,4/245,5/234,6/247,7/192,8/198,9/216,10/246,11/239;0/519,1/513,2/426,3/416,4/418,5/526;0/1132,1/954,2/878,3/970,4/1063,5/1091,6/1052,7/918,8/855,9/998,10/1108,11/1067
13079.76;449;2704;6;12;0/7925.29,1/7984.33,2/8849.76,3/8948.72,4/8929.43,5/7855.87;0/1710.28,1/3482.9,2/4276.55,3/3338.45,4/2397.13,5/2129.76,6/2531.05,7/3857.39,8/4478.83,9/3047.18,10/1949.76,11/2355;0/13079.76,1/13079.76,2/13079.76,3/13079.76,4/13079.76,5/13079.76;0/13079.76,1/13079.76,2/13079.76,3/13079.76,4/13079.76,5/13079.76,6/13079.76,7/13079.76,8/13079.76,9/13079.76,10/13079.76,11/13079.76;0/0,1/0,2/0,3/0,4/0,5/0;0/1,1/2,2/3,3/5,4/0,5/3,6/4,7/5,8/7,9/3,10/1,11/3;0/0,1/0,2/0,3/0,4/0,5/0;0/16,1/7,2/10,3/20,4/8,5/13,6/15,7/10,8/10,9/12,10/10,11/14;0/0,1/0,2/0,3/0,4/0,5/0;0/4,1/4,2/3,3/4,4/4,5/4,6/4,7/3,8/3,9/4,10/4,11/4;0/81,1/82,2/68,3/67,4/67,5/84;0/238,1/221,2/198,3/222,4/245,5/235,6/248,7/193,8/200,9/218,10/246,11/240;0/519,1/513,2/426,3/416,4/418,5/526;0/1137,1/960,2/881,3/975,4/1069,5/1095,6/1055,7/923,8/861,9/1004,10/1113,11/1073
13139.99;449;2717;6;12;0/7985.53,1/8044.56,2/8910,3/9008.96,4/8989.66,5/7916.1;0/1710.53,1/3483.46,2/4276.86,3/3346.18,4/2397.58,5/2131.41,6/2546.76,7/3879.99,8/4499.99,9/3047.45,10/1962.57,11/2355.13;0/13139.99,1/13139.99,2/13139.99,3/13139.99,4/13139.99,5/13139.99;0/13139.99,1/13139.99,2/13139.99,3/13139.99,4/13139.99,5/13139.99,6/13139.99,7/13139.99,8/13139.99,9/13139.99,10/13139.99,11/13139.99;0/0,1/0,2/0,3/0,4/0,5/0;0/0,1/3,2/3,3/3,4/0,5/6,6/6,7/4,8/4,9/2,10/3,11/3;0/0,1/0,2/0,3/0,4/0,5/0;0/12,1/9,2/9,3/20,4/10,5/13,6/16,7/9,8/9,9/12,10/9,11/12;0/0,1/0,2/0,3/0,4/0,5/0;0/4,1/4,2/3,3/4,4/4,5/4,6/4,7/3,8/3,9/4,10/4,11/4;0/81,1/82,2/68,3/67,4/67,5/84;0/239,1/223,2/200,3/223,4/246,5/237,6/249,7/193,8/200,9/219,10/248,11/240;0/519,1/513,2/426,3/416,4/418,5/526;0/1143,1/966,2/887,3/980,4/1075,5/1101,6/1060,7/926,8/864,9/1010,10/1118,11/1079
13199.92;449;2729;6;12;0/8045.46,1/8104.5,2/8969.93,3/9068.89,4/9049.59,5/7976.03;0/1710.7,1/3506.21,2/4277.23,3/3346.28,4/2400.46,5/2131.8,6/2547.1,7/3929.62,8/4535.5,9/3082.25,10/1963.31,11/2355.29;0/13199.92,1/13199.92,2/13199.92,3/13199.92,4/13199.92,5/13199.92;0/13199.92,1/13199.92,2/13199.92,3/13199.92,4/13199.92,5/13199.92,6/13199.92,7/13199.92,8/13199.92,9/13199.92,10/13199.92,11/13199.92;0/0,1/0,2/0,3/0,4/0,5/0;0/0,1/7,2/4,3/3,4/0,5/0,6/3,7/3,8/5,9/1,10/1,11/4;0/0,1/0,2/0,3/0,4/0,5/0;0/9,1/12,2/10,3/16,4/8,5/13,6/12,7/7,8/15,9/10,10/13,11/9;0/0,1/0,2/0,3/0,4/0,5/0;0/4,1/4,2/3,3/4,4/4,5/4,6/4,7/3,8/3,9/4,10/4,11/4;0/81,1/82,2/68,3/67,4/67,5/84;0/240,1/224,2/200,3/223,4/247,5/238,6/251,7/195,8/201,9/220,10/249,11/241;0/519,1/513,2/426,3/416,4/418,5/526;0/1149,1/970,2/893,3/986,4/1080,5/1107,6/1066,7/928,8/867,9/1012,10/1124,11/1085
13259.9;449;2746;6;12;0/8105.44,1/8164.47,2/9029.91,3/9128.86,4/9109.57,5/8036.01;0/1711.29,1/3526.38,2/4309.9,3/3346.43,4/2400.92,5/2135.6,6/2547.56,7/3945.51,8/4543.61,9/3082.69,10/1974.23,11/2364.1;0/13259.9,1/13259.9,2/13259.9,3/13259.9,4/13259.9,5/13259.9;0/13259.9,1/13259.9,2/13259.9,3/13259.9,4/13259.9,5/13259.9,6/13259.9,7/13259.9,8/13259.9,9/13259.9,10/13259.9,11/13259.9;0/0,1/0,2/0,3/0,4/0,5/0;0/0,1/7,2/3,3/1,4/0,5/0,6/1,7/2,8/6,9/5,10/5,11/4;0/0,1/0,2/0,3/0,4/0,5/0;0/12,1/12,2/13,3/12,4/8,5/9,6/13,7/6,8/14,9/15,10/14,11/11;0/0,1/0,2/0,3/0,4/0,5/0;0/4,1/4,2/3,3/4,4/4,5/4,6/4,7/3,8/3,9/4,10/4,11/4;0/81,1/82,2/68,3/67,4/67,5/84;0/241,1/226,2/201,3/225,4/248,5/239,6/252,7/197,8/203,9/221,10/250,11/243;0/519,1/513,2/426,3/416,4/418,5/526;0/1155,1/974,2/895,3/992,4/1086,5/1113,6/1072,7/932,8/872,9/1018,10/1129,11/1090
13319.98;449;2757;6;12;0/8165.52,1/8224.56,2/9089.99,3/9188.95,4/9169.65,5/8096.09;0/1711.52,1/3529.98,2/4310.61,3/3346.57,4/2401.4,5/2135.85,6/2590.61,7/3969.98,8/4543.7,9/3082.8,10/1975.24,11/2413.37;0/13319.98,1/13319.98,2/13319.98,3/13319.98,4/13319.98,5/13319.98;0/13319.98,1/13319.98,2/13319.98,3/13319.98,4/13319.98,5/13319.98,6/13319.98,7/13319.98,8/13319.98,9/13319.98,10/13319.98,11/13319.98;0/0,1/0,2/0,3/0,4/0,5/0;0/0,1/4,2/5,3/0,4/1,5/0,6/1,7/3,8/4,9/2,10/4,11/0;0/0,1/0,2/0,3/0,4/0,5/0;0/10,1/10,2/13,3/8,4/14,5/7,6/16,7/9,8/8,9/11,10/14,11/10;0/0,1/0,2/0,3/0,4/0,5/0;0/4,1/4,2/3,3/4,4/4,5/4,6/4,7/3,8/3,9/4,10/4,11/4;0/81,1/82,2/68,3/67,4/67,5/84;0/242,1/228,2/202,3/226,4/249,5/240,6/253,7/197,8/203,9/222,10/251,11/244;0/519,1/513,2/426,3/416,4/418,5/526;0/1161,1/979,2/901,3/998,4/1092,5/1119,6/1073,7/935,8/878,9/1024,10/1135,11/1091
13379.96;449;2772;6;12;0/8225.49,1/8284.53,2/9149.97,3/9248.92,4/9229.63,5/8156.07;0/1711.74,1/3554.87,2/4312.31,3/3347.31,4/2401.62,5/2136.33,6/2590.75,7/3991.83,8/4549.83,9/3083.02,10/1975.45,11/2413.79;0/13379.96,1/13379.96,2/13379.96,3/13379.96,4/13379.96,5/13379.96;0/13379.96,1/13379.96,2/13379.96,3/13379.96,4/13379.96,5/13379.96,6/13379.96,7/13379.96,8/13379.96,9/13379.96,10/13379.96,11/13379.96;0/0,1/0,2/0,3/0,4/0,5/0;0/0,1/4,2/8,3/2,4/2,5/3,6/0,7/3,8/4,9/2,10/5,11/1;0/0,1/0,2/0,3/0,4/0,5/0;0/8,1/11,2/14,3/7,4/14,5/9,6/13,7/7,8/8,9/9,10/12,11/11;0/0,1/0,2/0,3/0,4/0,5/0;0/4,1/4,2/3,3/4,4/4,5/4,6/4,7/3,8/3,9/4,10/4,11/4;0/81,1/82,2/68,3/67,4/67,5/84;0/243,1/229,2/204,3/227,4/250,5/240,6/254,7/199,8/204,9/224,10/253,11/245;0/519,1/513,2/426,3/416,4/418,5/526;0/1167,1/983,2/907,3/1004,4/1098,5/1125,6/1079,7/939,8/884,9/1030,10/1141,11/1097
13439.99;449;2782;6;12;0/8285.53,1/8344.57,2/9210,3/9308.96,4/9289.66,5/8216.1;0/1712.31,1/3555.4,2/4339.99,3/3347.68,4/2401.87,5/2174.93,6/2591.39,7/4013.44,8/4550.08,9/3089.99,10/1995.44,11/2414.01;0/13439.99,1/13439.99,2/13439.99,3/13439.99,4/13439.99,5/13439.99;0/13439.99,1/13439.99,2/13439.99,3/13439.99,4/13439.99,5/13439.99,6/13439.99,7/13439.99,8/13439.99,9/13439.99,10/13439.99,11/13439.99;0/0,1/0,2/0,3/0,4/0,5/0;0/4,1/4,2/4,3/6,4/0,5/0,6/0,7/1,8/4,9/2,10/5,11/3;0/0,1/0,2/0,3/0,4/0,5/0;0/14,1/10,2/11,3/16,4/10,5/9,6/10,7/9,8/8,9/10,10/12,11/10;0/0,1/0,2/0,3/0,4/0,5/0;0/4,1/4,2/3,3/4,4/4,5/4,6/4,7/3,8/3,9/4,10/4,11/4;0/81,1/82,2/68,3/67,4/67,5/84;0/243,1/230,2/204,3/228,4/251,5/241,6/255,7/200,8/206,9/225,10/254,11/245;0/519,1/513,2/426,3/416,4/418,5/526;0/1173,1/989,2/910,3/1010,4/1104,5/1127,6/1085,7/943,8/889,9/1035,10/1145,11/1103
13499.99;449;2794;6;12;0/8345.53,1/8404.57,2/9270,3/9368.96,4/9349.66,5/8276.1;0/1712.54,1/3555.53,2/4343.87,3/3348.06,4/2402.36,5/2175.2,6/2591.67,7/4042.9,8/4559.99,9/3109.33,10/1996.75,11/2414.32;0/13499.99,1/13499.99,2/13499.99,3/13499.99,4/13499.99,5/13499.99;0/13499.99,1/13499.99,2/13499.99,3/13499.99,4/13499.99,5/13499.99,6/13499.99,7/13499.99,8/13499.99,9/13499.99,10/13499.99,11/13499.99;0/0,1/0,2/0,3/0,4/0,5/0;0/5,1/2,2/4,3/6,4/1,5/5,6/0,7/1,8/4,9/5,10/5,11/0;0/0,1/0,2/0,3/0,4/0,5/0;0/16,1/9,2/9,3/14,4/16,5/14,6/7,7/11,8/8,9/11,10/16,11/7;0/0,1/0,2/0,3/0,4/0,5/0;0/4,1/4,2/3,3/4,4/4,5/4,6/4,7/3,8/3,9/4,10/4,11/4;0/81,1/82,2/68,3/67,4/67,5/84;0/243,1/231,2/206,3/229,4/252,5/242,6/255,7/201,8/206,9/227,10/255,11/247;0/519,1/513,2/426,3/416,4/418,5/526;0/1179,1/995,2/916,3/1016,4/1110,5/1133,6/1091,7/946,8/894,9/1040,10/1151,11/1109
13559.89;449;2810;6;12;0/8405.43,1/8464.47,2/9329.9,3/9428.86,4/9409.56,5/8336;0/1712.76,1/3580.21,2/4344.38,3/3353.87,4/2402.54,5/2175.33,6/2591.94,7/4043.55,8/4576.89,9/3109.89,10/1996.89,11/2426.46;0/13559.89,1/13559.89,2/13559.89,3/13559.89,4/13559.89,5/13559.89;0/13559.89,1/13559.89,2/13559.89,3/13559.89,4/13559.89,5/13559.89,6/13559.89,7/13559.89,8/13559.89,9/13559.89,10/13559.89,11/13559.89;0/0,1/0,2/0,3/0,4/0,5/0;0/5,1/2,2/2,3/5,4/9,5/2,6/2,7/2,8/4,9/3,10/4,11/7;0/0,1/0,2/0,3/0,4/0,5/0;0/14,1/13,2/7,3/17,4/22,5/10,6/9,7/8,8/9,9/16,10/12,11/14;0/0,1/0,2/0,3/0,4/0,5/0;0/4,1/4,2/3,3/4,4/4,5/4,6/4,7/3,8/3,9/4,10/4,11/4;0/81,1/82,2/68,3/67,4/67,5/84;0/244,1/233,2/207,3/230,4/253,5/244,6/257,7/201,8/208,9/228,10/256,11/249;0/519,1/513,2/426,3/416,4/418,5/526;0/1185,1/998,2/922,3/1021,4/1116,5/1139,6/1097,7/952,8/899,9/1045,10/1157,11/1114
13619.63;449;2821;6;12;0/8465.17,1/8524.21,2/9389.64,3/9488.6,4/9469.3,5/8395.74;0/1712.89,1/3580.51,2/4352.32,3/3354.05,4/2402.61,5/2175.89,6/2592.11,7/4043.87,8/4629.63,9/3117.03,10/1997.03,11/2449.63;0/13619.63,1/13619.63,2/13619.63,3/13619.63,4/13619.63,5/13619.63;0/13619.63,1/13619.63,2/13619.63,3/13619.63,4/13619.63,5/13619.63,6/13619.63,7/13619.63,8/13619.63,9/13619.63,10/13619.63,11/13619.63;0/0,1/0,2/0,3/0,4/0,5/0;0/3,1/3,2/4,3/3,4/4,5/13,6/0,7/5,8/1,9/4,10/2,11/2;0/0,1/0,2/0,3/0,4/0,5/0;0/11,1/13,2/7,3/12,4/19,5/24,6/8,7/9,8/10,9/15,10/10,11/14;0/0,1/0,2/0,3/0,4/0,5/0;0/4,1/4,2/3,3/4,4/4,5/4,6/4,7/3,8/3,9/4,10/4,11/4;0/81,1/82,2/68,3/67,4/67,5/84;0/245,1/234,2/209,3/231,4/254,5/244,6/258,7/202,8/208,9/230,10/257,11/249;0/519,1/513,2/426,3/416,4/418,5/526;0/1191,1/1004,2/927,3/1027,4/1122,5/1145,6/1103,7/958,8/899,9/1051,10/1163,11/1117
13679.97;449;2835;6;12;0/8525.5,1/8584.54,2/9449.97,3/9548.93,4/9529.64,5/8456.08;0/1713.12,1/3580.73,2/4381.85,3/3354.47,4/2402.93,5/2176.06,6/2592.3,7/4069.97,8/4632.48,9/3117.2,10/1997.47,11/2463.49;0/13679.97,1/13679.97,2/13679.97,3/13679.97,4/13679.97,5/13679.97;0/13679.97,1/13679.97,2/13679.97,3/13679.97,4/13679.97,5/13679.97,6/13679.97,7/13679.97,8/13679.97,9/13679.97,10/13679.97,11/13679.97;0/0,1/0,2/0,3/0,4/0,5/0;0/4,1/0,2/1,3/3,4/6,5/15,6/0,7/2,8/2,9/1,10/4,11/0;0/0,1/0,2/0,3/0,4/0,5/0;0/10,1/10,2/12,3/11,4/17,5/21,6/9,7/10,8/9,9/11,10/13,11/13;0/0,1/0,2/0,3/0,4/0,5/0;0/4,1/4,2/3,3/4,4/4,5/4,6/4,7/3,8/3,9/4,10/4,11/4;0/81,1/82,2/68,3/67,4/67,5/84;0/246,1/235,2/210,3/232,4/255,5/245,6/260,7/203,8/209,9/231,10/258,11/251;0/519,1/513,2/426,3/416,4/418,5/526;0/1197,1/1010,2/930,3/1033,4/1128,5/1151,6/1109,7/961,8/905,9/1057,10/1169,11/1122
13739.93;449;2852;6;12;0/8585.46,1/8644.5,2/9509.93,3/9608.89,4/9589.6,5/8516.04;0/1713.63,1/3581.39,2/4382.08,3/3361.48,4/2403.05,5/2179.93,6/2592.56,7/4121.71,8/4633.05,9/3117.5,10/1997.59,11/2463.86;0/13739.93,1/13739.93,2/13739.93,3/13739.93,4/13739.93,5/13739.93;0/13739.93,1/13739.93,2/13739.93,3/13739.93,4/13739.93,5/13739.93,6/13739.93,7/13739.93,8/13739.93,9/13739.93,10/13739.93,11/13739.93;0/0,1/0,2/0,3/0,4/0,5/0;0/5,1/7,2/0,3/4,4/5,5/9,6/1,7/2,8/6,9/1,10/2,11/0;0/0,1/0,2/0,3/0,4/0,5/0;0/11,1/17,2/11,3/12,4/14,5/18,6/11,7/9,8/13,9/8,10/7,11/12;0/0,1/0,2/0,3/0,4/0,5/0;0/4,1/4,2/3,3/4,4/4,5/4,6/4,7/3,8/3,9/4,10/4,11/4;0/81,1/82,2/68,3/67,4/67,5/84;0/248,1/236,2/211,3/234,4/256,5/247,6/261,7/204,8/211,9/233,10/259,11/252;0/519,1/513,2/426,3/416,4/418,5/526;0/1203,1/1016,2/936,3/1038,4/1134,5/1156,6/1115,7/962,8/911,9/1063,10/1175,11/1128
13799.88;449;2866;6;12;0/8645.41,1/8704.45,2/9569.88,3/9668.84,4/9649.55,5/8575.99;0/1764.49,1/3581.68,2/4382.6,3/3361.59,4/2403.11,5/2202.1,6/2592.74,7/4122.74,8/4633.6,9/3123.39,10/2002.51,11/2464.15;0/13799.88,1/13799.88,2/13799.88,3/13799.88,4/13799.88,5/13799.88;0/13799.88,1/13799.88,2/13799.88,3/13799.88,4/13799.88,5/13799.88,6/13799.88,7/13799.88,8/13799.88,9/13799.88,10/13799.88,11/13799.88;0/0,1/0,2/0,3/0,4/0,5/0;0/2,1/8,2/3,3/5,4/3,5/8,6/0,7/1,8/11,9/0,10/1,11/2;0/0,1/0,2/0,3/0,4/0,5/0;0/11,1/16,2/13,3/10,4/8,5/18,6/9,7/8,8/16,9/8,10/10,11/12;0/0,1/0,2/0,3/0,4/0,5/0;0/4,1/4,2/3,3/4,4/4,5/4,6/4,7/3,8/3,9/4,10/4,11/4;0/81,1/82,2/68,3/67,4/67,5/84;0/249,1/237,2/212,3/234,4/257,5/249,6/262,7/206,8/212,9/234,10/261,11/253;0/519,1/513,2/426,3/416,4/418,5/526;0/1204,1/1022,2/942,3/1044,4/1140,5/1160,6/1121,7/968,8/917,9/1068,10/1180,11/1134
13859.98;449;2881;6;12;0/8705.51,1/8764.55,2/9629.98,3/9728.94,4/9709.65,5/8636.09;0/1764.84,1/3581.84,2/4382.77,3/3367.95,4/2419.98,5/2204.39,6/2593.14,7/4123.14,8/4659.98,9/3123.59,10/2019.85,11/2464.43;0/13859.98,1/13859.98,2/13859.98,3/13859.98,4/13859.98,5/13859.98;0/13859.98,1/13859.98,2/13859.98,3/13859.98,4/13859.98,5/13859.98,6/13859.98,7/13859.98,8/13859.98,9/13859.98,10/13859.98,11/13859.98;0/0,1/0,2/0,3/0,4/0,5/0;0/3,1/2,2/5,3/3,4/1,5/4,6/0,7/2,8/3,9/0,10/4,11/1;0/0,1/0,2/0,3/0,4/0,5/0;0/11,1/12,2/15,3/11,4/8,5/14,6/7,7/8,8/13,9/8,10/16,11/10;0/0,1/0,2/0,3/0,4/0,5/0;0/4,1/4,2/3,3/4,4/4,5/4,6/4,7/3,8/3,9/4,10/4,11/4;0/81,1/82,2/68,3/67,4/67,5/84;0/250,1/239,2/212,3/237,4/259,5/250,6/263,7/207,8/212,9/234,10/263,11/255;0/519,1/513,2/426,3/416,4/418,5/526;0/1210,1/1028,2/948,3/1050,4/1144,5/1166,6/1127,7/974,8/920,9/1074,10/1185,11/1140
13919.98;449;2894;6;12;0/8765.51,1/8824.55,2/9689.99,3/9788.94,4/9769.65,5/8696.09;0/1765.02,1/3615.89,2/4382.91,3/3368.11,4/2458.46,5/2204.49,6/2593.61,7/4123.61,8/4672.18,9/3124.24,10/2020,11/2464.86;0/13919.98,1/13919.98,2/13919.98,3/13919.98,4/13919.98,5/13919.98;0/13919.98,1/13919.98,2/13919.98,3/13919.98,4/13919.98,5/13919.98,6/13919.98,7/13919.98,8/13919.98,9/13919.98,10/13919.98,11/13919.98;0/0,1/0,2/0,3/0,4/0,5/0;0/3,1/1,2/4,3/3,4/2,5/4,6/3,7/4,8/2,9/2,10/2,11/7;0/0,1/0,2/0,3/0,4/0,5/0;0/8,1/9,2/15,3/8,4/9,5/15,6/10,7/12,8/8,9/11,10/15,11/15;0/0,1/0,2/0,3/0,4/0,5/0;0/4,1/4,2/3,3/4,4/4,5/4,6/4,7/3,8/3,9/4,10/4,11/4;0/81,1/82,2/68,3/67,4/67,5/84;0/251,1/240,2/213,3/238,4/260,5/252,6/264,7/208,8/214,9/236,10/263,11/255;0/519,1/513,2/426,3/416,4/418,5/526;0/1216,1/1031,2/954,3/1056,4/1147,5/1172,6/1133,7/980,8/925,9/1080,10/1190,11/1146
13979.95;449;2909;6;12;0/8825.49,1/8884.52,2/9749.96,3/9848.92,4/9829.62,5/8756.06;0/1769.95,1/3616.15,2/4383.1,3/3368.36,4/2458.86,5/2204.86,6/2594.19,7/4149.95,8/4684.36,9/3124.81,10/2020.19,11/2465.11;0/13979.95,1/13979.95,2/13979.95,3/13979.95,4/13979.95,5/13979.95;0/13979.95,1/13979.95,2/13979.95,3/13979.95,4/13979.95,5/13979.95,6/13979.95,7/13979.95,8/13979.95,9/13979.95,10/13979.95,11/13979.95;0/0,1/0,2/0,3/0,4/0,5/0;0/8,1/4,2/4,3/3,4/4,5/2,6/2,7/1,8/3,9/1,10/3,11/6;0/0,1/0,2/0,3/0,4/0,5/0;0/14,1/13,2/12,3/6,4/11,5/15,6/13,7/9,8/7,9/13,10/14,11/16;0/0,1/0,2/0,3/0,4/0,5/0;0/4,1/4,2/3,3/4,4/4,5/4,6/4,7/3,8/3,9/4,10/4,11/4;0/81,1/82,2/68,3/67,4/67,5/84;0/253,1/242,2/214,3/240,4/262,5/252,6/264,7/208,8/215,9/237,10/265,11/257;0/519,1/513,2/426,3/416,4/418,5/526;0/1221,1/1037,2/960,3/1062,4/1153,5/1178,6/1139,7/983,8/930,9/1086,10/1196,11/1152
14039.98;449;2923;6;12;0/8885.52,1/8944.55,2/9809.99,3/9908.95,4/9889.65,5/8816.09;0/1779.98,1/3616.6,2/4383.21,3/3368.86,4/2459.98,5/2205.15,6/2614.28,7/4151.29,8/4684.81,9/3124.97,10/2020.51,11/2509.98;0/14039.98,1/14039.98,2/14039.98,3/14039.98,4/14039.98,5/14039.98;0/14039.98,1/14039.98,2/14039.98,3/14039.98,4/14039.98,5/14039.98,6/14039.98,7/14039.98,8/14039.98,9/14039.98,10/14039.98,11/14039.98;0/0,1/0,2/0,3/0,4/0,5/0;0/7,1/4,2/3,3/6,4/2,5/4,6/2,7/1,8/6,9/0,10/4,11/4;0/0,1/0,2/0,3/0,4/0,5/0;0/20,1/12,2/11,3/11,4/10,5/13,6/12,7/7,8/8,9/11,10/16,11/15;0/0,1/0,2/0,3/0,4/0,5/0;0/4,1/4,2/3,3/4,4/4,5/4,6/4,7/3,8/3,9/4,10/4,11/4;0/81,1/82,2/68,3/67,4/67,5/84;0/254,1/243,2/215,3/242,4/263,5/253,6/265,7/210,8/217,9/239,10/265,11/257;0/519,1/513,2/426,3/416,4/418,5/526;0/1226,1/1043,2/966,3/1068,4/1158,5/1184,6/1143,7/989,8/936,9/1092,10/1202,11/1153
14099.96;449;2935;6;12;0/8945.49,1/9004.53,2/9869.96,3/9968.92,4/9949.63,5/8876.07;0/1792.67,1/3635.16,2/4383.53,3/3399.96,4/2489.91,5/2205.32,6/2618.44,7/4151.93,8/4719.96,9/3125.32,10/2020.58,11/2519.11;0/14099.96,1/14099.96,2/14099.96,3/14099.96,4/14099.96,5/14099.96;0/14099.96,1/14099.96,2/14099.96,3/14099.96,4/14099.96,5/14099.96,6/14099.96,7/14099.96,8/14099.96,9/14099.96,10/14099.96,11/14099.96;0/0,1/0,2/0,3/0,4/0,5/0;0/4,1/5,2/5,3/3,4/3,5/1,6/4,7/5,8/3,9/0,10/3,11/5;0/0,1/0,2/0,3/0,4/0,5/0;0/17,1/12,2/8,3/14,4/11,5/9,6/14,7/7,8/11,9/10,10/11,11/15;0/0,1/0,2/0,3/0,4/0,5/0;0/4,1/4,2/3,3/4,4/4,5/4,6/4,7/3,8/3,9/4,10/4,11/4;0/81,1/82,2/68,3/67,4/67,5/84;0/255,1/244,2/216,3/242,4/264,5/255,6/266,7/211,8/217,9/240,10/266,11/259;0/519,1/513,2/426,3/416,4/418,5/526;0/1231,1/1047,2/972,3/1070,4/1162,5/1190,6/1149,7/995,8/938,9/1098,10/1208,11/1159
14159.97;449;2951;6;12;0/9005.51,1/9064.54,2/9929.98,3/10028.94,4/10009.64,5/8936.08;0/1793.37,1/3652.2,2/4409.97,3/3425.35,4/2490.57,5/2209.97,6/2618.72,7/4199.97,8/4724.18,9/3125.79,10/2021.23,11/2519.3;0/14159.97,1/14159.97,2/14159.97,3/14159.97,4/14159.97,5/14159.97;0/14159.97,1/14159.97,2/14159.97,3/14159.97,4/14159.97,5/14159.97,6/14159.97,7/14159.97,8/14159.97,9/14159.97,10/14159.97,11/14159.97;0/0,1/0,2/0,3/0,4/0,5/0;0/5,1/2,2/4,3/3,4/2,5/0,6/5,7/1,8/4,9/0,10/2,11/6;0/0,1/0,2/0,3/0,4/0,5/0;0/16,1/9,2/9,3/13,4/13,5/10,6/14,7/10,8/8,9/11,10/8,11/15;0/0,1/0,2/0,3/0,4/0,5/0;0/4,1/4,2/3,3/4,4/4,5/4,6/4,7/3,8/3,9/4,10/4,11/4;0/81,1/82,2/68,3/67,4/67,5/84;0/257,1/246,2/217,3/244,4/266,5/255,6/267,7/211,8/219,9/240,10/268,11/261;0/519,1/513,2/426,3/416,4/418,5/526;0/1237,1/1051,2/975,3/1074,4/1167,5/1195,6/1155,7/996,8/944,9/1104,10/1214,11/1165
14219.99;449;2966;6;12;0/9065.52,1/9124.56,2/9990,3/10088.95,4/10069.66,5/8996.1;0/1793.39,1/3689.99,2/4416.99,3/3425.4,4/2490.98,5/2212.45,6/2620.62,7/4237.44,8/4739.99,9/3126.16,10/2030.44,11/2519.53;0/14219.99,1/14219.99,2/14219.99,3/14219.99,4/14219.99,5/14219.99;0/14219.99,1/14219.99,2/14219.99,3/14219.99,4/14219.99,5/14219.99,6/14219.99,7/14219.99,8/14219.99,9/14219.99,10/14219.99,11/14219.99;0/0,1/0,2/0,3/0,4/0,5/0;0/4,1/1,2/11,3/0,4/3,5/0,6/2,7/3,8/3,9/0,10/2,11/6;0/0,1/0,2/0,3/0,4/0,5/0;0/10,1/11,2/16,3/7,4/11,5/6,6/9,7/11,8/11,9/9,10/10,11/13;0/0,1/0,2/0,3/0,4/0,5/0;0/4,1/4,2/3,3/4,4/4,5/4,6/4,7/3,8/3,9/4,10/4,11/4;0/81,1/82,2/68,3/67,4/67,5/84;0/258,1/246,2/218,3/245,4/268,5/257,6/268,7/212,8/220,9/241,10/270,11/263;0/519,1/513,2/426,3/416,4/418,5/526;0/1243,1/1053,2/981,3/1080,4/1173,5/1201,6/1160,7/999,8/948,9/1110,10/1219,11/1171
14280;449;2981;6;12;0/9125.53,1/9184.57,2/10050,3/10148.96,4/10129.67,5/9056.1;0/1798.16,1/3693.46,2/4440,3/3426.16,4/2491.22,5/2212.79,6/2621.22,7/4237.79,8/4758.2,9/3126.79,10/2030.58,11/2520;0/14280,1/14280,2/14280,3/14280,4/14280,5/14280;0/14280,1/14280,2/14280,3/14280,4/14280,5/14280,6/14280,7/14280,8/14280,9/14280,10/14280,11/14280;0/0,1/0,2/0,3/0,4/0,5/0;0/3,1/0,2/8,3/2,4/2,5/4,6/3,7/6,8/3,9/1,10/1,11/9;0/0,1/0,2/0,3/0,4/0,5/0;0/5,1/10,2/18,3/13,4/9,5/11,6/8,7/13,8/8,9/9,10/5,11/16;0/0,1/0,2/0,3/0,4/0,5/0;0/4,1/4,2/3,3/4,4/4,5/4,6/4,7/3,8/3,9/4,10/4,11/4;0/81,1/82,2/68,3/67,4/67,5/84;0/260,1/248,2/219,3/247,4/268,5/258,6/270,7/213,8/221,9/242,10/271,11/264;0/519,1/513,2/426,3/416,4/418,5/526;0/1249,1/1059,2/984,3/1086,4/1179,5/1207,6/1166,7/1005,8/953,9/1116,10/1225,11/1177
14339.97;449;2994;6;12;0/9185.5,1/9244.54,2/10109.97,3/10208.93,4/10189.64,5/9116.08;0/1849.97,1/3693.71,2/4452.9,3/3426.38,4/2491.73,5/2229.97,6/2621.82,7/4237.97,8/4769.97,9/3127.41,10/2031.02,11/2549.97;0/14339.97,1/14339.97,2/14339.97,3/14339.97,4/14339.97,5/14339.97;0/14339.97,1/14339.97,2/14339.97,3/14339.97,4/14339.97,5/14339.97,6/14339.97,7/14339.97,8/14339.97,9/14339.97,10/14339.97,11/14339.97;0/0,1/0,2/0,3/0,4/0,5/0;0/0,1/2,2/4,3/5,4/1,5/1,6/2,7/8,8/3,9/0,10/3,11/5;0/0,1/0,2/0,3/0,4/0,5/0;0/6,1/11,2/13,3/17,4/7,5/11,6/9,7/11,8/7,9/9,10/8,11/14;0/0,1/0,2/0,3/0,4/0,5/0;0/4,1/4,2/3,3/4,4/4,5/4,6/4,7/3,8/3,9/4,10/4,11/4;0/81,1/82,2/68,3/67,4/67,5/84;0/260,1/250,2/220,3/248,4/270,5/259,6/271,7/214,8/222,9/243,10/273,11/264;0/519,1/513,2/426,3/416,4/418,5/526;0/1249,1/1065,2/989,3/1092,4/1185,5/1211,6/1172,7/1011,8/957,9/1122,10/1231,11/1179
14399.99;449;3009;6;12;0/9245.52,1/9304.56,2/10169.99,3/10268.95,4/10249.66,5/9176.1;0/1865.77,1/3694.4,2/4458.46,3/3426.5,4/2492.15,5/2253.92,6/2641.53,7/4269.53,8/4802.11,9/3127.68,10/2065.92,11/2559.12;0/14399.99,1/14399.99,2/14399.99,3/14399.99,4/14399.99,5/14399.99;0/14399.99,1/14399.99,2/14399.99,3/14399.99,4/14399.99,5/14399.99,6/14399.99,7/14399.99,8/14399.99,9/14399.99,10/14399.99,11/14399.99;0/0,1/0,2/0,3/0,4/0,5/0;0/0,1/6,2/4,3/5,4/1,5/2,6/3,7/4,8/3,9/0,10/0,11/8;0/0,1/0,2/0,3/0,4/0,5/0;0/8,1/13,2/9,3/13,4/7,5/11,6/13,7/10,8/7,9/8,10/8,11/16;0/0,1/0,2/0,3/0,4/0,5/0;0/4,1/4,2/3,3/4,4/4,5/4,6/4,7/3,8/3,9/4,10/4,11/4;0/81,1/82,2/68,3/67,4/67,5/84;0/261,1/250,2/222,3/249,4/271,5/261,6/272,7/215,8/223,9/245,10/274,11/266;0/519,1/513,2/426,3/416,4/418,5/526;0/1254,1/1071,2/995,3/1098,4/1191,5/1215,6/1176,7/1014,8/960,9/1128,10/1234,11/1185
14460;449;3023;6;12;0/9305.53,1/9364.57,2/10230,3/10328.96,4/10309.67,5/9236.11;0/1866.49,1/3700,2/4470,3/3426.95,4/2492.56,5/2260,6/2641.69,7/4292.13,8/4820,9/3128.48,10/2074.46,11/2559.22;0/14460,1/14460,2/14460,3/14460,4/14460,5/14460;0/14460,1/14460,2/14460,3/14460,4/14460,5/14460,6/14460,7/14460,8/14460,9/14460,10/14460,11/14460;0/0,1/0,2/0,3/0,4/0,5/0;0/4,1/3,2/4,3/4,4/2,5/8,6/4,7/3,8/8,9/4,10/0,11/7;0/0,1/0,2/0,3/0,4/0,5/0;0/12,1/14,2/12,3/10,4/10,5/17,6/12,7/7,8/11,9/9,10/7,11/12;0/0,1/0,2/0,3/0,4/0,5/0;0/4,1/4,2/3,3/4,4/4,5/4,6/4,7/3,8/3,9/4,10/4,11/4;0/81,1/82,2/68,3/67,4/67,5/84;0/263,1/252,2/222,3/250,4/272,5/261,6/274,7/216,8/224,9/246,10/276,11/267;0/519,1/513,2/426,3/416,4/418,5/526;0/1260,1/1076,2/999,3/1104,4/1197,5/1220,6/1182,7/1017,8/964,9/1134,10/1239,11/1191
14519.98;449;3038;6;12;0/9365.51,1/9424.55,2/10289.98,3/10388.94,4/10369.65,5/9296.08;0/1866.84,1/3718.94,2/4487.91,3/3428.39,4/2492.78,5/2266.93,6/2641.93,7/4292.36,8/4842.93,9/3139.98,10/2075.12,11/2599.98;0/14519.98,1/14519.98,2/14519.98,3/14519.98,4/14519.98,5/14519.98;0/14519.98,1/14519.98,2/14519.98,3/14519.98,4/14519.98,5/14519.98,6/14519.98,7/14519.98,8/14519.98,9/14519.98,10/14519.98,11/14519.98;0/0,1/0,2/0,3/0,4/0,5/0;0/3,1/1,2/4,3/5,4/2,5/8,6/6,7/4,8/3,9/6,10/1,11/6;0/0,1/0,2/0,3/0,4/0,5/0;0/16,1/11,2/10,3/10,4/8,5/14,6/16,7/8,8/10,9/15,10/14,11/15;0/0,1/0,2/0,3/0,4/0,5/0;0/4,1/4,2/3,3/4,4/4,5/4,6/4,7/3,8/3,9/4,10/4,11/4;0/81,1/82,2/68,3/67,4/67,5/84;0/263,1/253,2/223,3/252,4/274,5/263,6/275,7/218,8/226,9/246,10/277,11/268;0/519,1/513,2/426,3/416,4/418,5/526;0/1266,1/1081,2/1004,3/1110,4/1203,5/1226,6/1188,7/1023,8/968,9/1138,10/1245,11/1192
14579.73;449;3051;6;12;0/9425.26,1/9484.3,2/10349.73,3/10448.69,4/10429.4,5/9355.84;0/1867.01,1/3719.15,2/4489.73,3/3430.18,4/2493.23,5/2279.73,6/2657.68,7/4299.59,8/4860.63,9/3143.63,10/2089.73,11/2621.12;0/14579.73,1/14579.73,2/14579.73,3/14579.73,4/14579.73,5/14579.73;0/14579.73,1/14579.73,2/14579.73,3/14579.73,4/14579.73,5/14579.73,6/14579.73,7/14579.73,8/14579.73,9/14579.73,10/14579.73,11/14579.73;0/0,1/0,2/0,3/0,4/0,5/0;0/2,1/1,2/4,3/5,4/3,5/8,6/4,7/7,8/4,9/2,10/2,11/7;0/0,1/0,2/0,3/0,4/0,5/0;0/13,1/9,2/10,3/11,4/13,5/17,6/11,7/11,8/14,9/12,10/17,11/15;0/0,1/0,2/0,3/0,4/0,5/0;0/4,1/4,2/3,3/4,4/4,5/4,6/4,7/3,8/3,9/4,10/4,11/4;0/81,1/82,2/68,3/67,4/67,5/84;0/264,1/254,2/224,3/254,4/275,5/264,6/276,7/219,8/227,9/247,10/277,11/270;0/519,1/513,2/426,3/416,4/418,5/526;0/1272,1/1087,2/1009,3/1115,4/1209,5/1230,6/1193,7/1029,8/972,9/1144,10/1249,11/1196
14639.93;449;3067;6;12;0/9485.46,1/9544.5,2/10409.93,3/10508.89,4/10489.6,5/9416.04;0/1867.25,1/3719.42,2/4499.33,3/3451.53,4/2521.17,5/2307.6,6/2657.85,7/4329.93,8/4860.86,9/3143.72,10/2090.49,11/2621.29;0/14639.93,1/14639.93,2/14639.93,3/14639.93,4/14639.93,5/14639.93;0/14639.93,1/14639.93,2/14639.93,3/14639.93,4/14639.93,5/14639.93,6/14639.93,7/14639.93,8/14639.93,9/14639.93,10/14639.93,11/14639.93;0/0,1/0,2/0,3/0,4/0,5/0;0/4,1/7,2/4,3/0,4/1,5/7,6/3,7/2,8/4,9/1,10/2,11/8;0/0,1/0,2/0,3/0,4/0,5/0;0/12,1/14,2/8,3/8,4/12,5/13,6/7,7/11,8/11,9/9,10/12,11/13;0/0,1/0,2/0,3/0,4/0,5/0;0/4,1/4,2/3,3/4,4/4,5/4,6/4,7/3,8/3,9/4,10/4,11/4;0/81,1/82,2/68,3/67,4/67,5/84;0/265,1/255,2/226,3/255,4/276,5/266,6/278,7/219,8/228,9/249,10/279,11/271;0/519,1/513,2/426,3/416,4/418,5/526;0/1278,1/1093,2/1015,3/1119,4/1212,5/1234,6/1199,7/1031,8/978,9/1150,10/1255,11/1202
14699.91;449;3085;6;12;0/9545.45,1/9604.48,2/10469.92,3/10568.88,4/10549.58,5/9476.02;0/1867.42,1/3720.01,2/4503.53,3/3453.16,4/2521.51,5/2314.65,6/2669.91,7/4341.56,8/4861.12,9/3144.05,10/2090.76,11/2656.88;0/14699.91,1/14699.91,2/14699.91,3/14699.91,4/14699.91,5/14699.91;0/14699.91,1/14699.91,2/14699.91,3/14699.91,4/14699.91,5/14699.91,6/14699.91,7/14699.91,8/14699.91,9/14699.91,10/14699.91,11/14699.91;0/0,1/0,2/0,3/0,4/0,5/0;0/6,1/1,2/6,3/2,4/2,5/5,6/3,7/2,8/4,9/3,10/2,11/4;0/0,1/0,2/0,3/0,4/0,5/0;0/10,1/11,2/13,3/12,4/10,5/11,6/9,7/10,8/7,9/11,10/8,11/12;0/0,1/0,2/0,3/0,4/0,5/0;0/4,1/4,2/3,3/4,4/4,5/4,6/4,7/3,8/3,9/4,10/4,11/4;0/81,1/82,2/68,3/67,4/67,5/84;0/267,1/257,2/227,3/256,4/278,5/267,6/279,7/221,8/229,9/251,10/280,11/273;0/519,1/513,2/426,3/416,4/418,5/526;0/1284,1/1098,2/1020,3/1125,4/1218,5/1239,6/1203,7/1036,8/984,9/1156,10/1261,11/1205
14759.99;449;3099;6;12;0/9605.53,1/9664.56,2/10530,3/10628.96,4/10609.66,5/9536.1;0/1889.99,1/3721.43,2/4534.77,3/3453.34,4/2522.86,5/2323.68,6/2689.99,7/4375.77,8/4919.99,9/3144.43,10/2105.27,11/2663.34;0/14759.99,1/14759.99,2/14759.99,3/14759.99,4/14759.99,5/14759.99;0/14759.99,1/14759.99,2/14759.99,3/14759.99,4/14759.99,5/14759.99,6/14759.99,7/14759.99,8/14759.99,9/14759.99,10/14759.99,11/14759.99;0/0,1/0,2/0,3/0,4/0,5/0;0/7,1/1,2/8,3/2,4/0,5/3,6/4,7/0,8/2,9/3,10/2,11/6;0/0,1/0,2/0,3/0,4/0,5/0;0/15,1/9,2/15,3/12,4/8,5/12,6/9,7/10,8/7,9/14,10/10,11/11;0/0,1/0,2/0,3/0,4/0,5/0;0/4,1/4,2/3,3/4,4/4,5/4,6/4,7/3,8/3,9/4,10/4,11/4;0/81,1/82,2/68,3/67,4/67,5/84;0/268,1/258,2/228,3/257,4/279,5/269,6/281,7/222,8/229,9/252,10/282,11/274;0/519,1/513,2/426,3/416,4/418,5/526;0/1287,1/1104,2/1023,3/1131,4/1224,5/1244,6/1207,7/1039,8/984,9/1162,10/1266,11/1210
14819.98;449;3115;6;12;0/9665.51,1/9724.55,2/10589.98,3/10688.94,4/10669.65,5/9596.08;0/1918.11,1/3721.98,2/4534.89,3/3457.28,4/2523.1,5/2347.28,6/2710.6,7/4376.09,8/4929.98,9/3144.65,10/2109.98,11/2703.82;0/14819.98,1/14819.98,2/14819.98,3/14819.98,4/14819.98,5/14819.98;0/14819.98,1/14819.98,2/14819.98,3/14819.98,4/14819.98,5/14819.98,6/14819.98,7/14819.98,8/14819.98,9/14819.98,10/14819.98,11/14819.98;0/0,1/0,2/0,3/0,4/0,5/0;0/6,1/2,2/7,3/0,4/0,5/2,6/2,7/1,8/4,9/6,10/5,11/6;0/0,1/0,2/0,3/0,4/0,5/0;0/11,1/12,2/12,3/12,4/10,5/11,6/8,7/8,8/10,9/16,10/13,11/16;0/0,1/0,2/0,3/0,4/0,5/0;0/4,1/4,2/3,3/4,4/4,5/4,6/4,7/3,8/3,9/4,10/4,11/4;0/81,1/82,2/68,3/67,4/67,5/84;0/270,1/260,2/229,3/259,4/279,5/271,6/282,7/222,8/231,9/253,10/283,11/276;0/519,1/513,2/426,3/416,4/418,5/526;0/1291,1/1110,2/1029,3/1137,4/1230,5/1248,6/1211,7/1045,8/989,9/1168,10/1271,11/1212
14879.94;449;3126;6;12;0/9725.47,1/9784.51,2/10649.94,3/10748.9,4/10729.61,5/9656.05;0/1921.29,1/3722.06,2/4569.94,3/3457.55,4/2523.3,5/2347.55,6/2745.59,7/4376.34,8/4952.41,9/3144.77,10/2110.23,11/2703.99;0/14879.94,1/14879.94,2/14879.94,3/14879.94,4/14879.94,5/14879.94;0/14879.94,1/14879.94,2/14879.94,3/14879.94,4/14879.94,5/14879.94,6/14879.94,7/14879.94,8/14879.94,9/14879.94,10/14879.94,11/14879.94;0/0,1/0,2/0,3/0,4/0,5/0;0/6,1/1,2/6,3/0,4/2,5/4,6/5,7/4,8/3,9/3,10/2,11/5;0/0,1/0,2/0,3/0,4/0,5/0;0/10,1/7,2/10,3/10,4/11,5/14,6/10,7/12,8/12,9/13,10/10,11/13;0/0,1/0,2/0,3/0,4/0,5/0;0/4,1/4,2/3,3/4,4/4,5/4,6/4,7/3,8/3,9/4,10/4,11/4;0/81,1/82,2/68,3/67,4/67,5/84;0/272,1/261,2/229,3/259,4/280,5/271,6/283,7/223,8/232,9/254,10/285,11/277;0/519,1/513,2/426,3/416,4/418,5/526;0/1296,1/1116,2/1031,3/1143,4/1236,5/1254,6/1214,7/1051,8/993,9/1174,10/1277,11/1218
14940;449;3143;6;12;0/9785.53,1/9844.57,2/10710,3/10808.96,4/10789.67,5/9716.11;0/1950,1/3727.93,2/4614.76,3/3457.93,4/2523.46,5/2347.76,6/2750,7/4376.73,8/4957.48,9/3144.91,10/2121.83,11/2704.09;0/14940,1/14940,2/14940,3/14940,4/14940,5/14940;0/14940,1/14940,2/14940,3/14940,4/14940,5/14940,6/14940,7/14940,8/14940,9/14940,10/14940,11/14940;0/0,1/0,2/0,3/0,4/0,5/0;0/4,1/1,2/6,3/4,4/3,5/5,6/3,7/6,8/3,9/3,10/1,11/4;0/0,1/0,2/0,3/0,4/0,5/0;0/10,1/10,2/11,3/19,4/13,5/13,6/11,7/11,8/11,9/9,10/9,11/9;0/0,1/0,2/0,3/0,4/0,5/0;0/4,1/4,2/3,3/4,4/4,5/4,6/4,7/3,8/3,9/4,10/4,11/4;0/81,1/82,2/68,3/67,4/67,5/84;0/272,1/263,2/231,3/260,4/281,5/273,6/285,7/224,8/233,9/257,10/286,11/278;0/519,1/513,2/426,3/416,4/418,5/526;0/1299,1/1122,2/1033,3/1149,4/1242,5/1260,6/1219,7/1057,8/999,9/1180,10/1282,11/1224
14999.99;449;3157;6;12;0/9845.53,1/9904.56,2/10770,3/10868.96,4/10849.66,5/9776.1;0/1999.99,1/3743.4,2/4617.93,3/3458.26,4/2523.62,5/2347.89,6/2763.35,7/4376.88,8/4972.66,9/3145.26,10/2122.41,11/2704.27;0/14999.99,1/14999.99,2/14999.99,3/14999.99,4/14999.99,5/14999.99;0/14999.99,1/14999.99,2/14999.99,3/14999.99,4/14999.99,5/14999.99,6/14999.99,7/14999.99,8/14999.99,9/14999.99,10/14999.99,11/14999.99;0/0,1/0,2/0,3/0,4/0,5/0;0/4,1/1,2/4,3/2,4/2,5/4,6/6,7/7,8/2,9/4,10/0,11/1;0/0,1/0,2/0,3/0,4/0,5/0;0/9,1/11,2/8,3/17,4/9,5/8,6/15,7/9,8/10,9/12,10/6,11/10;0/0,1/0,2/0,3/0,4/0,5/0;0/4,1/4,2/3,3/4,4/4,5/4,6/4,7/3,8/3,9/4,10/4,11/4;0/81,1/82,2/68,3/67,4/67,5/84;0/273,1/264,2/232,3/261,4/283,5/273,6/287,7/225,8/234,9/258,10/287,11/280;0/519,1/513,2/426,3/416,4/418,5/526;0/1300,1/1126,2/1039,3/1155,4/1248,5/1266,6/1224,7/1063,8/1003,9/1186,10/1288,11/1230
15059.9;449;3171;6;12;0/9905.43,1/9964.47,2/10829.9,3/10928.86,4/10909.57,5/9836.01;0/2009.9,1/3749.9,2/4629.9,3/3458.29,4/2523.8,5/2348.11,6/2786.75,7/4409.9,8/4985.51,9/3145.38,10/2177.23,11/2719.9;0/15059.9,1/15059.9,2/15059.9,3/15059.9,4/15059.9,5/15059.9;0/15059.9,1/15059.9,2/15059.9,3/15059.9,4/15059.9,5/15059.9,6/15059.9,7/15059.9,8/15059.9,9/15059.9,10/15059.9,11/15059.9;0/0,1/0,2/0,3/0,4/0,5/0;0/3,1/2,2/4,3/1,4/1,5/6,6/4,7/7,8/4,9/5,10/1,11/1;0/0,1/0,2/0,3/0,4/0,5/0;0/11,1/12,2/14,3/11,4/8,5/11,6/14,7/10,8/12,9/10,10/9,11/10;0/0,1/0,2/0,3/0,4/0,5/0;0/4,1/4,2/3,3/4,4/4,5/4,6/4,7/3,8/3,9/4,10/4,11/4;0/81,1/82,2/68,3/67,4/67,5/84;0/276,1/265,2/233,3/262,4/284,5/275,6/288,7/226,8/235,9/259,10/288,11/280;0/519,1/513,2/426,3/416,4/418,5/526;0/1305,1/1131,2/1043,3/1161,4/1254,5/1272,6/1228,7/1065,8/1008,9/1192,10/1289,11/1234
15119.88;449;3187;6;12;0/9965.41,1/10024.45,2/10889.88,3/10988.84,4/10969.55,5/9895.99;0/2031.31,1/3753.23,2/4643.92,3/3458.71,4/2524.08,5/2371.08,6/2786.86,7/4449.88,8/4987,9/3159.88,10/2177.41,11/2729.88;0/15119.88,1/15119.88,2/15119.88,3/15119.88,4/15119.88,5/15119.88;0/15119.88,1/15119.88,2/15119.88,3/15119.88,4/15119.88,5/15119.88,6/15119.88,7/15119.88,8/15119.88,9/15119.88,10/15119.88,11/15119.88;0/0,1/0,2/0,3/0,4/0,5/0;0/2,1/0,2/2,3/2,4/1,5/4,6/2,7/5,8/3,9/3,10/3,11/3;0/0,1/0,2/0,3/0,4/0,5/0;0/12,1/8,2/9,3/9,4/7,5/12,6/8,7/8,8/11,9/7,10/10,11/14;0/0,1/0,2/0,3/0,4/0,5/0;0/4,1/4,2/3,3/4,4/4,5/4,6/4,7/3,8/3,9/4,10/4,11/4;0/81,1/82,2/68,3/67,4/67,5/84;0/277,1/267,2/234,3/263,4/286,5/278,6/289,7/227,8/236,9/260,10/289,11/281;0/519,1/513,2/426,3/416,4/418,5/526;0/1309,1/1137,2/1048,3/1167,4/1260,5/1275,6/1234,7/1067,8/1014,9/1196,10/1295,11/1239
15179.98;449;3201;6;12;0/10025.52,1/10084.55,2/10949.99,3/11048.95,4/11029.65,5/9956.09;0/2031.51,1/3753.88,2/4644.19,3/3458.94,4/2524.48,5/2386.1,6/2787.17,7/4479.98,8/4987.26,9/3187.22,10/2177.6,11/2732.6;0/15179.98,1/15179.98,2/15179.98,3/15179.98,4/15179.98,5/15179.98;0/15179.98,1/15179.98,2/15179.98,3/15179.98,4/15179.98,5/15179.98,6/15179.98,7/15179.98,8/15179.98,9/15179.98,10/15179.98,11/15179.98;0/0,1/0,2/0,3/0,4/0,5/0;0/7,1/2,2/5,3/1,4/0,5/5,6/5,7/3,8/1,9/2,10/4,11/2;0/0,1/0,2/0,3/0,4/0,5/0;0/13,1/10,2/11,3/11,4/5,5/10,6/12,7/6,8/9,9/7,10/9,11/10;0/0,1/0,2/0,3/0,4/0,5/0;0/4,1/4,2/3,3/4,4/4,5/4,6/4,7/3,8/3,9/4,10/4,11/4;0/81,1/82,2/68,3/67,4/67,5/84;0/278,1/267,2/236,3/264,4/286,5/279,6/291,7/229,8/237,9/262,10/290,11/282;0/519,1/513,2/426,3/416,4/418,5/526;0/1315,1/1143,2/1054,3/1173,4/1266,5/1280,6/1240,7/1070,8/1020,9/1200,10/1301,11/1245
15239.97;449;3217;6;12;0/10085.5,1/10144.54,2/11009.97,3/11108.93,4/11089.64,5/10016.07;0/2032.05,1/3754.3,2/4647.14,3/3464.43,4/2525,5/2409.97,6/2804.48,7/4513.43,8/4987.48,9/3187.48,10/2196.34,11/2732.9;0/15239.97,1/15239.97,2/15239.97,3/15239.97,4/15239.97,5/15239.97;0/15239.97,1/15239.97,2/15239.97,3/15239.97,4/15239.97,5/15239.97,6/15239.97,7/15239.97,8/15239.97,9/15239.97,10/15239.97,11/15239.97;0/0,1/0,2/0,3/0,4/0,5/0;0/2,1/3,2/3,3/2,4/3,5/1,6/3,7/3,8/2,9/1,10/4,11/2;0/0,1/0,2/0,3/0,4/0,5/0;0/11,1/14,2/9,3/12,4/10,5/8,6/13,7/10,8/7,9/5,10/8,11/8;0/0,1/0,2/0,3/0,4/0,5/0;0/4,1/4,2/3,3/4,4/4,5/4,6/4,7/3,8/3,9/4,10/4,11/4;0/81,1/82,2/68,3/67,4/67,5/84;0/280,1/268,2/237,3/265,4/288,5/280,6/293,7/231,8/237,9/263,10/292,11/283;0/519,1/513,2/426,3/416,4/418,5/526;0/1321,1/1149,2/1060,3/1178,4/1272,5/1283,6/1244,7/1073,8/1026,9/1206,10/1305,11/1251
15299.88;449;3232;6;12;0/10145.42,1/10204.45,2/11069.89,3/11168.85,4/11149.55,5/10075.99;0/2052.08,1/3754.57,2/4671.77,3/3465.71,4/2525.4,5/2425.67,6/2804.57,7/4513.56,8/4999.88,9/3209.88,10/2214.75,11/2733.23;0/15299.88,1/15299.88,2/15299.88,3/15299.88,4/15299.88,5/15299.88;0/15299.88,1/15299.88,2/15299.88,3/15299.88,4/15299.88,5/15299.88,6/15299.88,7/15299.88,8/15299.88,9/15299.88,10/15299.88,11/15299.88;0/0,1/0,2/0,3/0,4/0,5/0;0/1,1/2,2/1,3/1,4/0,5/1,6/4,7/2,8/8,9/1,10/5,11/4;0/0,1/0,2/0,3/0,4/0,5/0;0/9,1/12,2/11,3/13,4/9,5/9,6/9,7/9,8/12,9/12,10/10,11/10;0/0,1/0,2/0,3/0,4/0,5/0;0/4,1/4,2/3,3/4,4/4,5/4,6/4,7/3,8/3,9/4,10/4,11/4;0/81,1/82,2/68,3/67,4/67,5/84;0/281,1/270,2/238,3/267,4/289,5/282,6/293,7/231,8/238,9/265,10/294,11/284;0/519,1/513,2/426,3/416,4/418,5/526;0/1325,1/1155,2/1063,3/1184,4/1278,5/1288,6/1250,7/1079,8/1030,9/1209,10/1309,11/1257
15360;449;3248;6;12;0/10205.53,1/10264.57,2/11130,3/11228.96,4/11209.67,5/10136.11;0/2052.32,1/3755,2/4672.17,3/3465.9,4/2525.55,5/2425.95,6/2810,7/4513.96,8/5030,9/3226.81,10/2234.76,11/2736.03;0/15360,1/15360,2/15360,3/15360,4/15360,5/15360;0/15360,1/15360,2/15360,3/15360,4/15360,5/15360,6/15360,7/15360,8/15360,9/15360,10/15360,11/15360;0/0,1/0,2/0,3/0,4/0,5/0;0/1,1/2,2/2,3/3,4/0,5/1,6/3,7/2,8/4,9/2,10/4,11/7;0/0,1/0,2/0,3/0,4/0,5/0;0/8,1/11,2/11,3/15,4/6,5/11,6/9,7/7,8/10,9/12,10/10,11/12;0/0,1/0,2/0,3/0,4/0,5/0;0/4,1/4,2/3,3/4,4/4,5/4,6/4,7/3,8/3,9/4,10/4,11/4;0/81,1/82,2/68,3/67,4/67,5/84;0/282,1/271,2/239,3/267,4/290,5/283,6/296,7/233,8/239,9/266,10/295,11/287;0/519,1/513,2/426,3/416,4/418,5/526;0/1331,1/1161,2/1069,3/1190,4/1284,5/1294,6/1255,7/1085,8/1033,9/1214,10/1313,11/1263
15420;449;3261;6;12;0/10265.53,1/10324.57,2/11190,3/11288.96,4/11269.67,5/10196.11;0/2052.71,1/3755.4,2/4672.47,3/3465.99,4/2526.07,5/2426.29,6/2847.34,7/4520.78,8/5074.87,9/3227.1,10/2235.04,11/2740;0/15420,1/15420,2/15420,3/15420,4/15420,5/15420;0/15420,1/15420,2/15420,3/15420,4/15420,5/15420,6/15420,7/15420,8/15420,9/15420,10/15420,11/15420;0/0,1/0,2/0,3/0,4/0,5/0;0/4,1/6,2/3,3/1,4/0,5/1,6/1,7/4,8/3,9/1,10/5,11/4;0/0,1/0,2/0,3/0,4/0,5/0;0/10,1/17,2/9,3/12,4/6,5/12,6/10,7/13,8/12,9/9,10/11,11/9;0/0,1/0,2/0,3/0,4/0,5/0;0/4,1/4,2/3,3/4,4/4,5/4,6/4,7/3,8/3,9/4,10/4,11/4;0/81,1/82,2/68,3/67,4/67,5/84;0/283,1/272,2/240,3/268,4/291,5/284,6/297,7/234,8/241,9/267,10/297,11/287;0/519,1/513,2/426,3/416,4/418,5/526;0/1337,1/1167,2/1075,3/1196,4/1290,5/1300,6/1258,7/1090,8/1035,9/1220,10/1319,11/1268
15479.97;449;3277;6;12;0/10325.51,1/10384.54,2/11249.98,3/11348.94,4/11329.64,5/10256.08;0/2052.95,1/3755.53,2/4672.73,3/3466.21,4/2529.97,5/2426.45,6/2847.56,7/4527.83,8/5075.18,9/3227.41,10/2235.35,11/2759.97;0/15479.97,1/15479.97,2/15479.97,3/15479.97,4/15479.97,5/15479.97;0/15479.97,1/15479.97,2/15479.97,3/15479.97,4/15479.97,5/15479.97,6/15479.97,7/15479.97,8/15479.97,9/15479.97,10/15479.97,11/15479.97;0/0,1/0,2/0,3/0,4/0,5/0;0/3,1/8,2/4,3/2,4/1,5/2,6/2,7/6,8/4,9/4,10/4,11/4;0/0,1/0,2/0,3/0,4/0,5/0;0/13,1/18,2/9,3/9,4/11,5/9,6/9,7/12,8/12,9/14,10/7,11/9;0/0,1/0,2/0,3/0,4/0,5/0;0/4,1/4,2/3,3/4,4/4,5/4,6/4,7/3,8/3,9/4,10/4,11/4;0/81,1/82,2/68,3/67,4/67,5/84;0/285,1/273,2/240,3/270,4/291,5/285,6/299,7/235,8/242,9/269,10/299,11/289;0/519,1/513,2/426,3/416,4/418,5/526;0/1343,1/1173,2/1081,3/1202,4/1295,5/1306,6/1264,7/1096,8/1041,9/1226,10/1325,11/1272
15539.86;449;3290;6;12;0/10385.4,1/10444.44,2/11309.87,3/11408.83,4/11389.53,5/10315.97;0/2055.41,1/3755.75,2/4672.91,3/3466.49,4/2572.03,5/2426.85,6/2847.87,7/4529.86,8/5075.36,9/3244.08,10/2289.86,11/2777.46;0/15539.86,1/15539.86,2/15539.86,3/15539.86,4/15539.86,5/15539.86;0/15539.86,1/15539.86,2/15539.86,3/15539.86,4/15539.86,5/15539.86,6/15539.86,7/15539.86,8/15539.86,9/15539.86,10/15539.86,11/15539.86;0/0,1/0,2/0,3/0,4/0,5/0;0/2,1/10,2/7,3/0,4/0,5/3,6/2,7/4,8/3,9/1,10/0,11/11;0/0,1/0,2/0,3/0,4/0,5/0;0/13,1/18,2/10,3/10,4/11,5/8,6/7,7/8,8/7,9/17,10/8,11/16;0/0,1/0,2/0,3/0,4/0,5/0;0/4,1/4,2/3,3/4,4/4,5/4,6/4,7/3,8/3,9/4,10/4,11/4;0/81,1/82,2/68,3/67,4/67,5/84;0/287,1/274,2/242,3/270,4/293,5/286,6/300,7/235,8/243,9/270,10/299,11/291;0/519,1/513,2/426,3/416,4/418,5/526;0/1349,1/1179,2/1087,3/1208,4/1297,5/1312,6/1270,7/1101,8/1047,9/1230,10/1325,11/1277
15599.93;449;3304;6;12;0/10445.47,1/10504.5,2/11369.94,3/11468.89,4/11449.6,5/10376.04;0/2063,1/3755.85,2/4719.93,3/3466.85,4/2572.32,5/2449.93,6/2856.89,7/4571.39,8/5109.93,9/3244.24,10/2306.21,11/2815.63;0/15599.93,1/15599.93,2/15599.93,3/15599.93,4/15599.93,5/15599.93;0/15599.93,1/15599.93,2/15599.93,3/15599.93,4/15599.93,5/15599.93,6/15599.93,7/15599.93,8/15599.93,9/15599.93,10/15599.93,11/15599.93;0/0,1/0,2/0,3/0,4/0,5/0;0/1,1/9,2/4,3/5,4/0,5/4,6/4,7/5,8/1,9/1,10/0,11/7;0/0,1/0,2/0,3/0,4/0,5/0;0/10,1/18,2/11,3/12,4/15,5/10,6/15,7/9,8/6,9/14,10/5,11/17;0/0,1/0,2/0,3/0,4/0,5/0;0/4,1/4,2/3,3/4,4/4,5/4,6/4,7/3,8/3,9/4,10/4,11/4;0/81,1/82,2/68,3/67,4/67,5/84;0/288,1/275,2/242,3/271,4/294,5/287,6/302,7/237,8/243,9/272,10/301,11/292;0/519,1/513,2/426,3/416,4/418,5/526;0/1354,1/1185,2/1088,3/1214,4/1303,5/1315,6/1275,7/1103,8/1049,9/1236,10/1330,11/1279
15659.98;449;3318;6;12;0/10505.51,1/10564.55,2/11429.98,3/11528.94,4/11509.65,5/10436.09;0/2063.65,1/3756.21,2/4758.72,3/3467.02,4/2572.62,5/2499.98,6/2857.07,7/4609.98,8/5149.98,9/3244.37,10/2306.56,11/2815.79;0/15659.98,1/15659.98,2/15659.98,3/15659.98,4/15659.98,5/15659.98;0/15659.98,1/15659.98,2/15659.98,3/15659.98,4/15659.98,5/15659.98,6/15659.98,7/15659.98,8/15659.98,9/15659.98,10/15659.98,11/15659.98;0/0,1/0,2/0,3/0,4/0,5/0;0/4,1/8,2/4,3/6,4/3,5/0,6/8,7/1,8/5,9/1,10/2,11/6;0/0,1/0,2/0,3/0,4/0,5/0;0/18,1/16,2/9,3/16,4/16,5/12,6/16,7/11,8/15,9/15,10/10,11/13;0/0,1/0,2/0,3/0,4/0,5/0;0/4,1/4,2/3,3/4,4/4,5/4,6/4,7/3,8/3,9/4,10/4,11/4;0/81,1/82,2/68,3/67,4/67,5/84;0/289,1/278,2/244,3/273,4/295,5/288,6/303,7/237,8/244,9/272,10/302,11/293;0/519,1/513,2/426,3/416,4/418,5/526;0/1360,1/1191,2/1091,3/1220,4/1309,5/1316,6/1281,7/1105,8/1051,9/1242,10/1336,11/1285
15719.99;449;3332;6;12;0/10565.53,1/10624.56,2/11490,3/11588.95,4/11569.66,5/10496.1;0/2063.95,1/3759.99,2/4758.92,3/3484.32,4/2572.7,5/2514.08,6/2857.19,7/4621.11,8/5180.8,9/3244.56,10/2306.85,11/2815.92;0/15719.99,1/15719.99,2/15719.99,3/15719.99,4/15719.99,5/15719.99;0/15719.99,1/15719.99,2/15719.99,3/15719.99,4/15719.99,5/15719.99,6/15719.99,7/15719.99,8/15719.99,9/15719.99,10/15719.99,11/15719.99;0/0,1/0,2/0,3/0,4/0,5/0;0/2,1/12,2/5,3/3,4/2,5/0,6/3,7/3,8/6,9/1,10/0,11/8;0/0,1/0,2/0,3/0,4/0,5/0;0/14,1/22,2/8,3/15,4/10,5/11,6/13,7/10,8/14,9/14,10/9,11/13;0/0,1/0,2/0,3/0,4/0,5/0;0/4,1/4,2/3,3/4,4/4,5/4,6/4,7/3,8/3,9/4,10/4,11/4;0/81,1/82,2/68,3/67,4/67,5/84;0/290,1/278,2/246,3/274,4/295,5/290,6/304,7/239,8/245,9/272,10/304,11/295;0/519,1/513,2/426,3/416,4/418,5/526;0/1366,1/1196,2/1097,3/1224,4/1315,5/1321,6/1287,7/1110,8/1054,9/1248,10/1342,11/1291
15779.87;449;3342;6;12;0/10625.4,1/10684.44,2/11549.87,3/11648.83,4/11629.54,5/10555.98;0/2064.16,1/3789.87,2/4779.87,3/3484.43,4/2572.81,5/2514.23,6/2860.12,7/4621.44,8/5180.92,9/3244.82,10/2307.06,11/2839.87;0/15779.87,1/15779.87,2/15779.87,3/15779.87,4/15779.87,5/15779.87;0/15779.87,1/15779.87,2/15779.87,3/15779.87,4/15779.87,5/15779.87,6/15779.87,7/15779.87,8/15779.87,9/15779.87,10/15779.87,11/15779.87;0/0,1/0,2/0,3/0,4/0,5/0;0/2,1/12,2/2,3/3,4/7,5/0,6/0,7/5,8/3,9/0,10/0,11/6;0/0,1/0,2/0,3/0,4/0,5/0;0/10,1/21,2/9,3/11,4/15,5/7,6/12,7/12,8/9,9/11,10/6,11/16;0/0,1/0,2/0,3/0,4/0,5/0;0/4,1/4,2/3,3/4,4/4,5/4,6/4,7/3,8/3,9/4,10/4,11/4;0/81,1/82,2/68,3/67,4/67,5/84;0/291,1/279,2/246,3/275,4/296,5/291,6/305,7/239,8/246,9/273,10/305,11/296;0/519,1/513,2/426,3/416,4/418,5/526;0/1372,1/1199,2/1100,3/1230,4/1321,5/1327,6/1292,7/1116,8/1060,9/1254,10/1348,11/1294
15839.96;449;3360;6;12;0/10685.49,1/10744.53,2/11609.96,3/11708.92,4/11689.63,5/10616.07;0/2064.45,1/3798.32,2/4800.16,3/3484.7,4/2573.23,5/2518.14,6/2860.42,7/4621.69,8/5199.09,9/3245.25,10/2307.38,11/2851.73;0/15839.96,1/15839.96,2/15839.96,3/15839.96,4/15839.96,5/15839.96;0/15839.96,1/15839.96,2/15839.96,3/15839.96,4/15839.96,5/15839.96,6/15839.96,7/15839.96,8/15839.96,9/15839.96,10/15839.96,11/15839.96;0/0,1/0,2/0,3/0,4/0,5/0;0/7,1/7,2/1,3/2,4/2,5/4,6/3,7/2,8/4,9/1,10/1,11/4;0/0,1/0,2/0,3/0,4/0,5/0;0/15,1/16,2/6,3/10,4/12,5/14,6/13,7/8,8/12,9/12,10/8,11/15;0/0,1/0,2/0,3/0,4/0,5/0;0/4,1/4,2/3,3/4,4/4,5/4,6/4,7/3,8/3,9/4,10/4,11/4;0/81,1/82,2/68,3/67,4/67,5/84;0/293,1/281,2/247,3/277,4/298,5/292,6/306,7/241,8/248,9/274,10/305,11/298;0/519,1/513,2/426,3/416,4/418,5/526;0/1378,1/1205,2/1104,3/1236,4/1327,5/1333,6/1298,7/1122,8/1065,9/1260,10/1354,11/1299
15899.99;449;3372;6;12;0/10745.52,1/10804.56,2/11670,3/11768.95,4/11749.66,5/10676.1;0/2064.66,1/3798.61,2/4800.41,3/3484.95,4/2573.45,5/2518.39,6/2860.57,7/4621.95,8/5199.23,9/3245.37,10/2316.78,11/2851.78;0/15899.99,1/15899.99,2/15899.99,3/15899.99,4/15899.99,5/15899.99;0/15899.99,1/15899.99,2/15899.99,3/15899.99,4/15899.99,5/15899.99,6/15899.99,7/15899.99,8/15899.99,9/15899.99,10/15899.99,11/15899.99;0/0,1/0,2/0,3/0,4/0,5/0;0/4,1/8,2/6,3/1,4/8,5/4,6/1,7/2,8/4,9/0,10/2,11/1;0/0,1/0,2/0,3/0,4/0,5/0;0/15,1/18,2/10,3/7,4/22,5/16,6/10,7/6,8/9,9/7,10/10,11/11;0/0,1/0,2/0,3/0,4/0,5/0;0/4,1/4,2/3,3/4,4/4,5/4,6/4,7/3,8/3,9/4,10/4,11/4;0/81,1/82,2/68,3/67,4/67,5/84;0/293,1/282,2/248,3/278,4/299,5/294,6/307,7/241,8/249,9/275,10/307,11/299;0/519,1/513,2/426,3/416,4/418,5/526;0/1384,1/1211,2/1110,3/1242,4/1333,5/1339,6/1304,7/1128,8/1071,9/1266,10/1359,11/1305
15959.98;449;3389;6;12;0/10805.51,1/10864.55,2/11729.98,3/11828.94,4/11809.65,5/10736.09;0/2064.81,1/3802.25,2/4809.98,3/3488.85,4/2573.5,5/2518.6,6/2860.9,7/4634.31,8/5199.98,9/3245.7,10/2338.79,11/2851.98;0/15959.98,1/15959.98,2/15959.98,3/15959.98,4/15959.98,5/15959.98;0/15959.98,1/15959.98,2/15959.98,3/15959.98,4/15959.98,5/15959.98,6/15959.98,7/15959.98,8/15959.98,9/15959.98,10/15959.98,11/15959.98;0/0,1/0,2/0,3/0,4/0,5/0;0/6,1/8,2/6,3/1,4/7,5/5,6/1,7/4,8/7,9/0,10/1,11/2;0/0,1/0,2/0,3/0,4/0,5/0;0/13,1/18,2/14,3/5,4/16,5/16,6/7,7/8,8/8,9/6,10/9,11/12;0/0,1/0,2/0,3/0,4/0,5/0;0/4,1/4,2/3,3/4,4/4,5/4,6/4,7/3,8/3,9/4,10/4,11/4;0/81,1/82,2/68,3/67,4/67,5/84;0/295,1/284,2/249,3/280,4/301,5/295,6/308,7/242,8/250,9/276,10/308,11/301;0/519,1/513,2/426,3/416,4/418,5/526;0/1390,1/1216,2/1115,3/1248,4/1339,5/1345,6/1310,7/1133,8/1076,9/1272,10/1363,11/1311
16019.91;449;3401;6;12;0/10865.45,1/10924.49,2/11789.92,3/11888.88,4/11869.58,5/10796.02;0/2088.53,1/3802.34,2/4827.6,3/3491.19,4/2573.53,5/2518.85,6/2861.52,7/4639.91,8/5259.91,9/3246.46,10/2339.47,11/2852.13;0/16019.91,1/16019.91,2/16019.91,3/16019.91,4/16019.91,5/16019.91;0/16019.91,1/16019.91,2/16019.91,3/16019.91,4/16019.91,5/16019.91,6/16019.91,7/16019.91,8/16019.91,9/16019.91,10/16019.91,11/16019.91;0/0,1/0,2/0,3/0,4/0,5/0;0/3,1/4,2/6,3/5,4/5,5/5,6/0,7/5,8/1,9/3,10/1,11/2;0/0,1/0,2/0,3/0,4/0,5/0;0/11,1/12,2/12,3/16,4/10,5/13,6/10,7/9,8/8,9/8,10/12,11/11;0/0,1/0,2/0,3/0,4/0,5/0;0/4,1/4,2/3,3/4,4/4,5/4,6/4,7/3,8/3,9/4,10/4,11/4;0/81,1/82,2/68,3/67,4/67,5/84;0/296,1/285,2/250,3/282,4/302,5/296,6/309,7/243,8/250,9/277,10/309,11/302;0/519,1/513,2/426,3/416,4/418,5/526;0/1394,1/1222,2/1120,3/1253,4/1345,5/1351,6/1316,7/1138,8/1076,9/1278,10/1369,11/1317
16079.83;449;3417;6;12;0/10925.36,1/10984.4,2/11849.83,3/11948.79,4/11929.5,5/10855.94;0/2088.79,1/3802.53,2/4831.29,3/3498.28,4/2577.99,5/2519.38,6/2873,7/4686.16,8/5280.91,9/3246.72,10/2339.69,11/2871.54;0/16079.83,1/16079.83,2/16079.83,3/16079.83,4/16079.83,5/16079.83;0/16079.83,1/16079.83,2/16079.83,3/16079.83,4/16079.83,5/16079.83,6/16079.83,7/16079.83,8/16079.83,9/16079.83,10/16079.83,11/16079.83;0/0,1/0,2/0,3/0,4/0,5/0;0/6,1/8,2/7,3/2,4/3,5/6,6/0,7/4,8/1,9/0,10/2,11/1;0/0,1/0,2/0,3/0,4/0,5/0;0/11,1/16,2/11,3/10,4/10,5/14,6/9,7/11,8/9,9/8,10/11,11/9;0/0,1/0,2/0,3/0,4/0,5/0;0/4,1/4,2/3,3/4,4/4,5/4,6/4,7/3,8/3,9/4,10/4,11/4;0/81,1/82,2/68,3/67,4/67,5/84;0/298,1/286,2/251,3/283,4/304,5/297,6/310,7/244,8/252,9/278,10/311,11/303;0/519,1/513,2/426,3/416,4/418,5/526;0/1400,1/1228,2/1125,3/1259,4/1351,5/1357,6/1321,7/1140,8/1080,9/1284,10/1375,11/1321
16139.97;449;3434;6;12;0/10985.51,1/11044.54,2/11909.98,3/12008.93,4/11989.64,5/10916.08;0/2099.97,1/3802.61,2/4859.97,3/3498.45,4/2578.04,5/2519.48,6/2873.26,7/4686.5,8/5281.15,9/3247.42,10/2340.04,11/2871.98;0/16139.97,1/16139.97,2/16139.97,3/16139.97,4/16139.97,5/16139.97;0/16139.97,1/16139.97,2/16139.97,3/16139.97,4/16139.97,5/16139.97,6/16139.97,7/16139.97,8/16139.97,9/16139.97,10/16139.97,11/16139.97;0/0,1/0,2/0,3/0,4/0,5/0;0/4,1/4,2/6,3/5,4/1,5/4,6/0,7/4,8/8,9/6,10/10,11/4;0/0,1/0,2/0,3/0,4/0,5/0;0/9,1/12,2/10,3/11,4/6,5/9,6/6,7/7,8/14,9/12,10/17,11/11;0/0,1/0,2/0,3/0,4/0,5/0;0/4,1/4,2/3,3/4,4/4,5/4,6/4,7/3,8/3,9/4,10/4,11/4;0/81,1/82,2/68,3/67,4/67,5/84;0/299,1/287,2/252,3/285,4/306,5/299,6/311,7/244,8/254,9/280,10/312,11/305;0/519,1/513,2/426,3/416,4/418,5/526;0/1404,1/1234,2/1128,3/1265,4/1357,5/1363,6/1327,7/1146,8/1086,9/1290,10/1380,11/1327
16199.92;449;3446;6;12;0/11045.45,1/11104.49,2/11969.92,3/12068.88,4/12049.59,5/10976.03;0/2159.92,1/3802.97,2/4894.21,3/3509.92,4/2579.92,5/2529.92,6/2879.92,7/4686.88,8/5289.92,9/3259.06,10/2349.92,11/2872.37;0/16199.92,1/16199.92,2/16199.92,3/16199.92,4/16199.92,5/16199.92;0/16199.92,1/16199.92,2/16199.92,3/16199.92,4/16199.92,5/16199.92,6/16199.92,7/16199.92,8/16199.92,9/16199.92,10/16199.92,11/16199.92;0/0,1/0,2/0,3/0,4/0,5/0;0/1,1/7,2/4,3/4,4/1,5/5,6/0,7/4,8/6,9/3,10/7,11/1;0/0,1/0,2/0,3/0,4/0,5/0;0/9,1/12,2/9,3/12,4/10,5/10,6/6,7/6,8/18,9/12,10/16,11/7;0/0,1/0,2/0,3/0,4/0,5/0;0/4,1/4,2/3,3/4,4/4,5/4,6/4,7/3,8/3,9/4,10/4,11/4;0/81,1/82,2/68,3/67,4/67,5/84;0/299,1/289,2/254,3/286,4/306,5/299,6/313,7/246,8/254,9/282,10/313,11/305;0/519,1/513,2/426,3/416,4/418,5/526;0/1404,1/1240,2/1131,3/1269,4/1362,5/1367,6/1333,7/1152,8/1091,9/1295,10/1385,11/1333
16259.93;449;3461;6;12;0/11105.46,1/11164.5,2/12029.94,3/12128.89,4/12109.6,5/11036.04;0/2172.81,1/3803.22,2/4909.93,3/3536.8,4/2593.96,5/2557.3,6/2880.3,7/4719.93,8/5303.13,9/3259.22,10/2399.93,11/2873.01;0/16259.93,1/16259.93,2/16259.93,3/16259.93,4/16259.93,5/16259.93;0/16259.93,1/16259.93,2/16259.93,3/16259.93,4/16259.93,5/16259.93,6/16259.93,7/16259.93,8/16259.93,9/16259.93,10/16259.93,11/16259.93;0/0,1/0,2/0,3/0,4/0,5/0;0/2,1/6,2/8,3/2,4/1,5/4,6/0,7/2,8/5,9/2,10/5,11/1;0/0,1/0,2/0,3/0,4/0,5/0;0/9,1/14,2/12,3/11,4/10,5/9,6/6,7/8,8/13,9/11,10/15,11/10;0/0,1/0,2/0,3/0,4/0,5/0;0/4,1/4,2/3,3/4,4/4,5/4,6/4,7/3,8/3,9/4,10/4,11/4;0/81,1/82,2/68,3/67,4/67,5/84;0/302,1/290,2/255,3/287,4/308,5/301,6/314,7/246,8/255,9/283,10/314,11/306;0/519,1/513,2/426,3/416,4/418,5/526;0/1409,1/1246,2/1135,3/1273,4/1367,5/1371,6/1338,7/1154,8/1096,9/1301,10/1386,11/1339
16319.98;449;3474;6;12;0/11165.51,1/11224.55,2/12089.98,3/12188.94,4/12169.65,5/11096.09;0/2173.21,1/3831.79,2/4957.57,3/3537.4,4/2594.4,5/2580.44,6/2880.64,7/4744.1,8/5303.34,9/3259.85,10/2402.57,11/2873.34;0/16319.98,1/16319.98,2/16319.98,3/16319.98,4/16319.98,5/16319.98;0/16319.98,1/16319.98,2/16319.98,3/16319.98,4/16319.98,5/16319.98,6/16319.98,7/16319.98,8/16319.98,9/16319.98,10/16319.98,11/16319.98;0/0,1/0,2/0,3/0,4/0,5/0;0/3,1/7,2/3,3/4,4/0,5/2,6/5,7/1,8/5,9/1,10/4,11/2;0/0,1/0,2/0,3/0,4/0,5/0;0/17,1/19,2/12,3/11,4/7,5/11,6/12,7/9,8/11,9/10,10/12,11/10;0/0,1/0,2/0,3/0,4/0,5/0;0/4,1/4,2/3,3/4,4/4,5/4,6/4,7/3,8/3,9/4,10/4,11/4;0/81,1/82,2/68,3/67,4/67,5/84;0/303,1/291,2/256,3/288,4/309,5/303,6/314,7/248,8/256,9/284,10/315,11/307;0/519,1/513,2/426,3/416,4/418,5/526;0/1415,1/1249,2/1137,3/1279,4/1373,5/1374,6/1344,7/1158,8/1102,9/1307,10/1392,11/1345
16379.97;449;3491;6;12;0/11225.5,1/11284.54,2/12149.97,3/12248.93,4/12229.64,5/11156.08;0/2173.33,1/3832.01,2/4957.68,3/3539.31,4/2594.78,5/2580.94,6/2900.48,7/4770.48,8/5309.97,9/3260.03,10/2402.88,11/2873.64;0/16379.97,1/16379.97,2/16379.97,3/16379.97,4/16379.97,5/16379.97;0/16379.97,1/16379.97,2/16379.97,3/16379.97,4/16379.97,5/16379.97,6/16379.97,7/16379.97,8/16379.97,9/16379.97,10/16379.97,11/16379.97;0/0,1/0,2/0,3/0,4/0,5/0;0/2,1/3,2/2,3/2,4/3,5/4,6/5,7/1,8/5,9/5,10/2,11/2;0/0,1/0,2/0,3/0,4/0,5/0;0/13,1/16,2/8,3/9,4/10,5/18,6/16,7/11,8/7,9/11,10/11,11/9;0/0,1/0,2/0,3/0,4/0,5/0;0/4,1/4,2/3,3/4,4/4,5/4,6/4,7/3,8/3,9/4,10/4,11/4;0/81,1/82,2/68,3/67,4/67,5/84;0/304,1/293,2/257,3/290,4/311,5/304,6/316,7/249,8/257,9/285,10/317,11/308;0/519,1/513,2/426,3/416,4/418,5/526;0/1421,1/1255,2/1143,3/1285,4/1379,5/1380,6/1348,7/1161,8/1107,9/1312,10/1398,11/1351
16439.97;449;3506;6;12;0/11285.51,1/11344.54,2/12209.98,3/12308.93,4/12289.64,5/11216.08;0/2173.41,1/3841.05,2/4958.08,3/3568.63,4/2595.18,5/2581.01,6/2912.13,7/4770.96,8/5349.97,9/3260.25,10/2403.28,11/2873.9;0/16439.97,1/16439.97,2/16439.97,3/16439.97,4/16439.97,5/16439.97;0/16439.97,1/16439.97,2/16439.97,3/16439.97,4/16439.97,5/16439.97,6/16439.97,7/16439.97,8/16439.97,9/16439.97,10/16439.97,11/16439.97;0/0,1/0,2/0,3/0,4/0,5/0;0/1,1/2,2/8,3/4,4/4,5/4,6/4,7/5,8/5,9/2,10/2,11/2;0/0,1/0,2/0,3/0,4/0,5/0;0/9,1/16,2/13,3/13,4/15,5/12,6/11,7/14,8/12,9/8,10/8,11/9;0/0,1/0,2/0,3/0,4/0,5/0;0/4,1/4,2/3,3/4,4/4,5/4,6/4,7/3,8/3,9/4,10/4,11/4;0/81,1/82,2/68,3/67,4/67,5/84;0/305,1/294,2/259,3/291,4/312,5/305,6/317,7/250,8/258,9/287,10/318,11/310;0/519,1/513,2/426,3/416,4/418,5/526;0/1427,1/1260,2/1149,3/1288,4/1385,5/1386,6/1353,7/1167,8/1109,9/1318,10/1404,11/1357
16499.93;449;3521;6;12;0/11345.47,1/11404.5,2/12269.94,3/12368.9,4/12349.6,5/11276.04;0/2173.65,1/3841.22,2/4958.36,3/3568.81,4/2595.55,5/2581.1,6/2912.6,7/4771.1,8/5384.29,9/3260.65,10/2403.48,11/2874.08;0/16499.93,1/16499.93,2/16499.93,3/16499.93,4/16499.93,5/16499.93;0/16499.93,1/16499.93,2/16499.93,3/16499.93,4/16499.93,5/16499.93,6/16499.93,7/16499.93,8/16499.93,9/16499.93,10/16499.93,11/16499.93;0/0,1/0,2/0,3/0,4/0,5/0;0/0,1/3,2/7,3/3,4/5,5/2,6/6,7/6,8/5,9/2,10/6,11/2;0/0,1/0,2/0,3/0,4/0,5/0;0/8,1/15,2/16,3/11,4/16,5/10,6/12,7/11,8/9,9/12,10/10,11/10;0/0,1/0,2/0,3/0,4/0,5/0;0/4,1/4,2/3,3/4,4/4,5/4,6/4,7/3,8/3,9/4,10/4,11/4;0/81,1/82,2/68,3/67,4/67,5/84;0/306,1/294,2/260,3/292,4/313,5/306,6/319,7/251,8/260,9/289,10/320,11/311;0/519,1/513,2/426,3/416,4/418,5/526;0/1433,1/1266,2/1155,3/1294,4/1391,5/1392,6/1359,7/1173,8/1112,9/1324,10/1410,11/1363
16559.79;449;3535;6;12;0/11405.32,1/11464.36,2/12329.79,3/12428.75,4/12409.46,5/11335.89;0/2173.9,1/3841.42,2/4958.53,3/3569.09,4/2595.65,5/2589.79,6/2928.94,7/4789.79,8/5410.88,9/3260.79,10/2429.79,11/2874.34;0/16559.79,1/16559.79,2/16559.79,3/16559.79,4/16559.79,5/16559.79;0/16559.79,1/16559.79,2/16559.79,3/16559.79,4/16559.79,5/16559.79,6/16559.79,7/16559.79,8/16559.79,9/16559.79,10/16559.79,11/16559.79;0/0,1/0,2/0,3/0,4/0,5/0;0/3,1/4,2/6,3/2,4/3,5/4,6/3,7/4,8/3,9/5,10/4,11/5;0/0,1/0,2/0,3/0,4/0,5/0;0/8,1/14,2/13,3/9,4/12,5/9,6/14,7/11,8/6,9/14,10/13,11/13;0/0,1/0,2/0,3/0,4/0,5/0;0/4,1/4,2/3,3/4,4/4,5/4,6/4,7/3,8/3,9/4,10/4,11/4;0/81,1/82,2/68,3/67,4/67,5/84;0/308,1/296,2/261,3/294,4/314,5/307,6/321,7/251,8/261,9/290,10/320,11/312;0/519,1/513,2/426,3/416,4/418,5/526;0/1439,1/1272,2/1161,3/1300,4/1397,5/1397,6/1364,7/1177,8/1115,9/1330,10/1413,11/1369
16619.85;449;3552;6;12;0/11465.38,1/11524.42,2/12389.85,3/12488.81,4/12469.52,5/11395.95;0/2189.85,1/3841.56,2/4958.92,3/3569.42,4/2596.01,5/2625.18,6/2929.76,7/4808.21,8/5449.85,9/3261.22,10/2444.69,11/2874.41;0/16619.85,1/16619.85,2/16619.85,3/16619.85,4/16619.85,5/16619.85;0/16619.85,1/16619.85,2/16619.85,3/16619.85,4/16619.85,5/16619.85,6/16619.85,7/16619.85,8/16619.85,9/16619.85,10/16619.85,11/16619.85;0/0,1/0,2/0,3/0,4/0,5/0;0/0,1/4,2/5,3/0,4/4,5/1,6/5,7/3,8/3,9/3,10/1,11/2;0/0,1/0,2/0,3/0,4/0,5/0;0/6,1/10,2/9,3/7,4/12,5/7,6/16,7/7,8/13,9/15,10/10,11/9;0/0,1/0,2/0,3/0,4/0,5/0;0/4,1/4,2/3,3/4,4/4,5/4,6/4,7/3,8/3,9/4,10/4,11/4;0/81,1/82,2/68,3/67,4/67,5/84;0/309,1/297,2/262,3/295,4/315,5/309,6/322,7/253,8/262,9/291,10/323,11/314;0/519,1/513,2/426,3/416,4/418,5/526;0/1443,1/1278,2/1167,3/1306,4/1403,5/1400,6/1370,7/1182,8/1117,9/1336,10/1418,11/1375
16679.93;449;3565;6;12;0/11525.47,1/11584.5,2/12449.94,3/12548.89,4/12529.6,5/11456.04;0/2238.09,1/3855.45,2/4965.45,3/3597.26,4/2596.35,5/2649.39,6/2930.17,7/4809.93,8/5469.67,9/3261.48,10/2444.86,11/2906.26;0/16679.93,1/16679.93,2/16679.93,3/16679.93,4/16679.93,5/16679.93;0/16679.93,1/16679.93,2/16679.93,3/16679.93,4/16679.93,5/16679.93,6/16679.93,7/16679.93,8/16679.93,9/16679.93,10/16679.93,11/16679.93;0/0,1/0,2/0,3/0,4/0,5/0;0/0,1/2,2/4,3/0,4/2,5/4,6/6,7/5,8/3,9/1,10/3,11/3;0/0,1/0,2/0,3/0,4/0,5/0;0/5,1/11,2/11,3/6,4/13,5/11,6/16,7/13,8/11,9/12,10/14,11/10;0/0,1/0,2/0,3/0,4/0,5/0;0/4,1/4,2/3,3/4,4/4,5/4,6/4,7/3,8/3,9/4,10/4,11/4;0/81,1/82,2/68,3/67,4/67,5/84;0/310,1/299,2/263,3/297,4/317,5/310,6/322,7/254,8/263,9/292,10/323,11/315;0/519,1/513,2/426,3/416,4/418,5/526;0/1445,1/1283,2/1172,3/1309,4/1409,5/1404,6/1375,7/1187,8/1122,9/1342,10/1424,11/1378
16739.98;449;3580;6;12;0/11585.51,1/11644.55,2/12509.99,3/12608.94,4/12589.65,5/11516.09;0/2249.98,1/3875.14,2/4995.99,3/3597.95,4/2596.45,5/2649.88,6/2930.27,7/4827.3,8/5469.98,9/3261.69,10/2445.19,11/2906.54;0/16739.98,1/16739.98,2/16739.98,3/16739.98,4/16739.98,5/16739.98;0/16739.98,1/16739.98,2/16739.98,3/16739.98,4/16739.98,5/16739.98,6/16739.98,7/16739.98,8/16739.98,9/16739.98,10/16739.98,11/16739.98;0/0,1/0,2/0,3/0,4/0,5/0;0/1,1/4,2/4,3/10,4/2,5/3,6/5,7/3,8/3,9/2,10/7,11/2;0/0,1/0,2/0,3/0,4/0,5/0;0/10,1/20,2/11,3/16,4/7,5/12,6/10,7/12,8/10,9/12,10/16,11/11;0/0,1/0,2/0,3/0,4/0,5/0;0/4,1/4,2/3,3/4,4/4,5/4,6/4,7/3,8/3,9/4,10/4,11/4;0/81,1/82,2/68,3/67,4/67,5/84;0/310,1/300,2/264,3/298,4/318,5/311,6/324,7/255,8/265,9/294,10/325,11/316;0/519,1/513,2/426,3/416,4/418,5/526;0/1449,1/1287,2/1175,3/1315,4/1415,5/1410,6/1381,7/1192,8/1128,9/1348,10/1430,11/1384
16799.99;449;3592;6;12;0/11645.52,1/11704.56,2/12569.99,3/12668.95,4/12649.66,5/11576.1;0/2260.14,1/3875.29,2/5007.77,3/3599.99,4/2609.99,5/2650.09,6/2939.99,7/4827.73,8/5470.09,9/3272.81,10/2445.43,11/2906.94;0/16799.99,1/16799.99,2/16799.99,3/16799.99,4/16799.99,5/16799.99;0/16799.99,1/16799.99,2/16799.99,3/16799.99,4/16799.99,5/16799.99,6/16799.99,7/16799.99,8/16799.99,9/16799.99,10/16799.99,11/16799.99;0/0,1/0,2/0,3/0,4/0,5/0;0/0,1/5,2/3,3/14,4/2,5/3,6/3,7/5,8/2,9/0,10/5,11/3;0/0,1/0,2/0,3/0,4/0,5/0;0/14,1/18,2/10,3/22,4/11,5/13,6/11,7/10,8/6,9/9,10/14,11/10;0/0,1/0,2/0,3/0,4/0,5/0;0/4,1/4,2/3,3/4,4/4,5/4,6/4,7/3,8/3,9/4,10/4,11/4;0/81,1/82,2/68,3/67,4/67,5/84;0/312,1/300,2/265,3/298,4/319,5/313,6/325,7/256,8/265,9/295,10/326,11/318;0/519,1/513,2/426,3/416,4/418,5/526;0/1454,1/1293,2/1180,3/1320,4/1419,5/1415,6/1386,7/1198,8/1133,9/1353,10/1436,11/1390
16859.84;449;3608;6;12;0/11705.37,1/11764.41,2/12629.84,3/12728.8,4/12709.51,5/11635.95;0/2268.64,1/3875.5,2/5013.93,3/3617.29,4/2615.5,5/2650.24,6/2991.99,7/4839.84,8/5470.84,9/3273.24,10/2445.59,11/2907.1;0/16859.84,1/16859.84,2/16859.84,3/16859.84,4/16859.84,5/16859.84;0/16859.84,1/16859.84,2/16859.84,3/16859.84,4/16859.84,5/16859.84,6/16859.84,7/16859.84,8/16859.84,9/16859.84,10/16859.84,11/16859.84;0/0,1/0,2/0,3/0,4/0,5/0;0/0,1/4,2/3,3/11,4/2,5/4,6/2,7/4,8/5,9/5,10/7,11/5;0/0,1/0,2/0,3/0,4/0,5/0;0/11,1/13,2/9,3/21,4/10,5/13,6/10,7/13,8/8,9/14,10/12,11/11;0/0,1/0,2/0,3/0,4/0,5/0;0/4,1/4,2/3,3/4,4/4,5/4,6/4,7/3,8/3,9/4,10/4,11/4;0/81,1/82,2/68,3/67,4/67,5/84;0/314,1/302,2/266,3/301,4/321,5/313,6/326,7/257,8/266,9/295,10/328,11/319;0/519,1/513,2/426,3/416,4/418,5/526;0/1460,1/1299,2/1185,3/1325,4/1425,5/1421,6/1387,7/1202,8/1139,9/1359,10/1442,11/1396
16919.96;449;3621;6;12;0/11765.5,1/11824.53,2/12689.97,3/12788.92,4/12769.63,5/11696.07;0/2268.97,1/3875.56,2/5029.96,3/3629.96,4/2615.67,5/2659.96,6/2992.43,7/4859.92,8/5499.96,9/3289.96,10/2451.33,11/2949.13;0/16919.96,1/16919.96,2/16919.96,3/16919.96,4/16919.96,5/16919.96;0/16919.96,1/16919.96,2/16919.96,3/16919.96,4/16919.96,5/16919.96,6/16919.96,7/16919.96,8/16919.96,9/16919.96,10/16919.96,11/16919.96;0/0,1/0,2/0,3/0,4/0,5/0;0/0,1/3,2/2,3/9,4/2,5/7,6/3,7/7,8/6,9/1,10/3,11/3;0/0,1/0,2/0,3/0,4/0,5/0;0/10,1/7,2/12,3/17,4/8,5/15,6/12,7/18,8/14,9/12,10/8,11/13;0/0,1/0,2/0,3/0,4/0,5/0;0/4,1/4,2/3,3/4,4/4,5/4,6/4,7/3,8/3,9/4,10/4,11/4;0/81,1/82,2/68,3/67,4/67,5/84;0/314,1/302,2/267,3/301,4/322,5/315,6/327,7/258,8/267,9/297,10/330,11/321;0/519,1/513,2/426,3/416,4/418,5/526;0/1466,1/1305,2/1189,3/1329,4/1431,5/1426,6/1393,7/1207,8/1142,9/1363,10/1447,11/1398
16979.99;449;3636;6;12;0/11825.52,1/11884.56,2/12749.99,3/12848.95,4/12829.66,5/11756.1;0/2269.36,1/3876.13,2/5034.13,3/3636.71,4/2629.99,5/2668.73,6/2992.78,7/4860.04,8/5518.11,9/3292.48,10/2471.95,11/2949.44;0/16979.99,1/16979.99,2/16979.99,3/16979.99,4/16979.99,5/16979.99;0/16979.99,1/16979.99,2/16979.99,3/16979.99,4/16979.99,5/16979.99,6/16979.99,7/16979.99,8/16979.99,9/16979.99,10/16979.99,11/16979.99;0/0,1/0,2/0,3/0,4/0,5/0;0/0,1/6,2/1,3/7,4/4,5/6,6/2,7/7,8/4,9/0,10/2,11/1;0/0,1/0,2/0,3/0,4/0,5/0;0/6,1/11,2/11,3/11,4/12,5/17,6/9,7/13,8/9,9/12,10/8,11/10;0/0,1/0,2/0,3/0,4/0,5/0;0/4,1/4,2/3,3/4,4/4,5/4,6/4,7/3,8/3,9/4,10/4,11/4;0/81,1/82,2/68,3/67,4/67,5/84;0/315,1/305,2/268,3/303,4/323,5/316,6/329,7/258,8/268,9/298,10/331,11/322;0/519,1/513,2/426,3/416,4/418,5/526;0/1472,1/1311,2/1195,3/1335,4/1435,5/1432,6/1399,7/1212,8/1147,9/1369,10/1451,11/1404
17039.83;449;3652;6;12;0/11885.37,1/11944.4,2/12809.84,3/12908.8,4/12889.5,5/11815.94;0/2269.74,1/3889.83,2/5034.26,3/3650.9,4/2638.24,5/2689.26,6/2993.06,7/4862.13,8/5519.83,9/3292.88,10/2527.29,11/2955.3;0/17039.83,1/17039.83,2/17039.83,3/17039.83,4/17039.83,5/17039.83;0/17039.83,1/17039.83,2/17039.83,3/17039.83,4/17039.83,5/17039.83,6/17039.83,7/17039.83,8/17039.83,9/17039.83,10/17039.83,11/17039.83;0/0,1/0,2/0,3/0,4/0,5/0;0/3,1/4,2/0,3/4,4/2,5/6,6/5,7/5,8/10,9/0,10/2,11/1;0/0,1/0,2/0,3/0,4/0,5/0;0/11,1/13,2/9,3/11,4/12,5/16,6/10,7/7,8/12,9/12,10/10,11/10;0/0,1/0,2/0,3/0,4/0,5/0;0/4,1/4,2/3,3/4,4/4,5/4,6/4,7/3,8/3,9/4,10/4,11/4;0/81,1/82,2/68,3/67,4/67,5/84;0/315,1/305,2/269,3/305,4/326,5/317,6/331,7/260,8/270,9/299,10/332,11/323;0/519,1/513,2/426,3/416,4/418,5/526;0/1478,1/1315,2/1201,3/1339,4/1441,5/1436,6/1405,7/1218,8/1152,9/1375,10/1452,11/1409
17099.94;449;3665;6;12;0/11945.48,1/12004.51,2/12869.95,3/12968.91,4/12949.61,5/11876.05;0/2276.09,1/3925.18,2/5034.84,3/3662.3,4/2638.5,5/2689.58,6/3007.12,7/4919.94,8/5576.81,9/3293.09,10/2527.47,11/2956.2;0/17099.94,1/17099.94,2/17099.94,3/17099.94,4/17099.94,5/17099.94;0/17099.94,1/17099.94,2/17099.94,3/17099.94,4/17099.94,5/17099.94,6/17099.94,7/17099.94,8/17099.94,9/17099.94,10/17099.94,11/17099.94;0/0,1/0,2/0,3/0,4/0,5/0;0/2,1/2,2/1,3/7,4/6,5/5,6/2,7/3,8/3,9/0,10/2,11/3;0/0,1/0,2/0,3/0,4/0,5/0;0/14,1/13,2/9,3/16,4/15,5/13,6/10,7/8,8/11,9/10,10/8,11/15;0/0,1/0,2/0,3/0,4/0,5/0;0/4,1/4,2/3,3/4,4/4,5/4,6/4,7/3,8/3,9/4,10/4,11/4;0/81,1/82,2/68,3/67,4/67,5/84;0/317,1/306,2/270,3/306,4/326,5/319,6/333,7/260,8/271,9/300,10/333,11/324;0/519,1/513,2/426,3/416,4/418,5/526;0/1483,1/1318,2/1207,3/1344,4/1447,5/1442,6/1410,7/1218,8/1153,9/1381,10/1458,11/1415
17159.99;449;3678;6;12;0/12005.52,1/12064.56,2/12930,3/13028.95,4/13009.66,5/11936.1;0/2282.65,1/3925.34,2/5035.34,3/3662.65,4/2638.59,5/2689.75,6/3015.59,7/4956.45,8/5577.15,9/3293.27,10/2527.75,11/2956.54;0/17159.99,1/17159.99,2/17159.99,3/17159.99,4/17159.99,5/17159.99;0/17159.99,1/17159.99,2/17159.99,3/17159.99,4/17159.99,5/17159.99,6/17159.99,7/17159.99,8/17159.99,9/17159.99,10/17159.99,11/17159.99;0/0,1/0,2/0,3/0,4/0,5/0;0/0,1/1,2/2,3/14,4/1,5/4,6/1,7/3,8/2,9/2,10/2,11/2;0/0,1/0,2/0,3/0,4/0,5/0;0/10,1/10,2/9,3/23,4/13,5/15,6/13,7/7,8/6,9/11,10/9,11/10;0/0,1/0,2/0,3/0,4/0,5/0;0/4,1/4,2/3,3/4,4/4,5/4,6/4,7/3,8/3,9/4,10/4,11/4;0/81,1/82,2/68,3/67,4/67,5/84;0/318,1/307,2/270,3/308,4/327,5/320,6/334,7/261,8/273,9/301,10/335,11/324;0/519,1/513,2/426,3/416,4/418,5/526;0/1488,1/1324,2/1213,3/1350,4/1453,5/1448,6/1415,7/1221,8/1159,9/1387,10/1464,11/1421
17219.91;449;3693;6;12;0/12065.44,1/12124.48,2/12989.92,3/13088.87,4/13069.58,5/11996.02;0/2282.88,1/3925.58,2/5035.58,3/3669.91,4/2638.84,5/2696.52,6/3015.75,7/4958.51,8/5593.77,9/3296.03,10/2528.3,11/2956.89;0/17219.91,1/17219.91,2/17219.91,3/17219.91,4/17219.91,5/17219.91;0/17219.91,1/17219.91,2/17219.91,3/17219.91,4/17219.91,5/17219.91,6/17219.91,7/17219.91,8/17219.91,9/17219.91,10/17219.91,11/17219.91;0/0,1/0,2/0,3/0,4/0,5/0;0/1,1/0,2/8,3/8,4/6,5/4,6/2,7/1,8/6,9/2,10/1,11/6;0/0,1/0,2/0,3/0,4/0,5/0;0/11,1/8,2/17,3/20,4/17,5/10,6/12,7/5,8/11,9/12,10/11,11/12;0/0,1/0,2/0,3/0,4/0,5/0;0/4,1/4,2/3,3/4,4/4,5/4,6/4,7/3,8/3,9/4,10/4,11/4;0/81,1/82,2/68,3/67,4/67,5/84;0/318,1/309,2/271,3/309,4/329,5/321,6/334,7/263,8/274,9/303,10/336,11/326;0/519,1/513,2/426,3/416,4/418,5/526;0/1494,1/1330,2/1219,3/1355,4/1459,5/1453,6/1421,7/1227,8/1163,9/1393,10/1470,11/1427
17279.84;449;3704;6;12;0/12125.37,1/12184.41,2/13049.84,3/13148.8,4/13129.51,5/12055.95;0/2283.54,1/3925.96,2/5073.08,3/3700.97,4/2638.97,5/2696.79,6/3021.43,7/4971.39,8/5599.84,9/3296.19,10/2528.49,11/2957.13;0/17279.84,1/17279.84,2/17279.84,3/17279.84,4/17279.84,5/17279.84;0/17279.84,1/17279.84,2/17279.84,3/17279.84,4/17279.84,5/17279.84,6/17279.84,7/17279.84,8/17279.84,9/17279.84,10/17279.84,11/17279.84;0/0,1/0,2/0,3/0,4/0,5/0;0/1,1/0,2/8,3/6,4/3,5/1,6/4,7/2,8/5,9/1,10/1,11/3;0/0,1/0,2/0,3/0,4/0,5/0;0/11,1/7,2/18,3/17,4/15,5/12,6/17,7/6,8/9,9/8,10/12,11/13;0/0,1/0,2/0,3/0,4/0,5/0;0/4,1/4,2/3,3/4,4/4,5/4,6/4,7/3,8/3,9/4,10/4,11/4;0/81,1/82,2/68,3/67,4/67,5/84;0/319,1/309,2/272,3/310,4/330,5/322,6/336,7/264,8/274,9/304,10/337,11/327;0/519,1/513,2/426,3/416,4/418,5/526;0/1500,1/1336,2/1221,3/1358,4/1465,5/1459,6/1426,7/1231,8/1168,9/1399,10/1476,11/1433
17339.62;449;3718;6;12;0/12185.15,1/12244.19,2/13109.63,3/13208.58,4/13189.29,5/12115.73;0/2284.07,1/3926.4,2/5073.11,3/3701.29,4/2639.11,5/2697.07,6/3021.75,7/4972.1,8/5648.61,9/3296.58,10/2528.78,11/2961.24;0/17339.62,1/17339.62,2/17339.62,3/17339.62,4/17339.62,5/17339.62;0/17339.62,1/17339.62,2/17339.62,3/17339.62,4/17339.62,5/17339.62,6/17339.62,7/17339.62,8/17339.62,9/17339.62,10/17339.62,11/17339.62;0/0,1/0,2/0,3/0,4/0,5/0;0/0,1/4,2/8,3/10,4/3,5/2,6/4,7/5,8/1,9/2,10/1,11/3;0/0,1/0,2/0,3/0,4/0,5/0;0/9,1/10,2/12,3/22,4/13,5/12,6/20,7/9,8/8,9/10,10/9,11/10;0/0,1/0,2/0,3/0,4/0,5/0;0/4,1/4,2/3,3/4,4/4,5/4,6/4,7/3,8/3,9/4,10/4,11/4;0/81,1/82,2/68,3/67,4/67,5/84;0/320,1/310,2/273,3/310,4/331,5/324,6/337,7/266,8/276,9/305,10/338,11/328;0/519,1/513,2/426,3/416,4/418,5/526;0/1506,1/1342,2/1227,3/1364,4/1471,5/1465,6/1432,7/1237,8/1170,9/1405,10/1482,11/1438
17400;449;3733;6;12;0/12245.53,1/12304.57,2/13170,3/13268.96,4/13249.67,5/12176.11;0/2284.41,1/3927.2,2/5073.25,3/3701.4,4/2639.21,5/2697.33,6/3021.84,7/4994.63,8/5649.21,9/3296.8,10/2529.07,11/2961.4;0/17400,1/17400,2/17400,3/17400,4/17400,5/17400;0/17400,1/17400,2/17400,3/17400,4/17400,5/17400,6/17400,7/17400,8/17400,9/17400,10/17400,11/17400;0/0,1/0,2/0,3/0,4/0,5/0;0/1,1/4,2/6,3/8,4/4,5/1,6/4,7/5,8/2,9/0,10/1,11/5;0/0,1/0,2/0,3/0,4/0,5/0;0/8,1/14,2/8,3/18,4/12,5/11,6/16,7/11,8/9,9/10,10/8,11/10;0/0,1/0,2/0,3/0,4/0,5/0;0/4,1/4,2/3,3/4,4/4,5/4,6/4,7/3,8/3,9/4,10/4,11/4;0/81,1/82,2/68,3/67,4/67,5/84;0/321,1/312,2/274,3/311,4/332,5/324,6/338,7/268,8/277,9/306,10/340,11/330;0/519,1/513,2/426,3/416,4/418,5/526;0/1512,1/1348,2/1233,3/1370,4/1477,5/1471,6/1438,7/1241,8/1176,9/1411,10/1488,11/1444
17459.96;449;3747;6;12;0/12305.5,1/12364.54,2/13229.97,3/13328.93,4/13309.63,5/12236.07;0/2284.68,1/3927.37,2/5099.96,3/3701.52,4/2639.33,5/2699.46,6/3022.04,7/4999.96,8/5649.91,9/3296.99,10/2529.33,11/2980.81;0/17459.96,1/17459.96,2/17459.96,3/17459.96,4/17459.96,5/17459.96;0/17459.96,1/17459.96,2/17459.96,3/17459.96,4/17459.96,5/17459.96,6/17459.96,7/17459.96,8/17459.96,9/17459.96,10/17459.96,11/17459.96;0/0,1/0,2/0,3/0,4/0,5/0;0/3,1/0,2/6,3/8,4/2,5/3,6/2,7/6,8/1,9/2,10/2,11/1;0/0,1/0,2/0,3/0,4/0,5/0;0/10,1/9,2/11,3/13,4/8,5/11,6/13,7/10,8/6,9/8,10/10,11/8;0/0,1/0,2/0,3/0,4/0,5/0;0/4,1/4,2/3,3/4,4/4,5/4,6/4,7/3,8/3,9/4,10/4,11/4;0/81,1/82,2/68,3/67,4/67,5/84;0/323,1/313,2/275,3/313,4/333,5/326,6/339,7/268,8/278,9/307,10/341,11/331;0/519,1/513,2/426,3/416,4/418,5/526;0/1518,1/1354,2/1236,3/1376,4/1483,5/1477,6/1444,7/1246,8/1182,9/1417,10/1494,11/1448
17519.96;449;3762;6;12;0/12365.49,1/12424.53,2/13289.96,3/13388.92,4/13369.63,5/12296.07;0/2285.11,1/3927.83,2/5109.96,3/3709.96,4/2647.87,5/2699.69,6/3022.11,7/5014.28,8/5652.2,9/3297.32,10/2544.62,11/2985.92;0/17519.96,1/17519.96,2/17519.96,3/17519.96,4/17519.96,5/17519.96;0/17519.96,1/17519.96,2/17519.96,3/17519.96,4/17519.96,5/17519.96,6/17519.96,7/17519.96,8/17519.96,9/17519.96,10/17519.96,11/17519.96;0/0,1/0,2/0,3/0,4/0,5/0;0/0,1/2,2/5,3/8,4/3,5/0,6/2,7/6,8/3,9/2,10/3,11/2;0/0,1/0,2/0,3/0,4/0,5/0;0/9,1/9,2/10,3/11,4/11,5/10,6/11,7/8,8/9,9/11,10/12,11/13;0/0,1/0,2/0,3/0,4/0,5/0;0/4,1/4,2/3,3/4,4/4,5/4,6/4,7/3,8/3,9/4,10/4,11/4;0/81,1/82,2/68,3/67,4/67,5/84;0/324,1/314,2/277,3/314,4/335,5/327,6/340,7/269,8/279,9/309,10/342,11/332;0/519,1/513,2/426,3/416,4/418,5/526;0/1524,1/1360,2/1241,3/1381,4/1488,5/1483,6/1450,7/1251,8/1187,9/1423,10/1498,11/1454
17579.7;449;3777;6;12;0/12425.23,1/12484.27,2/13349.71,3/13448.66,4/13429.37,5/12355.81;0/2302.11,1/3959.7,2/5157.79,3/3759.7,4/2649.36,5/2704.61,6/3022.24,7/5047.22,8/5652.66,9/3297.48,10/2545,11/2986.36;0/17579.7,1/17579.7,2/17579.7,3/17579.7,4/17579.7,5/17579.7;0/17579.7,1/17579.7,2/17579.7,3/17579.7,4/17579.7,5/17579.7,6/17579.7,7/17579.7,8/17579.7,9/17579.7,10/17579.7,11/17579.7;0/0,1/0,2/0,3/0,4/0,5/0;0/0,1/0,2/3,3/5,4/9,5/0,6/1,7/4,8/10,9/1,10/3,11/5;0/0,1/0,2/0,3/0,4/0,5/0;0/11,1/10,2/8,3/12,4/17,5/16,6/11,7/7,8/16,9/10,10/12,11/13;0/0,1/0,2/0,3/0,4/0,5/0;0/4,1/4,2/3,3/4,4/4,5/4,6/4,7/3,8/3,9/4,10/4,11/4;0/81,1/82,2/68,3/67,4/67,5/84;0/325,1/315,2/278,3/315,4/336,5/329,6/341,7/271,8/280,9/310,10/343,11/334;0/519,1/513,2/426,3/416,4/418,5/526;0/1528,1/1362,2/1243,3/1382,4/1494,5/1488,6/1456,7/1254,8/1193,9/1429,10/1504,11/1460
17639.74;449;3788;6;12;0/12485.27,1/12544.31,2/13409.74,3/13508.7,4/13489.41,5/12415.85;0/2302.65,1/3976.08,2/5170.18,3/3763.64,4/2669.74,5/2705.32,6/3022.45,7/5050.43,8/5652.78,9/3297.65,10/2545.12,11/2986.65;0/17639.74,1/17639.74,2/17639.74,3/17639.74,4/17639.74,5/17639.74;0/17639.74,1/17639.74,2/17639.74,3/17639.74,4/17639.74,5/17639.74,6/17639.74,7/17639.74,8/17639.74,9/17639.74,10/17639.74,11/17639.74;0/0,1/0,2/0,3/0,4/0,5/0;0/0,1/0,2/1,3/3,4/4,5/1,6/2,7/4,8/9,9/1,10/1,11/2;0/0,1/0,2/0,3/0,4/0,5/0;0/10,1/14,2/5,3/8,4/15,5/19,6/13,7/8,8/12,9/10,10/8,11/10;0/0,1/0,2/0,3/0,4/0,5/0;0/4,1/4,2/3,3/4,4/4,5/4,6/4,7/3,8/3,9/4,10/4,11/4;0/81,1/82,2/68,3/67,4/67,5/84;0/325,1/316,2/280,3/317,4/337,5/329,6/341,7/272,8/281,9/311,10/344,11/335;0/519,1/513,2/426,3/416,4/418,5/526;0/1534,1/1367,2/1247,3/1388,4/1497,5/1494,6/1462,7/1259,8/1199,9/1435,10/1510,11/1466
17700;449;3805;6;12;0/12545.53,1/12604.57,2/13470,3/13568.96,4/13549.67,5/12476.1;0/2309.18,1/3976.34,2/5180,3/3764.18,4/2676.62,5/2705.41,6/3022.86,7/5050.56,8/5685.21,9/3297.82,10/2545.41,11/3008.64;0/17700,1/17700,2/17700,3/17700,4/17700,5/17700;0/17700,1/17700,2/17700,3/17700,4/17700,5/17700,6/17700,7/17700,8/17700,9/17700,10/17700,11/17700;0/0,1/0,2/0,3/0,4/0,5/0;0/1,1/5,2/6,3/3,4/5,5/2,6/4,7/9,8/10,9/0,10/0,11/2;0/0,1/0,2/0,3/0,4/0,5/0;0/9,1/21,2/15,3/9,4/13,5/19,6/12,7/13,8/14,9/9,10/10,11/12;0/0,1/0,2/0,3/0,4/0,5/0;0/4,1/4,2/3,3/4,4/4,5/4,6/4,7/3,8/3,9/4,10/4,11/4;0/81,1/82,2/68,3/67,4/67,5/84;0/327,1/317,2/280,3/319,4/339,5/330,6/342,7/273,8/283,9/312,10/346,11/337;0/519,1/513,2/426,3/416,4/418,5/526;0/1540,1/1373,2/1252,3/1394,4/1503,5/1500,6/1468,7/1265,8/1202,9/1441,10/1516,11/1470
17759.84;449;3817;6;12;0/12605.38,1/12664.41,2/13529.85,3/13628.81,4/13609.51,5/12535.95;0/2309.49,1/3976.45,2/5186.68,3/3769.84,4/2679.84,5/2705.61,6/3022.94,7/5081.4,8/5709.84,9/3298.19,10/2545.8,11/3009.84;0/17759.84,1/17759.84,2/17759.84,3/17759.84,4/17759.84,5/17759.84;0/17759.84,1/17759.84,2/17759.84,3/17759.84,4/17759.84,5/17759.84,6/17759.84,7/17759.84,8/17759.84,9/17759.84,10/17759.84,11/17759.84;0/0,1/0,2/0,3/0,4/0,5/0;0/1,1/6,2/5,3/5,4/2,5/5,6/0,7/8,8/9,9/0,10/3,11/0;0/0,1/0,2/0,3/0,4/0,5/0;0/12,1/19,2/15,3/14,4/10,5/22,6/6,7/16,8/11,9/7,10/14,11/9;0/0,1/0,2/0,3/0,4/0,5/0;0/4,1/4,2/3,3/4,4/4,5/4,6/4,7/3,8/3,9/4,10/4,11/4;0/81,1/82,2/68,3/67,4/67,5/84;0/328,1/318,2/281,3/320,4/340,5/331,6/344,7/275,8/283,9/313,10/347,11/337;0/519,1/513,2/426,3/416,4/418,5/526;0/1546,1/1379,2/1258,3/1399,4/1508,5/1506,6/1474,7/1268,8/1205,9/1447,10/1522,11/1475
17819.98;449;3832;6;12;0/12665.52,1/12724.56,2/13589.99,3/13688.95,4/13669.65,5/12596.09;0/2309.76,1/3976.85,2/5187.52,3/3772.62,4/2721.01,5/2705.71,6/3051.63,7/5103.27,8/5754.58,9/3298.73,10/2545.97,11/3017.1;0/17819.98,1/17819.98,2/17819.98,3/17819.98,4/17819.98,5/17819.98;0/17819.98,1/17819.98,2/17819.98,3/17819.98,4/17819.98,5/17819.98,6/17819.98,7/17819.98,8/17819.98,9/17819.98,10/17819.98,11/17819.98;0/0,1/0,2/0,3/0,4/0,5/0;0/2,1/4,2/7,3/8,4/0,5/5,6/1,7/8,8/7,9/0,10/2,11/0;0/0,1/0,2/0,3/0,4/0,5/0;0/14,1/20,2/16,3/15,4/9,5/16,6/10,7/12,8/10,9/9,10/12,11/6;0/0,1/0,2/0,3/0,4/0,5/0;0/4,1/4,2/3,3/4,4/4,5/4,6/4,7/3,8/3,9/4,10/4,11/4;0/81,1/82,2/68,3/67,4/67,5/84;0/329,1/318,2/283,3/322,4/342,5/331,6/345,7/276,8/285,9/314,10/348,11/339;0/519,1/513,2/426,3/416,4/418,5/526;0/1552,1/1385,2/1264,3/1405,4/1510,5/1512,6/1477,7/1272,8/1207,9/1453,10/1528,11/1481
17879.96;449;3844;6;12;0/12725.49,1/12784.53,2/13649.96,3/13748.92,4/13729.63,5/12656.07;0/2309.96,1/3976.96,2/5187.62,3/3772.81,4/2721.15,5/2706.14,6/3051.91,7/5119.96,8/5801.91,9/3309.27,10/2546.23,11/3022.94;0/17879.96,1/17879.96,2/17879.96,3/17879.96,4/17879.96,5/17879.96;0/17879.96,1/17879.96,2/17879.96,3/17879.96,4/17879.96,5/17879.96,6/17879.96,7/17879.96,8/17879.96,9/17879.96,10/17879.96,11/17879.96;0/0,1/0,2/0,3/0,4/0,5/0;0/3,1/3,2/5,3/3,4/2,5/5,6/3,7/5,8/3,9/0,10/4,11/1;0/0,1/0,2/0,3/0,4/0,5/0;0/11,1/15,2/10,3/13,4/9,5/17,6/8,7/11,8/9,9/8,10/11,11/7;0/0,1/0,2/0,3/0,4/0,5/0;0/4,1/4,2/3,3/4,4/4,5/4,6/4,7/3,8/3,9/4,10/4,11/4;0/81,1/82,2/68,3/67,4/67,5/84;0/330,1/319,2/283,3/323,4/343,5/332,6/345,7/277,8/286,9/316,10/349,11/341;0/519,1/513,2/426,3/416,4/418,5/526;0/1557,1/1391,2/1270,3/1411,4/1516,5/1518,6/1483,7/1276,8/1208,9/1458,10/1534,11/1486
17939.93;449;3860;6;12;0/12785.47,1/12844.51,2/13709.94,3/13808.9,4/13789.6,5/12716.04;0/2311.54,1/3977.5,2/5209.93,3/3772.93,4/2721.33,5/2709.75,6/3052.18,7/5144.83,8/5802.08,9/3309.47,10/2546.62,11/3023.26;0/17939.93,1/17939.93,2/17939.93,3/17939.93,4/17939.93,5/17939.93;0/17939.93,1/17939.93,2/17939.93,3/17939.93,4/17939.93,5/17939.93,6/17939.93,7/17939.93,8/17939.93,9/17939.93,10/17939.93,11/17939.93;0/0,1/0,2/0,3/0,4/0,5/0;0/1,1/3,2/5,3/0,4/5,5/4,6/2,7/3,8/6,9/0,10/5,11/1;0/0,1/0,2/0,3/0,4/0,5/0;0/9,1/13,2/8,3/10,4/13,5/11,6/9,7/9,8/9,9/12,10/11,11/9;0/0,1/0,2/0,3/0,4/0,5/0;0/4,1/4,2/3,3/4,4/4,5/4,6/4,7/3,8/3,9/4,10/4,11/4;0/81,1/82,2/68,3/67,4/67,5/84;0/331,1/321,2/284,3/324,4/345,5/333,6/347,7/278,8/288,9/316,10/351,11/342;0/519,1/513,2/426,3/416,4/418,5/526;0/1563,1/1397,2/1273,3/1417,4/1522,5/1524,6/1489,7/1280,8/1214,9/1464,10/1540,11/1492
17999.99;449;3873;6;12;0/12845.52,1/12904.56,2/13770,3/13868.95,4/13849.66,5/12776.1;0/2311.85,1/3977.7,2/5249.99,3/3773.22,4/2721.43,5/2709.89,6/3053.48,7/5145.35,8/5839.99,9/3309.85,10/2589.99,11/3030.22;0/17999.99,1/17999.99,2/17999.99,3/17999.99,4/17999.99,5/17999.99;0/17999.99,1/17999.99,2/17999.99,3/17999.99,4/17999.99,5/17999.99,6/17999.99,7/17999.99,8/17999.99,9/17999.99,10/17999.99,11/17999.99;0/0,1/0,2/0,3/0,4/0,5/0;0/0,1/3,2/3,3/0,4/5,5/3,6/2,7/2,8/3,9/7,10/0,11/7;0/0,1/0,2/0,3/0,4/0,5/0;0/7,1/9,2/6,3/9,4/10,5/5,6/9,7/9,8/8,9/18,10/10,11/16;0/0,1/0,2/0,3/0,4/0,5/0;0/4,1/4,2/3,3/4,4/4,5/4,6/4,7/3,8/3,9/4,10/4,11/4;0/81,1/82,2/68,3/67,4/67,5/84;0/333,1/321,2/285,3/325,4/346,5/335,6/349,7/279,8/288,9/317,10/351,11/344;0/519,1/513,2/426,3/416,4/418,5/526;0/1569,1/1403,2/1275,3/1423,4/1528,5/1530,6/1495,7/1286,8/1216,9/1470,10/1541,11/1497
18059.96;449;3893;6;12;0/12905.49,1/12964.53,2/13829.96,3/13928.92,4/13909.63,5/12836.07;0/2312.57,1/3978.13,2/5289.96,3/3773.46,4/2721.56,5/2759.2,6/3096.43,7/5145.69,8/5862.79,9/3310.16,10/2594.58,11/3030.67;0/18059.96,1/18059.96,2/18059.96,3/18059.96,4/18059.96,5/18059.96;0/18059.96,1/18059.96,2/18059.96,3/18059.96,4/18059.96,5/18059.96,6/18059.96,7/18059.96,8/18059.96,9/18059.96,10/18059.96,11/18059.96;0/0,1/0,2/0,3/0,4/0,5/0;0/3,1/7,2/7,3/0,4/4,5/1,6/0,7/2,8/2,9/7,10/0,11/4;0/0,1/0,2/0,3/0,4/0,5/0;0/7,1/12,2/9,3/7,4/9,5/6,6/8,7/6,8/7,9/21,10/8,11/16;0/0,1/0,2/0,3/0,4/0,5/0;0/4,1/4,2/3,3/4,4/4,5/4,6/4,7/3,8/3,9/4,10/4,11/4;0/81,1/82,2/68,3/67,4/67,5/84;0/334,1/323,2/287,3/326,4/348,5/336,6/351,7/281,8/290,9/319,10/353,11/345;0/519,1/513,2/426,3/416,4/418,5/526;0/1575,1/1409,2/1277,3/1429,4/1534,5/1531,6/1497,7/1292,8/1220,9/1475,10/1547,11/1503
18119.83;449;3904;6;12;0/12965.37,1/13024.4,2/13889.84,3/13988.8,4/13969.5,5/12895.94;0/2339.83,1/3980.28,2/5341.36,3/3773.85,4/2762.28,5/2769.57,6/3096.59,7/5169.83,8/5863.09,9/3310.33,10/2595.43,11/3031.31;0/18119.83,1/18119.83,2/18119.83,3/18119.83,4/18119.83,5/18119.83;0/18119.83,1/18119.83,2/18119.83,3/18119.83,4/18119.83,5/18119.83,6/18119.83,7/18119.83,8/18119.83,9/18119.83,10/18119.83,11/18119.83;0/0,1/0,2/0,3/0,4/0,5/0;0/1,1/1,2/3,3/0,4/4,5/3,6/0,7/0,8/1,9/6,10/2,11/2;0/0,1/0,2/0,3/0,4/0,5/0;0/13,1/11,2/8,3/5,4/15,5/15,6/6,7/9,8/6,9/19,10/10,11/14;0/0,1/0,2/0,3/0,4/0,5/0;0/4,1/4,2/3,3/4,4/4,5/4,6/4,7/3,8/3,9/4,10/4,11/4;0/81,1/82,2/68,3/67,4/67,5/84;0/335,1/324,2/288,3/328,4/349,5/338,6/351,7/281,8/291,9/319,10/354,11/346;0/519,1/513,2/426,3/416,4/418,5/526;0/1578,1/1414,2/1278,3/1435,4/1536,5/1536,6/1503,7/1295,8/1226,9/1481,10/1553,11/1509
18179.96;449;3919;6;12;0/13025.49,1/13084.53,2/13949.96,3/14048.92,4/14029.63,5/12956.07;0/2341.51,1/3982.86,2/5366.2,3/3784.96,4/2768.71,5/2769.77,6/3097.08,7/5172.77,8/5863.29,9/3310.42,10/2595.63,11/3031.51;0/18179.96,1/18179.96,2/18179.96,3/18179.96,4/18179.96,5/18179.96;0/18179.96,1/18179.96,2/18179.96,3/18179.96,4/18179.96,5/18179.96,6/18179.96,7/18179.96,8/18179.96,9/18179.96,10/18179.96,11/18179.96;0/0,1/0,2/0,3/0,4/0,5/0;0/4,1/6,2/5,3/0,4/0,5/4,6/2,7/6,8/3,9/5,10/1,11/1;0/0,1/0,2/0,3/0,4/0,5/0;0/14,1/14,2/9,3/8,4/12,5/17,6/11,7/12,8/8,9/13,10/12,11/13;0/0,1/0,2/0,3/0,4/0,5/0;0/4,1/4,2/3,3/4,4/4,5/4,6/4,7/3,8/3,9/4,10/4,11/4;0/81,1/82,2/68,3/67,4/67,5/84;0/337,1/325,2/290,3/329,4/351,5/339,6/352,7/283,8/291,9/321,10/354,11/347;0/519,1/513,2/426,3/416,4/418,5/526;0/1584,1/1420,2/1282,3/1440,4/1542,5/1542,6/1509,7/1301,8/1232,9/1487,10/1559,11/1515
18239.95;449;3934;6;12;0/13085.48,1/13144.52,2/14009.95,3/14108.91,4/14089.62,5/13016.06;0/2341.68,1/3983.21,2/5379.95,3/3785.21,4/2768.95,5/2769.86,6/3097.89,7/5174.93,8/5865.14,9/3310.51,10/2595.92,11/3031.72;0/18239.95,1/18239.95,2/18239.95,3/18239.95,4/18239.95,5/18239.95;0/18239.95,1/18239.95,2/18239.95,3/18239.95,4/18239.95,5/18239.95,6/18239.95,7/18239.95,8/18239.95,9/18239.95,10/18239.95,11/18239.95;0/0,1/0,2/0,3/0,4/0,5/0;0/5,1/3,2/5,3/0,4/0,5/2,6/7,7/6,8/5,9/5,10/2,11/0;0/0,1/0,2/0,3/0,4/0,5/0;0/14,1/14,2/9,3/9,4/11,5/12,6/16,7/15,8/7,9/10,10/13,11/10;0/0,1/0,2/0,3/0,4/0,5/0;0/4,1/4,2/3,3/4,4/4,5/4,6/4,7/3,8/3,9/4,10/4,11/4;0/81,1/82,2/68,3/67,4/67,5/84;0/338,1/327,2/290,3/330,4/352,5/340,6/354,7/284,8/293,9/322,10/356,11/348;0/519,1/513,2/426,3/416,4/418,5/526;0/1590,1/1426,2/1286,3/1446,4/1548,5/1548,6/1515,7/1307,8/1238,9/1493,10/1565,11/1521
18299.67;449;3949;6;12;0/13145.2,1/13204.24,2/14069.67,3/14168.63,4/14149.34,5/13075.77;0/2343.79,1/3983.38,2/5421.15,3/3785.51,4/2769.16,5/2770.05,6/3099.67,7/5175.07,8/5875.47,9/3310.79,10/2596.11,11/3032.05;0/18299.67,1/18299.67,2/18299.67,3/18299.67,4/18299.67,5/18299.67;0/18299.67,1/18299.67,2/18299.67,3/18299.67,4/18299.67,5/18299.67,6/18299.67,7/18299.67,8/18299.67,9/18299.67,10/18299.67,11/18299.67;0/0,1/0,2/0,3/0,4/0,5/0;0/6,1/1,2/4,3/0,4/3,5/3,6/5,7/7,8/4,9/1,10/3,11/0;0/0,1/0,2/0,3/0,4/0,5/0;0/14,1/9,2/8,3/8,4/14,5/10,6/12,7/12,8/10,9/8,10/13,11/9;0/0,1/0,2/0,3/0,4/0,5/0;0/4,1/4,2/3,3/4,4/4,5/4,6/4,7/3,8/3,9/4,10/4,11/4;0/81,1/82,2/68,3/67,4/67,5/84;0/339,1/328,2/292,3/331,4/353,5/341,6/355,7/285,8/295,9/324,10/357,11/349;0/519,1/513,2/426,3/416,4/418,5/526;0/1596,1/1432,2/1288,3/1452,4/1554,5/1553,6/1520,7/1313,8/1243,9/1499,10/1571,11/1527
18360;449;3964;6;12;0/13205.53,1/13264.57,2/14130,3/14228.96,4/14209.67,5/13136.11;0/2343.97,1/3983.62,2/5450,3/3785.93,4/2769.37,5/2770.49,6/3103.71,7/5200,8/5875.82,9/3327.91,10/2596.18,11/3032.37;0/18360,1/18360,2/18360,3/18360,4/18360,5/18360;0/18360,1/18360,2/18360,3/18360,4/18360,5/18360,6/18360,7/18360,8/18360,9/18360,10/18360,11/18360;0/0,1/0,2/0,3/0,4/0,5/0;0/7,1/4,2/2,3/5,4/2,5/3,6/5,7/7,8/4,9/1,10/3,11/2;0/0,1/0,2/0,3/0,4/0,5/0;0/13,1/14,2/8,3/13,4/14,5/9,6/14,7/12,8/11,9/10,10/8,11/14;0/0,1/0,2/0,3/0,4/0,5/0;0/4,1/4,2/3,3/4,4/4,5/4,6/4,7/3,8/3,9/4,10/4,11/4;0/81,1/82,2/68,3/67,4/67,5/84;0/341,1/329,2/292,3/332,4/354,5/343,6/357,7/285,8/296,9/326,10/358,11/351;0/519,1/513,2/426,3/416,4/418,5/526;0/1602,1/1438,2/1291,3/1458,4/1560,5/1559,6/1526,7/1316,8/1249,9/1504,10/1577,11/1533
18419.97;449;3977;6;12;0/13265.51,1/13324.54,2/14189.98,3/14288.93,4/14269.64,5/13196.08;0/2344.1,1/3983.68,2/5459.97,3/3786.59,4/2769.49,5/2779.97,6/3103.93,7/5249.97,8/5904.06,9/3328.28,10/2600.34,11/3032.62;0/18419.97,1/18419.97,2/18419.97,3/18419.97,4/18419.97,5/18419.97;0/18419.97,1/18419.97,2/18419.97,3/18419.97,4/18419.97,5/18419.97,6/18419.97,7/18419.97,8/18419.97,9/18419.97,10/18419.97,11/18419.97;0/0,1/0,2/0,3/0,4/0,5/0;0/3,1/2,2/4,3/6,4/0,5/0,6/3,7/6,8/3,9/0,10/1,11/2;0/0,1/0,2/0,3/0,4/0,5/0;0/14,1/11,2/9,3/16,4/9,5/9,6/11,7/11,8/13,9/6,10/8,11/13;0/0,1/0,2/0,3/0,4/0,5/0;0/4,1/4,2/3,3/4,4/4,5/4,6/4,7/3,8/3,9/4,10/4,11/4;0/81,1/82,2/68,3/67,4/67,5/84;0/343,1/330,2/294,3/333,4/355,5/343,6/358,7/286,8/297,9/327,10/360,11/351;0/519,1/513,2/426,3/416,4/418,5/526;0/1608,1/1444,2/1296,3/1464,4/1566,5/1564,6/1532,7/1317,8/1252,9/1510,10/1582,11/1539
18479.98;449;3993;6;12;0/13325.51,1/13384.55,2/14249.98,3/14348.94,4/14329.65,5/13256.09;0/2344.52,1/3983.89,2/5493.04,3/3792.19,4/2770,5/2797.71,6/3106.13,7/5279.98,8/5904.14,9/3339.36,10/2600.7,11/3032.87;0/18479.98,1/18479.98,2/18479.98,3/18479.98,4/18479.98,5/18479.98;0/18479.98,1/18479.98,2/18479.98,3/18479.98,4/18479.98,5/18479.98,6/18479.98,7/18479.98,8/18479.98,9/18479.98,10/18479.98,11/18479.98;0/0,1/0,2/0,3/0,4/0,5/0;0/2,1/2,2/6,3/5,4/0,5/0,6/1,7/5,8/4,9/9,10/2,11/3;0/0,1/0,2/0,3/0,4/0,5/0;0/11,1/9,2/10,3/13,4/9,5/10,6/9,7/8,8/10,9/18,10/10,11/12;0/0,1/0,2/0,3/0,4/0,5/0;0/4,1/4,2/3,3/4,4/4,5/4,6/4,7/3,8/3,9/4,10/4,11/4;0/81,1/82,2/68,3/67,4/67,5/84;0/344,1/331,2/295,3/335,4/356,5/344,6/360,7/287,8/298,9/329,10/362,11/352;0/519,1/513,2/426,3/416,4/418,5/526;0/1614,1/1450,2/1299,3/1469,4/1571,5/1569,6/1538,7/1320,8/1258,9/1515,10/1588,11/1545
18539.87;449;4005;6;12;0/13385.4,1/13444.44,2/14309.87,3/14408.83,4/14389.54,5/13315.98;0/2344.82,1/4009.87,2/5519.06,3/3809.87,4/2770.45,5/2798,6/3106.43,7/5329.87,8/5907.38,9/3339.57,10/2600.92,11/3033.16;0/18539.87,1/18539.87,2/18539.87,3/18539.87,4/18539.87,5/18539.87;0/18539.87,1/18539.87,2/18539.87,3/18539.87,4/18539.87,5/18539.87,6/18539.87,7/18539.87,8/18539.87,9/18539.87,10/18539.87,11/18539.87;0/0,1/0,2/0,3/0,4/0,5/0;0/0,1/2,2/7,3/3,4/3,5/11,6/3,7/5,8/6,9/2,10/3,11/1;0/0,1/0,2/0,3/0,4/0,5/0;0/7,1/9,2/13,3/9,4/12,5/17,6/8,7/10,8/11,9/17,10/12,11/9;0/0,1/0,2/0,3/0,4/0,5/0;0/4,1/4,2/3,3/4,4/4,5/4,6/4,7/3,8/3,9/4,10/4,11/4;0/81,1/82,2/68,3/67,4/67,5/84;0/345,1/332,2/296,3/335,4/357,5/346,6/361,7/288,8/299,9/330,10/363,11/353;0/519,1/513,2/426,3/416,4/418,5/526;0/1620,1/1453,2/1303,3/1473,4/1577,5/1575,6/1544,7/1321,8/1264,9/1521,10/1594,11/1551
18599.96;449;4021;6;12;0/13445.5,1/13504.53,2/14369.97,3/14468.93,4/14449.63,5/13376.07;0/2345.27,1/4016.36,2/5519.96,3/3821.98,4/2770.64,5/2798.47,6/3139.96,7/5369.96,8/5907.63,9/3345.79,10/2601.08,11/3033.38;0/18599.96,1/18599.96,2/18599.96,3/18599.96,4/18599.96,5/18599.96;0/18599.96,1/18599.96,2/18599.96,3/18599.96,4/18599.96,5/18599.96,6/18599.96,7/18599.96,8/18599.96,9/18599.96,10/18599.96,11/18599.96;0/0,1/0,2/0,3/0,4/0,5/0;0/6,1/3,2/4,3/2,4/0,5/8,6/1,7/5,8/6,9/0,10/5,11/0;0/0,1/0,2/0,3/0,4/0,5/0;0/12,1/9,2/10,3/7,4/8,5/20,6/11,7/8,8/7,9/12,10/12,11/11;0/0,1/0,2/0,3/0,4/0,5/0;0/4,1/4,2/3,3/4,4/4,5/4,6/4,7/3,8/3,9/4,10/4,11/4;0/81,1/82,2/68,3/67,4/67,5/84;0/346,1/334,2/297,3/338,4/358,5/347,6/362,7/290,8/301,9/331,10/363,11/354;0/519,1/513,2/426,3/416,4/418,5/526;0/1626,1/1459,2/1308,3/1478,4/1583,5/1581,6/1546,7/1323,8/1270,9/1526,10/1600,11/1557
18659.86;449;4032;6;12;0/13505.4,1/13564.44,2/14429.87,3/14528.83,4/14509.53,5/13435.97;0/2358.3,1/4016.51,2/5534.11,3/3829.86,4/2771.19,5/2798.74,6/3156.83,7/5427.56,8/5959.86,9/3345.99,10/2601.19,11/3033.6;0/18659.86,1/18659.86,2/18659.86,3/18659.86,4/18659.86,5/18659.86;0/18659.86,1/18659.86,2/18659.86,3/18659.86,4/18659.86,5/18659.86,6/18659.86,7/18659.86,8/18659.86,9/18659.86,10/18659.86,11/18659.86;0/0,1/0,2/0,3/0,4/0,5/0;0/2,1/3,2/1,3/2,4/3,5/7,6/2,7/3,8/3,9/0,10/4,11/2;0/0,1/0,2/0,3/0,4/0,5/0;0/8,1/9,2/6,3/9,4/16,5/23,6/12,7/7,8/7,9/8,10/6,11/9;0/0,1/0,2/0,3/0,4/0,5/0;0/4,1/4,2/3,3/4,4/4,5/4,6/4,7/3,8/3,9/4,10/4,11/4;0/81,1/82,2/68,3/67,4/67,5/84;0/347,1/335,2/298,3/339,4/359,5/348,6/363,7/291,8/301,9/331,10/365,11/355;0/519,1/513,2/426,3/416,4/418,5/526;0/1631,1/1465,2/1313,3/1483,4/1589,5/1587,6/1551,7/1324,8/1270,9/1532,10/1606,11/1563
18719.86;449;4047;6;12;0/13565.39,1/13624.43,2/14489.86,3/14588.82,4/14569.52,5/13495.96;0/2358.8,1/4024.29,2/5551.74,3/3856.16,4/2771.36,5/2798.76,6/3158.2,7/5457.37,8/6009.86,9/3348.13,10/2649.86,11/3034.21;0/18719.86,1/18719.86,2/18719.86,3/18719.86,4/18719.86,5/18719.86;0/18719.86,1/18719.86,2/18719.86,3/18719.86,4/18719.86,5/18719.86,6/18719.86,7/18719.86,8/18719.86,9/18719.86,10/18719.86,11/18719.86;0/0,1/0,2/0,3/0,4/0,5/0;0/4,1/2,2/6,3/2,4/6,5/6,6/4,7/2,8/3,9/1,10/4,11/6;0/0,1/0,2/0,3/0,4/0,5/0;0/9,1/7,2/15,3/12,4/18,5/17,6/10,7/8,8/8,9/10,10/9,11/11;0/0,1/0,2/0,3/0,4/0,5/0;0/4,1/4,2/3,3/4,4/4,5/4,6/4,7/3,8/3,9/4,10/4,11/4;0/81,1/82,2/68,3/67,4/67,5/84;0/348,1/336,2/299,3/341,4/360,5/349,6/365,7/293,8/302,9/332,10/366,11/356;0/519,1/513,2/426,3/416,4/418,5/526;0/1637,1/1470,2/1317,3/1487,4/1595,5/1593,6/1557,7/1327,8/1271,9/1538,10/1607,11/1569
18779.78;449;4067;6;12;0/13625.31,1/13684.35,2/14549.79,3/14648.74,4/14629.45,5/13555.89;0/2359.17,1/4070.21,2/5551.9,3/3863.51,4/2771.44,5/2798.91,6/3159.78,7/5457.81,8/6034.44,9/3348.51,10/2650.77,11/3034.53;0/18779.78,1/18779.78,2/18779.78,3/18779.78,4/18779.78,5/18779.78;0/18779.78,1/18779.78,2/18779.78,3/18779.78,4/18779.78,5/18779.78,6/18779.78,7/18779.78,8/18779.78,9/18779.78,10/18779.78,11/18779.78;0/0,1/0,2/0,3/0,4/0,5/0;0/4,1/1,2/5,3/1,4/4,5/5,6/4,7/2,8/3,9/0,10/8,11/2;0/0,1/0,2/0,3/0,4/0,5/0;0/9,1/9,2/11,3/10,4/12,5/13,6/11,7/13,8/10,9/8,10/10,11/12;0/0,1/0,2/0,3/0,4/0,5/0;0/4,1/4,2/3,3/4,4/4,5/4,6/4,7/3,8/3,9/4,10/4,11/4;0/81,1/82,2/68,3/67,4/67,5/84;0/350,1/338,2/300,3/343,4/361,5/351,6/366,7/293,8/304,9/334,10/370,11/357;0/519,1/513,2/426,3/416,4/418,5/526;0/1643,1/1471,2/1323,3/1492,4/1601,5/1599,6/1562,7/1333,8/1275,9/1544,10/1613,11/1575
18839.82;449;4075;6;12;0/13685.36,1/13744.4,2/14609.83,3/14708.79,4/14689.49,5/13615.93;0/2373.14,1/4070.53,2/5552.11,3/3863.74,4/2771.8,5/2806.61,6/3164.1,7/5457.89,8/6039.82,9/3357.89,10/2689.82,11/3034.64;0/18839.82,1/18839.82,2/18839.82,3/18839.82,4/18839.82,5/18839.82;0/18839.82,1/18839.82,2/18839.82,3/18839.82,4/18839.82,5/18839.82,6/18839.82,7/18839.82,8/18839.82,9/18839.82,10/18839.82,11/18839.82;0/0,1/0,2/0,3/0,4/0,5/0;0/8,1/0,2/5,3/0,4/4,5/7,6/3,7/2,8/8,9/0,10/4,11/1;0/0,1/0,2/0,3/0,4/0,5/0;0/14,1/8,2/10,3/8,4/12,5/13,6/8,7/9,8/17,9/5,10/14,11/8;0/0,1/0,2/0,3/0,4/0,5/0;0/4,1/4,2/3,3/4,4/4,5/4,6/4,7/3,8/3,9/4,10/4,11/4;0/81,1/82,2/68,3/67,4/67,5/84;0/351,1/339,2/301,3/343,4/362,5/352,6/367,7/293,8/304,9/335,10/370,11/358;0/519,1/513,2/426,3/416,4/418,5/526;0/1647,1/1477,2/1329,3/1498,4/1607,5/1604,6/1568,7/1339,8/1280,9/1549,10/1615,11/1581
18899.91;449;4091;6;12;0/13745.45,1/13804.48,2/14669.92,3/14768.87,4/14749.58,5/13676.02;0/2373.24,1/4071.01,2/5569.91,3/3864,4/2772.07,5/2809.91,6/3164.34,7/5459.91,8/6052.07,9/3358.54,10/2709.33,11/3034.87;0/18899.91,1/18899.91,2/18899.91,3/18899.91,4/18899.91,5/18899.91;0/18899.91,1/18899.91,2/18899.91,3/18899.91,4/18899.91,5/18899.91,6/18899.91,7/18899.91,8/18899.91,9/18899.91,10/18899.91,11/18899.91;0/0,1/0,2/0,3/0,4/0,5/0;0/5,1/1,2/7,3/0,4/4,5/3,6/3,7/6,8/7,9/3,10/4,11/1;0/0,1/0,2/0,3/0,4/0,5/0;0/10,1/9,2/11,3/7,4/12,5/10,6/6,7/11,8/15,9/12,10/11,11/8;0/0,1/0,2/0,3/0,4/0,5/0;0/4,1/4,2/3,3/4,4/4,5/4,6/4,7/3,8/3,9/4,10/4,11/4;0/81,1/82,2/68,3/67,4/67,5/84;0/352,1/340,2/302,3/344,4/364,5/353,6/369,7/294,8/306,9/335,10/372,11/360;0/519,1/513,2/426,3/416,4/418,5/526;0/1653,1/1483,2/1333,3/1504,4/1613,5/1609,6/1574,7/1344,8/1285,9/1555,10/1620,11/1587
18959.9;449;4109;6;12;0/13805.44,1/13864.47,2/14729.91,3/14828.87,4/14809.57,5/13736.01;0/2373.66,1/4071.43,2/5585.38,3/3864.43,4/2777.08,5/2847.91,6/3179.9,7/5469.9,8/6052.24,9/3358.94,10/2716.69,11/3035.19;0/18959.9,1/18959.9,2/18959.9,3/18959.9,4/18959.9,5/18959.9;0/18959.9,1/18959.9,2/18959.9,3/18959.9,4/18959.9,5/18959.9,6/18959.9,7/18959.9,8/18959.9,9/18959.9,10/18959.9,11/18959.9;0/0,1/0,2/0,3/0,4/0,5/0;0/2,1/2,2/7,3/0,4/3,5/10,6/2,7/6,8/4,9/2,10/3,11/7;0/0,1/0,2/0,3/0,4/0,5/0;0/9,1/12,2/11,3/6,4/9,5/16,6/10,7/13,8/11,9/12,10/8,11/13;0/0,1/0,2/0,3/0,4/0,5/0;0/4,1/4,2/3,3/4,4/4,5/4,6/4,7/3,8/3,9/4,10/4,11/4;0/81,1/82,2/68,3/67,4/67,5/84;0/354,1/340,2/304,3/346,4/366,5/355,6/370,7/295,8/307,9/336,10/374,11/362;0/519,1/513,2/426,3/416,4/418,5/526;0/1659,1/1489,2/1338,3/1510,4/1619,5/1612,6/1578,7/1349,8/1291,9/1561,10/1625,11/1593
19019.99;449;4123;6;12;0/13865.53,1/13924.56,2/14790,3/14888.96,4/14869.66,5/13796.1;0/2373.99,1/4071.78,2/5594.17,3/3890.68,4/2789.99,5/2889.5,6/3214.73,7/5528.19,8/6052.67,9/3359.18,10/2716.85,11/3035.46;0/19019.99,1/19019.99,2/19019.99,3/19019.99,4/19019.99,5/19019.99;0/19019.99,1/19019.99,2/19019.99,3/19019.99,4/19019.99,5/19019.99,6/19019.99,7/19019.99,8/19019.99,9/19019.99,10/19019.99,11/19019.99;0/0,1/0,2/0,3/0,4/0,5/0;0/3,1/2,2/5,3/0,4/7,5/4,6/3,7/3,8/2,9/1,10/4,11/8;0/0,1/0,2/0,3/0,4/0,5/0;0/8,1/7,2/8,3/6,4/13,5/17,6/12,7/12,8/9,9/9,10/12,11/19;0/0,1/0,2/0,3/0,4/0,5/0;0/4,1/4,2/3,3/4,4/4,5/4,6/4,7/3,8/3,9/4,10/4,11/4;0/81,1/82,2/68,3/67,4/67,5/84;0/355,1/341,2/306,3/347,4/367,5/356,6/371,7/296,8/308,9/338,10/375,11/363;0/519,1/513,2/426,3/416,4/418,5/526;0/1665,1/1495,2/1343,3/1513,4/1623,5/1614,6/1581,7/1350,8/1297,9/1567,10/1631,11/1599
19079.98;449;4136;6;12;0/13925.52,1/13984.56,2/14849.99,3/14948.95,4/14929.65,5/13856.09;0/2374.33,1/4072.19,2/5629.98,3/3891.57,4/2828.24,5/2889.85,6/3229.98,7/5528.61,8/6053.24,9/3359.44,10/2717.23,11/3035.79;0/19079.98,1/19079.98,2/19079.98,3/19079.98,4/19079.98,5/19079.98;0/19079.98,1/19079.98,2/19079.98,3/19079.98,4/19079.98,5/19079.98,6/19079.98,7/19079.98,8/19079.98,9/19079.98,10/19079.98,11/19079.98;0/0,1/0,2/0,3/0,4/0,5/0;0/3,1/2,2/5,3/1,4/9,5/5,6/2,7/4,8/1,9/3,10/5,11/6;0/0,1/0,2/0,3/0,4/0,5/0;0/8,1/9,2/10,3/13,4/20,5/16,6/9,7/11,8/10,9/12,10/16,11/17;0/0,1/0,2/0,3/0,4/0,5/0;0/4,1/4,2/3,3/4,4/4,5/4,6/4,7/3,8/3,9/4,10/4,11/4;0/81,1/82,2/68,3/67,4/67,5/84;0/357,1/343,2/306,3/348,4/368,5/357,6/373,7/297,8/309,9/338,10/376,11/364;0/519,1/513,2/426,3/416,4/418,5/526;0/1671,1/1501,2/1345,3/1519,4/1626,5/1620,6/1585,7/1356,8/1303,9/1573,10/1637,11/1605
19139.96;449;4147;6;12;0/13985.5,1/14044.53,2/14909.97,3/15008.93,4/14989.63,5/13916.07;0/2429.96,1/4079.96,2/5671.26,3/3891.89,4/2828.31,5/2889.96,6/3234.47,7/5528.85,8/6053.47,9/3359.85,10/2717.3,11/3035.88;0/19139.96,1/19139.96,2/19139.96,3/19139.96,4/19139.96,5/19139.96;0/19139.96,1/19139.96,2/19139.96,3/19139.96,4/19139.96,5/19139.96,6/19139.96,7/19139.96,8/19139.96,9/19139.96,10/19139.96,11/19139.96;0/0,1/0,2/0,3/0,4/0,5/0;0/1,1/1,2/4,3/1,4/9,5/4,6/5,7/7,8/1,9/4,10/6,11/8;0/0,1/0,2/0,3/0,4/0,5/0;0/10,1/8,2/9,3/12,4/14,5/13,6/12,7/9,8/8,9/15,10/15,11/14;0/0,1/0,2/0,3/0,4/0,5/0;0/4,1/4,2/3,3/4,4/4,5/4,6/4,7/3,8/3,9/4,10/4,11/4;0/81,1/82,2/68,3/67,4/67,5/84;0/357,1/344,2/308,3/349,4/369,5/358,6/374,7/297,8/309,9/340,10/376,11/366;0/519,1/513,2/426,3/416,4/418,5/526;0/1671,1/1506,2/1347,3/1525,4/1632,5/1626,6/1591,7/1362,8/1309,9/1579,10/1643,11/1611
19199.94;449;4163;6;12;0/14045.47,1/14104.51,2/14969.94,3/15068.9,4/15049.61,5/13976.05;0/2430.52,1/4091.05,2/5671.67,3/3919.26,4/2829.94,5/2892.23,6/3253.98,7/5566.68,8/6053.66,9/3359.94,10/2717.44,11/3036.12;0/19199.94,1/19199.94,2/19199.94,3/19199.94,4/19199.94,5/19199.94;0/19199.94,1/19199.94,2/19199.94,3/19199.94,4/19199.94,5/19199.94,6/19199.94,7/19199.94,8/19199.94,9/19199.94,10/19199.94,11/19199.94;0/0,1/0,2/0,3/0,4/0,5/0;0/3,1/3,2/9,3/0,4/4,5/3,6/7,7/4,8/3,9/4,10/5,11/3;0/0,1/0,2/0,3/0,4/0,5/0;0/10,1/17,2/13,3/10,4/13,5/8,6/16,7/10,8/13,9/13,10/11,11/17;0/0,1/0,2/0,3/0,4/0,5/0;0/4,1/4,2/3,3/4,4/4,5/4,6/4,7/3,8/3,9/4,10/4,11/4;0/81,1/82,2/68,3/67,4/67,5/84;0/359,1/346,2/309,3/350,4/371,5/359,6/376,7/299,8/310,9/341,10/377,11/366;0/519,1/513,2/426,3/416,4/418,5/526;0/1677,1/1511,2/1353,3/1529,4/1637,5/1631,6/1595,7/1364,8/1315,9/1585,10/1649,11/1617
19259.88;449;4178;6;12;0/14105.41,1/14164.45,2/15029.88,3/15128.84,4/15109.55,5/14035.99;0/2430.7,1/4091.31,2/5689.88,3/3919.7,4/2859.2,5/2892.48,6/3254.19,7/5573.66,8/6053.85,9/3364.69,10/2718.45,11/3036.61;0/19259.88,1/19259.88,2/19259.88,3/19259.88,4/19259.88,5/19259.88;0/19259.88,1/19259.88,2/19259.88,3/19259.88,4/19259.88,5/19259.88,6/19259.88,7/19259.88,8/19259.88,9/19259.88,10/19259.88,11/19259.88;0/0,1/0,2/0,3/0,4/0,5/0;0/0,1/3,2/7,3/3,4/3,5/6,6/5,7/6,8/4,9/3,10/5,11/4;0/0,1/0,2/0,3/0,4/0,5/0;0/7,1/17,2/14,3/12,4/9,5/18,6/16,7/12,8/11,9/12,10/12,11/17;0/0,1/0,2/0,3/0,4/0,5/0;0/4,1/4,2/3,3/4,4/4,5/4,6/4,7/3,8/3,9/4,10/4,11/4;0/81,1/82,2/68,3/67,4/67,5/84;0/360,1/347,2/310,3/351,4/373,5/361,6/377,7/300,8/311,9/342,10/379,11/367;0/519,1/513,2/426,3/416,4/418,5/526;0/1683,1/1517,2/1357,3/1535,4/1641,5/1637,6/1601,7/1369,8/1321,9/1590,10/1655,11/1623
19319.97;449;4194;6;12;0/14165.51,1/14224.54,2/15089.98,3/15188.94,4/15169.64,5/14096.08;0/2436.57,1/4091.46,2/5699.54,3/3919.99,4/2859.49,5/2892.66,6/3302.26,7/5613.91,8/6053.99,9/3364.99,10/2718.55,11/3036.82;0/19319.97,1/19319.97,2/19319.97,3/19319.97,4/19319.97,5/19319.97;0/19319.97,1/19319.97,2/19319.97,3/19319.97,4/19319.97,5/19319.97,6/19319.97,7/19319.97,8/19319.97,9/19319.97,10/19319.97,11/19319.97;0/0,1/0,2/0,3/0,4/0,5/0;0/2,1/1,2/6,3/0,4/2,5/7,6/6,7/6,8/2,9/5,10/7,11/2;0/0,1/0,2/0,3/0,4/0,5/0;0/10,1/12,2/8,3/9,4/7,5/15,6/21,7/14,8/6,9/11,10/12,11/14;0/0,1/0,2/0,3/0,4/0,5/0;0/4,1/4,2/3,3/4,4/4,5/4,6/4,7/3,8/3,9/4,10/4,11/4;0/81,1/82,2/68,3/67,4/67,5/84;0/362,1/348,2/312,3/352,4/375,5/361,6/378,7/301,8/312,9/344,10/381,11/368;0/519,1/513,2/426,3/416,4/418,5/526;0/1689,1/1523,2/1363,3/1540,4/1647,5/1643,6/1602,7/1371,8/1327,9/1596,10/1661,11/1629
19379.92;449;4207;6;12;0/14225.46,1/14284.5,2/15149.93,3/15248.89,4/15229.59,5/14156.03;0/2436.82,1/4091.57,2/5719.92,3/3920.36,4/2859.84,5/2900.32,6/3302.26,7/5614.4,8/6065.26,9/3376.15,10/2745.44,11/3037.18;0/19379.92,1/19379.92,2/19379.92,3/19379.92,4/19379.92,5/19379.92;0/19379.92,1/19379.92,2/19379.92,3/19379.92,4/19379.92,5/19379.92,6/19379.92,7/19379.92,8/19379.92,9/19379.92,10/19379.92,11/19379.92;0/0,1/0,2/0,3/0,4/0,5/0;0/2,1/5,2/5,3/2,4/1,5/2,6/6,7/7,8/6,9/4,10/7,11/3;0/0,1/0,2/0,3/0,4/0,5/0;0/11,1/12,2/8,3/17,4/8,5/12,6/15,7/11,8/11,9/9,10/13,11/12;0/0,1/0,2/0,3/0,4/0,5/0;0/4,1/4,2/3,3/4,4/4,5/4,6/4,7/3,8/3,9/4,10/4,11/4;0/81,1/82,2/68,3/67,4/67,5/84;0/363,1/348,2/312,3/353,4/377,5/364,6/379,7/302,8/313,9/345,10/382,11/369;0/519,1/513,2/426,3/416,4/418,5/526;0/1695,1/1529,2/1366,3/1546,4/1653,5/1648,6/1608,7/1377,8/1332,9/1601,10/1664,11/1635
19439.96;449;4221;6;12;0/14285.49,1/14344.53,2/15209.96,3/15308.92,4/15289.63,5/14216.07;0/2437.09,1/4092.02,2/5746.33,3/3920.49,4/2860.08,5/2900.42,6/3302.44,7/5622.31,8/6069.96,9/3404.37,10/2779.96,11/3037.39;0/19439.96,1/19439.96,2/19439.96,3/19439.96,4/19439.96,5/19439.96;0/19439.96,1/19439.96,2/19439.96,3/19439.96,4/19439.96,5/19439.96,6/19439.96,7/19439.96,8/19439.96,9/19439.96,10/19439.96,11/19439.96;0/0,1/0,2/0,3/0,4/0,5/0;0/0,1/6,2/7,3/0,4/3,5/1,6/5,7/6,8/3,9/2,10/3,11/5;0/0,1/0,2/0,3/0,4/0,5/0;0/10,1/12,2/11,3/12,4/13,5/8,6/12,7/11,8/9,9/9,10/11,11/12;0/0,1/0,2/0,3/0,4/0,5/0;0/4,1/4,2/3,3/4,4/4,5/4,6/4,7/3,8/3,9/4,10/4,11/4;0/81,1/82,2/68,3/67,4/67,5/84;0/364,1/351,2/314,3/354,4/378,5/365,6/380,7/303,8/314,9/346,10/382,11/370;0/519,1/513,2/426,3/416,4/418,5/526;0/1701,1/1535,2/1370,3/1552,4/1658,5/1654,6/1614,7/1382,8/1337,9/1604,10/1666,11/1641
19499.87;449;4237;6;12;0/14345.4,1/14404.44,2/15269.87,3/15368.83,4/15349.54,5/14275.98;0/2437.27,1/4139.87,2/5786.23,3/3924.02,4/2885.57,5/2900.62,6/3322.37,7/5650.58,8/6106.81,9/3404.61,10/2799.87,11/3037.52;0/19499.87,1/19499.87,2/19499.87,3/19499.87,4/19499.87,5/19499.87;0/19499.87,1/19499.87,2/19499.87,3/19499.87,4/19499.87,5/19499.87,6/19499.87,7/19499.87,8/19499.87,9/19499.87,10/19499.87,11/19499.87;0/0,1/0,2/0,3/0,4/0,5/0;0/3,1/2,2/3,3/1,4/2,5/2,6/3,7/6,8/2,9/1,10/3,11/3;0/0,1/0,2/0,3/0,4/0,5/0;0/15,1/13,2/13,3/11,4/14,5/8,6/11,7/15,8/6,9/10,10/9,11/8;0/0,1/0,2/0,3/0,4/0,5/0;0/4,1/4,2/3,3/4,4/4,5/4,6/4,7/3,8/3,9/4,10/4,11/4;0/81,1/82,2/68,3/67,4/67,5/84;0/366,1/351,2/315,3/355,4/380,5/366,6/382,7/305,8/315,9/347,10/384,11/371;0/519,1/513,2/426,3/416,4/418,5/526;0/1707,1/1536,2/1372,3/1558,4/1662,5/1660,6/1618,7/1385,8/1340,9/1610,10/1670,11/1647
19559.97;449;4255;6;12;0/14405.51,1/14464.54,2/15329.98,3/15428.94,4/15409.64,5/14336.08;0/2437.48,1/4145.31,2/5786.35,3/3924.34,4/2885.68,5/2909.97,6/3333.83,7/5650.82,8/6107.19,9/3410.73,10/2807.19,11/3055.27;0/19559.97,1/19559.97,2/19559.97,3/19559.97,4/19559.97,5/19559.97;0/19559.97,1/19559.97,2/19559.97,3/19559.97,4/19559.97,5/19559.97,6/19559.97,7/19559.97,8/19559.97,9/19559.97,10/19559.97,11/19559.97;0/0,1/0,2/0,3/0,4/0,5/0;0/3,1/0,2/3,3/0,4/1,5/2,6/6,7/5,8/3,9/6,10/3,11/5;0/0,1/0,2/0,3/0,4/0,5/0;0/13,1/7,2/9,3/11,4/9,5/12,6/11,7/12,8/8,9/16,10/8,11/9;0/0,1/0,2/0,3/0,4/0,5/0;0/4,1/4,2/3,3/4,4/4,5/4,6/4,7/3,8/3,9/4,10/4,11/4;0/81,1/82,2/68,3/67,4/67,5/84;0/367,1/354,2/315,3/356,4/380,5/367,6/384,7/306,8/317,9/350,10/386,11/373;0/519,1/513,2/426,3/416,4/418,5/526;0/1713,1/1542,2/1378,3/1564,4/1668,5/1665,6/1623,7/1391,8/1346,9/1615,10/1676,11/1651
19619.93;449;4266;6;12;0/14465.46,1/14524.5,2/15389.94,3/15488.89,4/15469.6,5/14396.04;0/2437.81,1/4145.62,2/5786.48,3/3924.62,4/2885.9,5/2929.26,6/3357.81,7/5651.03,8/6109.93,9/3410.9,10/2849.93,11/3099.93;0/19619.93,1/19619.93,2/19619.93,3/19619.93,4/19619.93,5/19619.93;0/19619.93,1/19619.93,2/19619.93,3/19619.93,4/19619.93,5/19619.93,6/19619.93,7/19619.93,8/19619.93,9/19619.93,10/19619.93,11/19619.93;0/0,1/0,2/0,3/0,4/0,5/0;0/2,1/0,2/6,3/4,4/1,5/4,6/2,7/2,8/1,9/1,10/0,11/2;0/0,1/0,2/0,3/0,4/0,5/0;0/13,1/8,2/9,3/15,4/11,5/14,6/9,7/10,8/6,9/12,10/11,11/11;0/0,1/0,2/0,3/0,4/0,5/0;0/4,1/4,2/3,3/4,4/4,5/4,6/4,7/3,8/3,9/4,10/4,11/4;0/81,1/82,2/68,3/67,4/67,5/84;0/368,1/354,2/317,3/357,4/381,5/369,6/385,7/307,8/318,9/351,10/386,11/373;0/519,1/513,2/426,3/416,4/418,5/526;0/1719,1/1548,2/1384,3/1570,4/1674,5/1670,6/1627,7/1397,8/1351,9/1621,10/1677,11/1652
19679.85;449;4281;6;12;0/14525.38,1/14584.42,2/15449.85,3/15548.81,4/15529.52,5/14455.96;0/2437.94,1/4145.91,2/5812.53,3/3924.8,4/2886.4,5/2929.67,6/3384.48,7/5651.21,8/6114.8,9/3432.66,10/2850.87,11/3102.88;0/19679.85,1/19679.85,2/19679.85,3/19679.85,4/19679.85,5/19679.85;0/19679.85,1/19679.85,2/19679.85,3/19679.85,4/19679.85,5/19679.85,6/19679.85,7/19679.85,8/19679.85,9/19679.85,10/19679.85,11/19679.85;0/0,1/0,2/0,3/0,4/0,5/0;0/3,1/3,2/4,3/2,4/1,5/5,6/0,7/0,8/7,9/0,10/0,11/2;0/0,1/0,2/0,3/0,4/0,5/0;0/9,1/9,2/10,3/11,4/13,5/12,6/8,7/8,8/10,9/11,10/8,11/11;0/0,1/0,2/0,3/0,4/0,5/0;0/4,1/4,2/3,3/4,4/4,5/4,6/4,7/3,8/3,9/4,10/4,11/4;0/81,1/82,2/68,3/67,4/67,5/84;0/369,1/356,2/319,3/358,4/382,5/369,6/387,7/308,8/319,9/352,10/388,11/374;0/519,1/513,2/426,3/416,4/418,5/526;0/1725,1/1554,2/1387,3/1576,4/1680,5/1676,6/1630,7/1403,8/1357,9/1625,10/1683,11/1658
19739.94;449;4292;6;12;0/14585.48,1/14644.51,2/15509.95,3/15608.91,4/15589.61,5/14516.05;0/2439.94,1/4146.44,2/5812.77,3/3929.94,4/2886.85,5/2929.9,6/3384.92,7/5697.21,8/6149.94,9/3432.88,10/2851.09,11/3102.97;0/19739.94,1/19739.94,2/19739.94,3/19739.94,4/19739.94,5/19739.94;0/19739.94,1/19739.94,2/19739.94,3/19739.94,4/19739.94,5/19739.94,6/19739.94,7/19739.94,8/19739.94,9/19739.94,10/19739.94,11/19739.94;0/0,1/0,2/0,3/0,4/0,5/0;0/6,1/2,2/2,3/0,4/0,5/4,6/7,7/0,8/2,9/1,10/0,11/1;0/0,1/0,2/0,3/0,4/0,5/0;0/10,1/12,2/7,3/10,4/11,5/12,6/14,7/10,8/12,9/10,10/8,11/9;0/0,1/0,2/0,3/0,4/0,5/0;0/4,1/4,2/3,3/4,4/4,5/4,6/4,7/3,8/3,9/4,10/4,11/4;0/81,1/82,2/68,3/67,4/67,5/84;0/370,1/357,2/319,3/359,4/383,5/371,6/388,7/309,8/320,9/352,10/388,11/376;0/519,1/513,2/426,3/416,4/418,5/526;0/1730,1/1560,2/1393,3/1581,4/1686,5/1682,6/1636,7/1405,8/1359,9/1631,10/1689,11/1664
19799.97;449;4306;6;12;0/14645.5,1/14704.54,2/15569.98,3/15668.93,4/15649.64,5/14576.08;0/2469.97,1/4146.63,2/5813.04,3/3949.97,4/2887.31,5/2949.97,6/3385.37,7/5698,8/6168.73,9/3433.04,10/2851.32,11/3103.39;0/19799.97,1/19799.97,2/19799.97,3/19799.97,4/19799.97,5/19799.97;0/19799.97,1/19799.97,2/19799.97,3/19799.97,4/19799.97,5/19799.97,6/19799.97,7/19799.97,8/19799.97,9/19799.97,10/19799.97,11/19799.97;0/0,1/0,2/0,3/0,4/0,5/0;0/2,1/3,2/2,3/6,4/1,5/5,6/4,7/0,8/7,9/0,10/0,11/4;0/0,1/0,2/0,3/0,4/0,5/0;0/12,1/12,2/8,3/15,4/13,5/17,6/18,7/9,8/14,9/7,10/7,11/10;0/0,1/0,2/0,3/0,4/0,5/0;0/4,1/4,2/3,3/4,4/4,5/4,6/4,7/3,8/3,9/4,10/4,11/4;0/81,1/82,2/68,3/67,4/67,5/84;0/371,1/358,2/321,3/360,4/384,5/372,6/389,7/310,8/321,9/353,10/390,11/377;0/519,1/513,2/426,3/416,4/418,5/526;0/1733,1/1566,2/1399,3/1585,4/1692,5/1685,6/1642,7/1411,8/1364,9/1637,10/1695,11/1670
19860;449;4318;6;12;0/14705.53,1/14764.57,2/15630,3/15728.96,4/15709.66,5/14636.1;0/2484.65,1/4146.86,2/5813.26,3/3950.33,4/2887.58,5/2959.05,6/3395.67,7/5698.23,8/6169.43,9/3433.31,10/2851.86,11/3103.55;0/19860,1/19860,2/19860,3/19860,4/19860,5/19860;0/19860,1/19860,2/19860,3/19860,4/19860,5/19860,6/19860,7/19860,8/19860,9/19860,10/19860,11/19860;0/0,1/0,2/0,3/0,4/0,5/0;0/1,1/4,2/2,3/2,4/2,5/3,6/3,7/1,8/11,9/0,10/0,11/3;0/0,1/0,2/0,3/0,4/0,5/0;0/7,1/11,2/10,3/12,4/15,5/14,6/14,7/7,8/18,9/7,10/6,11/8;0/0,1/0,2/0,3/0,4/0,5/0;0/4,1/4,2/3,3/4,4/4,5/4,6/4,7/3,8/3,9/4,10/4,11/4;0/81,1/82,2/68,3/67,4/67,5/84;0/373,1/359,2/321,3/362,4/386,5/373,6/390,7/310,8/322,9/354,10/391,11/377;0/519,1/513,2/426,3/416,4/418,5/526;0/1738,1/1572,2/1405,3/1591,4/1698,5/1691,6/1647,7/1417,8/1370,9/1643,10/1701,11/1676
19919.96;449;4332;6;12;0/14765.49,1/14824.53,2/15689.96,3/15788.92,4/15769.63,5/14696.07;0/2492.9,1/4159.96,2/5820.2,3/3954.24,4/2887.75,5/2959.98,6/3404.03,7/5698.43,8/6169.5,9/3433.6,10/2852.15,11/3127.02;0/19919.96,1/19919.96,2/19919.96,3/19919.96,4/19919.96,5/19919.96;0/19919.96,1/19919.96,2/19919.96,3/19919.96,4/19919.96,5/19919.96,6/19919.96,7/19919.96,8/19919.96,9/19919.96,10/19919.96,11/19919.96;0/0,1/0,2/0,3/0,4/0,5/0;0/1,1/5,2/2,3/7,4/0,5/1,6/0,7/1,8/9,9/2,10/4,11/0;0/0,1/0,2/0,3/0,4/0,5/0;0/7,1/15,2/11,3/15,4/12,5/12,6/12,7/5,8/12,9/11,10/12,11/8;0/0,1/0,2/0,3/0,4/0,5/0;0/4,1/4,2/3,3/4,4/4,5/4,6/4,7/3,8/3,9/4,10/4,11/4;0/81,1/82,2/68,3/67,4/67,5/84;0/374,1/360,2/322,3/363,4/387,5/375,6/392,7/311,8/323,9/355,10/391,11/379;0/519,1/513,2/426,3/416,4/418,5/526;0/1743,1/1576,2/1410,3/1597,4/1704,5/1696,6/1652,7/1423,8/1376,9/1649,10/1707,11/1680
19979.96;449;4343;6;12;0/14825.49,1/14884.53,2/15749.96,3/15848.92,4/15829.63,5/14756.07;0/2500.89,1/4163.31,2/5820.35,3/3954.81,4/2887.9,5/2960.85,6/3404.4,7/5699.07,8/6209.96,9/3433.81,10/2865.58,11/3127.43;0/19979.96,1/19979.96,2/19979.96,3/19979.96,4/19979.96,5/19979.96;0/19979.96,1/19979.96,2/19979.96,3/19979.96,4/19979.96,5/19979.96,6/19979.96,7/19979.96,8/19979.96,9/19979.96,10/19979.96,11/19979.96;0/0,1/0,2/0,3/0,4/0,5/0;0/2,1/2,2/4,3/3,4/2,5/4,6/4,7/8,8/9,9/4,10/6,11/0;0/0,1/0,2/0,3/0,4/0,5/0;0/12,1/13,2/12,3/12,4/12,5/17,6/19,7/13,8/19,9/14,10/19,11/6;0/0,1/0,2/0,3/0,4/0,5/0;0/4,1/4,2/3,3/4,4/4,5/4,6/4,7/3,8/3,9/4,10/4,11/4;0/81,1/82,2/68,3/67,4/67,5/84;0/375,1/362,2/323,3/364,4/387,5/376,6/393,7/312,8/323,9/356,10/392,11/380;0/519,1/513,2/426,3/416,4/418,5/526;0/1748,1/1582,2/1416,3/1603,4/1710,5/1702,6/1658,7/1429,8/1377,9/1655,10/1712,11/1686
20039.98;449;4356;6;12;0/14885.51,1/14944.55,2/15809.98,3/15908.94,4/15889.65,5/14816.09;0/2501,1/4163.55,2/5821.67,3/3955.1,4/2888.1,5/2960.96,6/3404.63,7/5726.06,8/6231.85,9/3433.94,10/2865.75,11/3128.01;0/20039.98,1/20039.98,2/20039.98,3/20039.98,4/20039.98,5/20039.98;0/20039.98,1/20039.98,2/20039.98,3/20039.98,4/20039.98,5/20039.98,6/20039.98,7/20039.98,8/20039.98,9/20039.98,10/20039.98,11/20039.98;0/0,1/0,2/0,3/0,4/0,5/0;0/2,1/1,2/7,3/4,4/3,5/4,6/5,7/4,8/11,9/7,10/6,11/5;0/0,1/0,2/0,3/0,4/0,5/0;0/11,1/8,2/12,3/10,4/12,5/15,6/21,7/15,8/19,9/16,10/15,11/12;0/0,1/0,2/0,3/0,4/0,5/0;0/4,1/4,2/3,3/4,4/4,5/4,6/4,7/3,8/3,9/4,10/4,11/4;0/81,1/82,2/68,3/67,4/67,5/84;0/376,1/363,2/324,3/366,4/389,5/377,6/393,7/313,8/324,9/357,10/393,11/381;0/519,1/513,2/426,3/416,4/418,5/526;0/1754,1/1588,2/1422,3/1609,4/1716,5/1708,6/1664,7/1432,8/1381,9/1661,10/1718,11/1692
20099.97;449;4369;6;12;0/14945.51,1/15004.54,2/15869.98,3/15968.93,4/15949.64,5/14876.08;0/2519.97,1/4163.96,2/5821.87,3/3957.05,4/2888.59,5/2961.08,6/3404.69,7/5738.37,8/6232,9/3434.07,10/2865.85,11/3159.97;0/20099.97,1/20099.97,2/20099.97,3/20099.97,4/20099.97,5/20099.97;0/20099.97,1/20099.97,2/20099.97,3/20099.97,4/20099.97,5/20099.97,6/20099.97,7/20099.97,8/20099.97,9/20099.97,10/20099.97,11/20099.97;0/0,1/0,2/0,3/0,4/0,5/0;0/2,1/2,2/14,3/7,4/5,5/3,6/3,7/4,8/11,9/6,10/3,11/4;0/0,1/0,2/0,3/0,4/0,5/0;0/11,1/9,2/23,3/11,4/12,5/12,6/15,7/14,8/20,9/12,10/11,11/15;0/0,1/0,2/0,3/0,4/0,5/0;0/4,1/4,2/3,3/4,4/4,5/4,6/4,7/3,8/3,9/4,10/4,11/4;0/81,1/82,2/68,3/67,4/67,5/84;0/377,1/365,2/325,3/368,4/390,5/378,6/394,7/314,8/325,9/358,10/393,11/382;0/519,1/513,2/426,3/416,4/418,5/526;0/1758,1/1594,2/1428,3/1615,4/1722,5/1714,6/1670,7/1437,8/1387,9/1667,10/1724,11/1694
20159.83;449;4385;6;12;0/15005.37,1/15064.4,2/15929.84,3/16028.8,4/16009.5,5/14935.94;0/2525.61,1/4183.92,2/5821.94,3/3957.18,4/2888.7,5/2969.83,6/3404.98,7/5738.52,8/6239.83,9/3434.39,10/2866.14,11/3175.21;0/20159.83,1/20159.83,2/20159.83,3/20159.83,4/20159.83,5/20159.83;0/20159.83,1/20159.83,2/20159.83,3/20159.83,4/20159.83,5/20159.83,6/20159.83,7/20159.83,8/20159.83,9/20159.83,10/20159.83,11/20159.83;0/0,1/0,2/0,3/0,4/0,5/0;0/1,1/0,2/11,3/5,4/6,5/2,6/7,7/3,8/9,9/7,10/2,11/4;0/0,1/0,2/0,3/0,4/0,5/0;0/10,1/10,2/17,3/10,4/9,5/12,6/17,7/11,8/15,9/15,10/11,11/14;0/0,1/0,2/0,3/0,4/0,5/0;0/4,1/4,2/3,3/4,4/4,5/4,6/4,7/3,8/3,9/4,10/4,11/4;0/81,1/82,2/68,3/67,4/67,5/84;0/379,1/366,2/326,3/369,4/391,5/379,6/395,7/315,8/326,9/360,10/395,11/384;0/519,1/513,2/426,3/416,4/418,5/526;0/1764,1/1598,2/1434,3/1621,4/1728,5/1719,6/1676,7/1443,8/1392,9/1673,10/1730,11/1699
20219.9;449;4400;6;12;0/15065.44,1/15124.47,2/15989.91,3/16088.87,4/16069.57,5/14996.01;0/2548.02,1/4184.15,2/5836.14,3/3968.39,4/2889.9,5/2970.8,6/3405.15,7/5738.7,8/6259.9,9/3439.9,10/2874.77,11/3175.53;0/20219.9,1/20219.9,2/20219.9,3/20219.9,4/20219.9,5/20219.9;0/20219.9,1/20219.9,2/20219.9,3/20219.9,4/20219.9,5/20219.9,6/20219.9,7/20219.9,8/20219.9,9/20219.9,10/20219.9,11/20219.9;0/0,1/0,2/0,3/0,4/0,5/0;0/0,1/2,2/7,3/4,4/7,5/2,6/6,7/3,8/8,9/11,10/3,11/6;0/0,1/0,2/0,3/0,4/0,5/0;0/13,1/9,2/12,3/11,4/12,5/10,6/18,7/12,8/11,9/20,10/10,11/15;0/0,1/0,2/0,3/0,4/0,5/0;0/4,1/4,2/3,3/4,4/4,5/4,6/4,7/3,8/3,9/4,10/4,11/4;0/81,1/82,2/68,3/67,4/67,5/84;0/380,1/367,2/328,3/370,4/393,5/380,6/396,7/316,8/327,9/362,10/396,11/385;0/519,1/513,2/426,3/416,4/418,5/526;0/1768,1/1604,2/1439,3/1626,4/1733,5/1725,6/1682,7/1449,8/1396,9/1678,10/1735,11/1705
20279.99;449;4414;6;12;0/15125.53,1/15184.56,2/16050,3/16148.95,4/16129.66,5/15056.1;0/2548.11,1/4184.42,2/5866.46,3/3993.48,4/2949.99,5/2971.14,6/3410.8,7/5738.96,8/6280.16,9/3449.99,10/2874.9,11/3175.75;0/20279.99,1/20279.99,2/20279.99,3/20279.99,4/20279.99,5/20279.99;0/20279.99,1/20279.99,2/20279.99,3/20279.99,4/20279.99,5/20279.99,6/20279.99,7/20279.99,8/20279.99,9/20279.99,10/20279.99,11/20279.99;0/0,1/0,2/0,3/0,4/0,5/0;0/0,1/0,2/5,3/1,4/3,5/5,6/5,7/2,8/8,9/6,10/5,11/1;0/0,1/0,2/0,3/0,4/0,5/0;0/9,1/8,2/9,3/8,4/12,5/16,6/15,7/8,8/14,9/18,10/12,11/14;0/0,1/0,2/0,3/0,4/0,5/0;0/4,1/4,2/3,3/4,4/4,5/4,6/4,7/3,8/3,9/4,10/4,11/4;0/81,1/82,2/68,3/67,4/67,5/84;0/381,1/367,2/329,3/372,4/393,5/382,6/398,7/317,8/329,9/363,10/397,11/386;0/519,1/513,2/426,3/416,4/418,5/526;0/1774,1/1610,2/1442,3/1629,4/1733,5/1731,6/1687,7/1455,8/1400,9/1683,10/1741,11/1711
20339.93;449;4430;6;12;0/15185.46,1/15244.5,2/16109.94,3/16208.89,4/16189.6,5/15116.04;0/2548.41,1/4193.57,2/5894.43,3/3993.69,4/2950.71,5/2971.73,6/3415.54,7/5739.23,8/6299.93,9/3455.05,10/2875.05,11/3175.93;0/20339.93,1/20339.93,2/20339.93,3/20339.93,4/20339.93,5/20339.93;0/20339.93,1/20339.93,2/20339.93,3/20339.93,4/20339.93,5/20339.93,6/20339.93,7/20339.93,8/20339.93,9/20339.93,10/20339.93,11/20339.93;0/0,1/0,2/0,3/0,4/0,5/0;0/0,1/1,2/6,3/1,4/4,5/4,6/4,7/6,8/8,9/5,10/7,11/4;0/0,1/0,2/0,3/0,4/0,5/0;0/12,1/9,2/14,3/7,4/10,5/17,6/10,7/9,8/15,9/12,10/12,11/16;0/0,1/0,2/0,3/0,4/0,5/0;0/4,1/4,2/3,3/4,4/4,5/4,6/4,7/3,8/3,9/4,10/4,11/4;0/81,1/82,2/68,3/67,4/67,5/84;0/382,1/370,2/330,3/373,4/395,5/383,6/399,7/319,8/330,9/364,10/398,11/387;0/519,1/513,2/426,3/416,4/418,5/526;0/1780,1/1615,2/1445,3/1635,4/1739,5/1737,6/1693,7/1461,8/1404,9/1689,10/1747,11/1717
20399.97;449;4446;6;12;0/15245.5,1/15304.54,2/16169.97,3/16268.93,4/16249.64,5/15176.08;0/2548.69,1/4194.18,2/5894.56,3/3994.42,4/2952.79,5/2972.03,6/3419.97,7/5749.97,8/6302.03,9/3455.84,10/2875.56,11/3176.27;0/20399.97,1/20399.97,2/20399.97,3/20399.97,4/20399.97,5/20399.97;0/20399.97,1/20399.97,2/20399.97,3/20399.97,4/20399.97,5/20399.97,6/20399.97,7/20399.97,8/20399.97,9/20399.97,10/20399.97,11/20399.97;0/0,1/0,2/0,3/0,4/0,5/0;0/0,1/0,2/5,3/0,4/6,5/4,6/4,7/4,8/5,9/7,10/10,11/4;0/0,1/0,2/0,3/0,4/0,5/0;0/9,1/8,2/11,3/10,4/13,5/16,6/15,7/11,8/10,9/13,10/17,11/14;0/0,1/0,2/0,3/0,4/0,5/0;0/4,1/4,2/3,3/4,4/4,5/4,6/4,7/3,8/3,9/4,10/4,11/4;0/81,1/82,2/68,3/67,4/67,5/84;0/383,1/371,2/332,3/375,4/397,5/384,6/400,7/319,8/332,9/366,10/400,11/387;0/519,1/513,2/426,3/416,4/418,5/526;0/1786,1/1621,2/1451,3/1641,4/1745,5/1743,6/1698,7/1465,8/1410,9/1695,10/1753,11/1723
20459.96;449;4456;6;12;0/15305.49,1/15364.53,2/16229.96,3/16328.92,4/16309.63,5/15236.07;0/2548.9,1/4194.56,2/5899.96,3/4016.26,4/2979.96,5/2972.08,6/3458.57,7/5809.96,8/6320.94,9/3456.18,10/2919.96,11/3176.4;0/20459.96,1/20459.96,2/20459.96,3/20459.96,4/20459.96,5/20459.96;0/20459.96,1/20459.96,2/20459.96,3/20459.96,4/20459.96,5/20459.96,6/20459.96,7/20459.96,8/20459.96,9/20459.96,10/20459.96,11/20459.96;0/0,1/0,2/0,3/0,4/0,5/0;0/0,1/3,2/5,3/0,4/1,5/2,6/3,7/3,8/3,9/8,10/9,11/4;0/0,1/0,2/0,3/0,4/0,5/0;0/13,1/9,2/10,3/9,4/10,5/10,6/12,7/11,8/9,9/15,10/21,11/11;0/0,1/0,2/0,3/0,4/0,5/0;0/4,1/4,2/3,3/4,4/4,5/4,6/4,7/3,8/3,9/4,10/4,11/4;0/81,1/82,2/68,3/67,4/67,5/84;0/384,1/372,2/332,3/376,4/398,5/384,6/401,7/319,8/333,9/368,10/400,11/389;0/519,1/513,2/426,3/416,4/418,5/526;0/1792,1/1627,2/1456,3/1645,4/1748,5/1749,6/1701,7/1465,8/1414,9/1701,10/1754,11/1729
20519.99;449;4473;6;12;0/15365.52,1/15424.56,2/16289.99,3/16388.95,4/16369.66,5/15296.1;0/2549.36,1/4200,2/5919.99,3/4017.91,4/3005.04,5/2972.34,6/3458.67,7/5811.92,8/6344.32,9/3460.6,10/2920.88,11/3176.59;0/20519.99,1/20519.99,2/20519.99,3/20519.99,4/20519.99,5/20519.99;0/20519.99,1/20519.99,2/20519.99,3/20519.99,4/20519.99,5/20519.99,6/20519.99,7/20519.99,8/20519.99,9/20519.99,10/20519.99,11/20519.99;0/0,1/0,2/0,3/0,4/0,5/0;0/0,1/0,2/5,3/0,4/1,5/4,6/7,7/3,8/3,9/8,10/10,11/3;0/0,1/0,2/0,3/0,4/0,5/0;0/13,1/8,2/8,3/9,4/10,5/13,6/13,7/8,8/12,9/16,10/18,11/10;0/0,1/0,2/0,3/0,4/0,5/0;0/4,1/4,2/3,3/4,4/4,5/4,6/4,7/3,8/3,9/4,10/4,11/4;0/81,1/82,2/68,3/67,4/67,5/84;0/385,1/373,2/333,3/377,4/399,5/386,6/403,7/321,8/334,9/370,10/402,11/390;0/519,1/513,2/426,3/416,4/418,5/526;0/1798,1/1632,2/1460,3/1651,4/1752,5/1755,6/1707,7/1471,8/1418,9/1706,10/1760,11/1735
20579.85;449;4488;6;12;0/15425.39,1/15484.42,2/16349.86,3/16448.81,4/16429.52,5/15355.96;0/2549.54,1/4200.29,2/5949.85,3/4025.24,4/3005.19,5/2974.74,6/3459.85,7/5812.33,8/6344.56,9/3475.91,10/2921.04,11/3206.4;0/20579.85,1/20579.85,2/20579.85,3/20579.85,4/20579.85,5/20579.85;0/20579.85,1/20579.85,2/20579.85,3/20579.85,4/20579.85,5/20579.85,6/20579.85,7/20579.85,8/20579.85,9/20579.85,10/20579.85,11/20579.85;0/0,1/0,2/0,3/0,4/0,5/0;0/0,1/7,2/4,3/6,4/1,5/1,6/6,7/8,8/4,9/3,10/7,11/2;0/0,1/0,2/0,3/0,4/0,5/0;0/9,1/16,2/8,3/15,4/9,5/9,6/14,7/11,8/10,9/13,10/13,11/10;0/0,1/0,2/0,3/0,4/0,5/0;0/4,1/4,2/3,3/4,4/4,5/4,6/4,7/3,8/3,9/4,10/4,11/4;0/81,1/82,2/68,3/67,4/67,5/84;0/385,1/374,2/336,3/379,4/400,5/388,6/404,7/322,8/335,9/371,10/403,11/391;0/519,1/513,2/426,3/416,4/418,5/526;0/1804,1/1638,2/1464,3/1656,4/1758,5/1761,6/1712,7/1477,8/1424,9/1711,10/1766,11/1738
20639.96;449;4502;6;12;0/15485.5,1/15544.53,2/16409.97,3/16508.93,4/16489.63,5/15416.07;0/2549.96,1/4200.51,2/5969.96,3/4025.4,4/3005.89,5/2975.01,6/3490.77,7/5869.96,8/6344.73,9/3476.07,10/2922.35,11/3206.58;0/20639.96,1/20639.96,2/20639.96,3/20639.96,4/20639.96,5/20639.96;0/20639.96,1/20639.96,2/20639.96,3/20639.96,4/20639.96,5/20639.96,6/20639.96,7/20639.96,8/20639.96,9/20639.96,10/20639.96,11/20639.96;0/0,1/0,2/0,3/0,4/0,5/0;0/0,1/4,2/4,3/2,4/3,5/1,6/2,7/3,8/2,9/4,10/8,11/3;0/0,1/0,2/0,3/0,4/0,5/0;0/9,1/19,2/8,3/11,4/12,5/9,6/11,7/13,8/9,9/12,10/13,11/7;0/0,1/0,2/0,3/0,4/0,5/0;0/4,1/4,2/3,3/4,4/4,5/4,6/4,7/3,8/3,9/4,10/4,11/4;0/81,1/82,2/68,3/67,4/67,5/84;0/386,1/375,2/336,3/380,4/402,5/389,6/405,7/322,8/336,9/373,10/405,11/393;0/519,1/513,2/426,3/416,4/418,5/526;0/1810,1/1644,2/1467,3/1662,4/1764,5/1767,6/1715,7/1477,8/1430,9/1717,10/1772,11/1744
20699.97;449;4513;6;12;0/15545.5,1/15604.54,2/16469.97,3/16568.93,4/16549.64,5/15476.07;0/2550.14,1/4208.7,2/5990.57,3/4049.97,4/3006.13,5/3008.43,6/3512.92,7/5881.28,8/6345.22,9/3499.97,10/2939.97,11/3207.18;0/20699.97,1/20699.97,2/20699.97,3/20699.97,4/20699.97,5/20699.97;0/20699.97,1/20699.97,2/20699.97,3/20699.97,4/20699.97,5/20699.97,6/20699.97,7/20699.97,8/20699.97,9/20699.97,10/20699.97,11/20699.97;0/0,1/0,2/0,3/0,4/0,5/0;0/0,1/3,2/5,3/1,4/4,5/0,6/4,7/3,8/3,9/0,10/4,11/2;0/0,1/0,2/0,3/0,4/0,5/0;0/10,1/14,2/10,3/11,4/11,5/7,6/13,7/10,8/8,9/13,10/11,11/5;0/0,1/0,2/0,3/0,4/0,5/0;0/4,1/4,2/3,3/4,4/4,5/4,6/4,7/3,8/3,9/4,10/4,11/4;0/81,1/82,2/68,3/67,4/67,5/84;0/387,1/376,2/337,3/380,4/403,5/390,6/406,7/324,8/337,9/373,10/406,11/394;0/519,1/513,2/426,3/416,4/418,5/526;0/1815,1/1650,2/1471,3/1665,4/1770,5/1770,6/1719,7/1482,8/1436,9/1720,10/1776,11/1750
20759.98;449;4529;6;12;0/15605.52,1/15664.56,2/16529.99,3/16628.95,4/16609.65,5/15536.09;0/2550.58,1/4209.17,2/5996.71,3/4057.51,4/3006.39,5/3009.17,6/3513.02,7/5881.71,8/6345.58,9/3500.97,10/2968.62,11/3244.91;0/20759.98,1/20759.98,2/20759.98,3/20759.98,4/20759.98,5/20759.98;0/20759.98,1/20759.98,2/20759.98,3/20759.98,4/20759.98,5/20759.98,6/20759.98,7/20759.98,8/20759.98,9/20759.98,10/20759.98,11/20759.98;0/0,1/0,2/0,3/0,4/0,5/0;0/0,1/3,2/6,3/0,4/6,5/0,6/6,7/2,8/3,9/0,10/3,11/3;0/0,1/0,2/0,3/0,4/0,5/0;0/9,1/12,2/8,3/8,4/12,5/7,6/11,7/7,8/8,9/10,10/9,11/9;0/0,1/0,2/0,3/0,4/0,5/0;0/4,1/4,2/3,3/4,4/4,5/4,6/4,7/3,8/3,9/4,10/4,11/4;0/81,1/82,2/68,3/67,4/67,5/84;0/388,1/377,2/339,3/382,4/404,5/391,6/407,7/325,8/338,9/375,10/408,11/395;0/519,1/513,2/426,3/416,4/418,5/526;0/1821,1/1656,2/1477,3/1671,4/1776,5/1776,6/1725,7/1488,8/1442,9/1726,10/1780,11/1752
20819.99;449;4548;6;12;0/15665.53,1/15724.57,2/16590,3/16688.96,4/16669.66,5/15596.1;0/2550.82,1/4209.52,2/6031.1,3/4057.81,4/3007.06,5/3009.52,6/3515.19,7/5882.06,8/6345.8,9/3501.4,10/2968.81,11/3245.05;0/20819.99,1/20819.99,2/20819.99,3/20819.99,4/20819.99,5/20819.99;0/20819.99,1/20819.99,2/20819.99,3/20819.99,4/20819.99,5/20819.99,6/20819.99,7/20819.99,8/20819.99,9/20819.99,10/20819.99,11/20819.99;0/0,1/0,2/0,3/0,4/0,5/0;0/0,1/4,2/2,3/2,4/3,5/0,6/8,7/3,8/3,9/3,10/1,11/2;0/0,1/0,2/0,3/0,4/0,5/0;0/5,1/12,2/7,3/15,4/6,5/6,6/14,7/10,8/11,9/10,10/6,11/5;0/0,1/0,2/0,3/0,4/0,5/0;0/4,1/4,2/3,3/4,4/4,5/4,6/4,7/3,8/3,9/4,10/4,11/4;0/81,1/82,2/68,3/67,4/67,5/84;0/389,1/379,2/340,3/384,4/407,5/392,6/409,7/326,8/339,9/376,10/410,11/397;0/519,1/513,2/426,3/416,4/418,5/526;0/1827,1/1662,2/1479,3/1677,4/1782,5/1782,6/1731,7/1494,8/1448,9/1732,10/1786,11/1758
20879.91;449;4560;6;12;0/15725.45,1/15784.49,2/16649.92,3/16748.88,4/16729.58,5/15656.02;0/2569.91,1/4209.87,2/6045.41,3/4058.02,4/3059.91,5/3010.14,6/3532.23,7/5882.23,8/6350.41,9/3501.86,10/2969.91,11/3245.41;0/20879.91,1/20879.91,2/20879.91,3/20879.91,4/20879.91,5/20879.91;0/20879.91,1/20879.91,2/20879.91,3/20879.91,4/20879.91,5/20879.91,6/20879.91,7/20879.91,8/20879.91,9/20879.91,10/20879.91,11/20879.91;0/0,1/0,2/0,3/0,4/0,5/0;0/4,1/7,2/10,3/1,4/2,5/2,6/4,7/6,8/5,9/2,10/2,11/3;0/0,1/0,2/0,3/0,4/0,5/0;0/13,1/17,2/13,3/13,4/8,5/8,6/10,7/13,8/13,9/7,10/9,11/6;0/0,1/0,2/0,3/0,4/0,5/0;0/4,1/4,2/3,3/4,4/4,5/4,6/4,7/3,8/3,9/4,10/4,11/4;0/81,1/82,2/68,3/67,4/67,5/84;0/389,1/380,2/341,3/385,4/407,5/393,6/410,7/327,8/341,9/377,10/411,11/399;0/519,1/513,2/426,3/416,4/418,5/526;0/1831,1/1668,2/1484,3/1683,4/1782,5/1787,6/1735,7/1500,8/1453,9/1738,10/1791,11/1764
20939.88;449;4575;6;12;0/15785.41,1/15844.45,2/16709.88,3/16808.84,4/16789.55,5/15715.99;0/2601.64,1/4212.41,2/6079.88,3/4058.08,4/3079.88,5/3030.14,6/3552.15,7/5922.68,8/6350.76,9/3502.46,10/2970.97,11/3289.88;0/20939.88,1/20939.88,2/20939.88,3/20939.88,4/20939.88,5/20939.88;0/20939.88,1/20939.88,2/20939.88,3/20939.88,4/20939.88,5/20939.88,6/20939.88,7/20939.88,8/20939.88,9/20939.88,10/20939.88,11/20939.88;0/0,1/0,2/0,3/0,4/0,5/0;0/2,1/1,2/4,3/0,4/6,5/1,6/2,7/0,8/3,9/3,10/1,11/0;0/0,1/0,2/0,3/0,4/0,5/0;0/10,1/14,2/12,3/7,4/11,5/12,6/8,7/15,8/11,9/13,10/9,11/7;0/0,1/0,2/0,3/0,4/0,5/0;0/4,1/4,2/3,3/4,4/4,5/4,6/4,7/3,8/3,9/4,10/4,11/4;0/81,1/82,2/68,3/67,4/67,5/84;0/391,1/382,2/342,3/386,4/409,5/394,6/412,7/328,8/341,9/377,10/413,11/400;0/519,1/513,2/426,3/416,4/418,5/526;0/1834,1/1673,2/1486,3/1689,4/1786,5/1791,6/1739,7/1502,8/1459,9/1744,10/1797,11/1765
20999.92;449;4587;6;12;0/15845.46,1/15904.49,2/16769.93,3/16868.89,4/16849.59,5/15776.03;0/2602.06,1/4212.61,2/6124.75,3/4058.35,4/3089.92,5/3030.32,6/3559.92,7/5923.15,8/6350.88,9/3502.65,10/2978.89,11/3316.15;0/20999.92,1/20999.92,2/20999.92,3/20999.92,4/20999.92,5/20999.92;0/20999.92,1/20999.92,2/20999.92,3/20999.92,4/20999.92,5/20999.92,6/20999.92,7/20999.92,8/20999.92,9/20999.92,10/20999.92,11/20999.92;0/0,1/0,2/0,3/0,4/0,5/0;0/3,1/0,2/4,3/4,4/3,5/1,6/5,7/1,8/5,9/1,10/4,11/0;0/0,1/0,2/0,3/0,4/0,5/0;0/7,1/13,2/10,3/13,4/10,5/9,6/13,7/13,8/8,9/9,10/13,11/5;0/0,1/0,2/0,3/0,4/0,5/0;0/4,1/4,2/3,3/4,4/4,5/4,6/4,7/3,8/3,9/4,10/4,11/4;0/81,1/82,2/68,3/67,4/67,5/84;0/392,1/382,2/343,3/387,4/411,5/395,6/413,7/328,8/342,9/378,10/415,11/401;0/519,1/513,2/426,3/416,4/418,5/526;0/1840,1/1679,2/1488,3/1695,4/1791,5/1797,6/1744,7/1508,8/1465,9/1750,10/1803,11/1769
21059.95;449;4602;6;12;0/15905.48,1/15964.52,2/16829.95,3/16928.91,4/16909.62,5/15836.06;0/2639.95,1/4212.72,2/6124.92,3/4058.59,4/3107.6,5/3040.35,6/3606.09,7/5923.39,8/6379.95,9/3504.22,10/2979.1,11/3316.74;0/21059.95,1/21059.95,2/21059.95,3/21059.95,4/21059.95,5/21059.95;0/21059.95,1/21059.95,2/21059.95,3/21059.95,4/21059.95,5/21059.95,6/21059.95,7/21059.95,8/21059.95,9/21059.95,10/21059.95,11/21059.95;0/0,1/0,2/0,3/0,4/0,5/0;0/1,1/0,2/6,3/0,4/7,5/7,6/2,7/0,8/4,9/4,10/2,11/2;0/0,1/0,2/0,3/0,4/0,5/0;0/9,1/7,2/10,3/13,4/11,5/14,6/14,7/10,8/10,9/14,10/11,11/11;0/0,1/0,2/0,3/0,4/0,5/0;0/4,1/4,2/3,3/4,4/4,5/4,6/4,7/3,8/3,9/4,10/4,11/4;0/81,1/82,2/68,3/67,4/67,5/84;0/392,1/383,2/343,3/388,4/413,5/397,6/415,7/329,8/343,9/380,10/416,11/403;0/519,1/513,2/426,3/416,4/418,5/526;0/1842,1/1685,2/1494,3/1701,4/1796,5/1802,6/1746,7/1514,8/1468,9/1756,10/1809,11/1775
21119.88;449;4615;6;12;0/15965.42,1/16024.45,2/16889.89,3/16988.85,4/16969.55,5/15895.99;0/2677.66,1/4213.03,2/6124.98,3/4058.82,4/3141.98,5/3040.96,6/3606.25,7/5923.56,8/6413.28,9/3504.36,10/2979.23,11/3317.1;0/21119.88,1/21119.88,2/21119.88,3/21119.88,4/21119.88,5/21119.88;0/21119.88,1/21119.88,2/21119.88,3/21119.88,4/21119.88,5/21119.88,6/21119.88,7/21119.88,8/21119.88,9/21119.88,10/21119.88,11/21119.88;0/0,1/0,2/0,3/0,4/0,5/0;0/2,1/0,2/4,3/1,4/2,5/2,6/1,7/0,8/5,9/1,10/2,11/2;0/0,1/0,2/0,3/0,4/0,5/0;0/10,1/9,2/8,3/14,4/12,5/12,6/12,7/9,8/11,9/13,10/16,11/13;0/0,1/0,2/0,3/0,4/0,5/0;0/4,1/4,2/3,3/4,4/4,5/4,6/4,7/3,8/3,9/4,10/4,11/4;0/81,1/82,2/68,3/67,4/67,5/84;0/394,1/384,2/345,3/388,4/414,5/398,6/416,7/330,8/344,9/381,10/417,11/404;0/519,1/513,2/426,3/416,4/418,5/526;0/1845,1/1691,2/1500,3/1707,4/1798,5/1808,6/1752,7/1520,8/1471,9/1762,10/1815,11/1781
21179.74;449;4631;6;12;0/16025.27,1/16084.31,2/16949.74,3/17048.7,4/17029.41,5/15955.85;0/2678.11,1/4213.39,2/6167.57,3/4059.38,4/3164.48,5/3041.1,6/3606.38,7/5923.93,8/6413.49,9/3504.6,10/2982.8,11/3317.39;0/21179.74,1/21179.74,2/21179.74,3/21179.74,4/21179.74,5/21179.74;0/21179.74,1/21179.74,2/21179.74,3/21179.74,4/21179.74,5/21179.74,6/21179.74,7/21179.74,8/21179.74,9/21179.74,10/21179.74,11/21179.74;0/0,1/0,2/0,3/0,4/0,5/0;0/4,1/0,2/2,3/1,4/1,5/1,6/4,7/0,8/5,9/2,10/2,11/3;0/0,1/0,2/0,3/0,4/0,5/0;0/13,1/9,2/8,3/16,4/13,5/9,6/12,7/9,8/8,9/17,10/11,11/13;0/0,1/0,2/0,3/0,4/0,5/0;0/4,1/4,2/3,3/4,4/4,5/4,6/4,7/3,8/3,9/4,10/4,11/4;0/81,1/82,2/68,3/67,4/67,5/84;0/396,1/386,2/347,3/389,4/416,5/399,6/416,7/331,8/346,9/382,10/418,11/405;0/519,1/513,2/426,3/416,4/418,5/526;0/1851,1/1697,2/1502,3/1713,4/1802,5/1814,6/1758,7/1526,8/1477,9/1768,10/1820,11/1787
21239.99;449;4643;6;12;0/16085.52,1/16144.56,2/17010,3/17108.95,4/17089.66,5/16016.1;0/2678.22,1/4213.59,2/6167.92,3/4059.55,4/3164.63,5/3055.45,6/3606.66,7/5924.19,8/6429.22,9/3504.95,10/2982.92,11/3317.68;0/21239.99,1/21239.99,2/21239.99,3/21239.99,4/21239.99,5/21239.99;0/21239.99,1/21239.99,2/21239.99,3/21239.99,4/21239.99,5/21239.99,6/21239.99,7/21239.99,8/21239.99,9/21239.99,10/21239.99,11/21239.99;0/0,1/0,2/0,3/0,4/0,5/0;0/1,1/0,2/2,3/0,4/1,5/2,6/6,7/0,8/3,9/4,10/1,11/4;0/0,1/0,2/0,3/0,4/0,5/0;0/9,1/11,2/8,3/11,4/8,5/12,6/13,7/8,8/12,9/15,10/12,11/12;0/0,1/0,2/0,3/0,4/0,5/0;0/4,1/4,2/3,3/4,4/4,5/4,6/4,7/3,8/3,9/4,10/4,11/4;0/81,1/82,2/68,3/67,4/67,5/84;0/397,1/387,2/347,3/391,4/417,5/400,6/418,7/331,8/347,9/383,10/419,11/406;0/519,1/513,2/426,3/416,4/418,5/526;0/1857,1/1703,2/1508,3/1719,4/1808,5/1819,6/1764,7/1532,8/1482,9/1774,10/1826,11/1793
21299.97;449;4654;6;12;0/16145.51,1/16204.54,2/17069.98,3/17168.94,4/17149.64,5/16076.08;0/2678.5,1/4213.76,2/6168.19,3/4059.88,4/3164.93,5/3055.91,6/3606.96,7/5924.88,8/6429.97,9/3505.32,10/2988.46,11/3317.74;0/21299.97,1/21299.97,2/21299.97,3/21299.97,4/21299.97,5/21299.97;0/21299.97,1/21299.97,2/21299.97,3/21299.97,4/21299.97,5/21299.97,6/21299.97,7/21299.97,8/21299.97,9/21299.97,10/21299.97,11/21299.97;0/0,1/0,2/0,3/0,4/0,5/0;0/3,1/0,2/2,3/2,4/2,5/4,6/3,7/3,8/4,9/6,10/2,11/2;0/0,1/0,2/0,3/0,4/0,5/0;0/12,1/8,2/7,3/12,4/7,5/13,6/12,7/11,8/12,9/15,10/11,11/7;0/0,1/0,2/0,3/0,4/0,5/0;0/4,1/4,2/3,3/4,4/4,5/4,6/4,7/3,8/3,9/4,10/4,11/4;0/81,1/82,2/68,3/67,4/67,5/84;0/398,1/387,2/349,3/391,4/418,5/401,6/419,7/332,8/347,9/384,10/420,11/408;0/519,1/513,2/426,3/416,4/418,5/526;0/1863,1/1709,2/1514,3/1725,4/1814,5/1825,6/1770,7/1538,8/1487,9/1780,10/1832,11/1799
21359.67;449;4669;6;12;0/16205.21,1/16264.25,2/17129.68,3/17228.64,4/17209.34,5/16135.78;0/2678.65,1/4214.09,2/6173.74,3/4060.05,4/3167.13,5/3056.4,6/3607.04,7/5925.25,8/6436,9/3505.41,10/2988.65,11/3331.82;0/21359.67,1/21359.67,2/21359.67,3/21359.67,4/21359.67,5/21359.67;0/21359.67,1/21359.67,2/21359.67,3/21359.67,4/21359.67,5/21359.67,6/21359.67,7/21359.67,8/21359.67,9/21359.67,10/21359.67,11/21359.67;0/0,1/0,2/0,3/0,4/0,5/0;0/1,1/0,2/5,3/3,4/2,5/4,6/4,7/5,8/3,9/5,10/3,11/2;0/0,1/0,2/0,3/0,4/0,5/0;0/9,1/10,2/12,3/18,4/7,5/13,6/10,7/12,8/7,9/11,10/11,11/8;0/0,1/0,2/0,3/0,4/0,5/0;0/4,1/4,2/3,3/4,4/4,5/4,6/4,7/3,8/3,9/4,10/4,11/4;0/81,1/82,2/68,3/67,4/67,5/84;0/400,1/388,2/350,3/392,4/420,5/403,6/420,7/333,8/348,9/385,10/420,11/410;0/519,1/513,2/426,3/416,4/418,5/526;0/1869,1/1715,2/1519,3/1730,4/1820,5/1831,6/1776,7/1544,8/1493,9/1786,10/1838,11/1803
21419.81;449;4682;6;12;0/16265.34,1/16324.38,2/17189.81,3/17288.77,4/17269.48,5/16195.92;0/2678.82,1/4214.75,2/6204.67,3/4060.22,4/3168.29,5/3056.72,6/3610.13,7/5925.58,8/6436.54,9/3505.62,10/2988.82,11/3332.07;0/21419.81,1/21419.81,2/21419.81,3/21419.81,4/21419.81,5/21419.81;0/21419.81,1/21419.81,2/21419.81,3/21419.81,4/21419.81,5/21419.81,6/21419.81,7/21419.81,8/21419.81,9/21419.81,10/21419.81,11/21419.81;0/0,1/0,2/0,3/0,4/0,5/0;0/7,1/0,2/3,3/1,4/4,5/8,6/2,7/4,8/3,9/5,10/8,11/2;0/0,1/0,2/0,3/0,4/0,5/0;0/18,1/8,2/12,3/14,4/10,5/12,6/9,7/9,8/10,9/11,10/14,11/11;0/0,1/0,2/0,3/0,4/0,5/0;0/4,1/4,2/3,3/4,4/4,5/4,6/4,7/3,8/3,9/4,10/4,11/4;0/81,1/82,2/68,3/67,4/67,5/84;0/400,1/388,2/351,3/393,4/421,5/404,6/422,7/333,8/349,9/387,10/423,11/411;0/519,1/513,2/426,3/416,4/418,5/526;0/1875,1/1721,2/1522,3/1736,4/1826,5/1837,6/1781,7/1550,8/1499,9/1792,10/1844,11/1809
21479.96;449;4695;6;12;0/16325.49,1/16384.53,2/17249.97,3/17348.92,4/17329.63,5/16256.07;0/2678.91,1/4215.19,2/6204.96,3/4060.45,4/3199.96,5/3066.77,6/3651.08,7/5925.97,8/6469.96,9/3505.8,10/2989.96,11/3367.96;0/21479.96,1/21479.96,2/21479.96,3/21479.96,4/21479.96,5/21479.96;0/21479.96,1/21479.96,2/21479.96,3/21479.96,4/21479.96,5/21479.96,6/21479.96,7/21479.96,8/21479.96,9/21479.96,10/21479.96,11/21479.96;0/0,1/0,2/0,3/0,4/0,5/0;0/4,1/1,2/3,3/5,4/1,5/4,6/0,7/3,8/3,9/7,10/4,11/0;0/0,1/0,2/0,3/0,4/0,5/0;0/12,1/9,2/10,3/18,4/8,5/13,6/9,7/9,8/11,9/11,10/12,11/14;0/0,1/0,2/0,3/0,4/0,5/0;0/4,1/4,2/3,3/4,4/4,5/4,6/4,7/3,8/3,9/4,10/4,11/4;0/81,1/82,2/68,3/67,4/67,5/84;0/401,1/389,2/352,3/394,4/421,5/406,6/423,7/335,8/350,9/389,10/423,11/412;0/519,1/513,2/426,3/416,4/418,5/526;0/1881,1/1727,2/1528,3/1742,4/1828,5/1842,6/1783,7/1556,8/1501,9/1798,10/1849,11/1812
21539.62;449;4714;6;12;0/16385.15,1/16444.19,2/17309.62,3/17408.58,4/17389.29,5/16315.73;0/2679.24,1/4215.62,2/6205.25,3/4060.66,4/3231.67,5/3067.11,6/3651.26,7/5959.62,8/6478.6,9/3518.6,10/3012.61,11/3368.25;0/21539.62,1/21539.62,2/21539.62,3/21539.62,4/21539.62,5/21539.62;0/21539.62,1/21539.62,2/21539.62,3/21539.62,4/21539.62,5/21539.62,6/21539.62,7/21539.62,8/21539.62,9/21539.62,10/21539.62,11/21539.62;0/0,1/0,2/0,3/0,4/0,5/0;0/6,1/0,2/4,3/6,4/0,5/2,6/3,7/0,8/4,9/4,10/3,11/5;0/0,1/0,2/0,3/0,4/0,5/0;0/14,1/7,2/9,3/16,4/9,5/9,6/10,7/18,8/9,9/12,10/10,11/21;0/0,1/0,2/0,3/0,4/0,5/0;0/4,1/4,2/3,3/4,4/4,5/4,6/4,7/3,8/3,9/4,10/4,11/4;0/81,1/82,2/68,3/67,4/67,5/84;0/403,1/391,2/353,3/395,4/424,5/408,6/424,7/335,8/352,9/391,10/425,11/413;0/519,1/513,2/426,3/416,4/418,5/526;0/1887,1/1733,2/1534,3/1748,4/1831,5/1848,6/1789,7/1558,8/1507,9/1803,10/1853,11/1818
21599.96;449;4724;6;12;0/16445.49,1/16504.53,2/17369.96,3/17468.92,4/17449.63,5/16376.07;0/2679.33,1/4215.89,2/6249.96,3/4061.04,4/3243.79,5/3089.96,6/3655.26,7/5993.31,8/6489.5,9/3518.87,10/3012.84,11/3368.31;0/21599.96,1/21599.96,2/21599.96,3/21599.96,4/21599.96,5/21599.96;0/21599.96,1/21599.96,2/21599.96,3/21599.96,4/21599.96,5/21599.96,6/21599.96,7/21599.96,8/21599.96,9/21599.96,10/21599.96,11/21599.96;0/0,1/0,2/0,3/0,4/0,5/0;0/4,1/0,2/5,3/4,4/2,5/0,6/8,7/1,8/4,9/4,10/1,11/3;0/0,1/0,2/0,3/0,4/0,5/0;0/14,1/10,2/12,3/13,4/12,5/8,6/15,7/18,8/7,9/12,10/10,11/15;0/0,1/0,2/0,3/0,4/0,5/0;0/4,1/4,2/3,3/4,4/4,5/4,6/4,7/3,8/3,9/4,10/4,11/4;0/81,1/82,2/68,3/67,4/67,5/84;0/405,1/391,2/353,3/396,4/425,5/408,6/426,7/336,8/353,9/392,10/426,11/413;0/519,1/513,2/426,3/416,4/418,5/526;0/1893,1/1739,2/1535,3/1754,4/1836,5/1851,6/1795,7/1561,8/1512,9/1809,10/1859,11/1824
21659.94;449;4737;6;12;0/16505.48,1/16564.51,2/17429.95,3/17528.91,4/17509.61,5/16436.05;0/2683.16,1/4216.18,2/6262.24,3/4061.43,4/3244.24,5/3093.88,6/3655.85,7/5993.47,8/6499.94,9/3549.94,10/3013.34,11/3368.43;0/21659.94,1/21659.94,2/21659.94,3/21659.94,4/21659.94,5/21659.94;0/21659.94,1/21659.94,2/21659.94,3/21659.94,4/21659.94,5/21659.94,6/21659.94,7/21659.94,8/21659.94,9/21659.94,10/21659.94,11/21659.94;0/0,1/0,2/0,3/0,4/0,5/0;0/2,1/4,2/4,3/5,4/2,5/2,6/5,7/1,8/5,9/4,10/0,11/1;0/0,1/0,2/0,3/0,4/0,5/0;0/9,1/17,2/9,3/12,4/13,5/8,6/13,7/14,8/9,9/13,10/12,11/12;0/0,1/0,2/0,3/0,4/0,5/0;0/4,1/4,2/3,3/4,4/4,5/4,6/4,7/3,8/3,9/4,10/4,11/4;0/81,1/82,2/68,3/67,4/67,5/84;0/406,1/392,2/355,3/397,4/426,5/409,6/426,7/337,8/354,9/393,10/427,11/415;0/519,1/513,2/426,3/416,4/418,5/526;0/1898,1/1745,2/1540,3/1760,4/1842,5/1857,6/1801,7/1567,8/1516,9/1811,10/1865,11/1830
21719.98;449;4752;6;12;0/16565.51,1/16624.55,2/17489.98,3/17588.94,4/17569.65,5/16496.09;0/2683.37,1/4216.34,2/6267.74,3/4061.7,4/3244.44,5/3094.44,6/3656.21,7/5993.74,8/6559.98,9/3559.98,10/3013.66,11/3368.71;0/21719.98,1/21719.98,2/21719.98,3/21719.98,4/21719.98,5/21719.98;0/21719.98,1/21719.98,2/21719.98,3/21719.98,4/21719.98,5/21719.98,6/21719.98,7/21719.98,8/21719.98,9/21719.98,10/21719.98,11/21719.98;0/0,1/0,2/0,3/0,4/0,5/0;0/1,1/0,2/3,3/2,4/3,5/5,6/5,7/1,8/3,9/3,10/0,11/1;0/0,1/0,2/0,3/0,4/0,5/0;0/8,1/13,2/10,3/14,4/10,5/8,6/13,7/12,8/9,9/9,10/9,11/9;0/0,1/0,2/0,3/0,4/0,5/0;0/4,1/4,2/3,3/4,4/4,5/4,6/4,7/3,8/3,9/4,10/4,11/4;0/81,1/82,2/68,3/67,4/67,5/84;0/407,1/393,2/356,3/399,4/428,5/411,6/428,7/337,8/354,9/395,10/428,11/416;0/519,1/513,2/426,3/416,4/418,5/526;0/1904,1/1751,2/1546,3/1766,4/1848,5/1863,6/1807,7/1573,8/1516,9/1817,10/1871,11/1836
21779.95;449;4766;6;12;0/16625.48,1/16684.52,2/17549.95,3/17648.91,4/17629.62,5/16556.06;0/2683.7,1/4216.63,2/6274.56,3/4082.16,4/3247.72,5/3139.95,6/3656.32,7/5994.02,8/6580.79,9/3569.95,10/3013.78,11/3369.02;0/21779.95,1/21779.95,2/21779.95,3/21779.95,4/21779.95,5/21779.95;0/21779.95,1/21779.95,2/21779.95,3/21779.95,4/21779.95,5/21779.95,6/21779.95,7/21779.95,8/21779.95,9/21779.95,10/21779.95,11/21779.95;0/0,1/0,2/0,3/0,4/0,5/0;0/3,1/0,2/3,3/1,4/5,5/2,6/6,7/1,8/5,9/4,10/1,11/0;0/0,1/0,2/0,3/0,4/0,5/0;0/12,1/11,2/8,3/10,4/11,5/12,6/10,7/9,8/9,9/10,10/6,11/6;0/0,1/0,2/0,3/0,4/0,5/0;0/4,1/4,2/3,3/4,4/4,5/4,6/4,7/3,8/3,9/4,10/4,11/4;0/81,1/82,2/68,3/67,4/67,5/84;0/408,1/394,2/357,3/400,4/429,5/412,6/429,7/338,8/356,9/396,10/429,11/418;0/519,1/513,2/426,3/416,4/418,5/526;0/1910,1/1757,2/1551,3/1770,4/1854,5/1864,6/1813,7/1579,8/1520,9/1821,10/1877,11/1842
21839.98;449;4778;6;12;0/16685.52,1/16744.56,2/17609.99,3/17708.95,4/17689.65,5/16616.09;0/2684.19,1/4216.76,2/6293.91,3/4082.56,4/3299.98,5/3170.83,6/3660.52,7/5994.33,8/6599.98,9/3597,10/3014.28,11/3369.35;0/21839.98,1/21839.98,2/21839.98,3/21839.98,4/21839.98,5/21839.98;0/21839.98,1/21839.98,2/21839.98,3/21839.98,4/21839.98,5/21839.98,6/21839.98,7/21839.98,8/21839.98,9/21839.98,10/21839.98,11/21839.98;0/0,1/0,2/0,3/0,4/0,5/0;0/0,1/0,2/4,3/2,4/1,5/0,6/2,7/1,8/1,9/3,10/3,11/5;0/0,1/0,2/0,3/0,4/0,5/0;0/11,1/6,2/12,3/13,4/13,5/11,6/7,7/9,8/7,9/9,10/12,11/14;0/0,1/0,2/0,3/0,4/0,5/0;0/4,1/4,2/3,3/4,4/4,5/4,6/4,7/3,8/3,9/4,10/4,11/4;0/81,1/82,2/68,3/67,4/67,5/84;0/409,1/395,2/358,3/401,4/429,5/413,6/431,7/339,8/357,9/398,10/430,11/418;0/519,1/513,2/426,3/416,4/418,5/526;0/1916,1/1763,2/1555,3/1776,4/1854,5/1867,6/1818,7/1585,8/1524,9/1825,10/1883,11/1848
21899.88;449;4791;6;12;0/16745.42,1/16804.46,2/17669.89,3/17768.85,4/17749.55,5/16675.99;0/2684.47,1/4217.23,2/6294.23,3/4082.7,4/3307.84,5/3171.34,6/3709.88,7/5994.84,8/6617.84,9/3604.23,10/3015.93,11/3370.33;0/21899.88,1/21899.88,2/21899.88,3/21899.88,4/21899.88,5/21899.88;0/21899.88,1/21899.88,2/21899.88,3/21899.88,4/21899.88,5/21899.88,6/21899.88,7/21899.88,8/21899.88,9/21899.88,10/21899.88,11/21899.88;0/0,1/0,2/0,3/0,4/0,5/0;0/0,1/0,2/5,3/3,4/1,5/0,6/2,7/2,8/2,9/6,10/2,11/2;0/0,1/0,2/0,3/0,4/0,5/0;0/9,1/5,2/10,3/13,4/11,5/7,6/10,7/7,8/6,9/15,10/14,11/10;0/0,1/0,2/0,3/0,4/0,5/0;0/4,1/4,2/3,3/4,4/4,5/4,6/4,7/3,8/3,9/4,10/4,11/4;0/81,1/82,2/68,3/67,4/67,5/84;0/410,1/395,2/359,3/402,4/431,5/414,6/431,7/339,8/359,9/400,10/432,11/419;0/519,1/513,2/426,3/416,4/418,5/526;0/1922,1/1769,2/1561,3/1782,4/1860,5/1873,6/1819,7/1591,8/1529,9/1830,10/1889,11/1853
21959.95;449;4806;6;12;0/16805.48,1/16864.52,2/17729.95,3/17828.91,4/17809.62,5/16736.06;0/2684.74,1/4217.75,2/6299.95,3/4082.99,4/3308.03,5/3171.74,6/3713.36,7/5996.03,8/6618.2,9/3604.32,10/3037.06,11/3370.95;0/21959.95,1/21959.95,2/21959.95,3/21959.95,4/21959.95,5/21959.95;0/21959.95,1/21959.95,2/21959.95,3/21959.95,4/21959.95,5/21959.95,6/21959.95,7/21959.95,8/21959.95,9/21959.95,10/21959.95,11/21959.95;0/0,1/0,2/0,3/0,4/0,5/0;0/0,1/2,2/5,3/2,4/8,5/0,6/1,7/8,8/9,9/5,10/0,11/3;0/0,1/0,2/0,3/0,4/0,5/0;0/10,1/10,2/10,3/12,4/15,5/9,6/7,7/13,8/15,9/12,10/10,11/13;0/0,1/0,2/0,3/0,4/0,5/0;0/4,1/4,2/3,3/4,4/4,5/4,6/4,7/3,8/3,9/4,10/4,11/4;0/81,1/82,2/68,3/67,4/67,5/84;0/411,1/396,2/360,3/403,4/432,5/416,6/433,7/340,8/360,9/401,10/433,11/421;0/519,1/513,2/426,3/416,4/418,5/526;0/1928,1/1775,2/1566,3/1788,4/1866,5/1879,6/1825,7/1597,8/1535,9/1836,10/1893,11/1859
22019.83;449;4817;6;12;0/16865.36,1/16924.4,2/17789.83,3/17888.79,4/17869.5,5/16795.94;0/2685.25,1/4227.05,2/6359.83,3/4083.25,4/3308.33,5/3172.16,6/3713.71,7/6009.83,8/6652.01,9/3619.83,10/3037.33,11/3371.3;0/22019.83,1/22019.83,2/22019.83,3/22019.83,4/22019.83,5/22019.83;0/22019.83,1/22019.83,2/22019.83,3/22019.83,4/22019.83,5/22019.83,6/22019.83,7/22019.83,8/22019.83,9/22019.83,10/22019.83,11/22019.83;0/0,1/0,2/0,3/0,4/0,5/0;0/0,1/0,2/4,3/2,4/7,5/1,6/4,7/9,8/4,9/3,10/1,11/1;0/0,1/0,2/0,3/0,4/0,5/0;0/11,1/9,2/10,3/11,4/15,5/15,6/9,7/16,8/15,9/11,10/11,11/15;0/0,1/0,2/0,3/0,4/0,5/0;0/4,1/4,2/3,3/4,4/4,5/4,6/4,7/3,8/3,9/4,10/4,11/4;0/81,1/82,2/68,3/67,4/67,5/84;0/412,1/398,2/360,3/404,4/433,5/416,6/435,7/341,8/361,9/401,10/434,11/422;0/519,1/513,2/426,3/416,4/418,5/526;0/1934,1/1780,2/1566,3/1794,4/1872,5/1885,6/1831,7/1601,8/1537,9/1840,10/1899,11/1865
22079.89;449;4833;6;12;0/16925.42,1/16984.46,2/17849.9,3/17948.85,4/17929.56,5/16856;0/2685.42,1/4231.53,2/6384.67,3/4083.46,4/3335.29,5/3172.42,6/3719.89,7/6029.89,8/6664.91,9/3626.81,10/3041.22,11/3371.49;0/22079.89,1/22079.89,2/22079.89,3/22079.89,4/22079.89,5/22079.89;0/22079.89,1/22079.89,2/22079.89,3/22079.89,4/22079.89,5/22079.89,6/22079.89,7/22079.89,8/22079.89,9/22079.89,10/22079.89,11/22079.89;0/0,1/0,2/0,3/0,4/0,5/0;0/2,1/0,2/4,3/1,4/4,5/8,6/3,7/6,8/3,9/2,10/2,11/0;0/0,1/0,2/0,3/0,4/0,5/0;0/12,1/9,2/9,3/8,4/15,5/23,6/13,7/11,8/11,9/10,10/11,11/11;0/0,1/0,2/0,3/0,4/0,5/0;0/4,1/4,2/3,3/4,4/4,5/4,6/4,7/3,8/3,9/4,10/4,11/4;0/81,1/82,2/68,3/67,4/67,5/84;0/414,1/399,2/362,3/406,4/434,5/417,6/436,7/342,8/362,9/403,10/435,11/423;0/519,1/513,2/426,3/416,4/418,5/526;0/1940,1/1785,2/1570,3/1800,4/1875,5/1891,6/1836,7/1606,8/1542,9/1846,10/1904,11/1871
22139.96;449;4847;6;12;0/16985.49,1/17044.53,2/17909.96,3/18008.92,4/17989.63,5/16916.07;0/2685.69,1/4231.89,2/6384.93,3/4095.4,4/3335.44,5/3172.85,6/3745.44,7/6059.96,8/6665.35,9/3629.71,10/3041.49,11/3371.67;0/22139.96,1/22139.96,2/22139.96,3/22139.96,4/22139.96,5/22139.96;0/22139.96,1/22139.96,2/22139.96,3/22139.96,4/22139.96,5/22139.96,6/22139.96,7/22139.96,8/22139.96,9/22139.96,10/22139.96,11/22139.96;0/0,1/0,2/0,3/0,4/0,5/0;0/1,1/0,2/4,3/3,4/3,5/4,6/6,7/3,8/3,9/1,10/3,11/3;0/0,1/0,2/0,3/0,4/0,5/0;0/14,1/8,2/9,3/13,4/14,5/19,6/15,7/12,8/7,9/11,10/11,11/13;0/0,1/0,2/0,3/0,4/0,5/0;0/4,1/4,2/3,3/4,4/4,5/4,6/4,7/3,8/3,9/4,10/4,11/4;0/81,1/82,2/68,3/67,4/67,5/84;0/415,1/400,2/363,3/407,4/435,5/418,6/438,7/343,8/363,9/405,10/436,11/424;0/519,1/513,2/426,3/416,4/418,5/526;0/1946,1/1791,2/1576,3/1805,4/1881,5/1897,6/1840,7/1608,8/1548,9/1852,10/1910,11/1877
22199.88;449;4860;6;12;0/17045.42,1/17104.45,2/17969.89,3/18068.84,4/18049.55,5/16975.99;0/2685.74,1/4232.27,2/6429.88,3/4095.74,4/3335.53,5/3173.27,6/3745.57,7/6076.86,8/6684.54,9/3630.03,10/3041.67,11/3371.89;0/22199.88,1/22199.88,2/22199.88,3/22199.88,4/22199.88,5/22199.88;0/22199.88,1/22199.88,2/22199.88,3/22199.88,4/22199.88,5/22199.88,6/22199.88,7/22199.88,8/22199.88,9/22199.88,10/22199.88,11/22199.88;0/0,1/0,2/0,3/0,4/0,5/0;0/0,1/0,2/2,3/1,4/1,5/5,6/5,7/3,8/1,9/6,10/2,11/2;0/0,1/0,2/0,3/0,4/0,5/0;0/9,1/7,2/8,3/12,4/8,5/17,6/13,7/7,8/8,9/14,10/12,11/11;0/0,1/0,2/0,3/0,4/0,5/0;0/4,1/4,2/3,3/4,4/4,5/4,6/4,7/3,8/3,9/4,10/4,11/4;0/81,1/82,2/68,3/67,4/67,5/84;0/416,1/400,2/363,3/408,4/437,5/419,6/439,7/344,8/364,9/406,10/438,11/426;0/519,1/513,2/426,3/416,4/418,5/526;0/1952,1/1797,2/1577,3/1811,4/1887,5/1903,6/1846,7/1613,8/1552,9/1857,10/1916,11/1883
22259.96;449;4875;6;12;0/17105.49,1/17164.53,2/18029.96,3/18128.92,4/18109.63,5/17036.07;0/2686.29,1/4232.5,2/6430.91,3/4098.59,4/3335.92,5/3173.39,6/3764.16,7/6079.96,8/6717.33,9/3630.17,10/3042.04,11/3372.12;0/22259.96,1/22259.96,2/22259.96,3/22259.96,4/22259.96,5/22259.96;0/22259.96,1/22259.96,2/22259.96,3/22259.96,4/22259.96,5/22259.96,6/22259.96,7/22259.96,8/22259.96,9/22259.96,10/22259.96,11/22259.96;0/0,1/0,2/0,3/0,4/0,5/0;0/0,1/3,2/6,3/0,4/0,5/3,6/2,7/4,8/0,9/4,10/3,11/2;0/0,1/0,2/0,3/0,4/0,5/0;0/8,1/11,2/12,3/11,4/8,5/14,6/12,7/10,8/7,9/17,10/13,11/11;0/0,1/0,2/0,3/0,4/0,5/0;0/4,1/4,2/3,3/4,4/4,5/4,6/4,7/3,8/3,9/4,10/4,11/4;0/81,1/82,2/68,3/67,4/67,5/84;0/417,1/401,2/365,3/409,4/438,5/420,6/441,7/347,8/365,9/407,10/439,11/426;0/519,1/513,2/426,3/416,4/418,5/526;0/1958,1/1803,2/1583,3/1817,4/1893,5/1909,6/1850,7/1619,8/1555,9/1863,10/1922,11/1889
22319.95;449;4889;6;12;0/17165.48,1/17224.52,2/18089.95,3/18188.91,4/18169.62,5/17096.06;0/2686.63,1/4233.16,2/6474.81,3/4102.48,4/3336.18,5/3173.65,6/3764.33,7/6080.37,8/6717.83,9/3645.03,10/3054.15,11/3374.04;0/22319.95,1/22319.95,2/22319.95,3/22319.95,4/22319.95,5/22319.95;0/22319.95,1/22319.95,2/22319.95,3/22319.95,4/22319.95,5/22319.95,6/22319.95,7/22319.95,8/22319.95,9/22319.95,10/22319.95,11/22319.95;0/0,1/0,2/0,3/0,4/0,5/0;0/0,1/4,2/3,3/0,4/2,5/3,6/4,7/11,8/6,9/4,10/1,11/4;0/0,1/0,2/0,3/0,4/0,5/0;0/5,1/13,2/10,3/12,4/11,5/11,6/14,7/19,8/12,9/15,10/11,11/12;0/0,1/0,2/0,3/0,4/0,5/0;0/4,1/4,2/3,3/4,4/4,5/4,6/4,7/3,8/3,9/4,10/4,11/4;0/81,1/82,2/68,3/67,4/67,5/84;0/417,1/402,2/366,3/411,4/439,5/422,6/442,7/347,8/366,9/409,10/440,11/428;0/519,1/513,2/426,3/416,4/418,5/526;0/1964,1/1809,2/1585,3/1822,4/1899,5/1915,6/1856,7/1624,8/1561,9/1868,10/1927,11/1895
22379.96;449;4901;6;12;0/17225.49,1/17284.53,2/18149.96,3/18248.92,4/18229.63,5/17156.07;0/2686.96,1/4254.38,2/6475.13,3/4102.97,4/3349.06,5/3173.8,6/3764.94,7/6080.71,8/6718.06,9/3645.13,10/3054.38,11/3374.25;0/22379.96,1/22379.96,2/22379.96,3/22379.96,4/22379.96,5/22379.96;0/22379.96,1/22379.96,2/22379.96,3/22379.96,4/22379.96,5/22379.96,6/22379.96,7/22379.96,8/22379.96,9/22379.96,10/22379.96,11/22379.96;0/0,1/0,2/0,3/0,4/0,5/0;0/1,1/0,2/3,3/0,4/4,5/2,6/3,7/8,8/5,9/8,10/0,11/3;0/0,1/0,2/0,3/0,4/0,5/0;0/6,1/9,2/8,3/13,4/14,5/6,6/12,7/14,8/12,9/16,10/10,11/14;0/0,1/0,2/0,3/0,4/0,5/0;0/4,1/4,2/3,3/4,4/4,5/4,6/4,7/3,8/3,9/4,10/4,11/4;0/81,1/82,2/68,3/67,4/67,5/84;0/419,1/403,2/367,3/411,4/440,5/423,6/443,7/348,8/367,9/410,10/441,11/429;0/519,1/513,2/426,3/416,4/418,5/526;0/1970,1/1813,2/1591,3/1828,4/1904,5/1921,6/1862,7/1630,8/1567,9/1874,10/1933,11/1901
22439.96;449;4912;6;12;0/17285.49,1/17344.53,2/18209.96,3/18308.92,4/18289.63,5/17216.07;0/2689.96,1/4254.73,2/6489.96,3/4103.06,4/3349.29,5/3197.56,6/3771.42,7/6089.96,8/6730.02,9/3645.27,10/3054.68,11/3374.56;0/22439.96,1/22439.96,2/22439.96,3/22439.96,4/22439.96,5/22439.96;0/22439.96,1/22439.96,2/22439.96,3/22439.96,4/22439.96,5/22439.96,6/22439.96,7/22439.96,8/22439.96,9/22439.96,10/22439.96,11/22439.96;0/0,1/0,2/0,3/0,4/0,5/0;0/0,1/5,2/3,3/0,4/1,5/4,6/1,7/6,8/2,9/6,10/0,11/4;0/0,1/0,2/0,3/0,4/0,5/0;0/12,1/16,2/9,3/7,4/10,5/9,6/7,7/14,8/12,9/14,10/8,11/17;0/0,1/0,2/0,3/0,4/0,5/0;0/4,1/4,2/3,3/4,4/4,5/4,6/4,7/3,8/3,9/4,10/4,11/4;0/81,1/82,2/68,3/67,4/67,5/84;0/420,1/405,2/368,3/412,4/440,5/424,6/444,7/349,8/368,9/410,10/442,11/430;0/519,1/513,2/426,3/416,4/418,5/526;0/1975,1/1819,2/1595,3/1834,4/1910,5/1925,6/1867,7/1635,8/1571,9/1880,10/1939,11/1907
22499.98;449;4924;6;12;0/17345.51,1/17404.55,2/18269.98,3/18368.94,4/18349.65,5/17276.09;0/2737.85,1/4254.93,2/6537.04,3/4103.34,4/3349.53,5/3219.98,6/3772.05,7/6099.72,8/6734.53,9/3645.64,10/3055.02,11/3374.58;0/22499.98,1/22499.98,2/22499.98,3/22499.98,4/22499.98,5/22499.98;0/22499.98,1/22499.98,2/22499.98,3/22499.98,4/22499.98,5/22499.98,6/22499.98,7/22499.98,8/22499.98,9/22499.98,10/22499.98,11/22499.98;0/0,1/0,2/0,3/0,4/0,5/0;0/0,1/3,2/0,3/1,4/4,5/3,6/3,7/5,8/3,9/7,10/3,11/3;0/0,1/0,2/0,3/0,4/0,5/0;0/10,1/12,2/7,3/7,4/10,5/10,6/9,7/10,8/9,9/18,10/10,11/11;0/0,1/0,2/0,3/0,4/0,5/0;0/4,1/4,2/3,3/4,4/4,5/4,6/4,7/3,8/3,9/4,10/4,11/4;0/81,1/82,2/68,3/67,4/67,5/84;0/421,1/405,2/369,3/413,4/442,5/425,6/445,7/350,8/369,9/412,10/443,11/430;0/519,1/513,2/426,3/416,4/418,5/526;0/1977,1/1825,2/1597,3/1840,4/1916,5/1928,6/1873,7/1641,8/1577,9/1886,10/1945,11/1913
22559.86;449;4939;6;12;0/17405.39,1/17464.43,2/18329.86,3/18428.82,4/18409.53,5/17335.97;0/2738.05,1/4255.23,2/6537.39,3/4104.44,4/3349.86,5/3249.68,6/3774.83,7/6103.56,8/6734.78,9/3645.73,10/3055.44,11/3374.83;0/22559.86,1/22559.86,2/22559.86,3/22559.86,4/22559.86,5/22559.86;0/22559.86,1/22559.86,2/22559.86,3/22559.86,4/22559.86,5/22559.86,6/22559.86,7/22559.86,8/22559.86,9/22559.86,10/22559.86,11/22559.86;0/0,1/0,2/0,3/0,4/0,5/0;0/0,1/2,2/1,3/9,4/3,5/2,6/4,7/6,8/2,9/5,10/7,11/1;0/0,1/0,2/0,3/0,4/0,5/0;0/8,1/12,2/8,3/20,4/15,5/9,6/12,7/12,8/6,9/12,10/17,11/10;0/0,1/0,2/0,3/0,4/0,5/0;0/4,1/4,2/3,3/4,4/4,5/4,6/4,7/3,8/3,9/4,10/4,11/4;0/81,1/82,2/68,3/67,4/67,5/84;0/422,1/406,2/370,3/414,4/443,5/427,6/447,7/351,8/370,9/413,10/444,11/432;0/519,1/513,2/426,3/416,4/418,5/526;0/1983,1/1831,2/1603,3/1846,4/1921,5/1932,6/1879,7/1646,8/1583,9/1892,10/1951,11/1919
22619.9;449;4951;6;12;0/17465.43,1/17524.47,2/18389.9,3/18488.86,4/18469.57,5/17396.01;0/2738.5,1/4255.33,2/6537.9,3/4108.03,4/3370.86,5/3271.27,6/3775.29,7/6103.82,8/6735.24,9/3646.12,10/3058.55,11/3375.2;0/22619.9,1/22619.9,2/22619.9,3/22619.9,4/22619.9,5/22619.9;0/22619.9,1/22619.9,2/22619.9,3/22619.9,4/22619.9,5/22619.9,6/22619.9,7/22619.9,8/22619.9,9/22619.9,10/22619.9,11/22619.9;0/0,1/0,2/0,3/0,4/0,5/0;0/0,1/1,2/5,3/8,4/1,5/0,6/7,7/7,8/6,9/5,10/3,11/3;0/0,1/0,2/0,3/0,4/0,5/0;0/10,1/6,2/12,3/17,4/14,5/7,6/16,7/12,8/10,9/12,10/13,11/12;0/0,1/0,2/0,3/0,4/0,5/0;0/4,1/4,2/3,3/4,4/4,5/4,6/4,7/3,8/3,9/4,10/4,11/4;0/81,1/82,2/68,3/67,4/67,5/84;0/423,1/407,2/371,3/416,4/444,5/428,6/448,7/352,8/370,9/414,10/445,11/433;0/519,1/513,2/426,3/416,4/418,5/526;0/1989,1/1837,2/1609,3/1852,4/1925,5/1935,6/1885,7/1652,8/1589,9/1898,10/1957,11/1925
22679.97;449;4968;6;12;0/17525.51,1/17584.54,2/18449.98,3/18548.94,4/18529.64,5/17456.08;0/2738.81,1/4259.97,2/6538.3,3/4108.1,4/3370.96,5/3271.68,6/3784.89,7/6104.05,8/6735.56,9/3661.59,10/3058.65,11/3376.23;0/22679.97,1/22679.97,2/22679.97,3/22679.97,4/22679.97,5/22679.97;0/22679.97,1/22679.97,2/22679.97,3/22679.97,4/22679.97,5/22679.97,6/22679.97,7/22679.97,8/22679.97,9/22679.97,10/22679.97,11/22679.97;0/0,1/0,2/0,3/0,4/0,5/0;0/2,1/5,2/9,3/6,4/0,5/1,6/3,7/11,8/10,9/1,10/4,11/2;0/0,1/0,2/0,3/0,4/0,5/0;0/13,1/10,2/14,3/13,4/10,5/8,6/11,7/20,8/17,9/12,10/10,11/12;0/0,1/0,2/0,3/0,4/0,5/0;0/4,1/4,2/3,3/4,4/4,5/4,6/4,7/3,8/3,9/4,10/4,11/4;0/81,1/82,2/68,3/67,4/67,5/84;0/423,1/409,2/372,3/418,4/445,5/430,6/450,7/353,8/372,9/416,10/446,11/434;0/519,1/513,2/426,3/416,4/418,5/526;0/1995,1/1842,2/1615,3/1858,4/1931,5/1941,6/1890,7/1658,8/1595,9/1902,10/1963,11/1931
22739.99;449;4981;6;12;0/17585.53,1/17644.57,2/18510,3/18608.96,4/18589.66,5/17516.1;0/2739,1/4308.91,2/6572.23,3/4109.99,4/3371.2,5/3272.18,6/3789.99,7/6104.2,8/6735.63,9/3663.16,10/3061.96,11/3376.7;0/22739.99,1/22739.99,2/22739.99,3/22739.99,4/22739.99,5/22739.99;0/22739.99,1/22739.99,2/22739.99,3/22739.99,4/22739.99,5/22739.99,6/22739.99,7/22739.99,8/22739.99,9/22739.99,10/22739.99,11/22739.99;0/0,1/0,2/0,3/0,4/0,5/0;0/1,1/3,2/4,3/4,4/1,5/3,6/2,7/11,8/6,9/0,10/0,11/6;0/0,1/0,2/0,3/0,4/0,5/0;0/9,1/9,2/14,3/15,4/10,5/11,6/11,7/15,8/11,9/8,10/8,11/13;0/0,1/0,2/0,3/0,4/0,5/0;0/4,1/4,2/3,3/4,4/4,5/4,6/4,7/3,8/3,9/4,10/4,11/4;0/81,1/82,2/68,3/67,4/67,5/84;0/424,1/410,2/373,3/418,4/446,5/431,6/451,7/354,8/373,9/417,10/448,11/436;0/519,1/513,2/426,3/416,4/418,5/526;0/2001,1/1844,2/1617,3/1863,4/1937,5/1947,6/1895,7/1664,8/1601,9/1908,10/1968,11/1937
22799.99;449;4992;6;12;0/17645.52,1/17704.56,2/18569.99,3/18668.95,4/18649.66,5/17576.1;0/2739.56,1/4309.18,2/6572.47,3/4121.38,4/3371.42,5/3299.83,6/3824.2,7/6119.99,8/6779.99,9/3663.43,10/3072.52,11/3399.99;0/22799.99,1/22799.99,2/22799.99,3/22799.99,4/22799.99,5/22799.99;0/22799.99,1/22799.99,2/22799.99,3/22799.99,4/22799.99,5/22799.99,6/22799.99,7/22799.99,8/22799.99,9/22799.99,10/22799.99,11/22799.99;0/0,1/0,2/0,3/0,4/0,5/0;0/1,1/5,2/4,3/3,4/5,5/1,6/1,7/9,8/5,9/0,10/0,11/2;0/0,1/0,2/0,3/0,4/0,5/0;0/8,1/9,2/13,3/10,4/15,5/10,6/8,7/13,8/10,9/7,10/6,11/15;0/0,1/0,2/0,3/0,4/0,5/0;0/4,1/4,2/3,3/4,4/4,5/4,6/4,7/3,8/3,9/4,10/4,11/4;0/81,1/82,2/68,3/67,4/67,5/84;0/426,1/411,2/374,3/419,4/447,5/432,6/452,7/355,8/373,9/418,10/449,11/436;0/519,1/513,2/426,3/416,4/418,5/526;0/2007,1/1850,2/1623,3/1868,4/1943,5/1951,6/1898,7/1668,8/1602,9/1914,10/1973,11/1940
22859.92;449;5008;6;12;0/17705.45,1/17764.49,2/18629.93,3/18728.88,4/18709.59,5/17636.03;0/2739.92,1/4329.92,2/6572.62,3/4121.55,4/3371.59,5/3299.92,6/3824.51,7/6159.92,8/6813.25,9/3663.84,10/3072.78,11/3402.42;0/22859.92,1/22859.92,2/22859.92,3/22859.92,4/22859.92,5/22859.92;0/22859.92,1/22859.92,2/22859.92,3/22859.92,4/22859.92,5/22859.92,6/22859.92,7/22859.92,8/22859.92,9/22859.92,10/22859.92,11/22859.92;0/0,1/0,2/0,3/0,4/0,5/0;0/2,1/7,2/5,3/2,4/3,5/3,6/5,7/8,8/5,9/0,10/1,11/0;0/0,1/0,2/0,3/0,4/0,5/0;0/8,1/16,2/13,3/9,4/14,5/11,6/12,7/14,8/7,9/12,10/10,11/9;0/0,1/0,2/0,3/0,4/0,5/0;0/4,1/4,2/3,3/4,4/4,5/4,6/4,7/3,8/3,9/4,10/4,11/4;0/81,1/82,2/68,3/67,4/67,5/84;0/427,1/413,2/375,3/421,4/449,5/433,6/454,7/356,8/374,9/419,10/449,11/438;0/519,1/513,2/426,3/416,4/418,5/526;0/2013,1/1853,2/1629,3/1874,4/1949,5/1957,6/1904,7/1670,8/1605,9/1920,10/1979,11/1946
22919.92;449;5021;6;12;0/17765.45,1/17824.49,2/18689.92,3/18788.88,4/18769.59,5/17696.03;0/2740.98,1/4364.66,2/6599.92,3/4139.92,4/3371.74,5/3300.29,6/3824.66,7/6202.66,8/6839.35,9/3664.01,10/3075.29,11/3402.93;0/22919.92,1/22919.92,2/22919.92,3/22919.92,4/22919.92,5/22919.92;0/22919.92,1/22919.92,2/22919.92,3/22919.92,4/22919.92,5/22919.92,6/22919.92,7/22919.92,8/22919.92,9/22919.92,10/22919.92,11/22919.92;0/0,1/0,2/0,3/0,4/0,5/0;0/0,1/4,2/2,3/2,4/4,5/2,6/2,7/6,8/6,9/2,10/3,11/4;0/0,1/0,2/0,3/0,4/0,5/0;0/9,1/15,2/13,3/9,4/10,5/10,6/10,7/12,8/12,9/13,10/11,11/13;0/0,1/0,2/0,3/0,4/0,5/0;0/4,1/4,2/3,3/4,4/4,5/4,6/4,7/3,8/3,9/4,10/4,11/4;0/81,1/82,2/68,3/67,4/67,5/84;0/428,1/414,2/375,3/422,4/449,5/435,6/455,7/357,8/376,9/419,10/451,11/440;0/519,1/513,2/426,3/416,4/418,5/526;0/2018,1/1856,2/1632,3/1878,4/1955,5/1962,6/1910,7/1672,8/1609,9/1926,10/1985,11/1952
22979.98;449;5037;6;12;0/17825.51,1/17884.55,2/18749.98,3/18848.94,4/18829.65,5/17756.09;0/2741.33,1/4364.78,2/6609.98,3/4155.84,4/3371.91,5/3300.63,6/3825.31,7/6220.63,8/6851.8,9/3664.13,10/3075.47,11/3405.42;0/22979.98,1/22979.98,2/22979.98,3/22979.98,4/22979.98,5/22979.98;0/22979.98,1/22979.98,2/22979.98,3/22979.98,4/22979.98,5/22979.98,6/22979.98,7/22979.98,8/22979.98,9/22979.98,10/22979.98,11/22979.98;0/0,1/0,2/0,3/0,4/0,5/0;0/0,1/4,2/2,3/4,4/5,5/8,6/2,7/6,8/4,9/2,10/1,11/7;0/0,1/0,2/0,3/0,4/0,5/0;0/8,1/11,2/10,3/11,4/7,5/15,6/12,7/12,8/8,9/13,10/11,11/13;0/0,1/0,2/0,3/0,4/0,5/0;0/4,1/4,2/3,3/4,4/4,5/4,6/4,7/3,8/3,9/4,10/4,11/4;0/81,1/82,2/68,3/67,4/67,5/84;0/429,1/415,2/376,3/424,4/450,5/436,6/457,7/359,8/377,9/421,10/452,11/441;0/519,1/513,2/426,3/416,4/418,5/526;0/2024,1/1862,2/1637,3/1883,4/1961,5/1968,6/1916,7/1676,8/1613,9/1932,10/1991,11/1958
23039.97;449;5054;6;12;0/17885.51,1/17944.54,2/18809.98,3/18908.93,4/18889.64,5/17816.08;0/2741.8,1/4364.85,2/6616.34,3/4156.05,4/3409.97,5/3308.14,6/3825.55,7/6220.72,8/6876.93,9/3664.38,10/3075.76,11/3410.02;0/23039.97,1/23039.97,2/23039.97,3/23039.97,4/23039.97,5/23039.97;0/23039.97,1/23039.97,2/23039.97,3/23039.97,4/23039.97,5/23039.97,6/23039.97,7/23039.97,8/23039.97,9/23039.97,10/23039.97,11/23039.97;0/0,1/0,2/0,3/0,4/0,5/0;0/3,1/2,2/1,3/5,4/5,5/7,6/3,7/5,8/3,9/2,10/1,11/1;0/0,1/0,2/0,3/0,4/0,5/0;0/13,1/5,2/7,3/11,4/10,5/17,6/11,7/7,8/7,9/12,10/10,11/10;0/0,1/0,2/0,3/0,4/0,5/0;0/4,1/4,2/3,3/4,4/4,5/4,6/4,7/3,8/3,9/4,10/4,11/4;0/81,1/82,2/68,3/67,4/67,5/84;0/430,1/416,2/378,3/426,4/452,5/437,6/459,7/360,8/378,9/422,10/453,11/443;0/519,1/513,2/426,3/416,4/418,5/526;0/2030,1/1868,2/1643,3/1889,4/1963,5/1974,6/1922,7/1682,8/1617,9/1938,10/1997,11/1963
23099.98;449;5068;6;12;0/17945.52,1/18004.55,2/18869.99,3/18968.95,4/18949.65,5/17876.09;0/2742.07,1/4379.98,2/6616.74,3/4156.22,4/3454.12,5/3320.35,6/3834.5,7/6269.98,8/6893.55,9/3664.46,10/3075.97,11/3410.26;0/23099.98,1/23099.98,2/23099.98,3/23099.98,4/23099.98,5/23099.98;0/23099.98,1/23099.98,2/23099.98,3/23099.98,4/23099.98,5/23099.98,6/23099.98,7/23099.98,8/23099.98,9/23099.98,10/23099.98,11/23099.98;0/0,1/0,2/0,3/0,4/0,5/0;0/0,1/2,2/4,3/3,4/4,5/5,6/5,7/3,8/3,9/2,10/3,11/0;0/0,1/0,2/0,3/0,4/0,5/0;0/11,1/14,2/10,3/10,4/8,5/13,6/13,7/9,8/9,9/6,10/11,11/9;0/0,1/0,2/0,3/0,4/0,5/0;0/4,1/4,2/3,3/4,4/4,5/4,6/4,7/3,8/3,9/4,10/4,11/4;0/81,1/82,2/68,3/67,4/67,5/84;0/431,1/418,2/378,3/427,4/454,5/438,6/460,7/360,8/380,9/423,10/455,11/444;0/519,1/513,2/426,3/416,4/418,5/526;0/2036,1/1872,2/1649,3/1895,4/1965,5/1978,6/1927,7/1683,8/1621,9/1944,10/2003,11/1969
23159.83;449;5083;6;12;0/18005.37,1/18064.4,2/18929.84,3/19028.8,4/19009.5,5/17935.94;0/2742.25,1/4397.11,2/6619.83,3/4189.83,4/3479.83,5/3320.41,6/3834.82,7/6295.85,8/6907.86,9/3667.77,10/3076.27,11/3410.41;0/23159.83,1/23159.83,2/23159.83,3/23159.83,4/23159.83,5/23159.83;0/23159.83,1/23159.83,2/23159.83,3/23159.83,4/23159.83,5/23159.83,6/23159.83,7/23159.83,8/23159.83,9/23159.83,10/23159.83,11/23159.83;0/0,1/0,2/0,3/0,4/0,5/0;0/3,1/4,2/2,3/2,4/3,5/5,6/5,7/4,8/5,9/2,10/4,11/5;0/0,1/0,2/0,3/0,4/0,5/0;0/11,1/13,2/7,3/9,4/13,5/11,6/16,7/11,8/10,9/6,10/14,11/11;0/0,1/0,2/0,3/0,4/0,5/0;0/4,1/4,2/3,3/4,4/4,5/4,6/4,7/3,8/3,9/4,10/4,11/4;0/81,1/82,2/68,3/67,4/67,5/84;0/433,1/419,2/379,3/427,4/455,5/441,6/461,7/362,8/381,9/425,10/456,11/444;0/519,1/513,2/426,3/416,4/418,5/526;0/2042,1/1877,2/1654,3/1897,4/1968,5/1984,6/1933,7/1687,8/1626,9/1950,10/2009,11/1975
23219.95;449;5097;6;12;0/18065.49,1/18124.53,2/18989.96,3/19088.92,4/19069.62,5/17996.06;0/2742.56,1/4397.34,2/6662.46,3/4197.92,4/3482.94,5/3339.95,6/3840.71,7/6296.02,8/6908.37,9/3669.95,10/3097.08,11/3410.52;0/23219.95,1/23219.95,2/23219.95,3/23219.95,4/23219.95,5/23219.95;0/23219.95,1/23219.95,2/23219.95,3/23219.95,4/23219.95,5/23219.95,6/23219.95,7/23219.95,8/23219.95,9/23219.95,10/23219.95,11/23219.95;0/0,1/0,2/0,3/0,4/0,5/0;0/2,1/5,2/1,3/4,4/3,5/3,6/5,7/6,8/8,9/7,10/2,11/4;0/0,1/0,2/0,3/0,4/0,5/0;0/9,1/15,2/9,3/8,4/13,5/13,6/19,7/12,8/13,9/15,10/12,11/9;0/0,1/0,2/0,3/0,4/0,5/0;0/4,1/4,2/3,3/4,4/4,5/4,6/4,7/3,8/3,9/4,10/4,11/4;0/81,1/82,2/68,3/67,4/67,5/84;0/434,1/420,2/380,3/429,4/457,5/441,6/462,7/363,8/382,9/426,10/457,11/446;0/519,1/513,2/426,3/416,4/418,5/526;0/2048,1/1883,2/1656,3/1903,4/1974,5/1988,6/1938,7/1693,8/1632,9/1955,10/2013,11/1981
23279.96;449;5113;6;12;0/18125.5,1/18184.54,2/19049.97,3/19148.93,4/19129.63,5/18056.07;0/2752.01,1/4397.41,2/6662.75,3/4209.96,4/3483.09,5/3364.73,6/3864.1,7/6299.08,8/6920.24,9/3698.49,10/3097.28,11/3419.96;0/23279.96,1/23279.96,2/23279.96,3/23279.96,4/23279.96,5/23279.96;0/23279.96,1/23279.96,2/23279.96,3/23279.96,4/23279.96,5/23279.96,6/23279.96,7/23279.96,8/23279.96,9/23279.96,10/23279.96,11/23279.96;0/0,1/0,2/0,3/0,4/0,5/0;0/1,1/4,2/1,3/3,4/1,5/3,6/5,7/4,8/9,9/4,10/4,11/5;0/0,1/0,2/0,3/0,4/0,5/0;0/7,1/9,2/6,3/10,4/9,5/13,6/15,7/7,8/12,9/14,10/9,11/13;0/0,1/0,2/0,3/0,4/0,5/0;0/4,1/4,2/3,3/4,4/4,5/4,6/4,7/3,8/3,9/4,10/4,11/4;0/81,1/82,2/68,3/67,4/67,5/84;0/435,1/422,2/380,3/431,4/458,5/443,6/463,7/364,8/384,9/428,10/458,11/447;0/519,1/513,2/426,3/416,4/418,5/526;0/2053,1/1889,2/1662,3/1907,4/1980,5/1992,6/1942,7/1699,8/1636,9/1959,10/2019,11/1986
23339.91;449;5126;6;12;0/18185.45,1/18244.48,2/19109.92,3/19208.88,4/19189.58,5/18116.02;0/2752.28,1/4409.91,2/6671.56,3/4227.64,4/3483.56,5/3365.08,6/3864.25,7/6339.91,8/6959.91,9/3698.61,10/3097.54,11/3436.26;0/23339.91,1/23339.91,2/23339.91,3/23339.91,4/23339.91,5/23339.91;0/23339.91,1/23339.91,2/23339.91,3/23339.91,4/23339.91,5/23339.91,6/23339.91,7/23339.91,8/23339.91,9/23339.91,10/23339.91,11/23339.91;0/0,1/0,2/0,3/0,4/0,5/0;0/1,1/3,2/4,3/0,4/2,5/0,6/1,7/3,8/7,9/5,10/1,11/2;0/0,1/0,2/0,3/0,4/0,5/0;0/7,1/9,2/13,3/7,4/13,5/9,6/11,7/10,8/10,9/15,10/9,11/11;0/0,1/0,2/0,3/0,4/0,5/0;0/4,1/4,2/3,3/4,4/4,5/4,6/4,7/3,8/3,9/4,10/4,11/4;0/81,1/82,2/68,3/67,4/67,5/84;0/436,1/423,2/382,3/432,4/460,5/444,6/464,7/364,8/384,9/429,10/459,11/449;0/519,1/513,2/426,3/416,4/418,5/526;0/2059,1/1893,2/1667,3/1912,4/1986,5/1998,6/1948,7/1700,8/1638,9/1965,10/2025,11/1991
23399.99;449;5140;6;12;0/18245.53,1/18304.57,2/19170,3/19268.96,4/19249.66,5/18176.1;0/2767.98,1/4452.78,2/6671.75,3/4228.03,4/3483.93,5/3365.41,6/3864.48,7/6372.78,8/6999.99,9/3698.69,10/3097.78,11/3439.99;0/23399.99,1/23399.99,2/23399.99,3/23399.99,4/23399.99,5/23399.99;0/23399.99,1/23399.99,2/23399.99,3/23399.99,4/23399.99,5/23399.99,6/23399.99,7/23399.99,8/23399.99,9/23399.99,10/23399.99,11/23399.99;0/0,1/0,2/0,3/0,4/0,5/0;0/0,1/2,2/5,3/0,4/2,5/0,6/2,7/5,8/8,9/4,10/5,11/2;0/0,1/0,2/0,3/0,4/0,5/0;0/10,1/11,2/12,3/10,4/14,5/8,6/8,7/12,8/12,9/9,10/14,11/7;0/0,1/0,2/0,3/0,4/0,5/0;0/4,1/4,2/3,3/4,4/4,5/4,6/4,7/3,8/3,9/4,10/4,11/4;0/81,1/82,2/68,3/67,4/67,5/84;0/438,1/424,2/383,3/434,4/461,5/444,6/465,7/366,8/386,9/429,10/460,11/450;0/519,1/513,2/426,3/416,4/418,5/526;0/2064,1/1895,2/1673,3/1918,4/1992,5/2004,6/1954,7/1703,8/1640,9/1971,10/2031,11/1996
23460;449;5156;6;12;0/18305.53,1/18364.57,2/19230,3/19328.96,4/19309.67,5/18236.11;0/2780,1/4453.36,2/6672.37,3/4228.36,4/3484.1,5/3365.74,6/3865.05,7/6384.8,8/7002.46,9/3701.75,10/3100,11/3450;0/23460,1/23460,2/23460,3/23460,4/23460,5/23460;0/23460,1/23460,2/23460,3/23460,4/23460,5/23460,6/23460,7/23460,8/23460,9/23460,10/23460,11/23460;0/0,1/0,2/0,3/0,4/0,5/0;0/3,1/6,2/11,3/0,4/3,5/1,6/1,7/4,8/8,9/3,10/4,11/6;0/0,1/0,2/0,3/0,4/0,5/0;0/12,1/13,2/17,3/7,4/11,5/9,6/11,7/9,8/9,9/7,10/11,11/16;0/0,1/0,2/0,3/0,4/0,5/0;0/4,1/4,2/3,3/4,4/4,5/4,6/4,7/3,8/3,9/4,10/4,11/4;0/81,1/82,2/68,3/67,4/67,5/84;0/438,1/425,2/384,3/435,4/462,5/446,6/467,7/367,8/388,9/431,10/461,11/452;0/519,1/513,2/426,3/416,4/418,5/526;0/2068,1/1901,2/1679,3/1924,4/1998,5/2010,6/1960,7/1708,8/1646,9/1976,10/2036,11/2001
23519.87;449;5167;6;12;0/18365.41,1/18424.44,2/19289.88,3/19388.84,4/19369.54,5/18295.98;0/2790.24,1/4453.62,2/6679.87,3/4229.04,4/3487.54,5/3366.04,6/3865.37,7/6385.13,8/7049.87,9/3729.87,10/3101.01,11/3509.87;0/23519.87,1/23519.87,2/23519.87,3/23519.87,4/23519.87,5/23519.87;0/23519.87,1/23519.87,2/23519.87,3/23519.87,4/23519.87,5/23519.87,6/23519.87,7/23519.87,8/23519.87,9/23519.87,10/23519.87,11/23519.87;0/0,1/0,2/0,3/0,4/0,5/0;0/7,1/6,2/8,3/5,4/2,5/1,6/6,7/3,8/5,9/3,10/3,11/2;0/0,1/0,2/0,3/0,4/0,5/0;0/14,1/12,2/18,3/18,4/9,5/10,6/18,7/13,8/10,9/9,10/13,11/16;0/0,1/0,2/0,3/0,4/0,5/0;0/4,1/4,2/3,3/4,4/4,5/4,6/4,7/3,8/3,9/4,10/4,11/4;0/81,1/82,2/68,3/67,4/67,5/84;0/439,1/427,2/384,3/436,4/463,5/446,6/468,7/368,8/389,9/432,10/463,11/452;0/519,1/513,2/426,3/416,4/418,5/526;0/2073,1/1907,2/1684,3/1930,4/2004,5/2016,6/1966,7/1714,8/1647,9/1979,10/2042,11/2001
23579.72;449;5181;6;12;0/18425.26,1/18484.29,2/19349.73,3/19448.68,4/19429.39,5/18355.83;0/2799.72,1/4499.72,2/6696.69,3/4234.31,4/3517.77,5/3366.69,6/3865.44,7/6406.69,8/7051.89,9/3764.77,10/3129.72,11/3522.83;0/23579.72,1/23579.72,2/23579.72,3/23579.72,4/23579.72,5/23579.72;0/23579.72,1/23579.72,2/23579.72,3/23579.72,4/23579.72,5/23579.72,6/23579.72,7/23579.72,8/23579.72,9/23579.72,10/23579.72,11/23579.72;0/0,1/0,2/0,3/0,4/0,5/0;0/4,1/3,2/7,3/6,4/8,5/3,6/6,7/3,8/7,9/2,10/2,11/5;0/0,1/0,2/0,3/0,4/0,5/0;0/13,1/13,2/13,3/19,4/13,5/11,6/12,7/11,8/13,9/6,10/13,11/15;0/0,1/0,2/0,3/0,4/0,5/0;0/4,1/4,2/3,3/4,4/4,5/4,6/4,7/3,8/3,9/4,10/4,11/4;0/81,1/82,2/68,3/67,4/67,5/84;0/441,1/427,2/385,3/437,4/465,5/448,6/468,7/369,8/390,9/434,10/463,11/454;0/519,1/513,2/426,3/416,4/418,5/526;0/2079,1/1908,2/1689,3/1935,4/2007,5/2022,6/1972,7/1718,8/1653,9/1982,10/2045,11/2006
23639.99;449;5197;6;12;0/18485.52,1/18544.56,2/19409.99,3/19508.95,4/19489.66,5/18416.1;0/2799.87,1/4519.99,2/6696.79,3/4234.41,4/3519.99,5/3367.08,6/3865.64,7/6406.94,8/7061.37,9/3769.99,10/3134.36,11/3523.02;0/23639.99,1/23639.99,2/23639.99,3/23639.99,4/23639.99,5/23639.99;0/23639.99,1/23639.99,2/23639.99,3/23639.99,4/23639.99,5/23639.99,6/23639.99,7/23639.99,8/23639.99,9/23639.99,10/23639.99,11/23639.99;0/0,1/0,2/0,3/0,4/0,5/0;0/0,1/3,2/6,3/6,4/2,5/1,6/6,7/6,8/6,9/4,10/3,11/3;0/0,1/0,2/0,3/0,4/0,5/0;0/8,1/11,2/9,3/16,4/12,5/10,6/8,7/14,8/10,9/13,10/13,11/10;0/0,1/0,2/0,3/0,4/0,5/0;0/4,1/4,2/3,3/4,4/4,5/4,6/4,7/3,8/3,9/4,10/4,11/4;0/81,1/82,2/68,3/67,4/67,5/84;0/442,1/428,2/387,3/438,4/466,5/449,6/471,7/370,8/392,9/435,10/464,11/455;0/519,1/513,2/426,3/416,4/418,5/526;0/2085,1/1912,2/1695,3/1941,4/2012,5/2028,6/1978,7/1724,8/1658,9/1987,10/2051,11/2012
23699.96;449;5211;6;12;0/18545.5,1/18604.53,2/19469.97,3/19568.93,4/19549.63,5/18476.07;0/2800.2,1/4523.38,2/6723.04,3/4234.61,4/3539.11,5/3367.22,6/3909.96,7/6407.17,8/7070.69,9/3775.75,10/3134.61,11/3523.34;0/23699.96,1/23699.96,2/23699.96,3/23699.96,4/23699.96,5/23699.96;0/23699.96,1/23699.96,2/23699.96,3/23699.96,4/23699.96,5/23699.96,6/23699.96,7/23699.96,8/23699.96,9/23699.96,10/23699.96,11/23699.96;0/0,1/0,2/0,3/0,4/0,5/0;0/0,1/3,2/3,3/4,4/2,5/3,6/6,7/6,8/5,9/3,10/1,11/5;0/0,1/0,2/0,3/0,4/0,5/0;0/9,1/9,2/8,3/11,4/11,5/11,6/13,7/12,8/10,9/12,10/14,11/10;0/0,1/0,2/0,3/0,4/0,5/0;0/4,1/4,2/3,3/4,4/4,5/4,6/4,7/3,8/3,9/4,10/4,11/4;0/81,1/82,2/68,3/67,4/67,5/84;0/442,1/431,2/388,3/439,4/467,5/450,6/472,7/370,8/393,9/438,10/465,11/456;0/519,1/513,2/426,3/416,4/418,5/526;0/2090,1/1918,2/1698,3/1947,4/2017,5/2034,6/1979,7/1730,8/1663,9/1993,10/2057,11/2018
23759.95;449;5227;6;12;0/18605.48,1/18664.52,2/19529.96,3/19628.91,4/19609.62,5/18536.06;0/2805.4,1/4527.14,2/6755.06,3/4235.01,4/3539.62,5/3367.72,6/3927.62,7/6407.58,8/7104.02,9/3789.95,10/3134.74,11/3523.71;0/23759.95,1/23759.95,2/23759.95,3/23759.95,4/23759.95,5/23759.95;0/23759.95,1/23759.95,2/23759.95,3/23759.95,4/23759.95,5/23759.95,6/23759.95,7/23759.95,8/23759.95,9/23759.95,10/23759.95,11/23759.95;0/0,1/0,2/0,3/0,4/0,5/0;0/2,1/2,2/6,3/2,4/4,5/2,6/6,7/3,8/3,9/5,10/0,11/6;0/0,1/0,2/0,3/0,4/0,5/0;0/13,1/9,2/15,3/7,4/12,5/9,6/12,7/10,8/11,9/13,10/10,11/13;0/0,1/0,2/0,3/0,4/0,5/0;0/4,1/4,2/3,3/4,4/4,5/4,6/4,7/3,8/3,9/4,10/4,11/4;0/81,1/82,2/68,3/67,4/67,5/84;0/444,1/432,2/389,3/441,4/469,5/451,6/474,7/371,8/394,9/438,10/466,11/458;0/519,1/513,2/426,3/416,4/418,5/526;0/2096,1/1924,2/1701,3/1953,4/2023,5/2040,6/1984,7/1736,8/1666,9/1997,10/2063,11/2024
23819.94;449;5242;6;12;0/18665.48,1/18724.52,2/19589.95,3/19688.91,4/19669.61,5/18596.05;0/2805.78,1/4559.94,2/6780.19,3/4235.51,4/3539.9,5/3367.89,6/3927.83,7/6418.52,8/7104.18,9/3794.18,10/3139.94,11/3529.94;0/23819.94,1/23819.94,2/23819.94,3/23819.94,4/23819.94,5/23819.94;0/23819.94,1/23819.94,2/23819.94,3/23819.94,4/23819.94,5/23819.94,6/23819.94,7/23819.94,8/23819.94,9/23819.94,10/23819.94,11/23819.94;0/0,1/0,2/0,3/0,4/0,5/0;0/0,1/0,2/7,3/5,4/2,5/3,6/5,7/5,8/3,9/3,10/0,11/5;0/0,1/0,2/0,3/0,4/0,5/0;0/11,1/10,2/17,3/14,4/12,5/10,6/11,7/13,8/9,9/10,10/9,11/14;0/0,1/0,2/0,3/0,4/0,5/0;0/4,1/4,2/3,3/4,4/4,5/4,6/4,7/3,8/3,9/4,10/4,11/4;0/81,1/82,2/68,3/67,4/67,5/84;0/445,1/433,2/390,3/443,4/470,5/452,6/475,7/373,8/395,9/440,10/467,11/459;0/519,1/513,2/426,3/416,4/418,5/526;0/2102,1/1926,2/1704,3/1959,4/2029,5/2046,6/1990,7/1741,8/1672,9/2003,10/2068,11/2029
23879.99;449;5259;6;12;0/18725.53,1/18784.56,2/19650,3/19748.96,4/19729.66,5/18656.1;0/2810.96,1/4583.19,2/6780.21,3/4235.69,4/3561.94,5/3368.06,6/3941.19,7/6418.62,8/7109.99,9/3802.97,10/3142.92,11/3577.86;0/23879.99,1/23879.99,2/23879.99,3/23879.99,4/23879.99,5/23879.99;0/23879.99,1/23879.99,2/23879.99,3/23879.99,4/23879.99,5/23879.99,6/23879.99,7/23879.99,8/23879.99,9/23879.99,10/23879.99,11/23879.99;0/0,1/0,2/0,3/0,4/0,5/0;0/0,1/1,2/6,3/3,4/4,5/6,6/4,7/8,8/1,9/2,10/2,11/2;0/0,1/0,2/0,3/0,4/0,5/0;0/9,1/12,2/11,3/16,4/15,5/10,6/14,7/13,8/8,9/11,10/10,11/14;0/0,1/0,2/0,3/0,4/0,5/0;0/4,1/4,2/3,3/4,4/4,5/4,6/4,7/3,8/3,9/4,10/4,11/4;0/81,1/82,2/68,3/67,4/67,5/84;0/446,1/435,2/391,3/444,4/471,5/454,6/477,7/373,8/396,9/442,10/469,11/461;0/519,1/513,2/426,3/416,4/418,5/526;0/2107,1/1930,2/1710,3/1965,4/2032,5/2052,6/1994,7/1747,8/1677,9/2008,10/2074,11/2031
23939.94;449;5270;6;12;0/18785.47,1/18844.51,2/19709.94,3/19808.9,4/19789.61,5/18716.05;0/2811.22,1/4583.34,2/6790.18,3/4237.34,4/3562.48,5/3379.94,6/3959.94,7/6466.92,8/7114.73,9/3803.11,10/3143.11,11/3578.11;0/23939.94,1/23939.94,2/23939.94,3/23939.94,4/23939.94,5/23939.94;0/23939.94,1/23939.94,2/23939.94,3/23939.94,4/23939.94,5/23939.94,6/23939.94,7/23939.94,8/23939.94,9/23939.94,10/23939.94,11/23939.94;0/0,1/0,2/0,3/0,4/0,5/0;0/0,1/2,2/6,3/5,4/0,5/3,6/1,7/4,8/3,9/2,10/5,11/7;0/0,1/0,2/0,3/0,4/0,5/0;0/5,1/13,2/9,3/15,4/11,5/12,6/12,7/14,8/13,9/10,10/17,11/17;0/0,1/0,2/0,3/0,4/0,5/0;0/4,1/4,2/3,3/4,4/4,5/4,6/4,7/3,8/3,9/4,10/4,11/4;0/81,1/82,2/68,3/67,4/67,5/84;0/447,1/436,2/392,3/445,4/472,5/456,6/477,7/374,8/397,9/443,10/470,11/461;0/519,1/513,2/426,3/416,4/418,5/526;0/2113,1/1936,2/1715,3/1971,4/2038,5/2056,6/1998,7/1748,8/1683,9/2014,10/2080,11/2037
23999.96;449;5287;6;12;0/18845.5,1/18904.53,2/19769.97,3/19868.93,4/19849.63,5/18776.07;0/2815.28,1/4583.7,2/6832.84,3/4237.83,4/3562.7,5/3412.93,6/3970.75,7/6467.06,8/7118.99,9/3803.56,10/3143.26,11/3578.31;0/23999.96,1/23999.96,2/23999.96,3/23999.96,4/23999.96,5/23999.96;0/23999.96,1/23999.96,2/23999.96,3/23999.96,4/23999.96,5/23999.96,6/23999.96,7/23999.96,8/23999.96,9/23999.96,10/23999.96,11/23999.96;0/0,1/0,2/0,3/0,4/0,5/0;0/4,1/2,2/5,3/3,4/0,5/2,6/3,7/6,8/4,9/3,10/3,11/4;0/0,1/0,2/0,3/0,4/0,5/0;0/19,1/14,2/9,3/14,4/8,5/11,6/13,7/12,8/10,9/10,10/13,11/15;0/0,1/0,2/0,3/0,4/0,5/0;0/4,1/4,2/3,3/4,4/4,5/4,6/4,7/3,8/3,9/4,10/4,11/4;0/81,1/82,2/68,3/67,4/67,5/84;0/448,1/438,2/393,3/446,4/474,5/457,6/479,7/375,8/398,9/444,10/472,11/463;0/519,1/513,2/426,3/416,4/418,5/526;0/2119,1/1942,2/1717,3/1977,4/2044,5/2059,6/2003,7/1754,8/1689,9/2020,10/2086,11/2043
24059.97;449;5301;6;12;0/18905.51,1/18964.55,2/19829.98,3/19928.94,4/19909.64,5/18836.08;0/2822.35,1/4583.92,2/6834.93,3/4237.9,4/3563.03,5/3413.16,6/3971.13,7/6489.97,8/7119.48,9/3806.03,10/3143.31,11/3578.57;0/24059.97,1/24059.97,2/24059.97,3/24059.97,4/24059.97,5/24059.97;0/24059.97,1/24059.97,2/24059.97,3/24059.97,4/24059.97,5/24059.97,6/24059.97,7/24059.97,8/24059.97,9/24059.97,10/24059.97,11/24059.97;0/0,1/0,2/0,3/0,4/0,5/0;0/2,1/2,2/9,3/3,4/0,5/2,6/2,7/2,8/3,9/0,10/2,11/3;0/0,1/0,2/0,3/0,4/0,5/0;0/14,1/12,2/11,3/10,4/8,5/9,6/13,7/11,8/7,9/6,10/7,11/13;0/0,1/0,2/0,3/0,4/0,5/0;0/4,1/4,2/3,3/4,4/4,5/4,6/4,7/3,8/3,9/4,10/4,11/4;0/81,1/82,2/68,3/67,4/67,5/84;0/450,1/439,2/395,3/448,4/475,5/458,6/480,7/375,8/399,9/445,10/472,11/465;0/519,1/513,2/426,3/416,4/418,5/526;0/2124,1/1948,2/1723,3/1983,4/2050,5/2065,6/2009,7/1757,8/1695,9/2026,10/2092,11/2049
24119.61;449;5313;6;12;0/18965.15,1/19024.18,2/19889.62,3/19988.57,4/19969.28,5/18895.72;0/2822.6,1/4584.07,2/6869.61,3/4238.18,4/3563.38,5/3413.42,6/3971.27,7/6492.56,8/7139.61,9/3806.41,10/3143.73,11/3578.94;0/24119.61,1/24119.61,2/24119.61,3/24119.61,4/24119.61,5/24119.61;0/24119.61,1/24119.61,2/24119.61,3/24119.61,4/24119.61,5/24119.61,6/24119.61,7/24119.61,8/24119.61,9/24119.61,10/24119.61,11/24119.61;0/0,1/0,2/0,3/0,4/0,5/0;0/1,1/4,2/3,3/0,4/0,5/3,6/1,7/3,8/3,9/0,10/1,11/3;0/0,1/0,2/0,3/0,4/0,5/0;0/12,1/12,2/9,3/9,4/8,5/11,6/10,7/9,8/11,9/7,10/8,11/10;0/0,1/0,2/0,3/0,4/0,5/0;0/4,1/4,2/3,3/4,4/4,5/4,6/4,7/3,8/3,9/4,10/4,11/4;0/81,1/82,2/68,3/67,4/67,5/84;0/450,1/439,2/396,3/449,4/476,5/459,6/482,7/377,8/399,9/446,10/474,11/466;0/519,1/513,2/426,3/416,4/418,5/526;0/2130,1/1954,2/1726,3/1989,4/2056,5/2071,6/2015,7/1763,8/1698,9/2032,10/2098,11/2055
24179.99;449;5327;6;12;0/19025.53,1/19084.56,2/19950,3/20048.96,4/20029.66,5/18956.1;0/2822.94,1/4590.22,2/6894,3/4238.31,4/3595.08,5/3413.6,6/3971.69,7/6492.94,8/7145.94,9/3826.78,10/3156.36,11/3579.15;0/24179.99,1/24179.99,2/24179.99,3/24179.99,4/24179.99,5/24179.99;0/24179.99,1/24179.99,2/24179.99,3/24179.99,4/24179.99,5/24179.99,6/24179.99,7/24179.99,8/24179.99,9/24179.99,10/24179.99,11/24179.99;0/0,1/0,2/0,3/0,4/0,5/0;0/2,1/4,2/3,3/3,4/0,5/2,6/1,7/1,8/5,9/4,10/2,11/2;0/0,1/0,2/0,3/0,4/0,5/0;0/9,1/8,2/11,3/10,4/10,5/10,6/10,7/7,8/13,9/16,10/6,11/9;0/0,1/0,2/0,3/0,4/0,5/0;0/4,1/4,2/3,3/4,4/4,5/4,6/4,7/3,8/3,9/4,10/4,11/4;0/81,1/82,2/68,3/67,4/67,5/84;0/452,1/441,2/397,3/450,4/477,5/460,6/482,7/378,8/400,9/447,10/476,11/467;0/519,1/513,2/426,3/416,4/418,5/526;0/2136,1/1959,2/1729,3/1995,4/2059,5/2077,6/2021,7/1769,8/1704,9/2036,10/2103,11/2061
24239.91;449;5341;6;12;0/19085.45,1/19144.48,2/20009.92,3/20108.87,4/20089.58,5/19016.02;0/2823.59,1/4590.47,2/6895.59,3/4238.51,4/3595.59,5/3413.95,6/3973.1,7/6493.19,8/7146.04,9/3827.04,10/3156.82,11/3582;0/24239.91,1/24239.91,2/24239.91,3/24239.91,4/24239.91,5/24239.91;0/24239.91,1/24239.91,2/24239.91,3/24239.91,4/24239.91,5/24239.91,6/24239.91,7/24239.91,8/24239.91,9/24239.91,10/24239.91,11/24239.91;0/0,1/0,2/0,3/0,4/0,5/0;0/2,1/5,2/4,3/4,4/3,5/5,6/1,7/7,8/3,9/1,10/1,11/2;0/0,1/0,2/0,3/0,4/0,5/0;0/11,1/11,2/12,3/13,4/11,5/11,6/6,7/13,8/7,9/11,10/7,11/11;0/0,1/0,2/0,3/0,4/0,5/0;0/4,1/4,2/3,3/4,4/4,5/4,6/4,7/3,8/3,9/4,10/4,11/4;0/81,1/82,2/68,3/67,4/67,5/84;0/453,1/442,2/398,3/451,4/478,5/461,6/484,7/379,8/401,9/448,10/477,11/469;0/519,1/513,2/426,3/416,4/418,5/526;0/2142,1/1965,2/1735,3/2001,4/2065,5/2083,6/2027,7/1775,8/1710,9/2042,10/2109,11/2066
24299.97;449;5357;6;12;0/19145.5,1/19204.54,2/20069.97,3/20168.93,4/20149.64,5/19076.08;0/2824.11,1/4609.97,2/6895.86,3/4247.67,4/3595.91,5/3415.63,6/3973.59,7/6523.68,8/7166.33,9/3827.43,10/3187.11,11/3582.24;0/24299.97,1/24299.97,2/24299.97,3/24299.97,4/24299.97,5/24299.97;0/24299.97,1/24299.97,2/24299.97,3/24299.97,4/24299.97,5/24299.97,6/24299.97,7/24299.97,8/24299.97,9/24299.97,10/24299.97,11/24299.97;0/0,1/0,2/0,3/0,4/0,5/0;0/4,1/7,2/4,3/5,4/7,5/6,6/0,7/5,8/2,9/1,10/1,11/4;0/0,1/0,2/0,3/0,4/0,5/0;0/14,1/13,2/10,3/13,4/18,5/13,6/10,7/16,8/6,9/12,10/14,11/14;0/0,1/0,2/0,3/0,4/0,5/0;0/4,1/4,2/3,3/4,4/4,5/4,6/4,7/3,8/3,9/4,10/4,11/4;0/81,1/82,2/68,3/67,4/67,5/84;0/455,1/443,2/399,3/452,4/479,5/464,6/485,7/380,8/403,9/449,10/478,11/470;0/519,1/513,2/426,3/416,4/418,5/526;0/2148,1/1969,2/1741,3/2006,4/2071,5/2089,6/2033,7/1778,8/1714,9/2048,10/2112,11/2072
24359.99;449;5368;6;12;0/19205.52,1/19264.56,2/20129.99,3/20228.95,4/20209.66,5/19136.1;0/2824.34,1/4620.72,2/6895.98,3/4255.34,4/3596.03,5/3415.71,6/3999.99,7/6524.16,8/7182.04,9/3828,10/3187.34,11/3582.38;0/24359.99,1/24359.99,2/24359.99,3/24359.99,4/24359.99,5/24359.99;0/24359.99,1/24359.99,2/24359.99,3/24359.99,4/24359.99,5/24359.99,6/24359.99,7/24359.99,8/24359.99,9/24359.99,10/24359.99,11/24359.99;0/0,1/0,2/0,3/0,4/0,5/0;0/2,1/4,2/3,3/0,4/5,5/6,6/0,7/8,8/3,9/2,10/1,11/1;0/0,1/0,2/0,3/0,4/0,5/0;0/13,1/9,2/11,3/10,4/15,5/10,6/13,7/18,8/9,9/13,10/11,11/10;0/0,1/0,2/0,3/0,4/0,5/0;0/4,1/4,2/3,3/4,4/4,5/4,6/4,7/3,8/3,9/4,10/4,11/4;0/81,1/82,2/68,3/67,4/67,5/84;0/456,1/445,2/400,3/453,4/480,5/464,6/486,7/381,8/404,9/449,10/479,11/471;0/519,1/513,2/426,3/416,4/418,5/526;0/2154,1/1974,2/1747,3/2011,4/2077,5/2095,6/2036,7/1784,8/1718,9/2054,10/2118,11/2078
24419.92;449;5385;6;12;0/19265.45,1/19324.49,2/20189.92,3/20288.88,4/20269.59,5/19196.03;0/2824.75,1/4669.92,2/6896.22,3/4255.59,4/3596.16,5/3439.92,6/4007.67,7/6524.3,8/7189.92,9/3828.35,10/3187.63,11/3582.94;0/24419.92,1/24419.92,2/24419.92,3/24419.92,4/24419.92,5/24419.92;0/24419.92,1/24419.92,2/24419.92,3/24419.92,4/24419.92,5/24419.92,6/24419.92,7/24419.92,8/24419.92,9/24419.92,10/24419.92,11/24419.92;0/0,1/0,2/0,3/0,4/0,5/0;0/4,1/2,2/7,3/0,4/6,5/2,6/0,7/7,8/2,9/8,10/1,11/3;0/0,1/0,2/0,3/0,4/0,5/0;0/15,1/13,2/11,3/7,4/13,5/7,6/12,7/12,8/8,9/16,10/11,11/11;0/0,1/0,2/0,3/0,4/0,5/0;0/4,1/4,2/3,3/4,4/4,5/4,6/4,7/3,8/3,9/4,10/4,11/4;0/81,1/82,2/68,3/67,4/67,5/84;0/456,1/446,2/402,3/455,4/482,5/466,6/487,7/382,8/405,9/451,10/480,11/473;0/519,1/513,2/426,3/416,4/418,5/526;0/2160,1/1975,2/1753,3/2017,4/2083,5/2098,6/2042,7/1790,8/1723,9/2060,10/2124,11/2084
24479.99;449;5400;6;12;0/19325.52,1/19384.56,2/20249.99,3/20348.95,4/20329.66,5/19256.1;0/2824.99,1/4675.91,2/6901.81,3/4256.17,4/3596.36,5/3453.61,6/4007.94,7/6524.73,8/7217.62,9/3828.57,10/3187.79,11/3583.32;0/24479.99,1/24479.99,2/24479.99,3/24479.99,4/24479.99,5/24479.99;0/24479.99,1/24479.99,2/24479.99,3/24479.99,4/24479.99,5/24479.99,6/24479.99,7/24479.99,8/24479.99,9/24479.99,10/24479.99,11/24479.99;0/0,1/0,2/0,3/0,4/0,5/0;0/4,1/3,2/2,3/6,4/5,5/2,6/0,7/6,8/1,9/4,10/0,11/3;0/0,1/0,2/0,3/0,4/0,5/0;0/14,1/10,2/11,3/11,4/11,5/9,6/8,7/9,8/9,9/16,10/7,11/16;0/0,1/0,2/0,3/0,4/0,5/0;0/4,1/4,2/3,3/4,4/4,5/4,6/4,7/3,8/3,9/4,10/4,11/4;0/81,1/82,2/68,3/67,4/67,5/84;0/458,1/447,2/403,3/456,4/483,5/469,6/488,7/383,8/406,9/452,10/481,11/474;0/519,1/513,2/426,3/416,4/418,5/526;0/2166,1/1981,2/1758,3/2023,4/2089,5/2103,6/2048,7/1796,8/1727,9/2066,10/2130,11/2090
24539.64;449;5411;6;12;0/19385.17,1/19444.21,2/20309.64,3/20408.6,4/20389.31,5/19315.75;0/2825.12,1/4676.19,2/6901.97,3/4269.64,4/3628.48,5/3453.82,6/4008.26,7/6559.64,8/7217.98,9/3828.71,10/3188.12,11/3583.75;0/24539.64,1/24539.64,2/24539.64,3/24539.64,4/24539.64,5/24539.64;0/24539.64,1/24539.64,2/24539.64,3/24539.64,4/24539.64,5/24539.64,6/24539.64,7/24539.64,8/24539.64,9/24539.64,10/24539.64,11/24539.64;0/0,1/0,2/0,3/0,4/0,5/0;0/4,1/2,2/1,3/10,4/3,5/0,6/0,7/4,8/2,9/6,10/7,11/5;0/0,1/0,2/0,3/0,4/0,5/0;0/12,1/6,2/8,3/22,4/14,5/6,6/11,7/11,8/11,9/18,10/13,11/19;0/0,1/0,2/0,3/0,4/0,5/0;0/4,1/4,2/3,3/4,4/4,5/4,6/4,7/3,8/3,9/4,10/4,11/4;0/81,1/82,2/68,3/67,4/67,5/84;0/459,1/448,2/404,3/456,4/485,5/470,6/489,7/383,8/407,9/453,10/482,11/475;0/519,1/513,2/426,3/416,4/418,5/526;0/2172,1/1987,2/1764,3/2027,4/2092,5/2109,6/2054,7/1798,8/1733,9/2072,10/2136,11/2096
24599.99;449;5427;6;12;0/19445.52,1/19504.56,2/20370,3/20468.95,4/20449.66,5/19376.1;0/2825.53,1/4682.04,2/6902.17,3/4279.16,4/3628.68,5/3459.99,6/4008.5,7/6579.21,8/7218.24,9/3828.86,10/3188.5,11/3583.9;0/24599.99,1/24599.99,2/24599.99,3/24599.99,4/24599.99,5/24599.99;0/24599.99,1/24599.99,2/24599.99,3/24599.99,4/24599.99,5/24599.99,6/24599.99,7/24599.99,8/24599.99,9/24599.99,10/24599.99,11/24599.99;0/0,1/0,2/0,3/0,4/0,5/0;0/5,1/4,2/2,3/9,4/2,5/7,6/2,7/4,8/2,9/6,10/4,11/1;0/0,1/0,2/0,3/0,4/0,5/0;0/11,1/11,2/11,3/18,4/14,5/17,6/13,7/8,8/14,9/13,10/17,11/13;0/0,1/0,2/0,3/0,4/0,5/0;0/4,1/4,2/3,3/4,4/4,5/4,6/4,7/3,8/3,9/4,10/4,11/4;0/81,1/82,2/68,3/67,4/67,5/84;0/460,1/450,2/405,3/458,4/486,5/472,6/490,7/385,8/408,9/454,10/484,11/475;0/519,1/513,2/426,3/416,4/418,5/526;0/2178,1/1992,2/1770,3/2033,4/2098,5/2114,6/2060,7/1803,8/1739,9/2078,10/2142,11/2102
24659.87;449;5442;6;12;0/19505.4,1/19564.44,2/20429.88,3/20528.83,4/20509.54,5/19435.98;0/2825.7,1/4689.87,2/6902.32,3/4279.37,4/3629.16,5/3482.1,6/4008.66,7/6589.87,8/7218.61,9/3828.92,10/3188.61,11/3584.13;0/24659.87,1/24659.87,2/24659.87,3/24659.87,4/24659.87,5/24659.87;0/24659.87,1/24659.87,2/24659.87,3/24659.87,4/24659.87,5/24659.87,6/24659.87,7/24659.87,8/24659.87,9/24659.87,10/24659.87,11/24659.87;0/0,1/0,2/0,3/0,4/0,5/0;0/1,1/2,2/2,3/9,4/2,5/4,6/0,7/7,8/2,9/4,10/4,11/1;0/0,1/0,2/0,3/0,4/0,5/0;0/7,1/7,2/9,3/16,4/11,5/22,6/11,7/14,8/10,9/7,10/13,11/10;0/0,1/0,2/0,3/0,4/0,5/0;0/4,1/4,2/3,3/4,4/4,5/4,6/4,7/3,8/3,9/4,10/4,11/4;0/81,1/82,2/68,3/67,4/67,5/84;0/462,1/451,2/406,3/459,4/487,5/473,6/491,7/386,8/409,9/456,10/485,11/477;0/519,1/513,2/426,3/416,4/418,5/526;0/2184,1/1997,2/1776,3/2039,4/2104,5/2118,6/2066,7/1807,8/1745,9/2084,10/2148,11/2108
24719.99;449;5455;6;12;0/19565.53,1/19624.56,2/20490,3/20588.95,4/20569.66,5/19496.1;0/2850.25,1/4711.71,2/6902.88,3/4279.58,4/3629.99,5/3482.1,6/4008.83,7/6596.25,8/7218.83,9/3860.49,10/3188.7,11/3584.31;0/24719.99,1/24719.99,2/24719.99,3/24719.99,4/24719.99,5/24719.99;0/24719.99,1/24719.99,2/24719.99,3/24719.99,4/24719.99,5/24719.99,6/24719.99,7/24719.99,8/24719.99,9/24719.99,10/24719.99,11/24719.99;0/0,1/0,2/0,3/0,4/0,5/0;0/3,1/9,2/6,3/7,4/1,5/4,6/1,7/5,8/2,9/1,10/1,11/1;0/0,1/0,2/0,3/0,4/0,5/0;0/12,1/13,2/17,3/12,4/9,5/16,6/10,7/13,8/9,9/7,10/8,11/8;0/0,1/0,2/0,3/0,4/0,5/0;0/4,1/4,2/3,3/4,4/4,5/4,6/4,7/3,8/3,9/4,10/4,11/4;0/81,1/82,2/68,3/67,4/67,5/84;0/463,1/453,2/407,3/461,4/488,5/474,6/492,7/387,8/409,9/457,10/486,11/478;0/519,1/513,2/426,3/416,4/418,5/526;0/2187,1/2001,2/1782,3/2045,4/2109,5/2124,6/2072,7/1813,8/1751,9/2086,10/2154,11/2114
24779.94;449;5476;6;12;0/19625.47,1/19684.51,2/20549.95,3/20648.9,4/20629.61,5/19556.05;0/2856.2,1/4717.86,2/6902.95,3/4289.94,4/3634.67,5/3482.27,6/4009.04,7/6635.88,8/7219,9/3864.85,10/3189,11/3598.9;0/24779.94,1/24779.94,2/24779.94,3/24779.94,4/24779.94,5/24779.94;0/24779.94,1/24779.94,2/24779.94,3/24779.94,4/24779.94,5/24779.94,6/24779.94,7/24779.94,8/24779.94,9/24779.94,10/24779.94,11/24779.94;0/0,1/0,2/0,3/0,4/0,5/0;0/3,1/5,2/6,3/7,4/1,5/3,6/2,7/3,8/4,9/2,10/1,11/2;0/0,1/0,2/0,3/0,4/0,5/0;0/11,1/13,2/11,3/12,4/7,5/12,6/9,7/11,8/7,9/10,10/8,11/10;0/0,1/0,2/0,3/0,4/0,5/0;0/4,1/4,2/3,3/4,4/4,5/4,6/4,7/3,8/3,9/4,10/4,11/4;0/81,1/82,2/68,3/67,4/67,5/84;0/465,1/455,2/408,3/462,4/489,5/476,6/494,7/389,8/411,9/459,10/488,11/480;0/519,1/513,2/426,3/416,4/418,5/526;0/2193,1/2007,2/1788,3/2049,4/2115,5/2130,6/2078,7/1815,8/1757,9/2092,10/2160,11/2119
24839.99;449;5486;6;12;0/19685.52,1/19744.56,2/20610,3/20708.95,4/20689.66,5/19616.1;0/2886.61,1/4717.97,2/6903.06,3/4311.09,4/3634.99,5/3482.54,6/4009.36,7/6636.05,8/7249.99,9/3865.08,10/3223.21,11/3599.28;0/24839.99,1/24839.99,2/24839.99,3/24839.99,4/24839.99,5/24839.99;0/24839.99,1/24839.99,2/24839.99,3/24839.99,4/24839.99,5/24839.99,6/24839.99,7/24839.99,8/24839.99,9/24839.99,10/24839.99,11/24839.99;0/0,1/0,2/0,3/0,4/0,5/0;0/1,1/2,2/4,3/8,4/1,5/5,6/7,7/2,8/1,9/4,10/2,11/5;0/0,1/0,2/0,3/0,4/0,5/0;0/15,1/7,2/7,3/16,4/6,5/14,6/16,7/7,8/7,9/9,10/10,11/13;0/0,1/0,2/0,3/0,4/0,5/0;0/4,1/4,2/3,3/4,4/4,5/4,6/4,7/3,8/3,9/4,10/4,11/4;0/81,1/82,2/68,3/67,4/67,5/84;0/466,1/455,2/409,3/465,4/491,5/476,6/495,7/389,8/411,9/460,10/489,11/480;0/519,1/513,2/426,3/416,4/418,5/526;0/2196,1/2013,2/1794,3/2053,4/2121,5/2136,6/2084,7/1821,8/1759,9/2098,10/2162,11/2125
24899.96;449;5502;6;12;0/19745.49,1/19804.53,2/20669.96,3/20768.92,4/20749.63,5/19676.07;0/2886.79,1/4749.96,2/6917.1,3/4311.39,4/3649.96,5/3499.96,6/4009.61,7/6636.46,8/7267.15,9/3885.72,10/3223.42,11/3599.46;0/24899.96,1/24899.96,2/24899.96,3/24899.96,4/24899.96,5/24899.96;0/24899.96,1/24899.96,2/24899.96,3/24899.96,4/24899.96,5/24899.96,6/24899.96,7/24899.96,8/24899.96,9/24899.96,10/24899.96,11/24899.96;0/0,1/0,2/0,3/0,4/0,5/0;0/1,1/0,2/5,3/5,4/0,5/5,6/8,7/5,8/3,9/4,10/0,11/5;0/0,1/0,2/0,3/0,4/0,5/0;0/11,1/14,2/7,3/13,4/6,5/13,6/16,7/9,8/8,9/14,10/10,11/10;0/0,1/0,2/0,3/0,4/0,5/0;0/4,1/4,2/3,3/4,4/4,5/4,6/4,7/3,8/3,9/4,10/4,11/4;0/81,1/82,2/68,3/67,4/67,5/84;0/467,1/457,2/410,3/466,4/492,5/477,6/496,7/390,8/413,9/462,10/490,11/482;0/519,1/513,2/426,3/416,4/418,5/526;0/2202,1/2015,2/1799,3/2059,4/2125,5/2140,6/2090,7/1827,8/1764,9/2102,10/2168,11/2131
24959.95;449;5516;6;12;0/19805.49,1/19864.53,2/20729.96,3/20828.92,4/20809.62,5/19736.06;0/2887.43,1/4780.39,2/6959.95,3/4356.5,4/3675.42,5/3506.91,6/4009.95,7/6649.95,8/7269.95,9/3895.42,10/3226.06,11/3614.26;0/24959.95,1/24959.95,2/24959.95,3/24959.95,4/24959.95,5/24959.95;0/24959.95,1/24959.95,2/24959.95,3/24959.95,4/24959.95,5/24959.95,6/24959.95,7/24959.95,8/24959.95,9/24959.95,10/24959.95,11/24959.95;0/0,1/0,2/0,3/0,4/0,5/0;0/1,1/0,2/2,3/3,4/3,5/3,6/7,7/2,8/1,9/4,10/1,11/2;0/0,1/0,2/0,3/0,4/0,5/0;0/9,1/13,2/6,3/11,4/13,5/10,6/12,7/8,8/7,9/14,10/12,11/9;0/0,1/0,2/0,3/0,4/0,5/0;0/4,1/4,2/3,3/4,4/4,5/4,6/4,7/3,8/3,9/4,10/4,11/4;0/81,1/82,2/68,3/67,4/67,5/84;0/468,1/459,2/411,3/467,4/493,5/479,6/496,7/391,8/414,9/463,10/492,11/483;0/519,1/513,2/426,3/416,4/418,5/526;0/2208,1/2018,2/1800,3/2061,4/2129,5/2146,6/2095,7/1831,8/1769,9/2107,10/2174,11/2135
25019.85;449;5529;6;12;0/19865.39,1/19924.43,2/20789.86,3/20888.82,4/20869.52,5/19795.96;0/2888,1/4780.58,2/6999.85,3/4356.81,4/3683.31,5/3549.85,6/4032.8,7/6671.13,8/7285.8,9/3922.22,10/3226.59,11/3629.85;0/25019.85,1/25019.85,2/25019.85,3/25019.85,4/25019.85,5/25019.85;0/25019.85,1/25019.85,2/25019.85,3/25019.85,4/25019.85,5/25019.85,6/25019.85,7/25019.85,8/25019.85,9/25019.85,10/25019.85,11/25019.85;0/0,1/0,2/0,3/0,4/0,5/0;0/2,1/2,2/3,3/3,4/3,5/2,6/7,7/2,8/2,9/1,10/0,11/2;0/0,1/0,2/0,3/0,4/0,5/0;0/6,1/12,2/7,3/8,4/12,5/9,6/11,7/8,8/10,9/13,10/10,11/10;0/0,1/0,2/0,3/0,4/0,5/0;0/4,1/4,2/3,3/4,4/4,5/4,6/4,7/3,8/3,9/4,10/4,11/4;0/81,1/82,2/68,3/67,4/67,5/84;0/469,1/459,2/412,3/469,4/495,5/479,6/498,7/392,8/415,9/465,10/492,11/484;0/519,1/513,2/426,3/416,4/418,5/526;0/2214,1/2024,2/1802,3/2067,4/2134,5/2147,6/2099,7/1835,8/1774,9/2110,10/2180,11/2139
25079.92;449;5546;6;12;0/19925.45,1/19984.49,2/20849.92,3/20948.88,4/20929.59,5/19856.03;0/2889.92,1/4780.8,2/7009.92,3/4381.87,4/3683.65,5/3555.07,6/4035.24,7/6671.5,8/7305.54,9/3922.4,10/3226.83,11/3636.74;0/25079.92,1/25079.92,2/25079.92,3/25079.92,4/25079.92,5/25079.92;0/25079.92,1/25079.92,2/25079.92,3/25079.92,4/25079.92,5/25079.92,6/25079.92,7/25079.92,8/25079.92,9/25079.92,10/25079.92,11/25079.92;0/0,1/0,2/0,3/0,4/0,5/0;0/0,1/0,2/3,3/0,4/4,5/2,6/3,7/2,8/2,9/1,10/3,11/1;0/0,1/0,2/0,3/0,4/0,5/0;0/7,1/8,2/11,3/11,4/13,5/7,6/10,7/8,8/10,9/9,10/11,11/8;0/0,1/0,2/0,3/0,4/0,5/0;0/4,1/4,2/3,3/4,4/4,5/4,6/4,7/3,8/3,9/4,10/4,11/4;0/81,1/82,2/68,3/67,4/67,5/84;0/470,1/461,2/414,3/471,4/496,5/480,6/500,7/394,8/416,9/465,10/493,11/486;0/519,1/513,2/426,3/416,4/418,5/526;0/2219,1/2030,2/1807,3/2070,4/2140,5/2153,6/2105,7/1841,8/1778,9/2116,10/2186,11/2145
25139.98;449;5560;6;12;0/19985.51,1/20044.55,2/20909.98,3/21008.94,4/20989.65,5/19916.08;0/2904.95,1/4781.39,2/7067.26,3/4382,4/3683.95,5/3555.72,6/4039.98,7/6679.98,8/7305.76,9/3922.76,10/3227.21,11/3663.95;0/25139.98,1/25139.98,2/25139.98,3/25139.98,4/25139.98,5/25139.98;0/25139.98,1/25139.98,2/25139.98,3/25139.98,4/25139.98,5/25139.98,6/25139.98,7/25139.98,8/25139.98,9/25139.98,10/25139.98,11/25139.98;0/0,1/0,2/0,3/0,4/0,5/0;0/1,1/2,2/2,3/0,4/3,5/3,6/1,7/7,8/1,9/0,10/4,11/3;0/0,1/0,2/0,3/0,4/0,5/0;0/10,1/15,2/10,3/9,4/11,5/11,6/13,7/10,8/10,9/7,10/12,11/11;0/0,1/0,2/0,3/0,4/0,5/0;0/4,1/4,2/3,3/4,4/4,5/4,6/4,7/3,8/3,9/4,10/4,11/4;0/81,1/82,2/68,3/67,4/67,5/84;0/471,1/462,2/415,3/472,4/497,5/482,6/501,7/394,8/417,9/467,10/494,11/488;0/519,1/513,2/426,3/416,4/418,5/526;0/2224,1/2036,2/1808,3/2076,4/2146,5/2159,6/2110,7/1846,8/1784,9/2122,10/2192,11/2148
25199.94;449;5574;6;12;0/20045.47,1/20104.51,2/20969.94,3/21068.9,4/21049.61,5/19976.05;0/2905.39,1/4781.53,2/7067.78,3/4382.39,4/3684.17,5/3559.94,6/4069.94,7/6721.44,8/7305.99,9/3923.52,10/3230.95,11/3664.17;0/25199.94,1/25199.94,2/25199.94,3/25199.94,4/25199.94,5/25199.94;0/25199.94,1/25199.94,2/25199.94,3/25199.94,4/25199.94,5/25199.94,6/25199.94,7/25199.94,8/25199.94,9/25199.94,10/25199.94,11/25199.94;0/0,1/0,2/0,3/0,4/0,5/0;0/2,1/1,2/4,3/0,4/6,5/4,6/1,7/2,8/1,9/0,10/3,11/4;0/0,1/0,2/0,3/0,4/0,5/0;0/12,1/10,2/9,3/15,4/13,5/13,6/11,7/9,8/6,9/9,10/10,11/11;0/0,1/0,2/0,3/0,4/0,5/0;0/4,1/4,2/3,3/4,4/4,5/4,6/4,7/3,8/3,9/4,10/4,11/4;0/81,1/82,2/68,3/67,4/67,5/84;0/472,1/464,2/416,3/472,4/499,5/483,6/502,7/395,8/418,9/468,10/496,11/489;0/519,1/513,2/426,3/416,4/418,5/526;0/2230,1/2042,2/1814,3/2082,4/2152,5/2164,6/2114,7/1848,8/1790,9/2128,10/2197,11/2154
25259.72;449;5585;6;12;0/20105.25,1/20164.29,2/21029.72,3/21128.68,4/21109.39,5/20035.83;0/2905.55,1/4781.94,2/7068.27,3/4382.5,4/3684.63,5/3619.72,6/4070.18,7/6737.52,8/7310.5,9/3924.21,10/3257.76,11/3664.26;0/25259.72,1/25259.72,2/25259.72,3/25259.72,4/25259.72,5/25259.72;0/25259.72,1/25259.72,2/25259.72,3/25259.72,4/25259.72,5/25259.72,6/25259.72,7/25259.72,8/25259.72,9/25259.72,10/25259.72,11/25259.72;0/0,1/0,2/0,3/0,4/0,5/0;0/3,1/5,2/3,3/0,4/5,5/3,6/1,7/4,8/4,9/0,10/0,11/2;0/0,1/0,2/0,3/0,4/0,5/0;0/11,1/13,2/8,3/11,4/8,5/13,6/11,7/9,8/9,9/8,10/11,11/8;0/0,1/0,2/0,3/0,4/0,5/0;0/4,1/4,2/3,3/4,4/4,5/4,6/4,7/3,8/3,9/4,10/4,11/4;0/81,1/82,2/68,3/67,4/67,5/84;0/473,1/465,2/417,3/473,4/500,5/483,6/503,7/396,8/419,9/469,10/497,11/490;0/519,1/513,2/426,3/416,4/418,5/526;0/2236,1/2048,2/1820,3/2088,4/2158,5/2164,6/2119,7/1853,8/1795,9/2134,10/2201,11/2160
25319.99;449;5599;6;12;0/20165.53,1/20224.57,2/21090,3/21188.96,4/21169.66,5/20096.1;0/2905.75,1/4782.25,2/7085.08,3/4383.14,4/3712.57,5/3622.3,6/4070.66,7/6737.91,8/7349.99,9/3926.09,10/3291.09,11/3664.95;0/25319.99,1/25319.99,2/25319.99,3/25319.99,4/25319.99,5/25319.99;0/25319.99,1/25319.99,2/25319.99,3/25319.99,4/25319.99,5/25319.99,6/25319.99,7/25319.99,8/25319.99,9/25319.99,10/25319.99,11/25319.99;0/0,1/0,2/0,3/0,4/0,5/0;0/6,1/4,2/2,3/0,4/5,5/5,6/0,7/2,8/1,9/0,10/0,11/4;0/0,1/0,2/0,3/0,4/0,5/0;0/12,1/13,2/6,3/15,4/12,5/11,6/7,7/8,8/13,9/14,10/10,11/11;0/0,1/0,2/0,3/0,4/0,5/0;0/4,1/4,2/3,3/4,4/4,5/4,6/4,7/3,8/3,9/4,10/4,11/4;0/81,1/82,2/68,3/67,4/67,5/84;0/474,1/466,2/418,3/474,4/501,5/485,6/504,7/397,8/419,9/471,10/499,11/491;0/519,1/513,2/426,3/416,4/418,5/526;0/2242,1/2054,2/1824,3/2094,4/2161,5/2170,6/2125,7/1859,8/1797,9/2140,10/2203,11/2166
25379.97;449;5613;6;12;0/20225.5,1/20284.54,2/21149.97,3/21248.93,4/21229.64,5/20156.08;0/2914.91,1/4782.47,2/7099.97,3/4383.52,4/3720.04,5/3622.47,6/4071.04,7/6738.25,8/7370.8,9/3926.21,10/3291.5,11/3665.37;0/25379.97,1/25379.97,2/25379.97,3/25379.97,4/25379.97,5/25379.97;0/25379.97,1/25379.97,2/25379.97,3/25379.97,4/25379.97,5/25379.97,6/25379.97,7/25379.97,8/25379.97,9/25379.97,10/25379.97,11/25379.97;0/0,1/0,2/0,3/0,4/0,5/0;0/11,1/10,2/4,3/2,4/7,5/3,6/2,7/1,8/1,9/1,10/0,11/1;0/0,1/0,2/0,3/0,4/0,5/0;0/18,1/20,2/9,3/14,4/13,5/10,6/13,7/5,8/9,9/13,10/12,11/7;0/0,1/0,2/0,3/0,4/0,5/0;0/4,1/4,2/3,3/4,4/4,5/4,6/4,7/3,8/3,9/4,10/4,11/4;0/81,1/82,2/68,3/67,4/67,5/84;0/475,1/467,2/419,3/475,4/503,5/487,6/505,7/398,8/420,9/472,10/499,11/493;0/519,1/513,2/426,3/416,4/418,5/526;0/2247,1/2060,2/1828,3/2100,4/2166,5/2176,6/2131,7/1865,8/1801,9/2146,10/2209,11/2172
25439.89;449;5628;6;12;0/20285.43,1/20344.46,2/21209.9,3/21308.85,4/21289.56,5/20216;0/2923.55,1/4789.89,2/7126.08,3/4383.64,4/3729.89,5/3625.23,6/4071.37,7/6774.95,8/7371.2,9/3926.41,10/3291.6,11/3679.52;0/25439.89,1/25439.89,2/25439.89,3/25439.89,4/25439.89,5/25439.89;0/25439.89,1/25439.89,2/25439.89,3/25439.89,4/25439.89,5/25439.89,6/25439.89,7/25439.89,8/25439.89,9/25439.89,10/25439.89,11/25439.89;0/0,1/0,2/0,3/0,4/0,5/0;0/5,1/6,2/3,3/1,4/5,5/3,6/3,7/1,8/6,9/3,10/4,11/1;0/0,1/0,2/0,3/0,4/0,5/0;0/16,1/15,2/8,3/10,4/13,5/8,6/12,7/7,8/17,9/16,10/13,11/7;0/0,1/0,2/0,3/0,4/0,5/0;0/4,1/4,2/3,3/4,4/4,5/4,6/4,7/3,8/3,9/4,10/4,11/4;0/81,1/82,2/68,3/67,4/67,5/84;0/477,1/468,2/421,3/476,4/504,5/489,6/506,7/399,8/421,9/473,10/500,11/494;0/519,1/513,2/426,3/416,4/418,5/526;0/2252,1/2065,2/1832,3/2106,4/2171,5/2182,6/2137,7/1867,8/1807,9/2152,10/2215,11/2177
25499.97;449;5645;6;12;0/20345.5,1/20404.54,2/21269.97,3/21368.93,4/21349.64,5/20276.08;0/2941.26,1/4826.22,2/7126.5,3/4383.85,4/3737.03,5/3629.97,6/4071.53,7/6776.18,8/7371.22,9/3926.89,10/3301.35,11/3679.83;0/25499.97,1/25499.97,2/25499.97,3/25499.97,4/25499.97,5/25499.97;0/25499.97,1/25499.97,2/25499.97,3/25499.97,4/25499.97,5/25499.97,6/25499.97,7/25499.97,8/25499.97,9/25499.97,10/25499.97,11/25499.97;0/0,1/0,2/0,3/0,4/0,5/0;0/3,1/4,2/5,3/4,4/3,5/4,6/4,7/5,8/6,9/6,10/2,11/8;0/0,1/0,2/0,3/0,4/0,5/0;0/17,1/12,2/11,3/12,4/9,5/16,6/11,7/12,8/11,9/18,10/13,11/19;0/0,1/0,2/0,3/0,4/0,5/0;0/4,1/4,2/3,3/4,4/4,5/4,6/4,7/3,8/3,9/4,10/4,11/4;0/81,1/82,2/68,3/67,4/67,5/84;0/478,1/470,2/422,3/477,4/506,5/490,6/508,7/400,8/422,9/475,10/502,11/495;0/519,1/513,2/426,3/416,4/418,5/526;0/2256,1/2068,2/1838,3/2112,4/2177,5/2187,6/2143,7/1873,8/1813,9/2158,10/2220,11/2183
25559.92;449;5660;6;12;0/20405.45,1/20464.49,2/21329.92,3/21428.88,4/21409.59,5/20336.02;0/2941.39,1/4826.4,2/7157.59,3/4384.29,4/3737.45,5/3660.1,6/4071.81,7/6776.36,8/7371.35,9/3927.08,10/3301.47,11/3689.92;0/25559.92,1/25559.92,2/25559.92,3/25559.92,4/25559.92,5/25559.92;0/25559.92,1/25559.92,2/25559.92,3/25559.92,4/25559.92,5/25559.92,6/25559.92,7/25559.92,8/25559.92,9/25559.92,10/25559.92,11/25559.92;0/0,1/0,2/0,3/0,4/0,5/0;0/3,1/2,2/2,3/7,4/1,5/3,6/6,7/7,8/8,9/4,10/0,11/9;0/0,1/0,2/0,3/0,4/0,5/0;0/13,1/10,2/9,3/12,4/10,5/13,6/15,7/13,8/11,9/15,10/9,11/21;0/0,1/0,2/0,3/0,4/0,5/0;0/4,1/4,2/3,3/4,4/4,5/4,6/4,7/3,8/3,9/4,10/4,11/4;0/81,1/82,2/68,3/67,4/67,5/84;0/479,1/471,2/423,3/478,4/508,5/491,6/509,7/402,8/423,9/476,10/503,11/497;0/519,1/513,2/426,3/416,4/418,5/526;0/2262,1/2074,2/1841,3/2118,4/2183,5/2190,6/2149,7/1879,8/1819,9/2164,10/2226,11/2187
25619.94;449;5668;6;12;0/20465.48,1/20524.51,2/21389.95,3/21488.9,4/21469.61,5/20396.05;0/2941.62,1/4826.57,2/7158.35,3/4399.94,4/3759.94,5/3660.44,6/4129.94,7/6779.94,8/7419.94,9/3927.19,10/3302.06,11/3691.62;0/25619.94,1/25619.94,2/25619.94,3/25619.94,4/25619.94,5/25619.94;0/25619.94,1/25619.94,2/25619.94,3/25619.94,4/25619.94,5/25619.94,6/25619.94,7/25619.94,8/25619.94,9/25619.94,10/25619.94,11/25619.94;0/0,1/0,2/0,3/0,4/0,5/0;0/2,1/2,2/2,3/4,4/1,5/7,6/4,7/9,8/5,9/4,10/0,11/5;0/0,1/0,2/0,3/0,4/0,5/0;0/10,1/10,2/7,3/12,4/13,5/13,6/15,7/13,8/11,9/12,10/11,11/15;0/0,1/0,2/0,3/0,4/0,5/0;0/4,1/4,2/3,3/4,4/4,5/4,6/4,7/3,8/3,9/4,10/4,11/4;0/81,1/82,2/68,3/67,4/67,5/84;0/480,1/472,2/424,3/479,4/508,5/493,6/509,7/402,8/423,9/476,10/504,11/498;0/519,1/513,2/426,3/416,4/418,5/526;0/2268,1/2080,2/1847,3/2122,4/2186,5/2196,6/2149,7/1884,8/1820,9/2170,10/2232,11/2193
25679.97;449;5685;6;12;0/20525.51,1/20584.54,2/21449.98,3/21548.93,4/21529.64,5/20456.08;0/2941.8,1/4826.75,2/7158.87,3/4401.25,4/3763.24,5/3679.97,6/4131.2,7/6819.97,8/7435.94,9/3927.42,10/3302.42,11/3694.93;0/25679.97,1/25679.97,2/25679.97,3/25679.97,4/25679.97,5/25679.97;0/25679.97,1/25679.97,2/25679.97,3/25679.97,4/25679.97,5/25679.97,6/25679.97,7/25679.97,8/25679.97,9/25679.97,10/25679.97,11/25679.97;0/0,1/0,2/0,3/0,4/0,5/0;0/4,1/2,2/4,3/2,4/3,5/1,6/3,7/4,8/10,9/3,10/2,11/2;0/0,1/0,2/0,3/0,4/0,5/0;0/11,1/10,2/9,3/12,4/18,5/13,6/11,7/11,8/17,9/9,10/14,11/9;0/0,1/0,2/0,3/0,4/0,5/0;0/4,1/4,2/3,3/4,4/4,5/4,6/4,7/3,8/3,9/4,10/4,11/4;0/81,1/82,2/68,3/67,4/67,5/84;0/481,1/473,2/425,3/481,4/509,5/494,6/511,7/403,8/425,9/478,10/505,11/500;0/519,1/513,2/426,3/416,4/418,5/526;0/2274,1/2086,2/1853,3/2128,4/2192,5/2200,6/2155,7/1886,8/1825,9/2176,10/2238,11/2199
25739.97;449;5699;6;12;0/20585.5,1/20644.54,2/21509.97,3/21608.93,4/21589.64,5/20516.08;0/2969.97,1/4826.97,2/7199.97,3/4401.38,4/3763.39,5/3694.26,6/4131.33,7/6831.56,8/7436.05,9/3927.69,10/3302.79,11/3701.74;0/25739.97,1/25739.97,2/25739.97,3/25739.97,4/25739.97,5/25739.97;0/25739.97,1/25739.97,2/25739.97,3/25739.97,4/25739.97,5/25739.97,6/25739.97,7/25739.97,8/25739.97,9/25739.97,10/25739.97,11/25739.97;0/0,1/0,2/0,3/0,4/0,5/0;0/6,1/5,2/1,3/1,4/3,5/0,6/2,7/6,8/4,9/6,10/2,11/4;0/0,1/0,2/0,3/0,4/0,5/0;0/19,1/10,2/8,3/9,4/16,5/8,6/8,7/10,8/11,9/9,10/14,11/15;0/0,1/0,2/0,3/0,4/0,5/0;0/4,1/4,2/3,3/4,4/4,5/4,6/4,7/3,8/3,9/4,10/4,11/4;0/81,1/82,2/68,3/67,4/67,5/84;0/482,1/475,2/425,3/482,4/509,5/495,6/513,7/405,8/426,9/480,10/506,11/501;0/519,1/513,2/426,3/416,4/418,5/526;0/2277,1/2092,2/1854,3/2134,4/2198,5/2205,6/2161,7/1891,8/1831,9/2182,10/2244,11/2204
25799.99;449;5713;6;12;0/20645.52,1/20704.56,2/21569.99,3/21668.95,4/21649.66,5/20576.1;0/2995.75,1/4829.99,2/7203.58,3/4401.61,4/3763.58,5/3694.47,6/4159.99,7/6840.03,8/7436.13,9/3970.31,10/3303.05,11/3716.99;0/25799.99,1/25799.99,2/25799.99,3/25799.99,4/25799.99,5/25799.99;0/25799.99,1/25799.99,2/25799.99,3/25799.99,4/25799.99,5/25799.99,6/25799.99,7/25799.99,8/25799.99,9/25799.99,10/25799.99,11/25799.99;0/0,1/0,2/0,3/0,4/0,5/0;0/6,1/2,2/3,3/2,4/3,5/5,6/3,7/3,8/5,9/0,10/3,11/2;0/0,1/0,2/0,3/0,4/0,5/0;0/16,1/9,2/8,3/11,4/13,5/13,6/10,7/8,8/9,9/9,10/18,11/14;0/0,1/0,2/0,3/0,4/0,5/0;0/4,1/4,2/3,3/4,4/4,5/4,6/4,7/3,8/3,9/4,10/4,11/4;0/81,1/82,2/68,3/67,4/67,5/84;0/484,1/476,2/426,3/483,4/510,5/496,6/513,7/407,8/428,9/481,10/507,11/502;0/519,1/513,2/426,3/416,4/418,5/526;0/2281,1/2097,2/1860,3/2140,4/2204,5/2211,6/2164,7/1896,8/1837,9/2183,10/2250,11/2209
25859.97;449;5727;6;12;0/20705.51,1/20764.55,2/21629.98,3/21728.94,4/21709.64,5/20636.08;0/2995.82,1/4877.14,2/7207.14,3/4401.76,4/3763.73,5/3704.17,6/4182.65,7/6859.97,8/7448.37,9/3990.19,10/3303.24,11/3717.14;0/25859.97,1/25859.97,2/25859.97,3/25859.97,4/25859.97,5/25859.97;0/25859.97,1/25859.97,2/25859.97,3/25859.97,4/25859.97,5/25859.97,6/25859.97,7/25859.97,8/25859.97,9/25859.97,10/25859.97,11/25859.97;0/0,1/0,2/0,3/0,4/0,5/0;0/4,1/0,2/5,3/1,4/1,5/4,6/2,7/2,8/6,9/1,10/3,11/2;0/0,1/0,2/0,3/0,4/0,5/0;0/10,1/10,2/8,3/9,4/9,5/14,6/8,7/9,8/12,9/12,10/16,11/11;0/0,1/0,2/0,3/0,4/0,5/0;0/4,1/4,2/3,3/4,4/4,5/4,6/4,7/3,8/3,9/4,10/4,11/4;0/81,1/82,2/68,3/67,4/67,5/84;0/485,1/477,2/428,3/484,4/511,5/498,6/514,7/407,8/429,9/483,10/508,11/503;0/519,1/513,2/426,3/416,4/418,5/526;0/2287,1/2099,2/1866,3/2146,4/2210,5/2216,6/2168,7/1900,8/1842,9/2187,10/2256,11/2215
25919.94;449;5743;6;12;0/20765.48,1/20824.51,2/21689.95,3/21788.91,4/21769.61,5/20696.05;0/3019.85,1/4877.41,2/7226.56,3/4402.27,4/3763.91,5/3704.54,6/4200.56,7/6888.41,8/7462.22,9/3990.43,10/3303.43,11/3717.28;0/25919.94,1/25919.94,2/25919.94,3/25919.94,4/25919.94,5/25919.94;0/25919.94,1/25919.94,2/25919.94,3/25919.94,4/25919.94,5/25919.94,6/25919.94,7/25919.94,8/25919.94,9/25919.94,10/25919.94,11/25919.94;0/0,1/0,2/0,3/0,4/0,5/0;0/2,1/0,2/5,3/1,4/1,5/6,6/0,7/3,8/5,9/8,10/4,11/2;0/0,1/0,2/0,3/0,4/0,5/0;0/6,1/9,2/10,3/6,4/6,5/16,6/9,7/9,8/8,9/19,10/13,11/12;0/0,1/0,2/0,3/0,4/0,5/0;0/4,1/4,2/3,3/4,4/4,5/4,6/4,7/3,8/3,9/4,10/4,11/4;0/81,1/82,2/68,3/67,4/67,5/84;0/487,1/478,2/429,3/485,4/513,5/499,6/516,7/409,8/430,9/484,10/509,11/504;0/519,1/513,2/426,3/416,4/418,5/526;0/2291,1/2105,2/1870,3/2152,4/2216,5/2222,6/2172,7/1904,8/1846,9/2193,10/2262,11/2221
25979.99;449;5755;6;12;0/20825.53,1/20884.56,2/21750,3/21848.96,4/21829.66,5/20756.1;0/3039.99,1/4877.81,2/7269.99,3/4402.57,4/3769.99,5/3719.99,6/4201.38,7/6888.58,8/7464.78,9/3990.67,10/3304.51,11/3719.77;0/25979.99,1/25979.99,2/25979.99,3/25979.99,4/25979.99,5/25979.99;0/25979.99,1/25979.99,2/25979.99,3/25979.99,4/25979.99,5/25979.99,6/25979.99,7/25979.99,8/25979.99,9/25979.99,10/25979.99,11/25979.99;0/0,1/0,2/0,3/0,4/0,5/0;0/1,1/2,2/1,3/1,4/5,5/3,6/0,7/3,8/5,9/9,10/4,11/1;0/0,1/0,2/0,3/0,4/0,5/0;0/12,1/9,2/11,3/11,4/12,5/19,6/11,7/9,8/8,9/20,10/11,11/10;0/0,1/0,2/0,3/0,4/0,5/0;0/4,1/4,2/3,3/4,4/4,5/4,6/4,7/3,8/3,9/4,10/4,11/4;0/81,1/82,2/68,3/67,4/67,5/84;0/488,1/480,2/429,3/486,4/514,5/500,6/517,7/410,8/431,9/484,10/510,11/506;0/519,1/513,2/426,3/416,4/418,5/526;0/2294,1/2111,2/1871,3/2158,4/2221,5/2227,6/2178,7/1910,8/1852,9/2199,10/2268,11/2227
26039.73;449;5767;6;12;0/20885.26,1/20944.3,2/21809.73,3/21908.69,4/21889.4,5/20815.84;0/3078.23,1/4878.23,2/7280.93,3/4402.95,4/3797.3,5/3720.07,6/4201.78,7/6906.08,8/7486.64,9/3992.04,10/3309.73,11/3720.3;0/26039.73,1/26039.73,2/26039.73,3/26039.73,4/26039.73,5/26039.73;0/26039.73,1/26039.73,2/26039.73,3/26039.73,4/26039.73,5/26039.73,6/26039.73,7/26039.73,8/26039.73,9/26039.73,10/26039.73,11/26039.73;0/0,1/0,2/0,3/0,4/0,5/0;0/0,1/4,2/4,3/1,4/2,5/2,6/0,7/1,8/6,9/9,10/5,11/0;0/0,1/0,2/0,3/0,4/0,5/0;0/9,1/13,2/13,3/12,4/9,5/14,6/10,7/8,8/8,9/15,10/11,11/8;0/0,1/0,2/0,3/0,4/0,5/0;0/4,1/4,2/3,3/4,4/4,5/4,6/4,7/3,8/3,9/4,10/4,11/4;0/81,1/82,2/68,3/67,4/67,5/84;0/489,1/481,2/430,3/487,4/515,5/501,6/518,7/411,8/433,9/485,10/511,11/506;0/519,1/513,2/426,3/416,4/418,5/526;0/2297,1/2117,2/1876,3/2164,4/2225,5/2232,6/2184,7/1914,8/1856,9/2205,10/2273,11/2232
26099.98;449;5782;6;12;0/20945.51,1/21004.55,2/21869.98,3/21968.94,4/21949.65,5/20876.09;0/3078.46,1/4894.64,2/7280.94,3/4403.21,4/3800.94,5/3720.12,6/4202.08,7/6906.42,8/7528.77,9/3992.17,10/3325.21,11/3720.55;0/26099.98,1/26099.98,2/26099.98,3/26099.98,4/26099.98,5/26099.98;0/26099.98,1/26099.98,2/26099.98,3/26099.98,4/26099.98,5/26099.98,6/26099.98,7/26099.98,8/26099.98,9/26099.98,10/26099.98,11/26099.98;0/0,1/0,2/0,3/0,4/0,5/0;0/3,1/7,2/4,3/3,4/2,5/2,6/2,7/2,8/4,9/7,10/5,11/3;0/0,1/0,2/0,3/0,4/0,5/0;0/10,1/16,2/7,3/12,4/11,5/10,6/9,7/8,8/11,9/13,10/10,11/11;0/0,1/0,2/0,3/0,4/0,5/0;0/4,1/4,2/3,3/4,4/4,5/4,6/4,7/3,8/3,9/4,10/4,11/4;0/81,1/82,2/68,3/67,4/67,5/84;0/490,1/482,2/431,3/487,4/517,5/502,6/519,7/412,8/434,9/487,10/513,11/508;0/519,1/513,2/426,3/416,4/418,5/526;0/2303,1/2121,2/1882,3/2170,4/2230,5/2238,6/2190,7/1920,8/1858,9/2211,10/2278,11/2238
26159.98;449;5797;6;12;0/21005.51,1/21064.55,2/21929.98,3/22028.94,4/22009.65,5/20936.09;0/3078.71,1/4894.89,2/7281.4,3/4403.67,4/3811.94,5/3720.35,6/4202.38,7/6916.49,8/7529.08,9/4005.53,10/3325.53,11/3727.03;0/26159.98,1/26159.98,2/26159.98,3/26159.98,4/26159.98,5/26159.98;0/26159.98,1/26159.98,2/26159.98,3/26159.98,4/26159.98,5/26159.98,6/26159.98,7/26159.98,8/26159.98,9/26159.98,10/26159.98,11/26159.98;0/0,1/0,2/0,3/0,4/0,5/0;0/2,1/3,2/2,3/3,4/0,5/6,6/4,7/2,8/3,9/2,10/6,11/5;0/0,1/0,2/0,3/0,4/0,5/0;0/8,1/11,2/7,3/11,4/10,5/12,6/11,7/10,8/9,9/12,10/9,11/11;0/0,1/0,2/0,3/0,4/0,5/0;0/4,1/4,2/3,3/4,4/4,5/4,6/4,7/3,8/3,9/4,10/4,11/4;0/81,1/82,2/68,3/67,4/67,5/84;0/491,1/483,2/432,3/489,4/518,5/504,6/520,7/413,8/435,9/488,10/515,11/509;0/519,1/513,2/426,3/416,4/418,5/526;0/2309,1/2127,2/1888,3/2176,4/2235,5/2244,6/2196,7/1925,8/1864,9/2216,10/2284,11/2244
26220;449;5815;6;12;0/21065.53,1/21124.57,2/21990,3/22088.96,4/22069.67,5/20996.1;0/3079.08,1/4895.15,2/7282.04,3/4418.63,4/3814.67,5/3734.97,6/4204.04,7/6916.86,8/7529.3,9/4005.71,10/3372.72,11/3730.37;0/26220,1/26220,2/26220,3/26220,4/26220,5/26220;0/26220,1/26220,2/26220,3/26220,4/26220,5/26220,6/26220,7/26220,8/26220,9/26220,10/26220,11/26220;0/0,1/0,2/0,3/0,4/0,5/0;0/9,1/0,2/8,3/3,4/0,5/1,6/6,7/7,8/6,9/3,10/1,11/4;0/0,1/0,2/0,3/0,4/0,5/0;0/14,1/13,2/14,3/10,4/7,5/10,6/12,7/12,8/8,9/10,10/8,11/13;0/0,1/0,2/0,3/0,4/0,5/0;0/4,1/4,2/3,3/4,4/4,5/4,6/4,7/3,8/3,9/4,10/4,11/4;0/81,1/82,2/68,3/67,4/67,5/84;0/493,1/485,2/433,3/491,4/520,5/505,6/522,7/414,8/436,9/490,10/516,11/510;0/519,1/513,2/426,3/416,4/418,5/526;0/2315,1/2133,2/1894,3/2181,4/2241,5/2249,6/2202,7/1931,8/1870,9/2222,10/2285,11/2249
26279.97;449;5825;6;12;0/21125.5,1/21184.54,2/22049.98,3/22148.93,4/22129.64,5/21056.08;0/3096.18,1/4895.28,2/7282.22,3/4418.81,4/3815.01,5/3739.97,6/4204.21,7/6917.23,8/7572.47,9/4005.93,10/3411.05,11/3759.97;0/26279.97,1/26279.97,2/26279.97,3/26279.97,4/26279.97,5/26279.97;0/26279.97,1/26279.97,2/26279.97,3/26279.97,4/26279.97,5/26279.97,6/26279.97,7/26279.97,8/26279.97,9/26279.97,10/26279.97,11/26279.97;0/0,1/0,2/0,3/0,4/0,5/0;0/4,1/0,2/6,3/4,4/0,5/1,6/6,7/3,8/3,9/2,10/1,11/2;0/0,1/0,2/0,3/0,4/0,5/0;0/14,1/10,2/13,3/16,4/5,5/10,6/12,7/10,8/7,9/10,10/8,11/12;0/0,1/0,2/0,3/0,4/0,5/0;0/4,1/4,2/3,3/4,4/4,5/4,6/4,7/3,8/3,9/4,10/4,11/4;0/81,1/82,2/68,3/67,4/67,5/84;0/494,1/485,2/434,3/491,4/520,5/506,6/524,7/415,8/437,9/491,10/517,11/511;0/519,1/513,2/426,3/416,4/418,5/526;0/2319,1/2139,2/1900,3/2187,4/2247,5/2254,6/2208,7/1937,8/1871,9/2228,10/2287,11/2252
26339.99;449;5841;6;12;0/21185.53,1/21244.56,2/22110,3/22208.95,4/22189.66,5/21116.1;0/3113.88,1/4895.52,2/7282.3,3/4418.87,4/3815.3,5/3759.99,6/4209.99,7/6944.89,8/7579.9,9/4035.97,10/3411.53,11/3784.18;0/26339.99,1/26339.99,2/26339.99,3/26339.99,4/26339.99,5/26339.99;0/26339.99,1/26339.99,2/26339.99,3/26339.99,4/26339.99,5/26339.99,6/26339.99,7/26339.99,8/26339.99,9/26339.99,10/26339.99,11/26339.99;0/0,1/0,2/0,3/0,4/0,5/0;0/6,1/0,2/10,3/2,4/1,5/2,6/4,7/2,8/4,9/3,10/5,11/2;0/0,1/0,2/0,3/0,4/0,5/0;0/16,1/7,2/16,3/10,4/14,5/12,6/12,7/9,8/8,9/11,10/14,11/14;0/0,1/0,2/0,3/0,4/0,5/0;0/4,1/4,2/3,3/4,4/4,5/4,6/4,7/3,8/3,9/4,10/4,11/4;0/81,1/82,2/68,3/67,4/67,5/84;0/496,1/487,2/435,3/493,4/520,5/507,6/525,7/416,8/439,9/492,10/519,11/512;0/519,1/513,2/426,3/416,4/418,5/526;0/2323,1/2145,2/1906,3/2193,4/2253,5/2258,6/2213,7/1940,8/1877,9/2231,10/2293,11/2256
26399.99;449;5856;6;12;0/21245.53,1/21304.56,2/22170,3/22268.96,4/22249.66,5/21176.1;0/3114,1/4895.86,2/7282.52,3/4419,4/3827.65,5/3760.19,6/4233.23,7/6945.11,8/7598.59,9/4038.86,10/3411.73,11/3784.32;0/26399.99,1/26399.99,2/26399.99,3/26399.99,4/26399.99,5/26399.99;0/26399.99,1/26399.99,2/26399.99,3/26399.99,4/26399.99,5/26399.99,6/26399.99,7/26399.99,8/26399.99,9/26399.99,10/26399.99,11/26399.99;0/0,1/0,2/0,3/0,4/0,5/0;0/7,1/5,2/8,3/1,4/2,5/0,6/3,7/5,8/5,9/9,10/4,11/0;0/0,1/0,2/0,3/0,4/0,5/0;0/14,1/11,2/14,3/7,4/12,5/8,6/11,7/11,8/11,9/14,10/14,11/11;0/0,1/0,2/0,3/0,4/0,5/0;0/4,1/4,2/3,3/4,4/4,5/4,6/4,7/3,8/3,9/4,10/4,11/4;0/81,1/82,2/68,3/67,4/67,5/84;0/497,1/488,2/436,3/494,4/521,5/509,6/526,7/417,8/440,9/494,10/521,11/513;0/519,1/513,2/426,3/416,4/418,5/526;0/2329,1/2151,2/1912,3/2199,4/2258,5/2264,6/2217,7/1946,8/1881,9/2237,10/2299,11/2262
26459.89;449;5872;6;12;0/21305.43,1/21364.46,2/22229.9,3/22328.86,4/22309.56,5/21236;0/3117.63,1/4899.1,2/7329.89,3/4419.51,4/3828.32,5/3761.05,6/4233.43,7/6949.89,8/7606.67,9/4048.52,10/3411.92,11/3784.85;0/26459.89,1/26459.89,2/26459.89,3/26459.89,4/26459.89,5/26459.89;0/26459.89,1/26459.89,2/26459.89,3/26459.89,4/26459.89,5/26459.89,6/26459.89,7/26459.89,8/26459.89,9/26459.89,10/26459.89,11/26459.89;0/0,1/0,2/0,3/0,4/0,5/0;0/6,1/4,2/8,3/11,4/5,5/6,6/4,7/7,8/2,9/5,10/4,11/0;0/0,1/0,2/0,3/0,4/0,5/0;0/11,1/11,2/15,3/15,4/14,5/13,6/13,7/11,8/8,9/14,10/14,11/8;0/0,1/0,2/0,3/0,4/0,5/0;0/4,1/4,2/3,3/4,4/4,5/4,6/4,7/3,8/3,9/4,10/4,11/4;0/81,1/82,2/68,3/67,4/67,5/84;0/499,1/489,2/436,3/496,4/523,5/510,6/528,7/418,8/441,9/496,10/522,11/514;0/519,1/513,2/426,3/416,4/418,5/526;0/2335,1/2157,2/1913,3/2205,4/2264,5/2270,6/2223,7/1951,8/1886,9/2242,10/2305,11/2268
26519.97;449;5886;6;12;0/21365.51,1/21424.55,2/22289.98,3/22388.94,4/22369.64,5/21296.08;0/3139.84,1/4907.66,2/7349.97,3/4440.74,4/3828.53,5/3761.41,6/4233.62,7/6969.97,8/7645.48,9/4048.63,10/3415.63,11/3785.38;0/26519.97,1/26519.97,2/26519.97,3/26519.97,4/26519.97,5/26519.97;0/26519.97,1/26519.97,2/26519.97,3/26519.97,4/26519.97,5/26519.97,6/26519.97,7/26519.97,8/26519.97,9/26519.97,10/26519.97,11/26519.97;0/0,1/0,2/0,3/0,4/0,5/0;0/6,1/7,2/8,3/3,4/2,5/3,6/1,7/9,8/1,9/5,10/4,11/3;0/0,1/0,2/0,3/0,4/0,5/0;0/11,1/18,2/11,3/17,4/14,5/17,6/11,7/10,8/9,9/12,10/11,11/15;0/0,1/0,2/0,3/0,4/0,5/0;0/4,1/4,2/3,3/4,4/4,5/4,6/4,7/3,8/3,9/4,10/4,11/4;0/81,1/82,2/68,3/67,4/67,5/84;0/501,1/491,2/437,3/497,4/523,5/511,6/529,7/420,8/442,9/497,10/523,11/515;0/519,1/513,2/426,3/416,4/418,5/526;0/2339,1/2162,2/1917,3/2208,4/2270,5/2276,6/2229,7/1955,8/1888,9/2248,10/2311,11/2274
26579.98;449;5901;6;12;0/21425.51,1/21484.55,2/22349.98,3/22448.94,4/22429.65,5/21356.09;0/3149.98,1/4916.31,2/7369.98,3/4440.89,4/3828.86,5/3767.12,6/4233.77,7/7023.94,8/7659.98,9/4069.98,10/3420.53,11/3785.68;0/26579.98,1/26579.98,2/26579.98,3/26579.98,4/26579.98,5/26579.98;0/26579.98,1/26579.98,2/26579.98,3/26579.98,4/26579.98,5/26579.98,6/26579.98,7/26579.98,8/26579.98,9/26579.98,10/26579.98,11/26579.98;0/0,1/0,2/0,3/0,4/0,5/0;0/5,1/11,2/10,3/3,4/6,5/4,6/1,7/4,8/3,9/6,10/2,11/5;0/0,1/0,2/0,3/0,4/0,5/0;0/10,1/19,2/13,3/14,4/18,5/16,6/9,7/9,8/11,9/13,10/13,11/17;0/0,1/0,2/0,3/0,4/0,5/0;0/4,1/4,2/3,3/4,4/4,5/4,6/4,7/3,8/3,9/4,10/4,11/4;0/81,1/82,2/68,3/67,4/67,5/84;0/502,1/492,2/439,3/498,4/525,5/513,6/530,7/421,8/443,9/497,10/525,11/516;0/519,1/513,2/426,3/416,4/418,5/526;0/2343,1/2167,2/1921,3/2214,4/2276,5/2282,6/2235,7/1956,8/1892,9/2251,10/2316,11/2280
26639.96;449;5914;6;12;0/21485.5,1/21544.53,2/22409.97,3/22508.92,4/22489.63,5/21416.07;0/3189.96,1/4916.35,2/7405.79,3/4441.08,4/3828.96,5/3767.24,6/4234.11,7/7049.96,8/7660.24,9/4072.49,10/3420.74,11/3785.95;0/26639.96,1/26639.96,2/26639.96,3/26639.96,4/26639.96,5/26639.96;0/26639.96,1/26639.96,2/26639.96,3/26639.96,4/26639.96,5/26639.96,6/26639.96,7/26639.96,8/26639.96,9/26639.96,10/26639.96,11/26639.96;0/0,1/0,2/0,3/0,4/0,5/0;0/3,1/4,2/9,3/2,4/3,5/2,6/1,7/2,8/4,9/7,10/8,11/2;0/0,1/0,2/0,3/0,4/0,5/0;0/9,1/13,2/16,3/10,4/14,5/13,6/11,7/10,8/11,9/12,10/15,11/16;0/0,1/0,2/0,3/0,4/0,5/0;0/4,1/4,2/3,3/4,4/4,5/4,6/4,7/3,8/3,9/4,10/4,11/4;0/81,1/82,2/68,3/67,4/67,5/84;0/503,1/493,2/441,3/499,4/525,5/513,6/532,7/422,8/443,9/499,10/526,11/518;0/519,1/513,2/426,3/416,4/418,5/526;0/2345,1/2173,2/1924,3/2220,4/2282,5/2288,6/2241,7/1959,8/1898,9/2257,10/2322,11/2286
26700;449;5931;6;12;0/21545.53,1/21604.57,2/22470,3/22568.96,4/22549.67,5/21476.11;0/3208.23,1/4916.59,2/7405.99,3/4441.28,4/3829.29,5/3767.36,6/4234.42,7/7055.07,8/7666.04,9/4072.66,10/3420.87,11/3800;0/26700,1/26700,2/26700,3/26700,4/26700,5/26700;0/26700,1/26700,2/26700,3/26700,4/26700,5/26700,6/26700,7/26700,8/26700,9/26700,10/26700,11/26700;0/0,1/0,2/0,3/0,4/0,5/0;0/3,1/0,2/9,3/4,4/5,5/4,6/1,7/2,8/5,9/3,10/1,11/1;0/0,1/0,2/0,3/0,4/0,5/0;0/8,1/9,2/12,3/11,4/12,5/12,6/9,7/8,8/10,9/13,10/13,11/13;0/0,1/0,2/0,3/0,4/0,5/0;0/4,1/4,2/3,3/4,4/4,5/4,6/4,7/3,8/3,9/4,10/4,11/4;0/81,1/82,2/68,3/67,4/67,5/84;0/506,1/495,2/442,3/500,4/526,5/514,6/532,7/424,8/445,9/502,10/527,11/518;0/519,1/513,2/426,3/416,4/418,5/526;0/2350,1/2179,2/1930,3/2226,4/2288,5/2294,6/2247,7/1965,8/1904,9/2263,10/2328,11/2290
26759.89;449;5945;6;12;0/21605.42,1/21664.46,2/22529.89,3/22628.85,4/22609.56,5/21536;0/3208.59,1/4922.18,2/7409.89,3/4441.68,4/3829.75,5/3767.51,6/4234.75,7/7055.66,8/7679.89,9/4073.13,10/3421.03,11/3810.16;0/26759.89,1/26759.89,2/26759.89,3/26759.89,4/26759.89,5/26759.89;0/26759.89,1/26759.89,2/26759.89,3/26759.89,4/26759.89,5/26759.89,6/26759.89,7/26759.89,8/26759.89,9/26759.89,10/26759.89,11/26759.89;0/0,1/0,2/0,3/0,4/0,5/0;0/2,1/0,2/11,3/3,4/2,5/2,6/4,7/1,8/5,9/6,10/0,11/0;0/0,1/0,2/0,3/0,4/0,5/0;0/7,1/13,2/13,3/9,4/10,5/8,6/11,7/6,8/9,9/15,10/13,11/9;0/0,1/0,2/0,3/0,4/0,5/0;0/4,1/4,2/3,3/4,4/4,5/4,6/4,7/3,8/3,9/4,10/4,11/4;0/81,1/82,2/68,3/67,4/67,5/84;0/506,1/497,2/443,3/502,4/528,5/515,6/533,7/425,8/445,9/502,10/529,11/520;0/519,1/513,2/426,3/416,4/418,5/526;0/2356,1/2184,2/1935,3/2232,4/2294,5/2300,6/2253,7/1971,8/1908,9/2269,10/2334,11/2295
26819.98;449;5961;6;12;0/21665.52,1/21724.55,2/22589.99,3/22688.94,4/22669.65,5/21596.09;0/3214.69,1/4922.56,2/7459.98,3/4442.33,4/3830.01,5/3767.91,6/4235.01,7/7056.22,8/7729.98,9/4073.32,10/3421.52,11/3810.59;0/26819.98,1/26819.98,2/26819.98,3/26819.98,4/26819.98,5/26819.98;0/26819.98,1/26819.98,2/26819.98,3/26819.98,4/26819.98,5/26819.98,6/26819.98,7/26819.98,8/26819.98,9/26819.98,10/26819.98,11/26819.98;0/0,1/0,2/0,3/0,4/0,5/0;0/6,1/2,2/11,3/4,4/0,5/5,6/3,7/1,8/3,9/6,10/4,11/0;0/0,1/0,2/0,3/0,4/0,5/0;0/10,1/14,2/17,3/14,4/9,5/11,6/10,7/7,8/10,9/15,10/15,11/7;0/0,1/0,2/0,3/0,4/0,5/0;0/4,1/4,2/3,3/4,4/4,5/4,6/4,7/3,8/3,9/4,10/4,11/4;0/81,1/82,2/68,3/67,4/67,5/84;0/509,1/497,2/444,3/504,4/529,5/517,6/535,7/426,8/446,9/504,10/530,11/520;0/519,1/513,2/426,3/416,4/418,5/526;0/2361,1/2190,2/1936,3/2238,4/2299,5/2306,6/2259,7/1977,8/1909,9/2275,10/2340,11/2301
26879.78;449;5975;6;12;0/21725.32,1/21784.36,2/22649.79,3/22748.75,4/22729.45,5/21655.89;0/3220.94,1/4922.86,2/7510.98,3/4453.7,4/3830.51,5/3775.57,6/4251.66,7/7056.48,8/7739.78,9/4073.46,10/3422.23,11/3810.98;0/26879.78,1/26879.78,2/26879.78,3/26879.78,4/26879.78,5/26879.78;0/26879.78,1/26879.78,2/26879.78,3/26879.78,4/26879.78,5/26879.78,6/26879.78,7/26879.78,8/26879.78,9/26879.78,10/26879.78,11/26879.78;0/0,1/0,2/0,3/0,4/0,5/0;0/5,1/4,2/11,3/2,4/0,5/1,6/2,7/3,8/4,9/5,10/4,11/3;0/0,1/0,2/0,3/0,4/0,5/0;0/9,1/14,2/16,3/10,4/10,5/9,6/11,7/9,8/11,9/11,10/15,11/19;0/0,1/0,2/0,3/0,4/0,5/0;0/4,1/4,2/3,3/4,4/4,5/4,6/4,7/3,8/3,9/4,10/4,11/4;0/81,1/82,2/68,3/67,4/67,5/84;0/510,1/498,2/445,3/505,4/530,5/519,6/536,7/427,8/447,9/505,10/531,11/522;0/519,1/513,2/426,3/416,4/418,5/526;0/2366,1/2196,2/1937,3/2243,4/2305,5/2311,6/2263,7/1983,8/1914,9/2281,10/2346,11/2307
26939.97;449;5992;6;12;0/21785.51,1/21844.54,2/22709.98,3/22808.93,4/22789.64,5/21716.08;0/3221.11,1/4923.65,2/7511.11,3/4453.89,4/3832.67,5/3825.89,6/4259.97,7/7056.93,8/7769.44,9/4086.44,10/3427.8,11/3811.11;0/26939.97,1/26939.97,2/26939.97,3/26939.97,4/26939.97,5/26939.97;0/26939.97,1/26939.97,2/26939.97,3/26939.97,4/26939.97,5/26939.97,6/26939.97,7/26939.97,8/26939.97,9/26939.97,10/26939.97,11/26939.97;0/0,1/0,2/0,3/0,4/0,5/0;0/5,1/7,2/9,3/1,4/0,5/0,6/0,7/3,8/1,9/4,10/0,11/4;0/0,1/0,2/0,3/0,4/0,5/0;0/8,1/15,2/11,3/8,4/8,5/9,6/10,7/9,8/10,9/11,10/12,11/18;0/0,1/0,2/0,3/0,4/0,5/0;0/4,1/4,2/3,3/4,4/4,5/4,6/4,7/3,8/3,9/4,10/4,11/4;0/81,1/82,2/68,3/67,4/67,5/84;0/512,1/499,2/447,3/506,4/531,5/520,6/537,7/429,8/449,9/507,10/532,11/523;0/519,1/513,2/426,3/416,4/418,5/526;0/2372,1/2202,2/1943,3/2249,4/2311,5/2312,6/2268,7/1989,8/1918,9/2286,10/2352,11/2313
27000;449;6000;6;12;0/21845.53,1/21904.57,2/22770,3/22868.96,4/22849.67,5/21776.11;0/3280,1/4923.88,2/7570,3/4460.67,4/3833.05,5/3826.21,6/4300.81,7/7080,8/7769.66,9/4086.72,10/3433.05,11/3811.35;0/27000,1/27000,2/27000,3/27000,4/27000,5/27000;0/27000,1/27000,2/27000,3/27000,4/27000,5/27000,6/27000,7/27000,8/27000,9/27000,10/27000,11/27000;0/0,1/0,2/0,3/0,4/0,5/0;0/3,1/10,2/9,3/7,4/0,5/0,6/0,7/1,8/2,9/4,10/0,11/3;0/0,1/0,2/0,3/0,4/0,5/0;0/11,1/21,2/16,3/15,4/8,5/6,6/12,7/8,8/8,9/12,10/10,11/15;0/0,1/0,2/0,3/0,4/0,5/0;0/4,1/4,2/3,3/4,4/4,5/4,6/4,7/3,8/3,9/4,10/4,11/4;0/81,1/82,2/68,3/67,4/67,5/84;0/512,1/500,2/447,3/507,4/532,5/520,6/538,7/429,8/450,9/509,10/533,11/523;0/519,1/513,2/426,3/416,4/418,5/526;0/2372,1/2208,2/1943,3/2254,4/2317,5/2318,6/2270,7/1992,8/1924,9/2292,10/2357,11/2319
27059.98;449;6017;6;12;0/21905.52,1/21964.55,2/22829.99,3/22928.95,4/22909.65,5/21836.09;0/3312.16,1/4924.02,2/7590.72,3/4461.06,4/3835.01,5/3826.49,6/4301.11,7/7107.89,8/7769.98,9/4087.01,10/3433.64,11/3811.45;0/27059.98,1/27059.98,2/27059.98,3/27059.98,4/27059.98,5/27059.98;0/27059.98,1/27059.98,2/27059.98,3/27059.98,4/27059.98,5/27059.98,6/27059.98,7/27059.98,8/27059.98,9/27059.98,10/27059.98,11/27059.98;0/0,1/0,2/0,3/0,4/0,5/0;0/1,1/7,2/8,3/6,4/3,5/4,6/4,7/3,8/1,9/2,10/8,11/4;0/0,1/0,2/0,3/0,4/0,5/0;0/8,1/18,2/12,3/17,4/13,5/11,6/13,7/11,8/7,9/11,10/21,11/15;0/0,1/0,2/0,3/0,4/0,5/0;0/4,1/4,2/3,3/4,4/4,5/4,6/4,7/3,8/3,9/4,10/4,11/4;0/81,1/82,2/68,3/67,4/67,5/84;0/515,1/501,2/449,3/509,4/534,5/521,6/539,7/430,8/451,9/510,10/534,11/524;0/519,1/513,2/426,3/416,4/418,5/526;0/2375,1/2214,2/1947,3/2260,4/2323,5/2324,6/2276,7/1996,8/1930,9/2298,10/2363,11/2325
27119.82;449;6030;6;12;0/21965.36,1/22024.39,2/22889.83,3/22988.78,4/22969.49,5/21895.93;0/3313.42,1/4924.18,2/7604.18,3/4468.95,4/3835.24,5/3834.13,6/4301.36,7/7118.95,8/7770.61,9/4087.18,10/3433.79,11/3811.53;0/27119.82,1/27119.82,2/27119.82,3/27119.82,4/27119.82,5/27119.82;0/27119.82,1/27119.82,2/27119.82,3/27119.82,4/27119.82,5/27119.82,6/27119.82,7/27119.82,8/27119.82,9/27119.82,10/27119.82,11/27119.82;0/0,1/0,2/0,3/0,4/0,5/0;0/5,1/9,2/6,3/2,4/7,5/5,6/0,7/4,8/1,9/2,10/5,11/2;0/0,1/0,2/0,3/0,4/0,5/0;0/14,1/18,2/9,3/13,4/17,5/13,6/10,7/9,8/8,9/8,10/16,11/12;0/0,1/0,2/0,3/0,4/0,5/0;0/4,1/4,2/3,3/4,4/4,5/4,6/4,7/3,8/3,9/4,10/4,11/4;0/81,1/82,2/68,3/67,4/67,5/84;0/516,1/502,2/451,3/510,4/534,5/523,6/539,7/431,8/452,9/512,10/535,11/525;0/519,1/513,2/426,3/416,4/418,5/526;0/2381,1/2220,2/1952,3/2266,4/2329,5/2329,6/2282,7/2001,8/1935,9/2304,10/2369,11/2331
27179.93;449;6043;6;12;0/22025.46,1/22084.5,2/22949.93,3/23048.89,4/23029.6,5/21956.04;0/3313.88,1/4924.24,2/7610.48,3/4469.13,4/3835.54,5/3834.24,6/4301.84,7/7129.93,8/7771.17,9/4087.69,10/3434,11/3816.17;0/27179.93,1/27179.93,2/27179.93,3/27179.93,4/27179.93,5/27179.93;0/27179.93,1/27179.93,2/27179.93,3/27179.93,4/27179.93,5/27179.93,6/27179.93,7/27179.93,8/27179.93,9/27179.93,10/27179.93,11/27179.93;0/0,1/0,2/0,3/0,4/0,5/0;0/7,1/7,2/8,3/3,4/7,5/2,6/2,7/7,8/0,9/0,10/6,11/5;0/0,1/0,2/0,3/0,4/0,5/0;0/17,1/12,2/10,3/13,4/15,5/9,6/10,7/12,8/7,9/8,10/16,11/13;0/0,1/0,2/0,3/0,4/0,5/0;0/4,1/4,2/3,3/4,4/4,5/4,6/4,7/3,8/3,9/4,10/4,11/4;0/81,1/82,2/68,3/67,4/67,5/84;0/517,1/504,2/452,3/510,4/535,5/524,6/541,7/432,8/453,9/512,10/536,11/527;0/519,1/513,2/426,3/416,4/418,5/526;0/2387,1/2226,2/1957,3/2272,4/2335,5/2335,6/2288,7/2005,8/1941,9/2310,10/2375,11/2337
27239.79;449;6058;6;12;0/22085.32,1/22144.36,2/23009.8,3/23108.75,4/23089.46,5/22015.9;0/3314.06,1/4924.52,2/7659.01,3/4469.26,4/3835.77,5/3834.61,6/4302.01,7/7144.36,8/7772.1,9/4087.95,10/3434.32,11/3816.59;0/27239.79,1/27239.79,2/27239.79,3/27239.79,4/27239.79,5/27239.79;0/27239.79,1/27239.79,2/27239.79,3/27239.79,4/27239.79,5/27239.79,6/27239.79,7/27239.79,8/27239.79,9/27239.79,10/27239.79,11/27239.79;0/0,1/0,2/0,3/0,4/0,5/0;0/6,1/7,2/5,3/3,4/4,5/7,6/0,7/3,8/4,9/1,10/5,11/1;0/0,1/0,2/0,3/0,4/0,5/0;0/15,1/14,2/9,3/12,4/14,5/13,6/7,7/8,8/10,9/9,10/13,11/9;0/0,1/0,2/0,3/0,4/0,5/0;0/4,1/4,2/3,3/4,4/4,5/4,6/4,7/3,8/3,9/4,10/4,11/4;0/81,1/82,2/68,3/67,4/67,5/84;0/518,1/506,2/454,3/511,4/537,5/525,6/542,7/433,8/454,9/513,10/537,11/528;0/519,1/513,2/426,3/416,4/418,5/526;0/2393,1/2232,2/1959,3/2278,4/2341,5/2341,6/2294,7/2010,8/1947,9/2316,10/2381,11/2343
27299.87;449;6072;6;12;0/22145.4,1/22204.44,2/23069.88,3/23168.83,4/23149.54,5/22075.98;0/3314.15,1/4969.87,2/7670.85,3/4469.35,4/3835.84,5/3869.87,6/4319.48,7/7144.74,8/7772.35,9/4091.93,10/3434.44,11/3816.77;0/27299.87,1/27299.87,2/27299.87,3/27299.87,4/27299.87,5/27299.87;0/27299.87,1/27299.87,2/27299.87,3/27299.87,4/27299.87,5/27299.87,6/27299.87,7/27299.87,8/27299.87,9/27299.87,10/27299.87,11/27299.87;0/0,1/0,2/0,3/0,4/0,5/0;0/5,1/4,2/8,3/2,4/1,5/4,6/0,7/7,8/9,9/1,10/6,11/1;0/0,1/0,2/0,3/0,4/0,5/0;0/9,1/13,2/13,3/6,4/10,5/14,6/9,7/15,8/15,9/13,10/12,11/7;0/0,1/0,2/0,3/0,4/0,5/0;0/4,1/4,2/3,3/4,4/4,5/4,6/4,7/3,8/3,9/4,10/4,11/4;0/81,1/82,2/68,3/67,4/67,5/84;0/519,1/506,2/455,3/513,4/538,5/526,6/543,7/435,8/455,9/515,10/538,11/529;0/519,1/513,2/426,3/416,4/418,5/526;0/2399,1/2233,2/1963,3/2284,4/2347,5/2343,6/2299,7/2016,8/1953,9/2321,10/2387,11/2349
27359.75;449;6089;6;12;0/22205.28,1/22264.32,2/23129.76,3/23228.71,4/23209.42,5/22135.86;0/3340.44,1/4991.75,2/7679.75,3/4469.51,4/3837.6,5/3874.05,6/4319.71,7/7148.44,8/7772.6,9/4092.16,10/3434.79,11/3817.19;0/27359.75,1/27359.75,2/27359.75,3/27359.75,4/27359.75,5/27359.75;0/27359.75,1/27359.75,2/27359.75,3/27359.75,4/27359.75,5/27359.75,6/27359.75,7/27359.75,8/27359.75,9/27359.75,10/27359.75,11/27359.75;0/0,1/0,2/0,3/0,4/0,5/0;0/3,1/6,2/8,3/7,4/8,5/4,6/1,7/5,8/9,9/0,10/4,11/7;0/0,1/0,2/0,3/0,4/0,5/0;0/8,1/15,2/16,3/9,4/13,5/11,6/12,7/12,8/15,9/12,10/11,11/10;0/0,1/0,2/0,3/0,4/0,5/0;0/4,1/4,2/3,3/4,4/4,5/4,6/4,7/3,8/3,9/4,10/4,11/4;0/81,1/82,2/68,3/67,4/67,5/84;0/521,1/508,2/456,3/514,4/540,5/528,6/543,7/436,8/456,9/516,10/540,11/531;0/519,1/513,2/426,3/416,4/418,5/526;0/2402,1/2237,2/1968,3/2290,4/2353,5/2349,6/2305,7/2022,8/1959,9/2327,10/2393,11/2355
27419.96;449;6101;6;12;0/22265.49,1/22324.53,2/23189.96,3/23288.92,4/23269.63,5/22196.07;0/3345.61,1/4991.95,2/7680.33,3/4509.96,4/3849.96,5/3874.28,6/4319.96,7/7149.96,8/7777.95,9/4092.41,10/3454.28,11/3848.89;0/27419.96,1/27419.96,2/27419.96,3/27419.96,4/27419.96,5/27419.96;0/27419.96,1/27419.96,2/27419.96,3/27419.96,4/27419.96,5/27419.96,6/27419.96,7/27419.96,8/27419.96,9/27419.96,10/27419.96,11/27419.96;0/0,1/0,2/0,3/0,4/0,5/0;0/4,1/5,2/7,3/4,4/3,5/3,6/4,7/4,8/6,9/0,10/3,11/3;0/0,1/0,2/0,3/0,4/0,5/0;0/10,1/13,2/12,3/15,4/19,5/11,6/13,7/7,8/9,9/8,10/13,11/14;0/0,1/0,2/0,3/0,4/0,5/0;0/4,1/4,2/3,3/4,4/4,5/4,6/4,7/3,8/3,9/4,10/4,11/4;0/81,1/82,2/68,3/67,4/67,5/84;0/522,1/510,2/457,3/515,4/541,5/529,6/544,7/437,8/457,9/516,10/541,11/532;0/519,1/513,2/426,3/416,4/418,5/526;0/2408,1/2243,2/1974,3/2291,4/2357,5/2355,6/2311,7/2027,8/1965,9/2333,10/2397,11/2358
27479.97;449;6119;6;12;0/22325.51,1/22384.55,2/23249.98,3/23348.94,4/23329.64,5/22256.08;0/3358.11,1/4992.08,2/7706.4,3/4538.27,4/3866.33,5/3874.58,6/4320.48,7/7199.97,8/7809.97,9/4092.95,10/3454.53,11/3870.52;0/27479.97,1/27479.97,2/27479.97,3/27479.97,4/27479.97,5/27479.97;0/27479.97,1/27479.97,2/27479.97,3/27479.97,4/27479.97,5/27479.97,6/27479.97,7/27479.97,8/27479.97,9/27479.97,10/27479.97,11/27479.97;0/0,1/0,2/0,3/0,4/0,5/0;0/8,1/1,2/4,3/4,4/2,5/9,6/2,7/3,8/5,9/0,10/3,11/1;0/0,1/0,2/0,3/0,4/0,5/0;0/15,1/9,2/8,3/11,4/14,5/19,6/11,7/8,8/9,9/10,10/12,11/12;0/0,1/0,2/0,3/0,4/0,5/0;0/4,1/4,2/3,3/4,4/4,5/4,6/4,7/3,8/3,9/4,10/4,11/4;0/81,1/82,2/68,3/67,4/67,5/84;0/525,1/511,2/459,3/517,4/542,5/531,6/546,7/438,8/458,9/517,10/542,11/533;0/519,1/513,2/426,3/416,4/418,5/526;0/2413,1/2249,2/1978,3/2295,4/2362,5/2361,6/2316,7/2028,8/1967,9/2339,10/2403,11/2361
27539.96;449;6134;6;12;0/22385.49,1/22444.53,2/23309.96,3/23408.92,4/23389.63,5/22316.07;0/3376.91,1/4995.16,2/7729.96,3/4538.33,4/3866.38,5/3888.15,6/4320.83,7/7213.2,8/7827.58,9/4093.2,10/3461.87,11/3870.87;0/27539.96,1/27539.96,2/27539.96,3/27539.96,4/27539.96,5/27539.96;0/27539.96,1/27539.96,2/27539.96,3/27539.96,4/27539.96,5/27539.96,6/27539.96,7/27539.96,8/27539.96,9/27539.96,10/27539.96,11/27539.96;0/0,1/0,2/0,3/0,4/0,5/0;0/4,1/0,2/2,3/3,4/3,5/7,6/6,7/2,8/4,9/2,10/2,11/2;0/0,1/0,2/0,3/0,4/0,5/0;0/17,1/8,2/9,3/5,4/12,5/18,6/12,7/5,8/10,9/10,10/13,11/8;0/0,1/0,2/0,3/0,4/0,5/0;0/4,1/4,2/3,3/4,4/4,5/4,6/4,7/3,8/3,9/4,10/4,11/4;0/81,1/82,2/68,3/67,4/67,5/84;0/526,1/513,2/460,3/518,4/543,5/532,6/547,7/440,8/459,9/518,10/544,11/534;0/519,1/513,2/426,3/416,4/418,5/526;0/2417,1/2255,2/1981,3/2301,4/2368,5/2366,6/2322,7/2033,8/1972,9/2345,10/2408,11/2367
27599.81;449;6147;6;12;0/22445.34,1/22504.38,2/23369.81,3/23468.77,4/23449.48,5/22375.92;0/3377.27,1/4995.42,2/7774.17,3/4549.81,4/3866.76,5/3888.25,6/4339.81,7/7269.81,8/7829.81,9/4093.31,10/3462.03,11/3873.8;0/27599.81,1/27599.81,2/27599.81,3/27599.81,4/27599.81,5/27599.81;0/27599.81,1/27599.81,2/27599.81,3/27599.81,4/27599.81,5/27599.81,6/27599.81,7/27599.81,8/27599.81,9/27599.81,10/27599.81,11/27599.81;0/0,1/0,2/0,3/0,4/0,5/0;0/2,1/4,2/3,3/6,4/4,5/7,6/3,7/2,8/3,9/2,10/0,11/5;0/0,1/0,2/0,3/0,4/0,5/0;0/15,1/16,2/12,3/9,4/14,5/16,6/12,7/8,8/9,9/8,10/12,11/12;0/0,1/0,2/0,3/0,4/0,5/0;0/4,1/4,2/3,3/4,4/4,5/4,6/4,7/3,8/3,9/4,10/4,11/4;0/81,1/82,2/68,3/67,4/67,5/84;0/527,1/515,2/461,3/520,4/544,5/534,6/547,7/440,8/460,9/519,10/544,11/536;0/519,1/513,2/426,3/416,4/418,5/526;0/2423,1/2261,2/1983,3/2305,4/2374,5/2372,6/2326,7/2033,8/1977,9/2351,10/2414,11/2373
27659.9;449;6161;6;12;0/22505.43,1/22564.47,2/23429.9,3/23528.86,4/23509.57,5/22436.01;0/3377.4,1/4995.48,2/7774.51,3/4609.9,4/3866.85,5/3888.4,6/4348.49,7/7282.63,8/7843.18,9/4118.49,10/3462.38,11/3873.97;0/27659.9,1/27659.9,2/27659.9,3/27659.9,4/27659.9,5/27659.9;0/27659.9,1/27659.9,2/27659.9,3/27659.9,4/27659.9,5/27659.9,6/27659.9,7/27659.9,8/27659.9,9/27659.9,10/27659.9,11/27659.9;0/0,1/0,2/0,3/0,4/0,5/0;0/1,1/4,2/5,3/2,4/3,5/6,6/3,7/1,8/3,9/1,10/0,11/5;0/0,1/0,2/0,3/0,4/0,5/0;0/11,1/15,2/11,3/9,4/8,5/15,6/6,7/6,8/7,9/9,10/13,11/11;0/0,1/0,2/0,3/0,4/0,5/0;0/4,1/4,2/3,3/4,4/4,5/4,6/4,7/3,8/3,9/4,10/4,11/4;0/81,1/82,2/68,3/67,4/67,5/84;0/528,1/515,2/462,3/520,4/546,5/535,6/549,7/442,8/462,9/520,10/545,11/537;0/519,1/513,2/426,3/416,4/418,5/526;0/2429,1/2267,2/1989,3/2305,4/2380,5/2378,6/2332,7/2038,8/1982,9/2355,10/2420,11/2379
27719.98;449;6177;6;12;0/22565.52,1/22624.55,2/23489.99,3/23588.95,4/23569.65,5/22496.09;0/3377.51,1/4995.7,2/7774.94,3/4632.81,4/3867.23,5/3888.65,6/4348.74,7/7283.19,8/7874.55,9/4118.65,10/3462.51,11/3879.94;0/27719.98,1/27719.98,2/27719.98,3/27719.98,4/27719.98,5/27719.98;0/27719.98,1/27719.98,2/27719.98,3/27719.98,4/27719.98,5/27719.98,6/27719.98,7/27719.98,8/27719.98,9/27719.98,10/27719.98,11/27719.98;0/0,1/0,2/0,3/0,4/0,5/0;0/2,1/5,2/3,3/5,4/1,5/6,6/6,7/3,8/0,9/2,10/3,11/5;0/0,1/0,2/0,3/0,4/0,5/0;0/8,1/15,2/9,3/11,4/8,5/13,6/11,7/9,8/8,9/10,10/14,11/15;0/0,1/0,2/0,3/0,4/0,5/0;0/4,1/4,2/3,3/4,4/4,5/4,6/4,7/3,8/3,9/4,10/4,11/4;0/81,1/82,2/68,3/67,4/67,5/84;0/528,1/516,2/463,3/523,4/547,5/537,6/551,7/444,8/463,9/521,10/546,11/538;0/519,1/513,2/426,3/416,4/418,5/526;0/2435,1/2273,2/1995,3/2309,4/2386,5/2384,6/2338,7/2044,8/1985,9/2361,10/2426,11/2385
27780;449;6193;6;12;0/22625.53,1/22684.57,2/23550.01,3/23648.96,4/23629.67,5/22556.11;0/3377.85,1/4996.07,2/7775.54,3/4636.45,4/3867.74,5/3895.81,6/4360,7/7290,8/7875.45,9/4118.87,10/3462.87,11/3889.91;0/27780,1/27780,2/27780,3/27780,4/27780,5/27780;0/27780,1/27780,2/27780,3/27780,4/27780,5/27780,6/27780,7/27780,8/27780,9/27780,10/27780,11/27780;0/0,1/0,2/0,3/0,4/0,5/0;0/2,1/2,2/4,3/5,4/1,5/4,6/0,7/1,8/0,9/5,10/2,11/3;0/0,1/0,2/0,3/0,4/0,5/0;0/6,1/14,2/12,3/9,4/6,5/8,6/9,7/12,8/9,9/12,10/14,11/10;0/0,1/0,2/0,3/0,4/0,5/0;0/4,1/4,2/3,3/4,4/4,5/4,6/4,7/3,8/3,9/4,10/4,11/4;0/81,1/82,2/68,3/67,4/67,5/84;0/531,1/518,2/464,3/525,4/549,5/538,6/552,7/444,8/464,9/523,10/546,11/539;0/519,1/513,2/426,3/416,4/418,5/526;0/2441,1/2279,2/2001,3/2315,4/2392,5/2389,6/2342,7/2049,8/1991,9/2367,10/2432,11/2390
27839.9;449;6208;6;12;0/22685.43,1/22744.47,2/23609.9,3/23708.86,4/23689.57,5/22616.01;0/3409.9,1/4996.25,2/7790.95,3/4659.9,4/3879.9,5/3938.52,6/4375.01,7/7329.37,8/7875.65,9/4126.58,10/3463.44,11/3890;0/27839.9,1/27839.9,2/27839.9,3/27839.9,4/27839.9,5/27839.9;0/27839.9,1/27839.9,2/27839.9,3/27839.9,4/27839.9,5/27839.9,6/27839.9,7/27839.9,8/27839.9,9/27839.9,10/27839.9,11/27839.9;0/0,1/0,2/0,3/0,4/0,5/0;0/4,1/1,2/4,3/9,4/1,5/1,6/0,7/1,8/0,9/5,10/5,11/3;0/0,1/0,2/0,3/0,4/0,5/0;0/13,1/13,2/15,3/17,4/9,5/8,6/9,7/12,8/7,9/15,10/16,11/8;0/0,1/0,2/0,3/0,4/0,5/0;0/4,1/4,2/3,3/4,4/4,5/4,6/4,7/3,8/3,9/4,10/4,11/4;0/81,1/82,2/68,3/67,4/67,5/84;0/531,1/519,2/465,3/526,4/550,5/539,6/554,7/445,8/465,9/525,10/548,11/541;0/519,1/513,2/426,3/416,4/418,5/526;0/2443,1/2285,2/2005,3/2318,4/2396,5/2391,6/2347,7/2052,8/1997,9/2372,10/2438,11/2395
27899.95;449;6221;6;12;0/22745.48,1/22804.52,2/23669.95,3/23768.91,4/23749.62,5/22676.06;0/3428.09,1/4996.58,2/7791.08,3/4687.23,4/3910.98,5/3952.74,6/4375.75,7/7335.75,8/7895.32,9/4127.66,10/3463.67,11/3905.12;0/27899.95,1/27899.95,2/27899.95,3/27899.95,4/27899.95,5/27899.95;0/27899.95,1/27899.95,2/27899.95,3/27899.95,4/27899.95,5/27899.95,6/27899.95,7/27899.95,8/27899.95,9/27899.95,10/27899.95,11/27899.95;0/0,1/0,2/0,3/0,4/0,5/0;0/4,1/1,2/4,3/9,4/0,5/1,6/0,7/2,8/0,9/1,10/1,11/6;0/0,1/0,2/0,3/0,4/0,5/0;0/8,1/8,2/12,3/15,4/9,5/10,6/7,7/10,8/6,9/12,10/14,11/9;0/0,1/0,2/0,3/0,4/0,5/0;0/4,1/4,2/3,3/4,4/4,5/4,6/4,7/3,8/3,9/4,10/4,11/4;0/81,1/82,2/68,3/67,4/67,5/84;0/532,1/520,2/466,3/528,4/551,5/540,6/555,7/446,8/466,9/526,10/549,11/542;0/519,1/513,2/426,3/416,4/418,5/526;0/2448,1/2291,2/2011,3/2322,4/2399,5/2395,6/2353,7/2057,8/2001,9/2378,10/2444,11/2400
27959.99;449;6232;6;12;0/22805.53,1/22864.57,2/23730,3/23828.96,4/23809.66,5/22736.1;0/3428.7,1/4996.81,2/7819.99,3/4687.79,4/3911.42,5/3953.08,6/4376.24,7/7335.92,8/7895.92,9/4127.79,10/3463.89,11/3939.99;0/27959.99,1/27959.99,2/27959.99,3/27959.99,4/27959.99,5/27959.99;0/27959.99,1/27959.99,2/27959.99,3/27959.99,4/27959.99,5/27959.99,6/27959.99,7/27959.99,8/27959.99,9/27959.99,10/27959.99,11/27959.99;0/0,1/0,2/0,3/0,4/0,5/0;0/5,1/4,2/3,3/7,4/4,5/3,6/6,7/0,8/2,9/1,10/1,11/3;0/0,1/0,2/0,3/0,4/0,5/0;0/10,1/11,2/11,3/13,4/13,5/12,6/12,7/9,8/8,9/11,10/13,11/10;0/0,1/0,2/0,3/0,4/0,5/0;0/4,1/4,2/3,3/4,4/4,5/4,6/4,7/3,8/3,9/4,10/4,11/4;0/81,1/82,2/68,3/67,4/67,5/84;0/534,1/521,2/466,3/530,4/552,5/541,6/555,7/446,8/467,9/527,10/550,11/543;0/519,1/513,2/426,3/416,4/418,5/526;0/2454,1/2297,2/2014,3/2328,4/2405,5/2401,6/2359,7/2063,8/2007,9/2384,10/2450,11/2402
28020;449;6248;6;12;0/22865.53,1/22924.57,2/23790,3/23888.96,4/23869.67,5/22796.1;0/3466.82,1/4996.95,2/7825.57,3/4702.37,4/3911.91,5/3953.53,6/4401.44,7/7336.24,8/7896.39,9/4128.27,10/3464.15,11/3965.66;0/28020,1/28020,2/28020,3/28020,4/28020,5/28020;0/28020,1/28020,2/28020,3/28020,4/28020,5/28020,6/28020,7/28020,8/28020,9/28020,10/28020,11/28020;0/0,1/0,2/0,3/0,4/0,5/0;0/3,1/3,2/4,3/6,4/2,5/1,6/0,7/8,8/3,9/1,10/0,11/3;0/0,1/0,2/0,3/0,4/0,5/0;0/9,1/13,2/12,3/10,4/13,5/10,6/12,7/15,8/11,9/10,10/13,11/6;0/0,1/0,2/0,3/0,4/0,5/0;0/4,1/4,2/3,3/4,4/4,5/4,6/4,7/3,8/3,9/4,10/4,11/4;0/81,1/82,2/68,3/67,4/67,5/84;0/536,1/522,2/467,3/531,4/554,5/542,6/556,7/448,8/468,9/528,10/551,11/545;0/519,1/513,2/426,3/416,4/418,5/526;0/2456,1/2303,2/2020,3/2332,4/2411,5/2407,6/2362,7/2069,8/2013,9/2390,10/2456,11/2406
28079.93;449;6262;6;12;0/22925.46,1/22984.5,2/23849.93,3/23948.89,4/23929.6,5/22856.04;0/3479.93,1/4997.48,2/7825.71,3/4739.93,4/3928.38,5/3954,6/4402,7/7336.47,8/7896.52,9/4128.45,10/3464.3,11/3999.93;0/28079.93,1/28079.93,2/28079.93,3/28079.93,4/28079.93,5/28079.93;0/28079.93,1/28079.93,2/28079.93,3/28079.93,4/28079.93,5/28079.93,6/28079.93,7/28079.93,8/28079.93,9/28079.93,10/28079.93,11/28079.93;0/0,1/0,2/0,3/0,4/0,5/0;0/3,1/3,2/3,3/3,4/1,5/0,6/4,7/2,8/6,9/2,10/1,11/2;0/0,1/0,2/0,3/0,4/0,5/0;0/10,1/11,2/7,3/11,4/11,5/10,6/17,7/13,8/12,9/9,10/10,11/10;0/0,1/0,2/0,3/0,4/0,5/0;0/4,1/4,2/3,3/4,4/4,5/4,6/4,7/3,8/3,9/4,10/4,11/4;0/81,1/82,2/68,3/67,4/67,5/84;0/537,1/524,2/469,3/532,4/555,5/544,6/557,7/448,8/469,9/529,10/552,11/546;0/519,1/513,2/426,3/416,4/418,5/526;0/2460,1/2309,2/2026,3/2334,4/2416,5/2413,6/2368,7/2075,8/2019,9/2396,10/2462,11/2408
28139.79;449;6276;6;12;0/22985.32,1/23044.36,2/23909.79,3/24008.75,4/23989.46,5/22915.9;0/3517.3,1/5001.75,2/7826.07,3/4769.79,4/3928.83,5/3954.15,6/4402.08,7/7351.7,8/7896.7,9/4128.96,10/3464.71,11/4002.9;0/28139.79,1/28139.79,2/28139.79,3/28139.79,4/28139.79,5/28139.79;0/28139.79,1/28139.79,2/28139.79,3/28139.79,4/28139.79,5/28139.79,6/28139.79,7/28139.79,8/28139.79,9/28139.79,10/28139.79,11/28139.79;0/0,1/0,2/0,3/0,4/0,5/0;0/3,1/1,2/3,3/4,4/0,5/3,6/1,7/1,8/6,9/6,10/1,11/2;0/0,1/0,2/0,3/0,4/0,5/0;0/11,1/7,2/9,3/14,4/9,5/11,6/14,7/9,8/11,9/11,10/9,11/11;0/0,1/0,2/0,3/0,4/0,5/0;0/4,1/4,2/3,3/4,4/4,5/4,6/4,7/3,8/3,9/4,10/4,11/4;0/81,1/82,2/68,3/67,4/67,5/84;0/538,1/525,2/470,3/534,4/557,5/545,6/558,7/449,8/470,9/530,10/552,11/548;0/519,1/513,2/426,3/416,4/418,5/526;0/2463,1/2314,2/2032,3/2337,4/2422,5/2419,6/2374,7/2079,8/2025,9/2402,10/2468,11/2414
28199.95;449;6288;6;12;0/23045.48,1/23104.52,2/23969.95,3/24068.91,4/24049.62,5/22976.06;0/3517.45,1/5006.39,2/7836.9,3/4777.34,4/3929.28,5/3954.33,6/4402.33,7/7351.91,8/7929.02,9/4129.28,10/3464.91,11/4043.25;0/28199.95,1/28199.95,2/28199.95,3/28199.95,4/28199.95,5/28199.95;0/28199.95,1/28199.95,2/28199.95,3/28199.95,4/28199.95,5/28199.95,6/28199.95,7/28199.95,8/28199.95,9/28199.95,10/28199.95,11/28199.95;0/0,1/0,2/0,3/0,4/0,5/0;0/2,1/1,2/4,3/3,4/4,5/3,6/3,7/0,8/6,9/7,10/2,11/0;0/0,1/0,2/0,3/0,4/0,5/0;0/8,1/7,2/10,3/11,4/10,5/11,6/15,7/5,8/17,9/10,10/10,11/9;0/0,1/0,2/0,3/0,4/0,5/0;0/4,1/4,2/3,3/4,4/4,5/4,6/4,7/3,8/3,9/4,10/4,11/4;0/81,1/82,2/68,3/67,4/67,5/84;0/540,1/526,2/471,3/536,4/557,5/545,6/558,7/450,8/471,9/532,10/553,11/549;0/519,1/513,2/426,3/416,4/418,5/526;0/2469,1/2320,2/2037,3/2343,4/2428,5/2425,6/2380,7/2085,8/2028,9/2408,10/2474,11/2416
28259.96;449;6302;6;12;0/23105.49,1/23164.53,2/24029.96,3/24128.92,4/24109.63,5/23036.07;0/3518.04,1/5019.31,2/7839.96,3/4777.78,4/3929.71,5/3962.71,6/4404.01,7/7352.71,8/7929.18,9/4179.96,10/3465.18,11/4043.75;0/28259.96,1/28259.96,2/28259.96,3/28259.96,4/28259.96,5/28259.96;0/28259.96,1/28259.96,2/28259.96,3/28259.96,4/28259.96,5/28259.96,6/28259.96,7/28259.96,8/28259.96,9/28259.96,10/28259.96,11/28259.96;0/0,1/0,2/0,3/0,4/0,5/0;0/0,1/9,2/4,3/2,4/3,5/2,6/5,7/2,8/7,9/5,10/2,11/7;0/0,1/0,2/0,3/0,4/0,5/0;0/7,1/18,2/6,3/9,4/13,5/12,6/14,7/8,8/14,9/10,10/9,11/16;0/0,1/0,2/0,3/0,4/0,5/0;0/4,1/4,2/3,3/4,4/4,5/4,6/4,7/3,8/3,9/4,10/4,11/4;0/81,1/82,2/68,3/67,4/67,5/84;0/542,1/527,2/472,3/536,4/558,5/547,6/560,7/451,8/472,9/532,10/555,11/550;0/519,1/513,2/426,3/416,4/418,5/526;0/2475,1/2325,2/2042,3/2349,4/2434,5/2430,6/2386,7/2091,8/2034,9/2408,10/2480,11/2422
28319.95;449;6319;6;12;0/23165.49,1/23224.53,2/24089.96,3/24188.92,4/24169.62,5/23096.06;0/3518.31,1/5040.36,2/7879.95,3/4778.18,4/3946.45,5/3962.87,6/4404.13,7/7353.32,8/7929.32,9/4207.41,10/3465.5,11/4043.93;0/28319.95,1/28319.95,2/28319.95,3/28319.95,4/28319.95,5/28319.95;0/28319.95,1/28319.95,2/28319.95,3/28319.95,4/28319.95,5/28319.95,6/28319.95,7/28319.95,8/28319.95,9/28319.95,10/28319.95,11/28319.95;0/0,1/0,2/0,3/0,4/0,5/0;0/1,1/6,2/4,3/8,4/4,5/0,6/5,7/5,8/6,9/3,10/4,11/5;0/0,1/0,2/0,3/0,4/0,5/0;0/6,1/15,2/10,3/15,4/19,5/9,6/11,7/8,8/11,9/8,10/12,11/15;0/0,1/0,2/0,3/0,4/0,5/0;0/4,1/4,2/3,3/4,4/4,5/4,6/4,7/3,8/3,9/4,10/4,11/4;0/81,1/82,2/68,3/67,4/67,5/84;0/543,1/528,2/473,3/538,4/560,5/548,6/561,7/452,8/473,9/535,10/557,11/551;0/519,1/513,2/426,3/416,4/418,5/526;0/2481,1/2328,2/2044,3/2355,4/2438,5/2436,6/2392,7/2097,8/2040,9/2412,10/2486,11/2428
28379.95;449;6333;6;12;0/23225.48,1/23284.52,2/24149.95,3/24248.91,4/24229.62,5/23156.06;0/3518.62,1/5080.88,2/7901.22,3/4789.95,4/3946.74,5/3963.2,6/4409.95,7/7389.95,8/7935.85,9/4229.95,10/3465.85,11/4055.46;0/28379.95,1/28379.95,2/28379.95,3/28379.95,4/28379.95,5/28379.95;0/28379.95,1/28379.95,2/28379.95,3/28379.95,4/28379.95,5/28379.95,6/28379.95,7/28379.95,8/28379.95,9/28379.95,10/28379.95,11/28379.95;0/0,1/0,2/0,3/0,4/0,5/0;0/2,1/5,2/4,3/6,4/6,5/0,6/4,7/2,8/5,9/5,10/4,11/2;0/0,1/0,2/0,3/0,4/0,5/0;0/6,1/17,2/7,3/14,4/18,5/10,6/15,7/9,8/8,9/15,10/13,11/15;0/0,1/0,2/0,3/0,4/0,5/0;0/4,1/4,2/3,3/4,4/4,5/4,6/4,7/3,8/3,9/4,10/4,11/4;0/81,1/82,2/68,3/67,4/67,5/84;0/543,1/529,2/474,3/539,4/561,5/550,6/562,7/452,8/475,9/536,10/559,11/553;0/519,1/513,2/426,3/416,4/418,5/526;0/2487,1/2330,2/2048,3/2359,4/2444,5/2442,6/2397,7/2099,8/2045,9/2415,10/2492,11/2433
28440;449;6346;6;12;0/23285.53,1/23344.57,2/24210,3/24308.96,4/24289.67,5/23216.11;0/3530,1/5080.9,2/7901.42,3/4806.77,4/3946.95,5/3963.63,6/4437.77,7/7450,8/7960,9/4244.06,10/3466.28,11/4055.61;0/28440,1/28440,2/28440,3/28440,4/28440,5/28440;0/28440,1/28440,2/28440,3/28440,4/28440,5/28440,6/28440,7/28440,8/28440,9/28440,10/28440,11/28440;0/0,1/0,2/0,3/0,4/0,5/0;0/3,1/4,2/5,3/3,4/6,5/0,6/3,7/2,8/6,9/3,10/4,11/2;0/0,1/0,2/0,3/0,4/0,5/0;0/10,1/11,2/7,3/9,4/19,5/7,6/11,7/9,8/12,9/13,10/13,11/10;0/0,1/0,2/0,3/0,4/0,5/0;0/4,1/4,2/3,3/4,4/4,5/4,6/4,7/3,8/3,9/4,10/4,11/4;0/81,1/82,2/68,3/67,4/67,5/84;0/545,1/531,2/476,3/540,4/562,5/551,6/564,7/452,8/475,9/537,10/560,11/553;0/519,1/513,2/426,3/416,4/418,5/526;0/2491,1/2336,2/2054,3/2364,4/2450,5/2448,6/2401,7/2099,8/2048,9/2420,10/2498,11/2439
28499.96;449;6364;6;12;0/23345.49,1/23404.53,2/24269.97,3/24368.92,4/24349.63,5/23276.07;0/3559.72,1/5081.2,2/7949.96,3/4812.35,4/3947.05,5/3964.2,6/4438.1,7/7466.67,8/7993.96,9/4257.8,10/3466.45,11/4055.89;0/28499.96,1/28499.96,2/28499.96,3/28499.96,4/28499.96,5/28499.96;0/28499.96,1/28499.96,2/28499.96,3/28499.96,4/28499.96,5/28499.96,6/28499.96,7/28499.96,8/28499.96,9/28499.96,10/28499.96,11/28499.96;0/0,1/0,2/0,3/0,4/0,5/0;0/2,1/3,2/3,3/1,4/5,5/0,6/5,7/8,8/6,9/1,10/1,11/1;0/0,1/0,2/0,3/0,4/0,5/0;0/9,1/9,2/6,3/8,4/13,5/6,6/12,7/11,8/15,9/10,10/10,11/10;0/0,1/0,2/0,3/0,4/0,5/0;0/4,1/4,2/3,3/4,4/4,5/4,6/4,7/3,8/3,9/4,10/4,11/4;0/81,1/82,2/68,3/67,4/67,5/84;0/546,1/532,2/476,3/542,4/564,5/552,6/565,7/455,8/477,9/539,10/561,11/555;0/519,1/513,2/426,3/416,4/418,5/526;0/2495,1/2342,2/2055,3/2369,4/2456,5/2454,6/2407,7/2104,8/2051,9/2425,10/2504,11/2445
28559.96;449;6378;6;12;0/23405.5,1/23464.53,2/24329.97,3/24428.93,4/24409.63,5/23336.07;0/3560.04,1/5081.44,2/7974.13,3/4812.82,4/3947.22,5/3964.96,6/4438.33,7/7498.62,8/7994.13,9/4258.25,10/3466.66,11/4056.23;0/28559.96,1/28559.96,2/28559.96,3/28559.96,4/28559.96,5/28559.96;0/28559.96,1/28559.96,2/28559.96,3/28559.96,4/28559.96,5/28559.96,6/28559.96,7/28559.96,8/28559.96,9/28559.96,10/28559.96,11/28559.96;0/0,1/0,2/0,3/0,4/0,5/0;0/3,1/5,2/2,3/1,4/5,5/1,6/3,7/3,8/9,9/2,10/3,11/0;0/0,1/0,2/0,3/0,4/0,5/0;0/10,1/13,2/6,3/9,4/15,5/10,6/11,7/11,8/12,9/10,10/13,11/6;0/0,1/0,2/0,3/0,4/0,5/0;0/4,1/4,2/3,3/4,4/4,5/4,6/4,7/3,8/3,9/4,10/4,11/4;0/81,1/82,2/68,3/67,4/67,5/84;0/548,1/533,2/478,3/543,4/564,5/553,6/566,7/456,8/478,9/540,10/563,11/556;0/519,1/513,2/426,3/416,4/418,5/526;0/2500,1/2348,2/2059,3/2375,4/2462,5/2460,6/2413,7/2107,8/2057,9/2431,10/2510,11/2451
28619.99;449;6391;6;12;0/23465.53,1/23524.56,2/24390,3/24488.95,4/24469.66,5/23396.1;0/3561.78,1/5081.59,2/7974.59,3/4813.08,4/3949.34,5/3978.68,6/4448.82,7/7499.99,8/8039.99,9/4258.46,10/3466.99,11/4087.78;0/28619.99,1/28619.99,2/28619.99,3/28619.99,4/28619.99,5/28619.99;0/28619.99,1/28619.99,2/28619.99,3/28619.99,4/28619.99,5/28619.99,6/28619.99,7/28619.99,8/28619.99,9/28619.99,10/28619.99,11/28619.99;0/0,1/0,2/0,3/0,4/0,5/0;0/2,1/2,2/5,3/0,4/5,5/7,6/2,7/3,8/1,9/5,10/4,11/0;0/0,1/0,2/0,3/0,4/0,5/0;0/8,1/9,2/10,3/6,4/11,5/16,6/9,7/8,8/12,9/13,10/12,11/10;0/0,1/0,2/0,3/0,4/0,5/0;0/4,1/4,2/3,3/4,4/4,5/4,6/4,7/3,8/3,9/4,10/4,11/4;0/81,1/82,2/68,3/67,4/67,5/84;0/550,1/534,2/479,3/543,4/566,5/554,6/568,7/456,8/478,9/541,10/564,11/558;0/519,1/513,2/426,3/416,4/418,5/526;0/2506,1/2354,2/2065,3/2381,4/2468,5/2465,6/2418,7/2112,8/2058,9/2437,10/2516,11/2454
28679.97;449;6407;6;12;0/23525.5,1/23584.54,2/24449.97,3/24548.93,4/24529.64,5/23456.08;0/3562.03,1/5105.7,2/7980.7,3/4819.97,4/3949.84,5/3978.95,6/4449.04,7/7539.61,8/8048.86,9/4259.97,10/3467.29,11/4088.14;0/28679.97,1/28679.97,2/28679.97,3/28679.97,4/28679.97,5/28679.97;0/28679.97,1/28679.97,2/28679.97,3/28679.97,4/28679.97,5/28679.97,6/28679.97,7/28679.97,8/28679.97,9/28679.97,10/28679.97,11/28679.97;0/0,1/0,2/0,3/0,4/0,5/0;0/8,1/3,2/3,3/1,4/4,5/5,6/3,7/2,8/2,9/6,10/5,11/1;0/0,1/0,2/0,3/0,4/0,5/0;0/16,1/12,2/6,3/10,4/11,5/17,6/9,7/8,8/9,9/13,10/13,11/9;0/0,1/0,2/0,3/0,4/0,5/0;0/4,1/4,2/3,3/4,4/4,5/4,6/4,7/3,8/3,9/4,10/4,11/4;0/81,1/82,2/68,3/67,4/67,5/84;0/552,1/537,2/480,3/545,4/567,5/555,6/569,7/458,8/479,9/542,10/565,11/558;0/519,1/513,2/426,3/416,4/418,5/526;0/2512,1/2358,2/2070,3/2386,4/2474,5/2471,6/2424,7/2115,8/2064,9/2442,10/2522,11/2460
28739.84;449;6425;6;12;0/23585.37,1/23644.41,2/24509.84,3/24608.8,4/24589.51,5/23515.94;0/3574.08,1/5107.04,2/8019.84,3/4825.21,4/3965.59,5/3979.22,6/4467.46,7/7539.79,8/8049.13,9/4262.04,10/3467.46,11/4088.35;0/28739.84,1/28739.84,2/28739.84,3/28739.84,4/28739.84,5/28739.84;0/28739.84,1/28739.84,2/28739.84,3/28739.84,4/28739.84,5/28739.84,6/28739.84,7/28739.84,8/28739.84,9/28739.84,10/28739.84,11/28739.84;0/0,1/0,2/0,3/0,4/0,5/0;0/0,1/4,2/3,3/2,4/0,5/10,6/3,7/2,8/6,9/6,10/3,11/3;0/0,1/0,2/0,3/0,4/0,5/0;0/12,1/18,2/11,3/11,4/15,5/20,6/8,7/8,8/11,9/13,10/10,11/11;0/0,1/0,2/0,3/0,4/0,5/0;0/4,1/4,2/3,3/4,4/4,5/4,6/4,7/3,8/3,9/4,10/4,11/4;0/81,1/82,2/68,3/67,4/67,5/84;0/553,1/538,2/481,3/547,4/569,5/557,6/570,7/459,8/481,9/544,10/566,11/560;0/519,1/513,2/426,3/416,4/418,5/526;0/2517,1/2364,2/2072,3/2392,4/2478,5/2477,6/2428,7/2121,8/2070,9/2448,10/2528,11/2466
28799.66;449;6436;6;12;0/23645.2,1/23704.23,2/24569.67,3/24668.62,4/24649.33,5/23575.77;0/3574.41,1/5107.33,2/8039.54,3/4825.54,4/3965.9,5/3979.34,6/4492.77,7/7540.23,8/8059.66,9/4284.41,10/3467.64,11/4089.66;0/28799.66,1/28799.66,2/28799.66,3/28799.66,4/28799.66,5/28799.66;0/28799.66,1/28799.66,2/28799.66,3/28799.66,4/28799.66,5/28799.66,6/28799.66,7/28799.66,8/28799.66,9/28799.66,10/28799.66,11/28799.66;0/0,1/0,2/0,3/0,4/0,5/0;0/1,1/4,2/5,3/5,4/1,5/7,6/1,7/5,8/1,9/2,10/3,11/2;0/0,1/0,2/0,3/0,4/0,5/0;0/12,1/15,2/10,3/13,4/16,5/18,6/11,7/11,8/12,9/11,10/8,11/13;0/0,1/0,2/0,3/0,4/0,5/0;0/4,1/4,2/3,3/4,4/4,5/4,6/4,7/3,8/3,9/4,10/4,11/4;0/81,1/82,2/68,3/67,4/67,5/84;0/554,1/539,2/482,3/548,4/570,5/557,6/572,7/460,8/481,9/545,10/567,11/561;0/519,1/513,2/426,3/416,4/418,5/526;0/2523,1/2370,2/2077,3/2398,4/2484,5/2483,6/2431,7/2126,8/2074,9/2452,10/2534,11/2471
