#FromID;FromX;FromY;FromIsStorage;FromIsIStation;FromIsOStation;FromIsElevator;ToID;ToX;ToY;ToIsStorage;ToIsIStation;ToIsOStation;ToIsElevator;Count;TravelTimeAvg;TravelTimeVar;TravelTimeMin;TravelTimeMax
12;81.50;11.50;False;False;True;False;543;56.50;9.50;True;False;False;False;2;35.2836111111192;1.03627018696016;34.5637950974879;36.0034271247505
12;81.50;11.50;False;False;True;False;546;59.50;9.50;True;False;False;False;1;23.5343578459524;0;23.5343578459524;23.5343578459524
12;81.50;11.50;False;False;True;False;551;64.50;9.50;True;False;False;False;1;31.8748990156639;0;31.8748990156639;31.8748990156639
12;81.50;11.50;False;False;True;False;554;67.50;9.50;True;False;False;False;1;17.6722222222243;0;17.6722222222243;17.6722222222243
12;81.50;11.50;False;False;True;False;559;72.50;9.50;True;False;False;False;1;13.6555555555559;0;13.6555555555559;13.6555555555559
12;81.50;11.50;False;False;True;False;585;34.50;10.50;True;False;False;False;1;38.8139826803044;0;38.8139826803044;38.8139826803044
12;81.50;11.50;False;False;True;False;597;46.50;10.50;True;False;False;False;1;27.9895382358636;0;27.9895382358636;27.9895382358636
12;81.50;11.50;False;False;True;False;603;52.50;10.50;True;False;False;False;1;24.5415728752623;0;24.5415728752623;24.5415728752623
12;81.50;11.50;False;False;True;False;605;54.50;10.50;True;False;False;False;2;23.2591666666713;0.612970524696075;22.705555555558;23.8127777777845
12;81.50;11.50;False;False;True;False;607;56.50;10.50;True;False;False;False;1;22.0957359454646;0;22.0957359454646;22.0957359454646
12;81.50;11.50;False;False;True;False;611;60.50;10.50;True;False;False;False;2;19.1794913401525;0.223643441203391;18.8450937914149;19.5138888888901
12;81.50;11.50;False;False;True;False;622;71.50;10.50;True;False;False;False;2;11.7209740204518;0.000682313124806567;11.7025035964609;11.7394444444427
12;81.50;11.50;False;False;True;False;726;47.50;12.50;True;False;False;False;1;6.95404050700927;0;6.95404050700927;6.95404050700927
12;81.50;11.50;False;False;True;False;729;50.50;12.50;True;False;False;False;1;25.5388888888883;0;25.5388888888883;25.5388888888883
12;81.50;11.50;False;False;True;False;730;51.50;12.50;True;False;False;False;1;24.7733333333326;0;24.7733333333326;24.7733333333326
12;81.50;11.50;False;False;True;False;734;55.50;12.50;True;False;False;False;2;22.6268037573291;0.312711524760716;22.2313852924335;23.0222222222246
12;81.50;11.50;False;False;True;False;741;62.50;12.50;True;False;False;False;1;27.1581385575819;0;27.1581385575819;27.1581385575819
12;81.50;11.50;False;False;True;False;744;65.50;12.50;True;False;False;False;1;16.0062049025169;0;16.0062049025169;16.0062049025169
12;81.50;11.50;False;False;True;False;745;66.50;12.50;True;False;False;False;2;14.761064215407;2.28518966915803E-05;14.7576839863696;14.7644444444445
12;81.50;11.50;False;False;True;False;748;69.50;12.50;True;False;False;False;1;17.2916666666661;0;17.2916666666661;17.2916666666661
12;81.50;11.50;False;False;True;False;749;70.50;12.50;True;False;False;False;1;13.0478715691897;0;13.0478715691897;13.0478715691897
12;81.50;11.50;False;False;True;False;751;72.50;12.50;True;False;False;False;2;10.9685642154071;0.0478489132672006;10.8138888888886;11.1232395419256
12;81.50;11.50;False;False;True;False;795;52.50;13.50;True;False;False;False;2;27.2783802290412;0.264898510615922;26.9144444444473;27.6423160136351
12;81.50;11.50;False;False;True;False;805;62.50;13.50;True;False;False;False;1;23.7472222222214;0;23.7472222222214;23.7472222222214
12;81.50;11.50;False;False;True;False;813;70.50;13.50;True;False;False;False;1;27.9256493469693;0;27.9256493469693;27.9256493469693
12;81.50;11.50;False;False;True;False;938;67.50;15.50;True;False;False;False;1;25.1239826803076;0;25.1239826803076;25.1239826803076
12;81.50;11.50;False;False;True;False;941;70.50;15.50;True;False;False;False;1;28.6136003217634;0;28.6136003217634;28.6136003217634
12;81.50;11.50;False;False;True;False;943;72.50;15.50;True;False;False;False;1;15.1874026121262;0;15.1874026121262;15.1874026121262
12;81.50;11.50;False;False;True;False;984;49.50;16.50;True;False;False;False;1;37.5227777777709;0;37.5227777777709;37.5227777777709
12;81.50;11.50;False;False;True;False;986;51.50;16.50;True;False;False;False;1;33.7527777777796;0;33.7527777777796;33.7527777777796
12;81.50;11.50;False;False;True;False;1004;69.50;16.50;True;False;False;False;1;21.2305555555508;0;21.2305555555508;21.2305555555508
12;81.50;11.50;False;False;True;False;1005;70.50;16.50;True;False;False;False;1;21.2762049025241;0;21.2762049025241;21.2762049025241
12;81.50;11.50;False;False;True;False;1007;72.50;16.50;True;False;False;False;1;15.638333333333;0;15.638333333333;15.638333333333
12;81.50;11.50;False;False;True;False;1118;55.50;18.50;True;False;False;False;1;30.929906208592;0;30.929906208592;30.929906208592
12;81.50;11.50;False;False;True;False;1123;60.50;18.50;True;False;False;False;1;27.6722222222243;0;27.6722222222243;27.6722222222243
12;81.50;11.50;False;False;True;False;1125;62.50;18.50;True;False;False;False;1;24.5399062085844;0;24.5399062085844;24.5399062085844
12;81.50;11.50;False;False;True;False;1128;65.50;18.50;True;False;False;False;1;23.8083333333348;0;23.8083333333348;23.8083333333348
12;81.50;11.50;False;False;True;False;1129;66.50;18.50;True;False;False;False;1;23.656471890944;0;23.656471890944;23.656471890944
12;81.50;11.50;False;False;True;False;1130;67.50;18.50;True;False;False;False;1;22.4718542495002;0;22.4718542495002;22.4718542495002
12;81.50;11.50;False;False;True;False;1135;72.50;18.50;True;False;False;False;2;17.2938419931859;0.00417629318945999;17.2481457505096;17.3395382358622
12;81.50;11.50;False;False;True;False;1192;65.50;19.50;True;False;False;False;1;30.4916666666668;0;30.4916666666668;30.4916666666668
12;81.50;11.50;False;False;True;False;1196;69.50;19.50;True;False;False;False;1;31.0957287525744;0;31.0957287525744;31.0957287525744
12;81.50;11.50;False;False;True;False;1198;71.50;19.50;True;False;False;False;1;32.9079581676965;0;32.9079581676965;32.9079581676965
12;81.50;11.50;False;False;True;False;1317;62.50;21.50;True;False;False;False;1;25.6318542494928;0;25.6318542494928;25.6318542494928
12;81.50;11.50;False;False;True;False;1376;57.50;22.50;True;False;False;False;1;33.8833333333205;0;33.8833333333205;33.8833333333205
12;81.50;11.50;False;False;True;False;1381;62.50;22.50;True;False;False;False;1;26.8472222222235;0;26.8472222222235;26.8472222222235
12;81.50;11.50;False;False;True;False;1383;64.50;22.50;True;False;False;False;1;34.6237013060613;0;34.6237013060613;34.6237013060613
12;81.50;11.50;False;False;True;False;1386;67.50;22.50;True;False;False;False;1;27.1944444444425;0;27.1944444444425;27.1944444444425
12;81.50;11.50;False;False;True;False;1499;52.50;24.50;True;False;False;False;1;36.3055555555559;0;36.3055555555559;36.3055555555559
12;81.50;11.50;False;False;True;False;1517;70.50;24.50;True;False;False;False;1;24.2297258186809;0;24.2297258186809;24.2297258186809
12;81.50;11.50;False;False;True;False;1573;62.50;25.50;True;False;False;False;1;32.7089826803058;0;32.7089826803058;32.7089826803058
12;81.50;11.50;False;False;True;False;1703;64.50;27.50;True;False;False;False;1;29.9117604580795;0;29.9117604580795;29.9117604580795
12;81.50;11.50;False;False;True;False;1768;65.50;28.50;True;False;False;False;1;32.1468398636598;0;32.1468398636598;32.1468398636598
12;81.50;11.50;False;False;True;False;1769;66.50;28.50;True;False;False;False;1;31.9805555555558;0;31.9805555555558;31.9805555555558
12;81.50;11.50;False;False;True;False;1887;56.50;30.50;True;False;False;False;1;40.0937950974785;0;40.0937950974785;40.0937950974785
12;81.50;11.50;False;False;True;False;1959;64.50;31.50;True;False;False;False;2;32.8070382358553;0.109668055553599;32.5728715691907;33.0412049025199
12;81.50;11.50;False;False;True;False;1960;65.50;31.50;True;False;False;False;1;36.5449134015062;0;36.5449134015062;36.5449134015062
12;81.50;11.50;False;False;True;False;2095;72.50;33.50;True;False;False;False;1;27.0444444444415;0;27.0444444444415;27.0444444444415
12;81.50;11.50;False;False;True;False;2151;64.50;34.50;True;False;False;False;2;36.4242063694652;0.00110986661777486;36.400649346969;36.4477633919614
12;81.50;11.50;False;False;True;False;2286;71.50;36.50;True;False;False;False;1;32.152777777781;0;32.152777777781;32.152777777781
12;81.50;11.50;False;False;True;False;2541;70.50;40.50;True;False;False;False;1;39.0056493469701;0;39.0056493469701;39.0056493469701
28;81.50;17.50;False;False;True;False;613;62.50;10.50;True;False;False;False;1;26.7873160136351;0;26.7873160136351;26.7873160136351
28;81.50;17.50;False;False;True;False;620;69.50;10.50;True;False;False;False;1;20.4815656823305;0;20.4815656823305;20.4815656823305
28;81.50;17.50;False;False;True;False;622;71.50;10.50;True;False;False;False;1;20.1750000000002;0;20.1750000000002;20.1750000000002
28;81.50;17.50;False;False;True;False;745;66.50;12.50;True;False;False;False;1;23.0645382358598;0;23.0645382358598;23.0645382358598
28;81.50;17.50;False;False;True;False;746;67.50;12.50;True;False;False;False;1;19.8533333333312;0;19.8533333333312;19.8533333333312
28;81.50;17.50;False;False;True;False;748;69.50;12.50;True;False;False;False;1;19.6104617641428;0;19.6104617641428;19.6104617641428
28;81.50;17.50;False;False;True;False;793;50.50;13.50;True;False;False;False;1;36.6522222222202;0;36.6522222222202;36.6522222222202
28;81.50;17.50;False;False;True;False;800;57.50;13.50;True;False;False;False;1;24.8145382358598;0;24.8145382358598;24.8145382358598
28;81.50;17.50;False;False;True;False;802;59.50;13.50;True;False;False;False;1;25.4905555555633;0;25.4905555555633;25.4905555555633
28;81.50;17.50;False;False;True;False;810;67.50;13.50;True;False;False;False;1;21.9629653605934;0;21.9629653605934;21.9629653605934
28;81.50;17.50;False;False;True;False;931;60.50;15.50;True;False;False;False;1;27.7697258186818;0;27.7697258186818;27.7697258186818
28;81.50;17.50;False;False;True;False;935;64.50;15.50;True;False;False;False;1;30.4694444444458;0;30.4694444444458;30.4694444444458
28;81.50;17.50;False;False;True;False;938;67.50;15.50;True;False;False;False;1;16.981760458079;0;16.981760458079;16.981760458079
28;81.50;17.50;False;False;True;False;940;69.50;15.50;True;False;False;False;1;16.9000000000015;0;16.9000000000015;16.9000000000015
28;81.50;17.50;False;False;True;False;942;71.50;15.50;True;False;False;False;1;21.7166666666753;0;21.7166666666753;21.7166666666753
28;81.50;17.50;False;False;True;False;943;72.50;15.50;True;False;False;False;1;14.6873160136349;0;14.6873160136349;14.6873160136349
28;81.50;17.50;False;False;True;False;979;44.50;16.50;True;False;False;False;1;30.1697330115976;0;30.1697330115976;30.1697330115976
28;81.50;17.50;False;False;True;False;984;49.50;16.50;True;False;False;False;1;30.1977777777765;0;30.1977777777765;30.1977777777765
28;81.50;17.50;False;False;True;False;985;50.50;16.50;True;False;False;False;1;26.3062986939349;0;26.3062986939349;26.3062986939349
28;81.50;17.50;False;False;True;False;987;52.50;16.50;True;False;False;False;1;24.6521284308119;0;24.6521284308119;24.6521284308119
28;81.50;17.50;False;False;True;False;990;55.50;16.50;True;False;False;False;2;22.730555555557;0.142222222223661;22.463888888889;22.997222222225
28;81.50;17.50;False;False;True;False;996;61.50;16.50;True;False;False;False;1;18.7172150293432;0;18.7172150293432;18.7172150293432
28;81.50;17.50;False;False;True;False;1000;65.50;16.50;True;False;False;False;1;31.9743506530344;0;31.9743506530344;31.9743506530344
28;81.50;17.50;False;False;True;False;1001;66.50;16.50;True;False;False;False;3;15.3098797400533;0.0175331873302788;15.163888888886;15.4222222222215
28;81.50;17.50;False;False;True;False;1005;70.50;16.50;True;False;False;False;2;18.4284091423935;61.188057491786;12.8972222222205;23.9595960625666
28;81.50;17.50;False;False;True;False;1007;72.50;16.50;True;False;False;False;1;11.0416666666666;0;11.0416666666666;11.0416666666666
28;81.50;17.50;False;False;True;False;1113;50.50;18.50;True;False;False;False;1;25.8242640545395;0;25.8242640545395;25.8242640545395
28;81.50;17.50;False;False;True;False;1117;54.50;18.50;True;False;False;False;1;26.5734271247484;0;26.5734271247484;26.5734271247484
28;81.50;17.50;False;False;True;False;1123;60.50;18.50;True;False;False;False;1;19.6440764717227;0;19.6440764717227;19.6440764717227
28;81.50;17.50;False;False;True;False;1125;62.50;18.50;True;False;False;False;1;21.7021284308103;0;21.7021284308103;21.7021284308103
28;81.50;17.50;False;False;True;False;1128;65.50;18.50;True;False;False;False;1;15.416017319698;0;15.416017319698;15.416017319698
28;81.50;17.50;False;False;True;False;1130;67.50;18.50;True;False;False;False;1;22.9917367691382;0;22.9917367691382;22.9917367691382
28;81.50;17.50;False;False;True;False;1133;70.50;18.50;True;False;False;False;2;12.7863888888826;0.13318533950022;12.5283333333329;13.0444444444324
28;81.50;17.50;False;False;True;False;1134;71.50;18.50;True;False;False;False;1;11.5974098050351;0;11.5974098050351;11.5974098050351
28;81.50;17.50;False;False;True;False;1179;52.50;19.50;True;False;False;False;1;26.7223160136373;0;26.7223160136373;26.7223160136373
28;81.50;17.50;False;False;True;False;1191;64.50;19.50;True;False;False;False;1;20.8813852924404;0;20.8813852924404;20.8813852924404
28;81.50;17.50;False;False;True;False;1192;65.50;19.50;True;False;False;False;2;24.889123367421;0.336430766462937;24.4789826803008;25.2992640545413
28;81.50;17.50;False;False;True;False;1193;66.50;19.50;True;False;False;False;1;25.7006493469648;0;25.7006493469648;25.7006493469648
28;81.50;17.50;False;False;True;False;1320;65.50;21.50;True;False;False;False;1;24.9326911792825;0;24.9326911792825;24.9326911792825
28;81.50;17.50;False;False;True;False;1326;71.50;21.50;True;False;False;False;2;35.0972691179327;89.853202554989;28.3945382358597;41.8000000000056
28;81.50;17.50;False;False;True;False;1376;57.50;22.50;True;False;False;False;1;29.4123160136357;0;29.4123160136357;29.4123160136357
28;81.50;17.50;False;False;True;False;1384;65.50;22.50;True;False;False;False;1;24.130555555555;0;24.130555555555;24.130555555555
28;81.50;17.50;False;False;True;False;1385;66.50;22.50;True;False;False;False;1;23.2694444444464;0;23.2694444444464;23.2694444444464
28;81.50;17.50;False;False;True;False;1388;69.50;22.50;True;False;False;False;2;21.3743939522958;0.0103405837411118;21.3024892106541;21.4462986939375
28;81.50;17.50;False;False;True;False;1390;71.50;22.50;True;False;False;False;2;20.4805555555565;0.048395061727694;20.3250000000021;20.6361111111109
28;81.50;17.50;False;False;True;False;1514;67.50;24.50;True;False;False;False;1;22.4216666666666;0;22.4216666666666;22.4216666666666
28;81.50;17.50;False;False;True;False;1517;70.50;24.50;True;False;False;False;1;20.0510029339093;0;20.0510029339093;20.0510029339093
28;81.50;17.50;False;False;True;False;1576;65.50;25.50;True;False;False;False;1;29.1096320272827;0;29.1096320272827;29.1096320272827
28;81.50;17.50;False;False;True;False;1701;62.50;27.50;True;False;False;False;1;26.3433333333442;0;26.3433333333442;26.3433333333442
28;81.50;17.50;False;False;True;False;1703;64.50;27.50;True;False;False;False;1;26.0166666666669;0;26.0166666666669;26.0166666666669
28;81.50;17.50;False;False;True;False;1762;59.50;28.50;True;False;False;False;1;32.1166666666668;0;32.1166666666668;32.1166666666668
28;81.50;17.50;False;False;True;False;1764;61.50;28.50;True;False;False;False;1;31.2657431383832;0;31.2657431383832;31.2657431383832
28;81.50;17.50;False;False;True;False;1768;65.50;28.50;True;False;False;False;1;28.6804617641419;0;28.6804617641419;28.6804617641419
28;81.50;17.50;False;False;True;False;1769;66.50;28.50;True;False;False;False;2;28.340140687118;1.27097700241912;27.5429653605997;29.1373160136363
28;81.50;17.50;False;False;True;False;1774;71.50;28.50;True;False;False;False;1;23.8722222222177;0;23.8722222222177;23.8722222222177
28;81.50;17.50;False;False;True;False;1775;72.50;28.50;True;False;False;False;1;19.5699999999983;0;19.5699999999983;19.5699999999983
28;81.50;17.50;False;False;True;False;1898;67.50;30.50;True;False;False;False;1;26.322871569188;0;26.322871569188;26.322871569188
28;81.50;17.50;False;False;True;False;1961;66.50;31.50;True;False;False;False;1;33.6455555555531;0;33.6455555555531;33.6455555555531
28;81.50;17.50;False;False;True;False;2158;71.50;34.50;True;False;False;False;1;28.0000000000045;0;28.0000000000045;28.0000000000045
28;81.50;17.50;False;False;True;False;2287;72.50;36.50;True;False;False;False;1;25.2612049025238;0;25.2612049025238;25.2612049025238
28;81.50;17.50;False;False;True;False;2669;70.50;42.50;True;False;False;False;1;33.0062049025241;0;33.0062049025241;33.0062049025241
44;81.50;23.50;False;False;True;False;620;69.50;10.50;True;False;False;False;1;25.3194444444448;0;25.3194444444448;25.3194444444448
44;81.50;23.50;False;False;True;False;1000;65.50;16.50;True;False;False;False;1;23.5637084989867;0;23.5637084989867;23.5637084989867
44;81.50;23.50;False;False;True;False;1130;67.50;18.50;True;False;False;False;2;19.3097222222221;0.275034722222396;18.9388888888886;19.6805555555555
44;81.50;23.50;False;False;True;False;1133;70.50;18.50;True;False;False;False;1;20.3722222222237;0;20.3722222222237;20.3722222222237
44;81.50;23.50;False;False;True;False;1188;61.50;19.50;True;False;False;False;1;29.0544444444395;0;29.0544444444395;29.0544444444395
44;81.50;23.50;False;False;True;False;1194;67.50;19.50;True;False;False;False;1;32.6549062085905;0;32.6549062085905;32.6549062085905
44;81.50;23.50;False;False;True;False;1196;69.50;19.50;True;False;False;False;3;18.6928715691906;0.285858482695853;18.3018542494917;19.3021284308095
44;81.50;23.50;False;False;True;False;1197;70.50;19.50;True;False;False;False;2;22.8682395419155;8.92375788297051;20.7559235282743;24.9805555555567
44;81.50;23.50;False;False;True;False;1314;59.50;21.50;True;False;False;False;1;24.2839826803011;0;24.2839826803011;24.2839826803011
44;81.50;23.50;False;False;True;False;1326;71.50;21.50;True;False;False;False;1;21.7222222222244;0;21.7222222222244;21.7222222222244
44;81.50;23.50;False;False;True;False;1327;72.50;21.50;True;False;False;False;2;13.8176406871188;0.0230520441241406;13.7102813742388;13.9249999999988
44;81.50;23.50;False;False;True;False;1369;50.50;22.50;True;False;False;False;2;26.9387049025268;1.38517568212559;26.1064862767662;27.7709235282873
44;81.50;23.50;False;False;True;False;1378;59.50;22.50;True;False;False;False;2;21.7950937914113;8.17876543210902;19.7728715691878;23.8173160136348
44;81.50;23.50;False;False;True;False;1379;60.50;22.50;True;False;False;False;2;18.5686111111123;3.35455493836804E-06;18.5673160136375;18.5699062085871
44;81.50;23.50;False;False;True;False;1380;61.50;22.50;True;False;False;False;1;17.8549062085913;0;17.8549062085913;17.8549062085913
44;81.50;23.50;False;False;True;False;1383;64.50;22.50;True;False;False;False;1;16.4151947757463;0;16.4151947757463;16.4151947757463
44;81.50;23.50;False;False;True;False;1384;65.50;22.50;True;False;False;False;1;15.3187950974816;0;15.3187950974816;15.3187950974816
44;81.50;23.50;False;False;True;False;1385;66.50;22.50;True;False;False;False;1;15.2406493469571;0;15.2406493469571;15.2406493469571
44;81.50;23.50;False;False;True;False;1386;67.50;22.50;True;False;False;False;3;15.8705868193586;5.82512706110655;14.0888888888894;18.6173160136295
44;81.50;23.50;False;False;True;False;1388;69.50;22.50;True;False;False;False;1;13.4271284308093;0;13.4271284308093;13.4271284308093
44;81.50;23.50;False;False;True;False;1389;70.50;22.50;True;False;False;False;2;16.2683802290401;36.533054181685;11.994444444445;20.5423160136352
44;81.50;23.50;False;False;True;False;1390;71.50;22.50;True;False;False;False;1;12.3361111111108;0;12.3361111111108;12.3361111111108
44;81.50;23.50;False;False;True;False;1497;50.50;24.50;True;False;False;False;1;25.429567007599;0;25.429567007599;25.429567007599
44;81.50;23.50;False;False;True;False;1501;54.50;24.50;True;False;False;False;1;22.7762986939397;0;22.7762986939397;22.7762986939397
44;81.50;23.50;False;False;True;False;1502;55.50;24.50;True;False;False;False;2;22.1053210770278;0.00100860681754952;22.0828643762734;22.1277777777823
44;81.50;23.50;False;False;True;False;1503;56.50;24.50;True;False;False;False;1;21.3916666666682;0;21.3916666666682;21.3916666666682
44;81.50;23.50;False;False;True;False;1504;57.50;24.50;True;False;False;False;1;20.5138888888905;0;20.5138888888905;20.5138888888905
44;81.50;23.50;False;False;True;False;1507;60.50;24.50;True;False;False;False;1;19.2137950974811;0;19.2137950974811;19.2137950974811
44;81.50;23.50;False;False;True;False;1509;62.50;24.50;True;False;False;False;1;17.6563852924251;0;17.6563852924251;17.6563852924251
44;81.50;23.50;False;False;True;False;1512;65.50;24.50;True;False;False;False;2;19.3875468957062;17.4941672805836;16.4300000000017;22.3450937914108
44;81.50;23.50;False;False;True;False;1513;66.50;24.50;True;False;False;False;1;14.8395382358681;0;14.8395382358681;14.8395382358681
44;81.50;23.50;False;False;True;False;1514;67.50;24.50;True;False;False;False;1;15.0277777777774;0;15.0277777777774;15.0277777777774
44;81.50;23.50;False;False;True;False;1517;70.50;24.50;True;False;False;False;1;12.9805555555577;0;12.9805555555577;12.9805555555577
44;81.50;23.50;False;False;True;False;1518;71.50;24.50;True;False;False;False;1;12.0950937914108;0;12.0950937914108;12.0950937914108
44;81.50;23.50;False;False;True;False;1519;72.50;24.50;True;False;False;False;2;14.2163419931831;13.1503823869241;11.6521284308092;16.7805555555569
44;81.50;23.50;False;False;True;False;1573;62.50;25.50;True;False;False;False;1;20.1271284308132;0;20.1271284308132;20.1271284308132
44;81.50;23.50;False;False;True;False;1580;69.50;25.50;True;False;False;False;1;27.0545310429397;0;27.0545310429397;27.0545310429397
44;81.50;23.50;False;False;True;False;1583;72.50;25.50;True;False;False;False;1;13.5234271247491;0;13.5234271247491;13.5234271247491
44;81.50;23.50;False;False;True;False;1695;56.50;27.50;True;False;False;False;1;31.697222222223;0;31.697222222223;31.697222222223
44;81.50;23.50;False;False;True;False;1705;66.50;27.50;True;False;False;False;1;29.6394444444459;0;29.6394444444459;29.6394444444459
44;81.50;23.50;False;False;True;False;1711;72.50;27.50;True;False;False;False;1;14.8388888888894;0;14.8388888888894;14.8388888888894
44;81.50;23.50;False;False;True;False;1763;60.50;28.50;True;False;False;False;1;27.0250000000024;0;27.0250000000024;27.0250000000024
44;81.50;23.50;False;False;True;False;1765;62.50;28.50;True;False;False;False;2;28.1477813742351;11.3552255983085;25.7650071929174;30.5305555555528
44;81.50;23.50;False;False;True;False;1775;72.50;28.50;True;False;False;False;1;16.4795382358661;0;16.4795382358661;16.4795382358661
44;81.50;23.50;False;False;True;False;1892;61.50;30.50;True;False;False;False;1;26.8500000000013;0;26.8500000000013;26.8500000000013
44;81.50;23.50;False;False;True;False;1900;69.50;30.50;True;False;False;False;1;21.7672222222282;0;21.7672222222282;21.7672222222282
44;81.50;23.50;False;False;True;False;1901;70.50;30.50;True;False;False;False;1;20.7478715691905;0;20.7478715691905;20.7478715691905
44;81.50;23.50;False;False;True;False;1959;64.50;31.50;True;False;False;False;1;28.4903679727295;0;28.4903679727295;28.4903679727295
44;81.50;23.50;False;False;True;False;2088;65.50;33.50;True;False;False;False;1;28.5833333333348;0;28.5833333333348;28.5833333333348
44;81.50;23.50;False;False;True;False;2089;66.50;33.50;True;False;False;False;1;31.1283333333263;0;31.1283333333263;31.1283333333263
44;81.50;23.50;False;False;True;False;2092;69.50;33.50;True;False;False;False;1;30.7577777777801;0;30.7577777777801;30.7577777777801
44;81.50;23.50;False;False;True;False;2151;64.50;34.50;True;False;False;False;1;26.2581457505153;0;26.2581457505153;26.2581457505153
44;81.50;23.50;False;False;True;False;2272;57.50;36.50;True;False;False;False;1;33.8506493469667;0;33.8506493469667;33.8506493469667
44;81.50;23.50;False;False;True;False;2276;61.50;36.50;True;False;False;False;1;30.8223160136386;0;30.8223160136386;30.8223160136386
44;81.50;23.50;False;False;True;False;2285;70.50;36.50;True;False;False;False;1;25.4423160136357;0;25.4423160136357;25.4423160136357
44;81.50;23.50;False;False;True;False;2287;72.50;36.50;True;False;False;False;1;21.7222222222226;0;21.7222222222226;21.7222222222226
44;81.50;23.50;False;False;True;False;2479;72.50;39.50;True;False;False;False;1;22.9049999999988;0;22.9049999999988;22.9049999999988
44;81.50;23.50;False;False;True;False;2664;65.50;42.50;True;False;False;False;1;32.5388888888883;0;32.5388888888883;32.5388888888883
44;81.50;23.50;False;False;True;False;2863;72.50;45.50;True;False;False;False;1;27.1244444444442;0;27.1244444444442;27.1244444444442
60;81.50;29.50;False;False;True;False;1327;72.50;21.50;True;False;False;False;1;17.6138888888863;0;17.6138888888863;17.6138888888863
60;81.50;29.50;False;False;True;False;1384;65.50;22.50;True;False;False;False;1;24.4288888888814;0;24.4288888888814;24.4288888888814
60;81.50;29.50;False;False;True;False;1518;71.50;24.50;True;False;False;False;2;20.1589826803038;0.124999999997272;19.9089826803065;20.4089826803011
60;81.50;29.50;False;False;True;False;1578;67.50;25.50;True;False;False;False;2;18.5623736987261;0.312426271851427;18.1671356237312;18.9576117737211
60;81.50;29.50;False;False;True;False;1581;70.50;25.50;True;False;False;False;1;21.4756493469713;0;21.4756493469713;21.4756493469713
60;81.50;29.50;False;False;True;False;1582;71.50;25.50;True;False;False;False;3;23.4396296296294;4.1737299804402;22.0793506530317;25.7888888888883
60;81.50;29.50;False;False;True;False;1583;72.50;25.50;True;False;False;False;2;15.2911111111121;0.0934080246891898;15.0750000000035;15.5072222222207
60;81.50;29.50;False;False;True;False;1706;67.50;27.50;True;False;False;False;2;17.4194444444445;0.362195061729446;16.9938888888884;17.8450000000007
60;81.50;29.50;False;False;True;False;1709;70.50;27.50;True;False;False;False;2;21.1706024512575;0.00666570949115992;21.1128715691789;21.2283333333362
60;81.50;29.50;False;False;True;False;1753;50.50;28.50;True;False;False;False;1;25.7459235282904;0;25.7459235282904;25.7459235282904
60;81.50;29.50;False;False;True;False;1754;51.50;28.50;True;False;False;False;1;28.4500000000044;0;28.4500000000044;28.4500000000044
60;81.50;29.50;False;False;True;False;1758;55.50;28.50;True;False;False;False;2;25.9447691179365;0.192370029994348;25.634632027286;26.254906208587
60;81.50;29.50;False;False;True;False;1759;56.50;28.50;True;False;False;False;2;21.8118506530366;0.408677133342117;21.3598124171858;22.2638888888873
60;81.50;29.50;False;False;True;False;1762;59.50;28.50;True;False;False;False;1;20.1838022903958;0;20.1838022903958;20.1838022903958
60;81.50;29.50;False;False;True;False;1764;61.50;28.50;True;False;False;False;1;18.1284271247464;0;18.1284271247464;18.1284271247464
60;81.50;29.50;False;False;True;False;1767;64.50;28.50;True;False;False;False;1;16.091486276754;0;16.091486276754;16.091486276754
60;81.50;29.50;False;False;True;False;1768;65.50;28.50;True;False;False;False;2;28.03726911793;165.75987807368;18.9334271247471;37.1411111111129
60;81.50;29.50;False;False;True;False;1769;66.50;28.50;True;False;False;False;5;15.7640707173771;3.35580824655867;14.7475830020285;19.0246176414344
60;81.50;29.50;False;False;True;False;1770;67.50;28.50;True;False;False;False;2;16.3227777777719;10.1008585303341;14.075461764131;18.5700937914129
60;81.50;29.50;False;False;True;False;1772;69.50;28.50;True;False;False;False;2;12.7555555555566;6.17283950851956E-05;12.75;12.7611111111132
60;81.50;29.50;False;False;True;False;1773;70.50;28.50;True;False;False;False;1;12.1660173196988;0;12.1660173196988;12.1660173196988
60;81.50;29.50;False;False;True;False;1774;71.50;28.50;True;False;False;False;1;11.2533911600412;0;11.2533911600412;11.2533911600412
60;81.50;29.50;False;False;True;False;1775;72.50;28.50;True;False;False;False;1;10.9111111111115;0;10.9111111111115;10.9111111111115
60;81.50;29.50;False;False;True;False;1881;50.50;30.50;True;False;False;False;1;28.8854617641473;0;28.8854617641473;28.8854617641473
60;81.50;29.50;False;False;True;False;1885;54.50;30.50;True;False;False;False;1;22.667222222226;0;22.667222222226;22.667222222226
60;81.50;29.50;False;False;True;False;1886;55.50;30.50;True;False;False;False;2;22.5081962426763;0.539360255389286;21.9888888888918;23.0275035964607
60;81.50;29.50;False;False;True;False;1888;57.50;30.50;True;False;False;False;2;20.6424567007577;0.0214525833076386;20.5388888888961;20.7460245126194
60;81.50;29.50;False;False;True;False;1892;61.50;30.50;True;False;False;False;1;18.8993506530314;0;18.8993506530314;18.8993506530314
60;81.50;29.50;False;False;True;False;1896;65.50;30.50;True;False;False;False;1;15.6632395419192;0;15.6632395419192;15.6632395419192
60;81.50;29.50;False;False;True;False;1900;69.50;30.50;True;False;False;False;2;15.1276875828239;7.57972455650544;13.1809307212069;17.0744444444408
60;81.50;29.50;False;False;True;False;1901;70.50;30.50;True;False;False;False;1;12.3188888888917;0;12.3188888888917;12.3188888888917
60;81.50;29.50;False;False;True;False;1902;71.50;30.50;True;False;False;False;2;11.9643975487381;0.444850416726175;11.4927777777752;12.436017319701
60;81.50;29.50;False;False;True;False;1903;72.50;30.50;True;False;False;False;4;11.1908333333333;0.375703395059866;10.5833333333333;11.8638888888863
60;81.50;29.50;False;False;True;False;1949;54.50;31.50;True;False;False;False;1;27.8901875828233;0;27.8901875828233;27.8901875828233
60;81.50;29.50;False;False;True;False;1957;62.50;31.50;True;False;False;False;1;32.8916666666682;0;32.8916666666682;32.8916666666682
60;81.50;29.50;False;False;True;False;1959;64.50;31.50;True;False;False;False;1;24.64712843081;0;24.64712843081;24.64712843081
60;81.50;29.50;False;False;True;False;1962;67.50;31.50;True;False;False;False;1;38.1633333333339;0;38.1633333333339;38.1633333333339
60;81.50;29.50;False;False;True;False;2093;70.50;33.50;True;False;False;False;1;28.3332395419238;0;28.3332395419238;28.3332395419238
60;81.50;29.50;False;False;True;False;2146;59.50;34.50;True;False;False;False;1;27.9241702631252;0;27.9241702631252;27.9241702631252
60;81.50;29.50;False;False;True;False;2148;61.50;34.50;True;False;False;False;1;27.1722222222188;0;27.1722222222188;27.1722222222188
60;81.50;29.50;False;False;True;False;2154;67.50;34.50;True;False;False;False;1;33.330555555558;0;33.330555555558;33.330555555558
60;81.50;29.50;False;False;True;False;2159;72.50;34.50;True;False;False;False;1;15.5670346393963;0;15.5670346393963;15.5670346393963
60;81.50;29.50;False;False;True;False;2281;66.50;36.50;True;False;False;False;1;23.8678715691894;0;23.8678715691894;23.8678715691894
60;81.50;29.50;False;False;True;False;2282;67.50;36.50;True;False;False;False;1;22.6866666666783;0;22.6866666666783;22.6866666666783
60;81.50;29.50;False;False;True;False;2285;70.50;36.50;True;False;False;False;1;20.5494444444485;0;20.5494444444485;20.5494444444485
60;81.50;29.50;False;False;True;False;2344;65.50;37.50;True;False;False;False;1;28.2880591520097;0;28.2880591520097;28.2880591520097
60;81.50;29.50;False;False;True;False;2351;72.50;37.50;True;False;False;False;1;17.6094444444534;0;17.6094444444534;17.6094444444534
60;81.50;29.50;False;False;True;False;2471;64.50;39.50;True;False;False;False;1;26.7410173196968;0;26.7410173196968;26.7410173196968
76;81.50;35.50;False;False;True;False;1711;72.50;27.50;True;False;False;False;1;18.3000000000011;0;18.3000000000011;18.3000000000011
76;81.50;35.50;False;False;True;False;1901;70.50;30.50;True;False;False;False;1;20.310555555553;0;20.310555555553;20.310555555553
76;81.50;35.50;False;False;True;False;1962;67.50;31.50;True;False;False;False;1;18.25;0;18.25;18.25
76;81.50;35.50;False;False;True;False;1964;69.50;31.50;True;False;False;False;2;18.5708333333339;0.115466820988883;18.3305555555548;18.811111111113
76;81.50;35.50;False;False;True;False;1965;70.50;31.50;True;False;False;False;1;21.0811111111107;0;21.0811111111107;21.0811111111107
76;81.50;35.50;False;False;True;False;1966;71.50;31.50;True;False;False;False;1;21.7155555555501;0;21.7155555555501;21.7155555555501
76;81.50;35.50;False;False;True;False;1967;72.50;31.50;True;False;False;False;1;15.3161111111131;0;15.3161111111131;15.3161111111131
76;81.50;35.50;False;False;True;False;2080;57.50;33.50;True;False;False;False;1;23.5617604580775;0;23.5617604580775;23.5617604580775
76;81.50;35.50;False;False;True;False;2090;67.50;33.50;True;False;False;False;2;17.5146284308084;0.133565439943704;17.2562049025223;17.7730519590946
76;81.50;35.50;False;False;True;False;2092;69.50;33.50;True;False;False;False;2;19.0906024512623;7.40305780649442;17.1666666666667;21.0145382358578
76;81.50;35.50;False;False;True;False;2093;70.50;33.50;True;False;False;False;1;30.4713924853513;0;30.4713924853513;30.4713924853513
76;81.50;35.50;False;False;True;False;2094;71.50;33.50;True;False;False;False;1;21.75;0;21.75;21.75
76;81.50;35.50;False;False;True;False;2142;55.50;34.50;True;False;False;False;1;43.5089826803023;0;43.5089826803023;43.5089826803023
76;81.50;35.50;False;False;True;False;2143;56.50;34.50;True;False;False;False;1;22.1389826803043;0;22.1389826803043;22.1389826803043
76;81.50;35.50;False;False;True;False;2144;57.50;34.50;True;False;False;False;1;21.2577777777788;0;21.2577777777788;21.2577777777788
76;81.50;35.50;False;False;True;False;2146;59.50;34.50;True;False;False;False;1;19.7288022903967;0;19.7288022903967;19.7288022903967
76;81.50;35.50;False;False;True;False;2147;60.50;34.50;True;False;False;False;1;19.606760458084;0;19.606760458084;19.606760458084
76;81.50;35.50;False;False;True;False;2148;61.50;34.50;True;False;False;False;2;18.3624098050473;0.0085459437180692;18.2970418323157;18.4277777777788
76;81.50;35.50;False;False;True;False;2152;65.50;34.50;True;False;False;False;1;16.1190764717035;0;16.1190764717035;16.1190764717035
76;81.50;35.50;False;False;True;False;2153;66.50;34.50;True;False;False;False;4;15.4856944444423;0.434082609755965;14.7993506530315;16.291666666667
76;81.50;35.50;False;False;True;False;2154;67.50;34.50;True;False;False;False;2;14.3434307211902;0.464373967382174;13.8615728752532;14.8252885671272
76;81.50;35.50;False;False;True;False;2156;69.50;34.50;True;False;False;False;1;12.7555555555557;0;12.7555555555557;12.7555555555557
76;81.50;35.50;False;False;True;False;2157;70.50;34.50;True;False;False;False;3;13.7292279954545;3.1674015519369;12.6950937914135;15.7842568616165
76;81.50;35.50;False;False;True;False;2158;71.50;34.50;True;False;False;False;6;11.6464345857745;0.17052690807432;11.26111111111;12.4222222222224
76;81.50;35.50;False;False;True;False;2269;54.50;36.50;True;False;False;False;1;22.7772222222211;0;22.7772222222211;22.7772222222211
76;81.50;35.50;False;False;True;False;2270;55.50;36.50;True;False;False;False;1;22.656204902527;0;22.656204902527;22.656204902527
76;81.50;35.50;False;False;True;False;2271;56.50;36.50;True;False;False;False;1;22.3566666666684;0;22.3566666666684;22.3566666666684
76;81.50;35.50;False;False;True;False;2274;59.50;36.50;True;False;False;False;2;19.9142135623742;0.00149706400307674;19.8868542494893;19.9415728752592
76;81.50;35.50;False;False;True;False;2276;61.50;36.50;True;False;False;False;1;18.3604617641458;0;18.3604617641458;18.3604617641458
76;81.50;35.50;False;False;True;False;2277;62.50;36.50;True;False;False;False;1;18.411111111111;0;18.411111111111;18.411111111111
76;81.50;35.50;False;False;True;False;2280;65.50;36.50;True;False;False;False;1;19.3833333333339;0;19.3833333333339;19.3833333333339
76;81.50;35.50;False;False;True;False;2281;66.50;36.50;True;False;False;False;2;15.0378715691895;0.0512600440989457;14.877777777775;15.197965360604
76;81.50;35.50;False;False;True;False;2282;67.50;36.50;True;False;False;False;2;14.588932188135;0.166863549311591;14.3000865984927;14.8777777777773
76;81.50;35.50;False;False;True;False;2285;70.50;36.50;True;False;False;False;5;15.5481601930197;111.977755872157;7.04292939589868;34.0478715691961
76;81.50;35.50;False;False;True;False;2286;71.50;36.50;True;False;False;False;2;12.1893037573227;0.00504700566691053;12.13906927879;12.2395382358554
76;81.50;35.50;False;False;True;False;2287;72.50;36.50;True;False;False;False;2;10.8936111111105;0.000692746913533849;10.875;10.912222222221
76;81.50;35.50;False;False;True;False;2341;62.50;37.50;True;False;False;False;1;20.7583333333341;0;20.7583333333341;20.7583333333341
76;81.50;35.50;False;False;True;False;2343;64.50;37.50;True;False;False;False;1;20.6539826803091;0;20.6539826803091;20.6539826803091
76;81.50;35.50;False;False;True;False;2351;72.50;37.50;True;False;False;False;1;13.6805555555538;0;13.6805555555538;13.6805555555538
76;81.50;35.50;False;False;True;False;2472;65.50;39.50;True;False;False;False;1;26.4433333333418;0;26.4433333333418;26.4433333333418
76;81.50;35.50;False;False;True;False;2543;72.50;40.50;True;False;False;False;1;19.25212843081;0;19.25212843081;19.25212843081
76;81.50;35.50;False;False;True;False;2735;72.50;43.50;True;False;False;False;1;18.4284271247479;0;18.4284271247479;18.4284271247479
76;81.50;35.50;False;False;True;False;2863;72.50;45.50;True;False;False;False;1;19.2782467348416;0;19.2782467348416;19.2782467348416
92;81.50;41.50;False;False;True;False;2157;70.50;34.50;True;False;False;False;1;20.527777777781;0;20.527777777781;20.527777777781
92;81.50;41.50;False;False;True;False;2282;67.50;36.50;True;False;False;False;1;22.4578715691905;0;22.4578715691905;22.4578715691905
92;81.50;41.50;False;False;True;False;2286;71.50;36.50;True;False;False;False;1;20.3083333333352;0;20.3083333333352;20.3083333333352
92;81.50;41.50;False;False;True;False;2348;69.50;37.50;True;False;False;False;1;18.8333333333339;0;18.8333333333339;18.8333333333339
92;81.50;41.50;False;False;True;False;2349;70.50;37.50;True;False;False;False;1;21.2579653606108;0;21.2579653606108;21.2579653606108
92;81.50;41.50;False;False;True;False;2350;71.50;37.50;True;False;False;False;1;21.7382395419208;0;21.7382395419208;21.7382395419208
92;81.50;41.50;False;False;True;False;2351;72.50;37.50;True;False;False;False;1;15.603333333338;0;15.603333333338;15.603333333338
92;81.50;41.50;False;False;True;False;2474;67.50;39.50;True;False;False;False;1;17.3138888888925;0;17.3138888888925;17.3138888888925
92;81.50;41.50;False;False;True;False;2476;69.50;39.50;True;False;False;False;2;20.009397548738;13.5310701053222;17.4083333333328;22.6104617641431
92;81.50;41.50;False;False;True;False;2477;70.50;39.50;True;False;False;False;1;21.0277777777792;0;21.0277777777792;21.0277777777792
92;81.50;41.50;False;False;True;False;2478;71.50;39.50;True;False;False;False;1;21.6728715691879;0;21.6728715691879;21.6728715691879
92;81.50;41.50;False;False;True;False;2479;72.50;39.50;True;False;False;False;2;13.9820779386386;0.0254148818430444;13.8693506530262;14.0948052242509
92;81.50;41.50;False;False;True;False;2526;55.50;40.50;True;False;False;False;1;25.5948124171809;0;25.5948124171809;25.5948124171809
92;81.50;41.50;False;False;True;False;2527;56.50;40.50;True;False;False;False;1;22.1083333333354;0;22.1083333333354;22.1083333333354
92;81.50;41.50;False;False;True;False;2528;57.50;40.50;True;False;False;False;1;21.2867604580824;0;21.2867604580824;21.2867604580824
92;81.50;41.50;False;False;True;False;2530;59.50;40.50;True;False;False;False;2;21.2504148684379;6.38335015120356;19.4638888888894;23.0369408479864
92;81.50;41.50;False;False;True;False;2531;60.50;40.50;True;False;False;False;2;19.545970423992;0.00434680608893367;19.4993506530309;19.5925901949531
92;81.50;41.50;False;False;True;False;2533;62.50;40.50;True;False;False;False;1;18.3790980504582;0;18.3790980504582;18.3790980504582
92;81.50;41.50;False;False;True;False;2535;64.50;40.50;True;False;False;False;5;16.5515382358567;0.17386646266788;16.050000000002;16.975836929787
92;81.50;41.50;False;False;True;False;2538;67.50;40.50;True;False;False;False;2;14.2850901949446;0.0769899049962248;14.0888888888885;14.4812915010007
92;81.50;41.50;False;False;True;False;2540;69.50;40.50;True;False;False;False;2;12.7941197709599;0.00754871125738428;12.7326839863658;12.855555555554
92;81.50;41.50;False;False;True;False;2541;70.50;40.50;True;False;False;False;3;12.4727777777799;0.0999248502735941;12.2337950974764;12.8312049025262
92;81.50;41.50;False;False;True;False;2542;71.50;40.50;True;False;False;False;4;12.0212049025208;0.173127364385385;11.4555555555555;12.4251875828131
92;81.50;41.50;False;False;True;False;2543;72.50;40.50;True;False;False;False;2;11.4043975487381;0.136987977460308;11.1426839863648;11.6661111111115
92;81.50;41.50;False;False;True;False;2654;55.50;42.50;True;False;False;False;1;23.0966666666682;0;23.0966666666682;23.0966666666682
92;81.50;41.50;False;False;True;False;2658;59.50;42.50;True;False;False;False;1;22.6027777777799;0;22.6027777777799;22.6027777777799
92;81.50;41.50;False;False;True;False;2663;64.50;42.50;True;False;False;False;2;16.607395419175;0.408475054319787;16.1554689570598;17.0593218812901
92;81.50;41.50;False;False;True;False;2664;65.50;42.50;True;False;False;False;2;15.3683802290356;0.0161831219455879;15.2784271247378;15.4583333333333
92;81.50;41.50;False;False;True;False;2665;66.50;42.50;True;False;False;False;2;14.7694444444431;1.75936587131477E-08;14.7693506530291;14.7695382358572
92;81.50;41.50;False;False;True;False;2668;69.50;42.50;True;False;False;False;3;13.0054593665059;0.131997067496814;12.7512049025231;13.421572875257
92;81.50;41.50;False;False;True;False;2669;70.50;42.50;True;False;False;False;3;12.5829004353517;0.157733748309978;12.1333333333323;12.8861111111105
92;81.50;41.50;False;False;True;False;2725;62.50;43.50;True;False;False;False;1;20.2383333333228;0;20.2383333333228;20.2383333333228
92;81.50;41.50;False;False;True;False;2727;64.50;43.50;True;False;False;False;1;20.8289826803057;0;20.8289826803057;20.8289826803057
92;81.50;41.50;False;False;True;False;2735;72.50;43.50;True;False;False;False;3;14.0498990156636;0.00179034889998051;14.0157143666886;14.0972222222226
92;81.50;41.50;False;False;True;False;2853;62.50;45.50;True;False;False;False;1;25.216572875258;0;25.216572875258;25.216572875258
92;81.50;41.50;False;False;True;False;2855;64.50;45.50;True;False;False;False;1;22.5540764717161;0;22.5540764717161;22.5540764717161
92;81.50;41.50;False;False;True;False;2863;72.50;45.50;True;False;False;False;1;15.4290836646378;0;15.4290836646378;15.4290836646378
92;81.50;41.50;False;False;True;False;2917;62.50;46.50;True;False;False;False;1;22.6006493469704;0;22.6006493469704;22.6006493469704
92;81.50;41.50;False;False;True;False;2919;64.50;46.50;True;False;False;False;1;23.2611111111119;0;23.2611111111119;23.2611111111119
92;81.50;41.50;False;False;True;False;2921;66.50;46.50;True;False;False;False;1;23.9444444444434;0;23.9444444444434;23.9444444444434
92;81.50;41.50;False;False;True;False;2922;67.50;46.50;True;False;False;False;1;22.3491702631218;0;22.3491702631218;22.3491702631218
92;81.50;41.50;False;False;True;False;2925;70.50;46.50;True;False;False;False;2;20.5818073537828;0.144451191907012;20.3130591520148;20.8505555555507
92;81.50;41.50;False;False;True;False;2926;71.50;46.50;True;False;False;False;2;20.3892604580726;0.0389921973809454;20.2496320272626;20.5288888888826
92;81.50;41.50;False;False;True;False;2927;72.50;46.50;True;False;False;False;3;15.5818831156543;0.0860609096503724;15.2987950974755;15.8845382358536
108;0.50;14.50;False;False;True;False;497;10.50;9.50;True;False;False;False;1;19.7777777777774;0;19.7777777777774;19.7777777777774
108;0.50;14.50;False;False;True;False;508;21.50;9.50;True;False;False;False;1;26.8562049025222;0;26.8562049025222;26.8562049025222
108;0.50;14.50;False;False;True;False;523;36.50;9.50;True;False;False;False;1;39.1339826803001;0;39.1339826803001;39.1339826803001
108;0.50;14.50;False;False;True;False;570;19.50;10.50;True;False;False;False;1;21.561111111113;0;21.561111111113;21.561111111113
108;0.50;14.50;False;False;True;False;690;11.50;12.50;True;False;False;False;1;28.2388888888881;0;28.2388888888881;28.2388888888881
108;0.50;14.50;False;False;True;False;693;14.50;12.50;True;False;False;False;1;27.425000000002;0;27.425000000002;27.425000000002
108;0.50;14.50;False;False;True;False;754;11.50;13.50;True;False;False;False;1;12.1750000000002;0;12.1750000000002;12.1750000000002
108;0.50;14.50;False;False;True;False;755;12.50;13.50;True;False;False;False;1;12.7583333333341;0;12.7583333333341;12.7583333333341
108;0.50;14.50;False;False;True;False;757;14.50;13.50;True;False;False;False;1;18.37435065303;0;18.37435065303;18.37435065303
108;0.50;14.50;False;False;True;False;758;15.50;13.50;True;False;False;False;1;16.3521284308097;0;16.3521284308097;16.3521284308097
108;0.50;14.50;False;False;True;False;764;21.50;13.50;True;False;False;False;1;19.5944444444422;0;19.5944444444422;19.5944444444422
108;0.50;14.50;False;False;True;False;768;25.50;13.50;True;False;False;False;1;21.936111111113;0;21.936111111113;21.936111111113
108;0.50;14.50;False;False;True;False;880;9.50;15.50;True;False;False;False;1;11.9472222222212;0;11.9472222222212;11.9472222222212
108;0.50;14.50;False;False;True;False;881;10.50;15.50;True;False;False;False;1;11.781204902524;0;11.781204902524;11.781204902524
108;0.50;14.50;False;False;True;False;885;14.50;15.50;True;False;False;False;1;13.9194444444447;0;13.9194444444447;13.9194444444447
108;0.50;14.50;False;False;True;False;886;15.50;15.50;True;False;False;False;2;15.051623367419;0.0443100191108402;14.9027777777785;15.2004689570595
108;0.50;14.50;False;False;True;False;888;17.50;15.50;True;False;False;False;1;16.0973160136364;0;16.0973160136364;16.0973160136364
108;0.50;14.50;False;False;True;False;890;19.50;15.50;True;False;False;False;1;17.4388888888907;0;17.4388888888907;17.4388888888907
108;0.50;14.50;False;False;True;False;898;27.50;15.50;True;False;False;False;2;23.2767568616155;0.553396008494165;22.7507359454466;23.8027777777843
108;0.50;14.50;False;False;True;False;902;31.50;15.50;True;False;False;False;1;26.2089826803067;0;26.2089826803067;26.2089826803067
108;0.50;14.50;False;False;True;False;922;51.50;15.50;True;False;False;False;1;41.02212843081;0;41.02212843081;41.02212843081
108;0.50;14.50;False;False;True;False;944;9.50;16.50;True;False;False;False;1;14.4509235282853;0;14.4509235282853;14.4509235282853
108;0.50;14.50;False;False;True;False;945;10.50;16.50;True;False;False;False;1;22.052777777777;0;22.052777777777;22.052777777777
108;0.50;14.50;False;False;True;False;1085;22.50;18.50;True;False;False;False;1;31.4784271247536;0;31.4784271247536;31.4784271247536
108;0.50;14.50;False;False;True;False;1143;16.50;19.50;True;False;False;False;2;24.1486111111128;0.0194483024697357;24.0500000000002;24.2472222222254
108;0.50;14.50;False;False;True;False;1152;25.50;19.50;True;False;False;False;1;36.5179581676823;0;36.5179581676823;36.5179581676823
108;0.50;14.50;False;False;True;False;1266;11.50;21.50;True;False;False;False;1;21.277128430811;0;21.277128430811;21.277128430811
108;0.50;14.50;False;False;True;False;1269;14.50;21.50;True;False;False;False;1;20.750923528286;0;20.750923528286;20.750923528286
108;0.50;14.50;False;False;True;False;1276;21.50;21.50;True;False;False;False;1;27.0012986939373;0;27.0012986939373;27.0012986939373
108;0.50;14.50;False;False;True;False;1457;10.50;24.50;True;False;False;False;1;25.5088888888895;0;25.5088888888895;25.5088888888895
108;0.50;14.50;False;False;True;False;1458;11.50;24.50;True;False;False;False;1;29.6055555555558;0;29.6055555555558;29.6055555555558
108;0.50;14.50;False;False;True;False;1520;9.50;25.50;True;False;False;False;1;23.0527777777781;0;23.0527777777781;23.0527777777781
108;0.50;14.50;False;False;True;False;1521;10.50;25.50;True;False;False;False;1;24.5327705848795;0;24.5327705848795;24.5327705848795
108;0.50;14.50;False;False;True;False;1522;11.50;25.50;True;False;False;False;1;24.3076839863656;0;24.3076839863656;24.3076839863656
108;0.50;14.50;False;False;True;False;1530;19.50;25.50;True;False;False;False;1;29.7666666666669;0;29.7666666666669;29.7666666666669
108;0.50;14.50;False;False;True;False;1649;10.50;27.50;True;False;False;False;1;23.7364862767436;0;23.7364862767436;23.7364862767436
108;0.50;14.50;False;False;True;False;1664;25.50;27.50;True;False;False;False;1;35.8011111111173;0;35.8011111111173;35.8011111111173
108;0.50;14.50;False;False;True;False;1713;10.50;28.50;True;False;False;False;1;30.0551875828314;0;30.0551875828314;30.0551875828314
108;0.50;14.50;False;False;True;False;1714;11.50;28.50;True;False;False;False;1;33.7049062085916;0;33.7049062085916;33.7049062085916
108;0.50;14.50;False;False;True;False;1720;17.50;28.50;True;False;False;False;1;40.400649346976;0;40.400649346976;40.400649346976
108;0.50;14.50;False;False;True;False;1845;14.50;30.50;True;False;False;False;1;26.9300937914126;0;26.9300937914126;26.9300937914126
108;0.50;14.50;False;False;True;False;1852;21.50;30.50;True;False;False;False;1;40.7312049025268;0;40.7312049025268;40.7312049025268
108;0.50;14.50;False;False;True;False;1905;10.50;31.50;True;False;False;False;1;28.2382395419213;0;28.2382395419213;28.2382395419213
108;0.50;14.50;False;False;True;False;1910;15.50;31.50;True;False;False;False;1;31.3055555555562;0;31.3055555555562;31.3055555555562
108;0.50;14.50;False;False;True;False;1914;19.50;31.50;True;False;False;False;1;1.16792939589868;0;1.16792939589868;1.16792939589868
108;0.50;14.50;False;False;True;False;1916;21.50;31.50;True;False;False;False;1;37.4907359454628;0;37.4907359454628;37.4907359454628
108;0.50;14.50;False;False;True;False;2042;19.50;33.50;True;False;False;False;1;35.0738888888886;0;35.0738888888886;35.0738888888886
108;0.50;14.50;False;False;True;False;2097;10.50;34.50;True;False;False;False;3;40.1472534860243;39.7198944565664;36.4666666666653;47.4244444444384
108;0.50;14.50;False;False;True;False;2109;22.50;34.50;True;False;False;False;1;37.7055555555553;0;37.7055555555553;37.7055555555553
108;0.50;14.50;False;False;True;False;2111;24.50;34.50;True;False;False;False;1;38.2497258186795;0;38.2497258186795;38.2497258186795
108;0.50;14.50;False;False;True;False;2226;11.50;36.50;True;False;False;False;2;37.7166666666647;3.79654320986755;36.3388888888885;39.0944444444408
108;0.50;14.50;False;False;True;False;2237;22.50;36.50;True;False;False;False;1;39.3612049025232;0;39.3612049025232;39.3612049025232
108;0.50;14.50;False;False;True;False;2288;9.50;37.50;True;False;False;False;1;31.0182467348418;0;31.0182467348418;31.0182467348418
108;0.50;14.50;False;False;True;False;2423;16.50;39.50;True;False;False;False;1;37.3173160136321;0;37.3173160136321;37.3173160136321
108;0.50;14.50;False;False;True;False;2480;9.50;40.50;True;False;False;False;2;30.4394444444443;0.0247330606908621;30.3282395419201;30.5506493469686
108;0.50;14.50;False;False;True;False;2493;22.50;40.50;True;False;False;False;1;46.6001875828169;0;46.6001875828169;46.6001875828169
108;0.50;14.50;False;False;True;False;2807;16.50;45.50;True;False;False;False;1;57.2005555555534;0;57.2005555555534;57.2005555555534
124;0.50;20.50;False;False;True;False;497;10.50;9.50;True;False;False;False;1;24.2897186257678;0;24.2897186257678;24.2897186257678
124;0.50;20.50;False;False;True;False;568;17.50;10.50;True;False;False;False;1;25.657503596457;0;25.657503596457;25.657503596457
124;0.50;20.50;False;False;True;False;576;25.50;10.50;True;False;False;False;1;37.3138888888907;0;37.3138888888907;37.3138888888907
124;0.50;20.50;False;False;True;False;590;39.50;10.50;True;False;False;False;1;40.4018470565989;0;40.4018470565989;40.4018470565989
124;0.50;20.50;False;False;True;False;695;16.50;12.50;True;False;False;False;1;37.3055555555566;0;37.3055555555566;37.3055555555566
124;0.50;20.50;False;False;True;False;758;15.50;13.50;True;False;False;False;1;23.3694444444454;0;23.3694444444454;23.3694444444454
124;0.50;20.50;False;False;True;False;764;21.50;13.50;True;False;False;False;1;28.1778715691908;0;28.1778715691908;28.1778715691908
124;0.50;20.50;False;False;True;False;881;10.50;15.50;True;False;False;False;2;19.6305555555564;0.00964506172811435;19.561111111113;19.6999999999998
124;0.50;20.50;False;False;True;False;883;12.50;15.50;True;False;False;False;1;21.5111111111128;0;21.5111111111128;21.5111111111128
124;0.50;20.50;False;False;True;False;886;15.50;15.50;True;False;False;False;1;23.0833333333312;0;23.0833333333312;23.0833333333312
124;0.50;20.50;False;False;True;False;888;17.50;15.50;True;False;False;False;1;22.8404617641429;0;22.8404617641429;22.8404617641429
124;0.50;20.50;False;False;True;False;944;9.50;16.50;True;False;False;False;1;15.2187950974762;0;15.2187950974762;15.2187950974762
124;0.50;20.50;False;False;True;False;945;10.50;16.50;True;False;False;False;1;28.4031601363222;0;28.4031601363222;28.4031601363222
124;0.50;20.50;False;False;True;False;947;12.50;16.50;True;False;False;False;1;26.2129653606034;0;26.2129653606034;26.2129653606034
124;0.50;20.50;False;False;True;False;954;19.50;16.50;True;False;False;False;2;21.9594444444453;0.318224691356191;21.5605555555576;22.3583333333331
124;0.50;20.50;False;False;True;False;1072;9.50;18.50;True;False;False;False;2;13.8180555555558;0.0316208648046663;13.6923160136355;13.9437950974761
124;0.50;20.50;False;False;True;False;1075;12.50;18.50;True;False;False;False;1;27.1833333333307;0;27.1833333333307;27.1833333333307
124;0.50;20.50;False;False;True;False;1078;15.50;18.50;True;False;False;False;1;29.4222222222222;0;29.4222222222222;29.4222222222222
124;0.50;20.50;False;False;True;False;1080;17.50;18.50;True;False;False;False;1;21.1861111110993;0;21.1861111110993;21.1861111110993
124;0.50;20.50;False;False;True;False;1088;25.50;18.50;True;False;False;False;1;32.2862915010219;0;32.2862915010219;32.2862915010219
124;0.50;20.50;False;False;True;False;1136;9.50;19.50;True;False;False;False;2;16.607871569191;72.7240622664645;10.5777777777785;22.6379653606036
124;0.50;20.50;False;False;True;False;1149;22.50;19.50;True;False;False;False;1;19.4576839863639;0;19.4576839863639;19.4576839863639
124;0.50;20.50;False;False;True;False;1152;25.50;19.50;True;False;False;False;1;21.427777777777;0;21.427777777777;21.427777777777
124;0.50;20.50;False;False;True;False;1156;29.50;19.50;True;False;False;False;3;24.3760798473069;0.093161505658488;24.0493506530315;24.6538888888908
124;0.50;20.50;False;False;True;False;1157;30.50;19.50;True;False;False;False;1;25.7611111111128;0;25.7611111111128;25.7611111111128
124;0.50;20.50;False;False;True;False;1162;35.50;19.50;True;False;False;False;1;28.2151875828258;0;28.2151875828258;28.2151875828258
124;0.50;20.50;False;False;True;False;1264;9.50;21.50;True;False;False;False;1;11.4187950974811;0;11.4187950974811;11.4187950974811
124;0.50;20.50;False;False;True;False;1272;17.50;21.50;True;False;False;False;1;16.9632395419221;0;16.9632395419221;16.9632395419221
124;0.50;20.50;False;False;True;False;1274;19.50;21.50;True;False;False;False;1;18.1919480408988;0;18.1919480408988;18.1919480408988
124;0.50;20.50;False;False;True;False;1281;26.50;21.50;True;False;False;False;1;22.4534271247458;0;22.4534271247458;22.4534271247458
124;0.50;20.50;False;False;True;False;1285;30.50;21.50;True;False;False;False;2;25.0322222222244;0.0494376543217795;24.8750000000009;25.1894444444479
124;0.50;20.50;False;False;True;False;1290;35.50;21.50;True;False;False;False;2;30.1093975487361;3.4436081750175;28.7972222222234;31.4215728752488
124;0.50;20.50;False;False;True;False;1295;40.50;21.50;True;False;False;False;1;32.2103679727315;0;32.2103679727315;32.2103679727315
124;0.50;20.50;False;False;True;False;1329;10.50;22.50;True;False;False;False;1;26.175000000002;0;26.175000000002;26.175000000002
124;0.50;20.50;False;False;True;False;1331;12.50;22.50;True;False;False;False;1;17.3061111111103;0;17.3061111111103;17.3061111111103
124;0.50;20.50;False;False;True;False;1339;20.50;22.50;True;False;False;False;1;28.9432395419162;0;28.9432395419162;28.9432395419162
124;0.50;20.50;False;False;True;False;1340;21.50;22.50;True;False;False;False;1;28.4128931479622;0;28.4128931479622;28.4128931479622
124;0.50;20.50;False;False;True;False;1341;22.50;22.50;True;False;False;False;1;24.5040764717151;0;24.5040764717151;24.5040764717151
124;0.50;20.50;False;False;True;False;1457;10.50;24.50;True;False;False;False;1;22.7405555555497;0;22.7405555555497;22.7405555555497
124;0.50;20.50;False;False;True;False;1458;11.50;24.50;True;False;False;False;1;29.3244444444454;0;29.3244444444454;29.3244444444454
124;0.50;20.50;False;False;True;False;1466;19.50;24.50;True;False;False;False;1;28.5833333333394;0;28.5833333333394;28.5833333333394
124;0.50;20.50;False;False;True;False;1468;21.50;24.50;True;False;False;False;1;27.6686147075688;0;27.6686147075688;27.6686147075688
124;0.50;20.50;False;False;True;False;1520;9.50;25.50;True;False;False;False;2;19.5450794055649;0.0567257012486539;19.3766666666634;19.7134921444665
124;0.50;20.50;False;False;True;False;1522;11.50;25.50;True;False;False;False;1;20.6249062085878;0;20.6249062085878;20.6249062085878
124;0.50;20.50;False;False;True;False;1541;30.50;25.50;True;False;False;False;1;43.1733333333286;0;43.1733333333286;43.1733333333286
124;0.50;20.50;False;False;True;False;1714;11.50;28.50;True;False;False;False;1;25.6465728752555;0;25.6465728752555;25.6465728752555
124;0.50;20.50;False;False;True;False;1845;14.50;30.50;True;False;False;False;1;22.1916666666684;0;22.1916666666684;22.1916666666684
124;0.50;20.50;False;False;True;False;1851;20.50;30.50;True;False;False;False;1;39.9361111111098;0;39.9361111111098;39.9361111111098
124;0.50;20.50;False;False;True;False;2032;9.50;33.50;True;False;False;False;3;24.8120370370369;5.08817920010596;23.4993506530282;27.4166666666665
124;0.50;20.50;False;False;True;False;2039;16.50;33.50;True;False;False;False;1;27.7534271247418;0;27.7534271247418;27.7534271247418
124;0.50;20.50;False;False;True;False;2050;27.50;33.50;True;False;False;False;1;37.763795097479;0;37.763795097479;37.763795097479
124;0.50;20.50;False;False;True;False;2229;14.50;36.50;True;False;False;False;2;26.184401145199;0.00789297543672791;26.1215800681757;26.2472222222223
124;0.50;20.50;False;False;True;False;2288;9.50;37.50;True;False;False;False;1;27.8616666666665;0;27.8616666666665;27.8616666666665
124;0.50;20.50;False;False;True;False;2313;34.50;37.50;True;False;False;False;1;42.5666666666643;0;42.5666666666643;42.5666666666643
124;0.50;20.50;False;False;True;False;2416;9.50;39.50;True;False;False;False;1;27.375;0;27.375;27.375
124;0.50;20.50;False;False;True;False;2423;16.50;39.50;True;False;False;False;1;31.8416666666672;0;31.8416666666672;31.8416666666672
124;0.50;20.50;False;False;True;False;2439;32.50;39.50;True;False;False;False;1;44.5182467348063;0;44.5182467348063;44.5182467348063
124;0.50;20.50;False;False;True;False;2608;9.50;42.50;True;False;False;False;1;27.3111111111114;0;27.3111111111114;27.3111111111114
124;0.50;20.50;False;False;True;False;2623;24.50;42.50;True;False;False;False;1;39.156111111105;0;39.156111111105;39.156111111105
140;0.50;26.50;False;False;True;False;504;17.50;9.50;True;False;False;False;1;32.4304617641428;0;32.4304617641428;32.4304617641428
140;0.50;26.50;False;False;True;False;565;14.50;10.50;True;False;False;False;1;33.4572222222196;0;33.4572222222196;33.4572222222196
140;0.50;26.50;False;False;True;False;883;12.50;15.50;True;False;False;False;1;25.0144444444459;0;25.0144444444459;25.0144444444459
140;0.50;26.50;False;False;True;False;947;12.50;16.50;True;False;False;False;1;29.0888888888885;0;29.0888888888885;29.0888888888885
140;0.50;26.50;False;False;True;False;951;16.50;16.50;True;False;False;False;1;28.6349062085883;0;28.6349062085883;28.6349062085883
140;0.50;26.50;False;False;True;False;1073;10.50;18.50;True;False;False;False;1;32.9525107893905;0;32.9525107893905;32.9525107893905
140;0.50;26.50;False;False;True;False;1079;16.50;18.50;True;False;False;False;1;29.1888888888971;0;29.1888888888971;29.1888888888971
140;0.50;26.50;False;False;True;False;1269;14.50;21.50;True;False;False;False;1;22.9284271247479;0;22.9284271247479;22.9284271247479
140;0.50;26.50;False;False;True;False;1333;14.50;22.50;True;False;False;False;1;25.2796320272773;0;25.2796320272773;25.2796320272773
140;0.50;26.50;False;False;True;False;1334;15.50;22.50;True;False;False;False;1;25.9641630702044;0;25.9641630702044;25.9641630702044
140;0.50;26.50;False;False;True;False;1456;9.50;24.50;True;False;False;False;1;13.8194444444453;0;13.8194444444453;13.8194444444453
140;0.50;26.50;False;False;True;False;1462;15.50;24.50;True;False;False;False;1;26.0450000000001;0;26.0450000000001;26.0450000000001
140;0.50;26.50;False;False;True;False;1476;29.50;24.50;True;False;False;False;1;27.4728715691917;0;27.4728715691917;27.4728715691917
140;0.50;26.50;False;False;True;False;1530;19.50;25.50;True;False;False;False;1;17.8200937914123;0;17.8200937914123;17.8200937914123
140;0.50;26.50;False;False;True;False;1531;20.50;25.50;True;False;False;False;1;19.010461764143;0;19.010461764143;19.010461764143
140;0.50;26.50;False;False;True;False;1537;26.50;25.50;True;False;False;False;1;26.5805555555557;0;26.5805555555557;26.5805555555557
140;0.50;26.50;False;False;True;False;1538;27.50;25.50;True;False;False;False;1;23.7562049025246;0;23.7562049025246;23.7562049025246
140;0.50;26.50;False;False;True;False;1540;29.50;25.50;True;False;False;False;2;24.5906024512628;0.411945109550582;24.136760458081;25.0444444444447
140;0.50;26.50;False;False;True;False;1541;30.50;25.50;True;False;False;False;1;30.0623160136361;0;30.0623160136361;30.0623160136361
140;0.50;26.50;False;False;True;False;1542;31.50;25.50;True;False;False;False;1;25.999444444441;0;25.999444444441;25.999444444441
140;0.50;26.50;False;False;True;False;1546;35.50;25.50;True;False;False;False;2;32.9569444444464;43.4778125000322;28.2944444444447;37.6194444444482
140;0.50;26.50;False;False;True;False;1550;39.50;25.50;True;False;False;False;1;32.7852813742429;0;32.7852813742429;32.7852813742429
140;0.50;26.50;False;False;True;False;1648;9.50;27.50;True;False;False;False;1;11.6338888888895;0;11.6338888888895;11.6338888888895
140;0.50;26.50;False;False;True;False;1649;10.50;27.50;True;False;False;False;2;16.6481926462149;53.959634339959;11.4539826803029;21.8424026121269
140;0.50;26.50;False;False;True;False;1650;11.50;27.50;True;False;False;False;2;51.4993506530336;1919.58964506188;20.5187950974769;82.4799062085904
140;0.50;26.50;False;False;True;False;1653;14.50;27.50;True;False;False;False;2;14.1611111111112;0.00347222222222301;14.1194444444445;14.2027777777779
140;0.50;26.50;False;False;True;False;1664;25.50;27.50;True;False;False;False;1;21.4811111111158;0;21.4811111111158;21.4811111111158
140;0.50;26.50;False;False;True;False;1670;31.50;27.50;True;False;False;False;1;25.3786075146581;0;25.3786075146581;25.3786075146581
140;0.50;26.50;False;False;True;False;1676;37.50;27.50;True;False;False;False;1;44.442590194953;0;44.442590194953;44.442590194953
140;0.50;26.50;False;False;True;False;1713;10.50;28.50;True;False;False;False;1;22.6687950974783;0;22.6687950974783;22.6687950974783
140;0.50;26.50;False;False;True;False;1715;12.50;28.50;True;False;False;False;1;18.3583333333313;0;18.3583333333313;18.3583333333313
140;0.50;26.50;False;False;True;False;1735;32.50;28.50;True;False;False;False;1;30.2111111111089;0;30.2111111111089;30.2111111111089
140;0.50;26.50;False;False;True;False;1840;9.50;30.50;True;False;False;False;1;14.9166666666661;0;14.9166666666661;14.9166666666661
140;0.50;26.50;False;False;True;False;1845;14.50;30.50;True;False;False;False;2;18.8832431383837;0.0962325735417683;18.6638888888901;19.1025973878773
140;0.50;26.50;False;False;True;False;1848;17.50;30.50;True;False;False;False;1;39.2863780995158;0;39.2863780995158;39.2863780995158
140;0.50;26.50;False;False;True;False;1852;21.50;30.50;True;False;False;False;2;32.0147222222208;34.4957408950836;27.861666666664;36.1677777777777
140;0.50;26.50;False;False;True;False;1905;10.50;31.50;True;False;False;False;1;20.4700937914117;0;20.4700937914117;20.4700937914117
140;0.50;26.50;False;False;True;False;1906;11.50;31.50;True;False;False;False;1;21.1329581676864;0;21.1329581676864;21.1329581676864
140;0.50;26.50;False;False;True;False;1916;21.50;31.50;True;False;False;False;1;27.1110173197003;0;27.1110173197003;27.1110173197003
140;0.50;26.50;False;False;True;False;1920;25.50;31.50;True;False;False;False;1;29.7478715691905;0;29.7478715691905;29.7478715691905
140;0.50;26.50;False;False;True;False;1924;29.50;31.50;True;False;False;False;1;33.214444444437;0;33.214444444437;33.214444444437
140;0.50;26.50;False;False;True;False;2032;9.50;33.50;True;False;False;False;2;19.1163888888923;0.0893705246913717;18.9050000000034;19.3277777777812
140;0.50;26.50;False;False;True;False;2039;16.50;33.50;True;False;False;False;1;23.3345960625666;0;23.3345960625666;23.3345960625666
140;0.50;26.50;False;False;True;False;2096;9.50;34.50;True;False;False;False;1;17.7589826803015;0;17.7589826803015;17.7589826803015
140;0.50;26.50;False;False;True;False;2097;10.50;34.50;True;False;False;False;2;28.8725937914137;19.6936080664558;25.73463202727;32.0105555555574
140;0.50;26.50;False;False;True;False;2098;11.50;34.50;True;False;False;False;1;24.9145382358574;0;24.9145382358574;24.9145382358574
140;0.50;26.50;False;False;True;False;2225;10.50;36.50;True;False;False;False;2;25.9203210770205;0.0280243513591498;25.8019480409034;26.0386941131376
140;0.50;26.50;False;False;True;False;2226;11.50;36.50;True;False;False;False;2;28.4093614424162;21.4647203430005;25.1333333333334;31.6853895514989
140;0.50;26.50;False;False;True;False;2229;14.50;36.50;True;False;False;False;1;22.5944444444444;0;22.5944444444444;22.5944444444444
140;0.50;26.50;False;False;True;False;2246;31.50;36.50;True;False;False;False;1;55.3534271247399;0;55.3534271247399;55.3534271247399
140;0.50;26.50;False;False;True;False;2290;11.50;37.50;True;False;False;False;1;24.3122222222146;0;24.3122222222146;24.3122222222146
140;0.50;26.50;False;False;True;False;2480;9.50;40.50;True;False;False;False;1;21.8305555555554;0;21.8305555555554;21.8305555555554
140;0.50;26.50;False;False;True;False;2611;12.50;42.50;True;False;False;False;1;26.36944444444;0;26.36944444444;26.36944444444
140;0.50;26.50;False;False;True;False;2673;10.50;43.50;True;False;False;False;2;29.8864213987936;9.73741856918858;27.6799062085911;32.0929365889961
140;0.50;26.50;False;False;True;False;2802;11.50;45.50;True;False;False;False;1;28.3751731969769;0;28.3751731969769;28.3751731969769
156;0.50;32.50;False;False;True;False;1266;11.50;21.50;True;False;False;False;1;24.900735945469;0;24.900735945469;24.900735945469
156;0.50;32.50;False;False;True;False;1274;19.50;21.50;True;False;False;False;1;25.936111111113;0;25.936111111113;25.936111111113
156;0.50;32.50;False;False;True;False;1338;19.50;22.50;True;False;False;False;2;28.2760678118616;12.7180423043932;25.7543578459463;30.7977777777769
156;0.50;32.50;False;False;True;False;1348;29.50;22.50;True;False;False;False;1;32.8512986939313;0;32.8512986939313;32.8512986939313
156;0.50;32.50;False;False;True;False;1521;10.50;25.50;True;False;False;False;2;20.214025979549;0.0327244271341988;20.0861111111126;20.3419408479854
156;0.50;32.50;False;False;True;False;1654;15.50;27.50;True;False;False;False;1;22.9694444444458;0;22.9694444444458;22.9694444444458
156;0.50;32.50;False;False;True;False;1659;20.50;27.50;True;False;False;False;1;27.2604617641418;0;27.2604617641418;27.2604617641418
156;0.50;32.50;False;False;True;False;1717;14.50;28.50;True;False;False;False;1;26.1644444444428;0;26.1644444444428;26.1644444444428
156;0.50;32.50;False;False;True;False;1732;29.50;28.50;True;False;False;False;1;28.5812049025244;0;28.5812049025244;28.5812049025244
156;0.50;32.50;False;False;True;False;1846;15.50;30.50;True;False;False;False;1;25.2222222222235;0;25.2222222222235;25.2222222222235
156;0.50;32.50;False;False;True;False;1847;16.50;30.50;True;False;False;False;2;29.4832864376281;5.87450875519493;27.7694444444451;31.1971284308111
156;0.50;32.50;False;False;True;False;1848;17.50;30.50;True;False;False;False;1;20.5089826803026;0;20.5089826803026;20.5089826803026
156;0.50;32.50;False;False;True;False;1857;26.50;30.50;True;False;False;False;1;36.8790764717169;0;36.8790764717169;36.8790764717169
156;0.50;32.50;False;False;True;False;1868;37.50;30.50;True;False;False;False;1;35.6546320272755;0;35.6546320272755;35.6546320272755
156;0.50;32.50;False;False;True;False;1904;9.50;31.50;True;False;False;False;1;10.8922222222213;0;10.8922222222213;10.8922222222213
156;0.50;32.50;False;False;True;False;1905;10.50;31.50;True;False;False;False;1;11.8222222222212;0;11.8222222222212;11.8222222222212
156;0.50;32.50;False;False;True;False;1906;11.50;31.50;True;False;False;False;3;12.4356782131331;0.0261789758195661;12.292316013634;12.6111111111112
156;0.50;32.50;False;False;True;False;1911;16.50;31.50;True;False;False;False;1;29.9148124171747;0;29.9148124171747;29.9148124171747
156;0.50;32.50;False;False;True;False;1914;19.50;31.50;True;False;False;False;2;18.0975901949507;0.131474213088867;17.8411977095998;18.3539826803017
156;0.50;32.50;False;False;True;False;1916;21.50;31.50;True;False;False;False;2;19.0996753265154;0.173012879338768;18.8055555555557;19.393795097475
156;0.50;32.50;False;False;True;False;1919;24.50;31.50;True;False;False;False;2;20.9947222222236;0.0847347222200556;20.7888888888929;21.2005555555543
156;0.50;32.50;False;False;True;False;1920;25.50;31.50;True;False;False;False;1;22.4946320272802;0;22.4946320272802;22.4946320272802
156;0.50;32.50;False;False;True;False;1925;30.50;31.50;True;False;False;False;1;25.7138888888885;0;25.7138888888885;25.7138888888885
156;0.50;32.50;False;False;True;False;1926;31.50;31.50;True;False;False;False;1;26.0460101268022;0;26.0460101268022;26.0460101268022
156;0.50;32.50;False;False;True;False;1935;40.50;31.50;True;False;False;False;1;31.8318542494935;0;31.8318542494935;31.8318542494935
156;0.50;32.50;False;False;True;False;2032;9.50;33.50;True;False;False;False;2;11.1757864376269;0.359914293002572;10.7515728752538;11.6
156;0.50;32.50;False;False;True;False;2035;12.50;33.50;True;False;False;False;1;13.5361111111115;0;13.5361111111115;13.5361111111115
156;0.50;32.50;False;False;True;False;2039;16.50;33.50;True;False;False;False;1;15.3500000000003;0;15.3500000000003;15.3500000000003
156;0.50;32.50;False;False;True;False;2040;17.50;33.50;True;False;False;False;3;16.7550625276079;0.0357272414165511;16.6124098050445;16.9694444444458
156;0.50;32.50;False;False;True;False;2042;19.50;33.50;True;False;False;False;3;17.8225925925927;0.0561117838124841;17.5500000000006;17.9784271247465
156;0.50;32.50;False;False;True;False;2043;20.50;33.50;True;False;False;False;1;17.7673160136374;0;17.7673160136374;17.7673160136374
156;0.50;32.50;False;False;True;False;2045;22.50;33.50;True;False;False;False;1;19.4272222222198;0;19.4272222222198;19.4272222222198
156;0.50;32.50;False;False;True;False;2054;31.50;33.50;True;False;False;False;1;34.7237735187714;0;34.7237735187714;34.7237735187714
156;0.50;32.50;False;False;True;False;2063;40.50;33.50;True;False;False;False;1;31.7285137232266;0;31.7285137232266;31.7285137232266
156;0.50;32.50;False;False;True;False;2064;41.50;33.50;True;False;False;False;1;32.1299062085882;0;32.1299062085882;32.1299062085882
156;0.50;32.50;False;False;True;False;2096;9.50;34.50;True;False;False;False;2;14.5635642154048;0.00176125000761342;14.5338888888892;14.5932395419204
156;0.50;32.50;False;False;True;False;2098;11.50;34.50;True;False;False;False;1;21.4833333333354;0;21.4833333333354;21.4833333333354
156;0.50;32.50;False;False;True;False;2106;19.50;34.50;True;False;False;False;1;29.4251875828122;0;29.4251875828122;29.4251875828122
156;0.50;32.50;False;False;True;False;2108;21.50;34.50;True;False;False;False;1;28.3042568616229;0;28.3042568616229;28.3042568616229
156;0.50;32.50;False;False;True;False;2109;22.50;34.50;True;False;False;False;2;24.2123557164382;0.000458045294213246;24.1972222222248;24.2274892106516
156;0.50;32.50;False;False;True;False;2121;34.50;34.50;True;False;False;False;1;35.5286075146532;0;35.5286075146532;35.5286075146532
156;0.50;32.50;False;False;True;False;2226;11.50;36.50;True;False;False;False;1;34.1138888888895;0;34.1138888888895;34.1138888888895
156;0.50;32.50;False;False;True;False;2235;20.50;36.50;True;False;False;False;1;29.2055555555571;0;29.2055555555571;29.2055555555571
156;0.50;32.50;False;False;True;False;2289;10.50;37.50;True;False;False;False;1;19.8160173197011;0;19.8160173197011;19.8160173197011
156;0.50;32.50;False;False;True;False;2296;17.50;37.50;True;False;False;False;1;24.4333333333343;0;24.4333333333343;24.4333333333343
156;0.50;32.50;False;False;True;False;2298;19.50;37.50;True;False;False;False;1;26.5727777777847;0;26.5727777777847;26.5727777777847
156;0.50;32.50;False;False;True;False;2424;17.50;39.50;True;False;False;False;1;27.6543506530315;0;27.6543506530315;27.6543506530315
156;0.50;32.50;False;False;True;False;2480;9.50;40.50;True;False;False;False;1;18.3650937914138;0;18.3650937914138;18.3650937914138
156;0.50;32.50;False;False;True;False;2608;9.50;42.50;True;False;False;False;1;19.6666666666661;0;19.6666666666661;19.6666666666661
156;0.50;32.50;False;False;True;False;2672;9.50;43.50;True;False;False;False;1;23.0653679727288;0;23.0653679727288;23.0653679727288
172;0.50;38.50;False;False;True;False;944;9.50;16.50;True;False;False;False;1;26.7944444444447;0;26.7944444444447;26.7944444444447
172;0.50;38.50;False;False;True;False;1850;19.50;30.50;True;False;False;False;1;24.1277777777777;0;24.1277777777777;24.1277777777777
172;0.50;38.50;False;False;True;False;1914;19.50;31.50;True;False;False;False;1;24.2284271247472;0;24.2284271247472;24.2284271247472
172;0.50;38.50;False;False;True;False;2032;9.50;33.50;True;False;False;False;2;15.8778715691861;0.0574864268319073;15.7083333333337;16.0474098050386
172;0.50;38.50;False;False;True;False;2037;14.50;33.50;True;False;False;False;1;22.3591630702149;0;22.3591630702149;22.3591630702149
172;0.50;38.50;False;False;True;False;2038;15.50;33.50;True;False;False;False;2;23.6506024512678;0.108327326934325;23.4178715692019;23.8833333333337
172;0.50;38.50;False;False;True;False;2044;21.50;33.50;True;False;False;False;1;27.3054617641455;0;27.3054617641455;27.3054617641455
172;0.50;38.50;False;False;True;False;2096;9.50;34.50;True;False;False;False;2;14.9961111111108;0.0144500000000897;14.9111111111106;15.0811111111111
172;0.50;38.50;False;False;True;False;2103;16.50;34.50;True;False;False;False;1;24.6335496879337;0;24.6335496879337;24.6335496879337
172;0.50;38.50;False;False;True;False;2106;19.50;34.50;True;False;False;False;1;21.5674964035406;0;21.5674964035406;21.5674964035406
172;0.50;38.50;False;False;True;False;2114;27.50;34.50;True;False;False;False;1;28.2673160136364;0;28.2673160136364;28.2673160136364
172;0.50;38.50;False;False;True;False;2116;29.50;34.50;True;False;False;False;1;28.1993506530353;0;28.1993506530353;28.1993506530353
172;0.50;38.50;False;False;True;False;2226;11.50;36.50;True;False;False;False;1;28.2297258186809;0;28.2297258186809;28.2297258186809
172;0.50;38.50;False;False;True;False;2230;15.50;36.50;True;False;False;False;1;24.8394444444484;0;24.8394444444484;24.8394444444484
172;0.50;38.50;False;False;True;False;2231;16.50;36.50;True;False;False;False;1;26.6681529434218;0;26.6681529434218;26.6681529434218
172;0.50;38.50;False;False;True;False;2234;19.50;36.50;True;False;False;False;1;21.2505555555599;0;21.2505555555599;21.2505555555599
172;0.50;38.50;False;False;True;False;2242;27.50;36.50;True;False;False;False;1;27.7808369297991;0;27.7808369297991;27.7808369297991
172;0.50;38.50;False;False;True;False;2244;29.50;36.50;True;False;False;False;2;31.3138888888925;34.6296913580159;27.1527777777819;35.4750000000031
172;0.50;38.50;False;False;True;False;2288;9.50;37.50;True;False;False;False;3;11.179069278802;0.220249340931128;10.7727777777783;11.692770584856
172;0.50;38.50;False;False;True;False;2289;10.50;37.50;True;False;False;False;2;11.8848124171719;0.0183334970949396;11.7890692787887;11.9805555555552
172;0.50;38.50;False;False;True;False;2290;11.50;37.50;True;False;False;False;1;16.6750000000002;0;16.6750000000002;16.6750000000002
172;0.50;38.50;False;False;True;False;2291;12.50;37.50;True;False;False;False;1;13.5771284308112;0;13.5771284308112;13.5771284308112
172;0.50;38.50;False;False;True;False;2295;16.50;37.50;True;False;False;False;1;15.7888888888883;0;15.7888888888883;15.7888888888883
172;0.50;38.50;False;False;True;False;2296;17.50;37.50;True;False;False;False;1;16.2222222222226;0;16.2222222222226;16.2222222222226
172;0.50;38.50;False;False;True;False;2298;19.50;37.50;True;False;False;False;1;18.2978715691906;0;18.2978715691906;18.2978715691906
172;0.50;38.50;False;False;True;False;2300;21.50;37.50;True;False;False;False;1;19.616572875254;0;19.616572875254;19.616572875254
172;0.50;38.50;False;False;True;False;2304;25.50;37.50;True;False;False;False;3;22.1071260331799;0.290279956158173;21.487301627822;22.463333333334
172;0.50;38.50;False;False;True;False;2306;27.50;37.50;True;False;False;False;1;23.7150937914175;0;23.7150937914175;23.7150937914175
172;0.50;38.50;False;False;True;False;2308;29.50;37.50;True;False;False;False;1;24.8133333333362;0;24.8133333333362;24.8133333333362
172;0.50;38.50;False;False;True;False;2310;31.50;37.50;True;False;False;False;2;26.8917135623715;1.51944205025681;26.0200937914115;27.7633333333315
172;0.50;38.50;False;False;True;False;2416;9.50;39.50;True;False;False;False;2;11.3962517982284;0.0996299146495782;11.1730591520127;11.6194444444442
172;0.50;38.50;False;False;True;False;2418;11.50;39.50;True;False;False;False;2;12.8766666666665;0.0277432098764347;12.758888888889;12.9944444444441
172;0.50;38.50;False;False;True;False;2419;12.50;39.50;True;False;False;False;1;12.8700000000026;0;12.8700000000026;12.8700000000026
172;0.50;38.50;False;False;True;False;2421;14.50;39.50;True;False;False;False;1;15.0026911792858;0;15.0026911792858;15.0026911792858
172;0.50;38.50;False;False;True;False;2426;19.50;39.50;True;False;False;False;1;17.9083333333319;0;17.9083333333319;17.9083333333319
172;0.50;38.50;False;False;True;False;2429;22.50;39.50;True;False;False;False;1;20.3371284308032;0;20.3371284308032;20.3371284308032
172;0.50;38.50;False;False;True;False;2432;25.50;39.50;True;False;False;False;1;21.2761111111122;0;21.2761111111122;21.2761111111122
172;0.50;38.50;False;False;True;False;2433;26.50;39.50;True;False;False;False;1;23.0206493469605;0;23.0206493469605;23.0206493469605
172;0.50;38.50;False;False;True;False;2434;27.50;39.50;True;False;False;False;1;22.7505555555581;0;22.7505555555581;22.7505555555581
172;0.50;38.50;False;False;True;False;2437;30.50;39.50;True;False;False;False;1;25.5799999999963;0;25.5799999999963;25.5799999999963
172;0.50;38.50;False;False;True;False;2441;34.50;39.50;True;False;False;False;1;35.4642640545399;0;35.4642640545399;35.4642640545399
172;0.50;38.50;False;False;True;False;2480;9.50;40.50;True;False;False;False;3;14.2001154646541;0.0572133961340246;14.0230519590968;14.4722222222233
172;0.50;38.50;False;False;True;False;2488;17.50;40.50;True;False;False;False;1;30.3631529434242;0;30.3631529434242;30.3631529434242
172;0.50;38.50;False;False;True;False;2493;22.50;40.50;True;False;False;False;1;24.4512049025288;0;24.4512049025288;24.4512049025288
172;0.50;38.50;False;False;True;False;2609;10.50;42.50;True;False;False;False;1;22.6966666666694;0;22.6966666666694;22.6966666666694
172;0.50;38.50;False;False;True;False;2621;22.50;42.50;True;False;False;False;1;25.2705555555576;0;25.2705555555576;25.2705555555576
172;0.50;38.50;False;False;True;False;2673;10.50;43.50;True;False;False;False;1;19.5494444444421;0;19.5494444444421;19.5494444444421
172;0.50;38.50;False;False;True;False;2678;15.50;43.50;True;False;False;False;1;23.7686941131806;0;23.7686941131806;23.7686941131806
172;0.50;38.50;False;False;True;False;2687;24.50;43.50;True;False;False;False;1;26.1160173197013;0;26.1160173197013;26.1160173197013
172;0.50;38.50;False;False;True;False;2805;14.50;45.50;True;False;False;False;1;20.5966666666654;0;20.5966666666654;20.5966666666654
172;0.50;38.50;False;False;True;False;2866;11.50;46.50;True;False;False;False;1;25.2867604580833;0;25.2867604580833;25.2867604580833
172;0.50;38.50;False;False;True;False;2867;12.50;46.50;True;False;False;False;1;21.9089826803022;0;21.9089826803022;21.9089826803022
188;0.50;44.50;False;False;True;False;1520;9.50;25.50;True;False;False;False;1;25.3777777777832;0;25.3777777777832;25.3777777777832
188;0.50;44.50;False;False;True;False;1650;11.50;27.50;True;False;False;False;1;29.3284271247448;0;29.3284271247448;29.3284271247448
188;0.50;44.50;False;False;True;False;1654;15.50;27.50;True;False;False;False;1;32.0521284308097;0;32.0521284308097;32.0521284308097
188;0.50;44.50;False;False;True;False;2103;16.50;34.50;True;False;False;False;1;28.3420490252538;0;28.3420490252538;28.3420490252538
188;0.50;44.50;False;False;True;False;2291;12.50;37.50;True;False;False;False;1;21.4722222222235;0;21.4722222222235;21.4722222222235
188;0.50;44.50;False;False;True;False;2424;17.50;39.50;True;False;False;False;1;22.7715728752564;0;22.7715728752564;22.7715728752564
188;0.50;44.50;False;False;True;False;2486;15.50;40.50;True;False;False;False;2;31.3884740204587;73.1120532867175;25.3423160136449;37.4346320272725
188;0.50;44.50;False;False;True;False;2497;26.50;40.50;True;False;False;False;1;31.0510245126243;0;31.0510245126243;31.0510245126243
188;0.50;44.50;False;False;True;False;2608;9.50;42.50;True;False;False;False;2;14.094675326518;0.00164256270974092;14.0660173196984;14.1233333333375
188;0.50;44.50;False;False;True;False;2610;11.50;42.50;True;False;False;False;1;28.3104617641438;0;28.3104617641438;28.3104617641438
188;0.50;44.50;False;False;True;False;2614;15.50;42.50;True;False;False;False;1;25.1722222222211;0;25.1722222222211;25.1722222222211
188;0.50;44.50;False;False;True;False;2615;16.50;42.50;True;False;False;False;1;24.3805555555546;0;24.3805555555546;24.3805555555546
188;0.50;44.50;False;False;True;False;2616;17.50;42.50;True;False;False;False;1;20.8700937914139;0;20.8700937914139;20.8700937914139
188;0.50;44.50;False;False;True;False;2618;19.50;42.50;True;False;False;False;1;20.7388888888872;0;20.7388888888872;20.7388888888872
188;0.50;44.50;False;False;True;False;2625;26.50;42.50;True;False;False;False;1;31.0440692788015;0;31.0440692788015;31.0440692788015
188;0.50;44.50;False;False;True;False;2673;10.50;43.50;True;False;False;False;3;11.6458946621215;0.479827817009418;11.1555555555553;12.4383333333332
188;0.50;44.50;False;False;True;False;2678;15.50;43.50;True;False;False;False;5;16.0084992807084;3.70757162700658;14.6440764717147;19.3812049025232
188;0.50;44.50;False;False;True;False;2679;16.50;43.50;True;False;False;False;3;15.7566017414257;0.263937532136695;15.4555555555553;16.3498052242771
188;0.50;44.50;False;False;True;False;2680;17.50;43.50;True;False;False;False;2;17.0486111111106;0.000189043209844514;17.0388888888892;17.058333333332
188;0.50;44.50;False;False;True;False;2682;19.50;43.50;True;False;False;False;1;17.8444444444435;0;17.8444444444435;17.8444444444435
188;0.50;44.50;False;False;True;False;2683;20.50;43.50;True;False;False;False;1;18.4062049025251;0;18.4062049025251;18.4062049025251
188;0.50;44.50;False;False;True;False;2684;21.50;43.50;True;False;False;False;2;19.6593975487382;0.0303990914053589;19.5361111111115;19.7826839863649
188;0.50;44.50;False;False;True;False;2688;25.50;43.50;True;False;False;False;2;22.2135642154044;0.68629150101468;21.6277777777777;22.7993506530311
188;0.50;44.50;False;False;True;False;2689;26.50;43.50;True;False;False;False;1;22.8104617641407;0;22.8104617641407;22.8104617641407
188;0.50;44.50;False;False;True;False;2692;29.50;43.50;True;False;False;False;2;24.5755555555515;0.495565432093035;24.0777777777766;25.0733333333264
188;0.50;44.50;False;False;True;False;2693;30.50;43.50;True;False;False;False;1;24.807965360611;0;24.807965360611;24.807965360611
188;0.50;44.50;False;False;True;False;2695;32.50;43.50;True;False;False;False;1;27.3200000000024;0;27.3200000000024;27.3200000000024
188;0.50;44.50;False;False;True;False;2697;34.50;43.50;True;False;False;False;1;27.9874098050459;0;27.9874098050459;27.9874098050459
188;0.50;44.50;False;False;True;False;2699;36.50;43.50;True;False;False;False;1;28.8438888888877;0;28.8438888888877;28.8438888888877
188;0.50;44.50;False;False;True;False;2800;9.50;45.50;True;False;False;False;4;9.50293292157571;11.7303934891602;4.38116893782535;11.5581529434285
188;0.50;44.50;False;False;True;False;2803;12.50;45.50;True;False;False;False;1;13.5194444444442;0;13.5194444444442;13.5194444444442
188;0.50;44.50;False;False;True;False;2805;14.50;45.50;True;False;False;False;2;14.6497799073128;0.138533165645032;14.3865944540246;14.912965360601
188;0.50;44.50;False;False;True;False;2807;16.50;45.50;True;False;False;False;3;15.7539201526905;0.0715615548707652;15.4749999999981;16.0083333333328
188;0.50;44.50;False;False;True;False;2811;20.50;45.50;True;False;False;False;1;18.9562049025249;0;18.9562049025249;18.9562049025249
188;0.50;44.50;False;False;True;False;2815;24.50;45.50;True;False;False;False;1;20.9672222222234;0;20.9672222222234;20.9672222222234
188;0.50;44.50;False;False;True;False;2818;27.50;45.50;True;False;False;False;1;22.9111111111106;0;22.9111111111106;22.9111111111106
188;0.50;44.50;False;False;True;False;2823;32.50;45.50;True;False;False;False;1;26.5657431383779;0;26.5657431383779;26.5657431383779
188;0.50;44.50;False;False;True;False;2825;34.50;45.50;True;False;False;False;2;27.8179184648952;7.816996214006E-05;27.8116666666683;27.8241702631221
188;0.50;44.50;False;False;True;False;2826;35.50;45.50;True;False;False;False;1;29.0882395419194;0;29.0882395419194;29.0882395419194
188;0.50;44.50;False;False;True;False;2864;9.50;46.50;True;False;False;False;1;13.7673160136392;0;13.7673160136392;13.7673160136392
188;0.50;44.50;False;False;True;False;2866;11.50;46.50;True;False;False;False;1;21.3833333333328;0;21.3833333333328;21.3833333333328
188;0.50;44.50;False;False;True;False;2871;16.50;46.50;True;False;False;False;1;30.8354617641426;0;30.8354617641426;30.8354617641426
188;0.50;44.50;False;False;True;False;2872;17.50;46.50;True;False;False;False;1;31.6136075146478;0;31.6136075146478;31.6136075146478
188;0.50;44.50;False;False;True;False;2876;21.50;46.50;True;False;False;False;2;28.1833333333357;0.0326543209874012;28.0555555555584;28.311111111113
188;0.50;44.50;False;False;True;False;2887;32.50;46.50;True;False;False;False;1;30.00676045809;0;30.00676045809;30.00676045809
188;0.50;44.50;False;False;True;False;2889;34.50;46.50;True;False;False;False;2;30.9885642154081;0.0236131248882161;30.8799062085973;31.097222222219
204;13.50;0.50;False;True;False;False;497;10.50;9.50;True;False;False;False;2;19.9151803899034;0.392769062538411;19.4720274464751;20.3583333333318
204;13.50;0.50;False;True;False;False;498;11.50;9.50;True;False;False;False;2;14.2602308820714;0.0263439008602321;14.1454617641427;14.375
204;13.50;0.50;False;True;False;False;503;16.50;9.50;True;False;False;False;1;14.9611111111012;0;14.9611111111012;14.9611111111012
204;13.50;0.50;False;True;False;False;506;19.50;9.50;True;False;False;False;1;16.6727777777778;0;16.6727777777778;16.6727777777778
204;13.50;0.50;False;True;False;False;507;20.50;9.50;True;False;False;False;1;22.2166666666667;0;22.2166666666667;22.2166666666667
204;13.50;0.50;False;True;False;False;508;21.50;9.50;True;False;False;False;1;17.5339826802983;0;17.5339826802983;17.5339826802983
204;13.50;0.50;False;True;False;False;522;35.50;9.50;True;False;False;False;1;27.2138888888885;0;27.2138888888885;27.2138888888885
204;13.50;0.50;False;True;False;False;560;9.50;10.50;True;False;False;False;1;17.7178643762694;0;17.7178643762694;17.7178643762694
204;13.50;0.50;False;True;False;False;561;10.50;10.50;True;False;False;False;1;15.9749277873564;0;15.9749277873564;15.9749277873564
204;13.50;0.50;False;True;False;False;562;11.50;10.50;True;False;False;False;2;17.3773160136325;5.55863440964487;15.7101875828203;19.0444444444447
204;13.50;0.50;False;True;False;False;563;12.50;10.50;True;False;False;False;1;11.8366666666673;0;11.8366666666673;11.8366666666673
204;13.50;0.50;False;True;False;False;580;29.50;10.50;True;False;False;False;1;31.8206493469679;0;31.8206493469679;31.8206493469679
204;13.50;0.50;False;True;False;False;583;32.50;10.50;True;False;False;False;1;29.651782036851;0;29.651782036851;29.651782036851
204;13.50;0.50;False;True;False;False;691;12.50;12.50;True;False;False;False;1;13.0376911792573;0;13.0376911792573;13.0376911792573
204;13.50;0.50;False;True;False;False;693;14.50;12.50;True;False;False;False;2;13.1482864376269;0.657314679134057;12.575;13.7215728752539
204;13.50;0.50;False;True;False;False;695;16.50;12.50;True;False;False;False;1;28.3055555555559;0;28.3055555555559;28.3055555555559
204;13.50;0.50;False;True;False;False;753;10.50;13.50;True;False;False;False;2;26.8930555555556;0.316747131439106;26.495093791413;27.2910173196983
204;13.50;0.50;False;True;False;False;754;11.50;13.50;True;False;False;False;1;27.6227777777822;0;27.6227777777822;27.6227777777822
204;13.50;0.50;False;True;False;False;755;12.50;13.50;True;False;False;False;1;14.1138888888881;0;14.1138888888881;14.1138888888881
204;13.50;0.50;False;True;False;False;758;15.50;13.50;True;False;False;False;1;18.0727777777761;0;18.0727777777761;18.0727777777761
204;13.50;0.50;False;True;False;False;760;17.50;13.50;True;False;False;False;1;18.9076911792833;0;18.9076911792833;18.9076911792833
204;13.50;0.50;False;True;False;False;764;21.50;13.50;True;False;False;False;2;22.3340403653928;0.0192453594166608;22.2359451070552;22.4321356237305
204;13.50;0.50;False;True;False;False;783;40.50;13.50;True;False;False;False;1;35.9122294151448;0;35.9122294151448;35.9122294151448
204;13.50;0.50;False;True;False;False;881;10.50;15.50;True;False;False;False;1;26.8116666666673;0;26.8116666666673;26.8116666666673
204;13.50;0.50;False;True;False;False;883;12.50;15.50;True;False;False;False;1;15.1145382358573;0;15.1145382358573;15.1145382358573
204;13.50;0.50;False;True;False;False;885;14.50;15.50;True;False;False;False;1;18.4021284308083;0;18.4021284308083;18.4021284308083
204;13.50;0.50;False;True;False;False;886;15.50;15.50;True;False;False;False;1;18.4277777777788;0;18.4277777777788;18.4277777777788
204;13.50;0.50;False;True;False;False;888;17.50;15.50;True;False;False;False;4;19.439884558965;0.115417039630527;18.9589826803021;19.758888888889
204;13.50;0.50;False;True;False;False;890;19.50;15.50;True;False;False;False;1;20.8707431383809;0;20.8707431383809;20.8707431383809
204;13.50;0.50;False;True;False;False;900;29.50;15.50;True;False;False;False;1;27.2194444444442;0;27.2194444444442;27.2194444444442
204;13.50;0.50;False;True;False;False;901;30.50;15.50;True;False;False;False;1;28.1979797464508;0;28.1979797464508;28.1979797464508
204;13.50;0.50;False;True;False;False;907;36.50;15.50;True;False;False;False;1;32.1432395419242;0;32.1432395419242;32.1432395419242
204;13.50;0.50;False;True;False;False;944;9.50;16.50;True;False;False;False;1;21.7673160136333;0;21.7673160136333;21.7673160136333
204;13.50;0.50;False;True;False;False;945;10.50;16.50;True;False;False;False;1;20.4477777777781;0;20.4477777777781;20.4477777777781
204;13.50;0.50;False;True;False;False;949;14.50;16.50;True;False;False;False;2;15.7899531042933;0.0174397343509217;15.6965728752538;15.8833333333328
204;13.50;0.50;False;True;False;False;950;15.50;16.50;True;False;False;False;1;32.7083333333335;0;32.7083333333335;32.7083333333335
204;13.50;0.50;False;True;False;False;954;19.50;16.50;True;False;False;False;2;30.7156096441784;7.37958934210467;28.7947258186823;32.6364934696744
204;13.50;0.50;False;True;False;False;969;34.50;16.50;True;False;False;False;1;33.8062049025229;0;33.8062049025229;33.8062049025229
204;13.50;0.50;False;True;False;False;1075;12.50;18.50;True;False;False;False;2;18.8631024512632;5.30444280738434;17.2345382358599;20.4916666666665
204;13.50;0.50;False;True;False;False;1142;15.50;19.50;True;False;False;False;1;25.8626911792862;0;25.8626911792862;25.8626911792862
204;13.50;0.50;False;True;False;False;1144;17.50;19.50;True;False;False;False;1;23.1987950974756;0;23.1987950974756;23.1987950974756
204;13.50;0.50;False;True;False;False;1153;26.50;19.50;True;False;False;False;2;29.6424062085879;0.153700332938212;29.3651875828264;29.9196248343494
204;13.50;0.50;False;True;False;False;1267;12.50;21.50;True;False;False;False;1;20.3935209161632;0;20.3935209161632;20.3935209161632
204;13.50;0.50;False;True;False;False;1270;15.50;21.50;True;False;False;False;1;21.5910173196983;0;21.5910173196983;21.5910173196983
204;13.50;0.50;False;True;False;False;1274;19.50;21.50;True;False;False;False;1;26.6416666666682;0;26.6416666666682;26.6416666666682
204;13.50;0.50;False;True;False;False;1275;20.50;21.50;True;False;False;False;1;25.2978715691925;0;25.2978715691925;25.2978715691925
204;13.50;0.50;False;True;False;False;1276;21.50;21.50;True;False;False;False;1;26.3884055459753;0;26.3884055459753;26.3884055459753
204;13.50;0.50;False;True;False;False;1277;22.50;21.50;True;False;False;False;1;26.8012986939348;0;26.8012986939348;26.8012986939348
204;13.50;0.50;False;True;False;False;1281;26.50;21.50;True;False;False;False;2;29.2419949366072;0.00817556910432773;29.1780591520092;29.3059307212052
204;13.50;0.50;False;True;False;False;1333;14.50;22.50;True;False;False;False;1;20.2361111111104;0;20.2361111111104;20.2361111111104
204;13.50;0.50;False;True;False;False;1343;24.50;22.50;True;False;False;False;1;30.6144444444453;0;30.6144444444453;30.6144444444453
204;13.50;0.50;False;True;False;False;1349;30.50;22.50;True;False;False;False;1;44.5422222222141;0;44.5422222222141;44.5422222222141
204;13.50;0.50;False;True;False;False;1457;10.50;24.50;True;False;False;False;1;25.0666666666671;0;25.0666666666671;25.0666666666671
204;13.50;0.50;False;True;False;False;1458;11.50;24.50;True;False;False;False;1;23.8001875828231;0;23.8001875828231;23.8001875828231
204;13.50;0.50;False;True;False;False;1462;15.50;24.50;True;False;False;False;1;37.3194444444421;0;37.3194444444421;37.3194444444421
204;13.50;0.50;False;True;False;False;1464;17.50;24.50;True;False;False;False;1;30.7972222222224;0;30.7972222222224;30.7972222222224
204;13.50;0.50;False;True;False;False;1474;27.50;24.50;True;False;False;False;1;45.463888888889;0;45.463888888889;45.463888888889
204;13.50;0.50;False;True;False;False;1523;12.50;25.50;True;False;False;False;1;21.7979653605912;0;21.7979653605912;21.7979653605912
204;13.50;0.50;False;True;False;False;1528;17.50;25.50;True;False;False;False;1;27.0772222222222;0;27.0772222222222;27.0772222222222
204;13.50;0.50;False;True;False;False;1531;20.50;25.50;True;False;False;False;1;28.9253607798059;0;28.9253607798059;28.9253607798059
204;13.50;0.50;False;True;False;False;1542;31.50;25.50;True;False;False;False;1;42.2437950974772;0;42.2437950974772;42.2437950974772
204;13.50;0.50;False;True;False;False;1548;37.50;25.50;True;False;False;False;1;43.2527777777823;0;43.2527777777823;43.2527777777823
204;13.50;0.50;False;True;False;False;1655;16.50;27.50;True;False;False;False;1;29.3428715691905;0;29.3428715691905;29.3428715691905
204;13.50;0.50;False;True;False;False;1659;20.50;27.50;True;False;False;False;1;33.9388888888866;0;33.9388888888866;33.9388888888866
204;13.50;0.50;False;True;False;False;1660;21.50;27.50;True;False;False;False;3;36.0826551202;56.8966573153898;31.2228715691886;44.7722222222205
204;13.50;0.50;False;True;False;False;1678;39.50;27.50;True;False;False;False;1;44.1305555555546;0;44.1305555555546;44.1305555555546
204;13.50;0.50;False;True;False;False;1713;10.50;28.50;True;False;False;False;2;29.7151803899196;1.93860274906995;28.7306493469682;30.699711432871
204;13.50;0.50;False;True;False;False;1715;12.50;28.50;True;False;False;False;1;24.4055555555562;0;24.4055555555562;24.4055555555562
204;13.50;0.50;False;True;False;False;1719;16.50;28.50;True;False;False;False;1;41.706017319691;0;41.706017319691;41.706017319691
204;13.50;0.50;False;True;False;False;1722;19.50;28.50;True;False;False;False;1;40.8706493469692;0;40.8706493469692;40.8706493469692
204;13.50;0.50;False;True;False;False;1729;26.50;28.50;True;False;False;False;1;60.5562049025211;0;60.5562049025211;60.5562049025211
204;13.50;0.50;False;True;False;False;1845;14.50;30.50;True;False;False;False;1;25.486111111111;0;25.486111111111;25.486111111111
204;13.50;0.50;False;True;False;False;1848;17.50;30.50;True;False;False;False;1;37.7592640545363;0;37.7592640545363;37.7592640545363
204;13.50;0.50;False;True;False;False;1907;12.50;31.50;True;False;False;False;2;34.1222258186813;132.139488622613;25.99389608181;42.2505555555526
204;13.50;0.50;False;True;False;False;1909;14.50;31.50;True;False;False;False;1;28.0558297368748;0;28.0558297368748;28.0558297368748
204;13.50;0.50;False;True;False;False;1910;15.50;31.50;True;False;False;False;1;30.4825901949521;0;30.4825901949521;30.4825901949521
204;13.50;0.50;False;True;False;False;1916;21.50;31.50;True;False;False;False;1;36.6277777777777;0;36.6277777777777;36.6277777777777
204;13.50;0.50;False;True;False;False;1917;22.50;31.50;True;False;False;False;1;36.146666666667;0;36.146666666667;36.146666666667
204;13.50;0.50;False;True;False;False;2037;14.50;33.50;True;False;False;False;1;27.1700000000001;0;27.1700000000001;27.1700000000001
204;13.50;0.50;False;True;False;False;2038;15.50;33.50;True;False;False;False;1;30.2194444444449;0;30.2194444444449;30.2194444444449
204;13.50;0.50;False;True;False;False;2040;17.50;33.50;True;False;False;False;1;45.2158369297945;0;45.2158369297945;45.2158369297945
204;13.50;0.50;False;True;False;False;2055;32.50;33.50;True;False;False;False;1;64.5783333333356;0;64.5783333333356;64.5783333333356
204;13.50;0.50;False;True;False;False;2062;39.50;33.50;True;False;False;False;1;48.1901875828225;0;48.1901875828225;48.1901875828225
204;13.50;0.50;False;True;False;False;2098;11.50;34.50;True;False;False;False;1;35.6423160136351;0;35.6423160136351;35.6423160136351
204;13.50;0.50;False;True;False;False;2099;12.50;34.50;True;False;False;False;1;27.8422222222218;0;27.8422222222218;27.8422222222218
204;13.50;0.50;False;True;False;False;2101;14.50;34.50;True;False;False;False;1;28.4499062085872;0;28.4499062085872;28.4499062085872
204;13.50;0.50;False;True;False;False;2111;24.50;34.50;True;False;False;False;1;41.4111111111106;0;41.4111111111106;41.4111111111106
204;13.50;0.50;False;True;False;False;2225;10.50;36.50;True;False;False;False;1;33.0542640545364;0;33.0542640545364;33.0542640545364
204;13.50;0.50;False;True;False;False;2226;11.50;36.50;True;False;False;False;1;43.0449999999964;0;43.0449999999964;43.0449999999964
204;13.50;0.50;False;True;False;False;2229;14.50;36.50;True;False;False;False;1;29.1861111111166;0;29.1861111111166;29.1861111111166
204;13.50;0.50;False;True;False;False;2232;17.50;36.50;True;False;False;False;1;53.4050865984941;0;53.4050865984941;53.4050865984941
204;13.50;0.50;False;True;False;False;2295;16.50;37.50;True;False;False;False;1;43.9533333333334;0;43.9533333333334;43.9533333333334
204;13.50;0.50;False;True;False;False;2296;17.50;37.50;True;False;False;False;1;36.9138888888911;0;36.9138888888911;36.9138888888911
204;13.50;0.50;False;True;False;False;2421;14.50;39.50;True;False;False;False;1;31.0916666666669;0;31.0916666666669;31.0916666666669
204;13.50;0.50;False;True;False;False;2481;10.50;40.50;True;False;False;False;1;45.2650937914086;0;45.2650937914086;45.2650937914086
204;13.50;0.50;False;True;False;False;2495;24.50;40.50;True;False;False;False;1;45.1582395419177;0;45.1582395419177;45.1582395419177
204;13.50;0.50;False;True;False;False;2811;20.50;45.50;True;False;False;False;1;47.4216666666653;0;47.4216666666653;47.4216666666653
204;13.50;0.50;False;True;False;False;2818;27.50;45.50;True;False;False;False;1;56.0940764717061;0;56.0940764717061;56.0940764717061
220;23.50;0.50;False;True;False;False;504;17.50;9.50;True;False;False;False;1;20.6138888888981;0;20.6138888888981;20.6138888888981
220;23.50;0.50;False;True;False;False;507;20.50;9.50;True;False;False;False;1;20.3993506530317;0;20.3993506530317;20.3993506530317
220;23.50;0.50;False;True;False;False;512;25.50;9.50;True;False;False;False;1;14.2466666666687;0;14.2466666666687;14.2466666666687
220;23.50;0.50;False;True;False;False;514;27.50;9.50;True;False;False;False;2;15.3957864376222;0.379015142679867;14.9604617641428;15.8311111111016
220;23.50;0.50;False;True;False;False;516;29.50;9.50;True;False;False;False;1;16.2839826803018;0;16.2839826803018;16.2839826803018
220;23.50;0.50;False;True;False;False;529;42.50;9.50;True;False;False;False;2;25.2455555555543;0.0164006172834404;25.1550000000002;25.3361111111085
220;23.50;0.50;False;True;False;False;560;9.50;10.50;True;False;False;False;1;24.29935784594;0;24.29935784594;24.29935784594
220;23.50;0.50;False;True;False;False;561;10.50;10.50;True;False;False;False;1;23.5010173197024;0;23.5010173197024;23.5010173197024
220;23.50;0.50;False;True;False;False;565;14.50;10.50;True;False;False;False;2;21.1039790838398;0.0357540019173357;20.9702741813169;21.2376839863628
220;23.50;0.50;False;True;False;False;567;16.50;10.50;True;False;False;False;1;18.8448196100958;0;18.8448196100958;18.8448196100958
220;23.50;0.50;False;True;False;False;568;17.50;10.50;True;False;False;False;1;18.0833333333334;0;18.0833333333334;18.0833333333334
220;23.50;0.50;False;True;False;False;570;19.50;10.50;True;False;False;False;1;17.3839826803023;0;17.3839826803023;17.3839826803023
220;23.50;0.50;False;True;False;False;571;20.50;10.50;True;False;False;False;1;16.7783333333329;0;16.7783333333329;16.7783333333329
220;23.50;0.50;False;True;False;False;577;26.50;10.50;True;False;False;False;1;30.6250000000005;0;30.6250000000005;30.6250000000005
220;23.50;0.50;False;True;False;False;585;34.50;10.50;True;False;False;False;1;22.7609307212051;0;22.7609307212051;22.7609307212051
220;23.50;0.50;False;True;False;False;587;36.50;10.50;True;False;False;False;1;31.8006133822701;0;31.8006133822701;31.8006133822701
220;23.50;0.50;False;True;False;False;695;16.50;12.50;True;False;False;False;1;19.4755555555557;0;19.4755555555557;19.4755555555557
220;23.50;0.50;False;True;False;False;705;26.50;12.50;True;False;False;False;1;28.6314790838419;0;28.6314790838419;28.6314790838419
220;23.50;0.50;False;True;False;False;709;30.50;12.50;True;False;False;False;2;27.6104184648989;0.0389660098849067;27.4708369297932;27.7500000000045
220;23.50;0.50;False;True;False;False;710;31.50;12.50;True;False;False;False;1;27.0694444444471;0;27.0694444444471;27.0694444444471
220;23.50;0.50;False;True;False;False;755;12.50;13.50;True;False;False;False;1;25.361111111109;0;25.361111111109;25.361111111109
220;23.50;0.50;False;True;False;False;762;19.50;13.50;True;False;False;False;1;26.7299062085863;0;26.7299062085863;26.7299062085863
220;23.50;0.50;False;True;False;False;768;25.50;13.50;True;False;False;False;1;18.4117604580795;0;18.4117604580795;18.4117604580795
220;23.50;0.50;False;True;False;False;770;27.50;13.50;True;False;False;False;1;19.8805555555556;0;19.8805555555556;19.8805555555556
220;23.50;0.50;False;True;False;False;772;29.50;13.50;True;False;False;False;1;20.5000000000001;0;20.5000000000001;20.5000000000001
220;23.50;0.50;False;True;False;False;774;31.50;13.50;True;False;False;False;3;21.6442592592604;0.0194893004107795;21.4972222222259;21.7749999999983
220;23.50;0.50;False;True;False;False;779;36.50;13.50;True;False;False;False;1;25.5000000000014;0;25.5000000000014;25.5000000000014
220;23.50;0.50;False;True;False;False;883;12.50;15.50;True;False;False;False;1;25.8295670075895;0;25.8295670075895;25.8295670075895
220;23.50;0.50;False;True;False;False;888;17.50;15.50;True;False;False;False;2;27.7026839863661;11.0197849357774;25.3553679727265;30.0500000000056
220;23.50;0.50;False;True;False;False;892;21.50;15.50;True;False;False;False;1;30.7749999999994;0;30.7749999999994;30.7749999999994
220;23.50;0.50;False;True;False;False;893;22.50;15.50;True;False;False;False;1;14.8284271247462;0;14.8284271247462;14.8284271247462
220;23.50;0.50;False;True;False;False;905;34.50;15.50;True;False;False;False;1;24.5888888888894;0;24.5888888888894;24.5888888888894
220;23.50;0.50;False;True;False;False;910;39.50;15.50;True;False;False;False;1;27.7722222222205;0;27.7722222222205;27.7722222222205
220;23.50;0.50;False;True;False;False;945;10.50;16.50;True;False;False;False;1;28.4818542494886;0;28.4818542494886;28.4818542494886
220;23.50;0.50;False;True;False;False;951;16.50;16.50;True;False;False;False;1;23.0830879237737;0;23.0830879237737;23.0830879237737
220;23.50;0.50;False;True;False;False;954;19.50;16.50;True;False;False;False;1;21.2888888888883;0;21.2888888888883;21.2888888888883
220;23.50;0.50;False;True;False;False;955;20.50;16.50;True;False;False;False;1;21.1416666666669;0;21.1416666666669;21.1416666666669
220;23.50;0.50;False;True;False;False;957;22.50;16.50;True;False;False;False;1;16.882128430809;0;16.882128430809;16.882128430809
220;23.50;0.50;False;True;False;False;1079;16.50;18.50;True;False;False;False;1;23.051204902525;0;23.051204902525;23.051204902525
220;23.50;0.50;False;True;False;False;1082;19.50;18.50;True;False;False;False;1;21.9477777777793;0;21.9477777777793;21.9477777777793
220;23.50;0.50;False;True;False;False;1084;21.50;18.50;True;False;False;False;2;19.9953282699454;0.0947318064602576;19.7776911792873;20.2129653606036
220;23.50;0.50;False;True;False;False;1090;27.50;18.50;True;False;False;False;1;27.9583333333339;0;27.9583333333339;27.9583333333339
220;23.50;0.50;False;True;False;False;1095;32.50;18.50;True;False;False;False;1;27.6364718909176;0;27.6364718909176;27.6364718909176
220;23.50;0.50;False;True;False;False;1151;24.50;19.50;True;False;False;False;1;21.0339826803011;0;21.0339826803011;21.0339826803011
220;23.50;0.50;False;True;False;False;1157;30.50;19.50;True;False;False;False;1;24.8910173196984;0;24.8910173196984;24.8910173196984
220;23.50;0.50;False;True;False;False;1158;31.50;19.50;True;False;False;False;1;25.8477777777779;0;25.8477777777779;25.8477777777779
220;23.50;0.50;False;True;False;False;1163;36.50;19.50;True;False;False;False;1;29.0305555555524;0;29.0305555555524;29.0305555555524
220;23.50;0.50;False;True;False;False;1166;39.50;19.50;True;False;False;False;1;31.4777777777799;0;31.4777777777799;31.4777777777799
220;23.50;0.50;False;True;False;False;1274;19.50;21.50;True;False;False;False;1;29.8743506530282;0;29.8743506530282;29.8743506530282
220;23.50;0.50;False;True;False;False;1280;25.50;21.50;True;False;False;False;2;22.144859312881;0.0106868851464363;22.07176045808;22.217958167682
220;23.50;0.50;False;True;False;False;1285;30.50;21.50;True;False;False;False;1;26.0972222222225;0;26.0972222222225;26.0972222222225
220;23.50;0.50;False;True;False;False;1329;10.50;22.50;True;False;False;False;1;37.1521284308078;0;37.1521284308078;37.1521284308078
220;23.50;0.50;False;True;False;False;1331;12.50;22.50;True;False;False;False;1;36.5752957600257;0;36.5752957600257;36.5752957600257
220;23.50;0.50;False;True;False;False;1334;15.50;22.50;True;False;False;False;1;27.9232395419203;0;27.9232395419203;27.9232395419203
220;23.50;0.50;False;True;False;False;1335;16.50;22.50;True;False;False;False;1;27.7594444444446;0;27.7594444444446;27.7594444444446
220;23.50;0.50;False;True;False;False;1339;20.50;22.50;True;False;False;False;1;24.4739754873801;0;24.4739754873801;24.4739754873801
220;23.50;0.50;False;True;False;False;1340;21.50;22.50;True;False;False;False;2;24.1144913401499;0.00732259583374813;24.0539826802997;24.1750000000002
220;23.50;0.50;False;True;False;False;1464;17.50;24.50;True;False;False;False;1;27.1499999999992;0;27.1499999999992;27.1499999999992
220;23.50;0.50;False;True;False;False;1471;24.50;24.50;True;False;False;False;1;21.3478715691909;0;21.3478715691909;21.3478715691909
220;23.50;0.50;False;True;False;False;1484;37.50;24.50;True;False;False;False;1;40.4138888888874;0;40.4138888888874;40.4138888888874
220;23.50;0.50;False;True;False;False;1530;19.50;25.50;True;False;False;False;1;36.9752741813218;0;36.9752741813218;36.9752741813218
220;23.50;0.50;False;True;False;False;1540;29.50;25.50;True;False;False;False;2;29.0120851315623;0.164090917395874;28.7256493469649;29.2985209161598
220;23.50;0.50;False;True;False;False;1542;31.50;25.50;True;False;False;False;1;30.5250000000024;0;30.5250000000024;30.5250000000024
220;23.50;0.50;False;True;False;False;1546;35.50;25.50;True;False;False;False;1;32.2111111111108;0;32.2111111111108;32.2111111111108
220;23.50;0.50;False;True;False;False;1655;16.50;27.50;True;False;False;False;1;37.6570346393933;0;37.6570346393933;37.6570346393933
220;23.50;0.50;False;True;False;False;1664;25.50;27.50;True;False;False;False;1;25.568888888889;0;25.568888888889;25.568888888889
220;23.50;0.50;False;True;False;False;1665;26.50;27.50;True;False;False;False;1;26.6965728752498;0;26.6965728752498;26.6965728752498
220;23.50;0.50;False;True;False;False;1668;29.50;27.50;True;False;False;False;2;28.5356493469656;0.210650133062886;28.2111111111112;28.8601875828199
220;23.50;0.50;False;True;False;False;1670;31.50;27.50;True;False;False;False;1;38.6777777777779;0;38.6777777777779;38.6777777777779
220;23.50;0.50;False;True;False;False;1679;40.50;27.50;True;False;False;False;1;45.1972222222203;0;45.1972222222203;45.1972222222203
220;23.50;0.50;False;True;False;False;1723;20.50;28.50;True;False;False;False;2;28.8090187866228;0.0152355644414953;28.7217388793088;28.8962986939368
220;23.50;0.50;False;True;False;False;1727;24.50;28.50;True;False;False;False;1;23.4611111111112;0;23.4611111111112;23.4611111111112
220;23.50;0.50;False;True;False;False;1845;14.50;30.50;True;False;False;False;1;33.1953751656447;0;33.1953751656447;33.1953751656447
220;23.50;0.50;False;True;False;False;1846;15.50;30.50;True;False;False;False;1;37.9228715691916;0;37.9228715691916;37.9228715691916
220;23.50;0.50;False;True;False;False;1851;20.50;30.50;True;False;False;False;2;32.2350000000033;0.0064222222217467;32.1783333333387;32.2916666666679
220;23.50;0.50;False;True;False;False;1852;21.50;30.50;True;False;False;False;2;17.1175758090569;403.733376953474;2.90959606256456;31.3255555555493
220;23.50;0.50;False;True;False;False;1853;22.50;30.50;True;False;False;False;4;35.934812417174;319.061354464419;25.1222222222223;62.4206493469683
220;23.50;0.50;False;True;False;False;1855;24.50;30.50;True;False;False;False;2;27.0620851315639;6.86797738975134;25.2089826803012;28.9151875828265
220;23.50;0.50;False;True;False;False;1917;22.50;31.50;True;False;False;False;1;26.192777777778;0;26.192777777778;26.192777777778
220;23.50;0.50;False;True;False;False;1919;24.50;31.50;True;False;False;False;2;27.9055555555553;5.01388888888589;26.3222222222224;29.4888888888881
220;23.50;0.50;False;True;False;False;1922;27.50;31.50;True;False;False;False;1;31.6167604580794;0;31.6167604580794;31.6167604580794
220;23.50;0.50;False;True;False;False;2045;22.50;33.50;True;False;False;False;1;36.0162699222444;0;36.0162699222444;36.0162699222444
220;23.50;0.50;False;True;False;False;2052;29.50;33.50;True;False;False;False;1;32.0806493469686;0;32.0806493469686;32.0806493469686
220;23.50;0.50;False;True;False;False;2108;21.50;34.50;True;False;False;False;1;40.9999999999959;0;40.9999999999959;40.9999999999959
220;23.50;0.50;False;True;False;False;2109;22.50;34.50;True;False;False;False;1;27.980555555554;0;27.980555555554;27.980555555554
220;23.50;0.50;False;True;False;False;2235;20.50;36.50;True;False;False;False;1;53.3961183040251;0;53.3961183040251;53.3961183040251
220;23.50;0.50;False;True;False;False;2236;21.50;36.50;True;False;False;False;1;32.5562986939369;0;32.5562986939369;32.5562986939369
220;23.50;0.50;False;True;False;False;2237;22.50;36.50;True;False;False;False;1;28.7793506530322;0;28.7793506530322;28.7793506530322
220;23.50;0.50;False;True;False;False;2433;26.50;39.50;True;False;False;False;2;41.5074062085896;24.9557872449467;37.9750000000013;45.0398124171779
220;23.50;0.50;False;True;False;False;2620;21.50;42.50;True;False;False;False;1;37.3555555555536;0;37.3555555555536;37.3555555555536
220;23.50;0.50;False;True;False;False;2689;26.50;43.50;True;False;False;False;1;40.8790764717173;0;40.8790764717173;40.8790764717173
220;23.50;0.50;False;True;False;False;2877;22.50;46.50;True;False;False;False;1;39.8450937914113;0;39.8450937914113;39.8450937914113
236;33.50;0.50;False;True;False;False;504;17.50;9.50;True;False;False;False;1;24.5777777777766;0;24.5777777777766;24.5777777777766
236;33.50;0.50;False;True;False;False;512;25.50;9.50;True;False;False;False;1;18.2255555555521;0;18.2255555555521;18.2255555555521
236;33.50;0.50;False;True;False;False;523;36.50;9.50;True;False;False;False;1;14.2855555555556;0;14.2855555555556;14.2855555555556
236;33.50;0.50;False;True;False;False;526;39.50;9.50;True;False;False;False;1;16.2444444444436;0;16.2444444444436;16.2444444444436
236;33.50;0.50;False;True;False;False;529;42.50;9.50;True;False;False;False;2;18.2763888888885;0.149726080246538;18.0027777777777;18.5499999999993
236;33.50;0.50;False;True;False;False;532;45.50;9.50;True;False;False;False;1;21.0499999999999;0;21.0499999999999;21.0499999999999
236;33.50;0.50;False;True;False;False;583;32.50;10.50;True;False;False;False;1;11.295649346968;0;11.295649346968;11.295649346968
236;33.50;0.50;False;True;False;False;585;34.50;10.50;True;False;False;False;1;12.1784271247489;0;12.1784271247489;12.1784271247489
236;33.50;0.50;False;True;False;False;711;32.50;12.50;True;False;False;False;1;13.6485137232398;0;13.6485137232398;13.6485137232398
236;33.50;0.50;False;True;False;False;713;34.50;12.50;True;False;False;False;1;13.7132395419194;0;13.7132395419194;13.7132395419194
236;33.50;0.50;False;True;False;False;715;36.50;12.50;True;False;False;False;1;28.1130591520182;0;28.1130591520182;28.1130591520182
236;33.50;0.50;False;True;False;False;726;47.50;12.50;True;False;False;False;1;30.1105555555532;0;30.1105555555532;30.1105555555532
236;33.50;0.50;False;True;False;False;783;40.50;13.50;True;False;False;False;3;25.1686724399014;19.8450264830409;20.9623160136362;29.8360173197025
236;33.50;0.50;False;True;False;False;789;46.50;13.50;True;False;False;False;1;24.9333333333316;0;24.9333333333316;24.9333333333316
236;33.50;0.50;False;True;False;False;903;32.50;15.50;True;False;False;False;2;15.0462049025205;0.141039506178299;14.7806493469598;15.3117604580812
236;33.50;0.50;False;True;False;False;905;34.50;15.50;True;False;False;False;1;14.7583333333334;0;14.7583333333334;14.7583333333334
236;33.50;0.50;False;True;False;False;906;35.50;15.50;True;False;False;False;1;17.2478715691906;0;17.2478715691906;17.2478715691906
236;33.50;0.50;False;True;False;False;907;36.50;15.50;True;False;False;False;1;18.7157431383812;0;18.7157431383812;18.7157431383812
236;33.50;0.50;False;True;False;False;908;37.50;15.50;True;False;False;False;1;19.6145382358574;0;19.6145382358574;19.6145382358574
236;33.50;0.50;False;True;False;False;911;40.50;15.50;True;False;False;False;1;20.8061111111107;0;20.8061111111107;20.8061111111107
236;33.50;0.50;False;True;False;False;913;42.50;15.50;True;False;False;False;1;22.722683986364;0;22.722683986364;22.722683986364
236;33.50;0.50;False;True;False;False;921;50.50;15.50;True;False;False;False;1;31.7172222222225;0;31.7172222222225;31.7172222222225
236;33.50;0.50;False;True;False;False;951;16.50;16.50;True;False;False;False;1;29.9194444444552;0;29.9194444444552;29.9194444444552
236;33.50;0.50;False;True;False;False;955;20.50;16.50;True;False;False;False;1;26.8995382358662;0;26.8995382358662;26.8995382358662
236;33.50;0.50;False;True;False;False;961;26.50;16.50;True;False;False;False;2;23.4377777777805;0.0808913580267086;23.2366666666669;23.6388888888941
236;33.50;0.50;False;True;False;False;964;29.50;16.50;True;False;False;False;1;21.6499999999999;0;21.6499999999999;21.6499999999999
236;33.50;0.50;False;True;False;False;1079;16.50;18.50;True;False;False;False;1;30.0666666666548;0;30.0666666666548;30.0666666666548
236;33.50;0.50;False;True;False;False;1088;25.50;18.50;True;False;False;False;1;24.1222222222223;0;24.1222222222223;24.1222222222223
236;33.50;0.50;False;True;False;False;1095;32.50;18.50;True;False;False;False;1;16.4950937914128;0;16.4950937914128;16.4950937914128
236;33.50;0.50;False;True;False;False;1097;34.50;18.50;True;False;False;False;1;17.3123160136329;0;17.3123160136329;17.3123160136329
236;33.50;0.50;False;True;False;False;1158;31.50;19.50;True;False;False;False;1;35.6716666666689;0;35.6716666666689;35.6716666666689
236;33.50;0.50;False;True;False;False;1162;35.50;19.50;True;False;False;False;1;28.9633333333328;0;28.9633333333328;28.9633333333328
236;33.50;0.50;False;True;False;False;1164;37.50;19.50;True;False;False;False;2;23.5402633919313;0.065474454622112;23.3593290742604;23.7211977096023
236;33.50;0.50;False;True;False;False;1166;39.50;19.50;True;False;False;False;1;24.3473160136355;0;24.3473160136355;24.3473160136355
236;33.50;0.50;False;True;False;False;1168;41.50;19.50;True;False;False;False;1;26.0722222222225;0;26.0722222222225;26.0722222222225
236;33.50;0.50;False;True;False;False;1284;29.50;21.50;True;False;False;False;1;29.3555555555427;0;29.3555555555427;29.3555555555427
236;33.50;0.50;False;True;False;False;1289;34.50;21.50;True;False;False;False;1;18.8222222222225;0;18.8222222222225;18.8222222222225
236;33.50;0.50;False;True;False;False;1290;35.50;21.50;True;False;False;False;2;22.0492135623721;0.00599931255707371;21.9944444444448;22.1039826802994
236;33.50;0.50;False;True;False;False;1296;41.50;21.50;True;False;False;False;1;26.18444444444;0;26.18444444444;26.18444444444
236;33.50;0.50;False;True;False;False;1299;44.50;21.50;True;False;False;False;1;28.020000000005;0;28.020000000005;28.020000000005
236;33.50;0.50;False;True;False;False;1348;29.50;22.50;True;False;False;False;1;25.5950937914131;0;25.5950937914131;25.5950937914131
236;33.50;0.50;False;True;False;False;1350;31.50;22.50;True;False;False;False;2;24.016991340151;0.00121774347731334;23.9923160136353;24.0416666666667
236;33.50;0.50;False;True;False;False;1351;32.50;22.50;True;False;False;False;1;27.7117604580781;0;27.7117604580781;27.7117604580781
236;33.50;0.50;False;True;False;False;1353;34.50;22.50;True;False;False;False;3;20.9397835510147;3.25344949887899;19.8000000000011;23.0193506530431
236;33.50;0.50;False;True;False;False;1472;25.50;24.50;True;False;False;False;1;27.8562049025236;0;27.8562049025236;27.8562049025236
236;33.50;0.50;False;True;False;False;1473;26.50;24.50;True;False;False;False;1;31.3182395419226;0;31.3182395419226;31.3182395419226
236;33.50;0.50;False;True;False;False;1477;30.50;24.50;True;False;False;False;1;24.7662986939326;0;24.7662986939326;24.7662986939326
236;33.50;0.50;False;True;False;False;1478;31.50;24.50;True;False;False;False;2;24.4908297368713;0.00461936418527437;24.4427705848539;24.5388888888888
236;33.50;0.50;False;True;False;False;1479;32.50;24.50;True;False;False;False;2;23.2622222222203;5.37920000000513;21.6222222222195;24.9022222222211
236;33.50;0.50;False;True;False;False;1486;39.50;24.50;True;False;False;False;1;39.4055555555638;0;39.4055555555638;39.4055555555638
236;33.50;0.50;False;True;False;False;1543;32.50;25.50;True;False;False;False;1;22.069444444443;0;22.069444444443;22.069444444443
236;33.50;0.50;False;True;False;False;1545;34.50;25.50;True;False;False;False;1;21.8083333333335;0;21.8083333333335;21.8083333333335
236;33.50;0.50;False;True;False;False;1546;35.50;25.50;True;False;False;False;2;26.239953104292;0.0195765789465526;26.1410173196978;26.3388888888862
236;33.50;0.50;False;True;False;False;1548;37.50;25.50;True;False;False;False;1;27.3111111111118;0;27.3111111111118;27.3111111111118
236;33.50;0.50;False;True;False;False;1551;40.50;25.50;True;False;False;False;1;29.7367604580795;0;29.7367604580795;29.7367604580795
236;33.50;0.50;False;True;False;False;1678;39.50;27.50;True;False;False;False;1;42.7138888888885;0;42.7138888888885;42.7138888888885
236;33.50;0.50;False;True;False;False;1729;26.50;28.50;True;False;False;False;1;31.68870130607;0;31.68870130607;31.68870130607
236;33.50;0.50;False;True;False;False;1730;27.50;28.50;True;False;False;False;1;31.1284271247459;0;31.1284271247459;31.1284271247459
236;33.50;0.50;False;True;False;False;1733;30.50;28.50;True;False;False;False;1;28.2611111110991;0;28.2611111110991;28.2611111110991
236;33.50;0.50;False;True;False;False;1734;31.50;28.50;True;False;False;False;1;28.1672222222169;0;28.1672222222169;28.1672222222169
236;33.50;0.50;False;True;False;False;1735;32.50;28.50;True;False;False;False;4;25.3111345589654;6.53761234874404;23.7839826803022;29.1195382358583
236;33.50;0.50;False;True;False;False;1737;34.50;28.50;True;False;False;False;2;24.1013455896415;0.12365803158162;23.8526911792828;24.3500000000001
236;33.50;0.50;False;True;False;False;1861;30.50;30.50;True;False;False;False;1;29.6988888888895;0;29.6988888888895;29.6988888888895
236;33.50;0.50;False;True;False;False;1862;31.50;30.50;True;False;False;False;2;28.1096356237156;0.381361837379121;27.6729653605998;28.5463058868313
236;33.50;0.50;False;True;False;False;1863;32.50;30.50;True;False;False;False;2;36.2603715691916;127.354927223038;28.2805555555533;44.24018758283
236;33.50;0.50;False;True;False;False;1865;34.50;30.50;True;False;False;False;1;32.1138888888881;0;32.1138888888881;32.1138888888881
236;33.50;0.50;False;True;False;False;2055;32.50;33.50;True;False;False;False;1;41.5916666666653;0;41.5916666666653;41.5916666666653
236;33.50;0.50;False;True;False;False;2058;35.50;33.50;True;False;False;False;1;31.1095382358531;0;31.1095382358531;31.1095382358531
236;33.50;0.50;False;True;False;False;2060;37.50;33.50;True;False;False;False;1;45.2184271247338;0;45.2184271247338;45.2184271247338
236;33.50;0.50;False;True;False;False;2063;40.50;33.50;True;False;False;False;1;34.6555555555578;0;34.6555555555578;34.6555555555578
236;33.50;0.50;False;True;False;False;2117;30.50;34.50;True;False;False;False;1;38.3218542494856;0;38.3218542494856;38.3218542494856
236;33.50;0.50;False;True;False;False;2118;31.50;34.50;True;False;False;False;1;37.0606493469636;0;37.0606493469636;37.0606493469636
236;33.50;0.50;False;True;False;False;2119;32.50;34.50;True;False;False;False;1;28.0277777777792;0;28.0277777777792;28.0277777777792
236;33.50;0.50;False;True;False;False;2121;34.50;34.50;True;False;False;False;1;31.0584271247481;0;31.0584271247481;31.0584271247481
236;33.50;0.50;False;True;False;False;2247;32.50;36.50;True;False;False;False;1;53.4324098050529;0;53.4324098050529;53.4324098050529
236;33.50;0.50;False;True;False;False;2311;32.50;37.50;True;False;False;False;1;29.9759235282877;0;29.9759235282877;29.9759235282877
236;33.50;0.50;False;True;False;False;2503;32.50;40.50;True;False;False;False;1;31.5014790838286;0;31.5014790838286;31.5014790838286
252;43.50;0.50;False;True;False;False;529;42.50;9.50;True;False;False;False;1;11.6589826803017;0;11.6589826803017;11.6589826803017
252;43.50;0.50;False;True;False;False;533;46.50;9.50;True;False;False;False;2;15.0617604580795;0.0632098765431943;14.8839826803017;15.2395382358573
252;43.50;0.50;False;True;False;False;585;34.50;10.50;True;False;False;False;1;20.6444444444446;0;20.6444444444446;20.6444444444446
252;43.50;0.50;False;True;False;False;714;35.50;12.50;True;False;False;False;1;24.8623160136357;0;24.8623160136357;24.8623160136357
252;43.50;0.50;False;True;False;False;715;36.50;12.50;True;False;False;False;1;19.8027777777777;0;19.8027777777777;19.8027777777777
252;43.50;0.50;False;True;False;False;720;41.50;12.50;True;False;False;False;1;16.0604617641432;0;16.0604617641432;16.0604617641432
252;43.50;0.50;False;True;False;False;780;37.50;13.50;True;False;False;False;1;27.0924313837954;0;27.0924313837954;27.0924313837954
252;43.50;0.50;False;True;False;False;785;42.50;13.50;True;False;False;False;1;14.0977777777778;0;14.0977777777778;14.0977777777778
252;43.50;0.50;False;True;False;False;787;44.50;13.50;True;False;False;False;1;14.5395382358579;0;14.5395382358579;14.5395382358579
252;43.50;0.50;False;True;False;False;788;45.50;13.50;True;False;False;False;1;25.1928715691915;0;25.1928715691915;25.1928715691915
252;43.50;0.50;False;True;False;False;789;46.50;13.50;True;False;False;False;1;18.3277777777778;0;18.3277777777778;18.3277777777778
252;43.50;0.50;False;True;False;False;803;60.50;13.50;True;False;False;False;1;27.6333333333359;0;27.6333333333359;27.6333333333359
252;43.50;0.50;False;True;False;False;903;32.50;15.50;True;False;False;False;1;26.2888888888888;0;26.2888888888888;26.2888888888888
252;43.50;0.50;False;True;False;False;915;44.50;15.50;True;False;False;False;1;15.1916666666665;0;15.1916666666665;15.1916666666665
252;43.50;0.50;False;True;False;False;916;45.50;15.50;True;False;False;False;2;18.1599062085866;0.315570987655275;17.7626839863638;18.5571284308094
252;43.50;0.50;False;True;False;False;918;47.50;15.50;True;False;False;False;1;19.7428643762707;0;19.7428643762707;19.7428643762707
252;43.50;0.50;False;True;False;False;923;52.50;15.50;True;False;False;False;1;23.074170263129;0;23.074170263129;23.074170263129
252;43.50;0.50;False;True;False;False;931;60.50;15.50;True;False;False;False;1;28.3083333333334;0;28.3083333333334;28.3083333333334
252;43.50;0.50;False;True;False;False;970;35.50;16.50;True;False;False;False;1;24.193982680303;0;24.193982680303;24.193982680303
252;43.50;0.50;False;True;False;False;971;36.50;16.50;True;False;False;False;1;23.5634271247461;0;23.5634271247461;23.5634271247461
252;43.50;0.50;False;True;False;False;972;37.50;16.50;True;False;False;False;1;22.4416666666669;0;22.4416666666669;22.4416666666669
252;43.50;0.50;False;True;False;False;976;41.50;16.50;True;False;False;False;1;20.108333333334;0;20.108333333334;20.108333333334
252;43.50;0.50;False;True;False;False;979;44.50;16.50;True;False;False;False;1;16.179545428781;0;16.179545428781;16.179545428781
252;43.50;0.50;False;True;False;False;1097;34.50;18.50;True;False;False;False;1;24.6879653606084;0;24.6879653606084;24.6879653606084
252;43.50;0.50;False;True;False;False;1100;37.50;18.50;True;False;False;False;1;22.8000000000003;0;22.8000000000003;22.8000000000003
252;43.50;0.50;False;True;False;False;1102;39.50;18.50;True;False;False;False;1;21.0333333333333;0;21.0333333333333;21.0333333333333
252;43.50;0.50;False;True;False;False;1103;40.50;18.50;True;False;False;False;2;20.7930555555559;0.000312499999972431;20.7805555555565;20.8055555555554
252;43.50;0.50;False;True;False;False;1105;42.50;18.50;True;False;False;False;1;17.4333333333332;0;17.4333333333332;17.4333333333332
252;43.50;0.50;False;True;False;False;1112;49.50;18.50;True;False;False;False;1;27.4611111111103;0;27.4611111111103;27.4611111111103
252;43.50;0.50;False;True;False;False;1173;46.50;19.50;True;False;False;False;2;23.1513888888884;0.000466820987692841;23.13611111111;23.1666666666669
252;43.50;0.50;False;True;False;False;1174;47.50;19.50;True;False;False;False;2;26.7917135623733;18.0672921900671;23.786111111111;29.7973160136355
252;43.50;0.50;False;True;False;False;1178;51.50;19.50;True;False;False;False;1;26.4776911792819;0;26.4776911792819;26.4776911792819
252;43.50;0.50;False;True;False;False;1292;37.50;21.50;True;False;False;False;1;32.9638888888885;0;32.9638888888885;32.9638888888885
252;43.50;0.50;False;True;False;False;1300;45.50;21.50;True;False;False;False;1;22.352128430809;0;22.352128430809;22.352128430809
252;43.50;0.50;False;True;False;False;1301;46.50;21.50;True;False;False;False;1;22.6839826802993;0;22.6839826802993;22.6839826802993
252;43.50;0.50;False;True;False;False;1304;49.50;21.50;True;False;False;False;1;24.7006493469682;0;24.7006493469682;24.7006493469682
252;43.50;0.50;False;True;False;False;1305;50.50;21.50;True;False;False;False;2;25.4547258186801;0.152164087487852;25.1788960818062;25.730555555554
252;43.50;0.50;False;True;False;False;1354;35.50;22.50;True;False;False;False;1;28.1969552338005;0;28.1969552338005;28.1969552338005
252;43.50;0.50;False;True;False;False;1356;37.50;22.50;True;False;False;False;3;26.9762962962961;0.0247431564553292;26.8388888888876;27.1478715691887
252;43.50;0.50;False;True;False;False;1358;39.50;22.50;True;False;False;False;1;28.5033333333333;0;28.5033333333333;28.5033333333333
252;43.50;0.50;False;True;False;False;1482;35.50;24.50;True;False;False;False;1;28.0876767934678;0;28.0876767934678;28.0876767934678
252;43.50;0.50;False;True;False;False;1483;36.50;24.50;True;False;False;False;1;27.3601947757179;0;27.3601947757179;27.3601947757179
252;43.50;0.50;False;True;False;False;1486;39.50;24.50;True;False;False;False;1;28.9408369297935;0;28.9408369297935;28.9408369297935
252;43.50;0.50;False;True;False;False;1488;41.50;24.50;True;False;False;False;1;23.8630591520161;0;23.8630591520161;23.8630591520161
252;43.50;0.50;False;True;False;False;1489;42.50;24.50;True;False;False;False;1;21.3354617641435;0;21.3354617641435;21.3354617641435
252;43.50;0.50;False;True;False;False;1553;42.50;25.50;True;False;False;False;1;21.8416666666665;0;21.8416666666665;21.8416666666665
252;43.50;0.50;False;True;False;False;1555;44.50;25.50;True;False;False;False;1;69.0700937914135;0;69.0700937914135;69.0700937914135
252;43.50;0.50;False;True;False;False;1558;47.50;25.50;True;False;False;False;1;30.5944444444426;0;30.5944444444426;30.5944444444426
252;43.50;0.50;False;True;False;False;1561;50.50;25.50;True;False;False;False;1;33.702128430808;0;33.702128430808;33.702128430808
252;43.50;0.50;False;True;False;False;1681;42.50;27.50;True;False;False;False;1;27.1271284308109;0;27.1271284308109;27.1271284308109
252;43.50;0.50;False;True;False;False;1685;46.50;27.50;True;False;False;False;1;26.7240692787987;0;26.7240692787987;26.7240692787987
252;43.50;0.50;False;True;False;False;1686;47.50;27.50;True;False;False;False;1;27.8611111111136;0;27.8611111111136;27.8611111111136
252;43.50;0.50;False;True;False;False;1688;49.50;27.50;True;False;False;False;1;28.7358369297895;0;28.7358369297895;28.7358369297895
252;43.50;0.50;False;True;False;False;1689;50.50;27.50;True;False;False;False;1;29.2666666666655;0;29.2666666666655;29.2666666666655
252;43.50;0.50;False;True;False;False;1744;41.50;28.50;True;False;False;False;1;28.0811111111043;0;28.0811111111043;28.0811111111043
252;43.50;0.50;False;True;False;False;1745;42.50;28.50;True;False;False;False;1;23.826782036851;0;23.826782036851;23.826782036851
252;43.50;0.50;False;True;False;False;1747;44.50;28.50;True;False;False;False;1;23.7694444444439;0;23.7694444444439;23.7694444444439
252;43.50;0.50;False;True;False;False;1937;42.50;31.50;True;False;False;False;1;29.3922222222172;0;29.3922222222172;29.3922222222172
252;43.50;0.50;False;True;False;False;1940;45.50;31.50;True;False;False;False;1;38.1916666666671;0;38.1916666666671;38.1916666666671
252;43.50;0.50;False;True;False;False;2065;42.50;33.50;True;False;False;False;1;28.2145382358567;0;28.2145382358567;28.2145382358567
252;43.50;0.50;False;True;False;False;2259;44.50;36.50;True;False;False;False;1;28.7867604580911;0;28.7867604580911;28.7867604580911
268;53.50;0.50;False;True;False;False;538;51.50;9.50;True;False;False;False;3;14.2881794119523;0.0340200693390479;14.106204902524;14.4749999999999
268;53.50;0.50;False;True;False;False;542;55.50;9.50;True;False;False;False;3;14.2234054515194;0.00665271807171743;14.1444444444445;14.3073447853722
268;53.50;0.50;False;True;False;False;543;56.50;9.50;True;False;False;False;2;14.5388888888897;0.0537191358029925;14.375;14.7027777777794
268;53.50;0.50;False;True;False;False;548;61.50;9.50;True;False;False;False;1;18.3166666666675;0;18.3166666666675;18.3166666666675
268;53.50;0.50;False;True;False;False;591;40.50;10.50;True;False;False;False;1;23.9178715691896;0;23.9178715691896;23.9178715691896
268;53.50;0.50;False;True;False;False;598;47.50;10.50;True;False;False;False;1;18.7348124171776;0;18.7348124171776;18.7348124171776
268;53.50;0.50;False;True;False;False;600;49.50;10.50;True;False;False;False;2;17.3599098050479;0.0392505254434236;17.2198196100958;17.5
268;53.50;0.50;False;True;False;False;603;52.50;10.50;True;False;False;False;2;11.6150576850922;0.161251313751214;11.3311111111111;11.8990042590733
268;53.50;0.50;False;True;False;False;608;57.50;10.50;True;False;False;False;1;24.9244372515468;0;24.9244372515468;24.9244372515468
268;53.50;0.50;False;True;False;False;611;60.50;10.50;True;False;False;False;1;27.711760458079;0;27.711760458079;27.711760458079
268;53.50;0.50;False;True;False;False;719;40.50;12.50;True;False;False;False;1;23.1838022903994;0;23.1838022903994;23.1838022903994
268;53.50;0.50;False;True;False;False;720;41.50;12.50;True;False;False;False;1;22.375;0;22.375;22.375
268;53.50;0.50;False;True;False;False;724;45.50;12.50;True;False;False;False;1;20.5382395419197;0;20.5382395419197;20.5382395419197
268;53.50;0.50;False;True;False;False;725;46.50;12.50;True;False;False;False;1;19.7494444444442;0;19.7494444444442;19.7494444444442
268;53.50;0.50;False;True;False;False;730;51.50;12.50;True;False;False;False;1;16.1611111111108;0;16.1611111111108;16.1611111111108
268;53.50;0.50;False;True;False;False;733;54.50;12.50;True;False;False;False;1;13.5722222222219;0;13.5722222222219;13.5722222222219
268;53.50;0.50;False;True;False;False;736;57.50;12.50;True;False;False;False;1;23.875;0;23.875;23.875
268;53.50;0.50;False;True;False;False;748;69.50;12.50;True;False;False;False;1;30.1989826802906;0;30.1989826802906;30.1989826802906
268;53.50;0.50;False;True;False;False;792;49.50;13.50;True;False;False;False;1;26.7589826803001;0;26.7589826803001;26.7589826803001
268;53.50;0.50;False;True;False;False;793;50.50;13.50;True;False;False;False;1;29.7557431383757;0;29.7557431383757;29.7557431383757
268;53.50;0.50;False;True;False;False;798;55.50;13.50;True;False;False;False;2;18.0644913401509;0.4673128916539;17.5811111111107;18.5478715691911
268;53.50;0.50;False;True;False;False;918;47.50;15.50;True;False;False;False;1;25.4944444444448;0;25.4944444444448;25.4944444444448
268;53.50;0.50;False;True;False;False;926;55.50;15.50;True;False;False;False;1;18.3161111111112;0;18.3161111111112;18.3161111111112
268;53.50;0.50;False;True;False;False;927;56.50;15.50;True;False;False;False;1;19.2138888888885;0;19.2138888888885;19.2138888888885
268;53.50;0.50;False;True;False;False;976;41.50;16.50;True;False;False;False;1;26.0966666666682;0;26.0966666666682;26.0966666666682
268;53.50;0.50;False;True;False;False;980;45.50;16.50;True;False;False;False;2;27.7324062085873;22.197553698301;24.4009235282856;31.0638888888891
268;53.50;0.50;False;True;False;False;981;46.50;16.50;True;False;False;False;1;23.5838166762467;0;23.5838166762467;23.5838166762467
268;53.50;0.50;False;True;False;False;984;49.50;16.50;True;False;False;False;1;21.3222222222225;0;21.3222222222225;21.3222222222225
268;53.50;0.50;False;True;False;False;985;50.50;16.50;True;False;False;False;1;20.6001875828315;0;20.6001875828315;20.6001875828315
268;53.50;0.50;False;True;False;False;1105;42.50;18.50;True;False;False;False;2;26.1188419931825;0.000934828992637322;26.0972222222235;26.1404617641415
268;53.50;0.50;False;True;False;False;1108;45.50;18.50;True;False;False;False;1;23.677777777777;0;23.677777777777;23.677777777777
268;53.50;0.50;False;True;False;False;1113;50.50;18.50;True;False;False;False;1;20.833982680302;0;20.833982680302;20.833982680302
268;53.50;0.50;False;True;False;False;1117;54.50;18.50;True;False;False;False;1;17.1457431383819;0;17.1457431383819;17.1457431383819
268;53.50;0.50;False;True;False;False;1181;54.50;19.50;True;False;False;False;2;18.0975468957056;0.533218107845461;17.5812049025241;18.6138888888872
268;53.50;0.50;False;True;False;False;1187;60.50;19.50;True;False;False;False;1;28.9566666666678;0;28.9566666666678;28.9566666666678
268;53.50;0.50;False;True;False;False;1191;64.50;19.50;True;False;False;False;1;28.2534271247491;0;28.2534271247491;28.2534271247491
268;53.50;0.50;False;True;False;False;1314;59.50;21.50;True;False;False;False;1;24.8416666666675;0;24.8416666666675;24.8416666666675
268;53.50;0.50;False;True;False;False;1315;60.50;21.50;True;False;False;False;1;25.9861111111115;0;25.9861111111115;25.9861111111115
268;53.50;0.50;False;True;False;False;1365;46.50;22.50;True;False;False;False;1;27.5394681333828;0;27.5394681333828;27.5394681333828
268;53.50;0.50;False;True;False;False;1366;47.50;22.50;True;False;False;False;1;26.8807431383814;0;26.8807431383814;26.8807431383814
268;53.50;0.50;False;True;False;False;1368;49.50;22.50;True;False;False;False;1;25.2993506530321;0;25.2993506530321;25.2993506530321
268;53.50;0.50;False;True;False;False;1369;50.50;22.50;True;False;False;False;1;37.7666666666669;0;37.7666666666669;37.7666666666669
268;53.50;0.50;False;True;False;False;1373;54.50;22.50;True;False;False;False;2;20.3586111111102;0.727352006170374;19.7555555555557;20.9616666666648
268;53.50;0.50;False;True;False;False;1493;46.50;24.50;True;False;False;False;1;27.3104617641416;0;27.3104617641416;27.3104617641416
268;53.50;0.50;False;True;False;False;1494;47.50;24.50;True;False;False;False;3;31.9071019622768;86.8388535591717;26.4661111111091;42.6672222222235
268;53.50;0.50;False;True;False;False;1496;49.50;24.50;True;False;False;False;1;25.4972222222195;0;25.4972222222195;25.4972222222195
268;53.50;0.50;False;True;False;False;1497;50.50;24.50;True;False;False;False;1;25.0589826803021;0;25.0589826803021;25.0589826803021
268;53.50;0.50;False;True;False;False;1499;52.50;24.50;True;False;False;False;1;21.6603679727468;0;21.6603679727468;21.6603679727468
268;53.50;0.50;False;True;False;False;1563;52.50;25.50;True;False;False;False;1;21.4811977096028;0;21.4811977096028;21.4811977096028
268;53.50;0.50;False;True;False;False;1570;59.50;25.50;True;False;False;False;1;28.5199999999977;0;28.5199999999977;28.5199999999977
268;53.50;0.50;False;True;False;False;1571;60.50;25.50;True;False;False;False;1;28.9092568616211;0;28.9092568616211;28.9092568616211
268;53.50;0.50;False;True;False;False;1572;61.50;25.50;True;False;False;False;1;48.5694444444416;0;48.5694444444416;48.5694444444416
268;53.50;0.50;False;True;False;False;1691;52.50;27.50;True;False;False;False;2;22.9571753265163;0.0109052799142442;22.8833333333341;23.0310173196985
268;53.50;0.50;False;True;False;False;1694;55.50;27.50;True;False;False;False;1;29.9256493469687;0;29.9256493469687;29.9256493469687
268;53.50;0.50;False;True;False;False;1753;50.50;28.50;True;False;False;False;1;28.695743138378;0;28.695743138378;28.695743138378
268;53.50;0.50;False;True;False;False;1878;47.50;30.50;True;False;False;False;1;30.2361111111122;0;30.2361111111122;30.2361111111122
268;53.50;0.50;False;True;False;False;1880;49.50;30.50;True;False;False;False;1;29.6595382358637;0;29.6595382358637;29.6595382358637
268;53.50;0.50;False;True;False;False;1881;50.50;30.50;True;False;False;False;1;28.2085209161464;0;28.2085209161464;28.2085209161464
268;53.50;0.50;False;True;False;False;1885;54.50;30.50;True;False;False;False;1;25.4638888888885;0;25.4638888888885;25.4638888888885
268;53.50;0.50;False;True;False;False;1947;52.50;31.50;True;False;False;False;1;26.0665656823312;0;26.0665656823312;26.0665656823312
268;53.50;0.50;False;True;False;False;1949;54.50;31.50;True;False;False;False;1;26.1071284308093;0;26.1071284308093;26.1071284308093
268;53.50;0.50;False;True;False;False;1950;55.50;31.50;True;False;False;False;1;33.0138888888873;0;33.0138888888873;33.0138888888873
268;53.50;0.50;False;True;False;False;2075;52.50;33.50;True;False;False;False;2;27.037972553497;0.00080752090666548;27.0178787620844;27.0580663449095
268;53.50;0.50;False;True;False;False;2078;55.50;33.50;True;False;False;False;1;32.0796320272661;0;32.0796320272661;32.0796320272661
268;53.50;0.50;False;True;False;False;2139;52.50;34.50;True;False;False;False;1;28.0555555555538;0;28.0555555555538;28.0555555555538
268;53.50;0.50;False;True;False;False;2267;52.50;36.50;True;False;False;False;1;29.2250000000013;0;29.2250000000013;29.2250000000013
268;53.50;0.50;False;True;False;False;2269;54.50;36.50;True;False;False;False;1;42.6179653606141;0;42.6179653606141;42.6179653606141
284;63.50;0.50;False;True;False;False;528;41.50;9.50;True;False;False;False;1;27.711666666667;0;27.711666666667;27.711666666667
284;63.50;0.50;False;True;False;False;541;54.50;9.50;True;False;False;False;3;22.137347277437;0.219778368867099;21.693427124741;22.627597387871
284;63.50;0.50;False;True;False;False;544;57.50;9.50;True;False;False;False;1;16.9416666666669;0;16.9416666666669;16.9416666666669
284;63.50;0.50;False;True;False;False;546;59.50;9.50;True;False;False;False;2;15.5564862767499;0.00150180630398586;15.5290836646118;15.5838888888881
284;63.50;0.50;False;True;False;False;547;60.50;9.50;True;False;False;False;1;25.0050000000024;0;25.0050000000024;25.0050000000024
284;63.50;0.50;False;True;False;False;551;64.50;9.50;True;False;False;False;2;12.8852813742388;5.43524242202967;11.2367604580795;14.5338022903982
284;63.50;0.50;False;True;False;False;553;66.50;9.50;True;False;False;False;1;14.8277777777778;0;14.8277777777778;14.8277777777778
284;63.50;0.50;False;True;False;False;554;67.50;9.50;True;False;False;False;1;15.7722222222223;0;15.7722222222223;15.7722222222223
284;63.50;0.50;False;True;False;False;557;70.50;9.50;True;False;False;False;1;17.8333333333335;0;17.8333333333335;17.8333333333335
284;63.50;0.50;False;True;False;False;559;72.50;9.50;True;False;False;False;1;18.8092568616198;0;18.8092568616198;18.8092568616198
284;63.50;0.50;False;True;False;False;597;46.50;10.50;True;False;False;False;1;25.4722222222244;0;25.4722222222244;25.4722222222244
284;63.50;0.50;False;True;False;False;600;49.50;10.50;True;False;False;False;1;23.6162049025243;0;23.6162049025243;23.6162049025243
284;63.50;0.50;False;True;False;False;603;52.50;10.50;True;False;False;False;1;21.8000000000011;0;21.8000000000011;21.8000000000011
284;63.50;0.50;False;True;False;False;610;59.50;10.50;True;False;False;False;1;17.1361111111109;0;17.1361111111109;17.1361111111109
284;63.50;0.50;False;True;False;False;611;60.50;10.50;True;False;False;False;2;16.8575576850914;0.0921617270021616;16.6428931479618;17.0722222222211
284;63.50;0.50;False;True;False;False;622;71.50;10.50;True;False;False;False;1;26.4847042399147;0;26.4847042399147;26.4847042399147
284;63.50;0.50;False;True;False;False;719;40.50;12.50;True;False;False;False;1;30.5200000000004;0;30.5200000000004;30.5200000000004
284;63.50;0.50;False;True;False;False;721;42.50;12.50;True;False;False;False;1;28.9420418322993;0;28.9420418322993;28.9420418322993
284;63.50;0.50;False;True;False;False;735;56.50;12.50;True;False;False;False;1;22.9351875828243;0;22.9351875828243;22.9351875828243
284;63.50;0.50;False;True;False;False;736;57.50;12.50;True;False;False;False;1;18.5886219004692;0;18.5886219004692;18.5886219004692
284;63.50;0.50;False;True;False;False;738;59.50;12.50;True;False;False;False;1;17.2262049025226;0;17.2262049025226;17.2262049025226
284;63.50;0.50;False;True;False;False;739;60.50;12.50;True;False;False;False;1;16.5611111111119;0;16.5611111111119;16.5611111111119
284;63.50;0.50;False;True;False;False;740;61.50;12.50;True;False;False;False;1;16.2255555555539;0;16.2255555555539;16.2255555555539
284;63.50;0.50;False;True;False;False;741;62.50;12.50;True;False;False;False;2;13.3825937914128;0.0194483024691023;13.2839826803018;13.4812049025238
284;63.50;0.50;False;True;False;False;744;65.50;12.50;True;False;False;False;1;28.7799062085837;0;28.7799062085837;28.7799062085837
284;63.50;0.50;False;True;False;False;745;66.50;12.50;True;False;False;False;1;27.6256493469682;0;27.6256493469682;27.6256493469682
284;63.50;0.50;False;True;False;False;746;67.50;12.50;True;False;False;False;1;23.7777777777765;0;23.7777777777765;23.7777777777765
284;63.50;0.50;False;True;False;False;748;69.50;12.50;True;False;False;False;2;23.3611941131388;0.00801948914409387;23.2978715691908;23.4245166570868
284;63.50;0.50;False;True;False;False;792;49.50;13.50;True;False;False;False;1;33.7512986939373;0;33.7512986939373;33.7512986939373
284;63.50;0.50;False;True;False;False;802;59.50;13.50;True;False;False;False;1;26.9333333333325;0;26.9333333333325;26.9333333333325
284;63.50;0.50;False;True;False;False;805;62.50;13.50;True;False;False;False;1;14.1883333333326;0;14.1883333333326;14.1883333333326
284;63.50;0.50;False;True;False;False;809;66.50;13.50;True;False;False;False;2;22.0916233674202;22.8544579956031;18.7112049025254;25.472041832315
284;63.50;0.50;False;True;False;False;810;67.50;13.50;True;False;False;False;2;19.6558802290399;0.000367975879107115;19.6423160136349;19.6694444444449
284;63.50;0.50;False;True;False;False;812;69.50;13.50;True;False;False;False;1;20.4033333333335;0;20.4033333333335;20.4033333333335
284;63.50;0.50;False;True;False;False;813;70.50;13.50;True;False;False;False;1;21.3614934696552;0;21.3614934696552;21.3614934696552
284;63.50;0.50;False;True;False;False;814;71.50;13.50;True;False;False;False;1;23.1984271247493;0;23.1984271247493;23.1984271247493
284;63.50;0.50;False;True;False;False;815;72.50;13.50;True;False;False;False;1;22.1439826803016;0;22.1439826803016;22.1439826803016
284;63.50;0.50;False;True;False;False;923;52.50;15.50;True;False;False;False;1;25.9326839863654;0;25.9326839863654;25.9326839863654
284;63.50;0.50;False;True;False;False;931;60.50;15.50;True;False;False;False;1;43.2272222222246;0;43.2272222222246;43.2272222222246
284;63.50;0.50;False;True;False;False;935;64.50;15.50;True;False;False;False;1;15.6728715691916;0;15.6728715691916;15.6728715691916
284;63.50;0.50;False;True;False;False;937;66.50;15.50;True;False;False;False;2;18.6856962426737;0.0159503221453996;18.5963924853468;18.7750000000005
284;63.50;0.50;False;True;False;False;941;70.50;15.50;True;False;False;False;2;23.0742135623738;9.28046397528686;20.9200937914131;25.2283333333344
284;63.50;0.50;False;True;False;False;942;71.50;15.50;True;False;False;False;4;25.4978914205777;49.7194953317872;21.6718254777998;36.0666666666648
284;63.50;0.50;False;True;False;False;943;72.50;15.50;True;False;False;False;1;22.7472222222223;0;22.7472222222223;22.7472222222223
284;63.50;0.50;False;True;False;False;990;55.50;16.50;True;False;False;False;1;27.4284271247461;0;27.4284271247461;27.4284271247461
284;63.50;0.50;False;True;False;False;991;56.50;16.50;True;False;False;False;1;52.0855555555499;0;52.0855555555499;52.0855555555499
284;63.50;0.50;False;True;False;False;996;61.50;16.50;True;False;False;False;1;20.6117604580795;0;20.6117604580795;20.6117604580795
284;63.50;0.50;False;True;False;False;997;62.50;16.50;True;False;False;False;1;15.7561111111108;0;15.7561111111108;15.7561111111108
284;63.50;0.50;False;True;False;False;1007;72.50;16.50;True;False;False;False;1;26.4166666666551;0;26.4166666666551;26.4166666666551
284;63.50;0.50;False;True;False;False;1115;52.50;18.50;True;False;False;False;1;29.3361111111117;0;29.3361111111117;29.3361111111117
284;63.50;0.50;False;True;False;False;1123;60.50;18.50;True;False;False;False;2;20.3336580068169;0.00248243010316233;20.2984271247448;20.368888888889
284;63.50;0.50;False;True;False;False;1124;61.50;18.50;True;False;False;False;1;20.1583333333333;0;20.1583333333333;20.1583333333333
284;63.50;0.50;False;True;False;False;1125;62.50;18.50;True;False;False;False;1;17.0082395419199;0;17.0082395419199;17.0082395419199
284;63.50;0.50;False;True;False;False;1130;67.50;18.50;True;False;False;False;1;27.8222222222198;0;27.8222222222198;27.8222222222198
284;63.50;0.50;False;True;False;False;1132;69.50;18.50;True;False;False;False;1;30.4499062085997;0;30.4499062085997;30.4499062085997
284;63.50;0.50;False;True;False;False;1187;60.50;19.50;True;False;False;False;1;38.0727777777829;0;38.0727777777829;38.0727777777829
284;63.50;0.50;False;True;False;False;1192;65.50;19.50;True;False;False;False;3;24.7458657959533;14.260198581378;22.078427124746;29.0668542494786
284;63.50;0.50;False;True;False;False;1193;66.50;19.50;True;False;False;False;1;25.985187582824;0;25.985187582824;25.985187582824
284;63.50;0.50;False;True;False;False;1194;67.50;19.50;True;False;False;False;1;23.6191630702274;0;23.6191630702274;23.6191630702274
284;63.50;0.50;False;True;False;False;1197;70.50;19.50;True;False;False;False;1;25.0638888888875;0;25.0638888888875;25.0638888888875
284;63.50;0.50;False;True;False;False;1198;71.50;19.50;True;False;False;False;1;25.9472222222225;0;25.9472222222225;25.9472222222225
284;63.50;0.50;False;True;False;False;1317;62.50;21.50;True;False;False;False;2;19.3391666666718;0.00896311728249335;19.2722222222328;19.4061111111108
284;63.50;0.50;False;True;False;False;1321;66.50;21.50;True;False;False;False;1;38.1789898731959;0;38.1789898731959;38.1789898731959
284;63.50;0.50;False;True;False;False;1324;69.50;21.50;True;False;False;False;2;24.5668073537829;0.233664534202757;24.2249999999981;24.9086147075677
284;63.50;0.50;False;True;False;False;1325;70.50;21.50;True;False;False;False;1;25.4672222222271;0;25.4672222222271;25.4672222222271
284;63.50;0.50;False;True;False;False;1326;71.50;21.50;True;False;False;False;2;30.9254761499886;3.51377404838513;29.5999999999985;32.2509522999787
284;63.50;0.50;False;True;False;False;1327;72.50;21.50;True;False;False;False;1;26.7291702631278;0;26.7291702631278;26.7291702631278
284;63.50;0.50;False;True;False;False;1375;56.50;22.50;True;False;False;False;2;33.6310678118666;13.6121506211272;31.0222222222305;36.2399134015027
284;63.50;0.50;False;True;False;False;1376;57.50;22.50;True;False;False;False;1;26.3783333333304;0;26.3783333333304;26.3783333333304
284;63.50;0.50;False;True;False;False;1379;60.50;22.50;True;False;False;False;1;25.0411111111116;0;25.0411111111116;25.0411111111116
284;63.50;0.50;False;True;False;False;1381;62.50;22.50;True;False;False;False;1;19.6166666666668;0;19.6166666666668;19.6166666666668
284;63.50;0.50;False;True;False;False;1383;64.50;22.50;True;False;False;False;1;19.8654617641437;0;19.8654617641437;19.8654617641437
284;63.50;0.50;False;True;False;False;1503;56.50;24.50;True;False;False;False;1;27.3466666666666;0;27.3466666666666;27.3466666666666
284;63.50;0.50;False;True;False;False;1507;60.50;24.50;True;False;False;False;1;24.8001875828131;0;24.8001875828131;24.8001875828131
284;63.50;0.50;False;True;False;False;1509;62.50;24.50;True;False;False;False;1;21.6222222222195;0;21.6222222222195;21.6222222222195
284;63.50;0.50;False;True;False;False;1573;62.50;25.50;True;False;False;False;1;22.4450937914125;0;22.4450937914125;22.4450937914125
284;63.50;0.50;False;True;False;False;1575;64.50;25.50;True;False;False;False;1;21.4264790838374;0;21.4264790838374;21.4264790838374
284;63.50;0.50;False;True;False;False;1576;65.50;25.50;True;False;False;False;1;26.1445382358579;0;26.1445382358579;26.1445382358579
284;63.50;0.50;False;True;False;False;1578;67.50;25.50;True;False;False;False;2;31.0249999999994;21.6701388889019;27.7333333333318;34.3166666666671
284;63.50;0.50;False;True;False;False;1582;71.50;25.50;True;False;False;False;1;39.2300000000014;0;39.2300000000014;39.2300000000014
284;63.50;0.50;False;True;False;False;1703;64.50;27.50;True;False;False;False;3;23.4041678654877;0.0274482510288166;23.2162049025239;23.5289826802996
284;63.50;0.50;False;True;False;False;1704;65.50;27.50;True;False;False;False;3;30.3846608934339;21.9727350264923;26.2111111111103;35.4562049025246
284;63.50;0.50;False;True;False;False;1705;66.50;27.50;True;False;False;False;1;26.6438888888893;0;26.6438888888893;26.6438888888893
284;63.50;0.50;False;True;False;False;1706;67.50;27.50;True;False;False;False;1;27.7555555555523;0;27.7555555555523;27.7555555555523
284;63.50;0.50;False;True;False;False;1709;70.50;27.50;True;False;False;False;1;36.2422222222203;0;36.2422222222203;36.2422222222203
284;63.50;0.50;False;True;False;False;1762;59.50;28.50;True;False;False;False;1;29.7250000000013;0;29.7250000000013;29.7250000000013
284;63.50;0.50;False;True;False;False;1764;61.50;28.50;True;False;False;False;1;41.0672222222197;0;41.0672222222197;41.0672222222197
284;63.50;0.50;False;True;False;False;1767;64.50;28.50;True;False;False;False;1;32.4056349611619;0;32.4056349611619;32.4056349611619
284;63.50;0.50;False;True;False;False;1890;59.50;30.50;True;False;False;False;1;33.7390764717106;0;33.7390764717106;33.7390764717106
284;63.50;0.50;False;True;False;False;1891;60.50;30.50;True;False;False;False;1;28.8752813742381;0;28.8752813742381;28.8752813742381
284;63.50;0.50;False;True;False;False;1892;61.50;30.50;True;False;False;False;2;33.4055555555559;55.5340895061693;28.1361111111116;38.6750000000002
284;63.50;0.50;False;True;False;False;1893;62.50;30.50;True;False;False;False;1;32.6689826803035;0;32.6689826803035;32.6689826803035
284;63.50;0.50;False;True;False;False;1957;62.50;31.50;True;False;False;False;1;26.3888888888905;0;26.3888888888905;26.3888888888905
284;63.50;0.50;False;True;False;False;1960;65.50;31.50;True;False;False;False;1;39.5713058868296;0;39.5713058868296;39.5713058868296
284;63.50;0.50;False;True;False;False;2085;62.50;33.50;True;False;False;False;1;31.6616666666675;0;31.6616666666675;31.6616666666675
284;63.50;0.50;False;True;False;False;2088;65.50;33.50;True;False;False;False;1;30.1255555555563;0;30.1255555555563;30.1255555555563
497;10.50;9.50;True;False;False;False;108;0.50;14.50;False;False;True;False;1;26.0111111111082;0;26.0111111111082;26.0111111111082
497;10.50;9.50;True;False;False;False;172;0.50;38.50;False;False;True;False;1;42.9888888888909;0;42.9888888888909;42.9888888888909
497;10.50;9.50;True;False;False;False;204;13.50;0.50;False;True;False;False;1;17.6561111111106;0;17.6561111111106;17.6561111111106
497;10.50;9.50;True;False;False;False;220;23.50;0.50;False;True;False;False;1;26.4326839863661;0;26.4326839863661;26.4326839863661
497;10.50;9.50;True;False;False;False;787;44.50;13.50;True;False;False;False;1;28.9422222222225;0;28.9422222222225;28.9422222222225
497;10.50;9.50;True;False;False;False;1548;37.50;25.50;True;False;False;False;1;35.1632395419238;0;35.1632395419238;35.1632395419238
497;10.50;9.50;True;False;False;False;1679;40.50;27.50;True;False;False;False;1;43.7083333333358;0;43.7083333333358;43.7083333333358
497;10.50;9.50;True;False;False;False;1714;11.50;28.50;True;False;False;False;1;18.4111111111106;0;18.4111111111106;18.4111111111106
498;11.50;9.50;True;False;False;False;108;0.50;14.50;False;False;True;False;1;70.5271284308096;0;70.5271284308096;70.5271284308096
498;11.50;9.50;True;False;False;False;188;0.50;44.50;False;False;True;False;1;132.302871569191;0;132.302871569191;132.302871569191
498;11.50;9.50;True;False;False;False;1762;59.50;28.50;True;False;False;False;1;50.7223160136355;0;50.7223160136355;50.7223160136355
498;11.50;9.50;True;False;False;False;2678;15.50;43.50;True;False;False;False;1;29.7165728752536;0;29.7165728752536;29.7165728752536
503;16.50;9.50;True;False;False;False;156;0.50;32.50;False;False;True;False;1;75.4324098050438;0;75.4324098050438;75.4324098050438
503;16.50;9.50;True;False;False;False;2689;26.50;43.50;True;False;False;False;1;36.6277777777796;0;36.6277777777796;36.6277777777796
504;17.50;9.50;True;False;False;False;108;0.50;14.50;False;False;True;False;1;99.2331169787267;0;99.2331169787267;99.2331169787267
504;17.50;9.50;True;False;False;False;140;0.50;26.50;False;False;True;False;1;144.536572875269;0;144.536572875269;144.536572875269
504;17.50;9.50;True;False;False;False;204;13.50;0.50;False;True;False;False;1;26.1472222222246;0;26.1472222222246;26.1472222222246
504;17.50;9.50;True;False;False;False;541;54.50;9.50;True;False;False;False;1;31.2611111111137;0;31.2611111111137;31.2611111111137
504;17.50;9.50;True;False;False;False;1281;26.50;21.50;True;False;False;False;1;18.6852813742362;0;18.6852813742362;18.6852813742362
504;17.50;9.50;True;False;False;False;1384;65.50;22.50;True;False;False;False;1;47.0111111111119;0;47.0111111111119;47.0111111111119
506;19.50;9.50;True;False;False;False;236;33.50;0.50;False;True;False;False;1;25.4966666666696;0;25.4966666666696;25.4966666666696
506;19.50;9.50;True;False;False;False;2717;54.50;43.50;True;False;False;False;1;57.5226839863508;0;57.5226839863508;57.5226839863508
507;20.50;9.50;True;False;False;False;124;0.50;20.50;False;False;True;False;1;35.3188888888885;0;35.3188888888885;35.3188888888885
507;20.50;9.50;True;False;False;False;140;0.50;26.50;False;False;True;False;1;59.0250000000001;0;59.0250000000001;59.0250000000001
507;20.50;9.50;True;False;False;False;1530;19.50;25.50;True;False;False;False;1;15.5499062085805;0;15.5499062085805;15.5499062085805
507;20.50;9.50;True;False;False;False;1571;60.50;25.50;True;False;False;False;1;43.7574098050481;0;43.7574098050481;43.7574098050481
508;21.50;9.50;True;False;False;False;156;0.50;32.50;False;False;True;False;1;128.160555555556;0;128.160555555556;128.160555555556
508;21.50;9.50;True;False;False;False;236;33.50;0.50;False;True;False;False;1;28.3611111111095;0;28.3611111111095;28.3611111111095
508;21.50;9.50;True;False;False;False;1556;45.50;25.50;True;False;False;False;1;34.167871569196;0;34.167871569196;34.167871569196
508;21.50;9.50;True;False;False;False;1868;37.50;30.50;True;False;False;False;1;28.8333333333335;0;28.8333333333335;28.8333333333335
512;25.50;9.50;True;False;False;False;236;33.50;0.50;False;True;False;False;1;21.077777777778;0;21.077777777778;21.077777777778
512;25.50;9.50;True;False;False;False;284;63.50;0.50;False;True;False;False;1;45.2277777777749;0;45.2277777777749;45.2277777777749
512;25.50;9.50;True;False;False;False;506;19.50;9.50;True;False;False;False;1;7.21935065302887;0;7.21935065302887;7.21935065302887
512;25.50;9.50;True;False;False;False;2497;26.50;40.50;True;False;False;False;1;26.4365728752559;0;26.4365728752559;26.4365728752559
514;27.50;9.50;True;False;False;False;76;81.50;35.50;False;False;True;False;1;160.191392485359;0;160.191392485359;160.191392485359
514;27.50;9.50;True;False;False;False;220;23.50;0.50;False;True;False;False;1;34.3605555555554;0;34.3605555555554;34.3605555555554
514;27.50;9.50;True;False;False;False;2287;72.50;36.50;True;False;False;False;1;54.0883333333329;0;54.0883333333329;54.0883333333329
514;27.50;9.50;True;False;False;False;2876;21.50;46.50;True;False;False;False;1;36.2138888888894;0;36.2138888888894;36.2138888888894
516;29.50;9.50;True;False;False;False;236;33.50;0.50;False;True;False;False;1;22.0395382358573;0;22.0395382358573;22.0395382358573
516;29.50;9.50;True;False;False;False;1474;27.50;24.50;True;False;False;False;1;15.5437950974761;0;15.5437950974761;15.5437950974761
522;35.50;9.50;True;False;False;False;140;0.50;26.50;False;False;True;False;1;71.8722222222259;0;71.8722222222259;71.8722222222259
522;35.50;9.50;True;False;False;False;2225;10.50;36.50;True;False;False;False;1;40.2895382358629;0;40.2895382358629;40.2895382358629
523;36.50;9.50;True;False;False;False;12;81.50;11.50;False;False;True;False;1;82.2388888888859;0;82.2388888888859;82.2388888888859
523;36.50;9.50;True;False;False;False;516;29.50;9.50;True;False;False;False;1;7.78055555555552;0;7.78055555555552;7.78055555555552
523;36.50;9.50;True;False;False;False;529;42.50;9.50;True;False;False;False;1;6.56833333332952;0;6.56833333332952;6.56833333332952
526;39.50;9.50;True;False;False;False;108;0.50;14.50;False;False;True;False;1;155.405836929812;0;155.405836929812;155.405836929812
526;39.50;9.50;True;False;False;False;1735;32.50;28.50;True;False;False;False;1;25.0423160136343;0;25.0423160136343;25.0423160136343
528;41.50;9.50;True;False;False;False;140;0.50;26.50;False;False;True;False;1;131.793145750517;0;131.793145750517;131.793145750517
528;41.50;9.50;True;False;False;False;1573;62.50;25.50;True;False;False;False;1;28.9222222222197;0;28.9222222222197;28.9222222222197
529;42.50;9.50;True;False;False;False;28;81.50;17.50;False;False;True;False;1;207.641666666659;0;207.641666666659;207.641666666659
529;42.50;9.50;True;False;False;False;108;0.50;14.50;False;False;True;False;1;47.4916666666645;0;47.4916666666645;47.4916666666645
529;42.50;9.50;True;False;False;False;156;0.50;32.50;False;False;True;False;1;126.769538235858;0;126.769538235858;126.769538235858
529;42.50;9.50;True;False;False;False;172;0.50;38.50;False;False;True;False;1;162.98898268031;0;162.98898268031;162.98898268031
529;42.50;9.50;True;False;False;False;220;23.50;0.50;False;True;False;False;1;27.3478715691915;0;27.3478715691915;27.3478715691915
529;42.50;9.50;True;False;False;False;1158;31.50;19.50;True;False;False;False;1;18.8111111111117;0;18.8111111111117;18.8111111111117
529;42.50;9.50;True;False;False;False;1168;41.50;19.50;True;False;False;False;1;11.4290836646378;0;11.4290836646378;11.4290836646378
529;42.50;9.50;True;False;False;False;1492;45.50;24.50;True;False;False;False;1;17.0833333333335;0;17.0833333333335;17.0833333333335
529;42.50;9.50;True;False;False;False;2296;17.50;37.50;True;False;False;False;1;41.3727777777804;0;41.3727777777804;41.3727777777804
529;42.50;9.50;True;False;False;False;2805;14.50;45.50;True;False;False;False;1;52.0449999999946;0;52.0449999999946;52.0449999999946
532;45.50;9.50;True;False;False;False;252;43.50;0.50;False;True;False;False;1;22.7083333333334;0;22.7083333333334;22.7083333333334
532;45.50;9.50;True;False;False;False;585;34.50;10.50;True;False;False;False;1;11.9088888888887;0;11.9088888888887;11.9088888888887
533;46.50;9.50;True;False;False;False;76;81.50;35.50;False;False;True;False;1;66.8388888888894;0;66.8388888888894;66.8388888888894
533;46.50;9.50;True;False;False;False;1578;67.50;25.50;True;False;False;False;1;29.6215728752538;0;29.6215728752538;29.6215728752538
533;46.50;9.50;True;False;False;False;2664;65.50;42.50;True;False;False;False;1;42.5006493469685;0;42.5006493469685;42.5006493469685
538;51.50;9.50;True;False;False;False;28;81.50;17.50;False;False;True;False;1;129.32787156919;0;129.32787156919;129.32787156919
538;51.50;9.50;True;False;False;False;76;81.50;35.50;False;False;True;False;1;54.2262986939377;0;54.2262986939377;54.2262986939377
538;51.50;9.50;True;False;False;False;603;52.50;10.50;True;False;False;False;1;4.28935065302448;0;4.28935065302448;4.28935065302448
538;51.50;9.50;True;False;False;False;2262;47.50;36.50;True;False;False;False;1;26.9235209161589;0;26.9235209161589;26.9235209161589
538;51.50;9.50;True;False;False;False;2277;62.50;36.50;True;False;False;False;1;29.1904617641426;0;29.1904617641426;29.1904617641426
541;54.50;9.50;True;False;False;False;28;81.50;17.50;False;False;True;False;1;134.893888888893;0;134.893888888893;134.893888888893
541;54.50;9.50;True;False;False;False;108;0.50;14.50;False;False;True;False;1;120.120093791423;0;120.120093791423;120.120093791423
541;54.50;9.50;True;False;False;False;140;0.50;26.50;False;False;True;False;1;63.5854617641444;0;63.5854617641444;63.5854617641444
541;54.50;9.50;True;False;False;False;1769;66.50;28.50;True;False;False;False;1;25.0755555555597;0;25.0755555555597;25.0755555555597
541;54.50;9.50;True;False;False;False;1964;69.50;31.50;True;False;False;False;1;34.2005555555588;0;34.2005555555588;34.2005555555588
541;54.50;9.50;True;False;False;False;2282;67.50;36.50;True;False;False;False;1;30.9499999999989;0;30.9499999999989;30.9499999999989
542;55.50;9.50;True;False;False;False;12;81.50;11.50;False;False;True;False;1;147.361017319708;0;147.361017319708;147.361017319708
542;55.50;9.50;True;False;False;False;140;0.50;26.50;False;False;True;False;1;174.511111111116;0;174.511111111116;174.511111111116
542;55.50;9.50;True;False;False;False;605;54.50;10.50;True;False;False;False;1;5.61000000000695;0;5.61000000000695;5.61000000000695
542;55.50;9.50;True;False;False;False;905;34.50;15.50;True;False;False;False;1;22.5256493469684;0;22.5256493469684;22.5256493469684
542;55.50;9.50;True;False;False;False;2535;64.50;40.50;True;False;False;False;1;35.5805555555626;0;35.5805555555626;35.5805555555626
543;56.50;9.50;True;False;False;False;12;81.50;11.50;False;False;True;False;1;207.845000000009;0;207.845000000009;207.845000000009
543;56.50;9.50;True;False;False;False;28;81.50;17.50;False;False;True;False;1;162.188708498998;0;162.188708498998;162.188708498998
543;56.50;9.50;True;False;False;False;268;53.50;0.50;False;True;False;False;1;12.2250000000022;0;12.2250000000022;12.2250000000022
543;56.50;9.50;True;False;False;False;504;17.50;9.50;True;False;False;False;1;28.838888888894;0;28.838888888894;28.838888888894
543;56.50;9.50;True;False;False;False;1548;37.50;25.50;True;False;False;False;1;29.6715728752542;0;29.6715728752542;29.6715728752542
543;56.50;9.50;True;False;False;False;2153;66.50;34.50;True;False;False;False;1;27.5444444444447;0;27.5444444444447;27.5444444444447
543;56.50;9.50;True;False;False;False;2528;57.50;40.50;True;False;False;False;1;25.3923160136351;0;25.3923160136351;25.3923160136351
544;57.50;9.50;True;False;False;False;28;81.50;17.50;False;False;True;False;1;116.279444444445;0;116.279444444445;116.279444444445
544;57.50;9.50;True;False;False;False;2708;45.50;43.50;True;False;False;False;1;37.1338888888903;0;37.1338888888903;37.1338888888903
546;59.50;9.50;True;False;False;False;12;81.50;11.50;False;False;True;False;1;82.8415728752544;0;82.8415728752544;82.8415728752544
546;59.50;9.50;True;False;False;False;28;81.50;17.50;False;False;True;False;1;120.664170263122;0;120.664170263122;120.664170263122
546;59.50;9.50;True;False;False;False;92;81.50;41.50;False;False;True;False;1;194.091024512633;0;194.091024512633;194.091024512633
546;59.50;9.50;True;False;False;False;748;69.50;12.50;True;False;False;False;1;13.6916666666672;0;13.6916666666672;13.6916666666672
546;59.50;9.50;True;False;False;False;813;70.50;13.50;True;False;False;False;1;13.9392424758275;0;13.9392424758275;13.9392424758275
546;59.50;9.50;True;False;False;False;1492;45.50;24.50;True;False;False;False;1;23.3130591520148;0;23.3130591520148;23.3130591520148
547;60.50;9.50;True;False;False;False;44;81.50;23.50;False;False;True;False;1;37.1916666666662;0;37.1916666666662;37.1916666666662
547;60.50;9.50;True;False;False;False;2088;65.50;33.50;True;False;False;False;1;23.5743506530298;0;23.5743506530298;23.5743506530298
548;61.50;9.50;True;False;False;False;204;13.50;0.50;False;True;False;False;1;56.0222222222155;0;56.0222222222155;56.0222222222155
548;61.50;9.50;True;False;False;False;2286;71.50;36.50;True;False;False;False;1;29.2027777777753;0;29.2027777777753;29.2027777777753
551;64.50;9.50;True;False;False;False;44;81.50;23.50;False;False;True;False;1;77.5336941131395;0;77.5336941131395;77.5336941131395
551;64.50;9.50;True;False;False;False;76;81.50;35.50;False;False;True;False;1;90.9215728752539;0;90.9215728752539;90.9215728752539
551;64.50;9.50;True;False;False;False;284;63.50;0.50;False;True;False;False;1;33.7200000000003;0;33.7200000000003;33.7200000000003
551;64.50;9.50;True;False;False;False;1548;37.50;25.50;True;False;False;False;1;38.4217604580804;0;38.4217604580804;38.4217604580804
551;64.50;9.50;True;False;False;False;1664;25.50;27.50;True;False;False;False;1;45.3777777777778;0;45.3777777777778;45.3777777777778
551;64.50;9.50;True;False;False;False;2480;9.50;40.50;True;False;False;False;1;65.7729581676815;0;65.7729581676815;65.7729581676815
553;66.50;9.50;True;False;False;False;2727;64.50;43.50;True;False;False;False;1;28.5311111111112;0;28.5311111111112;28.5311111111112
554;67.50;9.50;True;False;False;False;44;81.50;23.50;False;False;True;False;1;176.945093791421;0;176.945093791421;176.945093791421
554;67.50;9.50;True;False;False;False;1743;40.50;28.50;True;False;False;False;1;53.4673160136372;0;53.4673160136372;53.4673160136372
554;67.50;9.50;True;False;False;False;2917;62.50;46.50;True;False;False;False;1;33.8472222222221;0;33.8472222222221;33.8472222222221
557;70.50;9.50;True;False;False;False;284;63.50;0.50;False;True;False;False;1;31.2382395419249;0;31.2382395419249;31.2382395419249
557;70.50;9.50;True;False;False;False;1937;42.50;31.50;True;False;False;False;1;39.529906208581;0;39.529906208581;39.529906208581
559;72.50;9.50;True;False;False;False;44;81.50;23.50;False;False;True;False;1;133.83786437627;0;133.83786437627;133.83786437627
559;72.50;9.50;True;False;False;False;204;13.50;0.50;False;True;False;False;1;66.8292640545274;0;66.8292640545274;66.8292640545274
559;72.50;9.50;True;False;False;False;1358;39.50;22.50;True;False;False;False;1;37.1367604580805;0;37.1367604580805;37.1367604580805
559;72.50;9.50;True;False;False;False;1512;65.50;24.50;True;False;False;False;1;18.8703751656449;0;18.8703751656449;18.8703751656449
560;9.50;10.50;True;False;False;False;124;0.50;20.50;False;False;True;False;1;100.068614707565;0;100.068614707565;100.068614707565
560;9.50;10.50;True;False;False;False;204;13.50;0.50;False;True;False;False;1;22.6616666666648;0;22.6616666666648;22.6616666666648
560;9.50;10.50;True;False;False;False;1729;26.50;28.50;True;False;False;False;1;28.1388888888878;0;28.1388888888878;28.1388888888878
560;9.50;10.50;True;False;False;False;2480;9.50;40.50;True;False;False;False;1;23.048802290397;0;23.048802290397;23.048802290397
561;10.50;10.50;True;False;False;False;108;0.50;14.50;False;False;True;False;1;175.758333333329;0;175.758333333329;175.758333333329
561;10.50;10.50;True;False;False;False;124;0.50;20.50;False;False;True;False;1;134.349062085869;0;134.349062085869;134.349062085869
561;10.50;10.50;True;False;False;False;1276;21.50;21.50;True;False;False;False;1;19.6861111111109;0;19.6861111111109;19.6861111111109
561;10.50;10.50;True;False;False;False;2229;14.50;36.50;True;False;False;False;1;31.6374098050428;0;31.6374098050428;31.6374098050428
562;11.50;10.50;True;False;False;False;108;0.50;14.50;False;False;True;False;1;144.034076471713;0;144.034076471713;144.034076471713
562;11.50;10.50;True;False;False;False;188;0.50;44.50;False;False;True;False;1;80.1012986939413;0;80.1012986939413;80.1012986939413
562;11.50;10.50;True;False;False;False;1713;10.50;28.50;True;False;False;False;1;16.3692640545396;0;16.3692640545396;16.3692640545396
562;11.50;10.50;True;False;False;False;2097;10.50;34.50;True;False;False;False;1;20.6145382358563;0;20.6145382358563;20.6145382358563
563;12.50;10.50;True;False;False;False;220;23.50;0.50;False;True;False;False;1;36.626204902524;0;36.626204902524;36.626204902524
563;12.50;10.50;True;False;False;False;2285;70.50;36.50;True;False;False;False;1;67.8395382358581;0;67.8395382358581;67.8395382358581
565;14.50;10.50;True;False;False;False;12;81.50;11.50;False;False;True;False;1;158.086753265188;0;158.086753265188;158.086753265188
565;14.50;10.50;True;False;False;False;172;0.50;38.50;False;False;True;False;1;41.7923160136361;0;41.7923160136361;41.7923160136361
565;14.50;10.50;True;False;False;False;268;53.50;0.50;False;True;False;False;1;103.708802290399;0;103.708802290399;103.708802290399
565;14.50;10.50;True;False;False;False;944;9.50;16.50;True;False;False;False;1;11.6068398636849;0;11.6068398636849;11.6068398636849
565;14.50;10.50;True;False;False;False;1196;69.50;19.50;True;False;False;False;1;49.4539826803016;0;49.4539826803016;49.4539826803016
565;14.50;10.50;True;False;False;False;1740;37.50;28.50;True;False;False;False;1;33.4215728752579;0;33.4215728752579;33.4215728752579
567;16.50;10.50;True;False;False;False;204;13.50;0.50;False;True;False;False;1;56.3895382358571;0;56.3895382358571;56.3895382358571
567;16.50;10.50;True;False;False;False;943;72.50;15.50;True;False;False;False;1;47.4512049025233;0;47.4512049025233;47.4512049025233
568;17.50;10.50;True;False;False;False;124;0.50;20.50;False;False;True;False;1;212.618795097495;0;212.618795097495;212.618795097495
568;17.50;10.50;True;False;False;False;1550;39.50;25.50;True;False;False;False;1;29.5064790838514;0;29.5064790838514;29.5064790838514
568;17.50;10.50;True;False;False;False;2899;44.50;46.50;True;False;False;False;1;55.1950937914128;0;55.1950937914128;55.1950937914128
570;19.50;10.50;True;False;False;False;12;81.50;11.50;False;False;True;False;1;224.187041832333;0;224.187041832333;224.187041832333
570;19.50;10.50;True;False;False;False;220;23.50;0.50;False;True;False;False;1;46.5339826803047;0;46.5339826803047;46.5339826803047
570;19.50;10.50;True;False;False;False;497;10.50;9.50;True;False;False;False;1;10.8541702631219;0;10.8541702631219;10.8541702631219
570;19.50;10.50;True;False;False;False;1492;45.50;24.50;True;False;False;False;1;33.346204902532;0;33.346204902532;33.346204902532
571;20.50;10.50;True;False;False;False;220;23.50;0.50;False;True;False;False;1;30.5444444444445;0;30.5444444444445;30.5444444444445
571;20.50;10.50;True;False;False;False;881;10.50;15.50;True;False;False;False;1;14.6422222222214;0;14.6422222222214;14.6422222222214
576;25.50;10.50;True;False;False;False;60;81.50;29.50;False;False;True;False;1;91.0283333333391;0;91.0283333333391;91.0283333333391
576;25.50;10.50;True;False;False;False;1488;41.50;24.50;True;False;False;False;1;25.7145382358567;0;25.7145382358567;25.7145382358567
577;26.50;10.50;True;False;False;False;252;43.50;0.50;False;True;False;False;1;56.7442568616293;0;56.7442568616293;56.7442568616293
577;26.50;10.50;True;False;False;False;1275;20.50;21.50;True;False;False;False;1;15.0861111111117;0;15.0861111111117;15.0861111111117
580;29.50;10.50;True;False;False;False;172;0.50;38.50;False;False;True;False;1;100.48453823586;0;100.48453823586;100.48453823586
580;29.50;10.50;True;False;False;False;881;10.50;15.50;True;False;False;False;1;20.3400937914103;0;20.3400937914103;20.3400937914103
583;32.50;10.50;True;False;False;False;60;81.50;29.50;False;False;True;False;1;109.638059152018;0;109.638059152018;109.638059152018
583;32.50;10.50;True;False;False;False;236;33.50;0.50;False;True;False;False;1;28.5747473974548;0;28.5747473974548;28.5747473974548
583;32.50;10.50;True;False;False;False;1740;37.50;28.50;True;False;False;False;1;20.5854617641435;0;20.5854617641435;20.5854617641435
583;32.50;10.50;True;False;False;False;2623;24.50;42.50;True;False;False;False;1;32.9411833237534;0;32.9411833237534;32.9411833237534
585;34.50;10.50;True;False;False;False;12;81.50;11.50;False;False;True;False;1;52.6133333333373;0;52.6133333333373;52.6133333333373
585;34.50;10.50;True;False;False;False;108;0.50;14.50;False;False;True;False;1;107.154725818687;0;107.154725818687;107.154725818687
585;34.50;10.50;True;False;False;False;188;0.50;44.50;False;False;True;False;1;111.386760458086;0;111.386760458086;111.386760458086
585;34.50;10.50;True;False;False;False;236;33.50;0.50;False;True;False;False;1;33.902777777778;0;33.902777777778;33.902777777778
585;34.50;10.50;True;False;False;False;1366;47.50;22.50;True;False;False;False;1;21.3722222222219;0;21.3722222222219;21.3722222222219
585;34.50;10.50;True;False;False;False;1386;67.50;22.50;True;False;False;False;1;37.4127705848641;0;37.4127705848641;37.4127705848641
585;34.50;10.50;True;False;False;False;1550;39.50;25.50;True;False;False;False;1;18.1088888888917;0;18.1088888888917;18.1088888888917
585;34.50;10.50;True;False;False;False;1949;54.50;31.50;True;False;False;False;1;34.300000000002;0;34.300000000002;34.300000000002
587;36.50;10.50;True;False;False;False;12;81.50;11.50;False;False;True;False;1;197.692965360621;0;197.692965360621;197.692965360621
590;39.50;10.50;True;False;False;False;140;0.50;26.50;False;False;True;False;1;140.936572875261;0;140.936572875261;140.936572875261
590;39.50;10.50;True;False;False;False;905;34.50;15.50;True;False;False;False;1;11.7025901949582;0;11.7025901949582;11.7025901949582
591;40.50;10.50;True;False;False;False;252;43.50;0.50;False;True;False;False;1;49.6944444444416;0;49.6944444444416;49.6944444444416
591;40.50;10.50;True;False;False;False;1686;47.50;27.50;True;False;False;False;1;21.2311111111067;0;21.2311111111067;21.2311111111067
597;46.50;10.50;True;False;False;False;28;81.50;17.50;False;False;True;False;1;115.395743138392;0;115.395743138392;115.395743138392
597;46.50;10.50;True;False;False;False;236;33.50;0.50;False;True;False;False;1;28.3888888888905;0;28.3888888888905;28.3888888888905
597;46.50;10.50;True;False;False;False;1458;11.50;24.50;True;False;False;False;1;40.5311111111187;0;40.5311111111187;40.5311111111187
597;46.50;10.50;True;False;False;False;1935;40.50;31.50;True;False;False;False;1;27.2595382358622;0;27.2595382358622;27.2595382358622
598;47.50;10.50;True;False;False;False;92;81.50;41.50;False;False;True;False;1;62.1693506530337;0;62.1693506530337;62.1693506530337
598;47.50;10.50;True;False;False;False;2103;16.50;34.50;True;False;False;False;1;45.1221284308131;0;45.1221284308131;45.1221284308131
600;49.50;10.50;True;False;False;False;28;81.50;17.50;False;False;True;False;1;72.5874098050487;0;72.5874098050487;72.5874098050487
600;49.50;10.50;True;False;False;False;124;0.50;20.50;False;False;True;False;1;97.0061111111145;0;97.0061111111145;97.0061111111145
600;49.50;10.50;True;False;False;False;1769;66.50;28.50;True;False;False;False;1;28.4194444444449;0;28.4194444444449;28.4194444444449
600;49.50;10.50;True;False;False;False;1876;45.50;30.50;True;False;False;False;1;26.3166666666675;0;26.3166666666675;26.3166666666675
600;49.50;10.50;True;False;False;False;2543;72.50;40.50;True;False;False;False;1;43.0361111111108;0;43.0361111111108;43.0361111111108
603;52.50;10.50;True;False;False;False;76;81.50;35.50;False;False;True;False;1;106.469069278801;0;106.469069278801;106.469069278801
603;52.50;10.50;True;False;False;False;140;0.50;26.50;False;False;True;False;1;133.888059152018;0;133.888059152018;133.888059152018
603;52.50;10.50;True;False;False;False;268;53.50;0.50;False;True;False;False;1;27.5855555555563;0;27.5855555555563;27.5855555555563
603;52.50;10.50;True;False;False;False;1353;34.50;22.50;True;False;False;False;1;24.4694444444458;0;24.4694444444458;24.4694444444458
603;52.50;10.50;True;False;False;False;1950;55.50;31.50;True;False;False;False;1;23.433816676247;0;23.433816676247;23.433816676247
603;52.50;10.50;True;False;False;False;2511;40.50;40.50;True;False;False;False;1;35.7387950974761;0;35.7387950974761;35.7387950974761
603;52.50;10.50;True;False;False;False;2735;72.50;43.50;True;False;False;False;1;47.5666666666693;0;47.5666666666693;47.5666666666693
605;54.50;10.50;True;False;False;False;108;0.50;14.50;False;False;True;False;1;147.076948040908;0;147.076948040908;147.076948040908
605;54.50;10.50;True;False;False;False;268;53.50;0.50;False;True;False;False;1;29.7839826803011;0;29.7839826803011;29.7839826803011
605;54.50;10.50;True;False;False;False;755;12.50;13.50;True;False;False;False;1;38.3638888888891;0;38.3638888888891;38.3638888888891
605;54.50;10.50;True;False;False;False;1749;46.50;28.50;True;False;False;False;1;26.6305555555555;0;26.6305555555555;26.6305555555555
607;56.50;10.50;True;False;False;False;76;81.50;35.50;False;False;True;False;1;135.607698372193;0;135.607698372193;135.607698372193
607;56.50;10.50;True;False;False;False;942;71.50;15.50;True;False;False;False;1;17.6104545712255;0;17.6104545712255;17.6104545712255
608;57.50;10.50;True;False;False;False;236;33.50;0.50;False;True;False;False;1;44.2091558773081;0;44.2091558773081;44.2091558773081
608;57.50;10.50;True;False;False;False;1388;69.50;22.50;True;False;False;False;1;20.8130663449128;0;20.8130663449128;20.8130663449128
610;59.50;10.50;True;False;False;False;284;63.50;0.50;False;True;False;False;1;23.8354617641427;0;23.8354617641427;23.8354617641427
610;59.50;10.50;True;False;False;False;2157;70.50;34.50;True;False;False;False;1;27.5694444444442;0;27.5694444444442;27.5694444444442
611;60.50;10.50;True;False;False;False;12;81.50;11.50;False;False;True;False;1;129.738888888887;0;129.738888888887;129.738888888887
611;60.50;10.50;True;False;False;False;60;81.50;29.50;False;False;True;False;1;51.9893578459537;0;51.9893578459537;51.9893578459537
611;60.50;10.50;True;False;False;False;236;33.50;0.50;False;True;False;False;1;42.6821284308103;0;42.6821284308103;42.6821284308103
611;60.50;10.50;True;False;False;False;252;43.50;0.50;False;True;False;False;1;57.0952741813098;0;57.0952741813098;57.0952741813098
611;60.50;10.50;True;False;False;False;284;63.50;0.50;False;True;False;False;1;28.6716666666757;0;28.6716666666757;28.6716666666757
611;60.50;10.50;True;False;False;False;1108;45.50;18.50;True;False;False;False;1;19.1333333333328;0;19.1333333333328;19.1333333333328
611;60.50;10.50;True;False;False;False;1193;66.50;19.50;True;False;False;False;1;14.4293506530248;0;14.4293506530248;14.4293506530248
611;60.50;10.50;True;False;False;False;1769;66.50;28.50;True;False;False;False;1;20.2641414914344;0;20.2641414914344;20.2641414914344
611;60.50;10.50;True;False;False;False;2269;54.50;36.50;True;False;False;False;1;26.6777777777779;0;26.6777777777779;26.6777777777779
611;60.50;10.50;True;False;False;False;2349;70.50;37.50;True;False;False;False;1;29.9400865984919;0;29.9400865984919;29.9400865984919
613;62.50;10.50;True;False;False;False;12;81.50;11.50;False;False;True;False;1;112.863982680297;0;112.863982680297;112.863982680297
613;62.50;10.50;True;False;False;False;1748;45.50;28.50;True;False;False;False;1;36.4309235282853;0;36.4309235282853;36.4309235282853
620;69.50;10.50;True;False;False;False;220;23.50;0.50;False;True;False;False;1;52.3861111111109;0;52.3861111111109;52.3861111111109
620;69.50;10.50;True;False;False;False;268;53.50;0.50;False;True;False;False;1;28.5583333333332;0;28.5583333333332;28.5583333333332
620;69.50;10.50;True;False;False;False;1356;37.50;22.50;True;False;False;False;1;36.5450000000008;0;36.5450000000008;36.5450000000008
620;69.50;10.50;True;False;False;False;1488;41.50;24.50;True;False;False;False;1;37.1777777777779;0;37.1777777777779;37.1777777777779
622;71.50;10.50;True;False;False;False;12;81.50;11.50;False;False;True;False;1;115.558131364661;0;115.558131364661;115.558131364661
622;71.50;10.50;True;False;False;False;252;43.50;0.50;False;True;False;False;1;41.0804617641421;0;41.0804617641421;41.0804617641421
622;71.50;10.50;True;False;False;False;284;63.50;0.50;False;True;False;False;1;26.55;0;26.55;26.55
622;71.50;10.50;True;False;False;False;551;64.50;9.50;True;False;False;False;1;9.44238822627926;0;9.44238822627926;9.44238822627926
622;71.50;10.50;True;False;False;False;1356;37.50;22.50;True;False;False;False;1;37.506017319698;0;37.506017319698;37.506017319698
622;71.50;10.50;True;False;False;False;1486;39.50;24.50;True;False;False;False;1;43.58963202727;0;43.58963202727;43.58963202727
622;71.50;10.50;True;False;False;False;1488;41.50;24.50;True;False;False;False;1;39.9549134015089;0;39.9549134015089;39.9549134015089
690;11.50;12.50;True;False;False;False;124;0.50;20.50;False;False;True;False;1;39.4233333333368;0;39.4233333333368;39.4233333333368
690;11.50;12.50;True;False;False;False;1750;47.50;28.50;True;False;False;False;1;57.8484271247517;0;57.8484271247517;57.8484271247517
691;12.50;12.50;True;False;False;False;236;33.50;0.50;False;True;False;False;1;48.8775901949616;0;48.8775901949616;48.8775901949616
691;12.50;12.50;True;False;False;False;1187;60.50;19.50;True;False;False;False;1;42.9784271247477;0;42.9784271247477;42.9784271247477
693;14.50;12.50;True;False;False;False;140;0.50;26.50;False;False;True;False;1;32.0826839863694;0;32.0826839863694;32.0826839863694
693;14.50;12.50;True;False;False;False;172;0.50;38.50;False;False;True;False;1;83.8595382358575;0;83.8595382358575;83.8595382358575
693;14.50;12.50;True;False;False;False;881;10.50;15.50;True;False;False;False;1;8.94471862576147;0;8.94471862576147;8.94471862576147
693;14.50;12.50;True;False;False;False;1683;44.50;27.50;True;False;False;False;1;55.5555555555611;0;55.5555555555611;55.5555555555611
693;14.50;12.50;True;False;False;False;1845;14.50;30.50;True;False;False;False;1;13.488888888889;0;13.488888888889;13.488888888889
695;16.50;12.50;True;False;False;False;44;81.50;23.50;False;False;True;False;1;168.872222222229;0;168.872222222229;168.872222222229
695;16.50;12.50;True;False;False;False;108;0.50;14.50;False;False;True;False;1;41.3912049025255;0;41.3912049025255;41.3912049025255
695;16.50;12.50;True;False;False;False;1492;45.50;24.50;True;False;False;False;1;34.2166666666717;0;34.2166666666717;34.2166666666717
695;16.50;12.50;True;False;False;False;1853;22.50;30.50;True;False;False;False;1;20.2268542494924;0;20.2268542494924;20.2268542494924
695;16.50;12.50;True;False;False;False;2805;14.50;45.50;True;False;False;False;1;32.452777777778;0;32.452777777778;32.452777777778
705;26.50;12.50;True;False;False;False;12;81.50;11.50;False;False;True;False;1;189.080743138367;0;189.080743138367;189.080743138367
705;26.50;12.50;True;False;False;False;1676;37.50;27.50;True;False;False;False;1;21.1499999999983;0;21.1499999999983;21.1499999999983
709;30.50;12.50;True;False;False;False;76;81.50;35.50;False;False;True;False;1;126.439538235863;0;126.439538235863;126.439538235863
709;30.50;12.50;True;False;False;False;156;0.50;32.50;False;False;True;False;1;95.0443578459572;0;95.0443578459572;95.0443578459572
709;30.50;12.50;True;False;False;False;764;21.50;13.50;True;False;False;False;1;10.8444444444431;0;10.8444444444431;10.8444444444431
709;30.50;12.50;True;False;False;False;2148;61.50;34.50;True;False;False;False;1;41.2812049025297;0;41.2812049025297;41.2812049025297
710;31.50;12.50;True;False;False;False;140;0.50;26.50;False;False;True;False;1;58.0081529434319;0;58.0081529434319;58.0081529434319
710;31.50;12.50;True;False;False;False;1852;21.50;30.50;True;False;False;False;1;22.9083333333301;0;22.9083333333301;22.9083333333301
711;32.50;12.50;True;False;False;False;236;33.50;0.50;False;True;False;False;1;27.6669336550708;0;27.6669336550708;27.6669336550708
711;32.50;12.50;True;False;False;False;1765;62.50;28.50;True;False;False;False;1;37.7801731969894;0;37.7801731969894;37.7801731969894
713;34.50;12.50;True;False;False;False;140;0.50;26.50;False;False;True;False;1;103.808701306063;0;103.808701306063;103.808701306063
713;34.50;12.50;True;False;False;False;1156;29.50;19.50;True;False;False;False;1;11.761760458081;0;11.761760458081;11.761760458081
714;35.50;12.50;True;False;False;False;204;13.50;0.50;False;True;False;False;1;50.9575973878726;0;50.9575973878726;50.9575973878726
714;35.50;12.50;True;False;False;False;1706;67.50;27.50;True;False;False;False;1;37.8538888888878;0;37.8538888888878;37.8538888888878
715;36.50;12.50;True;False;False;False;44;81.50;23.50;False;False;True;False;1;81.274999999996;0;81.274999999996;81.274999999996
715;36.50;12.50;True;False;False;False;906;35.50;15.50;True;False;False;False;1;6.56981241717421;0;6.56981241717421;6.56981241717421
715;36.50;12.50;True;False;False;False;2247;32.50;36.50;True;False;False;False;1;22.8680519590921;0;22.8680519590921;22.8680519590921
719;40.50;12.50;True;False;False;False;28;81.50;17.50;False;False;True;False;1;130.701298693941;0;130.701298693941;130.701298693941
719;40.50;12.50;True;False;False;False;156;0.50;32.50;False;False;True;False;1;58.0077777777788;0;58.0077777777788;58.0077777777788
719;40.50;12.50;True;False;False;False;1768;65.50;28.50;True;False;False;False;1;33.2583333333387;0;33.2583333333387;33.2583333333387
719;40.50;12.50;True;False;False;False;1901;70.50;30.50;True;False;False;False;1;38.4828643762758;0;38.4828643762758;38.4828643762758
720;41.50;12.50;True;False;False;False;188;0.50;44.50;False;False;True;False;1;89.3888888888898;0;89.3888888888898;89.3888888888898
720;41.50;12.50;True;False;False;False;236;33.50;0.50;False;True;False;False;1;26.0244444444447;0;26.0244444444447;26.0244444444447
720;41.50;12.50;True;False;False;False;725;46.50;12.50;True;False;False;False;1;6.45000000000391;0;6.45000000000391;6.45000000000391
720;41.50;12.50;True;False;False;False;2493;22.50;40.50;True;False;False;False;1;37.1882395419207;0;37.1882395419207;37.1882395419207
721;42.50;12.50;True;False;False;False;220;23.50;0.50;False;True;False;False;1;39.5801803899194;0;39.5801803899194;39.5801803899194
721;42.50;12.50;True;False;False;False;557;70.50;9.50;True;False;False;False;1;27.661111111111;0;27.661111111111;27.661111111111
724;45.50;12.50;True;False;False;False;252;43.50;0.50;False;True;False;False;1;30.4357431383755;0;30.4357431383755;30.4357431383755
724;45.50;12.50;True;False;False;False;1706;67.50;27.50;True;False;False;False;1;28.087597387866;0;28.087597387866;28.087597387866
725;46.50;12.50;True;False;False;False;268;53.50;0.50;False;True;False;False;1;38.9611111111094;0;38.9611111111094;38.9611111111094
725;46.50;12.50;True;False;False;False;1659;20.50;27.50;True;False;False;False;1;43.3271284308071;0;43.3271284308071;43.3271284308071
726;47.50;12.50;True;False;False;False;12;81.50;11.50;False;False;True;False;1;169.002777777783;0;169.002777777783;169.002777777783
726;47.50;12.50;True;False;False;False;172;0.50;38.50;False;False;True;False;1;64.4326839863643;0;64.4326839863643;64.4326839863643
726;47.50;12.50;True;False;False;False;1750;47.50;28.50;True;False;False;False;1;13.2777777777783;0;13.2777777777783;13.2777777777783
729;50.50;12.50;True;False;False;False;108;0.50;14.50;False;False;True;False;1;161.998427124757;0;161.998427124757;161.998427124757
729;50.50;12.50;True;False;False;False;1683;44.50;27.50;True;False;False;False;1;23.1873160136402;0;23.1873160136402;23.1873160136402
730;51.50;12.50;True;False;False;False;76;81.50;35.50;False;False;True;False;1;114.722316013649;0;114.722316013649;114.722316013649
730;51.50;12.50;True;False;False;False;284;63.50;0.50;False;True;False;False;1;35.9532395419196;0;35.9532395419196;35.9532395419196
730;51.50;12.50;True;False;False;False;1548;37.50;25.50;True;False;False;False;1;22.7594444444439;0;22.7594444444439;22.7594444444439
730;51.50;12.50;True;False;False;False;2479;72.50;39.50;True;False;False;False;1;39.8555555555558;0;39.8555555555558;39.8555555555558
733;54.50;12.50;True;False;False;False;284;63.50;0.50;False;True;False;False;1;39.1445166570875;0;39.1445166570875;39.1445166570875
733;54.50;12.50;True;False;False;False;2862;71.50;45.50;True;False;False;False;1;39.8000000000002;0;39.8000000000002;39.8000000000002
734;55.50;12.50;True;False;False;False;28;81.50;17.50;False;False;True;False;1;147.515187582829;0;147.515187582829;147.515187582829
734;55.50;12.50;True;False;False;False;204;13.50;0.50;False;True;False;False;1;50.8861111111109;0;50.8861111111109;50.8861111111109
734;55.50;12.50;True;False;False;False;1749;46.50;28.50;True;False;False;False;1;20.7852813742311;0;20.7852813742311;20.7852813742311
734;55.50;12.50;True;False;False;False;2285;70.50;36.50;True;False;False;False;1;29.9945382358555;0;29.9945382358555;29.9945382358555
735;56.50;12.50;True;False;False;False;268;53.50;0.50;False;True;False;False;1;30.8548124171762;0;30.8548124171762;30.8548124171762
735;56.50;12.50;True;False;False;False;2479;72.50;39.50;True;False;False;False;1;34.7623160136327;0;34.7623160136327;34.7623160136327
736;57.50;12.50;True;False;False;False;12;81.50;11.50;False;False;True;False;2;103.782319610086;3065.21394302708;64.6337950974876;142.930844122685
736;57.50;12.50;True;False;False;False;1769;66.50;28.50;True;False;False;False;1;21.217316013634;0;21.217316013634;21.217316013634
736;57.50;12.50;True;False;False;False;2543;72.50;40.50;True;False;False;False;1;35.9812049025227;0;35.9812049025227;35.9812049025227
738;59.50;12.50;True;False;False;False;252;43.50;0.50;False;True;False;False;1;36.1506493469633;0;36.1506493469633;36.1506493469633
738;59.50;12.50;True;False;False;False;1885;54.50;30.50;True;False;False;False;1;23.8144444444433;0;23.8144444444433;23.8144444444433
739;60.50;12.50;True;False;False;False;204;13.50;0.50;False;True;False;False;1;53.8261111111101;0;53.8261111111101;53.8261111111101
739;60.50;12.50;True;False;False;False;1007;72.50;16.50;True;False;False;False;1;15.0200000000003;0;15.0200000000003;15.0200000000003
740;61.50;12.50;True;False;False;False;284;63.50;0.50;False;True;False;False;1;43.8199999999985;0;43.8199999999985;43.8199999999985
740;61.50;12.50;True;False;False;False;758;15.50;13.50;True;False;False;False;1;37.3633333333332;0;37.3633333333332;37.3633333333332
741;62.50;12.50;True;False;False;False;12;81.50;11.50;False;False;True;False;1;108.661111111111;0;108.661111111111;108.661111111111
741;62.50;12.50;True;False;False;False;204;13.50;0.50;False;True;False;False;1;56.866111111111;0;56.866111111111;56.866111111111
741;62.50;12.50;True;False;False;False;943;72.50;15.50;True;False;False;False;1;13.3132395419205;0;13.3132395419205;13.3132395419205
741;62.50;12.50;True;False;False;False;1375;56.50;22.50;True;False;False;False;1;14.8772222222224;0;14.8772222222224;14.8772222222224
741;62.50;12.50;True;False;False;False;2336;57.50;37.50;True;False;False;False;1;24.1194444444443;0;24.1194444444443;24.1194444444443
744;65.50;12.50;True;False;False;False;76;81.50;35.50;False;False;True;False;1;65.8373160136416;0;65.8373160136416;65.8373160136416
744;65.50;12.50;True;False;False;False;284;63.50;0.50;False;True;False;False;1;31.9138888888883;0;31.9138888888883;31.9138888888883
744;65.50;12.50;True;False;False;False;1194;67.50;19.50;True;False;False;False;1;10.0413852924512;0;10.0413852924512;10.0413852924512
744;65.50;12.50;True;False;False;False;1855;24.50;30.50;True;False;False;False;1;53.6194444444509;0;53.6194444444509;53.6194444444509
745;66.50;12.50;True;False;False;False;12;81.50;11.50;False;False;True;False;2;124.482918464902;0.742730744807735;123.873520916167;125.092316013636
745;66.50;12.50;True;False;False;False;28;81.50;17.50;False;False;True;False;1;102.189357845959;0;102.189357845959;102.189357845959
745;66.50;12.50;True;False;False;False;220;23.50;0.50;False;True;False;False;1;55.1947114328482;0;55.1947114328482;55.1947114328482
745;66.50;12.50;True;False;False;False;729;50.50;12.50;True;False;False;False;1;18.2790764717138;0;18.2790764717138;18.2790764717138
745;66.50;12.50;True;False;False;False;1290;35.50;21.50;True;False;False;False;1;38.2416666666695;0;38.2416666666695;38.2416666666695
745;66.50;12.50;True;False;False;False;1358;39.50;22.50;True;False;False;False;1;28.3034271247465;0;28.3034271247465;28.3034271247465
745;66.50;12.50;True;False;False;False;1496;49.50;24.50;True;False;False;False;1;23.7255555555525;0;23.7255555555525;23.7255555555525
746;67.50;12.50;True;False;False;False;12;81.50;11.50;False;False;True;False;1;97.5651875828298;0;97.5651875828298;97.5651875828298
746;67.50;12.50;True;False;False;False;28;81.50;17.50;False;False;True;False;1;87.3716810524966;0;87.3716810524966;87.3716810524966
746;67.50;12.50;True;False;False;False;2158;71.50;34.50;True;False;False;False;1;21.8055555555538;0;21.8055555555538;21.8055555555538
746;67.50;12.50;True;False;False;False;2680;17.50;43.50;True;False;False;False;1;61.0038022903982;0;61.0038022903982;61.0038022903982
748;69.50;12.50;True;False;False;False;12;81.50;11.50;False;False;True;False;1;227.436767651009;0;227.436767651009;227.436767651009
748;69.50;12.50;True;False;False;False;28;81.50;17.50;False;False;True;False;2;117.266991340148;838.705360008475;96.7888888888895;137.745093791406
748;69.50;12.50;True;False;False;False;268;53.50;0.50;False;True;False;False;1;36.4277777777778;0;36.4277777777778;36.4277777777778
748;69.50;12.50;True;False;False;False;284;63.50;0.50;False;True;False;False;1;50.655461764142;0;50.655461764142;50.655461764142
748;69.50;12.50;True;False;False;False;733;54.50;12.50;True;False;False;False;1;12.0361111111113;0;12.0361111111113;12.0361111111113
748;69.50;12.50;True;False;False;False;910;39.50;15.50;True;False;False;False;1;26.9145382358593;0;26.9145382358593;26.9145382358593
748;69.50;12.50;True;False;False;False;1493;46.50;24.50;True;False;False;False;1;27.5555555555559;0;27.5555555555559;27.5555555555559
748;69.50;12.50;True;False;False;False;1550;39.50;25.50;True;False;False;False;1;34.3493506530331;0;34.3493506530331;34.3493506530331
748;69.50;12.50;True;False;False;False;2624;25.50;42.50;True;False;False;False;1;57.2845382358576;0;57.2845382358576;57.2845382358576
749;70.50;12.50;True;False;False;False;284;63.50;0.50;False;True;False;False;1;25.1268614423834;0;25.1268614423834;25.1268614423834
749;70.50;12.50;True;False;False;False;736;57.50;12.50;True;False;False;False;1;15.4015656823599;0;15.4015656823599;15.4015656823599
751;72.50;12.50;True;False;False;False;12;81.50;11.50;False;False;True;False;1;137.020555555564;0;137.020555555564;137.020555555564
751;72.50;12.50;True;False;False;False;28;81.50;17.50;False;False;True;False;1;86.7086455894216;0;86.7086455894216;86.7086455894216
751;72.50;12.50;True;False;False;False;607;56.50;10.50;True;False;False;False;1;16.6426911792814;0;16.6426911792814;16.6426911792814
751;72.50;12.50;True;False;False;False;986;51.50;16.50;True;False;False;False;1;20.9166666666661;0;20.9166666666661;20.9166666666661
753;10.50;13.50;True;False;False;False;172;0.50;38.50;False;False;True;False;1;94.1755555555556;0;94.1755555555556;94.1755555555556
753;10.50;13.50;True;False;False;False;739;60.50;12.50;True;False;False;False;1;65.102777777778;0;65.102777777778;65.102777777778
753;10.50;13.50;True;False;False;False;2800;9.50;45.50;True;False;False;False;1;30.7861111111112;0;30.7861111111112;30.7861111111112
754;11.50;13.50;True;False;False;False;124;0.50;20.50;False;False;True;False;1;30.6750000000047;0;30.6750000000047;30.6750000000047
754;11.50;13.50;True;False;False;False;204;13.50;0.50;False;True;False;False;1;32.5194444444433;0;32.5194444444433;32.5194444444433
754;11.50;13.50;True;False;False;False;954;19.50;16.50;True;False;False;False;1;11.9964790838421;0;11.9964790838421;11.9964790838421
754;11.50;13.50;True;False;False;False;1683;44.50;27.50;True;False;False;False;1;39.4012049025314;0;39.4012049025314;39.4012049025314
755;12.50;13.50;True;False;False;False;108;0.50;14.50;False;False;True;False;2;141.356623367421;3694.56948061908;98.3765728752501;184.336673859591
755;12.50;13.50;True;False;False;False;124;0.50;20.50;False;False;True;False;1;84.9339826803034;0;84.9339826803034;84.9339826803034
755;12.50;13.50;True;False;False;False;1115;52.50;18.50;True;False;False;False;1;36.6029653605924;0;36.6029653605924;36.6029653605924
755;12.50;13.50;True;False;False;False;1326;71.50;21.50;True;False;False;False;1;52.3160173196975;0;52.3160173196975;52.3160173196975
755;12.50;13.50;True;False;False;False;1753;50.50;28.50;True;False;False;False;1;42.4466666666676;0;42.4466666666676;42.4466666666676
757;14.50;13.50;True;False;False;False;236;33.50;0.50;False;True;False;False;1;37.8722222222164;0;37.8722222222164;37.8722222222164
757;14.50;13.50;True;False;False;False;2340;61.50;37.50;True;False;False;False;1;55.2388888888872;0;55.2388888888872;55.2388888888872
758;15.50;13.50;True;False;False;False;124;0.50;20.50;False;False;True;False;1;100.489538235851;0;100.489538235851;100.489538235851
758;15.50;13.50;True;False;False;False;188;0.50;44.50;False;False;True;False;1;97.3594444444543;0;97.3594444444543;97.3594444444543
758;15.50;13.50;True;False;False;False;284;63.50;0.50;False;True;False;False;1;69.7728715691914;0;69.7728715691914;69.7728715691914
758;15.50;13.50;True;False;False;False;1553;42.50;25.50;True;False;False;False;1;34.1111111111115;0;34.1111111111115;34.1111111111115
758;15.50;13.50;True;False;False;False;1743;40.50;28.50;True;False;False;False;1;32.6027777777799;0;32.6027777777799;32.6027777777799
758;15.50;13.50;True;False;False;False;2282;67.50;36.50;True;False;False;False;1;60.2768614423853;0;60.2768614423853;60.2768614423853
760;17.50;13.50;True;False;False;False;156;0.50;32.50;False;False;True;False;1;117.970649346966;0;117.970649346966;117.970649346966
760;17.50;13.50;True;False;False;False;1130;67.50;18.50;True;False;False;False;1;43.7871356237238;0;43.7871356237238;43.7871356237238
762;19.50;13.50;True;False;False;False;220;23.50;0.50;False;True;False;False;1;28.9611111111112;0;28.9611111111112;28.9611111111112
762;19.50;13.50;True;False;False;False;1758;55.50;28.50;True;False;False;False;1;40.2534271247423;0;40.2534271247423;40.2534271247423
764;21.50;13.50;True;False;False;False;108;0.50;14.50;False;False;True;False;1;118.501298693946;0;118.501298693946;118.501298693946
764;21.50;13.50;True;False;False;False;124;0.50;20.50;False;False;True;False;1;39.5583333333336;0;39.5583333333336;39.5583333333336
764;21.50;13.50;True;False;False;False;220;23.50;0.50;False;True;False;False;1;32.5806493469636;0;32.5806493469636;32.5806493469636
764;21.50;13.50;True;False;False;False;252;43.50;0.50;False;True;False;False;1;59.9911111111114;0;59.9911111111114;59.9911111111114
764;21.50;13.50;True;False;False;False;497;10.50;9.50;True;False;False;False;1;14.436111111113;0;14.436111111113;14.436111111113
764;21.50;13.50;True;False;False;False;1683;44.50;27.50;True;False;False;False;1;29.3755555555535;0;29.3755555555535;29.3755555555535
764;21.50;13.50;True;False;False;False;2074;51.50;33.50;True;False;False;False;1;40.4694444444448;0;40.4694444444448;40.4694444444448
764;21.50;13.50;True;False;False;False;2803;12.50;45.50;True;False;False;False;1;34.2644444444452;0;34.2644444444452;34.2644444444452
768;25.50;13.50;True;False;False;False;156;0.50;32.50;False;False;True;False;1;159.011580068184;0;159.011580068184;159.011580068184
768;25.50;13.50;True;False;False;False;1548;37.50;25.50;True;False;False;False;1;20.6367604580801;0;20.6367604580801;20.6367604580801
768;25.50;13.50;True;False;False;False;2236;21.50;36.50;True;False;False;False;1;22.8611111111112;0;22.8611111111112;22.8611111111112
770;27.50;13.50;True;False;False;False;236;33.50;0.50;False;True;False;False;1;26.8783333333333;0;26.8783333333333;26.8783333333333
770;27.50;13.50;True;False;False;False;1563;52.50;25.50;True;False;False;False;1;29.5589826803021;0;29.5589826803021;29.5589826803021
772;29.50;13.50;True;False;False;False;571;20.50;10.50;True;False;False;False;1;12.2361111111109;0;12.2361111111109;12.2361111111109
774;31.50;13.50;True;False;False;False;124;0.50;20.50;False;False;True;False;1;91.1333333333387;0;91.1333333333387;91.1333333333387
774;31.50;13.50;True;False;False;False;172;0.50;38.50;False;False;True;False;1;106.205000000004;0;106.205000000004;106.205000000004
774;31.50;13.50;True;False;False;False;220;23.50;0.50;False;True;False;False;1;59.0601875828238;0;59.0601875828238;59.0601875828238
774;31.50;13.50;True;False;False;False;1962;67.50;31.50;True;False;False;False;1;42.4744444444468;0;42.4744444444468;42.4744444444468
774;31.50;13.50;True;False;False;False;2040;17.50;33.50;True;False;False;False;1;27.3338888888929;0;27.3338888888929;27.3338888888929
774;31.50;13.50;True;False;False;False;2664;65.50;42.50;True;False;False;False;1;49.993520916159;0;49.993520916159;49.993520916159
779;36.50;13.50;True;False;False;False;12;81.50;11.50;False;False;True;False;1;184.511760458075;0;184.511760458075;184.511760458075
779;36.50;13.50;True;False;False;False;1001;66.50;16.50;True;False;False;False;1;27.8931457505169;0;27.8931457505169;27.8931457505169
780;37.50;13.50;True;False;False;False;252;43.50;0.50;False;True;False;False;1;25.331204902524;0;25.331204902524;25.331204902524
780;37.50;13.50;True;False;False;False;1388;69.50;22.50;True;False;False;False;1;34.5287156918939;0;34.5287156918939;34.5287156918939
783;40.50;13.50;True;False;False;False;28;81.50;17.50;False;False;True;False;2;85.4889357845958;378.122420740527;71.7389826803026;99.2388888888891
783;40.50;13.50;True;False;False;False;124;0.50;20.50;False;False;True;False;1;124.797316013636;0;124.797316013636;124.797316013636
783;40.50;13.50;True;False;False;False;140;0.50;26.50;False;False;True;False;1;127.957777777779;0;127.957777777779;127.957777777779
783;40.50;13.50;True;False;False;False;770;27.50;13.50;True;False;False;False;1;11.702777777778;0;11.702777777778;11.702777777778
783;40.50;13.50;True;False;False;False;1075;12.50;18.50;True;False;False;False;1;26.5011111111153;0;26.5011111111153;26.5011111111153
783;40.50;13.50;True;False;False;False;2237;22.50;36.50;True;False;False;False;1;34.0551875828269;0;34.0551875828269;34.0551875828269
783;40.50;13.50;True;False;False;False;2244;29.50;36.50;True;False;False;False;1;27.4562049025189;0;27.4562049025189;27.4562049025189
785;42.50;13.50;True;False;False;False;12;81.50;11.50;False;False;True;False;1;37.881204902524;0;37.881204902524;37.881204902524
785;42.50;13.50;True;False;False;False;1493;46.50;24.50;True;False;False;False;1;17.2327777777778;0;17.2327777777778;17.2327777777778
787;44.50;13.50;True;False;False;False;204;13.50;0.50;False;True;False;False;1;49.349444444444;0;49.349444444444;49.349444444444
787;44.50;13.50;True;False;False;False;1164;37.50;19.50;True;False;False;False;1;12.4355555555547;0;12.4355555555547;12.4355555555547
788;45.50;13.50;True;False;False;False;12;81.50;11.50;False;False;True;False;1;42.3145382358575;0;42.3145382358575;42.3145382358575
788;45.50;13.50;True;False;False;False;1737;34.50;28.50;True;False;False;False;1;26.4339826803023;0;26.4339826803023;26.4339826803023
789;46.50;13.50;True;False;False;False;12;81.50;11.50;False;False;True;False;1;79.4395382358582;0;79.4395382358582;79.4395382358582
789;46.50;13.50;True;False;False;False;92;81.50;41.50;False;False;True;False;1;64.3666666666686;0;64.3666666666686;64.3666666666686
789;46.50;13.50;True;False;False;False;2080;57.50;33.50;True;False;False;False;1;25.4777777777783;0;25.4777777777783;25.4777777777783
789;46.50;13.50;True;False;False;False;2313;34.50;37.50;True;False;False;False;1;29.2338888888908;0;29.2338888888908;29.2338888888908
792;49.50;13.50;True;False;False;False;28;81.50;17.50;False;False;True;False;1;130.59731601364;0;130.59731601364;130.59731601364
792;49.50;13.50;True;False;False;False;124;0.50;20.50;False;False;True;False;1;66.3046320272688;0;66.3046320272688;66.3046320272688
792;49.50;13.50;True;False;False;False;1759;56.50;28.50;True;False;False;False;1;19.5584271247471;0;19.5584271247471;19.5584271247471
792;49.50;13.50;True;False;False;False;2535;64.50;40.50;True;False;False;False;1;33.4727777777798;0;33.4727777777798;33.4727777777798
793;50.50;13.50;True;False;False;False;44;81.50;23.50;False;False;True;False;1;118.227777777781;0;118.227777777781;118.227777777781
793;50.50;13.50;True;False;False;False;268;53.50;0.50;False;True;False;False;1;34.3299999999986;0;34.3299999999986;34.3299999999986
793;50.50;13.50;True;False;False;False;1876;45.50;30.50;True;False;False;False;1;20.6632395419165;0;20.6632395419165;20.6632395419165
793;50.50;13.50;True;False;False;False;1902;71.50;30.50;True;False;False;False;1;34.5132395419232;0;34.5132395419232;34.5132395419232
795;52.50;13.50;True;False;False;False;12;81.50;11.50;False;False;True;False;1;97.5812049025271;0;97.5812049025271;97.5812049025271
795;52.50;13.50;True;False;False;False;44;81.50;23.50;False;False;True;False;1;123.777777777779;0;123.777777777779;123.777777777779
795;52.50;13.50;True;False;False;False;587;36.50;10.50;True;False;False;False;1;17.0083333333341;0;17.0083333333341;17.0083333333341
795;52.50;13.50;True;False;False;False;1488;41.50;24.50;True;False;False;False;1;19.2638888888889;0;19.2638888888889;19.2638888888889
798;55.50;13.50;True;False;False;False;60;81.50;29.50;False;False;True;False;1;58.4227777777782;0;58.4227777777782;58.4227777777782
798;55.50;13.50;True;False;False;False;1007;72.50;16.50;True;False;False;False;1;19.2396248343493;0;19.2396248343493;19.2396248343493
798;55.50;13.50;True;False;False;False;2288;9.50;37.50;True;False;False;False;1;53.853427124747;0;53.853427124747;53.853427124747
800;57.50;13.50;True;False;False;False;28;81.50;17.50;False;False;True;False;1;211.7530519591;0;211.7530519591;211.7530519591
800;57.50;13.50;True;False;False;False;1488;41.50;24.50;True;False;False;False;1;22.125;0;22.125;22.125
802;59.50;13.50;True;False;False;False;76;81.50;35.50;False;False;True;False;1;99.3777777777718;0;99.3777777777718;99.3777777777718
802;59.50;13.50;True;False;False;False;140;0.50;26.50;False;False;True;False;1;159.31388888888;0;159.31388888888;159.31388888888
802;59.50;13.50;True;False;False;False;1740;37.50;28.50;True;False;False;False;1;29.8472222222199;0;29.8472222222199;29.8472222222199
802;59.50;13.50;True;False;False;False;2877;22.50;46.50;True;False;False;False;1;53.8380591520136;0;53.8380591520136;53.8380591520136
803;60.50;13.50;True;False;False;False;12;81.50;11.50;False;False;True;False;1;155.608982680296;0;155.608982680296;155.608982680296
803;60.50;13.50;True;False;False;False;2872;17.50;46.50;True;False;False;False;1;58.4999999999973;0;58.4999999999973;58.4999999999973
805;62.50;13.50;True;False;False;False;28;81.50;17.50;False;False;True;False;1;113.077777777785;0;113.077777777785;113.077777777785
805;62.50;13.50;True;False;False;False;220;23.50;0.50;False;True;False;False;1;58.593888888895;0;58.593888888895;58.593888888895
805;62.50;13.50;True;False;False;False;921;50.50;15.50;True;False;False;False;1;13.1181457505072;0;13.1181457505072;13.1181457505072
805;62.50;13.50;True;False;False;False;1768;65.50;28.50;True;False;False;False;1;17.2138888888894;0;17.2138888888894;17.2138888888894
809;66.50;13.50;True;False;False;False;60;81.50;29.50;False;False;True;False;1;76.1738022904019;0;76.1738022904019;76.1738022904019
809;66.50;13.50;True;False;False;False;76;81.50;35.50;False;False;True;False;1;131.166666666674;0;131.166666666674;131.166666666674
809;66.50;13.50;True;False;False;False;931;60.50;15.50;True;False;False;False;1;10.0384199318287;0;10.0384199318287;10.0384199318287
809;66.50;13.50;True;False;False;False;2541;70.50;40.50;True;False;False;False;1;24.8805555555564;0;24.8805555555564;24.8805555555564
810;67.50;13.50;True;False;False;False;12;81.50;11.50;False;False;True;False;1;157.828427124749;0;157.828427124749;157.828427124749
810;67.50;13.50;True;False;False;False;44;81.50;23.50;False;False;True;False;1;40.0505555555545;0;40.0505555555545;40.0505555555545
810;67.50;13.50;True;False;False;False;610;59.50;10.50;True;False;False;False;1;11.2895382358572;0;11.2895382358572;11.2895382358572
810;67.50;13.50;True;False;False;False;1130;67.50;18.50;True;False;False;False;1;5.90777777777771;0;5.90777777777771;5.90777777777771
810;67.50;13.50;True;False;False;False;1743;40.50;28.50;True;False;False;False;1;34.6238888888984;0;34.6238888888984;34.6238888888984
812;69.50;13.50;True;False;False;False;2096;9.50;34.50;True;False;False;False;1;61.4250937914122;0;61.4250937914122;61.4250937914122
813;70.50;13.50;True;False;False;False;28;81.50;17.50;False;False;True;False;1;269.274444444452;0;269.274444444452;269.274444444452
813;70.50;13.50;True;False;False;False;284;63.50;0.50;False;True;False;False;1;34.9111111111115;0;34.9111111111115;34.9111111111115
813;70.50;13.50;True;False;False;False;1295;40.50;21.50;True;False;False;False;1;30.1862049025258;0;30.1862049025258;30.1862049025258
813;70.50;13.50;True;False;False;False;2416;9.50;39.50;True;False;False;False;1;66.580822543986;0;66.580822543986;66.580822543986
814;71.50;13.50;True;False;False;False;44;81.50;23.50;False;False;True;False;1;40.5672222222274;0;40.5672222222274;40.5672222222274
814;71.50;13.50;True;False;False;False;1497;50.50;24.50;True;False;False;False;1;25.9805555555577;0;25.9805555555577;25.9805555555577
815;72.50;13.50;True;False;False;False;28;81.50;17.50;False;False;True;False;1;51.3640764717152;0;51.3640764717152;51.3640764717152
815;72.50;13.50;True;False;False;False;730;51.50;12.50;True;False;False;False;1;18.7162049025246;0;18.7162049025246;18.7162049025246
880;9.50;15.50;True;False;False;False;124;0.50;20.50;False;False;True;False;1;56.9485209161603;0;56.9485209161603;56.9485209161603
880;9.50;15.50;True;False;False;False;1353;34.50;22.50;True;False;False;False;1;25.3514790838472;0;25.3514790838472;25.3514790838472
881;10.50;15.50;True;False;False;False;140;0.50;26.50;False;False;True;False;1;87.4376839863653;0;87.4376839863653;87.4376839863653
881;10.50;15.50;True;False;False;False;204;13.50;0.50;False;True;False;False;2;53.3363455896439;45.6994899773167;48.556204902524;58.1164862767637
881;10.50;15.50;True;False;False;False;220;23.50;0.50;False;True;False;False;1;37.2694444444443;0;37.2694444444443;37.2694444444443
881;10.50;15.50;True;False;False;False;1488;41.50;24.50;True;False;False;False;1;32.2249999999999;0;32.2249999999999;32.2249999999999
881;10.50;15.50;True;False;False;False;1683;44.50;27.50;True;False;False;False;1;36.769444444446;0;36.769444444446;36.769444444446
881;10.50;15.50;True;False;False;False;1906;11.50;31.50;True;False;False;False;1;16.2300865984926;0;16.2300865984926;16.2300865984926
881;10.50;15.50;True;False;False;False;2688;25.50;43.50;True;False;False;False;1;35.8027777777779;0;35.8027777777779;35.8027777777779
883;12.50;15.50;True;False;False;False;108;0.50;14.50;False;False;True;False;2;70.0612482017737;322.304800702906;57.3666666666677;82.7558297368796
883;12.50;15.50;True;False;False;False;204;13.50;0.50;False;True;False;False;1;58.9498196100976;0;58.9498196100976;58.9498196100976
883;12.50;15.50;True;False;False;False;514;27.50;9.50;True;False;False;False;1;17.9527777777812;0;17.9527777777812;17.9527777777812
883;12.50;15.50;True;False;False;False;886;15.50;15.50;True;False;False;False;1;4.16009379141542;0;4.16009379141542;4.16009379141542
883;12.50;15.50;True;False;False;False;908;37.50;15.50;True;False;False;False;1;31.1421284308094;0;31.1421284308094;31.1421284308094
883;12.50;15.50;True;False;False;False;2109;22.50;34.50;True;False;False;False;1;23.1049062085885;0;23.1049062085885;23.1049062085885
885;14.50;15.50;True;False;False;False;108;0.50;14.50;False;False;True;False;1;150.493888888889;0;150.493888888889;150.493888888889
885;14.50;15.50;True;False;False;False;220;23.50;0.50;False;True;False;False;1;33.1694444444465;0;33.1694444444465;33.1694444444465
885;14.50;15.50;True;False;False;False;1550;39.50;25.50;True;False;False;False;1;27.6795382358587;0;27.6795382358587;27.6795382358587
885;14.50;15.50;True;False;False;False;2032;9.50;33.50;True;False;False;False;1;20.0527777777788;0;20.0527777777788;20.0527777777788
886;15.50;15.50;True;False;False;False;76;81.50;35.50;False;False;True;False;1;136.428427124755;0;136.428427124755;136.428427124755
886;15.50;15.50;True;False;False;False;108;0.50;14.50;False;False;True;False;1;69.6361111111116;0;69.6361111111116;69.6361111111116
886;15.50;15.50;True;False;False;False;204;13.50;0.50;False;True;False;False;1;70.5411111111116;0;70.5411111111116;70.5411111111116
886;15.50;15.50;True;False;False;False;220;23.50;0.50;False;True;False;False;1;29.4112915010128;0;29.4112915010128;29.4112915010128
886;15.50;15.50;True;False;False;False;892;21.50;15.50;True;False;False;False;1;6.29944444444459;0;6.29944444444459;6.29944444444459
886;15.50;15.50;True;False;False;False;985;50.50;16.50;True;False;False;False;1;27.9300937914068;0;27.9300937914068;27.9300937914068
886;15.50;15.50;True;False;False;False;1488;41.50;24.50;True;False;False;False;1;27.3029581676856;0;27.3029581676856;27.3029581676856
886;15.50;15.50;True;False;False;False;1679;40.50;27.50;True;False;False;False;1;28.841666666664;0;28.841666666664;28.841666666664
888;17.50;15.50;True;False;False;False;124;0.50;20.50;False;False;True;False;3;69.0774699350201;1261.33164453806;35.5373160136342;106.283427124746
888;17.50;15.50;True;False;False;False;156;0.50;32.50;False;False;True;False;2;75.6803643762883;120.734475450637;67.9107287525721;83.4500000000044
888;17.50;15.50;True;False;False;False;204;13.50;0.50;False;True;False;False;1;24.9499999999998;0;24.9499999999998;24.9499999999998
888;17.50;15.50;True;False;False;False;236;33.50;0.50;False;True;False;False;1;32.4777777777782;0;32.4777777777782;32.4777777777782
888;17.50;15.50;True;False;False;False;734;55.50;12.50;True;False;False;False;1;33.8382395419258;0;33.8382395419258;33.8382395419258
888;17.50;15.50;True;False;False;False;881;10.50;15.50;True;False;False;False;1;7.86425686161692;0;7.86425686161692;7.86425686161692
888;17.50;15.50;True;False;False;False;886;15.50;15.50;True;False;False;False;1;3.94111111111124;0;3.94111111111124;3.94111111111124
888;17.50;15.50;True;False;False;False;1270;15.50;21.50;True;False;False;False;1;9.05499999999972;0;9.05499999999972;9.05499999999972
888;17.50;15.50;True;False;False;False;1483;36.50;24.50;True;False;False;False;1;22.8666666666664;0;22.8666666666664;22.8666666666664
888;17.50;15.50;True;False;False;False;2151;64.50;34.50;True;False;False;False;1;50.4951731970195;0;50.4951731970195;50.4951731970195
888;17.50;15.50;True;False;False;False;2226;11.50;36.50;True;False;False;False;1;22.7860173197114;0;22.7860173197114;22.7860173197114
888;17.50;15.50;True;False;False;False;2416;9.50;39.50;True;False;False;False;1;25.4731457505073;0;25.4731457505073;25.4731457505073
890;19.50;15.50;True;False;False;False;92;81.50;41.50;False;False;True;False;1;233.997409805035;0;233.997409805035;233.997409805035
890;19.50;15.50;True;False;False;False;188;0.50;44.50;False;False;True;False;1;151.058333333342;0;151.058333333342;151.058333333342
890;19.50;15.50;True;False;False;False;1353;34.50;22.50;True;False;False;False;1;19.0624098050503;0;19.0624098050503;19.0624098050503
890;19.50;15.50;True;False;False;False;2416;9.50;39.50;True;False;False;False;1;26.9551875828247;0;26.9551875828247;26.9551875828247
892;21.50;15.50;True;False;False;False;28;81.50;17.50;False;False;True;False;1;128.72352091616;0;128.72352091616;128.72352091616
892;21.50;15.50;True;False;False;False;1117;54.50;18.50;True;False;False;False;1;28.7472222222218;0;28.7472222222218;28.7472222222218
893;22.50;15.50;True;False;False;False;268;53.50;0.50;False;True;False;False;1;46.296572875254;0;46.296572875254;46.296572875254
893;22.50;15.50;True;False;False;False;2861;70.50;45.50;True;False;False;False;1;58.5555555555552;0;58.5555555555552;58.5555555555552
898;27.50;15.50;True;False;False;False;108;0.50;14.50;False;False;True;False;1;54.5305555555624;0;54.5305555555624;54.5305555555624
898;27.50;15.50;True;False;False;False;220;23.50;0.50;False;True;False;False;1;24.371572875255;0;24.371572875255;24.371572875255
898;27.50;15.50;True;False;False;False;522;35.50;9.50;True;False;False;False;1;14.122316013626;0;14.122316013626;14.122316013626
898;27.50;15.50;True;False;False;False;1748;45.50;28.50;True;False;False;False;1;28.0342640545414;0;28.0342640545414;28.0342640545414
900;29.50;15.50;True;False;False;False;714;35.50;12.50;True;False;False;False;1;11.177777777778;0;11.177777777778;11.177777777778
901;30.50;15.50;True;False;False;False;108;0.50;14.50;False;False;True;False;1;154.158874503042;0;154.158874503042;154.158874503042
901;30.50;15.50;True;False;False;False;1153;26.50;19.50;True;False;False;False;1;9.55555555555566;0;9.55555555555566;9.55555555555566
902;31.50;15.50;True;False;False;False;124;0.50;20.50;False;False;True;False;1;101.053427124748;0;101.053427124748;101.053427124748
902;31.50;15.50;True;False;False;False;2692;29.50;43.50;True;False;False;False;1;24.5382395419274;0;24.5382395419274;24.5382395419274
903;32.50;15.50;True;False;False;False;124;0.50;20.50;False;False;True;False;1;114.302041832319;0;114.302041832319;114.302041832319
903;32.50;15.50;True;False;False;False;140;0.50;26.50;False;False;True;False;1;82.8750000000091;0;82.8750000000091;82.8750000000091
903;32.50;15.50;True;False;False;False;236;33.50;0.50;False;True;False;False;1;29.3097114328748;0;29.3097114328748;29.3097114328748
903;32.50;15.50;True;False;False;False;1001;66.50;16.50;True;False;False;False;1;34.3879653605986;0;34.3879653605986;34.3879653605986
903;32.50;15.50;True;False;False;False;1914;19.50;31.50;True;False;False;False;1;22.8555555555567;0;22.8555555555567;22.8555555555567
903;32.50;15.50;True;False;False;False;2424;17.50;39.50;True;False;False;False;1;36.9429653606048;0;36.9429653606048;36.9429653606048
905;34.50;15.50;True;False;False;False;92;81.50;41.50;False;False;True;False;1;166.01259738786;0;166.01259738786;166.01259738786
905;34.50;15.50;True;False;False;False;268;53.50;0.50;False;True;False;False;1;64.883888888889;0;64.883888888889;64.883888888889
905;34.50;15.50;True;False;False;False;1128;65.50;18.50;True;False;False;False;1;26.7861111111147;0;26.7861111111147;26.7861111111147
905;34.50;15.50;True;False;False;False;1350;31.50;22.50;True;False;False;False;1;10.9867604580795;0;10.9867604580795;10.9867604580795
906;35.50;15.50;True;False;False;False;252;43.50;0.50;False;True;False;False;1;33.6203679727297;0;33.6203679727297;33.6203679727297
906;35.50;15.50;True;False;False;False;2062;39.50;33.50;True;False;False;False;1;18.8719480409052;0;18.8719480409052;18.8719480409052
907;36.50;15.50;True;False;False;False;28;81.50;17.50;False;False;True;False;1;173.879725818688;0;173.879725818688;173.879725818688
907;36.50;15.50;True;False;False;False;883;12.50;15.50;True;False;False;False;1;18.4625035964627;0;18.4625035964627;18.4625035964627
907;36.50;15.50;True;False;False;False;970;35.50;16.50;True;False;False;False;1;5.03731601363506;0;5.03731601363506;5.03731601363506
908;37.50;15.50;True;False;False;False;204;13.50;0.50;False;True;False;False;1;46.0993506530317;0;46.0993506530317;46.0993506530317
908;37.50;15.50;True;False;False;False;2890;35.50;46.50;True;False;False;False;1;26.0339826803017;0;26.0339826803017;26.0339826803017
910;39.50;15.50;True;False;False;False;268;53.50;0.50;False;True;False;False;1;32.7801803899224;0;32.7801803899224;32.7801803899224
910;39.50;15.50;True;False;False;False;2050;27.50;33.50;True;False;False;False;1;24.5833333333371;0;24.5833333333371;24.5833333333371
911;40.50;15.50;True;False;False;False;76;81.50;35.50;False;False;True;False;1;60.3027777777778;0;60.3027777777778;60.3027777777778
911;40.50;15.50;True;False;False;False;1582;71.50;25.50;True;False;False;False;1;34.1777777777779;0;34.1777777777779;34.1777777777779
913;42.50;15.50;True;False;False;False;268;53.50;0.50;False;True;False;False;1;37.7717604580805;0;37.7717604580805;37.7717604580805
913;42.50;15.50;True;False;False;False;2533;62.50;40.50;True;False;False;False;1;41.9027777777785;0;41.9027777777785;41.9027777777785
915;44.50;15.50;True;False;False;False;252;43.50;0.50;False;True;False;False;1;28.5869408479833;0;28.5869408479833;28.5869408479833
915;44.50;15.50;True;False;False;False;2703;40.50;43.50;True;False;False;False;1;29.864444444444;0;29.864444444444;29.864444444444
916;45.50;15.50;True;False;False;False;76;81.50;35.50;False;False;True;False;1;53.6689826803001;0;53.6689826803001;53.6689826803001
916;45.50;15.50;True;False;False;False;1553;42.50;25.50;True;False;False;False;1;12.9926839863658;0;12.9926839863658;12.9926839863658
916;45.50;15.50;True;False;False;False;1694;55.50;27.50;True;False;False;False;1;19.2456493469683;0;19.2456493469683;19.2456493469683
918;47.50;15.50;True;False;False;False;60;81.50;29.50;False;False;True;False;1;160.181854249494;0;160.181854249494;160.181854249494
918;47.50;15.50;True;False;False;False;268;53.50;0.50;False;True;False;False;1;30.4739826803009;0;30.4739826803009;30.4739826803009
918;47.50;15.50;True;False;False;False;764;21.50;13.50;True;False;False;False;1;23.4521356237312;0;23.4521356237312;23.4521356237312
918;47.50;15.50;True;False;False;False;2259;44.50;36.50;True;False;False;False;1;23.9472222222224;0;23.9472222222224;23.9472222222224
921;50.50;15.50;True;False;False;False;172;0.50;38.50;False;False;True;False;1;110.185187582832;0;110.185187582832;110.185187582832
921;50.50;15.50;True;False;False;False;1900;69.50;30.50;True;False;False;False;1;27.1743506530365;0;27.1743506530365;27.1743506530365
922;51.50;15.50;True;False;False;False;92;81.50;41.50;False;False;True;False;1;92.6317604580827;0;92.6317604580827;92.6317604580827
922;51.50;15.50;True;False;False;False;1306;51.50;21.50;True;False;False;False;1;6.24166666666588;0;6.24166666666588;6.24166666666588
923;52.50;15.50;True;False;False;False;76;81.50;35.50;False;False;True;False;1;108.966666666669;0;108.966666666669;108.966666666669
923;52.50;15.50;True;False;False;False;284;63.50;0.50;False;True;False;False;1;34.5493506530318;0;34.5493506530318;34.5493506530318
923;52.50;15.50;True;False;False;False;1327;72.50;21.50;True;False;False;False;1;22.1694444444445;0;22.1694444444445;22.1694444444445
923;52.50;15.50;True;False;False;False;1519;72.50;24.50;True;False;False;False;1;23.4166666666615;0;23.4166666666615;23.4166666666615
926;55.50;15.50;True;False;False;False;92;81.50;41.50;False;False;True;False;1;169.533059152025;0;169.533059152025;169.533059152025
926;55.50;15.50;True;False;False;False;1502;55.50;24.50;True;False;False;False;1;8.16944444444471;0;8.16944444444471;8.16944444444471
927;56.50;15.50;True;False;False;False;92;81.50;41.50;False;False;True;False;1;170.005555555557;0;170.005555555557;170.005555555557
927;56.50;15.50;True;False;False;False;951;16.50;16.50;True;False;False;False;1;36.1138888888922;0;36.1138888888922;36.1138888888922
931;60.50;15.50;True;False;False;False;44;81.50;23.50;False;False;True;False;1;102.571298693939;0;102.571298693939;102.571298693939
931;60.50;15.50;True;False;False;False;268;53.50;0.50;False;True;False;False;1;40.0111111111119;0;40.0111111111119;40.0111111111119
931;60.50;15.50;True;False;False;False;284;63.50;0.50;False;True;False;False;1;33.7932467348419;0;33.7932467348419;33.7932467348419
931;60.50;15.50;True;False;False;False;1548;37.50;25.50;True;False;False;False;1;28.0355555555552;0;28.0355555555552;28.0355555555552
931;60.50;15.50;True;False;False;False;1867;36.50;30.50;True;False;False;False;1;32.4311111111128;0;32.4311111111128;32.4311111111128
931;60.50;15.50;True;False;False;False;2276;61.50;36.50;True;False;False;False;1;19.2986075146537;0;19.2986075146537;19.2986075146537
935;64.50;15.50;True;False;False;False;92;81.50;41.50;False;False;True;False;1;58.2833333333356;0;58.2833333333356;58.2833333333356
935;64.50;15.50;True;False;False;False;268;53.50;0.50;False;True;False;False;1;37.6645382358574;0;37.6645382358574;37.6645382358574
935;64.50;15.50;True;False;False;False;1749;46.50;28.50;True;False;False;False;1;24.8472222222235;0;24.8472222222235;24.8472222222235
935;64.50;15.50;True;False;False;False;2274;59.50;36.50;True;False;False;False;1;21.9860173196985;0;21.9860173196985;21.9860173196985
937;66.50;15.50;True;False;False;False;44;81.50;23.50;False;False;True;False;1;146.758333333327;0;146.758333333327;146.758333333327
937;66.50;15.50;True;False;False;False;76;81.50;35.50;False;False;True;False;1;95.6630591520152;0;95.6630591520152;95.6630591520152
937;66.50;15.50;True;False;False;False;1764;61.50;28.50;True;False;False;False;1;16.1277777777777;0;16.1277777777777;16.1277777777777
937;66.50;15.50;True;False;False;False;1774;71.50;28.50;True;False;False;False;1;16.5478715691934;0;16.5478715691934;16.5478715691934
938;67.50;15.50;True;False;False;False;12;81.50;11.50;False;False;True;False;1;88.8957431383869;0;88.8957431383869;88.8957431383869
938;67.50;15.50;True;False;False;False;284;63.50;0.50;False;True;False;False;1;26.5361111111115;0;26.5361111111115;26.5361111111115
938;67.50;15.50;True;False;False;False;760;17.50;13.50;True;False;False;False;1;41.1723160136353;0;41.1723160136353;41.1723160136353
938;67.50;15.50;True;False;False;False;1738;35.50;28.50;True;False;False;False;1;46.2283333333353;0;46.2283333333353;46.2283333333353
940;69.50;15.50;True;False;False;False;28;81.50;17.50;False;False;True;False;1;172.241111111116;0;172.241111111116;172.241111111116
940;69.50;15.50;True;False;False;False;1518;71.50;24.50;True;False;False;False;1;11.3833333333341;0;11.3833333333341;11.3833333333341
941;70.50;15.50;True;False;False;False;12;81.50;11.50;False;False;True;False;1;87.8234271247453;0;87.8234271247453;87.8234271247453
941;70.50;15.50;True;False;False;False;28;81.50;17.50;False;False;True;False;1;136.660649346978;0;136.660649346978;136.660649346978
941;70.50;15.50;True;False;False;False;44;81.50;23.50;False;False;True;False;1;88.9151875828264;0;88.9151875828264;88.9151875828264
941;70.50;15.50;True;False;False;False;740;61.50;12.50;True;False;False;False;1;12.9322222222238;0;12.9322222222238;12.9322222222238
941;70.50;15.50;True;False;False;False;1317;62.50;21.50;True;False;False;False;1;13.0404617641379;0;13.0404617641379;13.0404617641379
941;70.50;15.50;True;False;False;False;2542;71.50;40.50;True;False;False;False;1;21.2589826803021;0;21.2589826803021;21.2589826803021
942;71.50;15.50;True;False;False;False;12;81.50;11.50;False;False;True;False;2;96.7577344785371;327.62533031279;83.9588022904054;109.556666666669
942;71.50;15.50;True;False;False;False;28;81.50;17.50;False;False;True;False;1;93.4295382358587;0;93.4295382358587;93.4295382358587
942;71.50;15.50;True;False;False;False;60;81.50;29.50;False;False;True;False;1;59.0376983721962;0;59.0376983721962;59.0376983721962
942;71.50;15.50;True;False;False;False;236;33.50;0.50;False;True;False;False;1;54.7839826803038;0;54.7839826803038;54.7839826803038
942;71.50;15.50;True;False;False;False;1740;37.50;28.50;True;False;False;False;1;40.9666666666753;0;40.9666666666753;40.9666666666753
942;71.50;15.50;True;False;False;False;1769;66.50;28.50;True;False;False;False;1;16.3161111111109;0;16.3161111111109;16.3161111111109
942;71.50;15.50;True;False;False;False;1960;65.50;31.50;True;False;False;False;1;18.0798339959433;0;18.0798339959433;18.0798339959433
942;71.50;15.50;True;False;False;False;2285;70.50;36.50;True;False;False;False;1;18.3632395419236;0;18.3632395419236;18.3632395419236
942;71.50;15.50;True;False;False;False;2850;59.50;45.50;True;False;False;False;1;34.6661111111111;0;34.6661111111111;34.6661111111111
943;72.50;15.50;True;False;False;False;220;23.50;0.50;False;True;False;False;1;61.0345382358567;0;61.0345382358567;61.0345382358567
943;72.50;15.50;True;False;False;False;268;53.50;0.50;False;True;False;False;1;46.2671284308094;0;46.2671284308094;46.2671284308094
943;72.50;15.50;True;False;False;False;284;63.50;0.50;False;True;False;False;1;63.318888888889;0;63.318888888889;63.318888888889
943;72.50;15.50;True;False;False;False;798;55.50;13.50;True;False;False;False;1;16.8699999999991;0;16.8699999999991;16.8699999999991
943;72.50;15.50;True;False;False;False;1356;37.50;22.50;True;False;False;False;1;39.4666666666666;0;39.4666666666666;39.4666666666666
943;72.50;15.50;True;False;False;False;2800;9.50;45.50;True;False;False;False;1;70.325000000001;0;70.325000000001;70.325000000001
944;9.50;16.50;True;False;False;False;124;0.50;20.50;False;False;True;False;1;85.3168542494886;0;85.3168542494886;85.3168542494886
944;9.50;16.50;True;False;False;False;140;0.50;26.50;False;False;True;False;1;173.585743138383;0;173.585743138383;173.585743138383
944;9.50;16.50;True;False;False;False;220;23.50;0.50;False;True;False;False;1;33.8312049025226;0;33.8312049025226;33.8312049025226
944;9.50;16.50;True;False;False;False;236;33.50;0.50;False;True;False;False;1;63.5861111111089;0;63.5861111111089;63.5861111111089
944;9.50;16.50;True;False;False;False;1290;35.50;21.50;True;False;False;False;1;24.4777777777754;0;24.4777777777754;24.4777777777754
944;9.50;16.50;True;False;False;False;1365;46.50;22.50;True;False;False;False;1;35.8138888888893;0;35.8138888888893;35.8138888888893
944;9.50;16.50;True;False;False;False;1488;41.50;24.50;True;False;False;False;1;33.0535209161708;0;33.0535209161708;33.0535209161708
944;9.50;16.50;True;False;False;False;2641;42.50;42.50;True;False;False;False;1;46.0901875828231;0;46.0901875828231;46.0901875828231
945;10.50;16.50;True;False;False;False;140;0.50;26.50;False;False;True;False;1;90.1898268030063;0;90.1898268030063;90.1898268030063
945;10.50;16.50;True;False;False;False;220;23.50;0.50;False;True;False;False;2;47.6961111111096;143.519446913578;39.2249999999985;56.1672222222206
945;10.50;16.50;True;False;False;False;284;63.50;0.50;False;True;False;False;1;90.1301875828185;0;90.1301875828185;90.1301875828185
945;10.50;16.50;True;False;False;False;565;14.50;10.50;True;False;False;False;1;10.7083333333339;0;10.7083333333339;10.7083333333339
945;10.50;16.50;True;False;False;False;890;19.50;15.50;True;False;False;False;1;11.1499999999983;0;11.1499999999983;11.1499999999983
945;10.50;16.50;True;False;False;False;2132;45.50;34.50;True;False;False;False;1;43.7994444444441;0;43.7994444444441;43.7994444444441
945;10.50;16.50;True;False;False;False;2540;69.50;40.50;True;False;False;False;1;66.7045382358515;0;66.7045382358515;66.7045382358515
947;12.50;16.50;True;False;False;False;124;0.50;20.50;False;False;True;False;1;147.028715691898;0;147.028715691898;147.028715691898
947;12.50;16.50;True;False;False;False;236;33.50;0.50;False;True;False;False;1;47.4259163353904;0;47.4259163353904;47.4259163353904
947;12.50;16.50;True;False;False;False;1078;15.50;18.50;True;False;False;False;1;8.19435065303242;0;8.19435065303242;8.19435065303242
947;12.50;16.50;True;False;False;False;2032;9.50;33.50;True;False;False;False;1;17.572222222223;0;17.572222222223;17.572222222223
949;14.50;16.50;True;False;False;False;188;0.50;44.50;False;False;True;False;1;40.1560173197108;0;40.1560173197108;40.1560173197108
949;14.50;16.50;True;False;False;False;1906;11.50;31.50;True;False;False;False;1;16.5178715691907;0;16.5178715691907;16.5178715691907
949;14.50;16.50;True;False;False;False;2807;16.50;45.50;True;False;False;False;1;25.3440692788099;0;25.3440692788099;25.3440692788099
950;15.50;16.50;True;False;False;False;108;0.50;14.50;False;False;True;False;1;87.6898052242755;0;87.6898052242755;87.6898052242755
950;15.50;16.50;True;False;False;False;2288;9.50;37.50;True;False;False;False;1;23.7694444444428;0;23.7694444444428;23.7694444444428
951;16.50;16.50;True;False;False;False;140;0.50;26.50;False;False;True;False;1;163.482409805059;0;163.482409805059;163.482409805059
951;16.50;16.50;True;False;False;False;236;33.50;0.50;False;True;False;False;1;58.7605555555565;0;58.7605555555565;58.7605555555565
951;16.50;16.50;True;False;False;False;268;53.50;0.50;False;True;False;False;1;82.6527777777651;0;82.6527777777651;82.6527777777651
951;16.50;16.50;True;False;False;False;1538;27.50;25.50;True;False;False;False;1;17.7611111111096;0;17.7611111111096;17.7611111111096
951;16.50;16.50;True;False;False;False;1739;36.50;28.50;True;False;False;False;1;26.3004617641391;0;26.3004617641391;26.3004617641391
951;16.50;16.50;True;False;False;False;2111;24.50;34.50;True;False;False;False;1;21.9771284308108;0;21.9771284308108;21.9771284308108
954;19.50;16.50;True;False;False;False;108;0.50;14.50;False;False;True;False;1;110.779444444444;0;110.779444444444;110.779444444444
954;19.50;16.50;True;False;False;False;172;0.50;38.50;False;False;True;False;1;66.3305555555521;0;66.3305555555521;66.3305555555521
954;19.50;16.50;True;False;False;False;204;13.50;0.50;False;True;False;False;2;34.0560714083176;99.3930982260774;27.006493469672;41.1056493469632
954;19.50;16.50;True;False;False;False;559;72.50;9.50;True;False;False;False;1;47.4447258186769;0;47.4447258186769;47.4447258186769
954;19.50;16.50;True;False;False;False;1356;37.50;22.50;True;False;False;False;1;19.8305555555554;0;19.8305555555554;19.8305555555554
954;19.50;16.50;True;False;False;False;1583;72.50;25.50;True;False;False;False;1;49.7277777777808;0;49.7277777777808;49.7277777777808
954;19.50;16.50;True;False;False;False;1703;64.50;27.50;True;False;False;False;1;48.4796320272667;0;48.4796320272667;48.4796320272667
954;19.50;16.50;True;False;False;False;1749;46.50;28.50;True;False;False;False;1;29.8189826803055;0;29.8189826803055;29.8189826803055
955;20.50;16.50;True;False;False;False;124;0.50;20.50;False;False;True;False;1;183.370093791415;0;183.370093791415;183.370093791415
955;20.50;16.50;True;False;False;False;140;0.50;26.50;False;False;True;False;1;180.795930721223;0;180.795930721223;180.795930721223
955;20.50;16.50;True;False;False;False;563;12.50;10.50;True;False;False;False;1;13.4777777777781;0;13.4777777777781;13.4777777777781
955;20.50;16.50;True;False;False;False;1743;40.50;28.50;True;False;False;False;1;25.9084271247493;0;25.9084271247493;25.9084271247493
957;22.50;16.50;True;False;False;False;204;13.50;0.50;False;True;False;False;1;61.2910173196983;0;61.2910173196983;61.2910173196983
957;22.50;16.50;True;False;False;False;1343;24.50;22.50;True;False;False;False;1;10.4067604580805;0;10.4067604580805;10.4067604580805
961;26.50;16.50;True;False;False;False;124;0.50;20.50;False;False;True;False;1;51.2439826803093;0;51.2439826803093;51.2439826803093
961;26.50;16.50;True;False;False;False;570;19.50;10.50;True;False;False;False;1;12.8017604580828;0;12.8017604580828;12.8017604580828
961;26.50;16.50;True;False;False;False;2735;72.50;43.50;True;False;False;False;1;54.6138888888892;0;54.6138888888892;54.6138888888892
964;29.50;16.50;True;False;False;False;2673;10.50;43.50;True;False;False;False;1;37.8616666666658;0;37.8616666666658;37.8616666666658
969;34.50;16.50;True;False;False;False;108;0.50;14.50;False;False;True;False;1;94.5172222222163;0;94.5172222222163;94.5172222222163
969;34.50;16.50;True;False;False;False;2097;10.50;34.50;True;False;False;False;1;34.5416666666638;0;34.5416666666638;34.5416666666638
970;35.50;16.50;True;False;False;False;236;33.50;0.50;False;True;False;False;1;36.0682395419203;0;36.0682395419203;36.0682395419203
970;35.50;16.50;True;False;False;False;2078;55.50;33.50;True;False;False;False;1;34.4643506530308;0;34.4643506530308;34.4643506530308
971;36.50;16.50;True;False;False;False;693;14.50;12.50;True;False;False;False;1;21.9169408479837;0;21.9169408479837;21.9169408479837
971;36.50;16.50;True;False;False;False;1744;41.50;28.50;True;False;False;False;1;17.4972222222225;0;17.4972222222225;17.4972222222225
972;37.50;16.50;True;False;False;False;236;33.50;0.50;False;True;False;False;1;27.0971284308104;0;27.0971284308104;27.0971284308104
972;37.50;16.50;True;False;False;False;1703;64.50;27.50;True;False;False;False;1;30.5284271247461;0;30.5284271247461;30.5284271247461
976;41.50;16.50;True;False;False;False;12;81.50;11.50;False;False;True;False;1;54.1485209161629;0;54.1485209161629;54.1485209161629
976;41.50;16.50;True;False;False;False;236;33.50;0.50;False;True;False;False;1;31.4416666666643;0;31.4416666666643;31.4416666666643
976;41.50;16.50;True;False;False;False;935;64.50;15.50;True;False;False;False;1;20.5027777777777;0;20.5027777777777;20.5027777777777
976;41.50;16.50;True;False;False;False;2837;46.50;45.50;True;False;False;False;1;27.542222222221;0;27.542222222221;27.542222222221
979;44.50;16.50;True;False;False;False;92;81.50;41.50;False;False;True;False;1;151.431760458087;0;151.431760458087;151.431760458087
979;44.50;16.50;True;False;False;False;140;0.50;26.50;False;False;True;False;1;118.284884629817;0;118.284884629817;118.284884629817
979;44.50;16.50;True;False;False;False;997;62.50;16.50;True;False;False;False;1;14.394444444446;0;14.394444444446;14.394444444446
979;44.50;16.50;True;False;False;False;1327;72.50;21.50;True;False;False;False;1;29.3134921444666;0;29.3134921444666;29.3134921444666
980;45.50;16.50;True;False;False;False;76;81.50;35.50;False;False;True;False;2;112.061111111112;1496.1160394016;84.7104617641437;139.41176045808
980;45.50;16.50;True;False;False;False;943;72.50;15.50;True;False;False;False;1;22.7283333333335;0;22.7283333333335;22.7283333333335
980;45.50;16.50;True;False;False;False;2654;55.50;42.50;True;False;False;False;1;28.7700937914135;0;28.7700937914135;28.7700937914135
981;46.50;16.50;True;False;False;False;92;81.50;41.50;False;False;True;False;1;121.941919269213;0;121.941919269213;121.941919269213
981;46.50;16.50;True;False;False;False;2092;69.50;33.50;True;False;False;False;1;35.8150937914138;0;35.8150937914138;35.8150937914138
984;49.50;16.50;True;False;False;False;28;81.50;17.50;False;False;True;False;1;94.0422222222305;0;94.0422222222305;94.0422222222305
984;49.50;16.50;True;False;False;False;108;0.50;14.50;False;False;True;False;1;155.67777777777;0;155.67777777777;155.67777777777
984;49.50;16.50;True;False;False;False;204;13.50;0.50;False;True;False;False;1;47.9725830020275;0;47.9725830020275;47.9725830020275
984;49.50;16.50;True;False;False;False;991;56.50;16.50;True;False;False;False;1;6.72722222222592;0;6.72722222222592;6.72722222222592
984;49.50;16.50;True;False;False;False;2855;64.50;45.50;True;False;False;False;1;35.8756493469689;0;35.8756493469689;35.8756493469689
984;49.50;16.50;True;False;False;False;2863;72.50;45.50;True;False;False;False;1;45.6661111111125;0;45.6661111111125;45.6661111111125
985;50.50;16.50;True;False;False;False;60;81.50;29.50;False;False;True;False;1;153.338239541929;0;153.338239541929;153.338239541929
985;50.50;16.50;True;False;False;False;204;13.50;0.50;False;True;False;False;1;51.1318542494919;0;51.1318542494919;51.1318542494919
985;50.50;16.50;True;False;False;False;1378;59.50;22.50;True;False;False;False;1;15.1290764717151;0;15.1290764717151;15.1290764717151
985;50.50;16.50;True;False;False;False;1738;35.50;28.50;True;False;False;False;1;21.8755555555581;0;21.8755555555581;21.8755555555581
986;51.50;16.50;True;False;False;False;124;0.50;20.50;False;False;True;False;1;88.3633333333337;0;88.3633333333337;88.3633333333337
986;51.50;16.50;True;False;False;False;1937;42.50;31.50;True;False;False;False;1;26.5146320272688;0;26.5146320272688;26.5146320272688
987;52.50;16.50;True;False;False;False;124;0.50;20.50;False;False;True;False;1;181.423051959111;0;181.423051959111;181.423051959111
987;52.50;16.50;True;False;False;False;1748;45.50;28.50;True;False;False;False;1;23.5604617641475;0;23.5604617641475;23.5604617641475
990;55.50;16.50;True;False;False;False;172;0.50;38.50;False;False;True;False;1;94.3963924853606;0;94.3963924853606;94.3963924853606
990;55.50;16.50;True;False;False;False;284;63.50;0.50;False;True;False;False;1;47.6611111111083;0;47.6611111111083;47.6611111111083
990;55.50;16.50;True;False;False;False;903;32.50;15.50;True;False;False;False;1;19.9260173196963;0;19.9260173196963;19.9260173196963
990;55.50;16.50;True;False;False;False;1492;45.50;24.50;True;False;False;False;1;16.4249999999997;0;16.4249999999997;16.4249999999997
990;55.50;16.50;True;False;False;False;1553;42.50;25.50;True;False;False;False;1;18.6312049025239;0;18.6312049025239;18.6312049025239
991;56.50;16.50;True;False;False;False;60;81.50;29.50;False;False;True;False;1;94.625461764138;0;94.625461764138;94.625461764138
991;56.50;16.50;True;False;False;False;990;55.50;16.50;True;False;False;False;1;3.53333333332876;0;3.53333333332876;3.53333333332876
996;61.50;16.50;True;False;False;False;12;81.50;11.50;False;False;True;False;1;118.311760458086;0;118.311760458086;118.311760458086
996;61.50;16.50;True;False;False;False;1518;71.50;24.50;True;False;False;False;1;17.3144372515626;0;17.3144372515626;17.3144372515626
996;61.50;16.50;True;False;False;False;2032;9.50;33.50;True;False;False;False;1;53.2388888888886;0;53.2388888888886;53.2388888888886
997;62.50;16.50;True;False;False;False;12;81.50;11.50;False;False;True;False;1;177.79111111112;0;177.79111111112;177.79111111112
997;62.50;16.50;True;False;False;False;2531;60.50;40.50;True;False;False;False;1;21.6388888888887;0;21.6388888888887;21.6388888888887
1000;65.50;16.50;True;False;False;False;28;81.50;17.50;False;False;True;False;1;109.578246734845;0;109.578246734845;109.578246734845
1000;65.50;16.50;True;False;False;False;220;23.50;0.50;False;True;False;False;1;59.694999999992;0;59.694999999992;59.694999999992
1000;65.50;16.50;True;False;False;False;1124;61.50;18.50;True;False;False;False;1;8.25129869393641;0;8.25129869393641;8.25129869393641
1000;65.50;16.50;True;False;False;False;1488;41.50;24.50;True;False;False;False;1;28.281760458085;0;28.281760458085;28.281760458085
1001;66.50;16.50;True;False;False;False;220;23.50;0.50;False;True;False;False;1;55.7475035964544;0;55.7475035964544;55.7475035964544
1001;66.50;16.50;True;False;False;False;252;43.50;0.50;False;True;False;False;1;41.6088888888867;0;41.6088888888867;41.6088888888867
1001;66.50;16.50;True;False;False;False;268;53.50;0.50;False;True;False;False;1;35.9207431383811;0;35.9207431383811;35.9207431383811
1001;66.50;16.50;True;False;False;False;611;60.50;10.50;True;False;False;False;1;12.0888888888885;0;12.0888888888885;12.0888888888885
1001;66.50;16.50;True;False;False;False;755;12.50;13.50;True;False;False;False;1;44.55176045807;0;44.55176045807;44.55176045807
1001;66.50;16.50;True;False;False;False;2478;71.50;39.50;True;False;False;False;1;37.1546392201685;0;37.1546392201685;37.1546392201685
1004;69.50;16.50;True;False;False;False;284;63.50;0.50;False;True;False;False;1;25.8499999999949;0;25.8499999999949;25.8499999999949
1004;69.50;16.50;True;False;False;False;1327;72.50;21.50;True;False;False;False;1;10.1144444444426;0;10.1144444444426;10.1144444444426
1005;70.50;16.50;True;False;False;False;28;81.50;17.50;False;False;True;False;1;25.215151618122;0;25.215151618122;25.215151618122
1005;70.50;16.50;True;False;False;False;44;81.50;23.50;False;False;True;False;1;98.0366666666587;0;98.0366666666587;98.0366666666587
1005;70.50;16.50;True;False;False;False;204;13.50;0.50;False;True;False;False;1;75.3638888888868;0;75.3638888888868;75.3638888888868
1005;70.50;16.50;True;False;False;False;969;34.50;16.50;True;False;False;False;1;27.2605555555569;0;27.2605555555569;27.2605555555569
1005;70.50;16.50;True;False;False;False;1494;47.50;24.50;True;False;False;False;1;27.4096320272643;0;27.4096320272643;27.4096320272643
1007;72.50;16.50;True;False;False;False;268;53.50;0.50;False;True;False;False;2;39.6618037573308;0.247927879742957;39.3097186257625;40.0138888888991
1007;72.50;16.50;True;False;False;False;284;63.50;0.50;False;True;False;False;1;31.530555555556;0;31.530555555556;31.530555555556
1007;72.50;16.50;True;False;False;False;1548;37.50;25.50;True;False;False;False;1;49.1927777777769;0;49.1927777777769;49.1927777777769
1007;72.50;16.50;True;False;False;False;1740;37.50;28.50;True;False;False;False;1;37.1637950974814;0;37.1637950974814;37.1637950974814
1007;72.50;16.50;True;False;False;False;1745;42.50;28.50;True;False;False;False;1;35.3820346393971;0;35.3820346393971;35.3820346393971
1072;9.50;18.50;True;False;False;False;140;0.50;26.50;False;False;True;False;2;82.8324999999941;6675.06674830109;25.0611111111111;140.603888888877
1072;9.50;18.50;True;False;False;False;560;9.50;10.50;True;False;False;False;1;7.48944444444123;0;7.48944444444123;7.48944444444123
1072;9.50;18.50;True;False;False;False;1356;37.50;22.50;True;False;False;False;1;25.7111111111112;0;25.7111111111112;25.7111111111112
1073;10.50;18.50;True;False;False;False;140;0.50;26.50;False;False;True;False;1;63.3700937914127;0;63.3700937914127;63.3700937914127
1073;10.50;18.50;True;False;False;False;931;60.50;15.50;True;False;False;False;1;42.5967748439343;0;42.5967748439343;42.5967748439343
1075;12.50;18.50;True;False;False;False;172;0.50;38.50;False;False;True;False;1;113.618795097481;0;113.618795097481;113.618795097481
1075;12.50;18.50;True;False;False;False;204;13.50;0.50;False;True;False;False;1;33.7494444444455;0;33.7494444444455;33.7494444444455
1075;12.50;18.50;True;False;False;False;1740;37.50;28.50;True;False;False;False;1;29.2016666666668;0;29.2016666666668;29.2016666666668
1075;12.50;18.50;True;False;False;False;2229;14.50;36.50;True;False;False;False;1;18.1923160136375;0;18.1923160136375;18.1923160136375
1075;12.50;18.50;True;False;False;False;2421;14.50;39.50;True;False;False;False;1;20.423427124746;0;20.423427124746;20.423427124746
1078;15.50;18.50;True;False;False;False;172;0.50;38.50;False;False;True;False;1;37.0394444444451;0;37.0394444444451;37.0394444444451
1078;15.50;18.50;True;False;False;False;2889;34.50;46.50;True;False;False;False;1;37.0299999999993;0;37.0299999999993;37.0299999999993
1079;16.50;18.50;True;False;False;False;124;0.50;20.50;False;False;True;False;1;68.5083333333305;0;68.5083333333305;68.5083333333305
1079;16.50;18.50;True;False;False;False;140;0.50;26.50;False;False;True;False;1;106.992316013634;0;106.992316013634;106.992316013634
1079;16.50;18.50;True;False;False;False;945;10.50;16.50;True;False;False;False;1;10.9272222222238;0;10.9272222222238;10.9272222222238
1079;16.50;18.50;True;False;False;False;1748;45.50;28.50;True;False;False;False;1;35.26787156919;0;35.26787156919;35.26787156919
1079;16.50;18.50;True;False;False;False;2234;19.50;36.50;True;False;False;False;1;18.25;0;18.25;18.25
1080;17.50;18.50;True;False;False;False;188;0.50;44.50;False;False;True;False;1;96.9234271247519;0;96.9234271247519;96.9234271247519
1080;17.50;18.50;True;False;False;False;1717;14.50;28.50;True;False;False;False;1;12.7194444444449;0;12.7194444444449;12.7194444444449
1082;19.50;18.50;True;False;False;False;188;0.50;44.50;False;False;True;False;1;149.133333333341;0;149.133333333341;149.133333333341
1082;19.50;18.50;True;False;False;False;1852;21.50;30.50;True;False;False;False;1;14.1201875828265;0;14.1201875828265;14.1201875828265
1084;21.50;18.50;True;False;False;False;108;0.50;14.50;False;False;True;False;1;41.2305555555558;0;41.2305555555558;41.2305555555558
1084;21.50;18.50;True;False;False;False;220;23.50;0.50;False;True;False;False;1;78.6506493469685;0;78.6506493469685;78.6506493469685
1084;21.50;18.50;True;False;False;False;2350;71.50;37.50;True;False;False;False;1;51.8910173196982;0;51.8910173196982;51.8910173196982
1084;21.50;18.50;True;False;False;False;2618;19.50;42.50;True;False;False;False;1;22.1151875828255;0;22.1151875828255;22.1151875828255
1085;22.50;18.50;True;False;False;False;172;0.50;38.50;False;False;True;False;1;102.313982680303;0;102.313982680303;102.313982680303
1085;22.50;18.50;True;False;False;False;1679;40.50;27.50;True;False;False;False;1;22.5027777777823;0;22.5027777777823;22.5027777777823
1088;25.50;18.50;True;False;False;False;60;81.50;29.50;False;False;True;False;1;141.053059152028;0;141.053059152028;141.053059152028
1088;25.50;18.50;True;False;False;False;220;23.50;0.50;False;True;False;False;1;67.4255411697086;0;67.4255411697086;67.4255411697086
1088;25.50;18.50;True;False;False;False;583;32.50;10.50;True;False;False;False;1;14.748124171736;0;14.748124171736;14.748124171736
1088;25.50;18.50;True;False;False;False;585;34.50;10.50;True;False;False;False;1;16.095461764141;0;16.095461764141;16.095461764141
1090;27.50;18.50;True;False;False;False;220;23.50;0.50;False;True;False;False;1;27.3378715691892;0;27.3378715691892;27.3378715691892
1090;27.50;18.50;True;False;False;False;1000;65.50;16.50;True;False;False;False;1;31.7888888888847;0;31.7888888888847;31.7888888888847
1095;32.50;18.50;True;False;False;False;124;0.50;20.50;False;False;True;False;1;102.638852924273;0;102.638852924273;102.638852924273
1095;32.50;18.50;True;False;False;False;1162;35.50;19.50;True;False;False;False;1;7.24935065303168;0;7.24935065303168;7.24935065303168
1095;32.50;18.50;True;False;False;False;1520;9.50;25.50;True;False;False;False;1;24.3256493469682;0;24.3256493469682;24.3256493469682
1097;34.50;18.50;True;False;False;False;140;0.50;26.50;False;False;True;False;1;126.610281374249;0;126.610281374249;126.610281374249
1097;34.50;18.50;True;False;False;False;252;43.50;0.50;False;True;False;False;1;42.2660173196959;0;42.2660173196959;42.2660173196959
1097;34.50;18.50;True;False;False;False;2133;46.50;34.50;True;False;False;False;1;23.273145750511;0;23.273145750511;23.273145750511
1097;34.50;18.50;True;False;False;False;2668;69.50;42.50;True;False;False;False;1;44.595187582825;0;44.595187582825;44.595187582825
1100;37.50;18.50;True;False;False;False;188;0.50;44.50;False;False;True;False;1;130.260836929794;0;130.260836929794;130.260836929794
1100;37.50;18.50;True;False;False;False;622;71.50;10.50;True;False;False;False;1;37.0284271247466;0;37.0284271247466;37.0284271247466
1102;39.50;18.50;True;False;False;False;28;81.50;17.50;False;False;True;False;1;187.41046176413;0;187.41046176413;187.41046176413
1102;39.50;18.50;True;False;False;False;1492;45.50;24.50;True;False;False;False;1;12.4166666666665;0;12.4166666666665;12.4166666666665
1103;40.50;18.50;True;False;False;False;92;81.50;41.50;False;False;True;False;1;111.715093791405;0;111.715093791405;111.715093791405
1103;40.50;18.50;True;False;False;False;532;45.50;9.50;True;False;False;False;1;14.0583333333332;0;14.0583333333332;14.0583333333332
1103;40.50;18.50;True;False;False;False;1100;37.50;18.50;True;False;False;False;1;4.40898268030173;0;4.40898268030173;4.40898268030173
1103;40.50;18.50;True;False;False;False;2818;27.50;45.50;True;False;False;False;1;30.7518614423834;0;30.7518614423834;30.7518614423834
1105;42.50;18.50;True;False;False;False;12;81.50;11.50;False;False;True;False;1;114.435281374241;0;114.435281374241;114.435281374241
1105;42.50;18.50;True;False;False;False;108;0.50;14.50;False;False;True;False;1;145.044062085877;0;145.044062085877;145.044062085877
1105;42.50;18.50;True;False;False;False;538;51.50;9.50;True;False;False;False;1;16.7756493469685;0;16.7756493469685;16.7756493469685
1105;42.50;18.50;True;False;False;False;543;56.50;9.50;True;False;False;False;1;20.4611111111117;0;20.4611111111117;20.4611111111117
1105;42.50;18.50;True;False;False;False;915;44.50;15.50;True;False;False;False;1;8.20740980504809;0;8.20740980504809;8.20740980504809
1105;42.50;18.50;True;False;False;False;984;49.50;16.50;True;False;False;False;1;9.66046176414602;0;9.66046176414602;9.66046176414602
1105;42.50;18.50;True;False;False;False;1276;21.50;21.50;True;False;False;False;1;41.2222222222272;0;41.2222222222272;41.2222222222272
1105;42.50;18.50;True;False;False;False;1383;64.50;22.50;True;False;False;False;1;21.9955555555534;0;21.9955555555534;21.9955555555534
1105;42.50;18.50;True;False;False;False;2103;16.50;34.50;True;False;False;False;1;35;0;35;35
1105;42.50;18.50;True;False;False;False;2326;47.50;37.50;True;False;False;False;1;23.7276696004992;0;23.7276696004992;23.7276696004992
1108;45.50;18.50;True;False;False;False;172;0.50;38.50;False;False;True;False;1;114.519444444435;0;114.519444444435;114.519444444435
1108;45.50;18.50;True;False;False;False;2541;70.50;40.50;True;False;False;False;1;38.840836929794;0;38.840836929794;38.840836929794
1112;49.50;18.50;True;False;False;False;28;81.50;17.50;False;False;True;False;1;63.8416666666631;0;63.8416666666631;63.8416666666631
1112;49.50;18.50;True;False;False;False;1878;47.50;30.50;True;False;False;False;1;13.9802741813228;0;13.9802741813228;13.9802741813228
1113;50.50;18.50;True;False;False;False;12;81.50;11.50;False;False;True;False;1;89.705829736874;0;89.705829736874;89.705829736874
1113;50.50;18.50;True;False;False;False;268;53.50;0.50;False;True;False;False;1;31.9250000000001;0;31.9250000000001;31.9250000000001
1113;50.50;18.50;True;False;False;False;748;69.50;12.50;True;False;False;False;1;21.8023160136356;0;21.8023160136356;21.8023160136356
1113;50.50;18.50;True;False;False;False;1556;45.50;25.50;True;False;False;False;1;24.757683986365;0;24.757683986365;24.757683986365
1115;52.50;18.50;True;False;False;False;220;23.50;0.50;False;True;False;False;1;59.7861111111092;0;59.7861111111092;59.7861111111092
1115;52.50;18.50;True;False;False;False;1385;66.50;22.50;True;False;False;False;1;15.6311111111081;0;15.6311111111081;15.6311111111081
1117;54.50;18.50;True;False;False;False;60;81.50;29.50;False;False;True;False;1;105.872590194949;0;105.872590194949;105.872590194949
1117;54.50;18.50;True;False;False;False;220;23.50;0.50;False;True;False;False;1;49.9867604580793;0;49.9867604580793;49.9867604580793
1117;54.50;18.50;True;False;False;False;1192;65.50;19.50;True;False;False;False;1;12.8235209161583;0;12.8235209161583;12.8235209161583
1117;54.50;18.50;True;False;False;False;1295;40.50;21.50;True;False;False;False;1;15.2861111111106;0;15.2861111111106;15.2861111111106
1118;55.50;18.50;True;False;False;False;92;81.50;41.50;False;False;True;False;1;165.763795097485;0;165.763795097485;165.763795097485
1118;55.50;18.50;True;False;False;False;926;55.50;15.50;True;False;False;False;1;4.12222222222226;0;4.12222222222226;4.12222222222226
1123;60.50;18.50;True;False;False;False;28;81.50;17.50;False;False;True;False;1;147.901666666667;0;147.901666666667;147.901666666667
1123;60.50;18.50;True;False;False;False;76;81.50;35.50;False;False;True;False;1;100.717316013636;0;100.717316013636;100.717316013636
1123;60.50;18.50;True;False;False;False;92;81.50;41.50;False;False;True;False;1;74.6997836453947;0;74.6997836453947;74.6997836453947
1123;60.50;18.50;True;False;False;False;1187;60.50;19.50;True;False;False;False;1;2.42990620858836;0;2.42990620858836;2.42990620858836
1123;60.50;18.50;True;False;False;False;1492;45.50;24.50;True;False;False;False;1;18.1062049025259;0;18.1062049025259;18.1062049025259
1123;60.50;18.50;True;False;False;False;1892;61.50;30.50;True;False;False;False;1;13.736111111111;0;13.736111111111;13.736111111111
1123;60.50;18.50;True;False;False;False;2151;64.50;34.50;True;False;False;False;1;17.5028715691903;0;17.5028715691903;17.5028715691903
1124;61.50;18.50;True;False;False;False;60;81.50;29.50;False;False;True;False;1;264.577597387864;0;264.577597387864;264.577597387864
1124;61.50;18.50;True;False;False;False;1324;69.50;21.50;True;False;False;False;1;12.2772222222261;0;12.2772222222261;12.2772222222261
1125;62.50;18.50;True;False;False;False;28;81.50;17.50;False;False;True;False;1;121.092871569203;0;121.092871569203;121.092871569203
1125;62.50;18.50;True;False;False;False;284;63.50;0.50;False;True;False;False;1;37.5210173197029;0;37.5210173197029;37.5210173197029
1125;62.50;18.50;True;False;False;False;805;62.50;13.50;True;False;False;False;1;26.2395382358582;0;26.2395382358582;26.2395382358582
1125;62.50;18.50;True;False;False;False;1128;65.50;18.50;True;False;False;False;1;5.47407647171457;0;5.47407647171457;5.47407647171457
1125;62.50;18.50;True;False;False;False;1738;35.50;28.50;True;False;False;False;1;28.8690764717248;0;28.8690764717248;28.8690764717248
1128;65.50;18.50;True;False;False;False;220;23.50;0.50;False;True;False;False;1;55.5985209161572;0;55.5985209161572;55.5985209161572
1128;65.50;18.50;True;False;False;False;284;63.50;0.50;False;True;False;False;1;37.7133333333333;0;37.7133333333333;37.7133333333333
1128;65.50;18.50;True;False;False;False;1193;66.50;19.50;True;False;False;False;1;5.57352091616031;0;5.57352091616031;5.57352091616031
1128;65.50;18.50;True;False;False;False;1553;42.50;25.50;True;False;False;False;1;24.0923160136356;0;24.0923160136356;24.0923160136356
1129;66.50;18.50;True;False;False;False;220;23.50;0.50;False;True;False;False;1;69.6027777777736;0;69.6027777777736;69.6027777777736
1129;66.50;18.50;True;False;False;False;1296;41.50;21.50;True;False;False;False;1;23.0756493469744;0;23.0756493469744;23.0756493469744
1130;67.50;18.50;True;False;False;False;28;81.50;17.50;False;False;True;False;2;91.848611111115;2715.73599261534;54.9993506530316;128.697871569198
1130;67.50;18.50;True;False;False;False;204;13.50;0.50;False;True;False;False;1;64.2245310429398;0;64.2245310429398;64.2245310429398
1130;67.50;18.50;True;False;False;False;252;43.50;0.50;False;True;False;False;1;41.5354617641406;0;41.5354617641406;41.5354617641406
1130;67.50;18.50;True;False;False;False;284;63.50;0.50;False;True;False;False;1;27.2366666666671;0;27.2366666666671;27.2366666666671
1130;67.50;18.50;True;False;False;False;1358;39.50;22.50;True;False;False;False;1;26.3416666666674;0;26.3416666666674;26.3416666666674
1130;67.50;18.50;True;False;False;False;1551;40.50;25.50;True;False;False;False;1;26.8944444444428;0;26.8944444444428;26.8944444444428
1130;67.50;18.50;True;False;False;False;1748;45.50;28.50;True;False;False;False;1;26.3505555555554;0;26.3505555555554;26.3505555555554
1130;67.50;18.50;True;False;False;False;1750;47.50;28.50;True;False;False;False;1;28.6944444444471;0;28.6944444444471;28.6944444444471
1130;67.50;18.50;True;False;False;False;2119;32.50;34.50;True;False;False;False;1;39.7269480409045;0;39.7269480409045;39.7269480409045
1132;69.50;18.50;True;False;False;False;12;81.50;11.50;False;False;True;False;1;136.49145031207;0;136.49145031207;136.49145031207
1132;69.50;18.50;True;False;False;False;2152;65.50;34.50;True;False;False;False;1;18.5410173196969;0;18.5410173196969;18.5410173196969
1133;70.50;18.50;True;False;False;False;12;81.50;11.50;False;False;True;False;1;135.878520916158;0;135.878520916158;135.878520916158
1133;70.50;18.50;True;False;False;False;204;13.50;0.50;False;True;False;False;1;66.4316666666666;0;66.4316666666666;66.4316666666666
1133;70.50;18.50;True;False;False;False;284;63.50;0.50;False;True;False;False;1;32.3000000000011;0;32.3000000000011;32.3000000000011
1133;70.50;18.50;True;False;False;False;1326;71.50;21.50;True;False;False;False;1;6.42842712475658;0;6.42842712475658;6.42842712475658
1133;70.50;18.50;True;False;False;False;1356;37.50;22.50;True;False;False;False;1;28.737308820714;0;28.737308820714;28.737308820714
1133;70.50;18.50;True;False;False;False;1483;36.50;24.50;True;False;False;False;1;33.5700937914118;0;33.5700937914118;33.5700937914118
1134;71.50;18.50;True;False;False;False;204;13.50;0.50;False;True;False;False;1;76.8361111111108;0;76.8361111111108;76.8361111111108
1134;71.50;18.50;True;False;False;False;1738;35.50;28.50;True;False;False;False;1;55.4803679727411;0;55.4803679727411;55.4803679727411
1135;72.50;18.50;True;False;False;False;60;81.50;29.50;False;False;True;False;1;77.2465728752586;0;77.2465728752586;77.2465728752586
1135;72.50;18.50;True;False;False;False;220;23.50;0.50;False;True;False;False;1;60.8339826802962;0;60.8339826802962;60.8339826802962
1135;72.50;18.50;True;False;False;False;585;34.50;10.50;True;False;False;False;1;38.1673160136388;0;38.1673160136388;38.1673160136388
1135;72.50;18.50;True;False;False;False;1192;65.50;19.50;True;False;False;False;1;9.77750359645825;0;9.77750359645825;9.77750359645825
1136;9.50;19.50;True;False;False;False;140;0.50;26.50;False;False;True;False;1;19.0799062085871;0;19.0799062085871;19.0799062085871
1136;9.50;19.50;True;False;False;False;220;23.50;0.50;False;True;False;False;1;36.5838888888861;0;36.5838888888861;36.5838888888861
1136;9.50;19.50;True;False;False;False;954;19.50;16.50;True;False;False;False;1;12.8024098050487;0;12.8024098050487;12.8024098050487
1136;9.50;19.50;True;False;False;False;1555;44.50;25.50;True;False;False;False;1;35.6703679727297;0;35.6703679727297;35.6703679727297
1142;15.50;19.50;True;False;False;False;172;0.50;38.50;False;False;True;False;1;70.0812049025244;0;70.0812049025244;70.0812049025244
1142;15.50;19.50;True;False;False;False;2311;32.50;37.50;True;False;False;False;1;28.0594444444444;0;28.0594444444444;28.0594444444444
1143;16.50;19.50;True;False;False;False;92;81.50;41.50;False;False;True;False;1;265.72222222221;0;265.72222222221;265.72222222221
1143;16.50;19.50;True;False;False;False;156;0.50;32.50;False;False;True;False;1;94.6250937914119;0;94.6250937914119;94.6250937914119
1143;16.50;19.50;True;False;False;False;802;59.50;13.50;True;False;False;False;1;39.3388888888862;0;39.3388888888862;39.3388888888862
1143;16.50;19.50;True;False;False;False;1738;35.50;28.50;True;False;False;False;1;24.0993506530317;0;24.0993506530317;24.0993506530317
1144;17.50;19.50;True;False;False;False;567;16.50;10.50;True;False;False;False;1;11.4689826803013;0;11.4689826803013;11.4689826803013
1149;22.50;19.50;True;False;False;False;124;0.50;20.50;False;False;True;False;1;145.243333333344;0;145.243333333344;145.243333333344
1149;22.50;19.50;True;False;False;False;1458;11.50;24.50;True;False;False;False;1;15.1611111111115;0;15.1611111111115;15.1611111111115
1151;24.50;19.50;True;False;False;False;156;0.50;32.50;False;False;True;False;1;120.956111111125;0;120.956111111125;120.956111111125
1151;24.50;19.50;True;False;False;False;1488;41.50;24.50;True;False;False;False;1;18.9005555555577;0;18.9005555555577;18.9005555555577
1152;25.50;19.50;True;False;False;False;220;23.50;0.50;False;True;False;False;1;47.9861111111099;0;47.9861111111099;47.9861111111099
1152;25.50;19.50;True;False;False;False;1546;35.50;25.50;True;False;False;False;1;15.2194444444467;0;15.2194444444467;15.2194444444467
1152;25.50;19.50;True;False;False;False;1745;42.50;28.50;True;False;False;False;1;21.6431529434291;0;21.6431529434291;21.6431529434291
1153;26.50;19.50;True;False;False;False;172;0.50;38.50;False;False;True;False;1;119.790930721208;0;119.790930721208;119.790930721208
1153;26.50;19.50;True;False;False;False;204;13.50;0.50;False;True;False;False;1;39.7797258186836;0;39.7797258186836;39.7797258186836
1153;26.50;19.50;True;False;False;False;957;22.50;16.50;True;False;False;False;1;8.96944444444466;0;8.96944444444466;8.96944444444466
1153;26.50;19.50;True;False;False;False;2261;46.50;36.50;True;False;False;False;1;30.2032251560738;0;30.2032251560738;30.2032251560738
1156;29.50;19.50;True;False;False;False;28;81.50;17.50;False;False;True;False;1;253.49518758284;0;253.49518758284;253.49518758284
1156;29.50;19.50;True;False;False;False;140;0.50;26.50;False;False;True;False;1;39.1972222222207;0;39.1972222222207;39.1972222222207
1156;29.50;19.50;True;False;False;False;236;33.50;0.50;False;True;False;False;1;29.4810173196902;0;29.4810173196902;29.4810173196902
1156;29.50;19.50;True;False;False;False;1105;42.50;18.50;True;False;False;False;1;12.8666666666659;0;12.8666666666659;12.8666666666659
1156;29.50;19.50;True;False;False;False;1295;40.50;21.50;True;False;False;False;1;12.872222222225;0;12.872222222225;12.872222222225
1156;29.50;19.50;True;False;False;False;1740;37.50;28.50;True;False;False;False;1;18.1055555555508;0;18.1055555555508;18.1055555555508
1157;30.50;19.50;True;False;False;False;12;81.50;11.50;False;False;True;False;1;118.450000000005;0;118.450000000005;118.450000000005
1157;30.50;19.50;True;False;False;False;236;33.50;0.50;False;True;False;False;1;37.6416666666676;0;37.6416666666676;37.6416666666676
1157;30.50;19.50;True;False;False;False;713;34.50;12.50;True;False;False;False;1;11.2833333333301;0;11.2833333333301;11.2833333333301
1157;30.50;19.50;True;False;False;False;2863;72.50;45.50;True;False;False;False;1;52.5789826803018;0;52.5789826803018;52.5789826803018
1158;31.50;19.50;True;False;False;False;12;81.50;11.50;False;False;True;False;1;63.433333333332;0;63.433333333332;63.433333333332
1158;31.50;19.50;True;False;False;False;220;23.50;0.50;False;True;False;False;1;53.9110173196987;0;53.9110173196987;53.9110173196987
1158;31.50;19.50;True;False;False;False;508;21.50;9.50;True;False;False;False;1;17.7383333333364;0;17.7383333333364;17.7383333333364
1158;31.50;19.50;True;False;False;False;2288;9.50;37.50;True;False;False;False;1;33.7937950974767;0;33.7937950974767;33.7937950974767
1162;35.50;19.50;True;False;False;False;76;81.50;35.50;False;False;True;False;1;146.901298693939;0;146.901298693939;146.901298693939
1162;35.50;19.50;True;False;False;False;236;33.50;0.50;False;True;False;False;1;38.2861111111112;0;38.2861111111112;38.2861111111112
1162;35.50;19.50;True;False;False;False;888;17.50;15.50;True;False;False;False;1;18.3222222222224;0;18.3222222222224;18.3222222222224
1162;35.50;19.50;True;False;False;False;1105;42.50;18.50;True;False;False;False;1;9.52157287525552;0;9.52157287525552;9.52157287525552
1162;35.50;19.50;True;False;False;False;1679;40.50;27.50;True;False;False;False;1;12.4903679727322;0;12.4903679727322;12.4903679727322
1163;36.50;19.50;True;False;False;False;236;33.50;0.50;False;True;False;False;1;31.6111111111099;0;31.6111111111099;31.6111111111099
1163;36.50;19.50;True;False;False;False;2665;66.50;42.50;True;False;False;False;1;41.6949999999965;0;41.6949999999965;41.6949999999965
1164;37.50;19.50;True;False;False;False;60;81.50;29.50;False;False;True;False;1;166.409632027271;0;166.409632027271;166.409632027271
1164;37.50;19.50;True;False;False;False;252;43.50;0.50;False;True;False;False;1;28.8184271247451;0;28.8184271247451;28.8184271247451
1164;37.50;19.50;True;False;False;False;2158;71.50;34.50;True;False;False;False;1;39.9820418323181;0;39.9820418323181;39.9820418323181
1164;37.50;19.50;True;False;False;False;2876;21.50;46.50;True;False;False;False;1;36.2540764717157;0;36.2540764717157;36.2540764717157
1166;39.50;19.50;True;False;False;False;28;81.50;17.50;False;False;True;False;1;118.635461764148;0;118.635461764148;118.635461764148
1166;39.50;19.50;True;False;False;False;140;0.50;26.50;False;False;True;False;1;60.1723160136344;0;60.1723160136344;60.1723160136344
1166;39.50;19.50;True;False;False;False;1916;21.50;31.50;True;False;False;False;1;31.9450000000061;0;31.9450000000061;31.9450000000061
1166;39.50;19.50;True;False;False;False;2825;34.50;45.50;True;False;False;False;1;25.7861111111115;0;25.7861111111115;25.7861111111115
1168;41.50;19.50;True;False;False;False;252;43.50;0.50;False;True;False;False;1;35.275649346969;0;35.275649346969;35.275649346969
1168;41.50;19.50;True;False;False;False;1157;30.50;19.50;True;False;False;False;1;9.90555555555602;0;9.90555555555602;9.90555555555602
1168;41.50;19.50;True;False;False;False;1497;50.50;24.50;True;False;False;False;1;15.343795097476;0;15.343795097476;15.343795097476
1168;41.50;19.50;True;False;False;False;2280;65.50;36.50;True;False;False;False;1;34.122222222222;0;34.122222222222;34.122222222222
1168;41.50;19.50;True;False;False;False;2454;47.50;39.50;True;False;False;False;1;22.1457431383815;0;22.1457431383815;22.1457431383815
1172;45.50;19.50;True;False;False;False;76;81.50;35.50;False;False;True;False;1;115.856219288346;0;115.856219288346;115.856219288346
1172;45.50;19.50;True;False;False;False;538;51.50;9.50;True;False;False;False;1;15.1361111111119;0;15.1361111111119;15.1361111111119
1172;45.50;19.50;True;False;False;False;543;56.50;9.50;True;False;False;False;1;17.5472222222224;0;17.5472222222224;17.5472222222224
1172;45.50;19.50;True;False;False;False;554;67.50;9.50;True;False;False;False;1;25.6444444444423;0;25.6444444444423;25.6444444444423
1172;45.50;19.50;True;False;False;False;605;54.50;10.50;True;False;False;False;1;15.6388888888905;0;15.6388888888905;15.6388888888905
1172;45.50;19.50;True;False;False;False;695;16.50;12.50;True;False;False;False;1;28.2321284308082;0;28.2321284308082;28.2321284308082
1172;45.50;19.50;True;False;False;False;734;55.50;12.50;True;False;False;False;1;15.6000000000022;0;15.6000000000022;15.6000000000022
1172;45.50;19.50;True;False;False;False;800;57.50;13.50;True;False;False;False;1;17.0818542494926;0;17.0818542494926;17.0818542494926
1172;45.50;19.50;True;False;False;False;1123;60.50;18.50;True;False;False;False;1;15.0594444444405;0;15.0594444444405;15.0594444444405
1172;45.50;19.50;True;False;False;False;1179;52.50;19.50;True;False;False;False;1;6.69787156918937;0;6.69787156918937;6.69787156918937
1172;45.50;19.50;True;False;False;False;1369;50.50;22.50;True;False;False;False;1;14.19703463939;0;14.19703463939;14.19703463939
1172;45.50;19.50;True;False;False;False;1540;29.50;25.50;True;False;False;False;1;19.2972222222306;0;19.2972222222306;19.2972222222306
1172;45.50;19.50;True;False;False;False;2044;21.50;33.50;True;False;False;False;1;38.3489754873835;0;38.3489754873835;38.3489754873835
1172;45.50;19.50;True;False;False;False;2065;42.50;33.50;True;False;False;False;1;16.5174098050475;0;16.5174098050475;16.5174098050475
1172;45.50;19.50;True;False;False;False;2664;65.50;42.50;True;False;False;False;1;42.5882395419212;0;42.5882395419212;42.5882395419212
1173;46.50;19.50;True;False;False;False;60;81.50;29.50;False;False;True;False;1;105.799538235863;0;105.799538235863;105.799538235863
1173;46.50;19.50;True;False;False;False;1130;67.50;18.50;True;False;False;False;1;18.5811111111112;0;18.5811111111112;18.5811111111112
1173;46.50;19.50;True;False;False;False;1353;34.50;22.50;True;False;False;False;1;17.2727777777764;0;17.2727777777764;17.2727777777764
1173;46.50;19.50;True;False;False;False;1770;67.50;28.50;True;False;False;False;1;27.8666666666668;0;27.8666666666668;27.8666666666668
1174;47.50;19.50;True;False;False;False;12;81.50;11.50;False;False;True;False;1;81.1481385575948;0;81.1481385575948;81.1481385575948
1174;47.50;19.50;True;False;False;False;44;81.50;23.50;False;False;True;False;1;127.552871569197;0;127.552871569197;127.552871569197
1174;47.50;19.50;True;False;False;False;551;64.50;9.50;True;False;False;False;1;23.2923160136351;0;23.2923160136351;23.2923160136351
1174;47.50;19.50;True;False;False;False;1582;71.50;25.50;True;False;False;False;1;24.9129653606033;0;24.9129653606033;24.9129653606033
1174;47.50;19.50;True;False;False;False;2117;30.50;34.50;True;False;False;False;1;27.263888888889;0;27.263888888889;27.263888888889
1178;51.50;19.50;True;False;False;False;60;81.50;29.50;False;False;True;False;1;98.3165728752539;0;98.3165728752539;98.3165728752539
1178;51.50;19.50;True;False;False;False;780;37.50;13.50;True;False;False;False;1;17.40613480005;0;17.40613480005;17.40613480005
1179;52.50;19.50;True;False;False;False;92;81.50;41.50;False;False;True;False;1;148.4959235283;0;148.4959235283;148.4959235283
1179;52.50;19.50;True;False;False;False;1740;37.50;28.50;True;False;False;False;1;22.4794372515262;0;22.4794372515262;22.4794372515262
1181;54.50;19.50;True;False;False;False;44;81.50;23.50;False;False;True;False;2;88.416341993174;5871.73758999769;34.2326839863649;142.599999999983
1181;54.50;19.50;True;False;False;False;918;47.50;15.50;True;False;False;False;1;12.1222222222221;0;12.1222222222221;12.1222222222221
1181;54.50;19.50;True;False;False;False;1940;45.50;31.50;True;False;False;False;1;24.6494516373227;0;24.6494516373227;24.6494516373227
1187;60.50;19.50;True;False;False;False;12;81.50;11.50;False;False;True;False;1;122.101298693955;0;122.101298693955;122.101298693955
1187;60.50;19.50;True;False;False;False;60;81.50;29.50;False;False;True;False;1;22.4123738403432;0;22.4123738403432;22.4123738403432
1187;60.50;19.50;True;False;False;False;204;13.50;0.50;False;True;False;False;1;90.2950937914088;0;90.2950937914088;90.2950937914088
1187;60.50;19.50;True;False;False;False;1492;45.50;24.50;True;False;False;False;1;18.1805555555525;0;18.1805555555525;18.1805555555525
1187;60.50;19.50;True;False;False;False;2287;72.50;36.50;True;False;False;False;1;23.5694444444489;0;23.5694444444489;23.5694444444489
1188;61.50;19.50;True;False;False;False;44;81.50;23.50;False;False;True;False;1;75.4438888888853;0;75.4438888888853;75.4438888888853
1188;61.50;19.50;True;False;False;False;1738;35.50;28.50;True;False;False;False;1;28.4655555555528;0;28.4655555555528;28.4655555555528
1191;64.50;19.50;True;False;False;False;28;81.50;17.50;False;False;True;False;1;71.8069408479923;0;71.8069408479923;71.8069408479923
1191;64.50;19.50;True;False;False;False;236;33.50;0.50;False;True;False;False;1;55.2200937914117;0;55.2200937914117;55.2200937914117
1191;64.50;19.50;True;False;False;False;1172;45.50;19.50;True;False;False;False;1;16.3166666666657;0;16.3166666666657;16.3166666666657
1191;64.50;19.50;True;False;False;False;1576;65.50;25.50;True;False;False;False;1;9.29787156919019;0;9.29787156919019;9.29787156919019
1192;65.50;19.50;True;False;False;False;28;81.50;17.50;False;False;True;False;1;84.5947473974545;0;84.5947473974545;84.5947473974545
1192;65.50;19.50;True;False;False;False;44;81.50;23.50;False;False;True;False;1;32.1123160136354;0;32.1123160136354;32.1123160136354
1192;65.50;19.50;True;False;False;False;60;81.50;29.50;False;False;True;False;1;140.851204902534;0;140.851204902534;140.851204902534
1192;65.50;19.50;True;False;False;False;156;0.50;32.50;False;False;True;False;1;80.9565728752559;0;80.9565728752559;80.9565728752559
1192;65.50;19.50;True;False;False;False;236;33.50;0.50;False;True;False;False;1;71.4179653606043;0;71.4179653606043;71.4179653606043
1192;65.50;19.50;True;False;False;False;268;53.50;0.50;False;True;False;False;1;41.6088888888905;0;41.6088888888905;41.6088888888905
1192;65.50;19.50;True;False;False;False;622;71.50;10.50;True;False;False;False;1;14.1094444444445;0;14.1094444444445;14.1094444444445
1192;65.50;19.50;True;False;False;False;1004;69.50;16.50;True;False;False;False;1;9.02777777777874;0;9.02777777777874;9.02777777777874
1192;65.50;19.50;True;False;False;False;1356;37.50;22.50;True;False;False;False;1;32.5145382358573;0;32.5145382358573;32.5145382358573
1192;65.50;19.50;True;False;False;False;1748;45.50;28.50;True;False;False;False;1;23.9935137232369;0;23.9935137232369;23.9935137232369
1192;65.50;19.50;True;False;False;False;1848;17.50;30.50;True;False;False;False;1;46.7102741813192;0;46.7102741813192;46.7102741813192
1192;65.50;19.50;True;False;False;False;1870;39.50;30.50;True;False;False;False;1;29.7722222222237;0;29.7722222222237;29.7722222222237
1193;66.50;19.50;True;False;False;False;28;81.50;17.50;False;False;True;False;1;185.894538235845;0;185.894538235845;185.894538235845
1193;66.50;19.50;True;False;False;False;268;53.50;0.50;False;True;False;False;1;42.4349062085871;0;42.4349062085871;42.4349062085871
1193;66.50;19.50;True;False;False;False;1143;16.50;19.50;True;False;False;False;1;41.077777777778;0;41.077777777778;41.077777777778
1193;66.50;19.50;True;False;False;False;1903;72.50;30.50;True;False;False;False;1;16.2675901949551;0;16.2675901949551;16.2675901949551
1194;67.50;19.50;True;False;False;False;76;81.50;35.50;False;False;True;False;1;77.665367972736;0;77.665367972736;77.665367972736
1194;67.50;19.50;True;False;False;False;284;63.50;0.50;False;True;False;False;1;39.4326839863666;0;39.4326839863666;39.4326839863666
1194;67.50;19.50;True;False;False;False;1507;60.50;24.50;True;False;False;False;1;12.8423160136354;0;12.8423160136354;12.8423160136354
1194;67.50;19.50;True;False;False;False;1738;35.50;28.50;True;False;False;False;1;37.2660173197028;0;37.2660173197028;37.2660173197028
1196;69.50;19.50;True;False;False;False;12;81.50;11.50;False;False;True;False;1;116.161298693937;0;116.161298693937;116.161298693937
1196;69.50;19.50;True;False;False;False;76;81.50;35.50;False;False;True;False;1;222.215158811216;0;222.215158811216;222.215158811216
1196;69.50;19.50;True;False;False;False;220;23.50;0.50;False;True;False;False;1;58.2582467348432;0;58.2582467348432;58.2582467348432
1196;69.50;19.50;True;False;False;False;268;53.50;0.50;False;True;False;False;1;35.3731601363422;0;35.3731601363422;35.3731601363422
1196;69.50;19.50;True;False;False;False;1482;35.50;24.50;True;False;False;False;1;33.2944444444445;0;33.2944444444445;33.2944444444445
1196;69.50;19.50;True;False;False;False;1551;40.50;25.50;True;False;False;False;1;28.4686147075709;0;28.4686147075709;28.4686147075709
1196;69.50;19.50;True;False;False;False;1561;50.50;25.50;True;False;False;False;1;28.9476911792863;0;28.9476911792863;28.9476911792863
1196;69.50;19.50;True;False;False;False;1848;17.50;30.50;True;False;False;False;1;48.9444444444425;0;48.9444444444425;48.9444444444425
1197;70.50;19.50;True;False;False;False;28;81.50;17.50;False;False;True;False;1;251.166392485362;0;251.166392485362;251.166392485362
1197;70.50;19.50;True;False;False;False;220;23.50;0.50;False;True;False;False;2;86.5242604580749;511.158787604669;70.5374098050434;102.511111111106
1197;70.50;19.50;True;False;False;False;1196;69.50;19.50;True;False;False;False;1;3.10425686161534;0;3.10425686161534;3.10425686161534
1197;70.50;19.50;True;False;False;False;1738;35.50;28.50;True;False;False;False;1;36.3139826803108;0;36.3139826803108;36.3139826803108
1197;70.50;19.50;True;False;False;False;2678;15.50;43.50;True;False;False;False;1;67.6737950974739;0;67.6737950974739;67.6737950974739
1198;71.50;19.50;True;False;False;False;44;81.50;23.50;False;False;True;False;1;129.050735945464;0;129.050735945464;129.050735945464
1198;71.50;19.50;True;False;False;False;284;63.50;0.50;False;True;False;False;1;37.9000000000003;0;37.9000000000003;37.9000000000003
1198;71.50;19.50;True;False;False;False;1705;66.50;27.50;True;False;False;False;1;13.8366666666673;0;13.8366666666673;13.8366666666673
1198;71.50;19.50;True;False;False;False;2535;64.50;40.50;True;False;False;False;1;23.6277777777809;0;23.6277777777809;23.6277777777809
1264;9.50;21.50;True;False;False;False;156;0.50;32.50;False;False;True;False;1;73.1737013060601;0;73.1737013060601;73.1737013060601
1264;9.50;21.50;True;False;False;False;1172;45.50;19.50;True;False;False;False;1;31.0673160136357;0;31.0673160136357;31.0673160136357
1266;11.50;21.50;True;False;False;False;124;0.50;20.50;False;False;True;False;1;71.7854617641451;0;71.7854617641451;71.7854617641451
1266;11.50;21.50;True;False;False;False;172;0.50;38.50;False;False;True;False;1;112.079632027279;0;112.079632027279;112.079632027279
1266;11.50;21.50;True;False;False;False;1550;39.50;25.50;True;False;False;False;2;25.7847222222235;0.064201388888324;25.6055555555577;25.9638888888894
1267;12.50;21.50;True;False;False;False;140;0.50;26.50;False;False;True;False;1;53.8769480409101;0;53.8769480409101;53.8769480409101
1267;12.50;21.50;True;False;False;False;1768;65.50;28.50;True;False;False;False;1;47.5688816959932;0;47.5688816959932;47.5688816959932
1269;14.50;21.50;True;False;False;False;28;81.50;17.50;False;False;True;False;1;178.880281374245;0;178.880281374245;178.880281374245
1269;14.50;21.50;True;False;False;False;108;0.50;14.50;False;False;True;False;1;63.3777777777823;0;63.3777777777823;63.3777777777823
1269;14.50;21.50;True;False;False;False;1683;44.50;27.50;True;False;False;False;1;28.0993506530303;0;28.0993506530303;28.0993506530303
1269;14.50;21.50;True;False;False;False;1852;21.50;30.50;True;False;False;False;1;14.3018542494947;0;14.3018542494947;14.3018542494947
1270;15.50;21.50;True;False;False;False;204;13.50;0.50;False;True;False;False;1;32.7145382358575;0;32.7145382358575;32.7145382358575
1270;15.50;21.50;True;False;False;False;1133;70.50;18.50;True;False;False;False;1;46.0820346393976;0;46.0820346393976;46.0820346393976
1272;17.50;21.50;True;False;False;False;124;0.50;20.50;False;False;True;False;1;87.2954689570679;0;87.2954689570679;87.2954689570679
1272;17.50;21.50;True;False;False;False;1295;40.50;21.50;True;False;False;False;1;18.1333333333341;0;18.1333333333341;18.1333333333341
1274;19.50;21.50;True;False;False;False;108;0.50;14.50;False;False;True;False;1;212.486760458081;0;212.486760458081;212.486760458081
1274;19.50;21.50;True;False;False;False;140;0.50;26.50;False;False;True;False;1;48.1811111111147;0;48.1811111111147;48.1811111111147
1274;19.50;21.50;True;False;False;False;204;13.50;0.50;False;True;False;False;1;37.4700000000057;0;37.4700000000057;37.4700000000057
1274;19.50;21.50;True;False;False;False;220;23.50;0.50;False;True;False;False;1;37.5522222222244;0;37.5522222222244;37.5522222222244
1274;19.50;21.50;True;False;False;False;795;52.50;13.50;True;False;False;False;1;34.4554617641406;0;34.4554617641406;34.4554617641406
1274;19.50;21.50;True;False;False;False;805;62.50;13.50;True;False;False;False;1;39.1527777777801;0;39.1527777777801;39.1527777777801
1274;19.50;21.50;True;False;False;False;1738;35.50;28.50;True;False;False;False;1;19.9706493469694;0;19.9706493469694;19.9706493469694
1274;19.50;21.50;True;False;False;False;2244;29.50;36.50;True;False;False;False;1;20.1804617641474;0;20.1804617641474;20.1804617641474
1275;20.50;21.50;True;False;False;False;220;23.50;0.50;False;True;False;False;1;40.1493506530337;0;40.1493506530337;40.1493506530337
1275;20.50;21.50;True;False;False;False;1905;10.50;31.50;True;False;False;False;1;17.0000000000018;0;17.0000000000018;17.0000000000018
1276;21.50;21.50;True;False;False;False;156;0.50;32.50;False;False;True;False;1;86.2350937914061;0;86.2350937914061;86.2350937914061
1276;21.50;21.50;True;False;False;False;204;13.50;0.50;False;True;False;False;1;45.4159235282852;0;45.4159235282852;45.4159235282852
1276;21.50;21.50;True;False;False;False;1550;39.50;25.50;True;False;False;False;1;18.2895382358574;0;18.2895382358574;18.2895382358574
1276;21.50;21.50;True;False;False;False;1704;65.50;27.50;True;False;False;False;1;39.1691052434091;0;39.1691052434091;39.1691052434091
1277;22.50;21.50;True;False;False;False;156;0.50;32.50;False;False;True;False;1;57.3923160136328;0;57.3923160136328;57.3923160136328
1277;22.50;21.50;True;False;False;False;2673;10.50;43.50;True;False;False;False;1;27.1234343176411;0;27.1234343176411;27.1234343176411
1280;25.50;21.50;True;False;False;False;172;0.50;38.50;False;False;True;False;1;132.10545457122;0;132.10545457122;132.10545457122
1280;25.50;21.50;True;False;False;False;514;27.50;9.50;True;False;False;False;1;13.7976839863639;0;13.7976839863639;13.7976839863639
1280;25.50;21.50;True;False;False;False;2287;72.50;36.50;True;False;False;False;1;48.2694444444455;0;48.2694444444455;48.2694444444455
1281;26.50;21.50;True;False;False;False;76;81.50;35.50;False;False;True;False;1;63.2527777777823;0;63.2527777777823;63.2527777777823
1281;26.50;21.50;True;False;False;False;220;23.50;0.50;False;True;False;False;1;56.7821284308125;0;56.7821284308125;56.7821284308125
1281;26.50;21.50;True;False;False;False;236;33.50;0.50;False;True;False;False;1;40.3777777777814;0;40.3777777777814;40.3777777777814
1281;26.50;21.50;True;False;False;False;1134;71.50;18.50;True;False;False;False;1;38.5076839863664;0;38.5076839863664;38.5076839863664
1281;26.50;21.50;True;False;False;False;2291;12.50;37.50;True;False;False;False;1;6.58339116004663;0;6.58339116004663;6.58339116004663
1281;26.50;21.50;True;False;False;False;2480;9.50;40.50;True;False;False;False;1;28.1547258186811;0;28.1547258186811;28.1547258186811
1284;29.50;21.50;True;False;False;False;92;81.50;41.50;False;False;True;False;1;239.186666666654;0;239.186666666654;239.186666666654
1284;29.50;21.50;True;False;False;False;2096;9.50;34.50;True;False;False;False;1;26.6411111111097;0;26.6411111111097;26.6411111111097
1285;30.50;21.50;True;False;False;False;188;0.50;44.50;False;False;True;False;1;109.214264054546;0;109.214264054546;109.214264054546
1285;30.50;21.50;True;False;False;False;220;23.50;0.50;False;True;False;False;1;45.0222222222237;0;45.0222222222237;45.0222222222237
1285;30.50;21.50;True;False;False;False;529;42.50;9.50;True;False;False;False;1;20.9444444444449;0;20.9444444444449;20.9444444444449
1285;30.50;21.50;True;False;False;False;783;40.50;13.50;True;False;False;False;1;20.3382395419258;0;20.3382395419258;20.3382395419258
1285;30.50;21.50;True;False;False;False;809;66.50;13.50;True;False;False;False;1;39.7861111111151;0;39.7861111111151;39.7861111111151
1289;34.50;21.50;True;False;False;False;108;0.50;14.50;False;False;True;False;1;140.725000000001;0;140.725000000001;140.725000000001
1289;34.50;21.50;True;False;False;False;1906;11.50;31.50;True;False;False;False;1;27.2326839863647;0;27.2326839863647;27.2326839863647
1290;35.50;21.50;True;False;False;False;12;81.50;11.50;False;False;True;False;2;124.754260458075;149.616168056088;116.105093791393;133.403427124757
1290;35.50;21.50;True;False;False;False;60;81.50;29.50;False;False;True;False;1;125.947871569198;0;125.947871569198;125.947871569198
1290;35.50;21.50;True;False;False;False;507;20.50;9.50;True;False;False;False;1;23.6006493469685;0;23.6006493469685;23.6006493469685
1290;35.50;21.50;True;False;False;False;947;12.50;16.50;True;False;False;False;1;24.5132395419187;0;24.5132395419187;24.5132395419187
1290;35.50;21.50;True;False;False;False;972;37.50;16.50;True;False;False;False;1;8.47601731969905;0;8.47601731969905;8.47601731969905
1290;35.50;21.50;True;False;False;False;990;55.50;16.50;True;False;False;False;1;22.3734271247458;0;22.3734271247458;22.3734271247458
1290;35.50;21.50;True;False;False;False;1192;65.50;19.50;True;False;False;False;1;26.7382395419272;0;26.7382395419272;26.7382395419272
1290;35.50;21.50;True;False;False;False;1326;71.50;21.50;True;False;False;False;1;25.8677777777784;0;25.8677777777784;25.8677777777784
1290;35.50;21.50;True;False;False;False;1548;37.50;25.50;True;False;False;False;1;8.04842712475056;0;8.04842712475056;8.04842712475056
1290;35.50;21.50;True;False;False;False;1848;17.50;30.50;True;False;False;False;1;23.6527777777778;0;23.6527777777778;23.6527777777778
1292;37.50;21.50;True;False;False;False;252;43.50;0.50;False;True;False;False;1;34.8194444444412;0;34.8194444444412;34.8194444444412
1292;37.50;21.50;True;False;False;False;1486;39.50;24.50;True;False;False;False;1;8.47435065303125;0;8.47435065303125;8.47435065303125
1292;37.50;21.50;True;False;False;False;2287;72.50;36.50;True;False;False;False;1;40.999444444461;0;40.999444444461;40.999444444461
1295;40.50;21.50;True;False;False;False;108;0.50;14.50;False;False;True;False;1;281.804545428791;0;281.804545428791;281.804545428791
1295;40.50;21.50;True;False;False;False;541;54.50;9.50;True;False;False;False;1;21.5138888888905;0;21.5138888888905;21.5138888888905
1295;40.50;21.50;True;False;False;False;709;30.50;12.50;True;False;False;False;1;17.4195382358585;0;17.4195382358585;17.4195382358585
1295;40.50;21.50;True;False;False;False;940;69.50;15.50;True;False;False;False;1;28.396572875261;0;28.396572875261;28.396572875261
1295;40.50;21.50;True;False;False;False;942;71.50;15.50;True;False;False;False;1;29.2756493469669;0;29.2756493469669;29.2756493469669
1295;40.50;21.50;True;False;False;False;1187;60.50;19.50;True;False;False;False;1;18.9727777777789;0;18.9727777777789;18.9727777777789
1295;40.50;21.50;True;False;False;False;1338;19.50;22.50;True;False;False;False;1;19.2750000000024;0;19.2750000000024;19.2750000000024
1295;40.50;21.50;True;False;False;False;1340;21.50;22.50;True;False;False;False;1;18.2312986939341;0;18.2312986939341;18.2312986939341
1295;40.50;21.50;True;False;False;False;1503;56.50;24.50;True;False;False;False;1;17.4775973878714;0;17.4775973878714;17.4775973878714
1295;40.50;21.50;True;False;False;False;1754;51.50;28.50;True;False;False;False;1;17.2527777777796;0;17.2527777777796;17.2527777777796
1295;40.50;21.50;True;False;False;False;1851;20.50;30.50;True;False;False;False;1;23.9651875828285;0;23.9651875828285;23.9651875828285
1295;40.50;21.50;True;False;False;False;2078;55.50;33.50;True;False;False;False;1;22.3477777777789;0;22.3477777777789;22.3477777777789
1295;40.50;21.50;True;False;False;False;2153;66.50;34.50;True;False;False;False;1;38.5339826803056;0;38.5339826803056;38.5339826803056
1295;40.50;21.50;True;False;False;False;2441;34.50;39.50;True;False;False;False;1;20.8277777777657;0;20.8277777777657;20.8277777777657
1295;40.50;21.50;True;False;False;False;2488;17.50;40.50;True;False;False;False;1;40.4296320272715;0;40.4296320272715;40.4296320272715
1295;40.50;21.50;True;False;False;False;2894;39.50;46.50;True;False;False;False;1;23.3166666666693;0;23.3166666666693;23.3166666666693
1296;41.50;21.50;True;False;False;False;108;0.50;14.50;False;False;True;False;1;57.283982680297;0;57.283982680297;57.283982680297
1296;41.50;21.50;True;False;False;False;2678;15.50;43.50;True;False;False;False;1;37.8334127389394;0;37.8334127389394;37.8334127389394
1299;44.50;21.50;True;False;False;False;92;81.50;41.50;False;False;True;False;1;56.4549062085907;0;56.4549062085907;56.4549062085907
1299;44.50;21.50;True;False;False;False;2158;71.50;34.50;True;False;False;False;1;31.1283333333377;0;31.1283333333377;31.1283333333377
1300;45.50;21.50;True;False;False;False;108;0.50;14.50;False;False;True;False;1;115.552777777778;0;115.552777777778;115.552777777778
1300;45.50;21.50;True;False;False;False;1877;46.50;30.50;True;False;False;False;1;17.6754833429134;0;17.6754833429134;17.6754833429134
1301;46.50;21.50;True;False;False;False;12;81.50;11.50;False;False;True;False;1;117.794783645426;0;117.794783645426;117.794783645426
1301;46.50;21.50;True;False;False;False;124;0.50;20.50;False;False;True;False;1;50.6339826802969;0;50.6339826802969;50.6339826802969
1301;46.50;21.50;True;False;False;False;1653;14.50;27.50;True;False;False;False;1;29.5818542494903;0;29.5818542494903;29.5818542494903
1302;47.50;21.50;True;False;False;False;28;81.50;17.50;False;False;True;False;1;221.835743138385;0;221.835743138385;221.835743138385
1304;49.50;21.50;True;False;False;False;76;81.50;35.50;False;False;True;False;2;121.380927124748;3372.89659274703;80.3145382358584;162.447316013638
1304;49.50;21.50;True;False;False;False;2069;46.50;33.50;True;False;False;False;1;14.6444444444448;0;14.6444444444448;14.6444444444448
1305;50.50;21.50;True;False;False;False;28;81.50;17.50;False;False;True;False;1;126.664999999989;0;126.664999999989;126.664999999989
1305;50.50;21.50;True;False;False;False;2097;10.50;34.50;True;False;False;False;1;49.4815872610861;0;49.4815872610861;49.4815872610861
1305;50.50;21.50;True;False;False;False;2669;70.50;42.50;True;False;False;False;1;36.6944444444425;0;36.6944444444425;36.6944444444425
1306;51.50;21.50;True;False;False;False;44;81.50;23.50;False;False;True;False;1;80.6950000000088;0;80.6950000000088;80.6950000000088
1314;59.50;21.50;True;False;False;False;44;81.50;23.50;False;False;True;False;1;33.1927777777828;0;33.1927777777828;33.1927777777828
1314;59.50;21.50;True;False;False;False;1290;35.50;21.50;True;False;False;False;1;19.4299062085884;0;19.4299062085884;19.4299062085884
1314;59.50;21.50;True;False;False;False;2673;10.50;43.50;True;False;False;False;1;54.3295310429364;0;54.3295310429364;54.3295310429364
1315;60.50;21.50;True;False;False;False;204;13.50;0.50;False;True;False;False;1;82.7138888888896;0;82.7138888888896;82.7138888888896
1315;60.50;21.50;True;False;False;False;1381;62.50;22.50;True;False;False;False;1;5.49166666666679;0;5.49166666666679;5.49166666666679
1317;62.50;21.50;True;False;False;False;28;81.50;17.50;False;False;True;False;1;240.818520916167;0;240.818520916167;240.818520916167
1317;62.50;21.50;True;False;False;False;76;81.50;35.50;False;False;True;False;1;108.008333333339;0;108.008333333339;108.008333333339
1317;62.50;21.50;True;False;False;False;1383;64.50;22.50;True;False;False;False;1;5.75833333333327;0;5.75833333333327;5.75833333333327
1317;62.50;21.50;True;False;False;False;1513;66.50;24.50;True;False;False;False;1;9.18665947379623;0;9.18665947379623;9.18665947379623
1317;62.50;21.50;True;False;False;False;1935;40.50;31.50;True;False;False;False;1;25.0876983721855;0;25.0876983721855;25.0876983721855
1320;65.50;21.50;True;False;False;False;284;63.50;0.50;False;True;False;False;1;38.3374098050483;0;38.3374098050483;38.3374098050483
1320;65.50;21.50;True;False;False;False;1679;40.50;27.50;True;False;False;False;1;24.5861977096051;0;24.5861977096051;24.5861977096051
1321;66.50;21.50;True;False;False;False;28;81.50;17.50;False;False;True;False;1;75.3651875828277;0;75.3651875828277;75.3651875828277
1321;66.50;21.50;True;False;False;False;2158;71.50;34.50;True;False;False;False;1;16.1821212379159;0;16.1821212379159;16.1821212379159
1324;69.50;21.50;True;False;False;False;28;81.50;17.50;False;False;True;False;1;124.197222222216;0;124.197222222216;124.197222222216
1324;69.50;21.50;True;False;False;False;284;63.50;0.50;False;True;False;False;1;64.1449999999936;0;64.1449999999936;64.1449999999936
1324;69.50;21.50;True;False;False;False;1772;69.50;28.50;True;False;False;False;1;6.71944444444352;0;6.71944444444352;6.71944444444352
1324;69.50;21.50;True;False;False;False;2542;71.50;40.50;True;False;False;False;1;18.1275035964572;0;18.1275035964572;18.1275035964572
1325;70.50;21.50;True;False;False;False;12;81.50;11.50;False;False;True;False;1;196.82296536061;0;196.82296536061;196.82296536061
1325;70.50;21.50;True;False;False;False;2684;21.50;43.50;True;False;False;False;1;56.8201875828236;0;56.8201875828236;56.8201875828236
1326;71.50;21.50;True;False;False;False;28;81.50;17.50;False;False;True;False;1;258.434076471725;0;258.434076471725;258.434076471725
1326;71.50;21.50;True;False;False;False;60;81.50;29.50;False;False;True;False;2;116.423888888887;207.872225203386;106.22898268031;126.618795097465
1326;71.50;21.50;True;False;False;False;204;13.50;0.50;False;True;False;False;1;72.8306493469736;0;72.8306493469736;72.8306493469736
1326;71.50;21.50;True;False;False;False;284;63.50;0.50;False;True;False;False;1;37.7051947757498;0;37.7051947757498;37.7051947757498
1326;71.50;21.50;True;False;False;False;1295;40.50;21.50;True;False;False;False;1;23.5111111111109;0;23.5111111111109;23.5111111111109
1326;71.50;21.50;True;False;False;False;1488;41.50;24.50;True;False;False;False;1;26.6123160136322;0;26.6123160136322;26.6123160136322
1326;71.50;21.50;True;False;False;False;1723;20.50;28.50;True;False;False;False;1;52.9776696005181;0;52.9776696005181;52.9776696005181
1326;71.50;21.50;True;False;False;False;1740;37.50;28.50;True;False;False;False;1;35.2166666666681;0;35.2166666666681;35.2166666666681
1326;71.50;21.50;True;False;False;False;1867;36.50;30.50;True;False;False;False;1;41.4472222222084;0;41.4472222222084;41.4472222222084
1327;72.50;21.50;True;False;False;False;28;81.50;17.50;False;False;True;False;1;143.912316013633;0;143.912316013633;143.912316013633
1327;72.50;21.50;True;False;False;False;252;43.50;0.50;False;True;False;False;1;50.6068542494927;0;50.6068542494927;50.6068542494927
1327;72.50;21.50;True;False;False;False;284;63.50;0.50;False;True;False;False;2;37.6319444444457;0.00648533950660558;37.5749999999994;37.6888888888921
1327;72.50;21.50;True;False;False;False;1301;46.50;21.50;True;False;False;False;1;19.4312049025266;0;19.4312049025266;19.4312049025266
1327;72.50;21.50;True;False;False;False;1320;65.50;21.50;True;False;False;False;1;7.60277777777742;0;7.60277777777742;7.60277777777742
1327;72.50;21.50;True;False;False;False;1488;41.50;24.50;True;False;False;False;1;27.2132395419203;0;27.2132395419203;27.2132395419203
1327;72.50;21.50;True;False;False;False;1575;64.50;25.50;True;False;False;False;1;12.3361111111108;0;12.3361111111108;12.3361111111108
1329;10.50;22.50;True;False;False;False;124;0.50;20.50;False;False;True;False;1;68.1144444444508;0;68.1144444444508;68.1144444444508
1329;10.50;22.50;True;False;False;False;140;0.50;26.50;False;False;True;False;1;153.488888888883;0;153.488888888883;153.488888888883
1329;10.50;22.50;True;False;False;False;762;19.50;13.50;True;False;False;False;1;16.1645382358574;0;16.1645382358574;16.1645382358574
1329;10.50;22.50;True;False;False;False;2891;36.50;46.50;True;False;False;False;1;41.1477777777827;0;41.1477777777827;41.1477777777827
1331;12.50;22.50;True;False;False;False;188;0.50;44.50;False;False;True;False;1;34.6366666666659;0;34.6366666666659;34.6366666666659
1331;12.50;22.50;True;False;False;False;268;53.50;0.50;False;True;False;False;1;62.1629725535008;0;62.1629725535008;62.1629725535008
1331;12.50;22.50;True;False;False;False;1488;41.50;24.50;True;False;False;False;1;28.3950937914118;0;28.3950937914118;28.3950937914118
1331;12.50;22.50;True;False;False;False;1665;26.50;27.50;True;False;False;False;1;17.5062049025214;0;17.5062049025214;17.5062049025214
1333;14.50;22.50;True;False;False;False;108;0.50;14.50;False;False;True;False;2;116.58347761691;5725.58085633849;63.0784271247444;170.088528109077
1333;14.50;22.50;True;False;False;False;741;62.50;12.50;True;False;False;False;1;45.3611111111115;0;45.3611111111115;45.3611111111115
1333;14.50;22.50;True;False;False;False;1383;64.50;22.50;True;False;False;False;1;37.1370346393996;0;37.1370346393996;37.1370346393996
1334;15.50;22.50;True;False;False;False;124;0.50;20.50;False;False;True;False;1;97.9201875828394;0;97.9201875828394;97.9201875828394
1334;15.50;22.50;True;False;False;False;1749;46.50;28.50;True;False;False;False;1;36.8916666666682;0;36.8916666666682;36.8916666666682
1334;15.50;22.50;True;False;False;False;2285;70.50;36.50;True;False;False;False;1;53.5361111111113;0;53.5361111111113;53.5361111111113
1335;16.50;22.50;True;False;False;False;2480;9.50;40.50;True;False;False;False;1;21.5989826803022;0;21.5989826803022;21.5989826803022
1338;19.50;22.50;True;False;False;False;172;0.50;38.50;False;False;True;False;1;104.76731601364;0;104.76731601364;104.76731601364
1338;19.50;22.50;True;False;False;False;220;23.50;0.50;False;True;False;False;1;31.9637950974748;0;31.9637950974748;31.9637950974748
1338;19.50;22.50;True;False;False;False;1105;42.50;18.50;True;False;False;False;1;21.9333333333352;0;21.9333333333352;21.9333333333352
1338;19.50;22.50;True;False;False;False;1353;34.50;22.50;True;False;False;False;1;16.6722222222224;0;16.6722222222224;16.6722222222224
1339;20.50;22.50;True;False;False;False;140;0.50;26.50;False;False;True;False;1;108.676753265159;0;108.676753265159;108.676753265159
1339;20.50;22.50;True;False;False;False;156;0.50;32.50;False;False;True;False;1;170.621666666667;0;170.621666666667;170.621666666667
1339;20.50;22.50;True;False;False;False;1172;45.50;19.50;True;False;False;False;1;23.2972222222261;0;23.2972222222261;23.2972222222261
1339;20.50;22.50;True;False;False;False;2542;71.50;40.50;True;False;False;False;1;52.7916666666683;0;52.7916666666683;52.7916666666683
1340;21.50;22.50;True;False;False;False;12;81.50;11.50;False;False;True;False;1;98.2049134015044;0;98.2049134015044;98.2049134015044
1340;21.50;22.50;True;False;False;False;156;0.50;32.50;False;False;True;False;1;144.157222222234;0;144.157222222234;144.157222222234
1340;21.50;22.50;True;False;False;False;220;23.50;0.50;False;True;False;False;1;36.5810029338527;0;36.5810029338527;36.5810029338527
1340;21.50;22.50;True;False;False;False;745;66.50;12.50;True;False;False;False;1;43.4259379141192;0;43.4259379141192;43.4259379141192
1340;21.50;22.50;True;False;False;False;1548;37.50;25.50;True;False;False;False;1;17.2916666666667;0;17.2916666666667;17.2916666666667
1340;21.50;22.50;True;False;False;False;2289;10.50;37.50;True;False;False;False;1;21.3687013060653;0;21.3687013060653;21.3687013060653
1341;22.50;22.50;True;False;False;False;140;0.50;26.50;False;False;True;False;1;119.59491340151;0;119.59491340151;119.59491340151
1341;22.50;22.50;True;False;False;False;1679;40.50;27.50;True;False;False;False;1;20.4673160136363;0;20.4673160136363;20.4673160136363
1343;24.50;22.50;True;False;False;False;220;23.50;0.50;False;True;False;False;1;40.1539826803028;0;40.1539826803028;40.1539826803028
1343;24.50;22.50;True;False;False;False;1315;60.50;21.50;True;False;False;False;1;29.242316013635;0;29.242316013635;29.242316013635
1348;29.50;22.50;True;False;False;False;156;0.50;32.50;False;False;True;False;1;128.956760458088;0;128.956760458088;128.956760458088
1348;29.50;22.50;True;False;False;False;764;21.50;13.50;True;False;False;False;1;15.949350653038;0;15.949350653038;15.949350653038
1348;29.50;22.50;True;False;False;False;2313;34.50;37.50;True;False;False;False;1;18.030555555556;0;18.030555555556;18.030555555556
1349;30.50;22.50;True;False;False;False;268;53.50;0.50;False;True;False;False;1;51.4410173196934;0;51.4410173196934;51.4410173196934
1349;30.50;22.50;True;False;False;False;1749;46.50;28.50;True;False;False;False;1;19.5555555555547;0;19.5555555555547;19.5555555555547
1350;31.50;22.50;True;False;False;False;140;0.50;26.50;False;False;True;False;1;157.477128430811;0;157.477128430811;157.477128430811
1350;31.50;22.50;True;False;False;False;236;33.50;0.50;False;True;False;False;1;37.2277777777777;0;37.2277777777777;37.2277777777777
1350;31.50;22.50;True;False;False;False;1551;40.50;25.50;True;False;False;False;1;15.2333333333338;0;15.2333333333338;15.2333333333338
1350;31.50;22.50;True;False;False;False;2466;59.50;39.50;True;False;False;False;1;37.1400937914129;0;37.1400937914129;37.1400937914129
1351;32.50;22.50;True;False;False;False;44;81.50;23.50;False;False;True;False;1;95.5935787428716;0;95.5935787428716;95.5935787428716
1351;32.50;22.50;True;False;False;False;2876;21.50;46.50;True;False;False;False;1;13.9151516181219;0;13.9151516181219;13.9151516181219
1353;34.50;22.50;True;False;False;False;92;81.50;41.50;False;False;True;False;1;123.346204902537;0;123.346204902537;123.346204902537
1353;34.50;22.50;True;False;False;False;140;0.50;26.50;False;False;True;False;1;44.188888888887;0;44.188888888887;44.188888888887
1353;34.50;22.50;True;False;False;False;252;43.50;0.50;False;True;False;False;1;43.1416666666679;0;43.1416666666679;43.1416666666679
1353;34.50;22.50;True;False;False;False;568;17.50;10.50;True;False;False;False;1;23.8119408479897;0;23.8119408479897;23.8119408479897
1353;34.50;22.50;True;False;False;False;585;34.50;10.50;True;False;False;False;1;10.2194444444458;0;10.2194444444458;10.2194444444458
1353;34.50;22.50;True;False;False;False;748;69.50;12.50;True;False;False;False;1;38.4790764717209;0;38.4790764717209;38.4790764717209
1353;34.50;22.50;True;False;False;False;898;27.50;15.50;True;False;False;False;1;13.6756493469647;0;13.6756493469647;13.6756493469647
1353;34.50;22.50;True;False;False;False;902;31.50;15.50;True;False;False;False;1;10.7117604580799;0;10.7117604580799;10.7117604580799
1353;34.50;22.50;True;False;False;False;942;71.50;15.50;True;False;False;False;1;41.6867604580821;0;41.6867604580821;41.6867604580821
1353;34.50;22.50;True;False;False;False;1162;35.50;19.50;True;False;False;False;1;6.87407647171767;0;6.87407647171767;6.87407647171767
1353;34.50;22.50;True;False;False;False;1266;11.50;21.50;True;False;False;False;1;20.3583333333363;0;20.3583333333363;20.3583333333363
1353;34.50;22.50;True;False;False;False;1269;14.50;21.50;True;False;False;False;1;18.9200937914129;0;18.9200937914129;18.9200937914129
1353;34.50;22.50;True;False;False;False;1542;31.50;25.50;True;False;False;False;1;8.09478364544157;0;8.09478364544157;8.09478364544157
1353;34.50;22.50;True;False;False;False;1847;16.50;30.50;True;False;False;False;1;22.5663852924245;0;22.5663852924245;22.5663852924245
1353;34.50;22.50;True;False;False;False;2288;9.50;37.50;True;False;False;False;1;32.4222222222223;0;32.4222222222223;32.4222222222223
1354;35.50;22.50;True;False;False;False;1531;20.50;25.50;True;False;False;False;1;16.6200937914129;0;16.6200937914129;16.6200937914129
1354;35.50;22.50;True;False;False;False;1847;16.50;30.50;True;False;False;False;1;21.82;0;21.82;21.82
1354;35.50;22.50;True;False;False;False;2235;20.50;36.50;True;False;False;False;1;24.108708498985;0;24.108708498985;24.108708498985
1354;35.50;22.50;True;False;False;False;2668;69.50;42.50;True;False;False;False;1;43.4663058868296;0;43.4663058868296;43.4663058868296
1356;37.50;22.50;True;False;False;False;12;81.50;11.50;False;False;True;False;1;70.1227777777708;0;70.1227777777708;70.1227777777708
1356;37.50;22.50;True;False;False;False;60;81.50;29.50;False;False;True;False;1;102.28453823585;0;102.28453823585;102.28453823585
1356;37.50;22.50;True;False;False;False;498;11.50;9.50;True;False;False;False;1;32.3796320272703;0;32.3796320272703;32.3796320272703
1356;37.50;22.50;True;False;False;False;603;52.50;10.50;True;False;False;False;1;21.9272944348643;0;21.9272944348643;21.9272944348643
1356;37.50;22.50;True;False;False;False;720;41.50;12.50;True;False;False;False;1;13.5611111111114;0;13.5611111111114;13.5611111111114
1356;37.50;22.50;True;False;False;False;724;45.50;12.50;True;False;False;False;1;16.3861111111096;0;16.3861111111096;16.3861111111096
1356;37.50;22.50;True;False;False;False;753;10.50;13.50;True;False;False;False;1;29.5005555555553;0;29.5005555555553;29.5005555555553
1356;37.50;22.50;True;False;False;False;788;45.50;13.50;True;False;False;False;1;15.7200937914129;0;15.7200937914129;15.7200937914129
1356;37.50;22.50;True;False;False;False;942;71.50;15.50;True;False;False;False;1;34.3222222222225;0;34.3222222222225;34.3222222222225
1356;37.50;22.50;True;False;False;False;955;20.50;16.50;True;False;False;False;1;19.9894444444449;0;19.9894444444449;19.9894444444449
1356;37.50;22.50;True;False;False;False;980;45.50;16.50;True;False;False;False;1;14.1604617641435;0;14.1604617641435;14.1604617641435
1356;37.50;22.50;True;False;False;False;1339;20.50;22.50;True;False;False;False;1;13.52;0;13.52;13.52
1356;37.50;22.50;True;False;False;False;1373;54.50;22.50;True;False;False;False;1;13.697583002029;0;13.697583002029;13.697583002029
1356;37.50;22.50;True;False;False;False;1478;31.50;24.50;True;False;False;False;1;10.0097042399141;0;10.0097042399141;10.0097042399141
1356;37.50;22.50;True;False;False;False;1484;37.50;24.50;True;False;False;False;1;4.63055555556002;0;4.63055555556002;4.63055555556002
1356;37.50;22.50;True;False;False;False;1540;29.50;25.50;True;False;False;False;1;12.6307359454586;0;12.6307359454586;12.6307359454586
1356;37.50;22.50;True;False;False;False;1578;67.50;25.50;True;False;False;False;1;27.2616666666668;0;27.2616666666668;27.2616666666668
1356;37.50;22.50;True;False;False;False;1729;26.50;28.50;True;False;False;False;1;15.0055555555556;0;15.0055555555556;15.0055555555556
1356;37.50;22.50;True;False;False;False;1750;47.50;28.50;True;False;False;False;1;15.6277777777736;0;15.6277777777736;15.6277777777736
1356;37.50;22.50;True;False;False;False;2242;27.50;36.50;True;False;False;False;1;21.0972222222208;0;21.0972222222208;21.0972222222208
1356;37.50;22.50;True;False;False;False;2699;36.50;43.50;True;False;False;False;1;19.870093791413;0;19.870093791413;19.870093791413
1356;37.50;22.50;True;False;False;False;2926;71.50;46.50;True;False;False;False;1;46.1359307212067;0;46.1359307212067;46.1359307212067
1358;39.50;22.50;True;False;False;False;546;59.50;9.50;True;False;False;False;1;27.2833333333341;0;27.2833333333341;27.2833333333341
1358;39.50;22.50;True;False;False;False;561;10.50;10.50;True;False;False;False;1;35.8023810333555;0;35.8023810333555;35.8023810333555
1358;39.50;22.50;True;False;False;False;611;60.50;10.50;True;False;False;False;1;26.554256861619;0;26.554256861619;26.554256861619
1358;39.50;22.50;True;False;False;False;783;40.50;13.50;True;False;False;False;1;11.6844444444448;0;11.6844444444448;11.6844444444448
1358;39.50;22.50;True;False;False;False;941;70.50;15.50;True;False;False;False;1;33.0194444444459;0;33.0194444444459;33.0194444444459
1358;39.50;22.50;True;False;False;False;1095;32.50;18.50;True;False;False;False;1;11.5718614424159;0;11.5718614424159;11.5718614424159
1358;39.50;22.50;True;False;False;False;1196;69.50;19.50;True;False;False;False;1;26.8567604580796;0;26.8567604580796;26.8567604580796
1358;39.50;22.50;True;False;False;False;1910;15.50;31.50;True;False;False;False;1;28.1178643762702;0;28.1178643762702;28.1178643762702
1358;39.50;22.50;True;False;False;False;2038;15.50;33.50;True;False;False;False;1;40.8588888888887;0;40.8588888888887;40.8588888888887
1358;39.50;22.50;True;False;False;False;2477;70.50;39.50;True;False;False;False;1;38.5689826803032;0;38.5689826803032;38.5689826803032
1358;39.50;22.50;True;False;False;False;2843;52.50;45.50;True;False;False;False;1;28.5665006626114;0;28.5665006626114;28.5665006626114
1358;39.50;22.50;True;False;False;False;2901;46.50;46.50;True;False;False;False;1;33.2194444444449;0;33.2194444444449;33.2194444444449
1358;39.50;22.50;True;False;False;False;2927;72.50;46.50;True;False;False;False;1;46.3441918418994;0;46.3441918418994;46.3441918418994
1365;46.50;22.50;True;False;False;False;60;81.50;29.50;False;False;True;False;1;51.4083333333342;0;51.4083333333342;51.4083333333342
1365;46.50;22.50;True;False;False;False;2840;49.50;45.50;True;False;False;False;1;22.1528478802511;0;22.1528478802511;22.1528478802511
1366;47.50;22.50;True;False;False;False;252;43.50;0.50;False;True;False;False;1;46.8964862767613;0;46.8964862767613;46.8964862767613
1366;47.50;22.50;True;False;False;False;913;42.50;15.50;True;False;False;False;1;11.6504617641428;0;11.6504617641428;11.6504617641428
1368;49.50;22.50;True;False;False;False;1178;51.50;19.50;True;False;False;False;1;7.79444444444445;0;7.79444444444445;7.79444444444445
1368;49.50;22.50;True;False;False;False;2525;54.50;40.50;True;False;False;False;1;20.2033333333317;0;20.2033333333317;20.2033333333317
1369;50.50;22.50;True;False;False;False;44;81.50;23.50;False;False;True;False;1;145.125000000007;0;145.125000000007;145.125000000007
1369;50.50;22.50;True;False;False;False;76;81.50;35.50;False;False;True;False;1;2.32839116004016;0;2.32839116004016;2.32839116004016
1369;50.50;22.50;True;False;False;False;156;0.50;32.50;False;False;True;False;2;113.67485931288;4221.80980582353;67.7302741813137;159.619444444447
1369;50.50;22.50;True;False;False;False;1548;37.50;25.50;True;False;False;False;1;15.3413996782765;0;15.3413996782765;15.3413996782765
1369;50.50;22.50;True;False;False;False;1683;44.50;27.50;True;False;False;False;1;10.8985209161538;0;10.8985209161538;10.8985209161538
1369;50.50;22.50;True;False;False;False;2143;56.50;34.50;True;False;False;False;1;17.2611111111114;0;17.2611111111114;17.2611111111114
1373;54.50;22.50;True;False;False;False;28;81.50;17.50;False;False;True;False;1;75.9117604580752;0;75.9117604580752;75.9117604580752
1373;54.50;22.50;True;False;False;False;60;81.50;29.50;False;False;True;False;1;92.499603255578;0;92.499603255578;92.499603255578
1373;54.50;22.50;True;False;False;False;565;14.50;10.50;True;False;False;False;1;41.0054473782959;0;41.0054473782959;41.0054473782959
1373;54.50;22.50;True;False;False;False;2095;72.50;33.50;True;False;False;False;1;23.9499062085906;0;23.9499062085906;23.9499062085906
1375;56.50;22.50;True;False;False;False;124;0.50;20.50;False;False;True;False;1;58.2222222222208;0;58.2222222222208;58.2222222222208
1375;56.50;22.50;True;False;False;False;284;63.50;0.50;False;True;False;False;1;91.0509379141179;0;91.0509379141179;91.0509379141179
1375;56.50;22.50;True;False;False;False;611;60.50;10.50;True;False;False;False;1;14.7312049025154;0;14.7312049025154;14.7312049025154
1375;56.50;22.50;True;False;False;False;2090;67.50;33.50;True;False;False;False;1;20.1092568616232;0;20.1092568616232;20.1092568616232
1376;57.50;22.50;True;False;False;False;12;81.50;11.50;False;False;True;False;1;164.441666666665;0;164.441666666665;164.441666666665
1376;57.50;22.50;True;False;False;False;204;13.50;0.50;False;True;False;False;1;58.6967676509926;0;58.6967676509926;58.6967676509926
1376;57.50;22.50;True;False;False;False;268;53.50;0.50;False;True;False;False;1;32.9707431383813;0;32.9707431383813;32.9707431383813
1376;57.50;22.50;True;False;False;False;1168;41.50;19.50;True;False;False;False;1;17.0336075146486;0;17.0336075146486;17.0336075146486
1376;57.50;22.50;True;False;False;False;1749;46.50;28.50;True;False;False;False;1;22.6540764717151;0;22.6540764717151;22.6540764717151
1376;57.50;22.50;True;False;False;False;2032;9.50;33.50;True;False;False;False;1;47.0012049025236;0;47.0012049025236;47.0012049025236
1378;59.50;22.50;True;False;False;False;236;33.50;0.50;False;True;False;False;1;60.4023160136353;0;60.4023160136353;60.4023160136353
1378;59.50;22.50;True;False;False;False;268;53.50;0.50;False;True;False;False;1;29.14527418132;0;29.14527418132;29.14527418132
1378;59.50;22.50;True;False;False;False;2055;32.50;33.50;True;False;False;False;1;34.9047258186811;0;34.9047258186811;34.9047258186811
1378;59.50;22.50;True;False;False;False;2458;51.50;39.50;True;False;False;False;1;22.0531457505144;0;22.0531457505144;22.0531457505144
1379;60.50;22.50;True;False;False;False;12;81.50;11.50;False;False;True;False;1;184.941666666675;0;184.941666666675;184.941666666675
1379;60.50;22.50;True;False;False;False;268;53.50;0.50;False;True;False;False;1;37.3215728752498;0;37.3215728752498;37.3215728752498
1379;60.50;22.50;True;False;False;False;945;10.50;16.50;True;False;False;False;1;43.7247114328729;0;43.7247114328729;43.7247114328729
1379;60.50;22.50;True;False;False;False;1550;39.50;25.50;True;False;False;False;1;21.4977777777776;0;21.4977777777776;21.4977777777776
1379;60.50;22.50;True;False;False;False;1745;42.50;28.50;True;False;False;False;1;20.7777777777779;0;20.7777777777779;20.7777777777779
1380;61.50;22.50;True;False;False;False;172;0.50;38.50;False;False;True;False;1;116.544538235858;0;116.544538235858;116.544538235858
1380;61.50;22.50;True;False;False;False;2286;71.50;36.50;True;False;False;False;1;21.0694444444471;0;21.0694444444471;21.0694444444471
1381;62.50;22.50;True;False;False;False;12;81.50;11.50;False;False;True;False;1;170.557316013647;0;170.557316013647;170.557316013647
1381;62.50;22.50;True;False;False;False;268;53.50;0.50;False;True;False;False;1;34.7833333333338;0;34.7833333333338;34.7833333333338
1381;62.50;22.50;True;False;False;False;1520;9.50;25.50;True;False;False;False;1;55.1361111111114;0;55.1361111111114;55.1361111111114
1381;62.50;22.50;True;False;False;False;1739;36.50;28.50;True;False;False;False;1;25.5978715691917;0;25.5978715691917;25.5978715691917
1383;64.50;22.50;True;False;False;False;60;81.50;29.50;False;False;True;False;1;82.4444444444416;0;82.4444444444416;82.4444444444416
1383;64.50;22.50;True;False;False;False;268;53.50;0.50;False;True;False;False;1;54.1524964035389;0;54.1524964035389;54.1524964035389
1383;64.50;22.50;True;False;False;False;284;63.50;0.50;False;True;False;False;1;55.6227777777769;0;55.6227777777769;55.6227777777769
1383;64.50;22.50;True;False;False;False;1494;47.50;24.50;True;False;False;False;1;17.3111111111098;0;17.3111111111098;17.3111111111098
1383;64.50;22.50;True;False;False;False;1523;12.50;25.50;True;False;False;False;1;42.1805555555538;0;42.1805555555538;42.1805555555538
1383;64.50;22.50;True;False;False;False;1555;44.50;25.50;True;False;False;False;1;20.0222222222225;0;20.0222222222225;20.0222222222225
1384;65.50;22.50;True;False;False;False;12;81.50;11.50;False;False;True;False;2;112.822085131561;3944.32317690264;68.4130591520225;157.231111111099
1384;65.50;22.50;True;False;False;False;220;23.50;0.50;False;True;False;False;1;63.0630591520185;0;63.0630591520185;63.0630591520185
1384;65.50;22.50;True;False;False;False;1369;50.50;22.50;True;False;False;False;1;11.6762049025165;0;11.6762049025165;11.6762049025165
1384;65.50;22.50;True;False;False;False;1679;40.50;27.50;True;False;False;False;1;26.811111111107;0;26.811111111107;26.811111111107
1384;65.50;22.50;True;False;False;False;1739;36.50;28.50;True;False;False;False;1;27.6416666666682;0;27.6416666666682;27.6416666666682
1385;66.50;22.50;True;False;False;False;28;81.50;17.50;False;False;True;False;1;104.589812417175;0;104.589812417175;104.589812417175
1385;66.50;22.50;True;False;False;False;284;63.50;0.50;False;True;False;False;1;56.3341702631183;0;56.3341702631183;56.3341702631183
1385;66.50;22.50;True;False;False;False;590;39.50;10.50;True;False;False;False;1;30.3472222222213;0;30.3472222222213;30.3472222222213
1385;66.50;22.50;True;False;False;False;1373;54.50;22.50;True;False;False;False;1;10.6758369297859;0;10.6758369297859;10.6758369297859
1386;67.50;22.50;True;False;False;False;12;81.50;11.50;False;False;True;False;1;65.8605555555578;0;65.8605555555578;65.8605555555578
1386;67.50;22.50;True;False;False;False;44;81.50;23.50;False;False;True;False;1;134.17907647172;0;134.17907647172;134.17907647172
1386;67.50;22.50;True;False;False;False;220;23.50;0.50;False;True;False;False;1;77.0222222222255;0;77.0222222222255;77.0222222222255
1386;67.50;22.50;True;False;False;False;268;53.50;0.50;False;True;False;False;1;36.6685209161578;0;36.6685209161578;36.6685209161578
1386;67.50;22.50;True;False;False;False;937;66.50;15.50;True;False;False;False;1;32.8153679727402;0;32.8153679727402;32.8153679727402
1386;67.50;22.50;True;False;False;False;1325;70.50;21.50;True;False;False;False;1;6.83833333333041;0;6.83833333333041;6.83833333333041
1386;67.50;22.50;True;False;False;False;1492;45.50;24.50;True;False;False;False;1;21.2248124171824;0;21.2248124171824;21.2248124171824
1386;67.50;22.50;True;False;False;False;1548;37.50;25.50;True;False;False;False;1;26.9450937914107;0;26.9450937914107;26.9450937914107
1388;69.50;22.50;True;False;False;False;76;81.50;35.50;False;False;True;False;1;42.9000000000003;0;42.9000000000003;42.9000000000003
1388;69.50;22.50;True;False;False;False;252;43.50;0.50;False;True;False;False;1;44.3111111111116;0;44.3111111111116;44.3111111111116
1388;69.50;22.50;True;False;False;False;268;53.50;0.50;False;True;False;False;1;42.5734127389337;0;42.5734127389337;42.5734127389337
1388;69.50;22.50;True;False;False;False;792;49.50;13.50;True;False;False;False;1;23.1965728752548;0;23.1965728752548;23.1965728752548
1388;69.50;22.50;True;False;False;False;1384;65.50;22.50;True;False;False;False;1;5.93574313838099;0;5.93574313838099;5.93574313838099
1388;69.50;22.50;True;False;False;False;1488;41.50;24.50;True;False;False;False;1;24.4645382358576;0;24.4645382358576;24.4645382358576
1389;70.50;22.50;True;False;False;False;44;81.50;23.50;False;False;True;False;1;95.2138888888931;0;95.2138888888931;95.2138888888931
1389;70.50;22.50;True;False;False;False;60;81.50;29.50;False;False;True;False;1;162.849632027259;0;162.849632027259;162.849632027259
1389;70.50;22.50;True;False;False;False;937;66.50;15.50;True;False;False;False;1;11.6173160136323;0;11.6173160136323;11.6173160136323
1389;70.50;22.50;True;False;False;False;1329;10.50;22.50;True;False;False;False;1;45.0492568616182;0;45.0492568616182;45.0492568616182
1390;71.50;22.50;True;False;False;False;172;0.50;38.50;False;False;True;False;1;85.0416666666647;0;85.0416666666647;85.0416666666647
1390;71.50;22.50;True;False;False;False;284;63.50;0.50;False;True;False;False;2;35.9609740204535;0.650326517726064;35.3907431383864;36.5312049025206
1390;71.50;22.50;True;False;False;False;744;65.50;12.50;True;False;False;False;1;14.6444444444473;0;14.6444444444473;14.6444444444473
1390;71.50;22.50;True;False;False;False;1324;69.50;21.50;True;False;False;False;1;6.21203463939764;0;6.21203463939764;6.21203463939764
1390;71.50;22.50;True;False;False;False;1903;72.50;30.50;True;False;False;False;1;11.0338888888891;0;11.0338888888891;11.0338888888891
1456;9.50;24.50;True;False;False;False;108;0.50;14.50;False;False;True;False;1;156.824350653021;0;156.824350653021;156.824350653021
1456;9.50;24.50;True;False;False;False;1739;36.50;28.50;True;False;False;False;1;24.2166666666653;0;24.2166666666653;24.2166666666653
1457;10.50;24.50;True;False;False;False;140;0.50;26.50;False;False;True;False;1;75.5225901949489;0;75.5225901949489;75.5225901949489
1457;10.50;24.50;True;False;False;False;172;0.50;38.50;False;False;True;False;1;196.953982680315;0;196.953982680315;196.953982680315
1457;10.50;24.50;True;False;False;False;204;13.50;0.50;False;True;False;False;1;58.7506493469691;0;58.7506493469691;58.7506493469691
1457;10.50;24.50;True;False;False;False;1683;44.50;27.50;True;False;False;False;1;32.3913852924243;0;32.3913852924243;32.3913852924243
1457;10.50;24.50;True;False;False;False;1739;36.50;28.50;True;False;False;False;1;26.0966666666682;0;26.0966666666682;26.0966666666682
1457;10.50;24.50;True;False;False;False;2042;19.50;33.50;True;False;False;False;1;24.9783333333337;0;24.9783333333337;24.9783333333337
1458;11.50;24.50;True;False;False;False;188;0.50;44.50;False;False;True;False;1;66.8382395419085;0;66.8382395419085;66.8382395419085
1458;11.50;24.50;True;False;False;False;204;13.50;0.50;False;True;False;False;1;43.6339826803023;0;43.6339826803023;43.6339826803023
1458;11.50;24.50;True;False;False;False;284;63.50;0.50;False;True;False;False;1;105.745093791423;0;105.745093791423;105.745093791423
1458;11.50;24.50;True;False;False;False;1518;71.50;24.50;True;False;False;False;1;52.784538235871;0;52.784538235871;52.784538235871
1458;11.50;24.50;True;False;False;False;1877;46.50;30.50;True;False;False;False;1;44.9333333333334;0;44.9333333333334;44.9333333333334
1458;11.50;24.50;True;False;False;False;2815;24.50;45.50;True;False;False;False;1;27.8765728752542;0;27.8765728752542;27.8765728752542
1462;15.50;24.50;True;False;False;False;108;0.50;14.50;False;False;True;False;2;113.031944444444;2616.25648533902;76.8638888888918;149.199999999996
1462;15.50;24.50;True;False;False;False;548;61.50;9.50;True;False;False;False;1;48.269264054542;0;48.269264054542;48.269264054542
1462;15.50;24.50;True;False;False;False;1166;39.50;19.50;True;False;False;False;1;25.2638888888896;0;25.2638888888896;25.2638888888896
1464;17.50;24.50;True;False;False;False;124;0.50;20.50;False;False;True;False;1;124.877561423174;0;124.877561423174;124.877561423174
1464;17.50;24.50;True;False;False;False;268;53.50;0.50;False;True;False;False;1;59.3999999999974;0;59.3999999999974;59.3999999999974
1464;17.50;24.50;True;False;False;False;927;56.50;15.50;True;False;False;False;1;39.0917604580836;0;39.0917604580836;39.0917604580836
1464;17.50;24.50;True;False;False;False;2039;16.50;33.50;True;False;False;False;1;15.2617604580801;0;15.2617604580801;15.2617604580801
1466;19.50;24.50;True;False;False;False;172;0.50;38.50;False;False;True;False;1;136.132409805054;0;136.132409805054;136.132409805054
1466;19.50;24.50;True;False;False;False;1550;39.50;25.50;True;False;False;False;1;18.5305555555587;0;18.5305555555587;18.5305555555587
1468;21.50;24.50;True;False;False;False;140;0.50;26.50;False;False;True;False;1;69.2944444444438;0;69.2944444444438;69.2944444444438
1468;21.50;24.50;True;False;False;False;1492;45.50;24.50;True;False;False;False;1;19.1632395419238;0;19.1632395419238;19.1632395419238
1471;24.50;24.50;True;False;False;False;1649;10.50;27.50;True;False;False;False;1;15.0737950974765;0;15.0737950974765;15.0737950974765
1472;25.50;24.50;True;False;False;False;220;23.50;0.50;False;True;False;False;1;39.3450937914129;0;39.3450937914129;39.3450937914129
1472;25.50;24.50;True;False;False;False;1769;66.50;28.50;True;False;False;False;1;42.6792640545359;0;42.6792640545359;42.6792640545359
1473;26.50;24.50;True;False;False;False;252;43.50;0.50;False;True;False;False;1;63.5138888888951;0;63.5138888888951;63.5138888888951
1473;26.50;24.50;True;False;False;False;2433;26.50;39.50;True;False;False;False;1;12.0949999999975;0;12.0949999999975;12.0949999999975
1474;27.50;24.50;True;False;False;False;220;23.50;0.50;False;True;False;False;1;44.0833333333335;0;44.0833333333335;44.0833333333335
1474;27.50;24.50;True;False;False;False;1679;40.50;27.50;True;False;False;False;1;15.7972222222222;0;15.7972222222222;15.7972222222222
1476;29.50;24.50;True;False;False;False;60;81.50;29.50;False;False;True;False;1;220.976392485361;0;220.976392485361;220.976392485361
1476;29.50;24.50;True;False;False;False;1085;22.50;18.50;True;False;False;False;1;13.4429653606003;0;13.4429653606003;13.4429653606003
1477;30.50;24.50;True;False;False;False;140;0.50;26.50;False;False;True;False;1;121.789170263113;0;121.789170263113;121.789170263113
1477;30.50;24.50;True;False;False;False;944;9.50;16.50;True;False;False;False;1;23.6944444444425;0;23.6944444444425;23.6944444444425
1478;31.50;24.50;True;False;False;False;124;0.50;20.50;False;False;True;False;1;119.649899015665;0;119.649899015665;119.649899015665
1478;31.50;24.50;True;False;False;False;172;0.50;38.50;False;False;True;False;1;196.106024512621;0;196.106024512621;196.106024512621
1478;31.50;24.50;True;False;False;False;1541;30.50;25.50;True;False;False;False;1;5.61461044850125;0;5.61461044850125;5.61461044850125
1478;31.50;24.50;True;False;False;False;2631;32.50;42.50;True;False;False;False;1;17.6450937914126;0;17.6450937914126;17.6450937914126
1479;32.50;24.50;True;False;False;False;60;81.50;29.50;False;False;True;False;1;154.864538235865;0;154.864538235865;154.864538235865
1479;32.50;24.50;True;False;False;False;188;0.50;44.50;False;False;True;False;1;83.5122222222135;0;83.5122222222135;83.5122222222135
1479;32.50;24.50;True;False;False;False;1163;36.50;19.50;True;False;False;False;1;11.2555555555559;0;11.2555555555559;11.2555555555559
1479;32.50;24.50;True;False;False;False;1546;35.50;25.50;True;False;False;False;1;6.22815294342672;0;6.22815294342672;6.22815294342672
1482;35.50;24.50;True;False;False;False;551;64.50;9.50;True;False;False;False;1;36.7861111111113;0;36.7861111111113;36.7861111111113
1482;35.50;24.50;True;False;False;False;1133;70.50;18.50;True;False;False;False;1;36.2345382358571;0;36.2345382358571;36.2345382358571
1482;35.50;24.50;True;False;False;False;1670;31.50;27.50;True;False;False;False;1;9.46666666666653;0;9.46666666666653;9.46666666666653
1482;35.50;24.50;True;False;False;False;2090;67.50;33.50;True;False;False;False;1;33.8635209161596;0;33.8635209161596;33.8635209161596
1482;35.50;24.50;True;False;False;False;2144;57.50;34.50;True;False;False;False;1;26.2222222222224;0;26.2222222222224;26.2222222222224
1482;35.50;24.50;True;False;False;False;2157;70.50;34.50;True;False;False;False;1;36.4089898731922;0;36.4089898731922;36.4089898731922
1482;35.50;24.50;True;False;False;False;2480;9.50;40.50;True;False;False;False;1;33.5417604580796;0;33.5417604580796;33.5417604580796
1483;36.50;24.50;True;False;False;False;745;66.50;12.50;True;False;False;False;1;36.8928715691895;0;36.8928715691895;36.8928715691895
1483;36.50;24.50;True;False;False;False;1289;34.50;21.50;True;False;False;False;1;8.27925686161893;0;8.27925686161893;8.27925686161893
1483;36.50;24.50;True;False;False;False;1545;34.50;25.50;True;False;False;False;1;6.34166666666653;0;6.34166666666653;6.34166666666653
1483;36.50;24.50;True;False;False;False;1546;35.50;25.50;True;False;False;False;1;4.75555555555593;0;4.75555555555593;4.75555555555593
1483;36.50;24.50;True;False;False;False;1649;10.50;27.50;True;False;False;False;1;24.4700937914126;0;24.4700937914126;24.4700937914126
1483;36.50;24.50;True;False;False;False;1713;10.50;28.50;True;False;False;False;1;24.0178715691907;0;24.0178715691907;24.0178715691907
1483;36.50;24.50;True;False;False;False;1730;27.50;28.50;True;False;False;False;1;12.9416666666669;0;12.9416666666669;12.9416666666669
1483;36.50;24.50;True;False;False;False;1926;31.50;31.50;True;False;False;False;1;12.2916666666667;0;12.2916666666667;12.2916666666667
1483;36.50;24.50;True;False;False;False;2088;65.50;33.50;True;False;False;False;1;30.533333333334;0;30.533333333334;30.533333333334
1483;36.50;24.50;True;False;False;False;2089;66.50;33.50;True;False;False;False;1;29.9963058868339;0;29.9963058868339;29.9963058868339
1483;36.50;24.50;True;False;False;False;2244;29.50;36.50;True;False;False;False;1;16.4111111111117;0;16.4111111111117;16.4111111111117
1483;36.50;24.50;True;False;False;False;2288;9.50;37.50;True;False;False;False;1;32.9318542494924;0;32.9318542494924;32.9318542494924
1483;36.50;24.50;True;False;False;False;2304;25.50;37.50;True;False;False;False;1;21.3805555555559;0;21.3805555555559;21.3805555555559
1483;36.50;24.50;True;False;False;False;2615;16.50;42.50;True;False;False;False;1;29.3912699222444;0;29.3912699222444;29.3912699222444
1484;37.50;24.50;True;False;False;False;252;43.50;0.50;False;True;False;False;1;32.5756493469653;0;32.5756493469653;32.5756493469653
1484;37.50;24.50;True;False;False;False;2298;19.50;37.50;True;False;False;False;1;25.2484271247386;0;25.2484271247386;25.2484271247386
1486;39.50;24.50;True;False;False;False;108;0.50;14.50;False;False;True;False;1;221.947222222213;0;221.947222222213;221.947222222213
1486;39.50;24.50;True;False;False;False;695;16.50;12.50;True;False;False;False;1;33.0249999999999;0;33.0249999999999;33.0249999999999
1486;39.50;24.50;True;False;False;False;764;21.50;13.50;True;False;False;False;1;25.9439611015316;0;25.9439611015316;25.9439611015316
1486;39.50;24.50;True;False;False;False;1072;9.50;18.50;True;False;False;False;1;29.2777777777781;0;29.2777777777781;29.2777777777781
1486;39.50;24.50;True;False;False;False;1304;49.50;21.50;True;False;False;False;1;13.7694444444446;0;13.7694444444446;13.7694444444446
1486;39.50;24.50;True;False;False;False;1478;31.50;24.50;True;False;False;False;1;21.6055555555558;0;21.6055555555558;21.6055555555558
1486;39.50;24.50;True;False;False;False;1530;19.50;25.50;True;False;False;False;1;18.1333333333332;0;18.1333333333332;18.1333333333332
1486;39.50;24.50;True;False;False;False;1531;20.50;25.50;True;False;False;False;1;18.1027777777781;0;18.1027777777781;18.1027777777781
1486;39.50;24.50;True;False;False;False;1548;37.50;25.50;True;False;False;False;1;25.5573160136344;0;25.5573160136344;25.5573160136344
1486;39.50;24.50;True;False;False;False;1555;44.50;25.50;True;False;False;False;1;8.84259019495198;0;8.84259019495198;8.84259019495198
1486;39.50;24.50;True;False;False;False;1691;52.50;27.50;True;False;False;False;1;14.5522944348645;0;14.5522944348645;14.5522944348645
1486;39.50;24.50;True;False;False;False;1703;64.50;27.50;True;False;False;False;1;26.4829725535276;0;26.4829725535276;26.4829725535276
1486;39.50;24.50;True;False;False;False;1715;12.50;28.50;True;False;False;False;1;30.1861111111114;0;30.1861111111114;30.1861111111114
1486;39.50;24.50;True;False;False;False;1735;32.50;28.50;True;False;False;False;1;12.1569264621364;0;12.1569264621364;12.1569264621364
1486;39.50;24.50;True;False;False;False;1900;69.50;30.50;True;False;False;False;1;28.2634271247458;0;28.2634271247458;28.2634271247458
1486;39.50;24.50;True;False;False;False;1903;72.50;30.50;True;False;False;False;1;33.5444444444449;0;33.5444444444449;33.5444444444449
1486;39.50;24.50;True;False;False;False;2038;15.50;33.50;True;False;False;False;1;27.2666666666673;0;27.2666666666673;27.2666666666673
1486;39.50;24.50;True;False;False;False;2444;37.50;39.50;True;False;False;False;1;15.9638888888885;0;15.9638888888885;15.9638888888885
1486;39.50;24.50;True;False;False;False;2503;32.50;40.50;True;False;False;False;1;19.6168326707223;0;19.6168326707223;19.6168326707223
1486;39.50;24.50;True;False;False;False;2833;42.50;45.50;True;False;False;False;1;21.1834271247462;0;21.1834271247462;21.1834271247462
1488;41.50;24.50;True;False;False;False;140;0.50;26.50;False;False;True;False;1;141.801767651002;0;141.801767651002;141.801767651002
1488;41.50;24.50;True;False;False;False;546;59.50;9.50;True;False;False;False;1;26.9359307212044;0;26.9359307212044;26.9359307212044
1488;41.50;24.50;True;False;False;False;559;72.50;9.50;True;False;False;False;1;38.0977777777782;0;38.0977777777782;38.0977777777782
1488;41.50;24.50;True;False;False;False;562;11.50;10.50;True;False;False;False;1;37.0668470565734;0;37.0668470565734;37.0668470565734
1488;41.50;24.50;True;False;False;False;600;49.50;10.50;True;False;False;False;1;19.8321356237307;0;19.8321356237307;19.8321356237307
1488;41.50;24.50;True;False;False;False;719;40.50;12.50;True;False;False;False;1;13.2894444444473;0;13.2894444444473;13.2894444444473
1488;41.50;24.50;True;False;False;False;741;62.50;12.50;True;False;False;False;1;26.2842856333116;0;26.2842856333116;26.2842856333116
1488;41.50;24.50;True;False;False;False;748;69.50;12.50;True;False;False;False;1;33.2854617641424;0;33.2854617641424;33.2854617641424
1488;41.50;24.50;True;False;False;False;783;40.50;13.50;True;False;False;False;1;12.7728715691928;0;12.7728715691928;12.7728715691928
1488;41.50;24.50;True;False;False;False;815;72.50;13.50;True;False;False;False;1;33.1973160136355;0;33.1973160136355;33.1973160136355
1488;41.50;24.50;True;False;False;False;901;30.50;15.50;True;False;False;False;1;17.6284271247459;0;17.6284271247459;17.6284271247459
1488;41.50;24.50;True;False;False;False;918;47.50;15.50;True;False;False;False;1;13.8639826803034;0;13.8639826803034;13.8639826803034
1488;41.50;24.50;True;False;False;False;944;9.50;16.50;True;False;False;False;1;30.685555555556;0;30.685555555556;30.685555555556
1488;41.50;24.50;True;False;False;False;981;46.50;16.50;True;False;False;False;1;13.3300937914137;0;13.3300937914137;13.3300937914137
1488;41.50;24.50;True;False;False;False;1005;70.50;16.50;True;False;False;False;1;34.1235209161632;0;34.1235209161632;34.1235209161632
1488;41.50;24.50;True;False;False;False;1142;15.50;19.50;True;False;False;False;1;33.2111111111117;0;33.2111111111117;33.2111111111117
1488;41.50;24.50;True;False;False;False;1192;65.50;19.50;True;False;False;False;1;23.5851588111329;0;23.5851588111329;23.5851588111329
1488;41.50;24.50;True;False;False;False;1301;46.50;21.50;True;False;False;False;1;9.92370130606378;0;9.92370130606378;9.92370130606378
1488;41.50;24.50;True;False;False;False;1326;71.50;21.50;True;False;False;False;1;28.2882395419247;0;28.2882395419247;28.2882395419247
1488;41.50;24.50;True;False;False;False;1350;31.50;22.50;True;False;False;False;1;12.3299062085869;0;12.3299062085869;12.3299062085869
1488;41.50;24.50;True;False;False;False;1369;50.50;22.50;True;False;False;False;1;11.5583333333329;0;11.5583333333329;11.5583333333329
1488;41.50;24.50;True;False;False;False;1388;69.50;22.50;True;False;False;False;1;24.2745166570871;0;24.2745166570871;24.2745166570871
1488;41.50;24.50;True;False;False;False;1499;52.50;24.50;True;False;False;False;2;9.85796176414544;0.203614999448241;9.53888888888946;10.1770346394014
1488;41.50;24.50;True;False;False;False;1507;60.50;24.50;True;False;False;False;1;16.3256493469671;0;16.3256493469671;16.3256493469671
1488;41.50;24.50;True;False;False;False;1576;65.50;25.50;True;False;False;False;1;21.8076839863661;0;21.8076839863661;21.8076839863661
1488;41.50;24.50;True;False;False;False;1709;70.50;27.50;True;False;False;False;1;25.6144444444481;0;25.6144444444481;25.6144444444481
1488;41.50;24.50;True;False;False;False;1711;72.50;27.50;True;False;False;False;1;26.8638888888927;0;26.8638888888927;26.8638888888927
1488;41.50;24.50;True;False;False;False;1732;29.50;28.50;True;False;False;False;1;15.7894444444437;0;15.7894444444437;15.7894444444437
1488;41.50;24.50;True;False;False;False;1762;59.50;28.50;True;False;False;False;1;19.5178715691873;0;19.5178715691873;19.5178715691873
1488;41.50;24.50;True;False;False;False;1855;24.50;30.50;True;False;False;False;1;19.9173160136379;0;19.9173160136379;19.9173160136379
1488;41.50;24.50;True;False;False;False;1896;65.50;30.50;True;False;False;False;1;24.788982680303;0;24.788982680303;24.788982680303
1488;41.50;24.50;True;False;False;False;1916;21.50;31.50;True;False;False;False;1;22.1707431383818;0;22.1707431383818;22.1707431383818
1488;41.50;24.50;True;False;False;False;2094;71.50;33.50;True;False;False;False;1;29.5765728752539;0;29.5765728752539;29.5765728752539
1488;41.50;24.50;True;False;False;False;2232;17.50;36.50;True;False;False;False;1;28.7049062085907;0;28.7049062085907;28.7049062085907
1488;41.50;24.50;True;False;False;False;2270;55.50;36.50;True;False;False;False;1;22.3661111111105;0;22.3661111111105;22.3661111111105
1488;41.50;24.50;True;False;False;False;2290;11.50;37.50;True;False;False;False;1;35.3456493469703;0;35.3456493469703;35.3456493469703
1488;41.50;24.50;True;False;False;False;2426;19.50;39.50;True;False;False;False;1;29.0905555555537;0;29.0905555555537;29.0905555555537
1488;41.50;24.50;True;False;False;False;2527;56.50;40.50;True;False;False;False;1;24.3990764717146;0;24.3990764717146;24.3990764717146
1488;41.50;24.50;True;False;False;False;2541;70.50;40.50;True;False;False;False;1;36.4921284308157;0;36.4921284308157;36.4921284308157
1488;41.50;24.50;True;False;False;False;2714;51.50;43.50;True;False;False;False;1;25.0805555555556;0;25.0805555555556;25.0805555555556
1488;41.50;24.50;True;False;False;False;2732;69.50;43.50;True;False;False;False;1;38.6179725535264;0;38.6179725535264;38.6179725535264
1488;41.50;24.50;True;False;False;False;2856;65.50;45.50;True;False;False;False;1;37.6284271247464;0;37.6284271247464;37.6284271247464
1489;42.50;24.50;True;False;False;False;108;0.50;14.50;False;False;True;False;1;167.133795097483;0;167.133795097483;167.133795097483
1489;42.50;24.50;True;False;False;False;2515;44.50;40.50;True;False;False;False;1;17.6611111111156;0;17.6611111111156;17.6611111111156
1492;45.50;24.50;True;False;False;False;108;0.50;14.50;False;False;True;False;1;155.070743138376;0;155.070743138376;155.070743138376
1492;45.50;24.50;True;False;False;False;565;14.50;10.50;True;False;False;False;1;36.4812049025259;0;36.4812049025259;36.4812049025259
1492;45.50;24.50;True;False;False;False;597;46.50;10.50;True;False;False;False;1;19.0888888888894;0;19.0888888888894;19.0888888888894
1492;45.50;24.50;True;False;False;False;600;49.50;10.50;True;False;False;False;1;16.7361111110972;0;16.7361111110972;16.7361111110972
1492;45.50;24.50;True;False;False;False;726;47.50;12.50;True;False;False;False;1;14.5161111111129;0;14.5161111111129;14.5161111111129
1492;45.50;24.50;True;False;False;False;880;9.50;15.50;True;False;False;False;1;37.08009379141;0;37.08009379141;37.08009379141
1492;45.50;24.50;True;False;False;False;890;19.50;15.50;True;False;False;False;1;32.5589826803043;0;32.5589826803043;32.5589826803043
1492;45.50;24.50;True;False;False;False;938;67.50;15.50;True;False;False;False;1;24.1649062085844;0;24.1649062085844;24.1649062085844
1492;45.50;24.50;True;False;False;False;941;70.50;15.50;True;False;False;False;1;26.3321284308095;0;26.3321284308095;26.3321284308095
1492;45.50;24.50;True;False;False;False;951;16.50;16.50;True;False;False;False;1;29.5718542495024;0;29.5718542495024;29.5718542495024
1492;45.50;24.50;True;False;False;False;979;44.50;16.50;True;False;False;False;1;10.1222222222186;0;10.1222222222186;10.1222222222186
1492;45.50;24.50;True;False;False;False;1000;65.50;16.50;True;False;False;False;1;23.9123160136369;0;23.9123160136369;23.9123160136369
1492;45.50;24.50;True;False;False;False;1118;55.50;18.50;True;False;False;False;1;14.7361111111131;0;14.7361111111131;14.7361111111131
1492;45.50;24.50;True;False;False;False;1173;46.50;19.50;True;False;False;False;1;8.84166666666897;0;8.84166666666897;8.84166666666897
1492;45.50;24.50;True;False;False;False;1188;61.50;19.50;True;False;False;False;1;17.7305555555567;0;17.7305555555567;17.7305555555567
1492;45.50;24.50;True;False;False;False;1192;65.50;19.50;True;False;False;False;1;21.6218542495026;0;21.6218542495026;21.6218542495026
1492;45.50;24.50;True;False;False;False;1302;47.50;21.50;True;False;False;False;1;12.1583333333338;0;12.1583333333338;12.1583333333338
1492;45.50;24.50;True;False;False;False;1457;10.50;24.50;True;False;False;False;1;27.769444444446;0;27.769444444446;27.769444444446
1492;45.50;24.50;True;False;False;False;1502;55.50;24.50;True;False;False;False;1;9.04722222222335;0;9.04722222222335;9.04722222222335
1492;45.50;24.50;True;False;False;False;1683;44.50;27.50;True;False;False;False;1;6.68611111111113;0;6.68611111111113;6.68611111111113
1492;45.50;24.50;True;False;False;False;1705;66.50;27.50;True;False;False;False;1;20.4633333333295;0;20.4633333333295;20.4633333333295
1492;45.50;24.50;True;False;False;False;1711;72.50;27.50;True;False;False;False;1;24.8416666666672;0;24.8416666666672;24.8416666666672
1492;45.50;24.50;True;False;False;False;1733;30.50;28.50;True;False;False;False;1;19.4604617641439;0;19.4604617641439;19.4604617641439
1492;45.50;24.50;True;False;False;False;1764;61.50;28.50;True;False;False;False;1;17.8372222222206;0;17.8372222222206;17.8372222222206
1492;45.50;24.50;True;False;False;False;1845;14.50;30.50;True;False;False;False;1;34.7339826803;0;34.7339826803;34.7339826803
1492;45.50;24.50;True;False;False;False;2037;14.50;33.50;True;False;False;False;1;36.2200937914122;0;36.2200937914122;36.2200937914122
1492;45.50;24.50;True;False;False;False;2235;20.50;36.50;True;False;False;False;1;34.6656421540538;0;34.6656421540538;34.6656421540538
1492;45.50;24.50;True;False;False;False;2272;57.50;36.50;True;False;False;False;1;22.3305555555553;0;22.3305555555553;22.3305555555553
1492;45.50;24.50;True;False;False;False;2630;31.50;42.50;True;False;False;False;1;28.2616666666668;0;28.2616666666668;28.2616666666668
1492;45.50;24.50;True;False;False;False;2720;57.50;43.50;True;False;False;False;1;24.7249999999972;0;24.7249999999972;24.7249999999972
1492;45.50;24.50;True;False;False;False;2802;11.50;45.50;True;False;False;False;1;43.9386075146494;0;43.9386075146494;43.9386075146494
1493;46.50;24.50;True;False;False;False;252;43.50;0.50;False;True;False;False;1;40.4222222222223;0;40.4222222222223;40.4222222222223
1493;46.50;24.50;True;False;False;False;533;46.50;9.50;True;False;False;False;1;18.3500000000001;0;18.3500000000001;18.3500000000001
1493;46.50;24.50;True;False;False;False;888;17.50;15.50;True;False;False;False;1;34.7866666666671;0;34.7866666666671;34.7866666666671
1493;46.50;24.50;True;False;False;False;941;70.50;15.50;True;False;False;False;1;25.9137084989839;0;25.9137084989839;25.9137084989839
1493;46.50;24.50;True;False;False;False;1192;65.50;19.50;True;False;False;False;1;20.4817604580797;0;20.4817604580797;20.4817604580797
1493;46.50;24.50;True;False;False;False;1906;11.50;31.50;True;False;False;False;1;33.919444444442;0;33.919444444442;33.919444444442
1493;46.50;24.50;True;False;False;False;1916;21.50;31.50;True;False;False;False;1;26.4643506530323;0;26.4643506530323;26.4643506530323
1493;46.50;24.50;True;False;False;False;2118;31.50;34.50;True;False;False;False;1;22.5083333333339;0;22.5083333333339;22.5083333333339
1493;46.50;24.50;True;False;False;False;2128;41.50;34.50;True;False;False;False;1;15.4194444444444;0;15.4194444444444;15.4194444444444
1494;47.50;24.50;True;False;False;False;12;81.50;11.50;False;False;True;False;1;93.7500000000002;0;93.7500000000002;93.7500000000002
1494;47.50;24.50;True;False;False;False;108;0.50;14.50;False;False;True;False;1;138.311111111102;0;138.311111111102;138.311111111102
1494;47.50;24.50;True;False;False;False;140;0.50;26.50;False;False;True;False;1;113.678333333324;0;113.678333333324;113.678333333324
1494;47.50;24.50;True;False;False;False;1001;66.50;16.50;True;False;False;False;1;22.777777777776;0;22.777777777776;22.777777777776
1494;47.50;24.50;True;False;False;False;1196;69.50;19.50;True;False;False;False;1;22.37287156919;0;22.37287156919;22.37287156919
1494;47.50;24.50;True;False;False;False;2267;52.50;36.50;True;False;False;False;1;15.597871569194;0;15.597871569194;15.597871569194
1496;49.50;24.50;True;False;False;False;284;63.50;0.50;False;True;False;False;1;43.6009379141155;0;43.6009379141155;43.6009379141155
1496;49.50;24.50;True;False;False;False;2151;64.50;34.50;True;False;False;False;1;21.2250000000017;0;21.2250000000017;21.2250000000017
1497;50.50;24.50;True;False;False;False;44;81.50;23.50;False;False;True;False;1;72.3825035964637;0;72.3825035964637;72.3825035964637
1497;50.50;24.50;True;False;False;False;60;81.50;29.50;False;False;True;False;1;154.851854249493;0;154.851854249493;154.851854249493
1497;50.50;24.50;True;False;False;False;284;63.50;0.50;False;True;False;False;1;43.1333333333432;0;43.1333333333432;43.1333333333432
1497;50.50;24.50;True;False;False;False;709;30.50;12.50;True;False;False;False;1;26.2172222222234;0;26.2172222222234;26.2172222222234
1497;50.50;24.50;True;False;False;False;1857;26.50;30.50;True;False;False;False;1;24.1583333333338;0;24.1583333333338;24.1583333333338
1499;52.50;24.50;True;False;False;False;44;81.50;23.50;False;False;True;False;1;185.151948040906;0;185.151948040906;185.151948040906
1499;52.50;24.50;True;False;False;False;124;0.50;20.50;False;False;True;False;1;68.3999062085886;0;68.3999062085886;68.3999062085886
1499;52.50;24.50;True;False;False;False;1853;22.50;30.50;True;False;False;False;1;28.6388888888894;0;28.6388888888894;28.6388888888894
1499;52.50;24.50;True;False;False;False;2665;66.50;42.50;True;False;False;False;1;26.1867604580821;0;26.1867604580821;26.1867604580821
1501;54.50;24.50;True;False;False;False;44;81.50;23.50;False;False;True;False;1;98.3076839863743;0;98.3076839863743;98.3076839863743
1501;54.50;24.50;True;False;False;False;1739;36.50;28.50;True;False;False;False;1;24.438701306055;0;24.438701306055;24.438701306055
1502;55.50;24.50;True;False;False;False;44;81.50;23.50;False;False;True;False;1;103.239444444452;0;103.239444444452;103.239444444452
1502;55.50;24.50;True;False;False;False;268;53.50;0.50;False;True;False;False;1;40.9560173196905;0;40.9560173196905;40.9560173196905
1502;55.50;24.50;True;False;False;False;1285;30.50;21.50;True;False;False;False;1;23.2885209161632;0;23.2885209161632;23.2885209161632
1502;55.50;24.50;True;False;False;False;1743;40.50;28.50;True;False;False;False;1;18.8099999999959;0;18.8099999999959;18.8099999999959
1503;56.50;24.50;True;False;False;False;124;0.50;20.50;False;False;True;False;2;138.79819624268;9689.36452878083;69.1944444444444;208.401948040916
1503;56.50;24.50;True;False;False;False;1683;44.50;27.50;True;False;False;False;1;14.7786075146523;0;14.7786075146523;14.7786075146523
1503;56.50;24.50;True;False;False;False;2032;9.50;33.50;True;False;False;False;1;46.4312049025243;0;46.4312049025243;46.4312049025243
1504;57.50;24.50;True;False;False;False;12;81.50;11.50;False;False;True;False;1;204.022871569197;0;204.022871569197;204.022871569197
1504;57.50;24.50;True;False;False;False;1379;60.50;22.50;True;False;False;False;1;7.62287156919047;0;7.62287156919047;7.62287156919047
1507;60.50;24.50;True;False;False;False;76;81.50;35.50;False;False;True;False;1;52.9944444444473;0;52.9944444444473;52.9944444444473
1507;60.50;24.50;True;False;False;False;284;63.50;0.50;False;True;False;False;1;39.5916666666662;0;39.5916666666662;39.5916666666662
1507;60.50;24.50;True;False;False;False;1386;67.50;22.50;True;False;False;False;1;16.6527777777856;0;16.6527777777856;16.6527777777856
1507;60.50;24.50;True;False;False;False;1709;70.50;27.50;True;False;False;False;1;13.2004617641555;0;13.2004617641555;13.2004617641555
1509;62.50;24.50;True;False;False;False;12;81.50;11.50;False;False;True;False;2;172.950418464885;1202.6561185726;148.428427124737;197.472409805033
1509;62.50;24.50;True;False;False;False;923;52.50;15.50;True;False;False;False;1;17.5076839863659;0;17.5076839863659;17.5076839863659
1509;62.50;24.50;True;False;False;False;2669;70.50;42.50;True;False;False;False;1;22.4920346394001;0;22.4920346394001;22.4920346394001
1512;65.50;24.50;True;False;False;False;268;53.50;0.50;False;True;False;False;1;39.384711432876;0;39.384711432876;39.384711432876
1512;65.50;24.50;True;False;False;False;284;63.50;0.50;False;True;False;False;1;44.9418470565724;0;44.9418470565724;44.9418470565724
1512;65.50;24.50;True;False;False;False;1551;40.50;25.50;True;False;False;False;1;21.1673160136347;0;21.1673160136347;21.1673160136347
1512;65.50;24.50;True;False;False;False;1773;70.50;28.50;True;False;False;False;1;10.0833333333335;0;10.0833333333335;10.0833333333335
1513;66.50;24.50;True;False;False;False;284;63.50;0.50;False;True;False;False;1;43.9527777777666;0;43.9527777777666;43.9527777777666
1513;66.50;24.50;True;False;False;False;2471;64.50;39.50;True;False;False;False;1;15.2632395419078;0;15.2632395419078;15.2632395419078
1514;67.50;24.50;True;False;False;False;76;81.50;35.50;False;False;True;False;1;222.564444444441;0;222.564444444441;222.564444444441
1514;67.50;24.50;True;False;False;False;284;63.50;0.50;False;True;False;False;1;32.6799062085865;0;32.6799062085865;32.6799062085865
1514;67.50;24.50;True;False;False;False;1748;45.50;28.50;True;False;False;False;1;21.4395382358557;0;21.4395382358557;21.4395382358557
1514;67.50;24.50;True;False;False;False;1957;62.50;31.50;True;False;False;False;1;12.3564790838432;0;12.3564790838432;12.3564790838432
1517;70.50;24.50;True;False;False;False;60;81.50;29.50;False;False;True;False;1;55.0284271247483;0;55.0284271247483;55.0284271247483
1517;70.50;24.50;True;False;False;False;76;81.50;35.50;False;False;True;False;1;132.020367972733;0;132.020367972733;132.020367972733
1517;70.50;24.50;True;False;False;False;92;81.50;41.50;False;False;True;False;1;225.609451637376;0;225.609451637376;225.609451637376
1517;70.50;24.50;True;False;False;False;1578;67.50;25.50;True;False;False;False;1;6.25620490252459;0;6.25620490252459;6.25620490252459
1517;70.50;24.50;True;False;False;False;1775;72.50;28.50;True;False;False;False;1;7.73554836266158;0;7.73554836266158;7.73554836266158
1518;71.50;24.50;True;False;False;False;60;81.50;29.50;False;False;True;False;1;99.3277777777753;0;99.3277777777753;99.3277777777753
1518;71.50;24.50;True;False;False;False;204;13.50;0.50;False;True;False;False;1;70.4053751656502;0;70.4053751656502;70.4053751656502
1518;71.50;24.50;True;False;False;False;284;63.50;0.50;False;True;False;False;1;52.2849999999989;0;52.2849999999989;52.2849999999989
1518;71.50;24.50;True;False;False;False;1456;9.50;24.50;True;False;False;False;1;45.4478715691976;0;45.4478715691976;45.4478715691976
1518;71.50;24.50;True;False;False;False;2530;59.50;40.50;True;False;False;False;1;23.0993506530294;0;23.0993506530294;23.0993506530294
1518;71.50;24.50;True;False;False;False;2735;72.50;43.50;True;False;False;False;1;17.8151875828216;0;17.8151875828216;17.8151875828216
1519;72.50;24.50;True;False;False;False;252;43.50;0.50;False;True;False;False;1;52.2895382358552;0;52.2895382358552;52.2895382358552
1519;72.50;24.50;True;False;False;False;1488;41.50;24.50;True;False;False;False;1;32.0212986939368;0;32.0212986939368;32.0212986939368
1519;72.50;24.50;True;False;False;False;2468;61.50;39.50;True;False;False;False;1;22.1972222222294;0;22.1972222222294;22.1972222222294
1520;9.50;25.50;True;False;False;False;124;0.50;20.50;False;False;True;False;1;90.0194444444496;0;90.0194444444496;90.0194444444496
1520;9.50;25.50;True;False;False;False;172;0.50;38.50;False;False;True;False;1;97.2929653606143;0;97.2929653606143;97.2929653606143
1520;9.50;25.50;True;False;False;False;220;23.50;0.50;False;True;False;False;1;41.9593434601081;0;41.9593434601081;41.9593434601081
1520;9.50;25.50;True;False;False;False;284;63.50;0.50;False;True;False;False;1;68.1812049025245;0;68.1812049025245;68.1812049025245
1520;9.50;25.50;True;False;False;False;583;32.50;10.50;True;False;False;False;1;29.5950937914126;0;29.5950937914126;29.5950937914126
1520;9.50;25.50;True;False;False;False;1281;26.50;21.50;True;False;False;False;1;18.3999062085986;0;18.3999062085986;18.3999062085986
1520;9.50;25.50;True;False;False;False;1304;49.50;21.50;True;False;False;False;1;38.13055555556;0;38.13055555556;38.13055555556
1520;9.50;25.50;True;False;False;False;1744;41.50;28.50;True;False;False;False;1;28.1121068520383;0;28.1121068520383;28.1121068520383
1521;10.50;25.50;True;False;False;False;204;13.50;0.50;False;True;False;False;2;44.746295097478;1.6714013888873;43.8321284308117;45.6604617641442
1521;10.50;25.50;True;False;False;False;236;33.50;0.50;False;True;False;False;1;51.7722222222174;0;51.7722222222174;51.7722222222174
1521;10.50;25.50;True;False;False;False;1356;37.50;22.50;True;False;False;False;1;23.6661111111125;0;23.6661111111125;23.6661111111125
1521;10.50;25.50;True;False;False;False;1905;10.50;31.50;True;False;False;False;1;10.0888888888894;0;10.0888888888894;10.0888888888894
1521;10.50;25.50;True;False;False;False;2121;34.50;34.50;True;False;False;False;1;26.1351947757225;0;26.1351947757225;26.1351947757225
1522;11.50;25.50;True;False;False;False;236;33.50;0.50;False;True;False;False;2;49.8800468957028;0.0161831219423973;49.7900937914139;49.9699999999916
1522;11.50;25.50;True;False;False;False;949;14.50;16.50;True;False;False;False;1;12.5694444444434;0;12.5694444444434;12.5694444444434
1522;11.50;25.50;True;False;False;False;1486;39.50;24.50;True;False;False;False;1;23.3966666666663;0;23.3966666666663;23.3966666666663
1523;12.50;25.50;True;False;False;False;284;63.50;0.50;False;True;False;False;1;69.5664790838478;0;69.5664790838478;69.5664790838478
1523;12.50;25.50;True;False;False;False;2240;25.50;36.50;True;False;False;False;1;21.2801803899188;0;21.2801803899188;21.2801803899188
1528;17.50;25.50;True;False;False;False;156;0.50;32.50;False;False;True;False;1;136.044538235868;0;136.044538235868;136.044538235868
1528;17.50;25.50;True;False;False;False;1959;64.50;31.50;True;False;False;False;1;42.6645382358565;0;42.6645382358565;42.6645382358565
1530;19.50;25.50;True;False;False;False;92;81.50;41.50;False;False;True;False;1;78.67352091616;0;78.67352091616;78.67352091616
1530;19.50;25.50;True;False;False;False;204;13.50;0.50;False;True;False;False;1;32.3449999999975;0;32.3449999999975;32.3449999999975
1530;19.50;25.50;True;False;False;False;220;23.50;0.50;False;True;False;False;1;42.5944444444447;0;42.5944444444447;42.5944444444447
1530;19.50;25.50;True;False;False;False;1084;21.50;18.50;True;False;False;False;1;10.2719696196766;0;10.2719696196766;10.2719696196766
1530;19.50;25.50;True;False;False;False;1129;66.50;18.50;True;False;False;False;1;42.5518614423863;0;42.5518614423863;42.5518614423863
1530;19.50;25.50;True;False;False;False;1655;16.50;27.50;True;False;False;False;1;7.98888888888928;0;7.98888888888928;7.98888888888928
1531;20.50;25.50;True;False;False;False;124;0.50;20.50;False;False;True;False;1;86.8750937914129;0;86.8750937914129;86.8750937914129
1531;20.50;25.50;True;False;False;False;172;0.50;38.50;False;False;True;False;1;133.659596062655;0;133.659596062655;133.659596062655
1531;20.50;25.50;True;False;False;False;1548;37.50;25.50;True;False;False;False;1;14.5449999999993;0;14.5449999999993;14.5449999999993
1531;20.50;25.50;True;False;False;False;2608;9.50;42.50;True;False;False;False;1;23.593722884832;0;23.593722884832;23.593722884832
1537;26.50;25.50;True;False;False;False;108;0.50;14.50;False;False;True;False;1;183.560649346962;0;183.560649346962;183.560649346962
1537;26.50;25.50;True;False;False;False;2055;32.50;33.50;True;False;False;False;1;14.2951875828035;0;14.2951875828035;14.2951875828035
1538;27.50;25.50;True;False;False;False;236;33.50;0.50;False;True;False;False;1;32.9972222222086;0;32.9972222222086;32.9972222222086
1538;27.50;25.50;True;False;False;False;1738;35.50;28.50;True;False;False;False;1;14.7993506530311;0;14.7993506530311;14.7993506530311
1540;29.50;25.50;True;False;False;False;76;81.50;35.50;False;False;True;False;1;56.5867604580872;0;56.5867604580872;56.5867604580872
1540;29.50;25.50;True;False;False;False;92;81.50;41.50;False;False;True;False;1;80.5339826802951;0;80.5339826802951;80.5339826802951
1540;29.50;25.50;True;False;False;False;172;0.50;38.50;False;False;True;False;1;152.464538235855;0;152.464538235855;152.464538235855
1540;29.50;25.50;True;False;False;False;284;63.50;0.50;False;True;False;False;1;67.1270202535488;0;67.1270202535488;67.1270202535488
1540;29.50;25.50;True;False;False;False;886;15.50;15.50;True;False;False;False;1;20.5993506530335;0;20.5993506530335;20.5993506530335
1540;29.50;25.50;True;False;False;False;1748;45.50;28.50;True;False;False;False;1;18.9805555555549;0;18.9805555555549;18.9805555555549
1540;29.50;25.50;True;False;False;False;2608;9.50;42.50;True;False;False;False;1;29.3500000000022;0;29.3500000000022;29.3500000000022
1540;29.50;25.50;True;False;False;False;2910;55.50;46.50;True;False;False;False;1;38.4360173196992;0;38.4360173196992;38.4360173196992
1541;30.50;25.50;True;False;False;False;236;33.50;0.50;False;True;False;False;1;34.5441702631276;0;34.5441702631276;34.5441702631276
1541;30.50;25.50;True;False;False;False;268;53.50;0.50;False;True;False;False;1;48.2401803899052;0;48.2401803899052;48.2401803899052
1541;30.50;25.50;True;False;False;False;1112;49.50;18.50;True;False;False;False;1;21.1287013060632;0;21.1287013060632;21.1287013060632
1541;30.50;25.50;True;False;False;False;1744;41.50;28.50;True;False;False;False;1;14.2944444444445;0;14.2944444444445;14.2944444444445
1542;31.50;25.50;True;False;False;False;124;0.50;20.50;False;False;True;False;1;82.0750000000035;0;82.0750000000035;82.0750000000035
1542;31.50;25.50;True;False;False;False;156;0.50;32.50;False;False;True;False;1;131.14074313839;0;131.14074313839;131.14074313839
1542;31.50;25.50;True;False;False;False;236;33.50;0.50;False;True;False;False;1;50.061111111113;0;50.061111111113;50.061111111113
1542;31.50;25.50;True;False;False;False;1285;30.50;21.50;True;False;False;False;1;7.08333333333303;0;7.08333333333303;7.08333333333303
1542;31.50;25.50;True;False;False;False;1353;34.50;22.50;True;False;False;False;1;8.51944444444234;0;8.51944444444234;8.51944444444234
1542;31.50;25.50;True;False;False;False;2032;9.50;33.50;True;False;False;False;1;25.4343506530304;0;25.4343506530304;25.4343506530304
1543;32.50;25.50;True;False;False;False;284;63.50;0.50;False;True;False;False;1;55.6938888888881;0;55.6938888888881;55.6938888888881
1543;32.50;25.50;True;False;False;False;757;14.50;13.50;True;False;False;False;1;24.4944444444436;0;24.4944444444436;24.4944444444436
1545;34.50;25.50;True;False;False;False;140;0.50;26.50;False;False;True;False;1;78.0045382358564;0;78.0045382358564;78.0045382358564
1545;34.50;25.50;True;False;False;False;611;60.50;10.50;True;False;False;False;1;33.6422222222224;0;33.6422222222224;33.6422222222224
1546;35.50;25.50;True;False;False;False;92;81.50;41.50;False;False;True;False;1;82.7104617641398;0;82.7104617641398;82.7104617641398
1546;35.50;25.50;True;False;False;False;156;0.50;32.50;False;False;True;False;1;115.846298693945;0;115.846298693945;115.846298693945
1546;35.50;25.50;True;False;False;False;172;0.50;38.50;False;False;True;False;1;88.1138888888894;0;88.1138888888894;88.1138888888894
1546;35.50;25.50;True;False;False;False;188;0.50;44.50;False;False;True;False;1;56.2259379141146;0;56.2259379141146;56.2259379141146
1546;35.50;25.50;True;False;False;False;236;33.50;0.50;False;True;False;False;1;37.683513723241;0;37.683513723241;37.683513723241
1546;35.50;25.50;True;False;False;False;1172;45.50;19.50;True;False;False;False;1;14.4922222222222;0;14.4922222222222;14.4922222222222
1546;35.50;25.50;True;False;False;False;1488;41.50;24.50;True;False;False;False;1;8.39999999999782;0;8.39999999999782;8.39999999999782
1546;35.50;25.50;True;False;False;False;1866;35.50;30.50;True;False;False;False;1;10.0123160136359;0;10.0123160136359;10.0123160136359
1546;35.50;25.50;True;False;False;False;2157;70.50;34.50;True;False;False;False;1;36.5694444444448;0;36.5694444444448;36.5694444444448
1546;35.50;25.50;True;False;False;False;2678;15.50;43.50;True;False;False;False;1;34.1623160136296;0;34.1623160136296;34.1623160136296
1546;35.50;25.50;True;False;False;False;2925;70.50;46.50;True;False;False;False;1;47.0433477191855;0;47.0433477191855;47.0433477191855
1548;37.50;25.50;True;False;False;False;108;0.50;14.50;False;False;True;False;1;216.092965360609;0;216.092965360609;216.092965360609
1548;37.50;25.50;True;False;False;False;172;0.50;38.50;False;False;True;False;1;98.705;0;98.705;98.705
1548;37.50;25.50;True;False;False;False;789;46.50;13.50;True;False;False;False;1;19.0544444444467;0;19.0544444444467;19.0544444444467
1548;37.50;25.50;True;False;False;False;886;15.50;15.50;True;False;False;False;1;25.9055555555562;0;25.9055555555562;25.9055555555562
1548;37.50;25.50;True;False;False;False;903;32.50;15.50;True;False;False;False;1;18.6261183040315;0;18.6261183040315;18.6261183040315
1548;37.50;25.50;True;False;False;False;907;36.50;15.50;True;False;False;False;1;11.3223160136313;0;11.3223160136313;11.3223160136313
1548;37.50;25.50;True;False;False;False;979;44.50;16.50;True;False;False;False;1;17.9972222222223;0;17.9972222222223;17.9972222222223
1548;37.50;25.50;True;False;False;False;1073;10.50;18.50;True;False;False;False;1;28.2283333333353;0;28.2283333333353;28.2283333333353
1548;37.50;25.50;True;False;False;False;1097;34.50;18.50;True;False;False;False;1;10.666666666667;0;10.666666666667;10.666666666667
1548;37.50;25.50;True;False;False;False;1153;26.50;19.50;True;False;False;False;1;14.9826839863651;0;14.9826839863651;14.9826839863651
1548;37.50;25.50;True;False;False;False;1157;30.50;19.50;True;False;False;False;1;13.7888888888883;0;13.7888888888883;13.7888888888883
1548;37.50;25.50;True;False;False;False;1164;37.50;19.50;True;False;False;False;1;11.88284999042;0;11.88284999042;11.88284999042
1548;37.50;25.50;True;False;False;False;1191;64.50;19.50;True;False;False;False;1;27.5903679727326;0;27.5903679727326;27.5903679727326
1548;37.50;25.50;True;False;False;False;1280;25.50;21.50;True;False;False;False;1;15.6384271247466;0;15.6384271247466;15.6384271247466
1548;37.50;25.50;True;False;False;False;1300;45.50;21.50;True;False;False;False;1;12.7834993373883;0;12.7834993373883;12.7834993373883
1548;37.50;25.50;True;False;False;False;1521;10.50;25.50;True;False;False;False;1;20.6194444444436;0;20.6194444444436;20.6194444444436
1548;37.50;25.50;True;False;False;False;1550;39.50;25.50;True;False;False;False;1;3.16379509748458;0;3.16379509748458;3.16379509748458
1548;37.50;25.50;True;False;False;False;1580;69.50;25.50;True;False;False;False;1;28.9316666666637;0;28.9316666666637;28.9316666666637
1548;37.50;25.50;True;False;False;False;1734;31.50;28.50;True;False;False;False;1;10.3326839863654;0;10.3326839863654;10.3326839863654
1548;37.50;25.50;True;False;False;False;1735;32.50;28.50;True;False;False;False;1;10.0222222222225;0;10.0222222222225;10.0222222222225
1548;37.50;25.50;True;False;False;False;1919;24.50;31.50;True;False;False;False;1;17.785461764146;0;17.785461764146;17.785461764146
1548;37.50;25.50;True;False;False;False;1949;54.50;31.50;True;False;False;False;1;20.0645382358589;0;20.0645382358589;20.0645382358589
1548;37.50;25.50;True;False;False;False;2098;11.50;34.50;True;False;False;False;1;28.7049999999995;0;28.7049999999995;28.7049999999995
1548;37.50;25.50;True;False;False;False;2142;55.50;34.50;True;False;False;False;1;23.8678715691922;0;23.8678715691922;23.8678715691922
1548;37.50;25.50;True;False;False;False;2472;65.50;39.50;True;False;False;False;1;34.2166666666672;0;34.2166666666672;34.2166666666672
1548;37.50;25.50;True;False;False;False;2479;72.50;39.50;True;False;False;False;1;41.1444444444433;0;41.1444444444433;41.1444444444433
1548;37.50;25.50;True;False;False;False;2480;9.50;40.50;True;False;False;False;1;37.2923160136354;0;37.2923160136354;37.2923160136354
1548;37.50;25.50;True;False;False;False;2486;15.50;40.50;True;False;False;False;1;30.6555555555559;0;30.6555555555559;30.6555555555559
1548;37.50;25.50;True;False;False;False;2709;46.50;43.50;True;False;False;False;1;23.8900937914136;0;23.8900937914136;23.8900937914136
1548;37.50;25.50;True;False;False;False;2866;11.50;46.50;True;False;False;False;1;37.4194444444493;0;37.4194444444493;37.4194444444493
1550;39.50;25.50;True;False;False;False;92;81.50;41.50;False;False;True;False;1;123.506760458084;0;123.506760458084;123.506760458084
1550;39.50;25.50;True;False;False;False;528;41.50;9.50;True;False;False;False;1;20.8062049025248;0;20.8062049025248;20.8062049025248
1550;39.50;25.50;True;False;False;False;598;47.50;10.50;True;False;False;False;1;20.2300937914124;0;20.2300937914124;20.2300937914124
1550;39.50;25.50;True;False;False;False;719;40.50;12.50;True;False;False;False;1;13.3548124171757;0;13.3548124171757;13.3548124171757
1550;39.50;25.50;True;False;False;False;745;66.50;12.50;True;False;False;False;1;32.9253751656515;0;32.9253751656515;32.9253751656515
1550;39.50;25.50;True;False;False;False;768;25.50;13.50;True;False;False;False;1;22.2846320272693;0;22.2846320272693;22.2846320272693
1550;39.50;25.50;True;False;False;False;922;51.50;15.50;True;False;False;False;1;18.5166666666682;0;18.5166666666682;18.5166666666682
1550;39.50;25.50;True;False;False;False;987;52.50;16.50;True;False;False;False;1;20.1145382358563;0;20.1145382358563;20.1145382358563
1550;39.50;25.50;True;False;False;False;1149;22.50;19.50;True;False;False;False;1;20.1111111111131;0;20.1111111111131;20.1111111111131
1550;39.50;25.50;True;False;False;False;1266;11.50;21.50;True;False;False;False;1;27.0971284308143;0;27.0971284308143;27.0971284308143
1550;39.50;25.50;True;False;False;False;1269;14.50;21.50;True;False;False;False;1;24.0784271247458;0;24.0784271247458;24.0784271247458
1550;39.50;25.50;True;False;False;False;1290;35.50;21.50;True;False;False;False;1;17.8923160136374;0;17.8923160136374;17.8923160136374
1550;39.50;25.50;True;False;False;False;1299;44.50;21.50;True;False;False;False;1;10.0444444444447;0;10.0444444444447;10.0444444444447
1550;39.50;25.50;True;False;False;False;1517;70.50;24.50;True;False;False;False;1;25.8944444444469;0;25.8944444444469;25.8944444444469
1550;39.50;25.50;True;False;False;False;1520;9.50;25.50;True;False;False;False;1;22.0255555555577;0;22.0255555555577;22.0255555555577
1550;39.50;25.50;True;False;False;False;1583;72.50;25.50;True;False;False;False;1;23.800000000002;0;23.800000000002;23.800000000002
1550;39.50;25.50;True;False;False;False;1650;11.50;27.50;True;False;False;False;1;24.4772222222218;0;24.4772222222218;24.4772222222218
1550;39.50;25.50;True;False;False;False;1774;71.50;28.50;True;False;False;False;1;30.323246734838;0;30.323246734838;30.323246734838
1550;39.50;25.50;True;False;False;False;1852;21.50;30.50;True;False;False;False;1;19.6256493469682;0;19.6256493469682;19.6256493469682
1550;39.50;25.50;True;False;False;False;1960;65.50;31.50;True;False;False;False;1;25.6833333333352;0;25.6833333333352;25.6833333333352
1550;39.50;25.50;True;False;False;False;2093;70.50;33.50;True;False;False;False;1;30.7674964035496;0;30.7674964035496;30.7674964035496
1550;39.50;25.50;True;False;False;False;2269;54.50;36.50;True;False;False;False;1;23.1999999999989;0;23.1999999999989;23.1999999999989
1550;39.50;25.50;True;False;False;False;2285;70.50;36.50;True;False;False;False;1;34.8098124171793;0;34.8098124171793;34.8098124171793
1550;39.50;25.50;True;False;False;False;2433;26.50;39.50;True;False;False;False;1;21.753888888883;0;21.753888888883;21.753888888883
1550;39.50;25.50;True;False;False;False;2491;20.50;40.50;True;False;False;False;1;26.9500937914099;0;26.9500937914099;26.9500937914099
1550;39.50;25.50;True;False;False;False;2673;10.50;43.50;True;False;False;False;1;38.1333333333341;0;38.1333333333341;38.1333333333341
1550;39.50;25.50;True;False;False;False;2730;67.50;43.50;True;False;False;False;1;38.1452741813218;0;38.1452741813218;38.1452741813218
1550;39.50;25.50;True;False;False;False;2906;51.50;46.50;True;False;False;False;1;26.3993506530314;0;26.3993506530314;26.3993506530314
1551;40.50;25.50;True;False;False;False;236;33.50;0.50;False;True;False;False;1;48.7944444444454;0;48.7944444444454;48.7944444444454
1551;40.50;25.50;True;False;False;False;507;20.50;9.50;True;False;False;False;1;29.0135209161563;0;29.0135209161563;29.0135209161563
1551;40.50;25.50;True;False;False;False;720;41.50;12.50;True;False;False;False;1;17.2867604580797;0;17.2867604580797;17.2867604580797
1551;40.50;25.50;True;False;False;False;1005;70.50;16.50;True;False;False;False;1;33.2805555555528;0;33.2805555555528;33.2805555555528
1551;40.50;25.50;True;False;False;False;1105;42.50;18.50;True;False;False;False;1;11.0235424949042;0;11.0235424949042;11.0235424949042
1551;40.50;25.50;True;False;False;False;1759;56.50;28.50;True;False;False;False;1;18.5674964035406;0;18.5674964035406;18.5674964035406
1551;40.50;25.50;True;False;False;False;1768;65.50;28.50;True;False;False;False;1;23.9577777777772;0;23.9577777777772;23.9577777777772
1551;40.50;25.50;True;False;False;False;2351;72.50;37.50;True;False;False;False;1;35.772316013632;0;35.772316013632;35.772316013632
1551;40.50;25.50;True;False;False;False;2825;34.50;45.50;True;False;False;False;1;26.5499999999965;0;26.5499999999965;26.5499999999965
1551;40.50;25.50;True;False;False;False;2831;40.50;45.50;True;False;False;False;1;16.4839826803013;0;16.4839826803013;16.4839826803013
1553;42.50;25.50;True;False;False;False;252;43.50;0.50;False;True;False;False;1;50.1138888888888;0;50.1138888888888;50.1138888888888
1553;42.50;25.50;True;False;False;False;544;57.50;9.50;True;False;False;False;1;25.6255555555539;0;25.6255555555539;25.6255555555539
1553;42.50;25.50;True;False;False;False;980;45.50;16.50;True;False;False;False;1;11.7888888888893;0;11.7888888888893;11.7888888888893
1553;42.50;25.50;True;False;False;False;1494;47.50;24.50;True;False;False;False;1;8.23924966869504;0;8.23924966869504;8.23924966869504
1553;42.50;25.50;True;False;False;False;1685;46.50;27.50;True;False;False;False;1;11.960468957064;0;11.960468957064;11.960468957064
1553;42.50;25.50;True;False;False;False;1907;12.50;31.50;True;False;False;False;1;28.905555555556;0;28.905555555556;28.905555555556
1553;42.50;25.50;True;False;False;False;2084;61.50;33.50;True;False;False;False;1;22.719444444445;0;22.719444444445;22.719444444445
1553;42.50;25.50;True;False;False;False;2922;67.50;46.50;True;False;False;False;1;37.1597764525586;0;37.1597764525586;37.1597764525586
1555;44.50;25.50;True;False;False;False;156;0.50;32.50;False;False;True;False;1;96.1441702631273;0;96.1441702631273;96.1441702631273
1555;44.50;25.50;True;False;False;False;916;45.50;15.50;True;False;False;False;1;11.8299999999998;0;11.8299999999998;11.8299999999998
1555;44.50;25.50;True;False;False;False;1123;60.50;18.50;True;False;False;False;1;24.4139826803017;0;24.4139826803017;24.4139826803017
1555;44.50;25.50;True;False;False;False;1331;12.50;22.50;True;False;False;False;1;29.9021284308096;0;29.9021284308096;29.9021284308096
1555;44.50;25.50;True;False;False;False;1745;42.50;28.50;True;False;False;False;1;8.31666666666638;0;8.31666666666638;8.31666666666638
1555;44.50;25.50;True;False;False;False;2096;9.50;34.50;True;False;False;False;1;36.0777777777782;0;36.0777777777782;36.0777777777782
1555;44.50;25.50;True;False;False;False;2097;10.50;34.50;True;False;False;False;1;34.5011977096042;0;34.5011977096042;34.5011977096042
1555;44.50;25.50;True;False;False;False;2324;45.50;37.50;True;False;False;False;1;13.6277777777778;0;13.6277777777778;13.6277777777778
1555;44.50;25.50;True;False;False;False;2333;54.50;37.50;True;False;False;False;1;19.4534271247462;0;19.4534271247462;19.4534271247462
1555;44.50;25.50;True;False;False;False;2452;45.50;39.50;True;False;False;False;1;13.91111111111;0;13.91111111111;13.91111111111
1556;45.50;25.50;True;False;False;False;156;0.50;32.50;False;False;True;False;1;82.3271284308175;0;82.3271284308175;82.3271284308175
1556;45.50;25.50;True;False;False;False;562;11.50;10.50;True;False;False;False;1;39.5882395419285;0;39.5882395419285;39.5882395419285
1556;45.50;25.50;True;False;False;False;603;52.50;10.50;True;False;False;False;1;18.2027777777757;0;18.2027777777757;18.2027777777757
1556;45.50;25.50;True;False;False;False;1558;47.50;25.50;True;False;False;False;1;2.82222222222481;0;2.82222222222481;2.82222222222481
1556;45.50;25.50;True;False;False;False;1573;62.50;25.50;True;False;False;False;1;14.2166666666681;0;14.2166666666681;14.2166666666681
1556;45.50;25.50;True;False;False;False;2473;66.50;39.50;True;False;False;False;1;28.1341630702027;0;28.1341630702027;28.1341630702027
1556;45.50;25.50;True;False;False;False;2474;67.50;39.50;True;False;False;False;1;28.948701306078;0;28.948701306078;28.948701306078
1558;47.50;25.50;True;False;False;False;76;81.50;35.50;False;False;True;False;1;83.6026839863825;0;83.6026839863825;83.6026839863825
1558;47.50;25.50;True;False;False;False;188;0.50;44.50;False;False;True;False;1;86.5465728752515;0;86.5465728752515;86.5465728752515
1558;47.50;25.50;True;False;False;False;611;60.50;10.50;True;False;False;False;1;22.8743506530286;0;22.8743506530286;22.8743506530286
1561;50.50;25.50;True;False;False;False;156;0.50;32.50;False;False;True;False;1;145.27637090658;0;145.27637090658;145.27637090658
1561;50.50;25.50;True;False;False;False;738;59.50;12.50;True;False;False;False;1;21.0457431383843;0;21.0457431383843;21.0457431383843
1563;52.50;25.50;True;False;False;False;220;23.50;0.50;False;True;False;False;1;60.5148196100956;0;60.5148196100956;60.5148196100956
1563;52.50;25.50;True;False;False;False;1113;50.50;18.50;True;False;False;False;1;10.6145382358575;0;10.6145382358575;10.6145382358575
1570;59.50;25.50;True;False;False;False;172;0.50;38.50;False;False;True;False;1;112.342777777769;0;112.342777777769;112.342777777769
1570;59.50;25.50;True;False;False;False;1512;65.50;24.50;True;False;False;False;1;8.84509379141446;0;8.84509379141446;8.84509379141446
1571;60.50;25.50;True;False;False;False;220;23.50;0.50;False;True;False;False;1;70.3136147075719;0;70.3136147075719;70.3136147075719
1571;60.50;25.50;True;False;False;False;2106;19.50;34.50;True;False;False;False;1;44.3712915010206;0;44.3712915010206;44.3712915010206
1572;61.50;25.50;True;False;False;False;2649;50.50;42.50;True;False;False;False;1;24.4888888888922;0;24.4888888888922;24.4888888888922
1573;62.50;25.50;True;False;False;False;12;81.50;11.50;False;False;True;False;1;330.219365038885;0;330.219365038885;330.219365038885
1573;62.50;25.50;True;False;False;False;60;81.50;29.50;False;False;True;False;1;177.752777777789;0;177.752777777789;177.752777777789
1573;62.50;25.50;True;False;False;False;284;63.50;0.50;False;True;False;False;1;55.2550000000092;0;55.2550000000092;55.2550000000092
1573;62.50;25.50;True;False;False;False;1749;46.50;28.50;True;False;False;False;1;16.9922222222212;0;16.9922222222212;16.9922222222212
1573;62.50;25.50;True;False;False;False;1892;61.50;30.50;True;False;False;False;1;7.97795816768848;0;7.97795816768848;7.97795816768848
1573;62.50;25.50;True;False;False;False;2148;61.50;34.50;True;False;False;False;1;10.7521284308141;0;10.7521284308141;10.7521284308141
1575;64.50;25.50;True;False;False;False;156;0.50;32.50;False;False;True;False;1;137.598239541922;0;137.598239541922;137.598239541922
1575;64.50;25.50;True;False;False;False;2330;51.50;37.50;True;False;False;False;1;33.0339826803011;0;33.0339826803011;33.0339826803011
1576;65.50;25.50;True;False;False;False;44;81.50;23.50;False;False;True;False;1;56.9367604580812;0;56.9367604580812;56.9367604580812
1576;65.50;25.50;True;False;False;False;268;53.50;0.50;False;True;False;False;1;44.8826839863541;0;44.8826839863541;44.8826839863541
1576;65.50;25.50;True;False;False;False;1748;45.50;28.50;True;False;False;False;1;20.5006493469673;0;20.5006493469673;20.5006493469673
1576;65.50;25.50;True;False;False;False;1919;24.50;31.50;True;False;False;False;1;38.4250000000011;0;38.4250000000011;38.4250000000011
1578;67.50;25.50;True;False;False;False;44;81.50;23.50;False;False;True;False;2;155.164448040911;10477.8635316381;82.7839826802974;227.544913401525
1578;67.50;25.50;True;False;False;False;60;81.50;29.50;False;False;True;False;1;79.7606493469691;0;79.7606493469691;79.7606493469691
1578;67.50;25.50;True;False;False;False;252;43.50;0.50;False;True;False;False;1;60.5477777777787;0;60.5477777777787;60.5477777777787
1578;67.50;25.50;True;False;False;False;512;25.50;9.50;True;False;False;False;1;44.8749999999991;0;44.8749999999991;44.8749999999991
1578;67.50;25.50;True;False;False;False;1488;41.50;24.50;True;False;False;False;1;22.4104617641428;0;22.4104617641428;22.4104617641428
1578;67.50;25.50;True;False;False;False;1550;39.50;25.50;True;False;False;False;1;37.610000000006;0;37.610000000006;37.610000000006
1578;67.50;25.50;True;False;False;False;2669;70.50;42.50;True;False;False;False;1;18.5527777777779;0;18.5527777777779;18.5527777777779
1580;69.50;25.50;True;False;False;False;60;81.50;29.50;False;False;True;False;1;33.8461111111119;0;33.8461111111119;33.8461111111119
1580;69.50;25.50;True;False;False;False;1740;37.50;28.50;True;False;False;False;1;34.7916666666624;0;34.7916666666624;34.7916666666624
1581;70.50;25.50;True;False;False;False;60;81.50;29.50;False;False;True;False;1;33.5894444444484;0;33.5894444444484;33.5894444444484
1581;70.50;25.50;True;False;False;False;1750;47.50;28.50;True;False;False;False;1;22.1588888888919;0;22.1588888888919;22.1588888888919
1582;71.50;25.50;True;False;False;False;60;81.50;29.50;False;False;True;False;1;140.710093791418;0;140.710093791418;140.710093791418
1582;71.50;25.50;True;False;False;False;204;13.50;0.50;False;True;False;False;1;77.8638745030821;0;77.8638745030821;77.8638745030821
1582;71.50;25.50;True;False;False;False;236;33.50;0.50;False;True;False;False;1;61.3212049025228;0;61.3212049025228;61.3212049025228
1582;71.50;25.50;True;False;False;False;252;43.50;0.50;False;True;False;False;1;60.5894444444416;0;60.5894444444416;60.5894444444416
1582;71.50;25.50;True;False;False;False;1492;45.50;24.50;True;False;False;False;1;25.2571284308096;0;25.2571284308096;25.2571284308096
1582;71.50;25.50;True;False;False;False;1543;32.50;25.50;True;False;False;False;1;35.5588888888847;0;35.5588888888847;35.5588888888847
1582;71.50;25.50;True;False;False;False;1678;39.50;27.50;True;False;False;False;1;27.9447258186783;0;27.9447258186783;27.9447258186783
1582;71.50;25.50;True;False;False;False;1704;65.50;27.50;True;False;False;False;1;10.1749999999995;0;10.1749999999995;10.1749999999995
1583;72.50;25.50;True;False;False;False;44;81.50;23.50;False;False;True;False;1;108.602323206561;0;108.602323206561;108.602323206561
1583;72.50;25.50;True;False;False;False;220;23.50;0.50;False;True;False;False;1;74.0305555555587;0;74.0305555555587;74.0305555555587
1583;72.50;25.50;True;False;False;False;268;53.50;0.50;False;True;False;False;1;48.9962049025171;0;48.9962049025171;48.9962049025171
1583;72.50;25.50;True;False;False;False;1135;72.50;18.50;True;False;False;False;1;7.34657287525442;0;7.34657287525442;7.34657287525442
1583;72.50;25.50;True;False;False;False;1295;40.50;21.50;True;False;False;False;1;28.375;0;28.375;28.375
1583;72.50;25.50;True;False;False;False;2351;72.50;37.50;True;False;False;False;1;10.8833333333341;0;10.8833333333341;10.8833333333341
1648;9.50;27.50;True;False;False;False;140;0.50;26.50;False;False;True;False;1;83.4701875828241;0;83.4701875828241;83.4701875828241
1648;9.50;27.50;True;False;False;False;1492;45.50;24.50;True;False;False;False;1;33.4923160136341;0;33.4923160136341;33.4923160136341
1649;10.50;27.50;True;False;False;False;140;0.50;26.50;False;False;True;False;1;41.7318470565711;0;41.7318470565711;41.7318470565711
1649;10.50;27.50;True;False;False;False;220;23.50;0.50;False;True;False;False;1;55.6989826803012;0;55.6989826803012;55.6989826803012
1649;10.50;27.50;True;False;False;False;236;33.50;0.50;False;True;False;False;1;52.4917604580774;0;52.4917604580774;52.4917604580774
1649;10.50;27.50;True;False;False;False;1486;39.50;24.50;True;False;False;False;1;27.2105555555556;0;27.2105555555556;27.2105555555556
1649;10.50;27.50;True;False;False;False;1493;46.50;24.50;True;False;False;False;1;35.1144444444451;0;35.1144444444451;35.1144444444451
1649;10.50;27.50;True;False;False;False;1660;21.50;27.50;True;False;False;False;1;8.89444444444644;0;8.89444444444644;8.89444444444644
1650;11.50;27.50;True;False;False;False;124;0.50;20.50;False;False;True;False;1;86.9818542494941;0;86.9818542494941;86.9818542494941
1650;11.50;27.50;True;False;False;False;140;0.50;26.50;False;False;True;False;1;128.130468957061;0;128.130468957061;128.130468957061
1650;11.50;27.50;True;False;False;False;172;0.50;38.50;False;False;True;False;1;98.6362986939366;0;98.6362986939366;98.6362986939366
1650;11.50;27.50;True;False;False;False;1488;41.50;24.50;True;False;False;False;1;26.5513924853494;0;26.5513924853494;26.5513924853494
1650;11.50;27.50;True;False;False;False;1551;40.50;25.50;True;False;False;False;1;25.6228715691905;0;25.6228715691905;25.6228715691905
1650;11.50;27.50;True;False;False;False;2423;16.50;39.50;True;False;False;False;1;15.5027777777777;0;15.5027777777777;15.5027777777777
1653;14.50;27.50;True;False;False;False;252;43.50;0.50;False;True;False;False;1;53.9444444444412;0;53.9444444444412;53.9444444444412
1653;14.50;27.50;True;False;False;False;1158;31.50;19.50;True;False;False;False;1;21.5166666666664;0;21.5166666666664;21.5166666666664
1653;14.50;27.50;True;False;False;False;1354;35.50;22.50;True;False;False;False;1;21.5099062085871;0;21.5099062085871;21.5099062085871
1654;15.50;27.50;True;False;False;False;124;0.50;20.50;False;False;True;False;1;75.3150000000005;0;75.3150000000005;75.3150000000005
1654;15.50;27.50;True;False;False;False;156;0.50;32.50;False;False;True;False;1;154.667965360609;0;154.667965360609;154.667965360609
1654;15.50;27.50;True;False;False;False;1679;40.50;27.50;True;False;False;False;1;22.3194444444471;0;22.3194444444471;22.3194444444471
1654;15.50;27.50;True;False;False;False;1683;44.50;27.50;True;False;False;False;1;28.0506493469666;0;28.0506493469666;28.0506493469666
1655;16.50;27.50;True;False;False;False;108;0.50;14.50;False;False;True;False;1;46.9838888888867;0;46.9838888888867;46.9838888888867
1655;16.50;27.50;True;False;False;False;156;0.50;32.50;False;False;True;False;1;146.218520916161;0;146.218520916161;146.218520916161
1655;16.50;27.50;True;False;False;False;1152;25.50;19.50;True;False;False;False;1;16.4527777777753;0;16.4527777777753;16.4527777777753
1655;16.50;27.50;True;False;False;False;2106;19.50;34.50;True;False;False;False;1;11.2137950974763;0;11.2137950974763;11.2137950974763
1659;20.50;27.50;True;False;False;False;76;81.50;35.50;False;False;True;False;1;65.536111111111;0;65.536111111111;65.536111111111
1659;20.50;27.50;True;False;False;False;268;53.50;0.50;False;True;False;False;1;62.4611111111067;0;62.4611111111067;62.4611111111067
1659;20.50;27.50;True;False;False;False;1914;19.50;31.50;True;False;False;False;1;7.35555555555493;0;7.35555555555493;7.35555555555493
1659;20.50;27.50;True;False;False;False;2040;17.50;33.50;True;False;False;False;1;11.1833333333329;0;11.1833333333329;11.1833333333329
1660;21.50;27.50;True;False;False;False;44;81.50;23.50;False;False;True;False;1;119.118528109076;0;119.118528109076;119.118528109076
1660;21.50;27.50;True;False;False;False;156;0.50;32.50;False;False;True;False;2;92.1991702631162;3463.61645000004;50.584170263116;133.814170263116
1660;21.50;27.50;True;False;False;False;1005;70.50;16.50;True;False;False;False;1;48.2472222222195;0;48.2472222222195;48.2472222222195
1660;21.50;27.50;True;False;False;False;1904;9.50;31.50;True;False;False;False;1;14.780555555556;0;14.780555555556;14.780555555556
1660;21.50;27.50;True;False;False;False;2042;19.50;33.50;True;False;False;False;1;9.55555555555384;0;9.55555555555384;9.55555555555384
1664;25.50;27.50;True;False;False;False;108;0.50;14.50;False;False;True;False;1;132.529538235869;0;132.529538235869;132.529538235869
1664;25.50;27.50;True;False;False;False;156;0.50;32.50;False;False;True;False;1;124.235187582834;0;124.235187582834;124.235187582834
1664;25.50;27.50;True;False;False;False;284;63.50;0.50;False;True;False;False;1;59.6950937914129;0;59.6950937914129;59.6950937914129
1664;25.50;27.50;True;False;False;False;1739;36.50;28.50;True;False;False;False;1;12.3795382358639;0;12.3795382358639;12.3795382358639
1664;25.50;27.50;True;False;False;False;1743;40.50;28.50;True;False;False;False;1;16.7723160136402;0;16.7723160136402;16.7723160136402
1664;25.50;27.50;True;False;False;False;2229;14.50;36.50;True;False;False;False;1;19.121666666667;0;19.121666666667;19.121666666667
1665;26.50;27.50;True;False;False;False;220;23.50;0.50;False;True;False;False;1;40.4860173196971;0;40.4860173196971;40.4860173196971
1665;26.50;27.50;True;False;False;False;1090;27.50;18.50;True;False;False;False;1;10.1916666666648;0;10.1916666666648;10.1916666666648
1668;29.50;27.50;True;False;False;False;28;81.50;17.50;False;False;True;False;1;152.080743138376;0;152.080743138376;152.080743138376
1668;29.50;27.50;True;False;False;False;945;10.50;16.50;True;False;False;False;1;25.9475179822521;0;25.9475179822521;25.9475179822521
1668;29.50;27.50;True;False;False;False;1340;21.50;22.50;True;False;False;False;1;13.4829725535267;0;13.4829725535267;13.4829725535267
1670;31.50;27.50;True;False;False;False;28;81.50;17.50;False;False;True;False;1;184.260093791413;0;184.260093791413;184.260093791413
1670;31.50;27.50;True;False;False;False;92;81.50;41.50;False;False;True;False;1;165.722871569203;0;165.722871569203;165.722871569203
1670;31.50;27.50;True;False;False;False;620;69.50;10.50;True;False;False;False;1;46.4339826803023;0;46.4339826803023;46.4339826803023
1670;31.50;27.50;True;False;False;False;1353;34.50;22.50;True;False;False;False;1;9.66944444444471;0;9.66944444444471;9.66944444444471
1676;37.50;27.50;True;False;False;False;220;23.50;0.50;False;True;False;False;1;46.8923160136342;0;46.8923160136342;46.8923160136342
1676;37.50;27.50;True;False;False;False;1739;36.50;28.50;True;False;False;False;1;22.0916666666649;0;22.0916666666649;22.0916666666649
1678;39.50;27.50;True;False;False;False;76;81.50;35.50;False;False;True;False;1;114.285836929793;0;114.285836929793;114.285836929793
1678;39.50;27.50;True;False;False;False;156;0.50;32.50;False;False;True;False;1;78.172683986355;0;78.172683986355;78.172683986355
1678;39.50;27.50;True;False;False;False;1852;21.50;30.50;True;False;False;False;1;17.9977777777717;0;17.9977777777717;17.9977777777717
1678;39.50;27.50;True;False;False;False;2032;9.50;33.50;True;False;False;False;1;28.0941702631221;0;28.0941702631221;28.0941702631221
1679;40.50;27.50;True;False;False;False;124;0.50;20.50;False;False;True;False;1;138.177128430817;0;138.177128430817;138.177128430817
1679;40.50;27.50;True;False;False;False;204;13.50;0.50;False;True;False;False;1;66.1493506530328;0;66.1493506530328;66.1493506530328
1679;40.50;27.50;True;False;False;False;746;67.50;12.50;True;False;False;False;1;38.7473088207171;0;38.7473088207171;38.7473088207171
1679;40.50;27.50;True;False;False;False;774;31.50;13.50;True;False;False;False;1;22.3054617641437;0;22.3054617641437;22.3054617641437
1679;40.50;27.50;True;False;False;False;809;66.50;13.50;True;False;False;False;1;30.584163070208;0;30.584163070208;30.584163070208
1679;40.50;27.50;True;False;False;False;810;67.50;13.50;True;False;False;False;1;34.00555555556;0;34.00555555556;34.00555555556
1679;40.50;27.50;True;False;False;False;1079;16.50;18.50;True;False;False;False;1;28.0583333333384;0;28.0583333333384;28.0583333333384
1679;40.50;27.50;True;False;False;False;1174;47.50;19.50;True;False;False;False;1;14.8867604580846;0;14.8867604580846;14.8867604580846
1679;40.50;27.50;True;False;False;False;1272;17.50;21.50;True;False;False;False;1;24.063888888887;0;24.063888888887;24.063888888887
1679;40.50;27.50;True;False;False;False;1274;19.50;21.50;True;False;False;False;1;24.3444444444467;0;24.3444444444467;24.3444444444467
1679;40.50;27.50;True;False;False;False;1305;50.50;21.50;True;False;False;False;1;14.3416666666662;0;14.3416666666662;14.3416666666662
1679;40.50;27.50;True;False;False;False;1321;66.50;21.50;True;False;False;False;1;29.119444444445;0;29.119444444445;29.119444444445
1679;40.50;27.50;True;False;False;False;1341;22.50;22.50;True;False;False;False;1;20.3206493469661;0;20.3206493469661;20.3206493469661
1679;40.50;27.50;True;False;False;False;1375;56.50;22.50;True;False;False;False;1;19.2688888888865;0;19.2688888888865;19.2688888888865
1679;40.50;27.50;True;False;False;False;1479;32.50;24.50;True;False;False;False;1;10.9222222222188;0;10.9222222222188;10.9222222222188
1679;40.50;27.50;True;False;False;False;1845;14.50;30.50;True;False;False;False;1;23.6117604580754;0;23.6117604580754;23.6117604580754
1679;40.50;27.50;True;False;False;False;1862;31.50;30.50;True;False;False;False;1;12.5422222222214;0;12.5422222222214;12.5422222222214
1679;40.50;27.50;True;False;False;False;2121;34.50;34.50;True;False;False;False;1;12.9305555555575;0;12.9305555555575;12.9305555555575
1679;40.50;27.50;True;False;False;False;2146;59.50;34.50;True;False;False;False;1;20.9589826803021;0;20.9589826803021;20.9589826803021
1679;40.50;27.50;True;False;False;False;2289;10.50;37.50;True;False;False;False;1;34.2305555555517;0;34.2305555555517;34.2305555555517
1679;40.50;27.50;True;False;False;False;2663;64.50;42.50;True;False;False;False;1;29.795743138382;0;29.795743138382;29.795743138382
1679;40.50;27.50;True;False;False;False;2689;26.50;43.50;True;False;False;False;1;24.3173160136271;0;24.3173160136271;24.3173160136271
1679;40.50;27.50;True;False;False;False;2723;60.50;43.50;True;False;False;False;1;28.8322222222159;0;28.8322222222159;28.8322222222159
1679;40.50;27.50;True;False;False;False;2734;71.50;43.50;True;False;False;False;1;38.8166666666702;0;38.8166666666702;38.8166666666702
1681;42.50;27.50;True;False;False;False;284;63.50;0.50;False;True;False;False;1;50.0354617641428;0;50.0354617641428;50.0354617641428
1681;42.50;27.50;True;False;False;False;591;40.50;10.50;True;False;False;False;1;17.2083333333367;0;17.2083333333367;17.2083333333367
1683;44.50;27.50;True;False;False;False;44;81.50;23.50;False;False;True;False;1;158.339538235862;0;158.339538235862;158.339538235862
1683;44.50;27.50;True;False;False;False;497;10.50;9.50;True;False;False;False;1;42.0395382358583;0;42.0395382358583;42.0395382358583
1683;44.50;27.50;True;False;False;False;693;14.50;12.50;True;False;False;False;1;35.7039826803102;0;35.7039826803102;35.7039826803102
1683;44.50;27.50;True;False;False;False;813;70.50;13.50;True;False;False;False;1;41.3076839863706;0;41.3076839863706;41.3076839863706
1683;44.50;27.50;True;False;False;False;1384;65.50;22.50;True;False;False;False;1;21.8679653606068;0;21.8679653606068;21.8679653606068
1683;44.50;27.50;True;False;False;False;1468;21.50;24.50;True;False;False;False;1;22.4888888888909;0;22.4888888888909;22.4888888888909
1683;44.50;27.50;True;False;False;False;1556;45.50;25.50;True;False;False;False;1;8.80277777777883;0;8.80277777777883;8.80277777777883
1683;44.50;27.50;True;False;False;False;1654;15.50;27.50;True;False;False;False;1;21.481111111113;0;21.481111111113;21.481111111113
1683;44.50;27.50;True;False;False;False;1945;50.50;31.50;True;False;False;False;1;11.2289826803071;0;11.2289826803071;11.2289826803071
1683;44.50;27.50;True;False;False;False;1962;67.50;31.50;True;False;False;False;1;23.4506493469707;0;23.4506493469707;23.4506493469707
1683;44.50;27.50;True;False;False;False;2131;44.50;34.50;True;False;False;False;1;6.0977777777789;0;6.0977777777789;6.0977777777789
1683;44.50;27.50;True;False;False;False;2146;59.50;34.50;True;False;False;False;1;18.7867604580797;0;18.7867604580797;18.7867604580797
1683;44.50;27.50;True;False;False;False;2259;44.50;36.50;True;False;False;False;1;13.4262986939366;0;13.4262986939366;13.4262986939366
1685;46.50;27.50;True;False;False;False;124;0.50;20.50;False;False;True;False;1;139.74028137424;0;139.74028137424;139.74028137424
1685;46.50;27.50;True;False;False;False;2900;45.50;46.50;True;False;False;False;1;18.3999999999983;0;18.3999999999983;18.3999999999983
1686;47.50;27.50;True;False;False;False;268;53.50;0.50;False;True;False;False;1;41.5616666666656;0;41.5616666666656;41.5616666666656
1686;47.50;27.50;True;False;False;False;1097;34.50;18.50;True;False;False;False;1;19.4500000000071;0;19.4500000000071;19.4500000000071
1688;49.50;27.50;True;False;False;False;92;81.50;41.50;False;False;True;False;1;104.469444444445;0;104.469444444445;104.469444444445
1688;49.50;27.50;True;False;False;False;2646;47.50;42.50;True;False;False;False;1;15.955829736874;0;15.955829736874;15.955829736874
1689;50.50;27.50;True;False;False;False;577;26.50;10.50;True;False;False;False;1;38.6062986939237;0;38.6062986939237;38.6062986939237
1691;52.50;27.50;True;False;False;False;76;81.50;35.50;False;False;True;False;1;77.4861111111113;0;77.4861111111113;77.4861111111113
1691;52.50;27.50;True;False;False;False;893;22.50;15.50;True;False;False;False;1;34.4583333333333;0;34.4583333333333;34.4583333333333
1691;52.50;27.50;True;False;False;False;2496;25.50;40.50;True;False;False;False;1;34.1627777777794;0;34.1627777777794;34.1627777777794
1694;55.50;27.50;True;False;False;False;252;43.50;0.50;False;True;False;False;1;42.8650937914126;0;42.8650937914126;42.8650937914126
1694;55.50;27.50;True;False;False;False;1949;54.50;31.50;True;False;False;False;1;7.04046176414306;0;7.04046176414306;7.04046176414306
1695;56.50;27.50;True;False;False;False;76;81.50;35.50;False;False;True;False;1;179.848520916169;0;179.848520916169;179.848520916169
1695;56.50;27.50;True;False;False;False;1748;45.50;28.50;True;False;False;False;1;11.8938888888833;0;11.8938888888833;11.8938888888833
1701;62.50;27.50;True;False;False;False;44;81.50;23.50;False;False;True;False;1;76.5916666666681;0;76.5916666666681;76.5916666666681
1701;62.50;27.50;True;False;False;False;1769;66.50;28.50;True;False;False;False;1;7.00611111111175;0;7.00611111111175;7.00611111111175
1703;64.50;27.50;True;False;False;False;44;81.50;23.50;False;False;True;False;1;94.12702025355;0;94.12702025355;94.12702025355
1703;64.50;27.50;True;False;False;False;124;0.50;20.50;False;False;True;False;1;124.512409805042;0;124.512409805042;124.512409805042
1703;64.50;27.50;True;False;False;False;204;13.50;0.50;False;True;False;False;1;92.2333333333268;0;92.2333333333268;92.2333333333268
1703;64.50;27.50;True;False;False;False;252;43.50;0.50;False;True;False;False;1;54.3500000000008;0;54.3500000000008;54.3500000000008
1703;64.50;27.50;True;False;False;False;284;63.50;0.50;False;True;False;False;1;37.8824098050488;0;37.8824098050488;37.8824098050488
1703;64.50;27.50;True;False;False;False;1356;37.50;22.50;True;False;False;False;1;26.7526696005179;0;26.7526696005179;26.7526696005179
1703;64.50;27.50;True;False;False;False;1390;71.50;22.50;True;False;False;False;1;11.9117604580797;0;11.9117604580797;11.9117604580797
1703;64.50;27.50;True;False;False;False;1483;36.50;24.50;True;False;False;False;1;25.5888888888894;0;25.5888888888894;25.5888888888894
1703;64.50;27.50;True;False;False;False;1540;29.50;25.50;True;False;False;False;1;41.0912049025249;0;41.0912049025249;41.0912049025249
1703;64.50;27.50;True;False;False;False;1916;21.50;31.50;True;False;False;False;1;39.6226839863612;0;39.6226839863612;39.6226839863612
1704;65.50;27.50;True;False;False;False;44;81.50;23.50;False;False;True;False;1;145.013888888891;0;145.013888888891;145.013888888891
1704;65.50;27.50;True;False;False;False;124;0.50;20.50;False;False;True;False;1;173.704076471715;0;173.704076471715;173.704076471715
1704;65.50;27.50;True;False;False;False;204;13.50;0.50;False;True;False;False;1;83.0856277681983;0;83.0856277681983;83.0856277681983
1704;65.50;27.50;True;False;False;False;938;67.50;15.50;True;False;False;False;1;13.9576839863657;0;13.9576839863657;13.9576839863657
1704;65.50;27.50;True;False;False;False;1133;70.50;18.50;True;False;False;False;1;13.783333333341;0;13.783333333341;13.783333333341
1704;65.50;27.50;True;False;False;False;2147;60.50;34.50;True;False;False;False;1;11.6631673292777;0;11.6631673292777;11.6631673292777
1705;66.50;27.50;True;False;False;False;60;81.50;29.50;False;False;True;False;1;134.274365038858;0;134.274365038858;134.274365038858
1705;66.50;27.50;True;False;False;False;284;63.50;0.50;False;True;False;False;1;40.0716666666672;0;40.0716666666672;40.0716666666672
1705;66.50;27.50;True;False;False;False;923;52.50;15.50;True;False;False;False;1;22.4200937914129;0;22.4200937914129;22.4200937914129
1705;66.50;27.50;True;False;False;False;1172;45.50;19.50;True;False;False;False;1;24.1549062085851;0;24.1549062085851;24.1549062085851
1706;67.50;27.50;True;False;False;False;252;43.50;0.50;False;True;False;False;1;47.6861111111117;0;47.6861111111117;47.6861111111117
1706;67.50;27.50;True;False;False;False;268;53.50;0.50;False;True;False;False;1;39.2845382358528;0;39.2845382358528;39.2845382358528
1706;67.50;27.50;True;False;False;False;749;70.50;12.50;True;False;False;False;1;33.9472222222203;0;33.9472222222203;33.9472222222203
1706;67.50;27.50;True;False;False;False;1488;41.50;24.50;True;False;False;False;1;23.1361111111114;0;23.1361111111114;23.1361111111114
1706;67.50;27.50;True;False;False;False;1745;42.50;28.50;True;False;False;False;1;21.8799062085881;0;21.8799062085881;21.8799062085881
1709;70.50;27.50;True;False;False;False;92;81.50;41.50;False;False;True;False;2;114.951341993179;10231.4262514307;43.4271284308097;186.475555555548
1709;70.50;27.50;True;False;False;False;284;63.50;0.50;False;True;False;False;1;45.1645382358579;0;45.1645382358579;45.1645382358579
1709;70.50;27.50;True;False;False;False;1748;45.50;28.50;True;False;False;False;1;21.4194444444443;0;21.4194444444443;21.4194444444443
1709;70.50;27.50;True;False;False;False;1902;71.50;30.50;True;False;False;False;1;6.60990620858956;0;6.60990620858956;6.60990620858956
1709;70.50;27.50;True;False;False;False;2285;70.50;36.50;True;False;False;False;1;8.01944444444598;0;8.01944444444598;8.01944444444598
1711;72.50;27.50;True;False;False;False;44;81.50;23.50;False;False;True;False;1;39.2304617641485;0;39.2304617641485;39.2304617641485
1711;72.50;27.50;True;False;False;False;220;23.50;0.50;False;True;False;False;1;84.0797258186858;0;84.0797258186858;84.0797258186858
1711;72.50;27.50;True;False;False;False;2157;70.50;34.50;True;False;False;False;1;10;0;10;10
1711;72.50;27.50;True;False;False;False;2800;9.50;45.50;True;False;False;False;1;61.2756493469706;0;61.2756493469706;61.2756493469706
1713;10.50;28.50;True;False;False;False;108;0.50;14.50;False;False;True;False;2;154.727543299259;1400.86539375791;128.261854249492;181.193232349026
1713;10.50;28.50;True;False;False;False;188;0.50;44.50;False;False;True;False;1;206.313614707579;0;206.313614707579;206.313614707579
1713;10.50;28.50;True;False;False;False;204;13.50;0.50;False;True;False;False;1;38.7305555555577;0;38.7305555555577;38.7305555555577
1713;10.50;28.50;True;False;False;False;1582;71.50;25.50;True;False;False;False;1;48.3394444444443;0;48.3394444444443;48.3394444444443
1713;10.50;28.50;True;False;False;False;1739;36.50;28.50;True;False;False;False;1;20.4645382358558;0;20.4645382358558;20.4645382358558
1713;10.50;28.50;True;False;False;False;1887;56.50;30.50;True;False;False;False;1;40.2244444444423;0;40.2244444444423;40.2244444444423
1713;10.50;28.50;True;False;False;False;2158;71.50;34.50;True;False;False;False;1;52.850000000001;0;52.850000000001;52.850000000001
1714;11.50;28.50;True;False;False;False;140;0.50;26.50;False;False;True;False;1;53.8194444444443;0;53.8194444444443;53.8194444444443
1714;11.50;28.50;True;False;False;False;204;13.50;0.50;False;True;False;False;1;40.7699999999977;0;40.7699999999977;40.7699999999977
1714;11.50;28.50;True;False;False;False;498;11.50;9.50;True;False;False;False;1;20.9611111111126;0;20.9611111111126;20.9611111111126
1714;11.50;28.50;True;False;False;False;1866;35.50;30.50;True;False;False;False;1;21.7055555555562;0;21.7055555555562;21.7055555555562
1715;12.50;28.50;True;False;False;False;124;0.50;20.50;False;False;True;False;1;93.1833333333343;0;93.1833333333343;93.1833333333343
1715;12.50;28.50;True;False;False;False;140;0.50;26.50;False;False;True;False;1;86.0444444444415;0;86.0444444444415;86.0444444444415
1715;12.50;28.50;True;False;False;False;1329;10.50;22.50;True;False;False;False;1;9.32222222222026;0;9.32222222222026;9.32222222222026
1715;12.50;28.50;True;False;False;False;2300;21.50;37.50;True;False;False;False;1;17.2437950974765;0;17.2437950974765;17.2437950974765
1717;14.50;28.50;True;False;False;False;156;0.50;32.50;False;False;True;False;1;57.8506493469777;0;57.8506493469777;57.8506493469777
1717;14.50;28.50;True;False;False;False;1738;35.50;28.50;True;False;False;False;1;15.9299062085865;0;15.9299062085865;15.9299062085865
1719;16.50;28.50;True;False;False;False;124;0.50;20.50;False;False;True;False;1;122.201839863684;0;122.201839863684;122.201839863684
1719;16.50;28.50;True;False;False;False;2063;40.50;33.50;True;False;False;False;1;24.1423954192437;0;24.1423954192437;24.1423954192437
1720;17.50;28.50;True;False;False;False;204;13.50;0.50;False;True;False;False;1;50.1824098050506;0;50.1824098050506;50.1824098050506
1720;17.50;28.50;True;False;False;False;1678;39.50;27.50;True;False;False;False;1;19.1965728752452;0;19.1965728752452;19.1965728752452
1722;19.50;28.50;True;False;False;False;1457;10.50;24.50;True;False;False;False;1;13.5595382358579;0;13.5595382358579;13.5595382358579
1723;20.50;28.50;True;False;False;False;12;81.50;11.50;False;False;True;False;1;94.0891558772914;0;94.0891558772914;94.0891558772914
1723;20.50;28.50;True;False;False;False;284;63.50;0.50;False;True;False;False;1;69.1106277681977;0;69.1106277681977;69.1106277681977
1723;20.50;28.50;True;False;False;False;1845;14.50;30.50;True;False;False;False;1;9.59481241717413;0;9.59481241717413;9.59481241717413
1723;20.50;28.50;True;False;False;False;2826;35.50;45.50;True;False;False;False;1;26.4807359454592;0;26.4807359454592;26.4807359454592
1727;24.50;28.50;True;False;False;False;140;0.50;26.50;False;False;True;False;1;76.4583333333335;0;76.4583333333335;76.4583333333335
1727;24.50;28.50;True;False;False;False;2042;19.50;33.50;True;False;False;False;1;10.4365728752523;0;10.4365728752523;10.4365728752523
1729;26.50;28.50;True;False;False;False;140;0.50;26.50;False;False;True;False;1;178.510187582826;0;178.510187582826;178.510187582826
1729;26.50;28.50;True;False;False;False;220;23.50;0.50;False;True;False;False;1;45.0444444444406;0;45.0444444444406;45.0444444444406
1729;26.50;28.50;True;False;False;False;691;12.50;12.50;True;False;False;False;1;28.7279653605938;0;28.7279653605938;28.7279653605938
1729;26.50;28.50;True;False;False;False;2424;17.50;39.50;True;False;False;False;1;17.9099062085825;0;17.9099062085825;17.9099062085825
1730;27.50;28.50;True;False;False;False;188;0.50;44.50;False;False;True;False;1;140.058982680302;0;140.058982680302;140.058982680302
1730;27.50;28.50;True;False;False;False;2097;10.50;34.50;True;False;False;False;1;19.7382395419168;0;19.7382395419168;19.7382395419168
1732;29.50;28.50;True;False;False;False;60;81.50;29.50;False;False;True;False;1;56.4077777777829;0;56.4077777777829;56.4077777777829
1732;29.50;28.50;True;False;False;False;1123;60.50;18.50;True;False;False;False;1;32.8194444444425;0;32.8194444444425;32.8194444444425
1733;30.50;28.50;True;False;False;False;156;0.50;32.50;False;False;True;False;1;83.1388888888951;0;83.1388888888951;83.1388888888951
1733;30.50;28.50;True;False;False;False;1191;64.50;19.50;True;False;False;False;1;34.7083333333344;0;34.7083333333344;34.7083333333344
1734;31.50;28.50;True;False;False;False;124;0.50;20.50;False;False;True;False;1;70.3755555555551;0;70.3755555555551;70.3755555555551
1734;31.50;28.50;True;False;False;False;1521;10.50;25.50;True;False;False;False;1;20.288888888887;0;20.288888888887;20.288888888887
1735;32.50;28.50;True;False;False;False;108;0.50;14.50;False;False;True;False;1;61.0588888888876;0;61.0588888888876;61.0588888888876
1735;32.50;28.50;True;False;False;False;140;0.50;26.50;False;False;True;False;2;66.0091666666667;0.928581635793292;65.3277777777812;66.6905555555522
1735;32.50;28.50;True;False;False;False;156;0.50;32.50;False;False;True;False;1;99.8416666666667;0;99.8416666666667;99.8416666666667
1735;32.50;28.50;True;False;False;False;236;33.50;0.50;False;True;False;False;1;51.0827777777786;0;51.0827777777786;51.0827777777786
1735;32.50;28.50;True;False;False;False;951;16.50;16.50;True;False;False;False;1;22.8555555555577;0;22.8555555555577;22.8555555555577
1735;32.50;28.50;True;False;False;False;1492;45.50;24.50;True;False;False;False;1;21.7614790838361;0;21.7614790838361;21.7614790838361
1735;32.50;28.50;True;False;False;False;1522;11.50;25.50;True;False;False;False;1;20.3326839863648;0;20.3326839863648;20.3326839863648
1735;32.50;28.50;True;False;False;False;2634;35.50;42.50;True;False;False;False;1;16.5523160136363;0;16.5523160136363;16.5523160136363
1735;32.50;28.50;True;False;False;False;2668;69.50;42.50;True;False;False;False;1;40.0849928070829;0;40.0849928070829;40.0849928070829
1737;34.50;28.50;True;False;False;False;156;0.50;32.50;False;False;True;False;1;69.5522222222194;0;69.5522222222194;69.5522222222194
1737;34.50;28.50;True;False;False;False;252;43.50;0.50;False;True;False;False;1;58.3339826803019;0;58.3339826803019;58.3339826803019
1737;34.50;28.50;True;False;False;False;711;32.50;12.50;True;False;False;False;1;18.1926045807868;0;18.1926045807868;18.1926045807868
1737;34.50;28.50;True;False;False;False;2116;29.50;34.50;True;False;False;False;1;12.7423160136339;0;12.7423160136339;12.7423160136339
1738;35.50;28.50;True;False;False;False;236;33.50;0.50;False;True;False;False;1;44.6055555555556;0;44.6055555555556;44.6055555555556
1738;35.50;28.50;True;False;False;False;613;62.50;10.50;True;False;False;False;1;38.3407431383857;0;38.3407431383857;38.3407431383857
1738;35.50;28.50;True;False;False;False;736;57.50;12.50;True;False;False;False;1;29.4025901949585;0;29.4025901949585;29.4025901949585
1738;35.50;28.50;True;False;False;False;758;15.50;13.50;True;False;False;False;1;27.3833333333341;0;27.3833333333341;27.3833333333341
1738;35.50;28.50;True;False;False;False;1080;17.50;18.50;True;False;False;False;1;23.3749999999991;0;23.3749999999991;23.3749999999991
1738;35.50;28.50;True;False;False;False;1130;67.50;18.50;True;False;False;False;1;35.6539826803046;0;35.6539826803046;35.6539826803046
1738;35.50;28.50;True;False;False;False;1290;35.50;21.50;True;False;False;False;1;10.0780447662073;0;10.0780447662073;10.0780447662073
1738;35.50;28.50;True;False;False;False;1339;20.50;22.50;True;False;False;False;1;18.9188094832962;0;18.9188094832962;18.9188094832962
1738;35.50;28.50;True;False;False;False;1353;34.50;22.50;True;False;False;False;1;9.51388888889051;0;9.51388888889051;9.51388888889051
1738;35.50;28.50;True;False;False;False;1648;9.50;27.50;True;False;False;False;1;21.5;0;21.5;21.5
1738;35.50;28.50;True;False;False;False;1664;25.50;27.50;True;False;False;False;1;11.8656493469744;0;11.8656493469744;11.8656493469744
1738;35.50;28.50;True;False;False;False;1670;31.50;27.50;True;False;False;False;1;8.97222222222354;0;8.97222222222354;8.97222222222354
1738;35.50;28.50;True;False;False;False;1714;11.50;28.50;True;False;False;False;1;19.3583333333318;0;19.3583333333318;19.3583333333318
1738;35.50;28.50;True;False;False;False;1850;19.50;30.50;True;False;False;False;1;16.6527777777765;0;16.6527777777765;16.6527777777765
1738;35.50;28.50;True;False;False;False;1861;30.50;30.50;True;False;False;False;1;8.9652813742332;0;8.9652813742332;8.9652813742332
1738;35.50;28.50;True;False;False;False;1886;55.50;30.50;True;False;False;False;1;22.2465728752541;0;22.2465728752541;22.2465728752541
1738;35.50;28.50;True;False;False;False;1919;24.50;31.50;True;False;False;False;1;14.3555555555577;0;14.3555555555577;14.3555555555577
1738;35.50;28.50;True;False;False;False;2281;66.50;36.50;True;False;False;False;1;29.5828643762852;0;29.5828643762852;29.5828643762852
1738;35.50;28.50;True;False;False;False;2610;11.50;42.50;True;False;False;False;1;29.8830663449071;0;29.8830663449071;29.8830663449071
1739;36.50;28.50;True;False;False;False;888;17.50;15.50;True;False;False;False;1;25.2666666666682;0;25.2666666666682;25.2666666666682
1739;36.50;28.50;True;False;False;False;955;20.50;16.50;True;False;False;False;1;24.7388888888918;0;24.7388888888918;24.7388888888918
1739;36.50;28.50;True;False;False;False;1113;50.50;18.50;True;False;False;False;1;21.8116666666683;0;21.8116666666683;21.8116666666683
1739;36.50;28.50;True;False;False;False;1125;62.50;18.50;True;False;False;False;1;35.5416666666661;0;35.5416666666661;35.5416666666661
1739;36.50;28.50;True;False;False;False;1348;29.50;22.50;True;False;False;False;1;13.5862049025282;0;13.5862049025282;13.5862049025282
1739;36.50;28.50;True;False;False;False;1381;62.50;22.50;True;False;False;False;1;26.1305555555564;0;26.1305555555564;26.1305555555564
1739;36.50;28.50;True;False;False;False;1537;26.50;25.50;True;False;False;False;1;13.6499999999983;0;13.6499999999983;13.6499999999983
1739;36.50;28.50;True;False;False;False;1540;29.50;25.50;True;False;False;False;1;29.4583333333348;0;29.4583333333348;29.4583333333348
1739;36.50;28.50;True;False;False;False;1542;31.50;25.50;True;False;False;False;1;10.0671284308073;0;10.0671284308073;10.0671284308073
1739;36.50;28.50;True;False;False;False;1546;35.50;25.50;True;False;False;False;1;6.82397548738118;0;6.82397548738118;6.82397548738118
1739;36.50;28.50;True;False;False;False;1664;25.50;27.50;True;False;False;False;1;12.944444444448;0;12.944444444448;12.944444444448
1739;36.50;28.50;True;False;False;False;1735;32.50;28.50;True;False;False;False;1;4.53722222221677;0;4.53722222221677;4.53722222221677
1739;36.50;28.50;True;False;False;False;1845;14.50;30.50;True;False;False;False;1;20.8838888888889;0;20.8838888888889;20.8838888888889
1739;36.50;28.50;True;False;False;False;1846;15.50;30.50;True;False;False;False;1;19.7361111111131;0;19.7361111111131;19.7361111111131
1739;36.50;28.50;True;False;False;False;1905;10.50;31.50;True;False;False;False;1;26.1055555555558;0;26.1055555555558;26.1055555555558
1739;36.50;28.50;True;False;False;False;1955;60.50;31.50;True;False;False;False;1;23.3186147075735;0;23.3186147075735;23.3186147075735
1739;36.50;28.50;True;False;False;False;2114;27.50;34.50;True;False;False;False;1;15.0222222222246;0;15.0222222222246;15.0222222222246
1739;36.50;28.50;True;False;False;False;2291;12.50;37.50;True;False;False;False;1;29.1211111111115;0;29.1211111111115;29.1211111111115
1739;36.50;28.50;True;False;False;False;2418;11.50;39.50;True;False;False;False;1;28.3716666666667;0;28.3716666666667;28.3716666666667
1739;36.50;28.50;True;False;False;False;2493;22.50;40.50;True;False;False;False;1;22.1112986939406;0;22.1112986939406;22.1112986939406
1740;37.50;28.50;True;False;False;False;236;33.50;0.50;False;True;False;False;1;33.5472222222224;0;33.5472222222224;33.5472222222224
1740;37.50;28.50;True;False;False;False;526;39.50;9.50;True;False;False;False;1;19.1228715691905;0;19.1228715691905;19.1228715691905
1740;37.50;28.50;True;False;False;False;547;60.50;9.50;True;False;False;False;1;35.7522222222256;0;35.7522222222256;35.7522222222256
1740;37.50;28.50;True;False;False;False;779;36.50;13.50;True;False;False;False;1;15.4027777777787;0;15.4027777777787;15.4027777777787
1740;37.50;28.50;True;False;False;False;883;12.50;15.50;True;False;False;False;1;33.8321356237329;0;33.8321356237329;33.8321356237329
1740;37.50;28.50;True;False;False;False;944;9.50;16.50;True;False;False;False;1;34.2626839863697;0;34.2626839863697;34.2626839863697
1740;37.50;28.50;True;False;False;False;996;61.50;16.50;True;False;False;False;1;28.6694444444411;0;28.6694444444411;28.6694444444411
1740;37.50;28.50;True;False;False;False;1075;12.50;18.50;True;False;False;False;1;27.8838888888895;0;27.8838888888895;27.8838888888895
1740;37.50;28.50;True;False;False;False;1284;29.50;21.50;True;False;False;False;1;14.7755555555536;0;14.7755555555536;14.7755555555536
1740;37.50;28.50;True;False;False;False;1457;10.50;24.50;True;False;False;False;1;25.2899999999963;0;25.2899999999963;25.2899999999963
1740;37.50;28.50;True;False;False;False;1466;19.50;24.50;True;False;False;False;1;18.8444444444458;0;18.8444444444458;18.8444444444458
1740;37.50;28.50;True;False;False;False;1479;32.50;24.50;True;False;False;False;1;9.56639967828141;0;9.56639967828141;9.56639967828141
1740;37.50;28.50;True;False;False;False;1548;37.50;25.50;True;False;False;False;1;5.32101731969669;0;5.32101731969669;5.32101731969669
1740;37.50;28.50;True;False;False;False;1865;34.50;30.50;True;False;False;False;1;10.0916666666653;0;10.0916666666653;10.0916666666653
1740;37.50;28.50;True;False;False;False;1901;70.50;30.50;True;False;False;False;1;28.311111111113;0;28.311111111113;28.311111111113
1740;37.50;28.50;True;False;False;False;1916;21.50;31.50;True;False;False;False;1;16.3151875828253;0;16.3151875828253;16.3151875828253
1740;37.50;28.50;True;False;False;False;2286;71.50;36.50;True;False;False;False;1;34.5604617641384;0;34.5604617641384;34.5604617641384
1740;37.50;28.50;True;False;False;False;2291;12.50;37.50;True;False;False;False;1;27.8355555555581;0;27.8355555555581;27.8355555555581
1740;37.50;28.50;True;False;False;False;2611;12.50;42.50;True;False;False;False;1;31.0410173196979;0;31.0410173196979;31.0410173196979
1743;40.50;28.50;True;False;False;False;92;81.50;41.50;False;False;True;False;1;118.271854249508;0;118.271854249508;118.271854249508
1743;40.50;28.50;True;False;False;False;690;11.50;12.50;True;False;False;False;1;38.0079653606108;0;38.0079653606108;38.0079653606108
1743;40.50;28.50;True;False;False;False;885;14.50;15.50;True;False;False;False;1;30.4822222222301;0;30.4822222222301;30.4822222222301
1743;40.50;28.50;True;False;False;False;954;19.50;16.50;True;False;False;False;1;26.9211111111099;0;26.9211111111099;26.9211111111099
1743;40.50;28.50;True;False;False;False;1156;29.50;19.50;True;False;False;False;1;18.0959235282862;0;18.0959235282862;18.0959235282862
1743;40.50;28.50;True;False;False;False;1194;67.50;19.50;True;False;False;False;1;34.8673160136368;0;34.8673160136368;34.8673160136368
1743;40.50;28.50;True;False;False;False;1504;57.50;24.50;True;False;False;False;1;18.2888888888901;0;18.2888888888901;18.2888888888901
1743;40.50;28.50;True;False;False;False;1679;40.50;27.50;True;False;False;False;1;3.15000000000146;0;3.15000000000146;3.15000000000146
1743;40.50;28.50;True;False;False;False;1892;61.50;30.50;True;False;False;False;1;23.6756493469693;0;23.6756493469693;23.6756493469693
1743;40.50;28.50;True;False;False;False;2117;30.50;34.50;True;False;False;False;1;22.5613996782768;0;22.5613996782768;22.5613996782768
1743;40.50;28.50;True;False;False;False;2314;35.50;37.50;True;False;False;False;1;14.3784271247468;0;14.3784271247468;14.3784271247468
1744;41.50;28.50;True;False;False;False;252;43.50;0.50;False;True;False;False;1;41.4388888888893;0;41.4388888888893;41.4388888888893
1744;41.50;28.50;True;False;False;False;529;42.50;9.50;True;False;False;False;1;17.4129653606042;0;17.4129653606042;17.4129653606042
1744;41.50;28.50;True;False;False;False;622;71.50;10.50;True;False;False;False;1;38.4694444444447;0;38.4694444444447;38.4694444444447
1744;41.50;28.50;True;False;False;False;789;46.50;13.50;True;False;False;False;1;24.161111111111;0;24.161111111111;24.161111111111
1744;41.50;28.50;True;False;False;False;795;52.50;13.50;True;False;False;False;1;21.0194444444453;0;21.0194444444453;21.0194444444453
1744;41.50;28.50;True;False;False;False;1130;67.50;18.50;True;False;False;False;1;27.6611111111088;0;27.6611111111088;27.6611111111088
1744;41.50;28.50;True;False;False;False;1853;22.50;30.50;True;False;False;False;1;18.611471890918;0;18.611471890918;18.611471890918
1745;42.50;28.50;True;False;False;False;76;81.50;35.50;False;False;True;False;1;95.6427777777771;0;95.6427777777771;95.6427777777771
1745;42.50;28.50;True;False;False;False;942;71.50;15.50;True;False;False;False;1;34.6938960818088;0;34.6938960818088;34.6938960818088
1745;42.50;28.50;True;False;False;False;1688;49.50;27.50;True;False;False;False;1;9.75620490252413;0;9.75620490252413;9.75620490252413
1745;42.50;28.50;True;False;False;False;1727;24.50;28.50;True;False;False;False;1;14.1335209161593;0;14.1335209161593;14.1335209161593
1745;42.50;28.50;True;False;False;False;1769;66.50;28.50;True;False;False;False;1;19.5339826803017;0;19.5339826803017;19.5339826803017
1745;42.50;28.50;True;False;False;False;1886;55.50;30.50;True;False;False;False;1;14.6898846298157;0;14.6898846298157;14.6898846298157
1745;42.50;28.50;True;False;False;False;2225;10.50;36.50;True;False;False;False;1;33.4462049025233;0;33.4462049025233;33.4462049025233
1745;42.50;28.50;True;False;False;False;2341;62.50;37.50;True;False;False;False;1;23.5838888888896;0;23.5838888888896;23.5838888888896
1745;42.50;28.50;True;False;False;False;2925;70.50;46.50;True;False;False;False;1;36.7317604580805;0;36.7317604580805;36.7317604580805
1747;44.50;28.50;True;False;False;False;1748;45.50;28.50;True;False;False;False;1;2.1722222222221;0;2.1722222222221;2.1722222222221
1747;44.50;28.50;True;False;False;False;1947;52.50;31.50;True;False;False;False;1;11.8215728752538;0;11.8215728752538;11.8215728752538
1747;44.50;28.50;True;False;False;False;2510;39.50;40.50;True;False;False;False;1;15.5498990156648;0;15.5498990156648;15.5498990156648
1747;44.50;28.50;True;False;False;False;2616;17.50;42.50;True;False;False;False;1;34.608888888888;0;34.608888888888;34.608888888888
1748;45.50;28.50;True;False;False;False;92;81.50;41.50;False;False;True;False;1;49.5089826803017;0;49.5089826803017;49.5089826803017
1748;45.50;28.50;True;False;False;False;580;29.50;10.50;True;False;False;False;1;35.6722222222288;0;35.6722222222288;35.6722222222288
1748;45.50;28.50;True;False;False;False;705;26.50;12.50;True;False;False;False;1;28.1749999999993;0;28.1749999999993;28.1749999999993
1748;45.50;28.50;True;False;False;False;810;67.50;13.50;True;False;False;False;1;29.855;0;29.855;29.855
1748;45.50;28.50;True;False;False;False;935;64.50;15.50;True;False;False;False;1;25.3200937914116;0;25.3200937914116;25.3200937914116
1748;45.50;28.50;True;False;False;False;1172;45.50;19.50;True;False;False;False;1;9.558318947511;0;9.558318947511;9.558318947511
1748;45.50;28.50;True;False;False;False;1317;62.50;21.50;True;False;False;False;1;21.5749999999975;0;21.5749999999975;21.5749999999975
1748;45.50;28.50;True;False;False;False;1369;50.50;22.50;True;False;False;False;1;11.7166666666681;0;11.7166666666681;11.7166666666681
1748;45.50;28.50;True;False;False;False;1489;42.50;24.50;True;False;False;False;1;8.94999999999982;0;8.94999999999982;8.94999999999982
1748;45.50;28.50;True;False;False;False;1501;54.50;24.50;True;False;False;False;1;12.50676045808;0;12.50676045808;12.50676045808
1748;45.50;28.50;True;False;False;False;1509;62.50;24.50;True;False;False;False;1;18.888059152016;0;18.888059152016;18.888059152016
1748;45.50;28.50;True;False;False;False;1581;70.50;25.50;True;False;False;False;1;28.0910173196989;0;28.0910173196989;28.0910173196989
1748;45.50;28.50;True;False;False;False;1743;40.50;28.50;True;False;False;False;1;5.86944444444543;0;5.86944444444543;5.86944444444543
1748;45.50;28.50;True;False;False;False;1763;60.50;28.50;True;False;False;False;1;12.2944444444483;0;12.2944444444483;12.2944444444483
1748;45.50;28.50;True;False;False;False;1951;56.50;31.50;True;False;False;False;1;15.2824098050451;0;15.2824098050451;15.2824098050451
1748;45.50;28.50;True;False;False;False;2093;70.50;33.50;True;False;False;False;1;23.5603679727346;0;23.5603679727346;23.5603679727346
1748;45.50;28.50;True;False;False;False;2276;61.50;36.50;True;False;False;False;1;24.4145382358538;0;24.4145382358538;24.4145382358538
1748;45.50;28.50;True;False;False;False;2282;67.50;36.50;True;False;False;False;1;27.4000000000106;0;27.4000000000106;27.4000000000106
1748;45.50;28.50;True;False;False;False;2296;17.50;37.50;True;False;False;False;1;33.1699856141804;0;33.1699856141804;33.1699856141804
1748;45.50;28.50;True;False;False;False;2526;55.50;40.50;True;False;False;False;1;18.8599062085859;0;18.8599062085859;18.8599062085859
1748;45.50;28.50;True;False;False;False;2538;67.50;40.50;True;False;False;False;1;27.5432395419239;0;27.5432395419239;27.5432395419239
1748;45.50;28.50;True;False;False;False;2679;16.50;43.50;True;False;False;False;1;35.1888888888911;0;35.1888888888911;35.1888888888911
1749;46.50;28.50;True;False;False;False;12;81.50;11.50;False;False;True;False;1;198.526298693938;0;198.526298693938;198.526298693938
1749;46.50;28.50;True;False;False;False;715;36.50;12.50;True;False;False;False;1;23.4534271247467;0;23.4534271247467;23.4534271247467
1749;46.50;28.50;True;False;False;False;730;51.50;12.50;True;False;False;False;1;18.2515728752542;0;18.2515728752542;18.2515728752542
1749;46.50;28.50;True;False;False;False;754;11.50;13.50;True;False;False;False;1;40.3539826803071;0;40.3539826803071;40.3539826803071
1749;46.50;28.50;True;False;False;False;793;50.50;13.50;True;False;False;False;1;16.1383333333324;0;16.1383333333324;16.1383333333324
1749;46.50;28.50;True;False;False;False;985;50.50;16.50;True;False;False;False;1;15.1688888888893;0;15.1688888888893;15.1688888888893
1749;46.50;28.50;True;False;False;False;1117;54.50;18.50;True;False;False;False;1;16.9151875828293;0;16.9151875828293;16.9151875828293
1749;46.50;28.50;True;False;False;False;1573;62.50;25.50;True;False;False;False;1;17.5617604580748;0;17.5617604580748;17.5617604580748
1749;46.50;28.50;True;False;False;False;1767;64.50;28.50;True;False;False;False;1;14.7326839863681;0;14.7326839863681;14.7326839863681
1749;46.50;28.50;True;False;False;False;1881;50.50;30.50;True;False;False;False;1;8.78953823585744;0;8.78953823585744;8.78953823585744
1749;46.50;28.50;True;False;False;False;1950;55.50;31.50;True;False;False;False;1;13.1284271247459;0;13.1284271247459;13.1284271247459
1749;46.50;28.50;True;False;False;False;2639;40.50;42.50;True;False;False;False;1;17.5895382358563;0;17.5895382358563;17.5895382358563
1749;46.50;28.50;True;False;False;False;2679;16.50;43.50;True;False;False;False;1;38.0227777777827;0;38.0227777777827;38.0227777777827
1750;47.50;28.50;True;False;False;False;156;0.50;32.50;False;False;True;False;1;145.810930721204;0;145.810930721204;145.810930721204
1750;47.50;28.50;True;False;False;False;1197;70.50;19.50;True;False;False;False;1;25.6694444444447;0;25.6694444444447;25.6694444444447
1750;47.50;28.50;True;False;False;False;1264;9.50;21.50;True;False;False;False;1;38.9101875828301;0;38.9101875828301;38.9101875828301
1750;47.50;28.50;True;False;False;False;1582;71.50;25.50;True;False;False;False;1;22.7700000000013;0;22.7700000000013;22.7700000000013
1750;47.50;28.50;True;False;False;False;1695;56.50;27.50;True;False;False;False;1;11.3815728752488;0;11.3815728752488;11.3815728752488
1750;47.50;28.50;True;False;False;False;1701;62.50;27.50;True;False;False;False;1;15.6172222222258;0;15.6172222222258;15.6172222222258
1750;47.50;28.50;True;False;False;False;1775;72.50;28.50;True;False;False;False;1;19.186111111112;0;19.186111111112;19.186111111112
1753;50.50;28.50;True;False;False;False;60;81.50;29.50;False;False;True;False;1;115.359170263119;0;115.359170263119;115.359170263119
1753;50.50;28.50;True;False;False;False;92;81.50;41.50;False;False;True;False;1;55.1875035964613;0;55.1875035964613;55.1875035964613
1753;50.50;28.50;True;False;False;False;735;56.50;12.50;True;False;False;False;1;18.7083333333339;0;18.7083333333339;18.7083333333339
1753;50.50;28.50;True;False;False;False;1888;57.50;30.50;True;False;False;False;1;11.574999999998;0;11.574999999998;11.574999999998
1754;51.50;28.50;True;False;False;False;156;0.50;32.50;False;False;True;False;1;157.658427124751;0;157.658427124751;157.658427124751
1754;51.50;28.50;True;False;False;False;2286;71.50;36.50;True;False;False;False;1;23.6845382358588;0;23.6845382358588;23.6845382358588
1758;55.50;28.50;True;False;False;False;220;23.50;0.50;False;True;False;False;1;64.266666666666;0;64.266666666666;64.266666666666
1758;55.50;28.50;True;False;False;False;1548;37.50;25.50;True;False;False;False;1;18.3856493469739;0;18.3856493469739;18.3856493469739
1758;55.50;28.50;True;False;False;False;1650;11.50;27.50;True;False;False;False;1;37.4179653606029;0;37.4179653606029;37.4179653606029
1759;56.50;28.50;True;False;False;False;44;81.50;23.50;False;False;True;False;1;77.9654761499723;0;77.9654761499723;77.9654761499723
1759;56.50;28.50;True;False;False;False;268;53.50;0.50;False;True;False;False;1;55.997777777774;0;55.997777777774;55.997777777774
1759;56.50;28.50;True;False;False;False;1750;47.50;28.50;True;False;False;False;1;8.99166666666724;0;8.99166666666724;8.99166666666724
1759;56.50;28.50;True;False;False;False;1853;22.50;30.50;True;False;False;False;1;29.4046392201622;0;29.4046392201622;29.4046392201622
1762;59.50;28.50;True;False;False;False;44;81.50;23.50;False;False;True;False;1;48.7814790838465;0;48.7814790838465;48.7814790838465
1762;59.50;28.50;True;False;False;False;172;0.50;38.50;False;False;True;False;1;61.683333333337;0;61.683333333337;61.683333333337
1762;59.50;28.50;True;False;False;False;204;13.50;0.50;False;True;False;False;1;68.7049062085898;0;68.7049062085898;68.7049062085898
1762;59.50;28.50;True;False;False;False;792;49.50;13.50;True;False;False;False;1;28.26166666667;0;28.26166666667;28.26166666667
1762;59.50;28.50;True;False;False;False;883;12.50;15.50;True;False;False;False;1;50.2338888888917;0;50.2338888888917;50.2338888888917
1762;59.50;28.50;True;False;False;False;2535;64.50;40.50;True;False;False;False;1;16.1222222222241;0;16.1222222222241;16.1222222222241
1763;60.50;28.50;True;False;False;False;92;81.50;41.50;False;False;True;False;1;190.577222222228;0;190.577222222228;190.577222222228
1763;60.50;28.50;True;False;False;False;1740;37.50;28.50;True;False;False;False;1;23.3722222222259;0;23.3722222222259;23.3722222222259
1764;61.50;28.50;True;False;False;False;44;81.50;23.50;False;False;True;False;1;81.1152813742419;0;81.1152813742419;81.1152813742419
1764;61.50;28.50;True;False;False;False;284;63.50;0.50;False;True;False;False;1;44.3513924853492;0;44.3513924853492;44.3513924853492
1764;61.50;28.50;True;False;False;False;744;65.50;12.50;True;False;False;False;1;17.0166666666655;0;17.0166666666655;17.0166666666655
1764;61.50;28.50;True;False;False;False;1356;37.50;22.50;True;False;False;False;1;23.8876839863644;0;23.8876839863644;23.8876839863644
1764;61.50;28.50;True;False;False;False;1738;35.50;28.50;True;False;False;False;1;24.763145750504;0;24.763145750504;24.763145750504
1765;62.50;28.50;True;False;False;False;92;81.50;41.50;False;False;True;False;1;178.737691179274;0;178.737691179274;178.737691179274
1765;62.50;28.50;True;False;False;False;236;33.50;0.50;False;True;False;False;1;55.2777777777751;0;55.2777777777751;55.2777777777751
1765;62.50;28.50;True;False;False;False;529;42.50;9.50;True;False;False;False;1;35.8638888888891;0;35.8638888888891;35.8638888888891
1765;62.50;28.50;True;False;False;False;1570;59.50;25.50;True;False;False;False;1;8.07499999999891;0;8.07499999999891;8.07499999999891
1767;64.50;28.50;True;False;False;False;44;81.50;23.50;False;False;True;False;1;187.509632027266;0;187.509632027266;187.509632027266
1767;64.50;28.50;True;False;False;False;76;81.50;35.50;False;False;True;False;1;55.0588888888906;0;55.0588888888906;55.0588888888906
1767;64.50;28.50;True;False;False;False;1681;42.50;27.50;True;False;False;False;1;19.9056493469675;0;19.9056493469675;19.9056493469675
1767;64.50;28.50;True;False;False;False;1683;44.50;27.50;True;False;False;False;1;20.9635209161534;0;20.9635209161534;20.9635209161534
1768;65.50;28.50;True;False;False;False;28;81.50;17.50;False;False;True;False;1;102.231760458078;0;102.231760458078;102.231760458078
1768;65.50;28.50;True;False;False;False;204;13.50;0.50;False;True;False;False;1;78.8937156918678;0;78.8937156918678;78.8937156918678
1768;65.50;28.50;True;False;False;False;284;63.50;0.50;False;True;False;False;2;54.8664321881379;20.7791509179854;51.6431457505105;58.0897186257653
1768;65.50;28.50;True;False;False;False;814;71.50;13.50;True;False;False;False;1;21.4111111111115;0;21.4111111111115;21.4111111111115
1768;65.50;28.50;True;False;False;False;1389;70.50;22.50;True;False;False;False;1;11.3653679727331;0;11.3653679727331;11.3653679727331
1768;65.50;28.50;True;False;False;False;1679;40.50;27.50;True;False;False;False;1;22.0777777777753;0;22.0777777777753;22.0777777777753
1768;65.50;28.50;True;False;False;False;1709;70.50;27.50;True;False;False;False;1;8.38981241718011;0;8.38981241718011;8.38981241718011
1769;66.50;28.50;True;False;False;False;60;81.50;29.50;False;False;True;False;1;56.7316594737456;0;56.7316594737456;56.7316594737456
1769;66.50;28.50;True;False;False;False;156;0.50;32.50;False;False;True;False;1;109.255836929805;0;109.255836929805;109.255836929805
1769;66.50;28.50;True;False;False;False;236;33.50;0.50;False;True;False;False;1;58.5671356237231;0;58.5671356237231;58.5671356237231
1769;66.50;28.50;True;False;False;False;284;63.50;0.50;False;True;False;False;5;56.3165209161585;230.742471922242;44.3888888888895;74.4437084989859
1769;66.50;28.50;True;False;False;False;783;40.50;13.50;True;False;False;False;1;34.3325901949527;0;34.3325901949527;34.3325901949527
1769;66.50;28.50;True;False;False;False;1482;35.50;24.50;True;False;False;False;1;31.1944444444448;0;31.1944444444448;31.1944444444448
1769;66.50;28.50;True;False;False;False;1486;39.50;24.50;True;False;False;False;1;38.9145382358568;0;38.9145382358568;38.9145382358568
1769;66.50;28.50;True;False;False;False;1492;45.50;24.50;True;False;False;False;1;21.8361111111126;0;21.8361111111126;21.8361111111126
1769;66.50;28.50;True;False;False;False;1514;67.50;24.50;True;False;False;False;1;6.88398268030414;0;6.88398268030414;6.88398268030414
1769;66.50;28.50;True;False;False;False;1555;44.50;25.50;True;False;False;False;1;20.8150865984919;0;20.8150865984919;20.8150865984919
1769;66.50;28.50;True;False;False;False;1679;40.50;27.50;True;False;False;False;1;24.9929653606032;0;24.9929653606032;24.9929653606032
1769;66.50;28.50;True;False;False;False;1867;36.50;30.50;True;False;False;False;1;24.9527777777789;0;24.9527777777789;24.9527777777789
1770;67.50;28.50;True;False;False;False;252;43.50;0.50;False;True;False;False;1;59.3133333333321;0;59.3133333333321;59.3133333333321
1770;67.50;28.50;True;False;False;False;1486;39.50;24.50;True;False;False;False;1;35.0317604580793;0;35.0317604580793;35.0317604580793
1770;67.50;28.50;True;False;False;False;1748;45.50;28.50;True;False;False;False;1;17.3233333333224;0;17.3233333333224;17.3233333333224
1772;69.50;28.50;True;False;False;False;44;81.50;23.50;False;False;True;False;1;146.413888888883;0;146.413888888883;146.413888888883
1772;69.50;28.50;True;False;False;False;284;63.50;0.50;False;True;False;False;1;35.2861111111088;0;35.2861111111088;35.2861111111088
1772;69.50;28.50;True;False;False;False;1356;37.50;22.50;True;False;False;False;1;29.0249999999983;0;29.0249999999983;29.0249999999983
1772;69.50;28.50;True;False;False;False;1703;64.50;27.50;True;False;False;False;1;7.85490620858809;0;7.85490620858809;7.85490620858809
1773;70.50;28.50;True;False;False;False;60;81.50;29.50;False;False;True;False;1;89.7494372515462;0;89.7494372515462;89.7494372515462
1773;70.50;28.50;True;False;False;False;546;59.50;9.50;True;False;False;False;1;24.1333333333328;0;24.1333333333328;24.1333333333328
1774;71.50;28.50;True;False;False;False;60;81.50;29.50;False;False;True;False;1;198.945743138392;0;198.945743138392;198.945743138392
1774;71.50;28.50;True;False;False;False;284;63.50;0.50;False;True;False;False;1;52.2061689378243;0;52.2061689378243;52.2061689378243
1774;71.50;28.50;True;False;False;False;1295;40.50;21.50;True;False;False;False;1;29.7062049025317;0;29.7062049025317;29.7062049025317
1775;72.50;28.50;True;False;False;False;60;81.50;29.50;False;False;True;False;2;114.18318904977;2057.66401653453;82.1077777777809;146.25860032176
1775;72.50;28.50;True;False;False;False;92;81.50;41.50;False;False;True;False;1;122.651204902525;0;122.651204902525;122.651204902525
1775;72.50;28.50;True;False;False;False;503;16.50;9.50;True;False;False;False;1;61.4055555555587;0;61.4055555555587;61.4055555555587
1775;72.50;28.50;True;False;False;False;1492;45.50;24.50;True;False;False;False;1;25.644076471719;0;25.644076471719;25.644076471719
1775;72.50;28.50;True;False;False;False;1892;61.50;30.50;True;False;False;False;1;13.7022222222226;0;13.7022222222226;13.7022222222226
1840;9.50;30.50;True;False;False;False;204;13.50;0.50;False;True;False;False;1;44.2700937914115;0;44.2700937914115;44.2700937914115
1840;9.50;30.50;True;False;False;False;1356;37.50;22.50;True;False;False;False;1;30.2444444444436;0;30.2444444444436;30.2444444444436
1845;14.50;30.50;True;False;False;False;108;0.50;14.50;False;False;True;False;1;60.6194444444449;0;60.6194444444449;60.6194444444449
1845;14.50;30.50;True;False;False;False;140;0.50;26.50;False;False;True;False;3;101.946883115657;1053.89105884699;64.7572222222298;124.614538235848
1845;14.50;30.50;True;False;False;False;204;13.50;0.50;False;True;False;False;1;55.3749062085874;0;55.3749062085874;55.3749062085874
1845;14.50;30.50;True;False;False;False;220;23.50;0.50;False;True;False;False;1;48.7120346393954;0;48.7120346393954;48.7120346393954
1845;14.50;30.50;True;False;False;False;497;10.50;9.50;True;False;False;False;1;21.7777777777779;0;21.7777777777779;21.7777777777779
1845;14.50;30.50;True;False;False;False;1197;70.50;19.50;True;False;False;False;1;52.5625830020508;0;52.5625830020508;52.5625830020508
1845;14.50;30.50;True;False;False;False;1356;37.50;22.50;True;False;False;False;1;25.3727777777763;0;25.3727777777763;25.3727777777763
1845;14.50;30.50;True;False;False;False;1492;45.50;24.50;True;False;False;False;1;29.776948040907;0;29.776948040907;29.776948040907
1845;14.50;30.50;True;False;False;False;1528;17.50;25.50;True;False;False;False;1;9.36111111110949;0;9.36111111110949;9.36111111110949
1845;14.50;30.50;True;False;False;False;1917;22.50;31.50;True;False;False;False;1;10.3555555555558;0;10.3555555555558;10.3555555555558
1846;15.50;30.50;True;False;False;False;108;0.50;14.50;False;False;True;False;1;196.323520916165;0;196.323520916165;196.323520916165
1846;15.50;30.50;True;False;False;False;124;0.50;20.50;False;False;True;False;1;95.7089826803067;0;95.7089826803067;95.7089826803067
1846;15.50;30.50;True;False;False;False;1338;19.50;22.50;True;False;False;False;1;12.9445382358608;0;12.9445382358608;12.9445382358608
1846;15.50;30.50;True;False;False;False;1713;10.50;28.50;True;False;False;False;1;9.10582973686996;0;9.10582973686996;9.10582973686996
1847;16.50;30.50;True;False;False;False;108;0.50;14.50;False;False;True;False;1;65.0728715691894;0;65.0728715691894;65.0728715691894
1847;16.50;30.50;True;False;False;False;188;0.50;44.50;False;False;True;False;1;151.43787156919;0;151.43787156919;151.43787156919
1847;16.50;30.50;True;False;False;False;1172;45.50;19.50;True;False;False;False;1;33.7979653606017;0;33.7979653606017;33.7979653606017
1847;16.50;30.50;True;False;False;False;1486;39.50;24.50;True;False;False;False;1;37.9000000000003;0;37.9000000000003;37.9000000000003
1848;17.50;30.50;True;False;False;False;156;0.50;32.50;False;False;True;False;2;95.9004184648935;155.393695278062;87.0858369297875;104.714999999999
1848;17.50;30.50;True;False;False;False;284;63.50;0.50;False;True;False;False;1;76.137402612128;0;76.137402612128;76.137402612128
1848;17.50;30.50;True;False;False;False;1521;10.50;25.50;True;False;False;False;1;12.2157431383807;0;12.2157431383807;12.2157431383807
1848;17.50;30.50;True;False;False;False;1548;37.50;25.50;True;False;False;False;1;21.3567604580803;0;21.3567604580803;21.3567604580803
1848;17.50;30.50;True;False;False;False;2896;41.50;46.50;True;False;False;False;1;40.0287156918953;0;40.0287156918953;40.0287156918953
1850;19.50;30.50;True;False;False;False;188;0.50;44.50;False;False;True;False;1;176.417871569197;0;176.417871569197;176.417871569197
1850;19.50;30.50;True;False;False;False;1749;46.50;28.50;True;False;False;False;1;27.1055555555577;0;27.1055555555577;27.1055555555577
1851;20.50;30.50;True;False;False;False;60;81.50;29.50;False;False;True;False;1;179.540093791424;0;179.540093791424;179.540093791424
1851;20.50;30.50;True;False;False;False;108;0.50;14.50;False;False;True;False;1;86.9394444444497;0;86.9394444444497;86.9394444444497
1851;20.50;30.50;True;False;False;False;124;0.50;20.50;False;False;True;False;1;151.668246734831;0;151.668246734831;151.668246734831
1851;20.50;30.50;True;False;False;False;898;27.50;15.50;True;False;False;False;1;19.6228715691896;0;19.6228715691896;19.6228715691896
1851;20.50;30.50;True;False;False;False;1546;35.50;25.50;True;False;False;False;1;18.1735137232399;0;18.1735137232399;18.1735137232399
1851;20.50;30.50;True;False;False;False;2304;25.50;37.50;True;False;False;False;1;12.3228715691912;0;12.3228715691912;12.3228715691912
1852;21.50;30.50;True;False;False;False;44;81.50;23.50;False;False;True;False;2;173.574772714396;14141.4007488028;89.4873160136403;257.662229415151
1852;21.50;30.50;True;False;False;False;220;23.50;0.50;False;True;False;False;2;24.8660462330536;1037.03582600373;2.09505782670931;47.6370346393978
1852;21.50;30.50;True;False;False;False;236;33.50;0.50;False;True;False;False;1;49.1323160136308;0;49.1323160136308;49.1323160136308
1852;21.50;30.50;True;False;False;False;504;17.50;9.50;True;False;False;False;1;22.4404617641476;0;22.4404617641476;22.4404617641476
1852;21.50;30.50;True;False;False;False;1197;70.50;19.50;True;False;False;False;1;46.8388888888849;0;46.8388888888849;46.8388888888849
1852;21.50;30.50;True;False;False;False;1492;45.50;24.50;True;False;False;False;1;25.0021284308095;0;25.0021284308095;25.0021284308095
1852;21.50;30.50;True;False;False;False;2226;11.50;36.50;True;False;False;False;1;15.0169408479824;0;15.0169408479824;15.0169408479824
1853;22.50;30.50;True;False;False;False;124;0.50;20.50;False;False;True;False;1;134.265743138375;0;134.265743138375;134.265743138375
1853;22.50;30.50;True;False;False;False;156;0.50;32.50;False;False;True;False;1;42.5770924661938;0;42.5770924661938;42.5770924661938
1853;22.50;30.50;True;False;False;False;172;0.50;38.50;False;False;True;False;1;91.8457503312975;0;91.8457503312975;91.8457503312975
1853;22.50;30.50;True;False;False;False;220;23.50;0.50;False;True;False;False;1;63.9476839863644;0;63.9476839863644;63.9476839863644
1853;22.50;30.50;True;False;False;False;1088;25.50;18.50;True;False;False;False;1;14.8628787621146;0;14.8628787621146;14.8628787621146
1853;22.50;30.50;True;False;False;False;1136;9.50;19.50;True;False;False;False;1;29.7370490252288;0;29.7370490252288;29.7370490252288
1853;22.50;30.50;True;False;False;False;2229;14.50;36.50;True;False;False;False;1;13.2750000000002;0;13.2750000000002;13.2750000000002
1853;22.50;30.50;True;False;False;False;2304;25.50;37.50;True;False;False;False;1;12.0833333333335;0;12.0833333333335;12.0833333333335
1855;24.50;30.50;True;False;False;False;156;0.50;32.50;False;False;True;False;1;44.5583333333379;0;44.5583333333379;44.5583333333379
1855;24.50;30.50;True;False;False;False;172;0.50;38.50;False;False;True;False;1;34.990743138379;0;34.990743138379;34.990743138379
1855;24.50;30.50;True;False;False;False;570;19.50;10.50;True;False;False;False;1;21.6537950974725;0;21.6537950974725;21.6537950974725
1855;24.50;30.50;True;False;False;False;1281;26.50;21.50;True;False;False;False;1;12.214163070209;0;12.214163070209;12.214163070209
1857;26.50;30.50;True;False;False;False;220;23.50;0.50;False;True;False;False;1;59.2083333333376;0;59.2083333333376;59.2083333333376
1857;26.50;30.50;True;False;False;False;268;53.50;0.50;False;True;False;False;1;85.6305555555564;0;85.6305555555564;85.6305555555564
1857;26.50;30.50;True;False;False;False;523;36.50;9.50;True;False;False;False;1;25.2673160136351;0;25.2673160136351;25.2673160136351
1861;30.50;30.50;True;False;False;False;124;0.50;20.50;False;False;True;False;1;162.758239541929;0;162.758239541929;162.758239541929
1861;30.50;30.50;True;False;False;False;903;32.50;15.50;True;False;False;False;1;16.1657287525722;0;16.1657287525722;16.1657287525722
1862;31.50;30.50;True;False;False;False;108;0.50;14.50;False;False;True;False;1;113.029812417183;0;113.029812417183;113.029812417183
1862;31.50;30.50;True;False;False;False;597;46.50;10.50;True;False;False;False;1;28.6222222222223;0;28.6222222222223;28.6222222222223
1862;31.50;30.50;True;False;False;False;608;57.50;10.50;True;False;False;False;1;37.4985209161619;0;37.4985209161619;37.4985209161619
1863;32.50;30.50;True;False;False;False;60;81.50;29.50;False;False;True;False;1;119.308982680304;0;119.308982680304;119.308982680304
1863;32.50;30.50;True;False;False;False;204;13.50;0.50;False;True;False;False;1;47.2120274465024;0;47.2120274465024;47.2120274465024
1863;32.50;30.50;True;False;False;False;2111;24.50;34.50;True;False;False;False;1;11.971572875254;0;11.971572875254;11.971572875254
1863;32.50;30.50;True;False;False;False;2807;16.50;45.50;True;False;False;False;1;25.9098990156926;0;25.9098990156926;25.9098990156926
1865;34.50;30.50;True;False;False;False;124;0.50;20.50;False;False;True;False;1;121.275649346964;0;121.275649346964;121.275649346964
1865;34.50;30.50;True;False;False;False;1378;59.50;22.50;True;False;False;False;1;25.638888888891;0;25.638888888891;25.638888888891
1866;35.50;30.50;True;False;False;False;236;33.50;0.50;False;True;False;False;1;52.4894444444451;0;52.4894444444451;52.4894444444451
1866;35.50;30.50;True;False;False;False;1920;25.50;31.50;True;False;False;False;1;12.1611111111151;0;12.1611111111151;12.1611111111151
1866;35.50;30.50;True;False;False;False;2109;22.50;34.50;True;False;False;False;1;15.6206493469717;0;15.6206493469717;15.6206493469717
1866;35.50;30.50;True;False;False;False;2432;25.50;39.50;True;False;False;False;1;17.8478715691963;0;17.8478715691963;17.8478715691963
1867;36.50;30.50;True;False;False;False;156;0.50;32.50;False;False;True;False;1;39.6912986939342;0;39.6912986939342;39.6912986939342
1867;36.50;30.50;True;False;False;False;1476;29.50;24.50;True;False;False;False;1;14.0444444444447;0;14.0444444444447;14.0444444444447
1867;36.50;30.50;True;False;False;False;2429;22.50;39.50;True;False;False;False;1;19.583333333333;0;19.583333333333;19.583333333333
1867;36.50;30.50;True;False;False;False;2735;72.50;43.50;True;False;False;False;1;39.9456493469761;0;39.9456493469761;39.9456493469761
1868;37.50;30.50;True;False;False;False;204;13.50;0.50;False;True;False;False;1;57.6416666666667;0;57.6416666666667;57.6416666666667
1868;37.50;30.50;True;False;False;False;1102;39.50;18.50;True;False;False;False;1;13.5077777777774;0;13.5077777777774;13.5077777777774
1868;37.50;30.50;True;False;False;False;1274;19.50;21.50;True;False;False;False;1;22.0116666666727;0;22.0116666666727;22.0116666666727
1868;37.50;30.50;True;False;False;False;1743;40.50;28.50;True;False;False;False;1;7.58676045807988;0;7.58676045807988;7.58676045807988
1868;37.50;30.50;True;False;False;False;2045;22.50;33.50;True;False;False;False;1;17.2200937914131;0;17.2200937914131;17.2200937914131
1868;37.50;30.50;True;False;False;False;2063;40.50;33.50;True;False;False;False;1;9.04287156919054;0;9.04287156919054;9.04287156919054
1868;37.50;30.50;True;False;False;False;2310;31.50;37.50;True;False;False;False;1;13.2605555555529;0;13.2605555555529;13.2605555555529
1868;37.50;30.50;True;False;False;False;2486;15.50;40.50;True;False;False;False;1;25.6592568616279;0;25.6592568616279;25.6592568616279
1870;39.50;30.50;True;False;False;False;188;0.50;44.50;False;False;True;False;1;110.955375165654;0;110.955375165654;110.955375165654
1876;45.50;30.50;True;False;False;False;1314;59.50;21.50;True;False;False;False;1;20.1527777777801;0;20.1527777777801;20.1527777777801
1876;45.50;30.50;True;False;False;False;1885;54.50;30.50;True;False;False;False;1;9.05333333333874;0;9.05333333333874;9.05333333333874
1876;45.50;30.50;True;False;False;False;2271;56.50;36.50;True;False;False;False;1;16.227777777779;0;16.227777777779;16.227777777779
1876;45.50;30.50;True;False;False;False;2334;55.50;37.50;True;False;False;False;1;15.4388888888952;0;15.4388888888952;15.4388888888952
1876;45.50;30.50;True;False;False;False;2343;64.50;37.50;True;False;False;False;1;22.7138888888894;0;22.7138888888894;22.7138888888894
1876;45.50;30.50;True;False;False;False;2476;69.50;39.50;True;False;False;False;1;27.2450937914129;0;27.2450937914129;27.2450937914129
1877;46.50;30.50;True;False;False;False;252;43.50;0.50;False;True;False;False;1;85.045000000001;0;85.045000000001;85.045000000001
1877;46.50;30.50;True;False;False;False;961;26.50;16.50;True;False;False;False;1;30.8222222222239;0;30.8222222222239;30.8222222222239
1877;46.50;30.50;True;False;False;False;2159;72.50;34.50;True;False;False;False;1;24.9156493469745;0;24.9156493469745;24.9156493469745
1878;47.50;30.50;True;False;False;False;252;43.50;0.50;False;True;False;False;1;36.5866666666611;0;36.5866666666611;36.5866666666611
1878;47.50;30.50;True;False;False;False;2064;41.50;33.50;True;False;False;False;1;10.1777777777788;0;10.1777777777788;10.1777777777788
1880;49.50;30.50;True;False;False;False;1890;59.50;30.50;True;False;False;False;1;9.5888888888885;0;9.5888888888885;9.5888888888885
1881;50.50;30.50;True;False;False;False;60;81.50;29.50;False;False;True;False;2;68.8124531042945;18.8935939724641;65.7388888888872;71.8860173197018
1881;50.50;30.50;True;False;False;False;793;50.50;13.50;True;False;False;False;1;14.0856493469537;0;14.0856493469537;14.0856493469537
1881;50.50;30.50;True;False;False;False;1492;45.50;24.50;True;False;False;False;1;11.7134271247442;0;11.7134271247442;11.7134271247442
1885;54.50;30.50;True;False;False;False;60;81.50;29.50;False;False;True;False;1;154.891760458078;0;154.891760458078;154.891760458078
1885;54.50;30.50;True;False;False;False;284;63.50;0.50;False;True;False;False;1;62.5838888888852;0;62.5838888888852;62.5838888888852
1885;54.50;30.50;True;False;False;False;1349;30.50;22.50;True;False;False;False;1;26.2117604580785;0;26.2117604580785;26.2117604580785
1885;54.50;30.50;True;False;False;False;1868;37.50;30.50;True;False;False;False;1;18.8000000000002;0;18.8000000000002;18.8000000000002
1886;55.50;30.50;True;False;False;False;44;81.50;23.50;False;False;True;False;1;122.326760458088;0;122.326760458088;122.326760458088
1886;55.50;30.50;True;False;False;False;252;43.50;0.50;False;True;False;False;1;43.3492568616186;0;43.3492568616186;43.3492568616186
1886;55.50;30.50;True;False;False;False;1737;34.50;28.50;True;False;False;False;1;20.4799062085879;0;20.4799062085879;20.4799062085879
1886;55.50;30.50;True;False;False;False;1748;45.50;28.50;True;False;False;False;1;12.2478715691868;0;12.2478715691868;12.2478715691868
1887;56.50;30.50;True;False;False;False;60;81.50;29.50;False;False;True;False;1;133.47157287526;0;133.47157287526;133.47157287526
1887;56.50;30.50;True;False;False;False;2098;11.50;34.50;True;False;False;False;1;39.2250000000022;0;39.2250000000022;39.2250000000022
1888;57.50;30.50;True;False;False;False;12;81.50;11.50;False;False;True;False;1;133.427777777785;0;133.427777777785;133.427777777785
1888;57.50;30.50;True;False;False;False;60;81.50;29.50;False;False;True;False;1;93.7468542495017;0;93.7468542495017;93.7468542495017
1888;57.50;30.50;True;False;False;False;542;55.50;9.50;True;False;False;False;1;21.1839826803034;0;21.1839826803034;21.1839826803034
1888;57.50;30.50;True;False;False;False;1376;57.50;22.50;True;False;False;False;1;7.90953823585869;0;7.90953823585869;7.90953823585869
1890;59.50;30.50;True;False;False;False;268;53.50;0.50;False;True;False;False;1;40.9662986939406;0;40.9662986939406;40.9662986939406
1890;59.50;30.50;True;False;False;False;1327;72.50;21.50;True;False;False;False;1;19.122871569185;0;19.122871569185;19.122871569185
1891;60.50;30.50;True;False;False;False;92;81.50;41.50;False;False;True;False;1;94.1574964035399;0;94.1574964035399;94.1574964035399
1891;60.50;30.50;True;False;False;False;2927;72.50;46.50;True;False;False;False;1;22.658888888885;0;22.658888888885;22.658888888885
1892;61.50;30.50;True;False;False;False;92;81.50;41.50;False;False;True;False;2;120.438290034091;4332.41734307984;73.8957431383751;166.980836929807
1892;61.50;30.50;True;False;False;False;284;63.50;0.50;False;True;False;False;2;63.2860209161611;886.969100730465;42.2269480409077;84.3450937914145
1892;61.50;30.50;True;False;False;False;1390;71.50;22.50;True;False;False;False;1;16.771666666657;0;16.771666666657;16.771666666657
1892;61.50;30.50;True;False;False;False;1488;41.50;24.50;True;False;False;False;1;22.2367604580822;0;22.2367604580822;22.2367604580822
1892;61.50;30.50;True;False;False;False;1492;45.50;24.50;True;False;False;False;1;20.7755555555577;0;20.7755555555577;20.7755555555577
1892;61.50;30.50;True;False;False;False;1703;64.50;27.50;True;False;False;False;1;8.80277777777792;0;8.80277777777792;8.80277777777792
1893;62.50;30.50;True;False;False;False;1326;71.50;21.50;True;False;False;False;1;16.6246392201945;0;16.6246392201945;16.6246392201945
1896;65.50;30.50;True;False;False;False;76;81.50;35.50;False;False;True;False;1;47.9326839863652;0;47.9326839863652;47.9326839863652
1896;65.50;30.50;True;False;False;False;542;55.50;9.50;True;False;False;False;1;24.8127777777845;0;24.8127777777845;24.8127777777845
1898;67.50;30.50;True;False;False;False;76;81.50;35.50;False;False;True;False;1;104.695461764145;0;104.695461764145;104.695461764145
1898;67.50;30.50;True;False;False;False;1900;69.50;30.50;True;False;False;False;1;4.18333333333294;0;4.18333333333294;4.18333333333294
1900;69.50;30.50;True;False;False;False;124;0.50;20.50;False;False;True;False;1;73.3958369297939;0;73.3958369297939;73.3958369297939
1900;69.50;30.50;True;False;False;False;172;0.50;38.50;False;False;True;False;1;194.126298693928;0;194.126298693928;194.126298693928
1900;69.50;30.50;True;False;False;False;236;33.50;0.50;False;True;False;False;1;58.4387950974815;0;58.4387950974815;58.4387950974815
1900;69.50;30.50;True;False;False;False;1464;17.50;24.50;True;False;False;False;1;45.3944444444433;0;45.3944444444433;45.3944444444433
1900;69.50;30.50;True;False;False;False;1739;36.50;28.50;True;False;False;False;1;27.7117604580794;0;27.7117604580794;27.7117604580794
1900;69.50;30.50;True;False;False;False;2345;66.50;37.50;True;False;False;False;1;11.0450000000046;0;11.0450000000046;11.0450000000046
1901;70.50;30.50;True;False;False;False;60;81.50;29.50;False;False;True;False;1;89.24379509748;0;89.24379509748;89.24379509748
1901;70.50;30.50;True;False;False;False;188;0.50;44.50;False;False;True;False;1;123.670743138394;0;123.670743138394;123.670743138394
1901;70.50;30.50;True;False;False;False;268;53.50;0.50;False;True;False;False;1;54.60777777778;0;54.60777777778;54.60777777778
1901;70.50;30.50;True;False;False;False;1550;39.50;25.50;True;False;False;False;2;28.7232251560558;0.132215264209366;28.4661111111172;28.9803392009944
1901;70.50;30.50;True;False;False;False;1679;40.50;27.50;True;False;False;False;1;27.7994444444457;0;27.7994444444457;27.7994444444457
1902;71.50;30.50;True;False;False;False;92;81.50;41.50;False;False;True;False;1;101.427871569194;0;101.427871569194;101.427871569194
1902;71.50;30.50;True;False;False;False;268;53.50;0.50;False;True;False;False;1;46.6749999999956;0;46.6749999999956;46.6749999999956
1902;71.50;30.50;True;False;False;False;1166;39.50;19.50;True;False;False;False;1;35.9277777777843;0;35.9277777777843;35.9277777777843
1902;71.50;30.50;True;False;False;False;2882;27.50;46.50;True;False;False;False;1;46.3387950974793;0;46.3387950974793;46.3387950974793
1903;72.50;30.50;True;False;False;False;60;81.50;29.50;False;False;True;False;1;132.980555555552;0;132.980555555552;132.980555555552
1903;72.50;30.50;True;False;False;False;76;81.50;35.50;False;False;True;False;1;93.3234271247461;0;93.3234271247461;93.3234271247461
1903;72.50;30.50;True;False;False;False;284;63.50;0.50;False;True;False;False;2;40.7203751656486;1.18893541454889;39.9493578459505;41.4913924853468
1903;72.50;30.50;True;False;False;False;748;69.50;12.50;True;False;False;False;1;17.7161111111145;0;17.7161111111145;17.7161111111145
1903;72.50;30.50;True;False;False;False;803;60.50;13.50;True;False;False;False;1;24.5370346393984;0;24.5370346393984;24.5370346393984
1903;72.50;30.50;True;False;False;False;1548;37.50;25.50;True;False;False;False;1;32.9125035964616;0;32.9125035964616;32.9125035964616
1903;72.50;30.50;True;False;False;False;1765;62.50;28.50;True;False;False;False;1;14.7532467348381;0;14.7532467348381;14.7532467348381
1904;9.50;31.50;True;False;False;False;204;13.50;0.50;False;True;False;False;1;52.1799134015041;0;52.1799134015041;52.1799134015041
1904;9.50;31.50;True;False;False;False;1723;20.50;28.50;True;False;False;False;1;14.50870849898;0;14.50870849898;14.50870849898
1905;10.50;31.50;True;False;False;False;140;0.50;26.50;False;False;True;False;1;55.0916666666744;0;55.0916666666744;55.0916666666744
1905;10.50;31.50;True;False;False;False;188;0.50;44.50;False;False;True;False;1;206.042316013643;0;206.042316013643;206.042316013643
1905;10.50;31.50;True;False;False;False;204;13.50;0.50;False;True;False;False;1;43.3012049025187;0;43.3012049025187;43.3012049025187
1905;10.50;31.50;True;False;False;False;561;10.50;10.50;True;False;False;False;1;15.7633333333342;0;15.7633333333342;15.7633333333342
1905;10.50;31.50;True;False;False;False;1550;39.50;25.50;True;False;False;False;1;27.4688888888904;0;27.4688888888904;27.4688888888904
1905;10.50;31.50;True;False;False;False;2230;15.50;36.50;True;False;False;False;1;10.3354617641321;0;10.3354617641321;10.3354617641321
1906;11.50;31.50;True;False;False;False;140;0.50;26.50;False;False;True;False;1;43.581385292433;0;43.581385292433;43.581385292433
1906;11.50;31.50;True;False;False;False;204;13.50;0.50;False;True;False;False;1;50.3534271247462;0;50.3534271247462;50.3534271247462
1906;11.50;31.50;True;False;False;False;236;33.50;0.50;False;True;False;False;1;52.4888888888886;0;52.4888888888886;52.4888888888886
1906;11.50;31.50;True;False;False;False;268;53.50;0.50;False;True;False;False;1;81.6311111111063;0;81.6311111111063;81.6311111111063
1906;11.50;31.50;True;False;False;False;976;41.50;16.50;True;False;False;False;1;36.0087084989864;0;36.0087084989864;36.0087084989864
1906;11.50;31.50;True;False;False;False;1483;36.50;24.50;True;False;False;False;1;25.6854617641427;0;25.6854617641427;25.6854617641427
1906;11.50;31.50;True;False;False;False;1668;29.50;27.50;True;False;False;False;1;27.4749999999967;0;27.4749999999967;27.4749999999967
1906;11.50;31.50;True;False;False;False;1749;46.50;28.50;True;False;False;False;1;29.1827777777778;0;29.1827777777778;29.1827777777778
1907;12.50;31.50;True;False;False;False;140;0.50;26.50;False;False;True;False;1;122.230836929789;0;122.230836929789;122.230836929789
1907;12.50;31.50;True;False;False;False;156;0.50;32.50;False;False;True;False;1;71.9395454287787;0;71.9395454287787;71.9395454287787
1907;12.50;31.50;True;False;False;False;2045;22.50;33.50;True;False;False;False;1;12.2944444444445;0;12.2944444444445;12.2944444444445
1907;12.50;31.50;True;False;False;False;2295;16.50;37.50;True;False;False;False;1;11.5117604580787;0;11.5117604580787;11.5117604580787
1909;14.50;31.50;True;False;False;False;124;0.50;20.50;False;False;True;False;1;37.7836075146542;0;37.7836075146542;37.7836075146542
1909;14.50;31.50;True;False;False;False;2807;16.50;45.50;True;False;False;False;1;14.6110245126092;0;14.6110245126092;14.6110245126092
1910;15.50;31.50;True;False;False;False;108;0.50;14.50;False;False;True;False;1;63.0893506530318;0;63.0893506530318;63.0893506530318
1910;15.50;31.50;True;False;False;False;204;13.50;0.50;False;True;False;False;1;49.6222222222223;0;49.6222222222223;49.6222222222223
1910;15.50;31.50;True;False;False;False;1488;41.50;24.50;True;False;False;False;1;28.5583333333336;0;28.5583333333336;28.5583333333336
1910;15.50;31.50;True;False;False;False;1868;37.50;30.50;True;False;False;False;1;19.3717604580806;0;19.3717604580806;19.3717604580806
1911;16.50;31.50;True;False;False;False;44;81.50;23.50;False;False;True;False;1;143.107676793457;0;143.107676793457;143.107676793457
1911;16.50;31.50;True;False;False;False;2679;16.50;43.50;True;False;False;False;1;10.5083333333318;0;10.5083333333318;10.5083333333318
1914;19.50;31.50;True;False;False;False;156;0.50;32.50;False;False;True;False;1;33.9555195908533;0;33.9555195908533;33.9555195908533
1914;19.50;31.50;True;False;False;False;204;13.50;0.50;False;True;False;False;1;63.5555555555543;0;63.5555555555543;63.5555555555543
1914;19.50;31.50;True;False;False;False;236;33.50;0.50;False;True;False;False;1;45.9466666666685;0;45.9466666666685;45.9466666666685
1914;19.50;31.50;True;False;False;False;1548;37.50;25.50;True;False;False;False;1;20.1682395419205;0;20.1682395419205;20.1682395419205
1914;19.50;31.50;True;False;False;False;2040;17.50;33.50;True;False;False;False;1;7.16601731969786;0;7.16601731969786;7.16601731969786
1914;19.50;31.50;True;False;False;False;2835;44.50;45.50;True;False;False;False;1;32.7496320272448;0;32.7496320272448;32.7496320272448
1916;21.50;31.50;True;False;False;False;156;0.50;32.50;False;False;True;False;1;91.0484271247457;0;91.0484271247457;91.0484271247457
1916;21.50;31.50;True;False;False;False;188;0.50;44.50;False;False;True;False;1;179.020649346979;0;179.020649346979;179.020649346979
1916;21.50;31.50;True;False;False;False;220;23.50;0.50;False;True;False;False;1;54.3972222222292;0;54.3972222222292;54.3972222222292
1916;21.50;31.50;True;False;False;False;252;43.50;0.50;False;True;False;False;1;52.4694444444449;0;52.4694444444449;52.4694444444449
1916;21.50;31.50;True;False;False;False;284;63.50;0.50;False;True;False;False;1;84.9450937914071;0;84.9450937914071;84.9450937914071
1916;21.50;31.50;True;False;False;False;504;17.50;9.50;True;False;False;False;1;21.7005555555643;0;21.7005555555643;21.7005555555643
1916;21.50;31.50;True;False;False;False;945;10.50;16.50;True;False;False;False;1;21.599999999999;0;21.599999999999;21.599999999999
1916;21.50;31.50;True;False;False;False;1486;39.50;24.50;True;False;False;False;1;21.2631529434304;0;21.2631529434304;21.2631529434304
1916;21.50;31.50;True;False;False;False;1492;45.50;24.50;True;False;False;False;1;24.9026839863673;0;24.9026839863673;24.9026839863673
1916;21.50;31.50;True;False;False;False;1713;10.50;28.50;True;False;False;False;1;13.7401875828277;0;13.7401875828277;13.7401875828277
1917;22.50;31.50;True;False;False;False;156;0.50;32.50;False;False;True;False;1;123.664538235853;0;123.664538235853;123.664538235853
1917;22.50;31.50;True;False;False;False;2418;11.50;39.50;True;False;False;False;1;17.541666666662;0;17.541666666662;17.541666666662
1917;22.50;31.50;True;False;False;False;2907;52.50;46.50;True;False;False;False;1;36.7023160136359;0;36.7023160136359;36.7023160136359
1919;24.50;31.50;True;False;False;False;140;0.50;26.50;False;False;True;False;1;144.386111111117;0;144.386111111117;144.386111111117
1919;24.50;31.50;True;False;False;False;220;23.50;0.50;False;True;False;False;2;76.0713888888918;1965.12253472188;44.7255555555612;107.417222222222
1919;24.50;31.50;True;False;False;False;284;63.50;0.50;False;True;False;False;1;68.8088888888906;0;68.8088888888906;68.8088888888906
1919;24.50;31.50;True;False;False;False;1088;25.50;18.50;True;False;False;False;1;13.4823160136393;0;13.4823160136393;13.4823160136393
1919;24.50;31.50;True;False;False;False;1274;19.50;21.50;True;False;False;False;1;15.0227777777791;0;15.0227777777791;15.0227777777791
1919;24.50;31.50;True;False;False;False;1550;39.50;25.50;True;False;False;False;1;18.2105555555554;0;18.2105555555554;18.2105555555554
1919;24.50;31.50;True;False;False;False;2421;14.50;39.50;True;False;False;False;1;18.4290764717148;0;18.4290764717148;18.4290764717148
1920;25.50;31.50;True;False;False;False;188;0.50;44.50;False;False;True;False;2;65.5042135623785;463.485696482884;50.2811111111223;80.7273160136347
1920;25.50;31.50;True;False;False;False;1351;32.50;22.50;True;False;False;False;1;14.2305555555577;0;14.2305555555577;14.2305555555577
1920;25.50;31.50;True;False;False;False;1739;36.50;28.50;True;False;False;False;1;13.0423160136388;0;13.0423160136388;13.0423160136388
1922;27.50;31.50;True;False;False;False;2225;10.50;36.50;True;False;False;False;1;19.7993506530318;0;19.7993506530318;19.7993506530318
1924;29.50;31.50;True;False;False;False;236;33.50;0.50;False;True;False;False;1;37.6749062085878;0;37.6749062085878;37.6749062085878
1924;29.50;31.50;True;False;False;False;1492;45.50;24.50;True;False;False;False;1;19.8722222222209;0;19.8722222222209;19.8722222222209
1925;30.50;31.50;True;False;False;False;1174;47.50;19.50;True;False;False;False;1;23.5242784403699;0;23.5242784403699;23.5242784403699
1926;31.50;31.50;True;False;False;False;124;0.50;20.50;False;False;True;False;1;114.290093791414;0;114.290093791414;114.290093791414
1926;31.50;31.50;True;False;False;False;1277;22.50;21.50;True;False;False;False;1;16.9861111111122;0;16.9861111111122;16.9861111111122
1935;40.50;31.50;True;False;False;False;172;0.50;38.50;False;False;True;False;1;126.296204902532;0;126.296204902532;126.296204902532
1935;40.50;31.50;True;False;False;False;508;21.50;9.50;True;False;False;False;1;35.897222222221;0;35.897222222221;35.897222222221
1935;40.50;31.50;True;False;False;False;1386;67.50;22.50;True;False;False;False;1;32.6678715691924;0;32.6678715691924;32.6678715691924
1935;40.50;31.50;True;False;False;False;1748;45.50;28.50;True;False;False;False;1;10.3927777777735;0;10.3927777777735;10.3927777777735
1935;40.50;31.50;True;False;False;False;2079;56.50;33.50;True;False;False;False;1;16.9678715691898;0;16.9678715691898;16.9678715691898
1937;42.50;31.50;True;False;False;False;172;0.50;38.50;False;False;True;False;1;78.6887084989858;0;78.6887084989858;78.6887084989858
1937;42.50;31.50;True;False;False;False;284;63.50;0.50;False;True;False;False;1;52.0321284308029;0;52.0321284308029;52.0321284308029
1937;42.50;31.50;True;False;False;False;1292;37.50;21.50;True;False;False;False;1;15.1949999999952;0;15.1949999999952;15.1949999999952
1939;44.50;31.50;True;False;False;False;44;81.50;23.50;False;False;True;False;1;80.6306493469674;0;80.6306493469674;80.6306493469674
1940;45.50;31.50;True;False;False;False;268;53.50;0.50;False;True;False;False;1;42.168795097462;0;42.168795097462;42.168795097462
1940;45.50;31.50;True;False;False;False;2038;15.50;33.50;True;False;False;False;1;27.1805555555547;0;27.1805555555547;27.1805555555547
1940;45.50;31.50;True;False;False;False;2108;21.50;34.50;True;False;False;False;1;25.9473160136322;0;25.9473160136322;25.9473160136322
1940;45.50;31.50;True;False;False;False;2902;47.50;46.50;True;False;False;False;1;17.1590764717146;0;17.1590764717146;17.1590764717146
1944;49.50;31.50;True;False;False;False;172;0.50;38.50;False;False;True;False;1;103.621479083838;0;103.621479083838;103.621479083838
1945;50.50;31.50;True;False;False;False;60;81.50;29.50;False;False;True;False;1;270.820093791423;0;270.820093791423;270.820093791423
1947;52.50;31.50;True;False;False;False;12;81.50;11.50;False;False;True;False;1;112.128333333333;0;112.128333333333;112.128333333333
1947;52.50;31.50;True;False;False;False;620;69.50;10.50;True;False;False;False;1;30.2559163353619;0;30.2559163353619;30.2559163353619
1949;54.50;31.50;True;False;False;False;76;81.50;35.50;False;False;True;False;1;85.1838888888888;0;85.1838888888888;85.1838888888888
1949;54.50;31.50;True;False;False;False;236;33.50;0.50;False;True;False;False;1;58.2850000000071;0;58.2850000000071;58.2850000000071
1949;54.50;31.50;True;False;False;False;268;53.50;0.50;False;True;False;False;1;41.7716666666672;0;41.7716666666672;41.7716666666672
1949;54.50;31.50;True;False;False;False;1550;39.50;25.50;True;False;False;False;1;18.6666666666697;0;18.6666666666697;18.6666666666697
1949;54.50;31.50;True;False;False;False;1891;60.50;30.50;True;False;False;False;1;8.54999999999995;0;8.54999999999995;8.54999999999995
1950;55.50;31.50;True;False;False;False;92;81.50;41.50;False;False;True;False;1;78.8805555555591;0;78.8805555555591;78.8805555555591
1950;55.50;31.50;True;False;False;False;268;53.50;0.50;False;True;False;False;1;41.5032611206911;0;41.5032611206911;41.5032611206911
1950;55.50;31.50;True;False;False;False;1007;72.50;16.50;True;False;False;False;1;33.777777777776;0;33.777777777776;33.777777777776
1951;56.50;31.50;True;False;False;False;44;81.50;23.50;False;False;True;False;1;166.323795097475;0;166.323795097475;166.323795097475
1955;60.50;31.50;True;False;False;False;60;81.50;29.50;False;False;True;False;1;116.24462483434;0;116.24462483434;116.24462483434
1957;62.50;31.50;True;False;False;False;28;81.50;17.50;False;False;True;False;2;133.818658006821;2986.37799523991;95.176854249492;172.460461764151
1957;62.50;31.50;True;False;False;False;1514;67.50;24.50;True;False;False;False;1;12.4960173197042;0;12.4960173197042;12.4960173197042
1957;62.50;31.50;True;False;False;False;2246;31.50;36.50;True;False;False;False;1;28.3882395419223;0;28.3882395419223;28.3882395419223
1959;64.50;31.50;True;False;False;False;76;81.50;35.50;False;False;True;False;1;105.689538235852;0;105.689538235852;105.689538235852
1959;64.50;31.50;True;False;False;False;124;0.50;20.50;False;False;True;False;1;95.8005555555628;0;95.8005555555628;95.8005555555628
1959;64.50;31.50;True;False;False;False;204;13.50;0.50;False;True;False;False;1;80.0583333333334;0;80.0583333333334;80.0583333333334
1959;64.50;31.50;True;False;False;False;1488;41.50;24.50;True;False;False;False;1;25.2194444444449;0;25.2194444444449;25.2194444444449
1959;64.50;31.50;True;False;False;False;1493;46.50;24.50;True;False;False;False;1;22.4912264812951;0;22.4912264812951;22.4912264812951
1959;64.50;31.50;True;False;False;False;1583;72.50;25.50;True;False;False;False;1;13.6160173196977;0;13.6160173196977;13.6160173196977
1959;64.50;31.50;True;False;False;False;2682;19.50;43.50;True;False;False;False;1;47.8384271247419;0;47.8384271247419;47.8384271247419
1960;65.50;31.50;True;False;False;False;76;81.50;35.50;False;False;True;False;1;44.2243506530349;0;44.2243506530349;44.2243506530349
1960;65.50;31.50;True;False;False;False;284;63.50;0.50;False;True;False;False;1;40.452777777778;0;40.452777777778;40.452777777778
1960;65.50;31.50;True;False;False;False;1497;50.50;24.50;True;False;False;False;1;18.7431601363478;0;18.7431601363478;18.7431601363478
1960;65.50;31.50;True;False;False;False;2669;70.50;42.50;True;False;False;False;1;15.3067604580747;0;15.3067604580747;15.3067604580747
1961;66.50;31.50;True;False;False;False;92;81.50;41.50;False;False;True;False;1;105.561854249492;0;105.561854249492;105.561854249492
1961;66.50;31.50;True;False;False;False;1492;45.50;24.50;True;False;False;False;1;22.3012049025247;0;22.3012049025247;22.3012049025247
1962;67.50;31.50;True;False;False;False;188;0.50;44.50;False;False;True;False;1;145.341572875259;0;145.341572875259;145.341572875259
1962;67.50;31.50;True;False;False;False;220;23.50;0.50;False;True;False;False;1;89.1583333333347;0;89.1583333333347;89.1583333333347
1962;67.50;31.50;True;False;False;False;1125;62.50;18.50;True;False;False;False;1;16.3900000000058;0;16.3900000000058;16.3900000000058
1962;67.50;31.50;True;False;False;False;1488;41.50;24.50;True;False;False;False;1;26.3416666666672;0;26.3416666666672;26.3416666666672
1964;69.50;31.50;True;False;False;False;92;81.50;41.50;False;False;True;False;1;50.4006493469687;0;50.4006493469687;50.4006493469687
1964;69.50;31.50;True;False;False;False;284;63.50;0.50;False;True;False;False;1;37.1250000000009;0;37.1250000000009;37.1250000000009
1964;69.50;31.50;True;False;False;False;1181;54.50;19.50;True;False;False;False;1;22.8444444444522;0;22.8444444444522;22.8444444444522
1964;69.50;31.50;True;False;False;False;1380;61.50;22.50;True;False;False;False;1;16.3800000000047;0;16.3800000000047;16.3800000000047
1965;70.50;31.50;True;False;False;False;1876;45.50;30.50;True;False;False;False;1;21.4788888888888;0;21.4788888888888;21.4788888888888
1966;71.50;31.50;True;False;False;False;28;81.50;17.50;False;False;True;False;1;98.1722222222174;0;98.1722222222174;98.1722222222174
1966;71.50;31.50;True;False;False;False;1868;37.50;30.50;True;False;False;False;1;27.4783333333389;0;27.4783333333389;27.4783333333389
1967;72.50;31.50;True;False;False;False;76;81.50;35.50;False;False;True;False;1;181.922683986365;0;181.922683986365;181.922683986365
1967;72.50;31.50;True;False;False;False;1198;71.50;19.50;True;False;False;False;1;12.2740764717123;0;12.2740764717123;12.2740764717123
2032;9.50;33.50;True;False;False;False;108;0.50;14.50;False;False;True;False;1;113.532871569189;0;113.532871569189;113.532871569189
2032;9.50;33.50;True;False;False;False;172;0.50;38.50;False;False;True;False;1;111.50342712474;0;111.50342712474;111.50342712474
2032;9.50;33.50;True;False;False;False;204;13.50;0.50;False;True;False;False;3;44.4061423749132;68.1259241374118;39.0259235282883;53.9091702631149
2032;9.50;33.50;True;False;False;False;284;63.50;0.50;False;True;False;False;3;84.5661423749145;61.8554312903069;76.0577777777753;91.5700937914135
2032;9.50;33.50;True;False;False;False;888;17.50;15.50;True;False;False;False;1;22.5505555555565;0;22.5505555555565;22.5505555555565
2032;9.50;33.50;True;False;False;False;1103;40.50;18.50;True;False;False;False;1;36.5172222222154;0;36.5172222222154;36.5172222222154
2032;9.50;33.50;True;False;False;False;1493;46.50;24.50;True;False;False;False;1;51.2579653606033;0;51.2579653606033;51.2579653606033
2032;9.50;33.50;True;False;False;False;1555;44.50;25.50;True;False;False;False;1;35.4883333333349;0;35.4883333333349;35.4883333333349
2032;9.50;33.50;True;False;False;False;1650;11.50;27.50;True;False;False;False;1;10.1021284308117;0;10.1021284308117;10.1021284308117
2032;9.50;33.50;True;False;False;False;1909;14.50;31.50;True;False;False;False;1;8.45435065303309;0;8.45435065303309;8.45435065303309
2032;9.50;33.50;True;False;False;False;2092;69.50;33.50;True;False;False;False;1;53.0051803899187;0;53.0051803899187;53.0051803899187
2032;9.50;33.50;True;False;False;False;2289;10.50;37.50;True;False;False;False;1;6.83333333333371;0;6.83333333333371;6.83333333333371
2032;9.50;33.50;True;False;False;False;2521;50.50;40.50;True;False;False;False;1;38.5728715691939;0;38.5728715691939;38.5728715691939
2035;12.50;33.50;True;False;False;False;156;0.50;32.50;False;False;True;False;1;72.99787156919;0;72.99787156919;72.99787156919
2035;12.50;33.50;True;False;False;False;2148;61.50;34.50;True;False;False;False;1;39.3055555555629;0;39.3055555555629;39.3055555555629
2037;14.50;33.50;True;False;False;False;108;0.50;14.50;False;False;True;False;1;55.9950937914118;0;55.9950937914118;55.9950937914118
2037;14.50;33.50;True;False;False;False;124;0.50;20.50;False;False;True;False;1;135.221666666669;0;135.221666666669;135.221666666669
2037;14.50;33.50;True;False;False;False;1492;45.50;24.50;True;False;False;False;1;40.9049062085933;0;40.9049062085933;40.9049062085933
2037;14.50;33.50;True;False;False;False;2889;34.50;46.50;True;False;False;False;1;26.0478715691916;0;26.0478715691916;26.0478715691916
2038;15.50;33.50;True;False;False;False;28;81.50;17.50;False;False;True;False;1;69.8277777777787;0;69.8277777777787;69.8277777777787
2038;15.50;33.50;True;False;False;False;140;0.50;26.50;False;False;True;False;1;214.956565682332;0;214.956565682332;214.956565682332
2038;15.50;33.50;True;False;False;False;252;43.50;0.50;False;True;False;False;1;67.0916666666576;0;67.0916666666576;67.0916666666576
2038;15.50;33.50;True;False;False;False;1079;16.50;18.50;True;False;False;False;1;15.3861111111014;0;15.3861111111014;15.3861111111014
2038;15.50;33.50;True;False;False;False;1333;14.50;22.50;True;False;False;False;1;12.0839826803017;0;12.0839826803017;12.0839826803017
2038;15.50;33.50;True;False;False;False;2480;9.50;40.50;True;False;False;False;1;12.9388888888905;0;12.9388888888905;12.9388888888905
2039;16.50;33.50;True;False;False;False;204;13.50;0.50;False;True;False;False;2;45.042730882071;17.0014753076142;42.1271284308086;47.9583333333333
2039;16.50;33.50;True;False;False;False;220;23.50;0.50;False;True;False;False;1;46.853333333333;0;46.853333333333;46.853333333333
2039;16.50;33.50;True;False;False;False;1749;46.50;28.50;True;False;False;False;1;31.9707431383817;0;31.9707431383817;31.9707431383817
2039;16.50;33.50;True;False;False;False;2231;16.50;36.50;True;False;False;False;1;4.21388888888885;0;4.21388888888885;4.21388888888885
2040;17.50;33.50;True;False;False;False;124;0.50;20.50;False;False;True;False;2;111.235790034084;93.089271333519;104.413427124743;118.058152943426
2040;17.50;33.50;True;False;False;False;156;0.50;32.50;False;False;True;False;1;99.0300000000025;0;99.0300000000025;99.0300000000025
2040;17.50;33.50;True;False;False;False;220;23.50;0.50;False;True;False;False;1;38.5772222222222;0;38.5772222222222;38.5772222222222
2040;17.50;33.50;True;False;False;False;1939;44.50;31.50;True;False;False;False;1;25.1555555555578;0;25.1555555555578;25.1555555555578
2040;17.50;33.50;True;False;False;False;2096;9.50;34.50;True;False;False;False;1;9.91657287526141;0;9.91657287526141;9.91657287526141
2040;17.50;33.50;True;False;False;False;2153;66.50;34.50;True;False;False;False;1;38.8750937914051;0;38.8750937914051;38.8750937914051
2040;17.50;33.50;True;False;False;False;2296;17.50;37.50;True;False;False;False;1;4.9075035964629;0;4.9075035964629;4.9075035964629
2042;19.50;33.50;True;False;False;False;204;13.50;0.50;False;True;False;False;2;51.6587950974742;330.154518653035;38.8105555555558;64.5070346393927
2042;19.50;33.50;True;False;False;False;220;23.50;0.50;False;True;False;False;1;40.3193434601089;0;40.3193434601089;40.3193434601089
2042;19.50;33.50;True;False;False;False;1358;39.50;22.50;True;False;False;False;1;25.6777777777779;0;25.6777777777779;25.6777777777779
2042;19.50;33.50;True;False;False;False;1486;39.50;24.50;True;False;False;False;1;25.2333333333336;0;25.2333333333336;25.2333333333336
2042;19.50;33.50;True;False;False;False;1660;21.50;27.50;True;False;False;False;1;10.0450937914122;0;10.0450937914122;10.0450937914122
2042;19.50;33.50;True;False;False;False;2823;32.50;45.50;True;False;False;False;1;20.8348124171748;0;20.8348124171748;20.8348124171748
2043;20.50;33.50;True;False;False;False;172;0.50;38.50;False;False;True;False;1;89.6388888888787;0;89.6388888888787;89.6388888888787
2043;20.50;33.50;True;False;False;False;1739;36.50;28.50;True;False;False;False;1;21.8867604580819;0;21.8867604580819;21.8867604580819
2044;21.50;33.50;True;False;False;False;156;0.50;32.50;False;False;True;False;1;61.6110173197039;0;61.6110173197039;61.6110173197039
2044;21.50;33.50;True;False;False;False;1550;39.50;25.50;True;False;False;False;1;22.5583333333352;0;22.5583333333352;22.5583333333352
2045;22.50;33.50;True;False;False;False;172;0.50;38.50;False;False;True;False;1;146.538333333334;0;146.538333333334;146.538333333334
2045;22.50;33.50;True;False;False;False;204;13.50;0.50;False;True;False;False;1;44.070093791413;0;44.070093791413;44.070093791413
2045;22.50;33.50;True;False;False;False;1353;34.50;22.50;True;False;False;False;1;19.4784271247481;0;19.4784271247481;19.4784271247481
2045;22.50;33.50;True;False;False;False;2226;11.50;36.50;True;False;False;False;1;15.5367604580795;0;15.5367604580795;15.5367604580795
2050;27.50;33.50;True;False;False;False;220;23.50;0.50;False;True;False;False;1;57.6326839863609;0;57.6326839863609;57.6326839863609
2050;27.50;33.50;True;False;False;False;2250;35.50;36.50;True;False;False;False;1;11.9050937914094;0;11.9050937914094;11.9050937914094
2052;29.50;33.50;True;False;False;False;2058;35.50;33.50;True;False;False;False;1;6.15611111111275;0;6.15611111111275;6.15611111111275
2054;31.50;33.50;True;False;False;False;1551;40.50;25.50;True;False;False;False;1;15.7116666666648;0;15.7116666666648;15.7116666666648
2055;32.50;33.50;True;False;False;False;76;81.50;35.50;False;False;True;False;1;77.4153751656431;0;77.4153751656431;77.4153751656431
2055;32.50;33.50;True;False;False;False;156;0.50;32.50;False;False;True;False;1;49.9869408479908;0;49.9869408479908;49.9869408479908
2055;32.50;33.50;True;False;False;False;512;25.50;9.50;True;False;False;False;1;25.2637013060585;0;25.2637013060585;25.2637013060585
2055;32.50;33.50;True;False;False;False;2290;11.50;37.50;True;False;False;False;1;20.7973160136362;0;20.7973160136362;20.7973160136362
2058;35.50;33.50;True;False;False;False;220;23.50;0.50;False;True;False;False;1;61.9400937914133;0;61.9400937914133;61.9400937914133
2058;35.50;33.50;True;False;False;False;976;41.50;16.50;True;False;False;False;1;22.0999999999976;0;22.0999999999976;22.0999999999976
2060;37.50;33.50;True;False;False;False;60;81.50;29.50;False;False;True;False;1;120.043239541925;0;120.043239541925;120.043239541925
2060;37.50;33.50;True;False;False;False;1649;10.50;27.50;True;False;False;False;1;28.4088888888859;0;28.4088888888859;28.4088888888859
2062;39.50;33.50;True;False;False;False;60;81.50;29.50;False;False;True;False;1;131.740836929804;0;131.740836929804;131.740836929804
2062;39.50;33.50;True;False;False;False;236;33.50;0.50;False;True;False;False;1;38.8388888888888;0;38.8388888888888;38.8388888888888
2062;39.50;33.50;True;False;False;False;2608;9.50;42.50;True;False;False;False;1;30.494444444445;0;30.494444444445;30.494444444445
2063;40.50;33.50;True;False;False;False;156;0.50;32.50;False;False;True;False;1;124.20157287526;0;124.20157287526;124.20157287526
2063;40.50;33.50;True;False;False;False;204;13.50;0.50;False;True;False;False;1;57.7772222222211;0;57.7772222222211;57.7772222222211
2063;40.50;33.50;True;False;False;False;1353;34.50;22.50;True;False;False;False;1;16.1064862767662;0;16.1064862767662;16.1064862767662
2063;40.50;33.50;True;False;False;False;2281;66.50;36.50;True;False;False;False;1;23.6999999999989;0;23.6999999999989;23.6999999999989
2064;41.50;33.50;True;False;False;False;108;0.50;14.50;False;False;True;False;1;61.9950937914129;0;61.9950937914129;61.9950937914129
2064;41.50;33.50;True;False;False;False;1935;40.50;31.50;True;False;False;False;1;6.38425686160826;0;6.38425686160826;6.38425686160826
2064;41.50;33.50;True;False;False;False;2707;44.50;43.50;True;False;False;False;1;13.0006493469682;0;13.0006493469682;13.0006493469682
2065;42.50;33.50;True;False;False;False;188;0.50;44.50;False;False;True;False;1;98.1074098050576;0;98.1074098050576;98.1074098050576
2065;42.50;33.50;True;False;False;False;1473;26.50;24.50;True;False;False;False;1;20.425000000007;0;20.425000000007;20.425000000007
2069;46.50;33.50;True;False;False;False;252;43.50;0.50;False;True;False;False;1;42.2722222222217;0;42.2722222222217;42.2722222222217
2070;47.50;33.50;True;False;False;False;124;0.50;20.50;False;False;True;False;1;64.7333333333322;0;64.7333333333322;64.7333333333322
2074;51.50;33.50;True;False;False;False;204;13.50;0.50;False;True;False;False;1;75.3751875828264;0;75.3751875828264;75.3751875828264
2075;52.50;33.50;True;False;False;False;156;0.50;32.50;False;False;True;False;1;121.973520916151;0;121.973520916151;121.973520916151
2075;52.50;33.50;True;False;False;False;268;53.50;0.50;False;True;False;False;1;68.9555555555556;0;68.9555555555556;68.9555555555556
2075;52.50;33.50;True;False;False;False;1331;12.50;22.50;True;False;False;False;1;42.4435281090518;0;42.4435281090518;42.4435281090518
2075;52.50;33.50;True;False;False;False;1379;60.50;22.50;True;False;False;False;1;17.3601947757197;0;17.3601947757197;17.3601947757197
2078;55.50;33.50;True;False;False;False;28;81.50;17.50;False;False;True;False;1;79.0000000000018;0;79.0000000000018;79.0000000000018
2078;55.50;33.50;True;False;False;False;252;43.50;0.50;False;True;False;False;1;50.2948052242514;0;50.2948052242514;50.2948052242514
2078;55.50;33.50;True;False;False;False;1386;67.50;22.50;True;False;False;False;1;19.678051959098;0;19.678051959098;19.678051959098
2079;56.50;33.50;True;False;False;False;12;81.50;11.50;False;False;True;False;1;177.959906208592;0;177.959906208592;177.959906208592
2080;57.50;33.50;True;False;False;False;252;43.50;0.50;False;True;False;False;1;48.2611111111116;0;48.2611111111116;48.2611111111116
2080;57.50;33.50;True;False;False;False;746;67.50;12.50;True;False;False;False;1;27.2493506530327;0;27.2493506530327;27.2493506530327
2084;61.50;33.50;True;False;False;False;156;0.50;32.50;False;False;True;False;1;109.881111111112;0;109.881111111112;109.881111111112
2085;62.50;33.50;True;False;False;False;284;63.50;0.50;False;True;False;False;1;44.1694444444445;0;44.1694444444445;44.1694444444445
2085;62.50;33.50;True;False;False;False;1198;71.50;19.50;True;False;False;False;1;20.4895382358573;0;20.4895382358573;20.4895382358573
2088;65.50;33.50;True;False;False;False;92;81.50;41.50;False;False;True;False;1;64.322222222223;0;64.322222222223;64.322222222223
2088;65.50;33.50;True;False;False;False;284;63.50;0.50;False;True;False;False;1;40.8111111111084;0;40.8111111111084;40.8111111111084
2088;65.50;33.50;True;False;False;False;1492;45.50;24.50;True;False;False;False;1;26.3666666666686;0;26.3666666666686;26.3666666666686
2088;65.50;33.50;True;False;False;False;1903;72.50;30.50;True;False;False;False;1;11.7366666666669;0;11.7366666666669;11.7366666666669
2089;66.50;33.50;True;False;False;False;252;43.50;0.50;False;True;False;False;1;52.3546392201656;0;52.3546392201656;52.3546392201656
2089;66.50;33.50;True;False;False;False;1292;37.50;21.50;True;False;False;False;1;34.5611111111107;0;34.5611111111107;34.5611111111107
2090;67.50;33.50;True;False;False;False;156;0.50;32.50;False;False;True;False;1;78.3176839863652;0;78.3176839863652;78.3176839863652
2090;67.50;33.50;True;False;False;False;284;63.50;0.50;False;True;False;False;1;38.5728715691903;0;38.5728715691903;38.5728715691903
2090;67.50;33.50;True;False;False;False;1488;41.50;24.50;True;False;False;False;1;29.6637950974766;0;29.6637950974766;29.6637950974766
2090;67.50;33.50;True;False;False;False;2853;62.50;45.50;True;False;False;False;1;15.5328715691862;0;15.5328715691862;15.5328715691862
2092;69.50;33.50;True;False;False;False;44;81.50;23.50;False;False;True;False;2;108.302409805045;1531.9134862874;80.6264862767562;135.978333333334
2092;69.50;33.50;True;False;False;False;268;53.50;0.50;False;True;False;False;1;45.753333333334;0;45.753333333334;45.753333333334
2092;69.50;33.50;True;False;False;False;1156;29.50;19.50;True;False;False;False;1;45.1189826803093;0;45.1189826803093;45.1189826803093
2092;69.50;33.50;True;False;False;False;1486;39.50;24.50;True;False;False;False;1;34.0833333333333;0;34.0833333333333;34.0833333333333
2092;69.50;33.50;True;False;False;False;2138;51.50;34.50;True;False;False;False;1;17.4931529434234;0;17.4931529434234;17.4931529434234
2093;70.50;33.50;True;False;False;False;12;81.50;11.50;False;False;True;False;1;199.813434317677;0;199.813434317677;199.813434317677
2093;70.50;33.50;True;False;False;False;28;81.50;17.50;False;False;True;False;1;112.699819610098;0;112.699819610098;112.699819610098
2093;70.50;33.50;True;False;False;False;745;66.50;12.50;True;False;False;False;1;20.9499062085933;0;20.9499062085933;20.9499062085933
2093;70.50;33.50;True;False;False;False;1548;37.50;25.50;True;False;False;False;1;33.5818542494962;0;33.5818542494962;33.5818542494962
2094;71.50;33.50;True;False;False;False;76;81.50;35.50;False;False;True;False;1;36.0700937914125;0;36.0700937914125;36.0700937914125
2094;71.50;33.50;True;False;False;False;1867;36.50;30.50;True;False;False;False;1;29.9144444444473;0;29.9144444444473;29.9144444444473
2095;72.50;33.50;True;False;False;False;268;53.50;0.50;False;True;False;False;1;50.7440764717053;0;50.7440764717053;50.7440764717053
2095;72.50;33.50;True;False;False;False;2321;42.50;37.50;True;False;False;False;1;27.4111111111101;0;27.4111111111101;27.4111111111101
2096;9.50;34.50;True;False;False;False;124;0.50;20.50;False;False;True;False;1;159.47509379142;0;159.47509379142;159.47509379142
2096;9.50;34.50;True;False;False;False;236;33.50;0.50;False;True;False;False;1;69.2660173196855;0;69.2660173196855;69.2660173196855
2096;9.50;34.50;True;False;False;False;252;43.50;0.50;False;True;False;False;1;60.0161111111117;0;60.0161111111117;60.0161111111117
2096;9.50;34.50;True;False;False;False;284;63.50;0.50;False;True;False;False;1;78.2883333333335;0;78.2883333333335;78.2883333333335
2096;9.50;34.50;True;False;False;False;1295;40.50;21.50;True;False;False;False;1;39.5006493469718;0;39.5006493469718;39.5006493469718
2096;9.50;34.50;True;False;False;False;1483;36.50;24.50;True;False;False;False;1;29.6188888888887;0;29.6188888888887;29.6188888888887
2096;9.50;34.50;True;False;False;False;1486;39.50;24.50;True;False;False;False;1;30.7239826803022;0;30.7239826803022;30.7239826803022
2096;9.50;34.50;True;False;False;False;1738;35.50;28.50;True;False;False;False;1;25.7972222222234;0;25.7972222222234;25.7972222222234
2096;9.50;34.50;True;False;False;False;1747;44.50;28.50;True;False;False;False;1;36.2527777777775;0;36.2527777777775;36.2527777777775
2097;10.50;34.50;True;False;False;False;124;0.50;20.50;False;False;True;False;1;152.104451637365;0;152.104451637365;152.104451637365
2097;10.50;34.50;True;False;False;False;204;13.50;0.50;False;True;False;False;2;56.0791666666694;249.947534722299;44.900000000001;67.2583333333378
2097;10.50;34.50;True;False;False;False;236;33.50;0.50;False;True;False;False;1;60.9720418323195;0;60.9720418323195;60.9720418323195
2097;10.50;34.50;True;False;False;False;252;43.50;0.50;False;True;False;False;1;64.5092712474479;0;64.5092712474479;64.5092712474479
2097;10.50;34.50;True;False;False;False;1548;37.50;25.50;True;False;False;False;1;28.9603679727304;0;28.9603679727304;28.9603679727304
2097;10.50;34.50;True;False;False;False;1550;39.50;25.50;True;False;False;False;1;30.0192640545392;0;30.0192640545392;30.0192640545392
2097;10.50;34.50;True;False;False;False;1739;36.50;28.50;True;False;False;False;1;26.5555555555547;0;26.5555555555547;26.5555555555547
2097;10.50;34.50;True;False;False;False;1863;32.50;30.50;True;False;False;False;1;21.4361111111084;0;21.4361111111084;21.4361111111084
2097;10.50;34.50;True;False;False;False;1911;16.50;31.50;True;False;False;False;1;10.1087013060628;0;10.1087013060628;10.1087013060628
2098;11.50;34.50;True;False;False;False;156;0.50;32.50;False;False;True;False;1;144.933982680303;0;144.933982680303;144.933982680303
2098;11.50;34.50;True;False;False;False;188;0.50;44.50;False;False;True;False;1;91.5646320272726;0;91.5646320272726;91.5646320272726
2098;11.50;34.50;True;False;False;False;576;25.50;10.50;True;False;False;False;1;32.8306493469672;0;32.8306493469672;32.8306493469672
2098;11.50;34.50;True;False;False;False;1744;41.50;28.50;True;False;False;False;1;28.7749999999999;0;28.7749999999999;28.7749999999999
2098;11.50;34.50;True;False;False;False;1910;15.50;31.50;True;False;False;False;1;9.12676045807962;0;9.12676045807962;9.12676045807962
2099;12.50;34.50;True;False;False;False;2678;15.50;43.50;True;False;False;False;1;13.1018470565716;0;13.1018470565716;13.1018470565716
2101;14.50;34.50;True;False;False;False;156;0.50;32.50;False;False;True;False;1;24.056204902524;0;24.056204902524;24.056204902524
2101;14.50;34.50;True;False;False;False;560;9.50;10.50;True;False;False;False;1;25.1022222222231;0;25.1022222222231;25.1022222222231
2103;16.50;34.50;True;False;False;False;188;0.50;44.50;False;False;True;False;1;110.161111111115;0;110.161111111115;110.161111111115
2103;16.50;34.50;True;False;False;False;268;53.50;0.50;False;True;False;False;1;77.3088888889042;0;77.3088888889042;77.3088888889042
2103;16.50;34.50;True;False;False;False;726;47.50;12.50;True;False;False;False;1;41.0305555555597;0;41.0305555555597;41.0305555555597
2103;16.50;34.50;True;False;False;False;1743;40.50;28.50;True;False;False;False;1;24.2151875828304;0;24.2151875828304;24.2151875828304
2106;19.50;34.50;True;False;False;False;204;13.50;0.50;False;True;False;False;1;41.9167604580796;0;41.9167604580796;41.9167604580796
2106;19.50;34.50;True;False;False;False;268;53.50;0.50;False;True;False;False;1;61.130468957047;0;61.130468957047;61.130468957047
2106;19.50;34.50;True;False;False;False;1881;50.50;30.50;True;False;False;False;1;27.5350937914018;0;27.5350937914018;27.5350937914018
2106;19.50;34.50;True;False;False;False;2866;11.50;46.50;True;False;False;False;1;18.2683405262469;0;18.2683405262469;18.2683405262469
2108;21.50;34.50;True;False;False;False;76;81.50;35.50;False;False;True;False;1;159.691948040919;0;159.691948040919;159.691948040919
2108;21.50;34.50;True;False;False;False;236;33.50;0.50;False;True;False;False;1;66.0449999999933;0;66.0449999999933;66.0449999999933
2108;21.50;34.50;True;False;False;False;1868;37.50;30.50;True;False;False;False;1;17.3062049025257;0;17.3062049025257;17.3062049025257
2108;21.50;34.50;True;False;False;False;2695;32.50;43.50;True;False;False;False;1;18.0700937914107;0;18.0700937914107;18.0700937914107
2109;22.50;34.50;True;False;False;False;172;0.50;38.50;False;False;True;False;1;137.702503596472;0;137.702503596472;137.702503596472
2109;22.50;34.50;True;False;False;False;188;0.50;44.50;False;False;True;False;1;47.2326839863636;0;47.2326839863636;47.2326839863636
2109;22.50;34.50;True;False;False;False;220;23.50;0.50;False;True;False;False;1;74.1411111111138;0;74.1411111111138;74.1411111111138
2109;22.50;34.50;True;False;False;False;1334;15.50;22.50;True;False;False;False;1;16.8183333333345;0;16.8183333333345;16.8183333333345
2109;22.50;34.50;True;False;False;False;1548;37.50;25.50;True;False;False;False;1;20.6534271247467;0;20.6534271247467;20.6534271247467
2109;22.50;34.50;True;False;False;False;2039;16.50;33.50;True;False;False;False;1;8.13333333333321;0;8.13333333333321;8.13333333333321
2109;22.50;34.50;True;False;False;False;2116;29.50;34.50;True;False;False;False;1;6.94611830403119;0;6.94611830403119;6.94611830403119
2111;24.50;34.50;True;False;False;False;220;23.50;0.50;False;True;False;False;1;54.5247258186846;0;54.5247258186846;54.5247258186846
2111;24.50;34.50;True;False;False;False;236;33.50;0.50;False;True;False;False;1;54.2707431383783;0;54.2707431383783;54.2707431383783
2111;24.50;34.50;True;False;False;False;1274;19.50;21.50;True;False;False;False;1;20.5617604580812;0;20.5617604580812;20.5617604580812
2111;24.50;34.50;True;False;False;False;2439;32.50;39.50;True;False;False;False;1;13.5539754873848;0;13.5539754873848;13.5539754873848
2114;27.50;34.50;True;False;False;False;156;0.50;32.50;False;False;True;False;1;130.83861470758;0;130.83861470758;130.83861470758
2114;27.50;34.50;True;False;False;False;1743;40.50;28.50;True;False;False;False;1;16.4511111111133;0;16.4511111111133;16.4511111111133
2116;29.50;34.50;True;False;False;False;92;81.50;41.50;False;False;True;False;1;62.1003751656508;0;62.1003751656508;62.1003751656508
2116;29.50;34.50;True;False;False;False;236;33.50;0.50;False;True;False;False;1;41.9700937914131;0;41.9700937914131;41.9700937914131
2116;29.50;34.50;True;False;False;False;1550;39.50;25.50;True;False;False;False;1;16.8743506530318;0;16.8743506530318;16.8743506530318
2117;30.50;34.50;True;False;False;False;124;0.50;20.50;False;False;True;False;1;79.2583333333378;0;79.2583333333378;79.2583333333378
2117;30.50;34.50;True;False;False;False;252;43.50;0.50;False;True;False;False;1;50.6203751656519;0;50.6203751656519;50.6203751656519
2117;30.50;34.50;True;False;False;False;1924;29.50;31.50;True;False;False;False;1;6.70342712474712;0;6.70342712474712;6.70342712474712
2118;31.50;34.50;True;False;False;False;188;0.50;44.50;False;False;True;False;1;81.7555555555562;0;81.7555555555562;81.7555555555562
2118;31.50;34.50;True;False;False;False;2108;21.50;34.50;True;False;False;False;1;9.74999999999727;0;9.74999999999727;9.74999999999727
2119;32.50;34.50;True;False;False;False;284;63.50;0.50;False;True;False;False;1;76.5194444444396;0;76.5194444444396;76.5194444444396
2119;32.50;34.50;True;False;False;False;2246;31.50;36.50;True;False;False;False;1;6.17842712474385;0;6.17842712474385;6.17842712474385
2121;34.50;34.50;True;False;False;False;60;81.50;29.50;False;False;True;False;1;62.9151875828252;0;62.9151875828252;62.9151875828252
2121;34.50;34.50;True;False;False;False;172;0.50;38.50;False;False;True;False;1;75.1312049025291;0;75.1312049025291;75.1312049025291
2121;34.50;34.50;True;False;False;False;1550;39.50;25.50;True;False;False;False;1;13.7882395419201;0;13.7882395419201;13.7882395419201
2121;34.50;34.50;True;False;False;False;2449;42.50;39.50;True;False;False;False;1;13.0722222222203;0;13.0722222222203;13.0722222222203
2126;39.50;34.50;True;False;False;False;252;43.50;0.50;False;True;False;False;1;47.2888888888889;0;47.2888888888889;47.2888888888889
2128;41.50;34.50;True;False;False;False;140;0.50;26.50;False;False;True;False;1;76.1100071929217;0;76.1100071929217;76.1100071929217
2131;44.50;34.50;True;False;False;False;92;81.50;41.50;False;False;True;False;1;166.783795097486;0;166.783795097486;166.783795097486
2132;45.50;34.50;True;False;False;False;204;13.50;0.50;False;True;False;False;1;59.7000000000007;0;59.7000000000007;59.7000000000007
2133;46.50;34.50;True;False;False;False;252;43.50;0.50;False;True;False;False;1;39.9086147075677;0;39.9086147075677;39.9086147075677
2134;47.50;34.50;True;False;False;False;140;0.50;26.50;False;False;True;False;1;143.952503596455;0;143.952503596455;143.952503596455
2137;50.50;34.50;True;False;False;False;44;81.50;23.50;False;False;True;False;1;103.535649346965;0;103.535649346965;103.535649346965
2138;51.50;34.50;True;False;False;False;172;0.50;38.50;False;False;True;False;1;111.993787904573;0;111.993787904573;111.993787904573
2139;52.50;34.50;True;False;False;False;2158;71.50;34.50;True;False;False;False;1;15.802777777777;0;15.802777777777;15.802777777777
2142;55.50;34.50;True;False;False;False;156;0.50;32.50;False;False;True;False;1;92.9748196100973;0;92.9748196100973;92.9748196100973
2142;55.50;34.50;True;False;False;False;1548;37.50;25.50;True;False;False;False;1;30.4339826803034;0;30.4339826803034;30.4339826803034
2143;56.50;34.50;True;False;False;False;268;53.50;0.50;False;True;False;False;1;39.9839826803022;0;39.9839826803022;39.9839826803022
2143;56.50;34.50;True;False;False;False;1749;46.50;28.50;True;False;False;False;1;15.111111111114;0;15.111111111114;15.111111111114
2144;57.50;34.50;True;False;False;False;92;81.50;41.50;False;False;True;False;1;63.6456421540478;0;63.6456421540478;63.6456421540478
2144;57.50;34.50;True;False;False;False;1172;45.50;19.50;True;False;False;False;1;21.6722222222224;0;21.6722222222224;21.6722222222224
2146;59.50;34.50;True;False;False;False;44;81.50;23.50;False;False;True;False;1;140.339357845957;0;140.339357845957;140.339357845957
2146;59.50;34.50;True;False;False;False;92;81.50;41.50;False;False;True;False;1;164.186486276772;0;164.186486276772;164.186486276772
2146;59.50;34.50;True;False;False;False;1295;40.50;21.50;True;False;False;False;1;25.7111111111071;0;25.7111111111071;25.7111111111071
2146;59.50;34.50;True;False;False;False;1492;45.50;24.50;True;False;False;False;1;19.6617604580824;0;19.6617604580824;19.6617604580824
2147;60.50;34.50;True;False;False;False;284;63.50;0.50;False;True;False;False;1;45.8339826803024;0;45.8339826803024;45.8339826803024
2147;60.50;34.50;True;False;False;False;1866;35.50;30.50;True;False;False;False;1;24.4027777777783;0;24.4027777777783;24.4027777777783
2148;61.50;34.50;True;False;False;False;28;81.50;17.50;False;False;True;False;1;109.268520916162;0;109.268520916162;109.268520916162
2148;61.50;34.50;True;False;False;False;76;81.50;35.50;False;False;True;False;1;67.3521284307958;0;67.3521284307958;67.3521284307958
2148;61.50;34.50;True;False;False;False;220;23.50;0.50;False;True;False;False;1;64.5562049025248;0;64.5562049025248;64.5562049025248
2148;61.50;34.50;True;False;False;False;541;54.50;9.50;True;False;False;False;1;25.5805555555544;0;25.5805555555544;25.5805555555544
2148;61.50;34.50;True;False;False;False;1295;40.50;21.50;True;False;False;False;1;27.1187950974754;0;27.1187950974754;27.1187950974754
2148;61.50;34.50;True;False;False;False;1738;35.50;28.50;True;False;False;False;1;27.5104617641437;0;27.5104617641437;27.5104617641437
2151;64.50;34.50;True;False;False;False;220;23.50;0.50;False;True;False;False;1;67.7000000000012;0;67.7000000000012;67.7000000000012
2151;64.50;34.50;True;False;False;False;268;53.50;0.50;False;True;False;False;1;47.8274098050433;0;47.8274098050433;47.8274098050433
2151;64.50;34.50;True;False;False;False;284;63.50;0.50;False;True;False;False;1;46.6899999999993;0;46.6899999999993;46.6899999999993
2151;64.50;34.50;True;False;False;False;1483;36.50;24.50;True;False;False;False;1;30.3333333333339;0;30.3333333333339;30.3333333333339
2151;64.50;34.50;True;False;False;False;1578;67.50;25.50;True;False;False;False;1;11.6354617641418;0;11.6354617641418;11.6354617641418
2151;64.50;34.50;True;False;False;False;2154;67.50;34.50;True;False;False;False;1;4.09166666666624;0;4.09166666666624;4.09166666666624
2152;65.50;34.50;True;False;False;False;44;81.50;23.50;False;False;True;False;1;156.686948040892;0;156.686948040892;156.686948040892
2152;65.50;34.50;True;False;False;False;284;63.50;0.50;False;True;False;False;1;49.8243506530389;0;49.8243506530389;49.8243506530389
2152;65.50;34.50;True;False;False;False;2915;60.50;46.50;True;False;False;False;1;15.0472222222211;0;15.0472222222211;15.0472222222211
2153;66.50;34.50;True;False;False;False;60;81.50;29.50;False;False;True;False;3;152.010310240403;23419.9743921276;58.5533333333283;328.620743138387
2153;66.50;34.50;True;False;False;False;268;53.50;0.50;False;True;False;False;1;47.3281169787542;0;47.3281169787542;47.3281169787542
2153;66.50;34.50;True;False;False;False;984;49.50;16.50;True;False;False;False;1;27.2555555555559;0;27.2555555555559;27.2555555555559
2153;66.50;34.50;True;False;False;False;1679;40.50;27.50;True;False;False;False;1;26.4676839863741;0;26.4676839863741;26.4676839863741
2153;66.50;34.50;True;False;False;False;1901;70.50;30.50;True;False;False;False;1;9.41323954192012;0;9.41323954192012;9.41323954192012
2153;66.50;34.50;True;False;False;False;2665;66.50;42.50;True;False;False;False;1;8.04231601363495;0;8.04231601363495;8.04231601363495
2154;67.50;34.50;True;False;False;False;28;81.50;17.50;False;False;True;False;1;175.10129869393;0;175.10129869393;175.10129869393
2154;67.50;34.50;True;False;False;False;44;81.50;23.50;False;False;True;False;1;146.766111111117;0;146.766111111117;146.766111111117
2154;67.50;34.50;True;False;False;False;92;81.50;41.50;False;False;True;False;1;29.9160173196983;0;29.9160173196983;29.9160173196983
2154;67.50;34.50;True;False;False;False;1356;37.50;22.50;True;False;False;False;1;60.8495382358585;0;60.8495382358585;60.8495382358585
2154;67.50;34.50;True;False;False;False;1517;70.50;24.50;True;False;False;False;1;12.8987879045831;0;12.8987879045831;12.8987879045831
2154;67.50;34.50;True;False;False;False;1762;59.50;28.50;True;False;False;False;1;13.1694444444447;0;13.1694444444447;13.1694444444447
2156;69.50;34.50;True;False;False;False;1356;37.50;22.50;True;False;False;False;1;40.5978715691906;0;40.5978715691906;40.5978715691906
2157;70.50;34.50;True;False;False;False;44;81.50;23.50;False;False;True;False;1;85.656854249507;0;85.656854249507;85.656854249507
2157;70.50;34.50;True;False;False;False;236;33.50;0.50;False;True;False;False;1;63.780555555551;0;63.780555555551;63.780555555551
2157;70.50;34.50;True;False;False;False;252;43.50;0.50;False;True;False;False;1;58.2823954192363;0;58.2823954192363;58.2823954192363
2157;70.50;34.50;True;False;False;False;284;63.50;0.50;False;True;False;False;1;40.0179581676819;0;40.0179581676819;40.0179581676819
2157;70.50;34.50;True;False;False;False;1483;36.50;24.50;True;False;False;False;1;37.8478715691909;0;37.8478715691909;37.8478715691909
2157;70.50;34.50;True;False;False;False;1772;69.50;28.50;True;False;False;False;1;8.50888888888858;0;8.50888888888858;8.50888888888858
2157;70.50;34.50;True;False;False;False;1959;64.50;31.50;True;False;False;False;1;10.2262986939386;0;10.2262986939386;10.2262986939386
2157;70.50;34.50;True;False;False;False;2134;47.50;34.50;True;False;False;False;1;18.1583333333242;0;18.1583333333242;18.1583333333242
2158;71.50;34.50;True;False;False;False;60;81.50;29.50;False;False;True;False;1;31.2132395419205;0;31.2132395419205;31.2132395419205
2158;71.50;34.50;True;False;False;False;92;81.50;41.50;False;False;True;False;1;95.513888888886;0;95.513888888886;95.513888888886
2158;71.50;34.50;True;False;False;False;204;13.50;0.50;False;True;False;False;1;79.4938888888902;0;79.4938888888902;79.4938888888902
2158;71.50;34.50;True;False;False;False;236;33.50;0.50;False;True;False;False;2;77.2628715691964;16.8715950617897;74.3584271247466;80.1673160136461
2158;71.50;34.50;True;False;False;False;268;53.50;0.50;False;True;False;False;1;50.8395382358567;0;50.8395382358567;50.8395382358567
2158;71.50;34.50;True;False;False;False;284;63.50;0.50;False;True;False;False;1;43.9651009843037;0;43.9651009843037;43.9651009843037
2158;71.50;34.50;True;False;False;False;1132;69.50;18.50;True;False;False;False;1;15.8333333333285;0;15.8333333333285;15.8333333333285
2158;71.50;34.50;True;False;False;False;1358;39.50;22.50;True;False;False;False;1;34.776204902524;0;34.776204902524;34.776204902524
2158;71.50;34.50;True;False;False;False;1389;70.50;22.50;True;False;False;False;1;12.6222222222223;0;12.6222222222223;12.6222222222223
2158;71.50;34.50;True;False;False;False;1477;30.50;24.50;True;False;False;False;1;40.2190764717129;0;40.2190764717129;40.2190764717129
2158;71.50;34.50;True;False;False;False;1482;35.50;24.50;True;False;False;False;1;39.36388888889;0;39.36388888889;39.36388888889
2158;71.50;34.50;True;False;False;False;1961;66.50;31.50;True;False;False;False;1;10.2916666666666;0;10.2916666666666;10.2916666666666
2158;71.50;34.50;True;False;False;False;2476;69.50;39.50;True;False;False;False;1;9.02777777777692;0;9.02777777777692;9.02777777777692
2159;72.50;34.50;True;False;False;False;12;81.50;11.50;False;False;True;False;1;145.761298693951;0;145.761298693951;145.761298693951
2159;72.50;34.50;True;False;False;False;1750;47.50;28.50;True;False;False;False;1;25.9284271247479;0;25.9284271247479;25.9284271247479
2225;10.50;36.50;True;False;False;False;108;0.50;14.50;False;False;True;False;1;104.922222222223;0;104.922222222223;104.922222222223
2225;10.50;36.50;True;False;False;False;188;0.50;44.50;False;False;True;False;1;40.6574098050496;0;40.6574098050496;40.6574098050496
2225;10.50;36.50;True;False;False;False;204;13.50;0.50;False;True;False;False;1;50.178210770141;0;50.178210770141;50.178210770141
2225;10.50;36.50;True;False;False;False;220;23.50;0.50;False;True;False;False;1;50.8694444444443;0;50.8694444444443;50.8694444444443
2225;10.50;36.50;True;False;False;False;1376;57.50;22.50;True;False;False;False;1;46.7614934696721;0;46.7614934696721;46.7614934696721
2225;10.50;36.50;True;False;False;False;1486;39.50;24.50;True;False;False;False;1;35.6621068520383;0;35.6621068520383;35.6621068520383
2225;10.50;36.50;True;False;False;False;1944;49.50;31.50;True;False;False;False;1;39.5185209161577;0;39.5185209161577;39.5185209161577
2226;11.50;36.50;True;False;False;False;108;0.50;14.50;False;False;True;False;2;178.036670263128;11323.6211324648;102.791666666661;253.281673859596
2226;11.50;36.50;True;False;False;False;124;0.50;20.50;False;False;True;False;1;69.4978715691877;0;69.4978715691877;69.4978715691877
2226;11.50;36.50;True;False;False;False;172;0.50;38.50;False;False;True;False;1;154.593607514683;0;154.593607514683;154.593607514683
2226;11.50;36.50;True;False;False;False;220;23.50;0.50;False;True;False;False;2;58.5769480409067;127.06549235609;50.6062049025259;66.5476911792875
2226;11.50;36.50;True;False;False;False;1295;40.50;21.50;True;False;False;False;1;36.6931457505098;0;36.6931457505098;36.6931457505098
2226;11.50;36.50;True;False;False;False;1486;39.50;24.50;True;False;False;False;1;37.2342856333116;0;37.2342856333116;37.2342856333116
2226;11.50;36.50;True;False;False;False;1659;20.50;27.50;True;False;False;False;1;16.6944444444425;0;16.6944444444425;16.6944444444425
2226;11.50;36.50;True;False;False;False;1744;41.50;28.50;True;False;False;False;1;30.4416666666671;0;30.4416666666671;30.4416666666671
2226;11.50;36.50;True;False;False;False;1863;32.50;30.50;True;False;False;False;1;23.4407503312741;0;23.4407503312741;23.4407503312741
2226;11.50;36.50;True;False;False;False;2256;41.50;36.50;True;False;False;False;1;22.6366666666659;0;22.6366666666659;22.6366666666659
2226;11.50;36.50;True;False;False;False;2924;69.50;46.50;True;False;False;False;1;54.9777777777808;0;54.9777777777808;54.9777777777808
2229;14.50;36.50;True;False;False;False;204;13.50;0.50;False;True;False;False;1;50.9604617641435;0;50.9604617641435;50.9604617641435
2229;14.50;36.50;True;False;False;False;220;23.50;0.50;False;True;False;False;3;68.6078403053867;383.501793817463;52.4423160136358;90.3839826803024
2229;14.50;36.50;True;False;False;False;754;11.50;13.50;True;False;False;False;1;27.4104617641497;0;27.4104617641497;27.4104617641497
2229;14.50;36.50;True;False;False;False;1358;39.50;22.50;True;False;False;False;1;30.6512049025241;0;30.6512049025241;30.6512049025241
2229;14.50;36.50;True;False;False;False;1553;42.50;25.50;True;False;False;False;1;30.8800000000002;0;30.8800000000002;30.8800000000002
2229;14.50;36.50;True;False;False;False;1740;37.50;28.50;True;False;False;False;1;25.9505555555493;0;25.9505555555493;25.9505555555493
2230;15.50;36.50;True;False;False;False;140;0.50;26.50;False;False;True;False;1;89.2722222222101;0;89.2722222222101;89.2722222222101
2230;15.50;36.50;True;False;False;False;2609;10.50;42.50;True;False;False;False;1;11.75;0;11.75;11.75
2231;16.50;36.50;True;False;False;False;140;0.50;26.50;False;False;True;False;1;139.458982680303;0;139.458982680303;139.458982680303
2231;16.50;36.50;True;False;False;False;1551;40.50;25.50;True;False;False;False;1;27.8912915010192;0;27.8912915010192;27.8912915010192
2232;17.50;36.50;True;False;False;False;220;23.50;0.50;False;True;False;False;1;45.4416666666668;0;45.4416666666668;45.4416666666668
2232;17.50;36.50;True;False;False;False;954;19.50;16.50;True;False;False;False;1;22.6704545712273;0;22.6704545712273;22.6704545712273
2234;19.50;36.50;True;False;False;False;236;33.50;0.50;False;True;False;False;1;49.2833333333356;0;49.2833333333356;49.2833333333356
2234;19.50;36.50;True;False;False;False;1740;37.50;28.50;True;False;False;False;1;24.9243506530311;0;24.9243506530311;24.9243506530311
2235;20.50;36.50;True;False;False;False;108;0.50;14.50;False;False;True;False;2;134.930328269946;775.235653209362;115.242316013635;154.618340526258
2235;20.50;36.50;True;False;False;False;774;31.50;13.50;True;False;False;False;1;27.2003823585615;0;27.2003823585615;27.2003823585615
2235;20.50;36.50;True;False;False;False;2688;25.50;43.50;True;False;False;False;1;12.1722222222243;0;12.1722222222243;12.1722222222243
2236;21.50;36.50;True;False;False;False;220;23.50;0.50;False;True;False;False;1;45.4222222222222;0;45.4222222222222;45.4222222222222
2236;21.50;36.50;True;False;False;False;2232;17.50;36.50;True;False;False;False;1;5.5972222222224;0;5.5972222222224;5.5972222222224
2237;22.50;36.50;True;False;False;False;76;81.50;35.50;False;False;True;False;1;59.1866666666701;0;59.1866666666701;59.1866666666701
2237;22.50;36.50;True;False;False;False;236;33.50;0.50;False;True;False;False;1;53.4506493469687;0;53.4506493469687;53.4506493469687
2237;22.50;36.50;True;False;False;False;529;42.50;9.50;True;False;False;False;1;39.4700000000003;0;39.4700000000003;39.4700000000003
2237;22.50;36.50;True;False;False;False;1530;19.50;25.50;True;False;False;False;1;13.1361111111109;0;13.1361111111109;13.1361111111109
2240;25.50;36.50;True;False;False;False;204;13.50;0.50;False;True;False;False;1;52.9702813742324;0;52.9702813742324;52.9702813742324
2241;26.50;36.50;True;False;False;False;76;81.50;35.50;False;False;True;False;1;92.5339826803065;0;92.5339826803065;92.5339826803065
2242;27.50;36.50;True;False;False;False;252;43.50;0.50;False;True;False;False;1;59.1111111111063;0;59.1111111111063;59.1111111111063
2242;27.50;36.50;True;False;False;False;1172;45.50;19.50;True;False;False;False;1;29.0478715691916;0;29.0478715691916;29.0478715691916
2244;29.50;36.50;True;False;False;False;12;81.50;11.50;False;False;True;False;1;121.508333333335;0;121.508333333335;121.508333333335
2244;29.50;36.50;True;False;False;False;204;13.50;0.50;False;True;False;False;1;74.4916666666768;0;74.4916666666768;74.4916666666768
2244;29.50;36.50;True;False;False;False;236;33.50;0.50;False;True;False;False;1;41.6244444444474;0;41.6244444444474;41.6244444444474
2244;29.50;36.50;True;False;False;False;1356;37.50;22.50;True;False;False;False;1;18.9354617641379;0;18.9354617641379;18.9354617641379
2244;29.50;36.50;True;False;False;False;2062;39.50;33.50;True;False;False;False;1;12.769444444446;0;12.769444444446;12.769444444446
2246;31.50;36.50;True;False;False;False;172;0.50;38.50;False;False;True;False;1;139.563982680307;0;139.563982680307;139.563982680307
2246;31.50;36.50;True;False;False;False;236;33.50;0.50;False;True;False;False;1;44.1215728752541;0;44.1215728752541;44.1215728752541
2246;31.50;36.50;True;False;False;False;2040;17.50;33.50;True;False;False;False;1;16.8777777777777;0;16.8777777777777;16.8777777777777
2247;32.50;36.50;True;False;False;False;236;33.50;0.50;False;True;False;False;1;58.222222222219;0;58.222222222219;58.222222222219
2247;32.50;36.50;True;False;False;False;2884;29.50;46.50;True;False;False;False;1;13.1361111111023;0;13.1361111111023;13.1361111111023
2250;35.50;36.50;True;False;False;False;188;0.50;44.50;False;False;True;False;1;141.643982680295;0;141.643982680295;141.643982680295
2256;41.50;36.50;True;False;False;False;76;81.50;35.50;False;False;True;False;1;139.664999999986;0;139.664999999986;139.664999999986
2259;44.50;36.50;True;False;False;False;156;0.50;32.50;False;False;True;False;1;99.5596320272725;0;99.5596320272725;99.5596320272725
2259;44.50;36.50;True;False;False;False;268;53.50;0.50;False;True;False;False;1;49.9604617641434;0;49.9604617641434;49.9604617641434
2259;44.50;36.50;True;False;False;False;1868;37.50;30.50;True;False;False;False;1;13.5687950974625;0;13.5687950974625;13.5687950974625
2261;46.50;36.50;True;False;False;False;204;13.50;0.50;False;True;False;False;1;63.6747473974549;0;63.6747473974549;63.6747473974549
2262;47.50;36.50;True;False;False;False;268;53.50;0.50;False;True;False;False;1;42.2555555555552;0;42.2555555555552;42.2555555555552
2267;52.50;36.50;True;False;False;False;268;53.50;0.50;False;True;False;False;1;46.7521284308095;0;46.7521284308095;46.7521284308095
2267;52.50;36.50;True;False;False;False;1492;45.50;24.50;True;False;False;False;1;17.9250000000002;0;17.9250000000002;17.9250000000002
2269;54.50;36.50;True;False;False;False;28;81.50;17.50;False;False;True;False;1;118.78953823585;0;118.78953823585;118.78953823585
2269;54.50;36.50;True;False;False;False;76;81.50;35.50;False;False;True;False;1;81.3372222222233;0;81.3372222222233;81.3372222222233
2269;54.50;36.50;True;False;False;False;931;60.50;15.50;True;False;False;False;1;22.1027777777654;0;22.1027777777654;22.1027777777654
2269;54.50;36.50;True;False;False;False;1464;17.50;24.50;True;False;False;False;1;39.1832395419315;0;39.1832395419315;39.1832395419315
2270;55.50;36.50;True;False;False;False;172;0.50;38.50;False;False;True;False;1;73.0923160136354;0;73.0923160136354;73.0923160136354
2270;55.50;36.50;True;False;False;False;1739;36.50;28.50;True;False;False;False;1;23.1694444444438;0;23.1694444444438;23.1694444444438
2271;56.50;36.50;True;False;False;False;124;0.50;20.50;False;False;True;False;1;98.5829653606115;0;98.5829653606115;98.5829653606115
2271;56.50;36.50;True;False;False;False;1679;40.50;27.50;True;False;False;False;1;21.5485209161561;0;21.5485209161561;21.5485209161561
2272;57.50;36.50;True;False;False;False;92;81.50;41.50;False;False;True;False;1;131.027503596471;0;131.027503596471;131.027503596471
2272;57.50;36.50;True;False;False;False;1295;40.50;21.50;True;False;False;False;1;31.6276839863722;0;31.6276839863722;31.6276839863722
2274;59.50;36.50;True;False;False;False;28;81.50;17.50;False;False;True;False;1;116.648520916164;0;116.648520916164;116.648520916164
2274;59.50;36.50;True;False;False;False;284;63.50;0.50;False;True;False;False;1;51.6734271247506;0;51.6734271247506;51.6734271247506
2274;59.50;36.50;True;False;False;False;543;56.50;9.50;True;False;False;False;1;27.208333333333;0;27.208333333333;27.208333333333
2274;59.50;36.50;True;False;False;False;1151;24.50;19.50;True;False;False;False;1;41.5721284308102;0;41.5721284308102;41.5721284308102
2276;61.50;36.50;True;False;False;False;76;81.50;35.50;False;False;True;False;1;138.227965360602;0;138.227965360602;138.227965360602
2276;61.50;36.50;True;False;False;False;284;63.50;0.50;False;True;False;False;1;53.2546320272722;0;53.2546320272722;53.2546320272722
2276;61.50;36.50;True;False;False;False;755;12.50;13.50;True;False;False;False;1;58.1673160136388;0;58.1673160136388;58.1673160136388
2276;61.50;36.50;True;False;False;False;1556;45.50;25.50;True;False;False;False;1;22.2305555555586;0;22.2305555555586;22.2305555555586
2277;62.50;36.50;True;False;False;False;268;53.50;0.50;False;True;False;False;1;45.006204902524;0;45.006204902524;45.006204902524
2277;62.50;36.50;True;False;False;False;1488;41.50;24.50;True;False;False;False;1;27.8472222222233;0;27.8472222222233;27.8472222222233
2280;65.50;36.50;True;False;False;False;12;81.50;11.50;False;False;True;False;1;51.4777777777781;0;51.4777777777781;51.4777777777781
2280;65.50;36.50;True;False;False;False;2092;69.50;33.50;True;False;False;False;1;9.63676045807938;0;9.63676045807938;9.63676045807938
2281;66.50;36.50;True;False;False;False;188;0.50;44.50;False;False;True;False;1;133.786666666657;0;133.786666666657;133.786666666657
2281;66.50;36.50;True;False;False;False;236;33.50;0.50;False;True;False;False;1;78.2722222222264;0;78.2722222222264;78.2722222222264
2281;66.50;36.50;True;False;False;False;1172;45.50;19.50;True;False;False;False;1;30.0789682944551;0;30.0789682944551;30.0789682944551
2281;66.50;36.50;True;False;False;False;1488;41.50;24.50;True;False;False;False;1;43.8790764717155;0;43.8790764717155;43.8790764717155
2281;66.50;36.50;True;False;False;False;1748;45.50;28.50;True;False;False;False;1;26.9722222222235;0;26.9722222222235;26.9722222222235
2282;67.50;36.50;True;False;False;False;60;81.50;29.50;False;False;True;False;1;300.425743138391;0;300.425743138391;300.425743138391
2282;67.50;36.50;True;False;False;False;92;81.50;41.50;False;False;True;False;1;44.7098196100912;0;44.7098196100912;44.7098196100912
2282;67.50;36.50;True;False;False;False;204;13.50;0.50;False;True;False;False;1;85.3487879045792;0;85.3487879045792;85.3487879045792
2282;67.50;36.50;True;False;False;False;284;63.50;0.50;False;True;False;False;1;39.1374098050592;0;39.1374098050592;39.1374098050592
2282;67.50;36.50;True;False;False;False;710;31.50;12.50;True;False;False;False;1;47.8416666666672;0;47.8416666666672;47.8416666666672
2282;67.50;36.50;True;False;False;False;1488;41.50;24.50;True;False;False;False;1;29.5044444444547;0;29.5044444444547;29.5044444444547
2282;67.50;36.50;True;False;False;False;1541;30.50;25.50;True;False;False;False;1;49.4707359454619;0;49.4707359454619;49.4707359454619
2282;67.50;36.50;True;False;False;False;1679;40.50;27.50;True;False;False;False;1;28.8694444444427;0;28.8694444444427;28.8694444444427
2285;70.50;36.50;True;False;False;False;28;81.50;17.50;False;False;True;False;1;44.9722222222222;0;44.9722222222222;44.9722222222222
2285;70.50;36.50;True;False;False;False;92;81.50;41.50;False;False;True;False;2;162.639350653039;1106.58105183112;139.117222222229;186.16147908385
2285;70.50;36.50;True;False;False;False;204;13.50;0.50;False;True;False;False;1;92.3805555555555;0;92.3805555555555;92.3805555555555
2285;70.50;36.50;True;False;False;False;220;23.50;0.50;False;True;False;False;1;85.125555555556;0;85.125555555556;85.125555555556
2285;70.50;36.50;True;False;False;False;284;63.50;0.50;False;True;False;False;2;45.5235931287602;9.24406969858799;43.3737013060645;47.673484951456
2285;70.50;36.50;True;False;False;False;1082;19.50;18.50;True;False;False;False;1;53.986111111114;0;53.986111111114;53.986111111114
2285;70.50;36.50;True;False;False;False;1358;39.50;22.50;True;False;False;False;1;38.0770202535498;0;38.0770202535498;38.0770202535498
2285;70.50;36.50;True;False;False;False;1493;46.50;24.50;True;False;False;False;1;29.4166666666666;0;29.4166666666666;29.4166666666666
2285;70.50;36.50;True;False;False;False;1704;65.50;27.50;True;False;False;False;1;14.2583333333328;0;14.2583333333328;14.2583333333328
2285;70.50;36.50;True;False;False;False;1748;45.50;28.50;True;False;False;False;1;58.0917604580891;0;58.0917604580891;58.0917604580891
2285;70.50;36.50;True;False;False;False;1964;69.50;31.50;True;False;False;False;1;8.89231601363508;0;8.89231601363508;8.89231601363508
2286;71.50;36.50;True;False;False;False;60;81.50;29.50;False;False;True;False;2;90.2905086598566;5924.51387938736;35.8638888888872;144.717128430826
2286;71.50;36.50;True;False;False;False;76;81.50;35.50;False;False;True;False;1;22.2777777777746;0;22.2777777777746;22.2777777777746
2286;71.50;36.50;True;False;False;False;268;53.50;0.50;False;True;False;False;1;49.7916666666729;0;49.7916666666729;49.7916666666729
2286;71.50;36.50;True;False;False;False;888;17.50;15.50;True;False;False;False;1;59.447128430812;0;59.447128430812;59.447128430812
2286;71.50;36.50;True;False;False;False;1390;71.50;22.50;True;False;False;False;1;13.0666666666675;0;13.0666666666675;13.0666666666675
2286;71.50;36.50;True;False;False;False;2274;59.50;36.50;True;False;False;False;1;9.6611111111115;0;9.6611111111115;9.6611111111115
2286;71.50;36.50;True;False;False;False;2860;69.50;45.50;True;False;False;False;1;11.683333333342;0;11.683333333342;11.683333333342
2287;72.50;36.50;True;False;False;False;220;23.50;0.50;False;True;False;False;2;92.066385292428;168.966839951834;82.8748990156653;101.257871569191
2287;72.50;36.50;True;False;False;False;252;43.50;0.50;False;True;False;False;1;58.50110391822;0;58.50110391822;58.50110391822
2287;72.50;36.50;True;False;False;False;284;63.50;0.50;False;True;False;False;1;43.569538235859;0;43.569538235859;43.569538235859
2287;72.50;36.50;True;False;False;False;1744;41.50;28.50;True;False;False;False;1;30.0621212378855;0;30.0621212378855;30.0621212378855
2287;72.50;36.50;True;False;False;False;1745;42.50;28.50;True;False;False;False;1;30.633333333333;0;30.633333333333;30.633333333333
2287;72.50;36.50;True;False;False;False;2043;20.50;33.50;True;False;False;False;1;42.4354617641297;0;42.4354617641297;42.4354617641297
2287;72.50;36.50;True;False;False;False;2154;67.50;34.50;True;False;False;False;1;12.2138888888894;0;12.2138888888894;12.2138888888894
2288;9.50;37.50;True;False;False;False;172;0.50;38.50;False;False;True;False;1;74.6469480409051;0;74.6469480409051;74.6469480409051
2288;9.50;37.50;True;False;False;False;204;13.50;0.50;False;True;False;False;1;42.2860173196964;0;42.2860173196964;42.2860173196964
2288;9.50;37.50;True;False;False;False;220;23.50;0.50;False;True;False;False;1;52.0472222222228;0;52.0472222222228;52.0472222222228
2288;9.50;37.50;True;False;False;False;236;33.50;0.50;False;True;False;False;1;58.2079653606038;0;58.2079653606038;58.2079653606038
2288;9.50;37.50;True;False;False;False;268;53.50;0.50;False;True;False;False;1;74.4216666666671;0;74.4216666666671;74.4216666666671
2288;9.50;37.50;True;False;False;False;1267;12.50;21.50;True;False;False;False;1;17.7916666666674;0;17.7916666666674;17.7916666666674
2288;9.50;37.50;True;False;False;False;1358;39.50;22.50;True;False;False;False;1;42.9361111111114;0;42.9361111111114;42.9361111111114
2288;9.50;37.50;True;False;False;False;1482;35.50;24.50;True;False;False;False;1;30.1993506530316;0;30.1993506530316;30.1993506530316
2288;9.50;37.50;True;False;False;False;1493;46.50;24.50;True;False;False;False;1;41.0640764717148;0;41.0640764717148;41.0640764717148
2288;9.50;37.50;True;False;False;False;1555;44.50;25.50;True;False;False;False;1;39.0027777777784;0;39.0027777777784;39.0027777777784
2289;10.50;37.50;True;False;False;False;172;0.50;38.50;False;False;True;False;1;138.616666666667;0;138.616666666667;138.616666666667
2289;10.50;37.50;True;False;False;False;188;0.50;44.50;False;False;True;False;1;148.427777777772;0;148.427777777772;148.427777777772
2289;10.50;37.50;True;False;False;False;220;23.50;0.50;False;True;False;False;1;50.6861111111139;0;50.6861111111139;50.6861111111139
2289;10.50;37.50;True;False;False;False;1486;39.50;24.50;True;False;False;False;1;38.4033333333339;0;38.4033333333339;38.4033333333339
2289;10.50;37.50;True;False;False;False;2237;22.50;36.50;True;False;False;False;1;13.1442640545374;0;13.1442640545374;13.1442640545374
2289;10.50;37.50;True;False;False;False;2481;10.50;40.50;True;False;False;False;1;5.6903679727302;0;5.6903679727302;5.6903679727302
2290;11.50;37.50;True;False;False;False;140;0.50;26.50;False;False;True;False;1;96.1300000000101;0;96.1300000000101;96.1300000000101
2290;11.50;37.50;True;False;False;False;204;13.50;0.50;False;True;False;False;1;48.9753392009789;0;48.9753392009789;48.9753392009789
2290;11.50;37.50;True;False;False;False;888;17.50;15.50;True;False;False;False;1;25.1750000000002;0;25.1750000000002;25.1750000000002
2290;11.50;37.50;True;False;False;False;1488;41.50;24.50;True;False;False;False;1;48.1090764717137;0;48.1090764717137;48.1090764717137
2291;12.50;37.50;True;False;False;False;44;81.50;23.50;False;False;True;False;1;150.908333333338;0;150.908333333338;150.908333333338
2291;12.50;37.50;True;False;False;False;188;0.50;44.50;False;False;True;False;1;81.2046176414578;0;81.2046176414578;81.2046176414578
2291;12.50;37.50;True;False;False;False;1492;45.50;24.50;True;False;False;False;1;36.3388888888871;0;36.3388888888871;36.3388888888871
2291;12.50;37.50;True;False;False;False;1740;37.50;28.50;True;False;False;False;1;29.769444444446;0;29.769444444446;29.769444444446
2295;16.50;37.50;True;False;False;False;204;13.50;0.50;False;True;False;False;2;67.1985642154023;146.44099131928;58.6416666666619;75.7554617641427
2295;16.50;37.50;True;False;False;False;1356;37.50;22.50;True;False;False;False;1;27.9086941131397;0;27.9086941131397;27.9086941131397
2295;16.50;37.50;True;False;False;False;1840;9.50;30.50;True;False;False;False;1;13.3300000000008;0;13.3300000000008;13.3300000000008
2296;17.50;37.50;True;False;False;False;188;0.50;44.50;False;False;True;False;1;59.0583333333352;0;59.0583333333352;59.0583333333352
2296;17.50;37.50;True;False;False;False;204;13.50;0.50;False;True;False;False;1;42.9936147075709;0;42.9936147075709;42.9936147075709
2296;17.50;37.50;True;False;False;False;236;33.50;0.50;False;True;False;False;1;50.8999999999978;0;50.8999999999978;50.8999999999978
2296;17.50;37.50;True;False;False;False;1492;45.50;24.50;True;False;False;False;1;41.6589826803056;0;41.6589826803056;41.6589826803056
2296;17.50;37.50;True;False;False;False;1720;17.50;28.50;True;False;False;False;1;8.23611111110677;0;8.23611111110677;8.23611111110677
2296;17.50;37.50;True;False;False;False;2503;32.50;40.50;True;False;False;False;1;16.4217604580817;0;16.4217604580817;16.4217604580817
2298;19.50;37.50;True;False;False;False;220;23.50;0.50;False;True;False;False;1;50.2611111111173;0;50.2611111111173;50.2611111111173
2298;19.50;37.50;True;False;False;False;1333;14.50;22.50;True;False;False;False;1;17.7376839863578;0;17.7376839863578;17.7376839863578
2298;19.50;37.50;True;False;False;False;1356;37.50;22.50;True;False;False;False;1;25.6515512964827;0;25.6515512964827;25.6515512964827
2300;21.50;37.50;True;False;False;False;204;13.50;0.50;False;True;False;False;1;44.9567604580793;0;44.9567604580793;44.9567604580793
2300;21.50;37.50;True;False;False;False;1340;21.50;22.50;True;False;False;False;1;12.4312049025245;0;12.4312049025245;12.4312049025245
2304;25.50;37.50;True;False;False;False;92;81.50;41.50;False;False;True;False;1;138.245678118662;0;138.245678118662;138.245678118662
2304;25.50;37.50;True;False;False;False;220;23.50;0.50;False;True;False;False;2;54.639909805046;122.887648302474;46.8012986939348;62.4785209161573
2304;25.50;37.50;True;False;False;False;888;17.50;15.50;True;False;False;False;1;24.1296392201621;0;24.1296392201621;24.1296392201621
2304;25.50;37.50;True;False;False;False;1550;39.50;25.50;True;False;False;False;1;21.6049062085858;0;21.6049062085858;21.6049062085858
2304;25.50;37.50;True;False;False;False;2226;11.50;36.50;True;False;False;False;1;13.8218542494892;0;13.8218542494892;13.8218542494892
2306;27.50;37.50;True;False;False;False;204;13.50;0.50;False;True;False;False;1;59.5166666666655;0;59.5166666666655;59.5166666666655
2306;27.50;37.50;True;False;False;False;1748;45.50;28.50;True;False;False;False;1;24.36388888889;0;24.36388888889;24.36388888889
2308;29.50;37.50;True;False;False;False;236;33.50;0.50;False;True;False;False;1;64.2722222222223;0;64.2722222222223;64.2722222222223
2308;29.50;37.50;True;False;False;False;1715;12.50;28.50;True;False;False;False;1;21.5199999999936;0;21.5199999999936;21.5199999999936
2310;31.50;37.50;True;False;False;False;188;0.50;44.50;False;False;True;False;1;122.197222222226;0;122.197222222226;122.197222222226
2310;31.50;37.50;True;False;False;False;1556;45.50;25.50;True;False;False;False;1;22.9472222222248;0;22.9472222222248;22.9472222222248
2310;31.50;37.50;True;False;False;False;1967;72.50;31.50;True;False;False;False;1;37.786111111111;0;37.786111111111;37.786111111111
2311;32.50;37.50;True;False;False;False;204;13.50;0.50;False;True;False;False;1;60.97176045808;0;60.97176045808;60.97176045808
2311;32.50;37.50;True;False;False;False;1522;11.50;25.50;True;False;False;False;1;26.202503596458;0;26.202503596458;26.202503596458
2313;34.50;37.50;True;False;False;False;236;33.50;0.50;False;True;False;False;2;60.4248016277929;359.428476743871;47.0190477000224;73.8305555555635
2313;34.50;37.50;True;False;False;False;2032;9.50;33.50;True;False;False;False;1;23.5935209161585;0;23.5935209161585;23.5935209161585
2314;35.50;37.50;True;False;False;False;188;0.50;44.50;False;False;True;False;1;137.560555555564;0;137.560555555564;137.560555555564
2321;42.50;37.50;True;False;False;False;92;81.50;41.50;False;False;True;False;1;42.2945382358589;0;42.2945382358589;42.2945382358589
2324;45.50;37.50;True;False;False;False;92;81.50;41.50;False;False;True;False;1;80.140093791412;0;80.140093791412;80.140093791412
2326;47.50;37.50;True;False;False;False;60;81.50;29.50;False;False;True;False;1;192.064725818698;0;192.064725818698;192.064725818698
2330;51.50;37.50;True;False;False;False;284;63.50;0.50;False;True;False;False;1;55.4922222222208;0;55.4922222222208;55.4922222222208
2333;54.50;37.50;True;False;False;False;76;81.50;35.50;False;False;True;False;1;94.7338816959665;0;94.7338816959665;94.7338816959665
2334;55.50;37.50;True;False;False;False;44;81.50;23.50;False;False;True;False;1;59.3426839863596;0;59.3426839863596;59.3426839863596
2335;56.50;37.50;True;False;False;False;60;81.50;29.50;False;False;True;False;1;70.2816666666558;0;70.2816666666558;70.2816666666558
2336;57.50;37.50;True;False;False;False;92;81.50;41.50;False;False;True;False;1;99.4029437818338;0;99.4029437818338;99.4029437818338
2338;59.50;37.50;True;False;False;False;204;13.50;0.50;False;True;False;False;1;69.9849062085864;0;69.9849062085864;69.9849062085864
2340;61.50;37.50;True;False;False;False;28;81.50;17.50;False;False;True;False;1;49.1728715691906;0;49.1728715691906;49.1728715691906
2341;62.50;37.50;True;False;False;False;92;81.50;41.50;False;False;True;False;1;40.4133333333334;0;40.4133333333334;40.4133333333334
2341;62.50;37.50;True;False;False;False;1876;45.50;30.50;True;False;False;False;1;20.1645382358565;0;20.1645382358565;20.1645382358565
2343;64.50;37.50;True;False;False;False;28;81.50;17.50;False;False;True;False;1;180.507965360613;0;180.507965360613;180.507965360613
2343;64.50;37.50;True;False;False;False;1548;37.50;25.50;True;False;False;False;1;39.7534271247441;0;39.7534271247441;39.7534271247441
2344;65.50;37.50;True;False;False;False;172;0.50;38.50;False;False;True;False;1;104.292316013633;0;104.292316013633;104.292316013633
2344;65.50;37.50;True;False;False;False;1550;39.50;25.50;True;False;False;False;1;29.1326839863686;0;29.1326839863686;29.1326839863686
2345;66.50;37.50;True;False;False;False;12;81.50;11.50;False;False;True;False;1;154.935281374249;0;154.935281374249;154.935281374249
2348;69.50;37.50;True;False;False;False;1753;50.50;28.50;True;False;False;False;1;23.3676045807833;0;23.3676045807833;23.3676045807833
2349;70.50;37.50;True;False;False;False;284;63.50;0.50;False;True;False;False;1;42.1500000000007;0;42.1500000000007;42.1500000000007
2349;70.50;37.50;True;False;False;False;1876;45.50;30.50;True;False;False;False;1;24.9873160136376;0;24.9873160136376;24.9873160136376
2350;71.50;37.50;True;False;False;False;220;23.50;0.50;False;True;False;False;1;79.8789826803029;0;79.8789826803029;79.8789826803029
2350;71.50;37.50;True;False;False;False;1548;37.50;25.50;True;False;False;False;1;41.3966666666647;0;41.3966666666647;41.3966666666647
2351;72.50;37.50;True;False;False;False;92;81.50;41.50;False;False;True;False;1;111.818427124741;0;111.818427124741;111.818427124741
2351;72.50;37.50;True;False;False;False;236;33.50;0.50;False;True;False;False;1;69.182316013641;0;69.182316013641;69.182316013641
2351;72.50;37.50;True;False;False;False;284;63.50;0.50;False;True;False;False;1;49.7494444444546;0;49.7494444444546;49.7494444444546
2351;72.50;37.50;True;False;False;False;1679;40.50;27.50;True;False;False;False;1;34.5483333333282;0;34.5483333333282;34.5483333333282
2351;72.50;37.50;True;False;False;False;1877;46.50;30.50;True;False;False;False;1;25.5555555555593;0;25.5555555555593;25.5555555555593
2351;72.50;37.50;True;False;False;False;2926;71.50;46.50;True;False;False;False;1;10.3956493469614;0;10.3956493469614;10.3956493469614
2416;9.50;39.50;True;False;False;False;204;13.50;0.50;False;True;False;False;2;44.3949098050446;1.2561125000097;43.6024098050416;45.1874098050477
2416;9.50;39.50;True;False;False;False;284;63.50;0.50;False;True;False;False;1;83.5595382358551;0;83.5595382358551;83.5595382358551
2416;9.50;39.50;True;False;False;False;1493;46.50;24.50;True;False;False;False;1;44.6938888888885;0;44.6938888888885;44.6938888888885
2416;9.50;39.50;True;False;False;False;1907;12.50;31.50;True;False;False;False;1;12.6437950974773;0;12.6437950974773;12.6437950974773
2416;9.50;39.50;True;False;False;False;2335;56.50;37.50;True;False;False;False;1;40.1382395419178;0;40.1382395419178;40.1382395419178
2418;11.50;39.50;True;False;False;False;156;0.50;32.50;False;False;True;False;1;83.6555555555557;0;83.6555555555557;83.6555555555557
2418;11.50;39.50;True;False;False;False;204;13.50;0.50;False;True;False;False;1;49.0638888888939;0;49.0638888888939;49.0638888888939
2418;11.50;39.50;True;False;False;False;1385;66.50;22.50;True;False;False;False;1;54.5312049025306;0;54.5312049025306;54.5312049025306
2418;11.50;39.50;True;False;False;False;1747;44.50;28.50;True;False;False;False;1;35.2367604580794;0;35.2367604580794;35.2367604580794
2419;12.50;39.50;True;False;False;False;140;0.50;26.50;False;False;True;False;1;108.951298693949;0;108.951298693949;108.951298693949
2419;12.50;39.50;True;False;False;False;1488;41.50;24.50;True;False;False;False;1;36.8457431383786;0;36.8457431383786;36.8457431383786
2421;14.50;39.50;True;False;False;False;204;13.50;0.50;False;True;False;False;1;48.193888888889;0;48.193888888889;48.193888888889
2421;14.50;39.50;True;False;False;False;220;23.50;0.50;False;True;False;False;1;49.4978715691909;0;49.4978715691909;49.4978715691909
2421;14.50;39.50;True;False;False;False;984;49.50;16.50;True;False;False;False;1;50.2305555555561;0;50.2305555555561;50.2305555555561
2421;14.50;39.50;True;False;False;False;1553;42.50;25.50;True;False;False;False;1;35.0666666666669;0;35.0666666666669;35.0666666666669
2423;16.50;39.50;True;False;False;False;28;81.50;17.50;False;False;True;False;1;148.723427124741;0;148.723427124741;148.723427124741
2423;16.50;39.50;True;False;False;False;172;0.50;38.50;False;False;True;False;1;34.6222222222232;0;34.6222222222232;34.6222222222232
2423;16.50;39.50;True;False;False;False;1520;9.50;25.50;True;False;False;False;1;18.0700000000043;0;18.0700000000043;18.0700000000043
2423;16.50;39.50;True;False;False;False;1719;16.50;28.50;True;False;False;False;1;10.0228715691933;0;10.0228715691933;10.0228715691933
2424;17.50;39.50;True;False;False;False;204;13.50;0.50;False;True;False;False;1;43.2694444444414;0;43.2694444444414;43.2694444444414
2424;17.50;39.50;True;False;False;False;236;33.50;0.50;False;True;False;False;1;54.6710173197062;0;54.6710173197062;54.6710173197062
2424;17.50;39.50;True;False;False;False;1072;9.50;18.50;True;False;False;False;1;24.0435209161537;0;24.0435209161537;24.0435209161537
2424;17.50;39.50;True;False;False;False;2241;26.50;36.50;True;False;False;False;1;18.5111111111137;0;18.5111111111137;18.5111111111137
2426;19.50;39.50;True;False;False;False;188;0.50;44.50;False;False;True;False;1;39.1821284308116;0;39.1821284308116;39.1821284308116
2426;19.50;39.50;True;False;False;False;1488;41.50;24.50;True;False;False;False;1;28.9255555555592;0;28.9255555555592;28.9255555555592
2429;22.50;39.50;True;False;False;False;156;0.50;32.50;False;False;True;False;1;100.842777777787;0;100.842777777787;100.842777777787
2429;22.50;39.50;True;False;False;False;1740;37.50;28.50;True;False;False;False;1;28.0055555555564;0;28.0055555555564;28.0055555555564
2432;25.50;39.50;True;False;False;False;188;0.50;44.50;False;False;True;False;1;136.496298693945;0;136.496298693945;136.496298693945
2432;25.50;39.50;True;False;False;False;1738;35.50;28.50;True;False;False;False;1;17.8714934696509;0;17.8714934696509;17.8714934696509
2433;26.50;39.50;True;False;False;False;156;0.50;32.50;False;False;True;False;1;156.995649346981;0;156.995649346981;156.995649346981
2433;26.50;39.50;True;False;False;False;172;0.50;38.50;False;False;True;False;1;89.6717604580899;0;89.6717604580899;89.6717604580899
2433;26.50;39.50;True;False;False;False;236;33.50;0.50;False;True;False;False;1;57.2388888888891;0;57.2388888888891;57.2388888888891
2433;26.50;39.50;True;False;False;False;721;42.50;12.50;True;False;False;False;1;36.4890764717006;0;36.4890764717006;36.4890764717006
2433;26.50;39.50;True;False;False;False;885;14.50;15.50;True;False;False;False;1;28.8777777777796;0;28.8777777777796;28.8777777777796
2433;26.50;39.50;True;False;False;False;2722;59.50;43.50;True;False;False;False;1;28.6444444444469;0;28.6444444444469;28.6444444444469
2434;27.50;39.50;True;False;False;False;124;0.50;20.50;False;False;True;False;1;137.589444444453;0;137.589444444453;137.589444444453
2434;27.50;39.50;True;False;False;False;1845;14.50;30.50;True;False;False;False;1;18.8833333333341;0;18.8833333333341;18.8833333333341
2437;30.50;39.50;True;False;False;False;1462;15.50;24.50;True;False;False;False;1;25.0694444444448;0;25.0694444444448;25.0694444444448
2439;32.50;39.50;True;False;False;False;92;81.50;41.50;False;False;True;False;1;178.856572875251;0;178.856572875251;178.856572875251
2439;32.50;39.50;True;False;False;False;2137;50.50;34.50;True;False;False;False;1;19.5478715691861;0;19.5478715691861;19.5478715691861
2441;34.50;39.50;True;False;False;False;92;81.50;41.50;False;False;True;False;1;93.8383333333459;0;93.8383333333459;93.8383333333459
2441;34.50;39.50;True;False;False;False;774;31.50;13.50;True;False;False;False;1;29.6071356237326;0;29.6071356237326;29.6071356237326
2444;37.50;39.50;True;False;False;False;236;33.50;0.50;False;True;False;False;1;43.2049062085939;0;43.2049062085939;43.2049062085939
2449;42.50;39.50;True;False;False;False;236;33.50;0.50;False;True;False;False;1;51.2355555555573;0;51.2355555555573;51.2355555555573
2452;45.50;39.50;True;False;False;False;76;81.50;35.50;False;False;True;False;1;85.5861111111119;0;85.5861111111119;85.5861111111119
2454;47.50;39.50;True;False;False;False;172;0.50;38.50;False;False;True;False;1;88.6895382358578;0;88.6895382358578;88.6895382358578
2458;51.50;39.50;True;False;False;False;172;0.50;38.50;False;False;True;False;1;55.6607431383741;0;55.6607431383741;55.6607431383741
2466;59.50;39.50;True;False;False;False;236;33.50;0.50;False;True;False;False;1;58.2739826803022;0;58.2739826803022;58.2739826803022
2468;61.50;39.50;True;False;False;False;124;0.50;20.50;False;False;True;False;1;123.046948040901;0;123.046948040901;123.046948040901
2471;64.50;39.50;True;False;False;False;76;81.50;35.50;False;False;True;False;1;167.052777777766;0;167.052777777766;167.052777777766
2471;64.50;39.50;True;False;False;False;1492;45.50;24.50;True;False;False;False;1;26.894444444446;0;26.894444444446;26.894444444446
2472;65.50;39.50;True;False;False;False;92;81.50;41.50;False;False;True;False;1;26.2405555555642;0;26.2405555555642;26.2405555555642
2472;65.50;39.50;True;False;False;False;1488;41.50;24.50;True;False;False;False;1;31.1878715691864;0;31.1878715691864;31.1878715691864
2473;66.50;39.50;True;False;False;False;28;81.50;17.50;False;False;True;False;1;132.302222222227;0;132.302222222227;132.302222222227
2474;67.50;39.50;True;False;False;False;60;81.50;29.50;False;False;True;False;1;41.9054617641405;0;41.9054617641405;41.9054617641405
2474;67.50;39.50;True;False;False;False;2857;66.50;45.50;True;False;False;False;1;8.65277777778101;0;8.65277777778101;8.65277777778101
2476;69.50;39.50;True;False;False;False;28;81.50;17.50;False;False;True;False;1;102.552777777774;0;102.552777777774;102.552777777774
2476;69.50;39.50;True;False;False;False;44;81.50;23.50;False;False;True;False;1;56.0595382358575;0;56.0595382358575;56.0595382358575
2476;69.50;39.50;True;False;False;False;1488;41.50;24.50;True;False;False;False;1;35.4617604580797;0;35.4617604580797;35.4617604580797
2476;69.50;39.50;True;False;False;False;2344;65.50;37.50;True;False;False;False;1;9.05463202726742;0;9.05463202726742;9.05463202726742
2477;70.50;39.50;True;False;False;False;76;81.50;35.50;False;False;True;False;1;111.0968254778;0;111.0968254778;111.0968254778
2477;70.50;39.50;True;False;False;False;1748;45.50;28.50;True;False;False;False;1;34.6172222222258;0;34.6172222222258;34.6172222222258
2478;71.50;39.50;True;False;False;False;92;81.50;41.50;False;False;True;False;1;75.5666666666648;0;75.5666666666648;75.5666666666648
2478;71.50;39.50;True;False;False;False;1550;39.50;25.50;True;False;False;False;1;43.1762049025265;0;43.1762049025265;43.1762049025265
2479;72.50;39.50;True;False;False;False;76;81.50;35.50;False;False;True;False;1;39.5194444444451;0;39.5194444444451;39.5194444444451
2479;72.50;39.50;True;False;False;False;268;53.50;0.50;False;True;False;False;1;79.5943434601081;0;79.5943434601081;79.5943434601081
2479;72.50;39.50;True;False;False;False;284;63.50;0.50;False;True;False;False;1;55.6715728752511;0;55.6715728752511;55.6715728752511
2479;72.50;39.50;True;False;False;False;1486;39.50;24.50;True;False;False;False;1;38.5923160136354;0;38.5923160136354;38.5923160136354
2479;72.50;39.50;True;False;False;False;1558;47.50;25.50;True;False;False;False;1;30.1478715691887;0;30.1478715691887;30.1478715691887
2479;72.50;39.50;True;False;False;False;1935;40.50;31.50;True;False;False;False;1;36.4534271247467;0;36.4534271247467;36.4534271247467
2480;9.50;40.50;True;False;False;False;188;0.50;44.50;False;False;True;False;2;45.8790584893651;1292.70900285085;20.4555555555555;71.3025614231747
2480;9.50;40.50;True;False;False;False;204;13.50;0.50;False;True;False;False;2;43.9581024512631;0.119280528094522;43.7138888888894;44.2023160136368
2480;9.50;40.50;True;False;False;False;220;23.50;0.50;False;True;False;False;1;51.5821284308092;0;51.5821284308092;51.5821284308092
2480;9.50;40.50;True;False;False;False;236;33.50;0.50;False;True;False;False;1;67.4033333333343;0;67.4033333333343;67.4033333333343
2480;9.50;40.50;True;False;False;False;284;63.50;0.50;False;True;False;False;1;108.314054892944;0;108.314054892944;108.314054892944
2480;9.50;40.50;True;False;False;False;1358;39.50;22.50;True;False;False;False;1;46.8805555555557;0;46.8805555555557;46.8805555555557
2480;9.50;40.50;True;False;False;False;1486;39.50;24.50;True;False;False;False;2;39.0752777777778;0.523037191359128;38.5638888888884;39.5866666666673
2480;9.50;40.50;True;False;False;False;1488;41.50;24.50;True;False;False;False;1;37.9888888888893;0;37.9888888888893;37.9888888888893
2480;9.50;40.50;True;False;False;False;1553;42.50;25.50;True;False;False;False;1;41.4394444444442;0;41.4394444444442;41.4394444444442
2480;9.50;40.50;True;False;False;False;1851;20.50;30.50;True;False;False;False;1;17.8644516373622;0;17.8644516373622;17.8644516373622
2480;9.50;40.50;True;False;False;False;1914;19.50;31.50;True;False;False;False;1;16.7831529434297;0;16.7831529434297;16.7831529434297
2481;10.50;40.50;True;False;False;False;188;0.50;44.50;False;False;True;False;1;133.184632027272;0;133.184632027272;133.184632027272
2481;10.50;40.50;True;False;False;False;2338;59.50;37.50;True;False;False;False;1;42.8855555555642;0;42.8855555555642;42.8855555555642
2486;15.50;40.50;True;False;False;False;172;0.50;38.50;False;False;True;False;1;133.266486276767;0;133.266486276767;133.266486276767
2486;15.50;40.50;True;False;False;False;188;0.50;44.50;False;False;True;False;1;23.954444444445;0;23.954444444445;23.954444444445
2486;15.50;40.50;True;False;False;False;1353;34.50;22.50;True;False;False;False;1;28.9472222222248;0;28.9472222222248;28.9472222222248
2486;15.50;40.50;True;False;False;False;1458;11.50;24.50;True;False;False;False;1;17.9805555555668;0;17.9805555555668;17.9805555555668
2488;17.50;40.50;True;False;False;False;172;0.50;38.50;False;False;True;False;1;30.0827777777813;0;30.0827777777813;30.0827777777813
2488;17.50;40.50;True;False;False;False;1550;39.50;25.50;True;False;False;False;1;29.6906493469724;0;29.6906493469724;29.6906493469724
2491;20.50;40.50;True;False;False;False;108;0.50;14.50;False;False;True;False;1;48.2249062085893;0;48.2249062085893;48.2249062085893
2493;22.50;40.50;True;False;False;False;188;0.50;44.50;False;False;True;False;1;119.087950974789;0;119.087950974789;119.087950974789
2493;22.50;40.50;True;False;False;False;252;43.50;0.50;False;True;False;False;1;67.8694444444452;0;67.8694444444452;67.8694444444452
2493;22.50;40.50;True;False;False;False;1738;35.50;28.50;True;False;False;False;1;20.8434271247424;0;20.8434271247424;20.8434271247424
2493;22.50;40.50;True;False;False;False;2693;30.50;43.50;True;False;False;False;1;11.0694444444425;0;11.0694444444425;11.0694444444425
2495;24.50;40.50;True;False;False;False;124;0.50;20.50;False;False;True;False;1;103.891666666672;0;103.891666666672;103.891666666672
2495;24.50;40.50;True;False;False;False;1748;45.50;28.50;True;False;False;False;1;26.4401875828266;0;26.4401875828266;26.4401875828266
2496;25.50;40.50;True;False;False;False;268;53.50;0.50;False;True;False;False;1;75.8194444444455;0;75.8194444444455;75.8194444444455
2497;26.50;40.50;True;False;False;False;220;23.50;0.50;False;True;False;False;1;80.0727777777729;0;80.0727777777729;80.0727777777729
2497;26.50;40.50;True;False;False;False;1654;15.50;27.50;True;False;False;False;1;20.6632395419201;0;20.6632395419201;20.6632395419201
2501;30.50;40.50;True;False;False;False;108;0.50;14.50;False;False;True;False;1;144.033982680297;0;144.033982680297;144.033982680297
2503;32.50;40.50;True;False;False;False;76;81.50;35.50;False;False;True;False;1;77.2526839863685;0;77.2526839863685;77.2526839863685
2503;32.50;40.50;True;False;False;False;188;0.50;44.50;False;False;True;False;1;87.0845382358577;0;87.0845382358577;87.0845382358577
2503;32.50;40.50;True;False;False;False;2351;72.50;37.50;True;False;False;False;1;35.0422222222242;0;35.0422222222242;35.0422222222242
2510;39.50;40.50;True;False;False;False;252;43.50;0.50;False;True;False;False;1;44.4333333333338;0;44.4333333333338;44.4333333333338
2511;40.50;40.50;True;False;False;False;268;53.50;0.50;False;True;False;False;1;54.5589826803018;0;54.5589826803018;54.5589826803018
2515;44.50;40.50;True;False;False;False;252;43.50;0.50;False;True;False;False;1;51.0861111111071;0;51.0861111111071;51.0861111111071
2518;47.50;40.50;True;False;False;False;172;0.50;38.50;False;False;True;False;1;112.238035463072;0;112.238035463072;112.238035463072
2521;50.50;40.50;True;False;False;False;188;0.50;44.50;False;False;True;False;1;86.9268542494879;0;86.9268542494879;86.9268542494879
2525;54.50;40.50;True;False;False;False;268;53.50;0.50;False;True;False;False;1;48.0660245126198;0;48.0660245126198;48.0660245126198
2526;55.50;40.50;True;False;False;False;92;81.50;41.50;False;False;True;False;1;97.6326839863705;0;97.6326839863705;97.6326839863705
2526;55.50;40.50;True;False;False;False;1488;41.50;24.50;True;False;False;False;1;23.638333333336;0;23.638333333336;23.638333333336
2527;56.50;40.50;True;False;False;False;60;81.50;29.50;False;False;True;False;1;90.8741702631271;0;90.8741702631271;90.8741702631271
2527;56.50;40.50;True;False;False;False;2718;55.50;43.50;True;False;False;False;1;7.68333333333521;0;7.68333333333521;7.68333333333521
2528;57.50;40.50;True;False;False;False;268;53.50;0.50;False;True;False;False;1;54.5383333333333;0;54.5383333333333;54.5383333333333
2528;57.50;40.50;True;False;False;False;1556;45.50;25.50;True;False;False;False;1;22.2651875828269;0;22.2651875828269;22.2651875828269
2530;59.50;40.50;True;False;False;False;76;81.50;35.50;False;False;True;False;1;81.0138888888951;0;81.0138888888951;81.0138888888951
2530;59.50;40.50;True;False;False;False;172;0.50;38.50;False;False;True;False;1;110.068051959107;0;110.068051959107;110.068051959107
2530;59.50;40.50;True;False;False;False;1172;45.50;19.50;True;False;False;False;1;26.8144444444479;0;26.8144444444479;26.8144444444479
2530;59.50;40.50;True;False;False;False;2921;66.50;46.50;True;False;False;False;1;17.9777777777781;0;17.9777777777781;17.9777777777781
2531;60.50;40.50;True;False;False;False;284;63.50;0.50;False;True;False;False;2;93.0625000000032;3288.83028163531;52.5111111111173;133.613888888889
2531;60.50;40.50;True;False;False;False;1739;36.50;28.50;True;False;False;False;1;37.9361111111098;0;37.9361111111098;37.9361111111098
2531;60.50;40.50;True;False;False;False;2725;62.50;43.50;True;False;False;False;1;8.55064934696929;0;8.55064934696929;8.55064934696929
2533;62.50;40.50;True;False;False;False;236;33.50;0.50;False;True;False;False;1;61.3194444444448;0;61.3194444444448;61.3194444444448
2533;62.50;40.50;True;False;False;False;2927;72.50;46.50;True;False;False;False;1;17.7731601363366;0;17.7731601363366;17.7731601363366
2535;64.50;40.50;True;False;False;False;60;81.50;29.50;False;False;True;False;1;102.52842712474;0;102.52842712474;102.52842712474
2535;64.50;40.50;True;False;False;False;268;53.50;0.50;False;True;False;False;1;49.1944444444443;0;49.1944444444443;49.1944444444443
2535;64.50;40.50;True;False;False;False;284;63.50;0.50;False;True;False;False;2;63.0358333333379;55.6122080708248;57.7626839863715;68.3089826803043
2535;64.50;40.50;True;False;False;False;1462;15.50;24.50;True;False;False;False;1;56.9805555555586;0;56.9805555555586;56.9805555555586
2535;64.50;40.50;True;False;False;False;1735;32.50;28.50;True;False;False;False;1;35.9944444444436;0;35.9944444444436;35.9944444444436
2535;64.50;40.50;True;False;False;False;1898;67.50;30.50;True;False;False;False;1;12.7034271247421;0;12.7034271247421;12.7034271247421
2535;64.50;40.50;True;False;False;False;2282;67.50;36.50;True;False;False;False;1;8.63333333333321;0;8.63333333333321;8.63333333333321
2535;64.50;40.50;True;False;False;False;2530;59.50;40.50;True;False;False;False;1;5.70212843080753;0;5.70212843080753;5.70212843080753
2538;67.50;40.50;True;False;False;False;44;81.50;23.50;False;False;True;False;1;95.9608297368732;0;95.9608297368732;95.9608297368732
2538;67.50;40.50;True;False;False;False;204;13.50;0.50;False;True;False;False;1;82.4805555555517;0;82.4805555555517;82.4805555555517
2538;67.50;40.50;True;False;False;False;1492;45.50;24.50;True;False;False;False;1;29.1660173196969;0;29.1660173196969;29.1660173196969
2538;67.50;40.50;True;False;False;False;2070;47.50;33.50;True;False;False;False;1;22.3833333333323;0;22.3833333333323;22.3833333333323
2540;69.50;40.50;True;False;False;False;44;81.50;23.50;False;False;True;False;1;226.216298693928;0;226.216298693928;226.216298693928
2540;69.50;40.50;True;False;False;False;220;23.50;0.50;False;True;False;False;1;71.3050000000044;0;71.3050000000044;71.3050000000044
2540;69.50;40.50;True;False;False;False;1966;71.50;31.50;True;False;False;False;1;12.5423160136347;0;12.5423160136347;12.5423160136347
2540;69.50;40.50;True;False;False;False;2423;16.50;39.50;True;False;False;False;1;41.4638888888844;0;41.4638888888844;41.4638888888844
2541;70.50;40.50;True;False;False;False;44;81.50;23.50;False;False;True;False;1;55.478427124749;0;55.478427124749;55.478427124749
2541;70.50;40.50;True;False;False;False;268;53.50;0.50;False;True;False;False;1;60.3681457505045;0;60.3681457505045;60.3681457505045
2541;70.50;40.50;True;False;False;False;284;63.50;0.50;False;True;False;False;1;46.1993506530353;0;46.1993506530353;46.1993506530353
2541;70.50;40.50;True;False;False;False;1488;41.50;24.50;True;False;False;False;1;36.4576839863657;0;36.4576839863657;36.4576839863657
2541;70.50;40.50;True;False;False;False;1555;44.50;25.50;True;False;False;False;1;33.0017604580788;0;33.0017604580788;33.0017604580788
2541;70.50;40.50;True;False;False;False;1775;72.50;28.50;True;False;False;False;1;14.1527777777806;0;14.1527777777806;14.1527777777806
2541;70.50;40.50;True;False;False;False;1851;20.50;30.50;True;False;False;False;1;46.0665728752547;0;46.0665728752547;46.0665728752547
2542;71.50;40.50;True;False;False;False;220;23.50;0.50;False;True;False;False;1;78.0161183040333;0;78.0161183040333;78.0161183040333
2542;71.50;40.50;True;False;False;False;284;63.50;0.50;False;True;False;False;2;47.8950468957051;0.0608290100106151;47.7206493469686;48.0694444444416
2542;71.50;40.50;True;False;False;False;1354;35.50;22.50;True;False;False;False;1;50.5784271247462;0;50.5784271247462;50.5784271247462
2542;71.50;40.50;True;False;False;False;1358;39.50;22.50;True;False;False;False;1;38.5893506530317;0;38.5893506530317;38.5893506530317
2542;71.50;40.50;True;False;False;False;1745;42.50;28.50;True;False;False;False;1;33.2256493469689;0;33.2256493469689;33.2256493469689
2542;71.50;40.50;True;False;False;False;2635;36.50;42.50;True;False;False;False;1;29.5164790838489;0;29.5164790838489;29.5164790838489
2543;72.50;40.50;True;False;False;False;268;53.50;0.50;False;True;False;False;2;58.5863888888862;3.56890138887754;57.250555555555;59.9222222222174
2543;72.50;40.50;True;False;False;False;284;63.50;0.50;False;True;False;False;1;76.9361111111112;0;76.9361111111112;76.9361111111112
2543;72.50;40.50;True;False;False;False;1482;35.50;24.50;True;False;False;False;1;42.8862986939371;0;42.8862986939371;42.8862986939371
2543;72.50;40.50;True;False;False;False;1555;44.50;25.50;True;False;False;False;1;34.3472222222222;0;34.3472222222222;34.3472222222222
2543;72.50;40.50;True;False;False;False;1959;64.50;31.50;True;False;False;False;1;15.4312049025225;0;15.4312049025225;15.4312049025225
2608;9.50;42.50;True;False;False;False;188;0.50;44.50;False;False;True;False;1;136.92702025355;0;136.92702025355;136.92702025355
2608;9.50;42.50;True;False;False;False;204;13.50;0.50;False;True;False;False;3;51.2357600163444;145.322171349497;43.6676839863749;65.1373738404322
2608;9.50;42.50;True;False;False;False;1143;16.50;19.50;True;False;False;False;1;24.3250000000012;0;24.3250000000012;24.3250000000012
2608;9.50;42.50;True;False;False;False;1483;36.50;24.50;True;False;False;False;1;37.2160173196989;0;37.2160173196989;37.2160173196989
2608;9.50;42.50;True;False;False;False;1548;37.50;25.50;True;False;False;False;1;36.328773518705;0;36.328773518705;36.328773518705
2608;9.50;42.50;True;False;False;False;1857;26.50;30.50;True;False;False;False;1;23.2022222222204;0;23.2022222222204;23.2022222222204
2609;10.50;42.50;True;False;False;False;172;0.50;38.50;False;False;True;False;1;133.803333333342;0;133.803333333342;133.803333333342
2609;10.50;42.50;True;False;False;False;188;0.50;44.50;False;False;True;False;1;16.0944444444449;0;16.0944444444449;16.0944444444449
2609;10.50;42.50;True;False;False;False;1738;35.50;28.50;True;False;False;False;1;31.8244444444435;0;31.8244444444435;31.8244444444435
2610;11.50;42.50;True;False;False;False;188;0.50;44.50;False;False;True;False;1;74.6984271247538;0;74.6984271247538;74.6984271247538
2610;11.50;42.50;True;False;False;False;1550;39.50;25.50;True;False;False;False;1;37.0490764717197;0;37.0490764717197;37.0490764717197
2611;12.50;42.50;True;False;False;False;188;0.50;44.50;False;False;True;False;1;101.520093791417;0;101.520093791417;101.520093791417
2611;12.50;42.50;True;False;False;False;2419;12.50;39.50;True;False;False;False;1;4.62555555554718;0;4.62555555554718;4.62555555554718
2614;15.50;42.50;True;False;False;False;172;0.50;38.50;False;False;True;False;1;25.6401875828257;0;25.6401875828257;25.6401875828257
2614;15.50;42.50;True;False;False;False;2035;12.50;33.50;True;False;False;False;1;12.527777777786;0;12.527777777786;12.527777777786
2615;16.50;42.50;True;False;False;False;188;0.50;44.50;False;False;True;False;1;149.140440185372;0;149.140440185372;149.140440185372
2615;16.50;42.50;True;False;False;False;2621;22.50;42.50;True;False;False;False;1;6.77499999999827;0;6.77499999999827;6.77499999999827
2616;17.50;42.50;True;False;False;False;188;0.50;44.50;False;False;True;False;1;47.9000000000003;0;47.9000000000003;47.9000000000003
2616;17.50;42.50;True;False;False;False;947;12.50;16.50;True;False;False;False;1;24.8576839863647;0;24.8576839863647;24.8576839863647
2618;19.50;42.50;True;False;False;False;220;23.50;0.50;False;True;False;False;1;44.9144444444439;0;44.9144444444439;44.9144444444439
2618;19.50;42.50;True;False;False;False;802;59.50;13.50;True;False;False;False;1;52.4722222222194;0;52.4722222222194;52.4722222222194
2620;21.50;42.50;True;False;False;False;44;81.50;23.50;False;False;True;False;1;122.251204902525;0;122.251204902525;122.251204902525
2620;21.50;42.50;True;False;False;False;2673;10.50;43.50;True;False;False;False;1;12.2388888888868;0;12.2388888888868;12.2388888888868
2621;22.50;42.50;True;False;False;False;28;81.50;17.50;False;False;True;False;1;298.13611111111;0;298.13611111111;298.13611111111
2621;22.50;42.50;True;False;False;False;1172;45.50;19.50;True;False;False;False;1;37.9978715691941;0;37.9978715691941;37.9978715691941
2623;24.50;42.50;True;False;False;False;204;13.50;0.50;False;True;False;False;1;73.0830159944758;0;73.0830159944758;73.0830159944758
2623;24.50;42.50;True;False;False;False;2109;22.50;34.50;True;False;False;False;1;12.1583333333333;0;12.1583333333333;12.1583333333333
2624;25.50;42.50;True;False;False;False;284;63.50;0.50;False;True;False;False;1;74.9605555555556;0;74.9605555555556;74.9605555555556
2625;26.50;42.50;True;False;False;False;1295;40.50;21.50;True;False;False;False;1;28.7286147075738;0;28.7286147075738;28.7286147075738
2630;31.50;42.50;True;False;False;False;172;0.50;38.50;False;False;True;False;1;47.0611111110998;0;47.0611111110998;47.0611111110998
2631;32.50;42.50;True;False;False;False;236;33.50;0.50;False;True;False;False;1;54.4256493469682;0;54.4256493469682;54.4256493469682
2634;35.50;42.50;True;False;False;False;236;33.50;0.50;False;True;False;False;1;53.2750000000003;0;53.2750000000003;53.2750000000003
2635;36.50;42.50;True;False;False;False;188;0.50;44.50;False;False;True;False;1;103.297034639405;0;103.297034639405;103.297034639405
2639;40.50;42.50;True;False;False;False;252;43.50;0.50;False;True;False;False;1;52.8999999999864;0;52.8999999999864;52.8999999999864
2641;42.50;42.50;True;False;False;False;204;13.50;0.50;False;True;False;False;1;61.4922222222194;0;61.4922222222194;61.4922222222194
2643;44.50;42.50;True;False;False;False;252;43.50;0.50;False;True;False;False;1;72.15;0;72.15;72.15
2646;47.50;42.50;True;False;False;False;252;43.50;0.50;False;True;False;False;1;44.3094444444355;0;44.3094444444355;44.3094444444355
2648;49.50;42.50;True;False;False;False;76;81.50;35.50;False;False;True;False;1;234.820541169694;0;234.820541169694;234.820541169694
2649;50.50;42.50;True;False;False;False;268;53.50;0.50;False;True;False;False;1;48.691118303982;0;48.691118303982;48.691118303982
2654;55.50;42.50;True;False;False;False;268;53.50;0.50;False;True;False;False;1;52.3235209161589;0;52.3235209161589;52.3235209161589
2654;55.50;42.50;True;False;False;False;1679;40.50;27.50;True;False;False;False;1;24.3526839863716;0;24.3526839863716;24.3526839863716
2658;59.50;42.50;True;False;False;False;188;0.50;44.50;False;False;True;False;1;58.211666666662;0;58.211666666662;58.211666666662
2658;59.50;42.50;True;False;False;False;1739;36.50;28.50;True;False;False;False;1;29.7972222222224;0;29.7972222222224;29.7972222222224
2663;64.50;42.50;True;False;False;False;44;81.50;23.50;False;False;True;False;1;79.59917026313;0;79.59917026313;79.59917026313
2663;64.50;42.50;True;False;False;False;1295;40.50;21.50;True;False;False;False;1;36.2305555555577;0;36.2305555555577;36.2305555555577
2663;64.50;42.50;True;False;False;False;2518;47.50;40.50;True;False;False;False;1;18.1481766323632;0;18.1481766323632;18.1481766323632
2664;65.50;42.50;True;False;False;False;44;81.50;23.50;False;False;True;False;1;199.086204902534;0;199.086204902534;199.086204902534
2664;65.50;42.50;True;False;False;False;220;23.50;0.50;False;True;False;False;1;97.1968542494874;0;97.1968542494874;97.1968542494874
2664;65.50;42.50;True;False;False;False;252;43.50;0.50;False;True;False;False;1;76.0160173196984;0;76.0160173196984;76.0160173196984
2664;65.50;42.50;True;False;False;False;1168;41.50;19.50;True;False;False;False;1;38.7444444444443;0;38.7444444444443;38.7444444444443
2664;65.50;42.50;True;False;False;False;1172;45.50;19.50;True;False;False;False;1;35.4333333333352;0;35.4333333333352;35.4333333333352
2664;65.50;42.50;True;False;False;False;2152;65.50;34.50;True;False;False;False;1;8.20435065303127;0;8.20435065303127;8.20435065303127
2665;66.50;42.50;True;False;False;False;28;81.50;17.50;False;False;True;False;1;120.660836929795;0;120.660836929795;120.660836929795
2665;66.50;42.50;True;False;False;False;220;23.50;0.50;False;True;False;False;1;73.8228715691876;0;73.8228715691876;73.8228715691876
2665;66.50;42.50;True;False;False;False;268;53.50;0.50;False;True;False;False;1;51.9269480409066;0;51.9269480409066;51.9269480409066
2665;66.50;42.50;True;False;False;False;2075;52.50;33.50;True;False;False;False;1;19.9290764717189;0;19.9290764717189;19.9290764717189
2665;66.50;42.50;True;False;False;False;2807;16.50;45.50;True;False;False;False;1;41.3923160136353;0;41.3923160136353;41.3923160136353
2668;69.50;42.50;True;False;False;False;236;33.50;0.50;False;True;False;False;2;68.6646789229808;7.93160431988875;66.6732467348447;70.6561111111168
2668;69.50;42.50;True;False;False;False;252;43.50;0.50;False;True;False;False;1;60.8922078364126;0;60.8922078364126;60.8922078364126
2668;69.50;42.50;True;False;False;False;1542;31.50;25.50;True;False;False;False;1;48.6194444444491;0;48.6194444444491;48.6194444444491
2668;69.50;42.50;True;False;False;False;1660;21.50;27.50;True;False;False;False;1;49.3308369297911;0;49.3308369297911;49.3308369297911
2668;69.50;42.50;True;False;False;False;2434;27.50;39.50;True;False;False;False;1;37.2497330115984;0;37.2497330115984;37.2497330115984
2669;70.50;42.50;True;False;False;False;252;43.50;0.50;False;True;False;False;1;72.230555555554;0;72.230555555554;72.230555555554
2669;70.50;42.50;True;False;False;False;284;63.50;0.50;False;True;False;False;3;49.85367723517;7.41087103310194;48.0862986939287;52.9886219004698
2669;70.50;42.50;True;False;False;False;1551;40.50;25.50;True;False;False;False;1;38.6972222222232;0;38.6972222222232;38.6972222222232
2669;70.50;42.50;True;False;False;False;1740;37.50;28.50;True;False;False;False;1;42.080555555553;0;42.080555555553;42.080555555553
2669;70.50;42.50;True;False;False;False;2225;10.50;36.50;True;False;False;False;1;57.5777777777753;0;57.5777777777753;57.5777777777753
2669;70.50;42.50;True;False;False;False;2658;59.50;42.50;True;False;False;False;1;9.64999999999736;0;9.64999999999736;9.64999999999736
2672;9.50;43.50;True;False;False;False;140;0.50;26.50;False;False;True;False;1;104.343520916156;0;104.343520916156;104.343520916156
2672;9.50;43.50;True;False;False;False;2683;20.50;43.50;True;False;False;False;1;8.97666666666919;0;8.97666666666919;8.97666666666919
2673;10.50;43.50;True;False;False;False;140;0.50;26.50;False;False;True;False;1;111.634076471716;0;111.634076471716;111.634076471716
2673;10.50;43.50;True;False;False;False;204;13.50;0.50;False;True;False;False;2;78.1077272856212;837.765344126861;57.6411039182108;98.5743506530316
2673;10.50;43.50;True;False;False;False;220;23.50;0.50;False;True;False;False;1;74.1444444444437;0;74.1444444444437;74.1444444444437
2673;10.50;43.50;True;False;False;False;236;33.50;0.50;False;True;False;False;1;60.7984271247477;0;60.7984271247477;60.7984271247477
2673;10.50;43.50;True;False;False;False;268;53.50;0.50;False;True;False;False;1;77.3166666666672;0;77.3166666666672;77.3166666666672
2673;10.50;43.50;True;False;False;False;1290;35.50;21.50;True;False;False;False;1;37.2395382358573;0;37.2395382358573;37.2395382358573
2673;10.50;43.50;True;False;False;False;1488;41.50;24.50;True;False;False;False;1;41.0644444444453;0;41.0644444444453;41.0644444444453
2673;10.50;43.50;True;False;False;False;1492;45.50;24.50;True;False;False;False;1;41.7766666666621;0;41.7766666666621;41.7766666666621
2673;10.50;43.50;True;False;False;False;1548;37.50;25.50;True;False;False;False;1;58.9589826803026;0;58.9589826803026;58.9589826803026
2673;10.50;43.50;True;False;False;False;1888;57.50;30.50;True;False;False;False;1;45.4784271247399;0;45.4784271247399;45.4784271247399
2673;10.50;43.50;True;False;False;False;2864;9.50;46.50;True;False;False;False;1;6.6313852924286;0;6.6313852924286;6.6313852924286
2678;15.50;43.50;True;False;False;False;204;13.50;0.50;False;True;False;False;2;58.2136580068185;31.1136412512271;54.2694444444447;62.1578715691924
2678;15.50;43.50;True;False;False;False;220;23.50;0.50;False;True;False;False;1;53.7215728752508;0;53.7215728752508;53.7215728752508
2678;15.50;43.50;True;False;False;False;236;33.50;0.50;False;True;False;False;1;59.9249999999993;0;59.9249999999993;59.9249999999993
2678;15.50;43.50;True;False;False;False;284;63.50;0.50;False;True;False;False;1;90.0111111111105;0;90.0111111111105;90.0111111111105
2678;15.50;43.50;True;False;False;False;758;15.50;13.50;True;False;False;False;1;21.9638888888885;0;21.9638888888885;21.9638888888885
2678;15.50;43.50;True;False;False;False;1483;36.50;24.50;True;False;False;False;1;30.9628715691908;0;30.9628715691908;30.9628715691908
2678;15.50;43.50;True;False;False;False;1679;40.50;27.50;True;False;False;False;1;32.6487013060614;0;32.6487013060614;32.6487013060614
2678;15.50;43.50;True;False;False;False;1740;37.50;28.50;True;False;False;False;1;28.7784271247519;0;28.7784271247519;28.7784271247519
2678;15.50;43.50;True;False;False;False;2608;9.50;42.50;True;False;False;False;1;8.36953823585782;0;8.36953823585782;8.36953823585782
2678;15.50;43.50;True;False;False;False;2870;15.50;46.50;True;False;False;False;1;5.65658006817546;0;5.65658006817546;5.65658006817546
2679;16.50;43.50;True;False;False;False;124;0.50;20.50;False;False;True;False;1;50.2972222222234;0;50.2972222222234;50.2972222222234
2679;16.50;43.50;True;False;False;False;156;0.50;32.50;False;False;True;False;1;49.3166666666675;0;49.3166666666675;49.3166666666675
2679;16.50;43.50;True;False;False;False;172;0.50;38.50;False;False;True;False;1;25.5162915010192;0;25.5162915010192;25.5162915010192
2679;16.50;43.50;True;False;False;False;1738;35.50;28.50;True;False;False;False;1;26.7527777777823;0;26.7527777777823;26.7527777777823
2679;16.50;43.50;True;False;False;False;1767;64.50;28.50;True;False;False;False;1;48.2222222222194;0;48.2222222222194;48.2222222222194
2679;16.50;43.50;True;False;False;False;1940;45.50;31.50;True;False;False;False;1;33.3672222222249;0;33.3672222222249;33.3672222222249
2680;17.50;43.50;True;False;False;False;140;0.50;26.50;False;False;True;False;1;166.329617641453;0;166.329617641453;166.329617641453
2680;17.50;43.50;True;False;False;False;284;63.50;0.50;False;True;False;False;1;78.5188888888924;0;78.5188888888924;78.5188888888924
2680;17.50;43.50;True;False;False;False;1550;39.50;25.50;True;False;False;False;1;47.3444444444476;0;47.3444444444476;47.3444444444476
2680;17.50;43.50;True;False;False;False;1655;16.50;27.50;True;False;False;False;1;15.4317604580719;0;15.4317604580719;15.4317604580719
2682;19.50;43.50;True;False;False;False;92;81.50;41.50;False;False;True;False;1;61.1083333333318;0;61.1083333333318;61.1083333333318
2682;19.50;43.50;True;False;False;False;1739;36.50;28.50;True;False;False;False;1;25.7083333333308;0;25.7083333333308;25.7083333333308
2683;20.50;43.50;True;False;False;False;156;0.50;32.50;False;False;True;False;1;68.0737950974749;0;68.0737950974749;68.0737950974749
2683;20.50;43.50;True;False;False;False;2680;17.50;43.50;True;False;False;False;1;7.44287876208455;0;7.44287876208455;7.44287876208455
2684;21.50;43.50;True;False;False;False;284;63.50;0.50;False;True;False;False;1;90.9927777777839;0;90.9927777777839;90.9927777777839
2684;21.50;43.50;True;False;False;False;2037;14.50;33.50;True;False;False;False;1;16.0256493469742;0;16.0256493469742;16.0256493469742
2684;21.50;43.50;True;False;False;False;2153;66.50;34.50;True;False;False;False;1;44.7527777777786;0;44.7527777777786;44.7527777777786
2687;24.50;43.50;True;False;False;False;156;0.50;32.50;False;False;True;False;1;129.899783645398;0;129.899783645398;129.899783645398
2687;24.50;43.50;True;False;False;False;2609;10.50;42.50;True;False;False;False;1;14.6658369297938;0;14.6658369297938;14.6658369297938
2688;25.50;43.50;True;False;False;False;204;13.50;0.50;False;True;False;False;1;57.3972222222225;0;57.3972222222225;57.3972222222225
2688;25.50;43.50;True;False;False;False;220;23.50;0.50;False;True;False;False;1;50.2895382358574;0;50.2895382358574;50.2895382358574
2688;25.50;43.50;True;False;False;False;1679;40.50;27.50;True;False;False;False;1;27.9083333333315;0;27.9083333333315;27.9083333333315
2688;25.50;43.50;True;False;False;False;1957;62.50;31.50;True;False;False;False;1;38.2466666666678;0;38.2466666666678;38.2466666666678
2689;26.50;43.50;True;False;False;False;204;13.50;0.50;False;True;False;False;1;55.0551875828219;0;55.0551875828219;55.0551875828219
2689;26.50;43.50;True;False;False;False;220;23.50;0.50;False;True;False;False;1;76.2296320272667;0;76.2296320272667;76.2296320272667
2689;26.50;43.50;True;False;False;False;2805;14.50;45.50;True;False;False;False;1;13.9055555555474;0;13.9055555555474;13.9055555555474
2689;26.50;43.50;True;False;False;False;2811;20.50;45.50;True;False;False;False;1;10.0950937914117;0;10.0950937914117;10.0950937914117
2692;29.50;43.50;True;False;False;False;92;81.50;41.50;False;False;True;False;1;78.7899062085894;0;78.7899062085894;78.7899062085894
2692;29.50;43.50;True;False;False;False;236;33.50;0.50;False;True;False;False;1;45.7478715691905;0;45.7478715691905;45.7478715691905
2692;29.50;43.50;True;False;False;False;1679;40.50;27.50;True;False;False;False;1;21.743333333342;0;21.743333333342;21.743333333342
2692;29.50;43.50;True;False;False;False;1866;35.50;30.50;True;False;False;False;1;17.0954617641373;0;17.0954617641373;17.0954617641373
2693;30.50;43.50;True;False;False;False;188;0.50;44.50;False;False;True;False;1;119.874170263123;0;119.874170263123;119.874170263123
2693;30.50;43.50;True;False;False;False;1739;36.50;28.50;True;False;False;False;1;23.3783261404587;0;23.3783261404587;23.3783261404587
2695;32.50;43.50;True;False;False;False;236;33.50;0.50;False;True;False;False;1;56.8194444444412;0;56.8194444444412;56.8194444444412
2695;32.50;43.50;True;False;False;False;1172;45.50;19.50;True;False;False;False;1;28.6423160136364;0;28.6423160136364;28.6423160136364
2697;34.50;43.50;True;False;False;False;188;0.50;44.50;False;False;True;False;1;38.1083333333333;0;38.1083333333333;38.1083333333333
2697;34.50;43.50;True;False;False;False;1748;45.50;28.50;True;False;False;False;1;22.3666666666695;0;22.3666666666695;22.3666666666695
2699;36.50;43.50;True;False;False;False;44;81.50;23.50;False;False;True;False;1;71.5025035964606;0;71.5025035964606;71.5025035964606
2699;36.50;43.50;True;False;False;False;1679;40.50;27.50;True;False;False;False;1;17.9025035964623;0;17.9025035964623;17.9025035964623
2703;40.50;43.50;True;False;False;False;252;43.50;0.50;False;True;False;False;1;46.674264054539;0;46.674264054539;46.674264054539
2707;44.50;43.50;True;False;False;False;92;81.50;41.50;False;False;True;False;1;125.719264054542;0;125.719264054542;125.719264054542
2708;45.50;43.50;True;False;False;False;284;63.50;0.50;False;True;False;False;1;77.7478715691913;0;77.7478715691913;77.7478715691913
2709;46.50;43.50;True;False;False;False;92;81.50;41.50;False;False;True;False;1;78.390187582826;0;78.390187582826;78.390187582826
2714;51.50;43.50;True;False;False;False;60;81.50;29.50;False;False;True;False;1;148.346204902524;0;148.346204902524;148.346204902524
2717;54.50;43.50;True;False;False;False;204;13.50;0.50;False;True;False;False;1;79.0972222222204;0;79.0972222222204;79.0972222222204
2718;55.50;43.50;True;False;False;False;12;81.50;11.50;False;False;True;False;1;238.441760458089;0;238.441760458089;238.441760458089
2720;57.50;43.50;True;False;False;False;268;53.50;0.50;False;True;False;False;1;47.2911111111116;0;47.2911111111116;47.2911111111116
2722;59.50;43.50;True;False;False;False;92;81.50;41.50;False;False;True;False;1;90.0027777777823;0;90.0027777777823;90.0027777777823
2723;60.50;43.50;True;False;False;False;44;81.50;23.50;False;False;True;False;1;101.629444444455;0;101.629444444455;101.629444444455
2725;62.50;43.50;True;False;False;False;12;81.50;11.50;False;False;True;False;1;125.975555555558;0;125.975555555558;125.975555555558
2725;62.50;43.50;True;False;False;False;1488;41.50;24.50;True;False;False;False;1;30.8047258186853;0;30.8047258186853;30.8047258186853
2727;64.50;43.50;True;False;False;False;284;63.50;0.50;False;True;False;False;1;52.4935209161587;0;52.4935209161587;52.4935209161587
2727;64.50;43.50;True;False;False;False;1739;36.50;28.50;True;False;False;False;1;40.1626839863593;0;40.1626839863593;40.1626839863593
2730;67.50;43.50;True;False;False;False;92;81.50;41.50;False;False;True;False;1;8.12839116004761;0;8.12839116004761;8.12839116004761
2732;69.50;43.50;True;False;False;False;44;81.50;23.50;False;False;True;False;1;92.961666666668;0;92.961666666668;92.961666666668
2734;71.50;43.50;True;False;False;False;92;81.50;41.50;False;False;True;False;1;67.7573160136299;0;67.7573160136299;67.7573160136299
2735;72.50;43.50;True;False;False;False;76;81.50;35.50;False;False;True;False;1;43.9848124171804;0;43.9848124171804;43.9848124171804
2735;72.50;43.50;True;False;False;False;92;81.50;41.50;False;False;True;False;1;28.5256133822659;0;28.5256133822659;28.5256133822659
2735;72.50;43.50;True;False;False;False;236;33.50;0.50;False;True;False;False;1;75.4700937914134;0;75.4700937914134;75.4700937914134
2735;72.50;43.50;True;False;False;False;284;63.50;0.50;False;True;False;False;1;53.3500000000022;0;53.3500000000022;53.3500000000022
2735;72.50;43.50;True;False;False;False;1353;34.50;22.50;True;False;False;False;1;44.6166666666695;0;44.6166666666695;44.6166666666695
2735;72.50;43.50;True;False;False;False;1358;39.50;22.50;True;False;False;False;1;52.0797258186838;0;52.0797258186838;52.0797258186838
2735;72.50;43.50;True;False;False;False;1555;44.50;25.50;True;False;False;False;1;36.9566666666661;0;36.9566666666661;36.9566666666661
2735;72.50;43.50;True;False;False;False;2060;37.50;33.50;True;False;False;False;1;37.4361111111148;0;37.4361111111148;37.4361111111148
2800;9.50;45.50;True;False;False;False;172;0.50;38.50;False;False;True;False;1;41.4957071736771;0;41.4957071736771;41.4957071736771
2800;9.50;45.50;True;False;False;False;204;13.50;0.50;False;True;False;False;1;58.000555555555;0;58.000555555555;58.000555555555
2800;9.50;45.50;True;False;False;False;284;63.50;0.50;False;True;False;False;1;114.745093791413;0;114.745093791413;114.745093791413
2800;9.50;45.50;True;False;False;False;1483;36.50;24.50;True;False;False;False;1;39.5984271247463;0;39.5984271247463;39.5984271247463
2800;9.50;45.50;True;False;False;False;1488;41.50;24.50;True;False;False;False;1;42.0218614424161;0;42.0218614424161;42.0218614424161
2800;9.50;45.50;True;False;False;False;1745;42.50;28.50;True;False;False;False;1;43.6577777777774;0;43.6577777777774;43.6577777777774
2802;11.50;45.50;True;False;False;False;172;0.50;38.50;False;False;True;False;1;82.5788888888965;0;82.5788888888965;82.5788888888965
2802;11.50;45.50;True;False;False;False;1548;37.50;25.50;True;False;False;False;1;40.7691774560553;0;40.7691774560553;40.7691774560553
2803;12.50;45.50;True;False;False;False;204;13.50;0.50;False;True;False;False;1;71.400649346969;0;71.400649346969;71.400649346969
2803;12.50;45.50;True;False;False;False;1488;41.50;24.50;True;False;False;False;1;40.5472222222227;0;40.5472222222227;40.5472222222227
2805;14.50;45.50;True;False;False;False;188;0.50;44.50;False;False;True;False;1;44.0296320272751;0;44.0296320272751;44.0296320272751
2805;14.50;45.50;True;False;False;False;204;13.50;0.50;False;True;False;False;1;50.2551588111332;0;50.2551588111332;50.2551588111332
2805;14.50;45.50;True;False;False;False;236;33.50;0.50;False;True;False;False;1;59.3649999999957;0;59.3649999999957;59.3649999999957
2805;14.50;45.50;True;False;False;False;950;15.50;16.50;True;False;False;False;1;30.0838888888834;0;30.0838888888834;30.0838888888834
2805;14.50;45.50;True;False;False;False;1483;36.50;24.50;True;False;False;False;1;37.5687084989854;0;37.5687084989854;37.5687084989854
2805;14.50;45.50;True;False;False;False;2692;29.50;43.50;True;False;False;False;1;17.0358369297905;0;17.0358369297905;17.0358369297905
2807;16.50;45.50;True;False;False;False;188;0.50;44.50;False;False;True;False;1;26.8445310429381;0;26.8445310429381;26.8445310429381
2807;16.50;45.50;True;False;False;False;204;13.50;0.50;False;True;False;False;2;52.4776839863694;7.00421966840837;50.6062915010248;54.3490764717139
2807;16.50;45.50;True;False;False;False;236;33.50;0.50;False;True;False;False;1;65.1901875828225;0;65.1901875828225;65.1901875828225
2807;16.50;45.50;True;False;False;False;1551;40.50;25.50;True;False;False;False;1;39.6444444444414;0;39.6444444444414;39.6444444444414
2807;16.50;45.50;True;False;False;False;1740;37.50;28.50;True;False;False;False;1;30.1656493469554;0;30.1656493469554;30.1656493469554
2807;16.50;45.50;True;False;False;False;2226;11.50;36.50;True;False;False;False;1;14.542222222216;0;14.542222222216;14.542222222216
2807;16.50;45.50;True;False;False;False;2501;30.50;40.50;True;False;False;False;1;16.4256493469675;0;16.4256493469675;16.4256493469675
2811;20.50;45.50;True;False;False;False;220;23.50;0.50;False;True;False;False;1;62.2393506530316;0;62.2393506530316;62.2393506530316
2811;20.50;45.50;True;False;False;False;1168;41.50;19.50;True;False;False;False;1;40.8895382358578;0;40.8895382358578;40.8895382358578
2811;20.50;45.50;True;False;False;False;2538;67.50;40.50;True;False;False;False;1;43.7666666666655;0;43.7666666666655;43.7666666666655
2815;24.50;45.50;True;False;False;False;188;0.50;44.50;False;False;True;False;1;35.1416666666682;0;35.1416666666682;35.1416666666682
2815;24.50;45.50;True;False;False;False;1679;40.50;27.50;True;False;False;False;1;26.485555555555;0;26.485555555555;26.485555555555
2818;27.50;45.50;True;False;False;False;188;0.50;44.50;False;False;True;False;1;99.7855555555552;0;99.7855555555552;99.7855555555552
2818;27.50;45.50;True;False;False;False;252;43.50;0.50;False;True;False;False;1;53.8512986939404;0;53.8512986939404;53.8512986939404
2818;27.50;45.50;True;False;False;False;1749;46.50;28.50;True;False;False;False;1;29.0284271247492;0;29.0284271247492;29.0284271247492
2818;27.50;45.50;True;False;False;False;2306;27.50;37.50;True;False;False;False;1;8.01111111110822;0;8.01111111110822;8.01111111110822
2823;32.50;45.50;True;False;False;False;188;0.50;44.50;False;False;True;False;1;39.2745382358517;0;39.2745382358517;39.2745382358517
2823;32.50;45.50;True;False;False;False;2818;27.50;45.50;True;False;False;False;1;5.3746320272694;0;5.3746320272694;5.3746320272694
2825;34.50;45.50;True;False;False;False;76;81.50;35.50;False;False;True;False;1;90.0351947757144;0;90.0351947757144;90.0351947757144
2825;34.50;45.50;True;False;False;False;236;33.50;0.50;False;True;False;False;1;52.0839826803049;0;52.0839826803049;52.0839826803049
2825;34.50;45.50;True;False;False;False;1743;40.50;28.50;True;False;False;False;1;19.0292568616233;0;19.0292568616233;19.0292568616233
2825;34.50;45.50;True;False;False;False;1920;25.50;31.50;True;False;False;False;1;19.4694444444449;0;19.4694444444449;19.4694444444449
2826;35.50;45.50;True;False;False;False;220;23.50;0.50;False;True;False;False;1;58.9000000000003;0;58.9000000000003;58.9000000000003
2826;35.50;45.50;True;False;False;False;1172;45.50;19.50;True;False;False;False;1;29.5841630702134;0;29.5841630702134;29.5841630702134
2831;40.50;45.50;True;False;False;False;76;81.50;35.50;False;False;True;False;1;157.20556994139;0;157.20556994139;157.20556994139
2833;42.50;45.50;True;False;False;False;252;43.50;0.50;False;True;False;False;1;59.4477849706955;0;59.4477849706955;59.4477849706955
2835;44.50;45.50;True;False;False;False;44;81.50;23.50;False;False;True;False;1;166.113614707574;0;166.113614707574;166.113614707574
2837;46.50;45.50;True;False;False;False;252;43.50;0.50;False;True;False;False;1;63.0637084989826;0;63.0637084989826;63.0637084989826
2840;49.50;45.50;True;False;False;False;268;53.50;0.50;False;True;False;False;1;49.2311111111089;0;49.2311111111089;49.2311111111089
2843;52.50;45.50;True;False;False;False;188;0.50;44.50;False;False;True;False;1;138.96888888889;0;138.96888888889;138.96888888889
2850;59.50;45.50;True;False;False;False;284;63.50;0.50;False;True;False;False;1;47.6641702631232;0;47.6641702631232;47.6641702631232
2853;62.50;45.50;True;False;False;False;188;0.50;44.50;False;False;True;False;1;207.330555555547;0;207.330555555547;207.330555555547
2853;62.50;45.50;True;False;False;False;1546;35.50;25.50;True;False;False;False;1;41.9227777777778;0;41.9227777777778;41.9227777777778
2855;64.50;45.50;True;False;False;False;268;53.50;0.50;False;True;False;False;1;56.3254689570651;0;56.3254689570651;56.3254689570651
2855;64.50;45.50;True;False;False;False;1162;35.50;19.50;True;False;False;False;1;44.3920346393925;0;44.3920346393925;44.3920346393925
2856;65.50;45.50;True;False;False;False;92;81.50;41.50;False;False;True;False;1;62.6796320272711;0;62.6796320272711;62.6796320272711
2857;66.50;45.50;True;False;False;False;44;81.50;23.50;False;False;True;False;1;76.2676839863607;0;76.2676839863607;76.2676839863607
2860;69.50;45.50;True;False;False;False;92;81.50;41.50;False;False;True;False;1;113.444444444443;0;113.444444444443;113.444444444443
2861;70.50;45.50;True;False;False;False;220;23.50;0.50;False;True;False;False;1;81.816666666668;0;81.816666666668;81.816666666668
2862;71.50;45.50;True;False;False;False;268;53.50;0.50;False;True;False;False;1;59.2984271247469;0;59.2984271247469;59.2984271247469
2863;72.50;45.50;True;False;False;False;92;81.50;41.50;False;False;True;False;1;165.038059152023;0;165.038059152023;165.038059152023
2863;72.50;45.50;True;False;False;False;220;23.50;0.50;False;True;False;False;1;82.3206493469688;0;82.3206493469688;82.3206493469688
2863;72.50;45.50;True;False;False;False;751;72.50;12.50;True;False;False;False;1;24.9762049025246;0;24.9762049025246;24.9762049025246
2863;72.50;45.50;True;False;False;False;1488;41.50;24.50;True;False;False;False;1;46.4923160136357;0;46.4923160136357;46.4923160136357
2863;72.50;45.50;True;False;False;False;2433;26.50;39.50;True;False;False;False;1;47.6073232065564;0;47.6073232065564;47.6073232065564
2864;9.50;46.50;True;False;False;False;172;0.50;38.50;False;False;True;False;1;69.9133333333339;0;69.9133333333339;69.9133333333339
2864;9.50;46.50;True;False;False;False;2226;11.50;36.50;True;False;False;False;1;12.6252741813155;0;12.6252741813155;12.6252741813155
2866;11.50;46.50;True;False;False;False;188;0.50;44.50;False;False;True;False;2;90.0208874219597;8466.89530891615;24.9559379141174;155.085836929802
2866;11.50;46.50;True;False;False;False;1683;44.50;27.50;True;False;False;False;1;42.3514790838417;0;42.3514790838417;42.3514790838417
2866;11.50;46.50;True;False;False;False;2672;9.50;43.50;True;False;False;False;1;7.56879509747478;0;7.56879509747478;7.56879509747478
2867;12.50;46.50;True;False;False;False;2620;21.50;42.50;True;False;False;False;1;13.5766882454377;0;13.5766882454377;13.5766882454377
2870;15.50;46.50;True;False;False;False;188;0.50;44.50;False;False;True;False;1;89.3795310429364;0;89.3795310429364;89.3795310429364
2871;16.50;46.50;True;False;False;False;1748;45.50;28.50;True;False;False;False;1;39.4472222222275;0;39.4472222222275;39.4472222222275
2872;17.50;46.50;True;False;False;False;252;43.50;0.50;False;True;False;False;1;67.4083333333301;0;67.4083333333301;67.4083333333301
2872;17.50;46.50;True;False;False;False;1105;42.50;18.50;True;False;False;False;1;42.3887950974822;0;42.3887950974822;42.3887950974822
2876;21.50;46.50;True;False;False;False;220;23.50;0.50;False;True;False;False;1;52.8333333333339;0;52.8333333333339;52.8333333333339
2876;21.50;46.50;True;False;False;False;236;33.50;0.50;False;True;False;False;1;60.0416666666672;0;60.0416666666672;60.0416666666672
2876;21.50;46.50;True;False;False;False;1846;15.50;30.50;True;False;False;False;1;21.8750000000009;0;21.8750000000009;21.8750000000009
2876;21.50;46.50;True;False;False;False;1868;37.50;30.50;True;False;False;False;1;25.7694444444478;0;25.7694444444478;25.7694444444478
2877;22.50;46.50;True;False;False;False;284;63.50;0.50;False;True;False;False;1;86.7786075146441;0;86.7786075146441;86.7786075146441
2877;22.50;46.50;True;False;False;False;1135;72.50;18.50;True;False;False;False;1;58.458982680298;0;58.458982680298;58.458982680298
2882;27.50;46.50;True;False;False;False;140;0.50;26.50;False;False;True;False;1;48.5828715691855;0;48.5828715691855;48.5828715691855
2884;29.50;46.50;True;False;False;False;236;33.50;0.50;False;True;False;False;1;55.7111111111103;0;55.7111111111103;55.7111111111103
2887;32.50;46.50;True;False;False;False;2687;24.50;43.50;True;False;False;False;1;11.6416666666682;0;11.6416666666682;11.6416666666682
2889;34.50;46.50;True;False;False;False;92;81.50;41.50;False;False;True;False;1;118.323809483308;0;118.323809483308;118.323809483308
2889;34.50;46.50;True;False;False;False;204;13.50;0.50;False;True;False;False;1;70.8804617641417;0;70.8804617641417;70.8804617641417
2889;34.50;46.50;True;False;False;False;1295;40.50;21.50;True;False;False;False;1;25.9874098050459;0;25.9874098050459;25.9874098050459
2889;34.50;46.50;True;False;False;False;1488;41.50;24.50;True;False;False;False;1;23.5012986939364;0;23.5012986939364;23.5012986939364
2890;35.50;46.50;True;False;False;False;236;33.50;0.50;False;True;False;False;1;55.4944444444442;0;55.4944444444442;55.4944444444442
2891;36.50;46.50;True;False;False;False;60;81.50;29.50;False;False;True;False;1;178.081854249506;0;178.081854249506;178.081854249506
2894;39.50;46.50;True;False;False;False;188;0.50;44.50;False;False;True;False;1;135.329444444454;0;135.329444444454;135.329444444454
2896;41.50;46.50;True;False;False;False;76;81.50;35.50;False;False;True;False;1;170.00890327471;0;170.00890327471;170.00890327471
2899;44.50;46.50;True;False;False;False;220;23.50;0.50;False;True;False;False;1;78.853427124746;0;78.853427124746;78.853427124746
2900;45.50;46.50;True;False;False;False;252;43.50;0.50;False;True;False;False;1;48.6370274464989;0;48.6370274464989;48.6370274464989
2901;46.50;46.50;True;False;False;False;172;0.50;38.50;False;False;True;False;1;73.5756493469686;0;73.5756493469686;73.5756493469686
2902;47.50;46.50;True;False;False;False;92;81.50;41.50;False;False;True;False;1;66.6944444444445;0;66.6944444444445;66.6944444444445
2906;51.50;46.50;True;False;False;False;60;81.50;29.50;False;False;True;False;1;135.033059152025;0;135.033059152025;135.033059152025
2907;52.50;46.50;True;False;False;False;220;23.50;0.50;False;True;False;False;1;68.9635209161598;0;68.9635209161598;68.9635209161598
2910;55.50;46.50;True;False;False;False;220;23.50;0.50;False;True;False;False;1;82.8585424949308;0;82.8585424949308;82.8585424949308
2915;60.50;46.50;True;False;False;False;12;81.50;11.50;False;False;True;False;1;124.934632027265;0;124.934632027265;124.934632027265
2917;62.50;46.50;True;False;False;False;284;63.50;0.50;False;True;False;False;1;56.8596320272701;0;56.8596320272701;56.8596320272701
2917;62.50;46.50;True;False;False;False;1550;39.50;25.50;True;False;False;False;1;35.8436147075681;0;35.8436147075681;35.8436147075681
2919;64.50;46.50;True;False;False;False;1105;42.50;18.50;True;False;False;False;1;39.8918470565723;0;39.8918470565723;39.8918470565723
2921;66.50;46.50;True;False;False;False;44;81.50;23.50;False;False;True;False;1;160.290382358576;0;160.290382358576;160.290382358576
2921;66.50;46.50;True;False;False;False;1548;37.50;25.50;True;False;False;False;1;41.6839826803034;0;41.6839826803034;41.6839826803034
2922;67.50;46.50;True;False;False;False;252;43.50;0.50;False;True;False;False;1;67.0750000000003;0;67.0750000000003;67.0750000000003
2922;67.50;46.50;True;False;False;False;1556;45.50;25.50;True;False;False;False;1;35.3985209161538;0;35.3985209161538;35.3985209161538
2924;69.50;46.50;True;False;False;False;92;81.50;41.50;False;False;True;False;1;5.62283560449123;0;5.62283560449123;5.62283560449123
2925;70.50;46.50;True;False;False;False;44;81.50;23.50;False;False;True;False;1;136.825555555554;0;136.825555555554;136.825555555554
2925;70.50;46.50;True;False;False;False;172;0.50;38.50;False;False;True;False;1;120.496948040908;0;120.496948040908;120.496948040908
2925;70.50;46.50;True;False;False;False;2495;24.50;40.50;True;False;False;False;1;40.6472150293471;0;40.6472150293471;40.6472150293471
2925;70.50;46.50;True;False;False;False;2648;49.50;42.50;True;False;False;False;1;20.331204902528;0;20.331204902528;20.331204902528
2926;71.50;46.50;True;False;False;False;44;81.50;23.50;False;False;True;False;2;111.913621900502;169.102420245053;102.718448703518;121.108795097485
2926;71.50;46.50;True;False;False;False;751;72.50;12.50;True;False;False;False;1;28.3122222222146;0;28.3122222222146;28.3122222222146
2926;71.50;46.50;True;False;False;False;1740;37.50;28.50;True;False;False;False;1;40.9784271247436;0;40.9784271247436;40.9784271247436
2927;72.50;46.50;True;False;False;False;92;81.50;41.50;False;False;True;False;1;146.013520916149;0;146.013520916149;146.013520916149
2927;72.50;46.50;True;False;False;False;252;43.50;0.50;False;True;False;False;1;67.6916666666671;0;67.6916666666671;67.6916666666671
2927;72.50;46.50;True;False;False;False;284;63.50;0.50;False;True;False;False;1;73.2872222222127;0;73.2872222222127;73.2872222222127
2927;72.50;46.50;True;False;False;False;1483;36.50;24.50;True;False;False;False;1;48.5623160136358;0;48.5623160136358;48.5623160136358
2927;72.50;46.50;True;False;False;False;1509;62.50;24.50;True;False;False;False;1;25.6412986939326;0;25.6412986939326;25.6412986939326
2927;72.50;46.50;True;False;False;False;2540;69.50;40.50;True;False;False;False;1;9.63111111110811;0;9.63111111110811;9.63111111110811
