#TimeStamp;Bot;Pod;OutputStation
41.92;4;482;4
42.12;24;361;9
43.66;10;844;8
52.09;4;482;4
53.68;10;844;8
55.93;13;854;11
57.57;39;35;2
68.92;9;696;11
71.39;23;665;9
74.33;36;1012;10
78.93;9;696;11
80.18;40;628;1
80.53;27;874;0
81.51;23;665;9
82.44;17;471;3
89.07;0;583;10
91.53;23;665;9
92.22;17;471;3
93.53;26;935;8
96.91;16;150;6
98.83;32;536;5
99.16;0;583;10
99.29;30;928;0
101.58;23;665;9
102.41;34;174;3
103.62;26;935;8
106.68;6;1092;11
108.88;32;536;5
109.16;0;583;10
111.84;23;665;9
113.05;28;708;2
113.63;26;935;8
115.83;41;766;6
118.76;22;931;5
119.18;0;583;10
121.85;23;665;9
123.64;26;935;8
124.59;29;820;7
127.68;21;605;0
128.8;22;931;5
129.23;14;324;10
131.81;23;665;9
133.68;26;935;8
134.48;5;891;6
137.65;21;605;0
138.6;43;668;4
138.8;22;931;5
139.26;14;324;10
140.52;2;568;7
141.89;23;665;9
143.69;26;935;8
144.53;5;891;6
146.74;8;298;1
148.57;43;668;4
149.09;14;324;10
150.45;2;568;7
151.87;23;665;9
152.59;37;611;5
153.59;26;935;8
154.54;5;891;6
156.74;8;298;1
158.23;43;668;4
159.07;14;324;10
160.48;2;568;7
162.69;37;611;5
164.55;5;891;6
166.78;8;298;1
168.66;43;668;4
172.79;37;611;5
174.22;5;891;6
176.84;8;298;1
178.84;43;668;4
182.79;37;611;5
184.46;5;891;6
186.82;8;298;1
188.87;43;668;4
192.75;37;611;5
194.51;5;891;6
196.9;8;298;1
198.89;43;668;4
202.82;37;611;5
204.59;5;891;6
205.1;13;988;11
207.34;24;291;9
208.83;43;668;4
210.15;39;233;2
212.79;37;611;5
214.61;5;891;6
215.32;13;988;11
218.91;11;1080;4
220.36;39;233;2
220.82;10;1130;8
222.88;37;611;5
225.49;13;988;11
230.22;28;156;2
230.84;10;1130;8
232.68;30;928;0
232.86;37;611;5
234.3;36;854;10
235.42;9;867;11
240.49;4;887;4
240.63;17;628;3
240.72;26;820;8
243.77;40;966;1
244.3;36;854;10
245.53;9;867;11
250.65;17;628;3
250.69;26;820;8
251.66;16;1017;6
253.72;40;966;1
255.61;9;867;11
260.69;34;932;3
260.77;26;820;8
261.92;16;1017;6
262.38;32;361;5
263.77;40;966;1
265.66;6;1129;11
268.75;27;397;0
270.85;26;820;8
271.93;16;1017;6
272.6;32;361;5
273.8;40;966;1
275.71;6;1129;11
278.78;27;397;0
280.81;26;820;8
282.02;16;1017;6
283.81;40;966;1
285.73;6;1129;11
288.81;27;397;0
292.04;16;1017;6
292.08;0;105;10
293.85;40;966;1
295.76;6;1129;11
295.81;24;13;9
298.83;27;397;0
301.91;16;1017;6
302.08;0;105;10
302.5;29;150;7
305.84;24;13;9
305.84;6;1129;11
308.87;27;397;0
312.13;0;105;10
312.54;29;150;7
313.28;22;1092;5
315.87;6;1129;11
317.52;4;568;4
317.87;23;583;9
318.54;27;397;0
321.96;0;105;10
322.61;29;150;7
323.36;22;1092;5
325.92;6;1129;11
328.06;23;583;9
328.79;27;397;0
332.19;0;105;10
332.58;29;150;7
333.19;22;1092;5
336.3;6;1129;11
337.52;41;370;6
338.08;23;583;9
342.13;0;105;10
342.4;29;150;7
342.83;21;255;0
343.41;22;1092;5
345.28;10;307;8
345.53;28;151;2
346.3;6;1129;11
347.56;41;370;6
348.16;23;583;9
352.21;0;105;10
352.69;2;353;7
352.82;21;255;0
353.41;22;1092;5
355.4;10;307;8
355.53;28;151;2
356.3;6;1129;11
358.37;23;583;9
361.46;8;536;1
362.09;0;105;10
362.74;2;353;7
362.91;21;255;0
365.58;26;291;8
368.17;23;583;9
371.5;8;536;1
372.26;14;1001;10
372.77;2;353;7
372.91;21;255;0
375.67;26;291;8
381.52;8;536;1
382.58;14;1001;10
382.63;2;353;7
382.86;21;255;0
385.63;26;291;8
390.36;37;665;5
391.56;8;536;1
392.55;14;1001;10
392.87;2;353;7
392.95;30;609;0
395.72;26;291;8
398.62;13;820;11
401.61;17;562;3
402.63;14;1001;10
402.92;2;353;7
403.33;30;609;0
405.67;5;57;6
407.76;39;766;2
408.42;13;820;11
412.58;14;1001;10
412.92;2;353;7
412.97;30;609;0
413.55;11;391;4
415.71;5;57;6
417.72;34;1165;3
417.8;39;766;2
418.58;13;820;11
422.66;14;1001;10
422.95;2;353;7
423.37;30;609;0
423.42;11;391;4
424.58;10;28;8
425.75;5;57;6
427.71;34;1165;3
427.89;32;512;5
428.66;9;654;11
432.53;14;1001;10
433;2;353;7
433.37;30;609;0
433.62;43;730;4
434.59;10;28;8
437.73;34;1165;3
438.58;9;654;11
442.67;14;1001;10
443.3;2;353;7
443.37;30;609;0
443.62;43;730;4
444.63;10;28;8
448.7;9;654;11
452.71;14;1001;10
452.84;16;324;6
453.31;2;353;7
453.55;43;730;4
454.66;10;28;8
458.71;9;654;11
458.86;24;597;9
462.68;14;1001;10
462.89;16;324;6
463.71;43;730;4
465.98;40;931;1
468.73;9;654;11
468.91;24;597;9
472.74;14;1001;10
472.83;16;324;6
473.53;43;730;4
475.98;40;931;1
478.95;24;597;9
480.02;37;887;5
482.69;14;1001;10
482.87;16;324;6
483.77;4;189;4
486.02;40;931;1
489;24;597;9
489.82;37;887;5
492.78;16;324;6
492.78;36;259;10
493.92;4;189;4
496.29;40;931;1
500.04;37;887;5
502.93;36;259;10
504.11;4;189;4
504.25;28;235;2
506.36;40;931;1
507.7;41;190;6
509.83;37;887;5
512.83;36;259;10
514.12;4;189;4
514.41;28;235;2
516.62;40;931;1
520.09;22;1192;5
523.08;36;259;10
525.49;29;605;7
526.66;40;931;1
530.32;27;482;0
530.53;22;1192;5
533.13;36;259;10
535.53;29;605;7
536.68;40;931;1
538.5;23;1052;9
540.54;22;1192;5
541.3;6;628;11
543.61;26;632;8
545.53;29;605;7
546.67;40;931;1
546.82;0;517;10
548.54;23;1052;9
550.59;22;1192;5
551.34;6;628;11
553.63;26;632;8
556.72;40;931;1
558.59;23;1052;9
560.62;22;1192;5
561.33;6;628;11
566.75;8;307;1
568.64;23;1052;9
571.37;6;628;11
571.86;2;90;7
576.8;8;307;1
578.68;23;1052;9
581.06;21;735;0
581.39;6;628;11
582.07;2;90;7
582.58;32;583;5
586.8;8;307;1
588.55;23;1052;9
591.24;21;735;0
591.42;13;960;11
592.18;2;90;7
592.48;32;583;5
593.62;17;948;3
596.77;8;307;1
598.68;23;1052;9
601.21;21;735;0
601.46;13;960;11
601.82;5;391;6
602.32;2;90;7
602.64;32;583;5
603.64;17;948;3
606.77;8;307;1
609.62;11;233;4
611.27;30;1172;0
611.52;13;960;11
611.9;5;391;6
612.34;2;90;7
612.71;10;933;8
616.77;8;307;1
619.68;11;233;4
621.31;30;1172;0
621.56;24;32;9
621.56;13;960;11
621.88;34;463;3
621.92;14;141;10
621.97;5;391;6
622.3;2;90;7
622.76;10;933;8
629.8;11;233;4
631.34;30;1172;0
631.43;24;32;9
631.43;13;960;11
631.94;34;463;3
631.94;14;141;10
632.07;2;90;7
632.69;10;933;8
633.82;39;406;2
639.82;4;568;4
641.56;24;32;9
641.56;13;960;11
641.98;34;463;3
642.02;14;141;10
642.37;2;90;7
642.67;10;933;8
649.9;43;298;4
651.6;24;32;9
651.64;13;960;11
651.99;34;463;3
652.33;14;141;10
652.37;29;35;7
652.77;26;822;8
659.82;43;298;4
661.85;13;960;11
661.99;34;463;3
662.34;14;141;10
662.82;26;822;8
664.37;16;1130;6
665.4;28;562;2
669.95;43;298;4
671.16;27;28;0
671.84;13;960;11
672.33;14;141;10
672.86;26;822;8
673.48;37;464;5
674.53;16;1130;6
675.56;28;562;2
680.14;43;298;4
681.11;27;28;0
681.92;9;708;11
682.42;14;141;10
682.89;40;730;1
682.89;26;822;8
683.55;37;464;5
684.47;16;1130;6
685.51;28;562;2
690.22;43;298;4
691.19;27;28;0
692.24;9;708;11
692.46;14;141;10
692.93;26;822;8
693.81;37;464;5
694.46;41;211;6
695.64;28;562;2
700.19;43;298;4
700.9;27;28;0
702.4;9;708;11
702.44;36;909;10
703.15;26;822;8
703.69;37;464;5
704.49;41;211;6
705.67;28;562;2
710.26;43;298;4
710.69;23;200;9
711.23;27;28;0
712.44;36;909;10
712.44;9;708;11
713.78;37;464;5
714.58;41;211;6
715.55;28;562;2
720.36;43;298;4
720.44;23;200;9
721.24;27;28;0
722.49;36;909;10
722.49;9;708;11
723.75;37;464;5
724.82;41;211;6
725.72;28;562;2
728.81;10;571;8
730.37;43;298;4
730.7;23;200;9
731.28;27;28;0
732.52;36;909;10
732.52;9;708;11
733.79;22;1165;5
734.68;41;211;6
735.61;28;562;2
738.88;10;571;8
740.41;43;298;4
741.3;27;28;0
742.55;36;909;10
742.55;9;708;11
743.88;22;1165;5
744.83;41;211;6
749.28;10;571;8
750.44;43;298;4
751.12;27;28;0
752.56;0;394;10
752.61;9;708;11
754.2;22;1165;5
759.34;10;571;8
760.49;43;298;4
762.84;9;708;11
764.15;22;1165;5
769.31;10;571;8
770.51;43;298;4
772.94;6;1115;11
776.83;39;36;2
777.7;2;667;7
779.11;5;517;6
780.55;4;582;4
782.98;6;1115;11
786.88;39;36;2
787.07;17;190;3
787.75;2;667;7
788.36;21;1016;0
789.15;5;517;6
790.51;4;582;4
790.59;32;221;5
793.08;6;1115;11
794.7;8;884;1
796.97;39;36;2
797.02;17;190;3
798.86;5;517;6
800.58;4;582;4
800.62;32;221;5
803.2;6;1115;11
804.78;8;884;1
807.02;39;36;2
807.02;17;190;3
809.15;5;517;6
810.32;24;668;9
810.54;4;582;4
810.67;32;221;5
810.86;29;569;7
813.21;13;482;11
817.12;39;36;2
817.12;17;190;3
819.19;5;517;6
819.91;30;1050;0
820.34;24;668;9
820.59;4;582;4
820.68;32;221;5
820.88;29;569;7
823.22;13;482;11
826.98;39;36;2
826.98;34;37;3
829.98;30;1050;0
830.43;23;406;9
830.63;4;582;4
830.75;32;221;5
831.02;40;605;1
833.22;13;482;11
837.13;39;36;2
839.88;14;589;10
840.04;30;1050;0
840.55;23;406;9
840.63;4;582;4
840.72;32;221;5
840.98;40;605;1
843.25;13;482;11
850.59;23;406;9
850.64;11;583;4
851.26;40;605;1
853.32;13;482;11
860.3;23;406;9
860.68;11;583;4
860.73;26;791;8
861.25;40;605;1
863.32;13;482;11
870.36;28;377;2
870.57;23;406;9
870.73;11;583;4
870.77;26;791;8
873.4;13;482;11
876.54;16;1092;6
880.28;28;377;2
880.73;11;583;4
880.86;26;791;8
883.44;13;482;11
886.57;16;1092;6
890.44;28;377;2
890.77;11;583;4
890.86;26;791;8
895.76;21;457;0
896.57;16;1092;6
900.38;36;832;10
900.44;28;377;2
900.53;11;583;4
900.91;26;791;8
905.8;21;457;0
906.57;16;1092;6
910.29;36;832;10
910.44;28;377;2
910.91;26;791;8
914.42;37;1080;5
915.66;21;457;0
916.58;16;1092;6
920.76;2;147;7
920.91;26;791;8
925.86;21;457;0
926.6;41;35;6
928.9;24;822;9
930.84;2;147;7
930.84;26;791;8
935;22;251;5
935.87;21;457;0
936.67;41;35;6
937.58;0;766;10
940.49;43;121;4
940.78;2;147;7
940.78;26;791;8
945.88;21;457;0
946.75;41;35;6
947.63;0;766;10
950.62;43;121;4
950.92;2;147;7
950.92;26;791;8
952.02;9;928;11
954.13;34;569;3
955.92;21;457;0
957.47;0;766;10
960.63;43;121;4
960.84;26;791;8
961.42;5;667;6
962.07;9;928;11
964.01;8;1001;1
964.22;34;569;3
966.13;27;1040;0
966.17;29;843;7
970.69;43;121;4
970.96;10;138;8
971.46;5;667;6
972.01;9;928;11
976.17;29;843;7
980.77;43;121;4
980.92;10;138;8
981.5;5;667;6
982.17;9;928;11
986.18;29;843;7
988.62;36;221;10
990.24;17;798;3
990.8;4;940;4
991.29;10;138;8
991.47;5;667;6
992.2;9;928;11
996.23;29;843;7
997.57;30;162;0
998.15;23;86;9
998.7;36;221;10
1000.96;4;940;4
1001.29;10;138;8
1001.51;5;667;6
1002.22;6;597;11
1006.24;29;843;7
1007.62;30;162;0
1008.22;23;86;9
1008.8;39;440;2
1008.85;36;221;10
1010.9;4;940;4
1011.52;5;667;6
1012.28;6;597;11
1014.1;32;1096;5
1016.27;29;843;7
1017.58;30;162;0
1018.22;23;86;9
1018.84;39;440;2
1018.89;36;221;10
1020.89;4;940;4
1021.47;5;667;6
1022.44;6;597;11
1024.28;32;1096;5
1025.6;40;148;1
1027.66;30;162;0
1028.33;23;86;9
1028.78;39;440;2
1028.89;36;221;10
1031.02;4;940;4
1031.42;5;667;6
1032.48;6;597;11
1034.28;32;1096;5
1035.57;40;148;1
1037.71;30;162;0
1038.88;39;440;2
1038.93;14;512;10
1040.75;4;940;4
1042.5;6;597;11
1044.33;32;1096;5
1045.73;40;148;1
1047.76;30;162;0
1048.97;14;512;10
1049.21;41;820;6
1050.85;4;940;4
1052.4;13;190;11
1054.33;32;1096;5
1055.75;40;148;1
1057.81;30;162;0
1059.03;14;512;10
1059.26;41;820;6
1061.06;11;381;4
1062.55;13;190;11
1065.73;40;148;1
1069.2;14;512;10
1069.29;41;820;6
1072.64;13;190;11
1072.73;24;731;9
1075.79;40;148;1
1079.21;14;512;10
1079.42;41;820;6
1082.18;37;583;5
1082.82;24;731;9
1084.88;28;213;2
1089.42;41;820;6
1092.22;37;583;5
1092.57;24;731;9
1094.93;28;213;2
1099.45;41;820;6
1102.16;37;583;5
1102.79;24;731;9
1104.78;28;213;2
1107.7;27;406;0
1109.4;41;820;6
1111.27;26;56;8
1112.25;37;583;5
1112.88;24;731;9
1114.95;28;213;2
1117.72;27;406;0
1118.01;8;394;1
1119.47;16;1088;6
1120.49;2;1025;7
1121.31;26;56;8
1122;37;583;5
1125.03;28;213;2
1127.75;27;406;0
1130.49;2;1025;7
1131.32;26;56;8
1135.05;28;213;2
1138.28;22;259;5
1140.55;2;1025;7
1141.32;26;56;8
1144.2;0;1063;10
1145.04;28;213;2
1148.32;22;259;5
1150.7;2;1025;7
1151.39;26;56;8
1153.91;11;730;4
1154.24;0;1063;10
1155.06;39;482;2
1157.42;34;862;3
1160.51;23;1028;9
1160.74;29;134;7
1161.37;26;56;8
1164;11;730;4
1164.28;0;1063;10
1167.71;17;1104;3
1169.3;21;201;0
1170.7;29;134;7
1171.32;10;971;8
1173.93;43;35;4
1175.65;9;38;11
1177.92;17;1104;3
1179.35;21;201;0
1180.88;29;134;7
1181.37;10;971;8
1184;43;35;4
1185.65;9;38;11
1187.96;17;1104;3
1189.41;21;201;0
1190.95;29;134;7
1191.36;10;971;8
1194.08;43;35;4
1195.7;9;38;11
1197.84;17;1104;3
1198.34;32;989;5
1199.41;21;201;0
1200.8;29;134;7
1201.44;10;971;8
1201.67;36;441;10
1203.37;5;202;6
1204.04;43;35;4
1207.92;17;1104;3
1208.34;32;989;5
1209.44;21;201;0
1210.75;6;571;11
1211.47;10;971;8
1211.71;36;441;10
1213.39;5;202;6
1214.02;43;35;4
1218.18;32;989;5
1219.48;21;201;0
1221.53;10;971;8
1221.67;36;441;10
1223.27;5;202;6
1228.32;32;989;5
1229.44;21;201;0
1231.65;10;971;8
1231.79;36;441;10
1237.1;41;584;6
1238.39;32;989;5
1239.5;30;424;0
1240.92;13;773;11
1241.62;10;971;8
1241.69;36;441;10
1244.74;11;1065;4
1247.03;41;584;6
1248.45;32;989;5
1249.37;30;424;0
1250.9;13;773;11
1251.88;14;622;10
1254.3;40;1052;1
1254.78;4;1082;4
1258.52;32;989;5
1259.15;26;147;8
1259.49;30;424;0
1260.85;13;773;11
1261.78;14;622;10
1264.82;4;1082;4
1268.58;32;989;5
1269.52;26;147;8
1269.56;30;424;0
1271;13;773;11
1271.92;14;622;10
1274.54;28;698;2
1274.84;4;1082;4
1278.64;32;989;5
1279.38;26;147;8
1279.56;30;424;0
1281;13;773;11
1281.44;16;966;6
1281.97;0;393;10
1284.57;28;698;2
1284.85;4;1082;4
1286.22;8;148;1
1286.53;34;983;3
1288.57;32;989;5
1289.53;26;147;8
1289.62;30;424;0
1289.62;29;365;7
1291;13;773;11
1291.32;16;966;6
1292.25;0;393;10
1294.65;39;108;2
1296.44;34;983;3
1299.54;26;147;8
1299.58;30;424;0
1300.21;37;925;5
1300.45;23;158;9
1300.65;2;48;7
1301.05;6;343;11
1301.6;16;966;6
1302.24;0;393;10
1304.65;39;108;2
1306.58;34;983;3
1309.7;27;251;0
1310.45;37;925;5
1310.5;2;48;7
1311.53;16;966;6
1312.43;0;393;10
1313.34;24;862;9
1314.69;39;108;2
1316.61;34;983;3
1320.47;37;925;5
1320.6;2;48;7
1321.55;16;966;6
1322.42;0;393;10
1323.37;24;862;9
1326.45;17;92;3
1329.7;21;834;0
1330.51;37;925;5
1330.7;2;48;7
1331.59;16;966;6
1332.48;0;393;10
1333.41;24;862;9
1336.66;17;92;3
1339.75;21;834;0
1340.29;37;925;5
1340.69;43;342;4
1340.86;2;48;7
1341.54;16;966;6
1342.55;0;393;10
1343.39;24;862;9
1346.5;17;92;3
1349.96;21;834;0
1350.56;37;925;5
1350.88;2;48;7
1352.67;0;393;10
1356.51;17;92;3
1359.3;9;543;11
1360.04;21;834;0
1360.68;37;925;5
1360.92;2;48;7
1362.77;0;393;10
1366.5;17;92;3
1369.1;9;543;11
1370.08;21;834;0
1370.08;8;698;1
1371.01;2;48;7
1372.83;36;1158;10
1373.01;22;613;5
1376.52;17;92;3
1379.36;9;543;11
1380.04;8;698;1
1380.13;21;834;0
1381.08;2;48;7
1382.96;36;1158;10
1383.05;22;613;5
1386.26;28;221;2
1387.22;4;224;4
1389.48;9;543;11
1390.04;5;280;6
1390.17;21;834;0
1392.99;36;1158;10
1393.08;22;613;5
1393.13;40;762;1
1393.89;10;1028;8
1396.26;28;221;2
1399.53;9;543;11
1400.1;5;280;6
1400.27;21;834;0
1403.02;36;1158;10
1403.15;40;762;1
1403.15;22;613;5
1403.88;10;1028;8
1406.37;28;221;2
1409.57;9;543;11
1410.15;5;280;6
1413.07;36;1158;10
1413.15;40;762;1
1413.2;22;613;5
1416.29;28;221;2
1416.83;26;630;8
1417.05;30;132;0
1417.92;29;252;7
1419.62;9;543;11
1420.19;5;280;6
1422.96;36;1158;10
1426.92;26;630;8
1427.1;30;132;0
1427.98;29;252;7
1429.63;9;543;11
1430.22;5;280;6
1431.62;23;477;9
1431.7;43;731;4
1433.02;36;1158;10
1437.47;30;132;0
1438.04;29;252;7
1439.72;13;1199;11
1440.25;5;280;6
1441.77;11;212;4
1443.09;36;1158;10
1443.14;39;517;2
1447.51;30;132;0
1448.08;29;252;7
1449.53;32;643;5
1450.02;13;1199;11
1450.21;41;405;6
1451.85;11;212;4
1451.93;34;433;3
1453.22;39;517;2
1453.4;14;751;10
1457.55;27;250;0
1457.8;29;252;7
1459.69;32;643;5
1460.14;13;1199;11
1461.79;11;212;4
1462.25;34;433;3
1463.27;39;517;2
1463.5;14;751;10
1467.56;27;250;0
1467.7;24;569;9
1467.97;29;252;7
1469.76;32;643;5
1470.18;6;744;11
1471.5;11;212;4
1472.28;34;433;3
1473.32;39;517;2
1473.51;14;751;10
1477.65;27;250;0
1479.81;32;643;5
1480.23;6;744;11
1481.76;11;212;4
1482.33;34;433;3
1483.39;39;517;2
1483.57;14;751;10
1487.68;27;250;0
1489.71;32;643;5
1490.35;6;744;11
1492.35;34;433;3
1493.97;14;751;10
1497.69;27;250;0
1499.74;32;643;5
1500.44;6;744;11
1504.01;14;751;10
1507.73;27;250;0
1509.82;32;643;5
1510.44;6;744;11
1512.12;40;734;1
1512.42;16;996;6
1513.89;14;751;10
1517.75;27;250;0
1519.68;37;990;5
1520.44;6;744;11
1522.49;16;996;6
1524.02;14;751;10
1529.83;37;990;5
1530.45;6;744;11
1533.03;4;201;4
1534.07;0;1073;10
1539.83;37;990;5
1540.46;6;744;11
1544.5;0;1073;10
1545.11;8;36;1
1549.69;37;990;5
1550.23;6;744;11
1554.43;0;1073;10
1555.21;8;36;1
1557.72;43;377;4
1559.78;37;990;5
1560.5;9;298;11
1560.6;21;1017;0
1561.27;10;78;8
1562.15;2;443;7
1564.36;0;1073;10
1569.87;37;990;5
1570.56;9;298;11
1571.08;17;940;3
1572.17;2;443;7
1574.57;0;1073;10
1576.29;28;441;2
1579.73;37;990;5
1580.59;9;298;11
1581.13;17;940;3
1582.23;2;443;7
1584.61;0;1073;10
1586.35;28;441;2
1589.93;22;1166;5
1590.61;9;298;11
1590.89;30;665;0
1590.98;17;940;3
1592.35;2;443;7
1594.68;0;1073;10
1596.01;23;584;9
1596.56;28;441;2
1599.96;22;1166;5
1600.37;26;1185;8
1600.63;9;298;11
1600.94;30;665;0
1601.21;17;940;3
1604.69;0;1073;10
1610.01;22;1166;5
1610.39;26;1185;8
1610.63;9;298;11
1610.96;30;665;0
1611.09;17;940;3
1612.39;16;224;6
1617.43;36;470;10
1620.01;22;1166;5
1620.39;26;1185;8
1620.72;13;989;11
1621.02;30;665;0
1621.25;17;940;3
1621.61;24;533;9
1623.3;41;391;6
1627.52;36;470;10
1629.9;29;373;7
1630.02;22;1166;5
1630.44;26;1185;8
1630.81;30;665;0
1631.29;17;940;3
1631.73;24;533;9
1633.34;5;1121;6
1635.86;39;69;2
1637.54;36;470;10
1639.67;11;571;4
1640;29;373;7
1640.04;22;1166;5
1640.5;26;1185;8
1641.33;17;940;3
1641.85;24;533;9
1643.39;5;1121;6
1644.82;40;361;1
1645.98;39;69;2
1647.63;36;470;10
1649.7;11;571;4
1650;29;373;7
1651.42;17;940;3
1651.9;24;533;9
1653.55;5;1121;6
1654.67;40;361;1
1655.96;39;69;2
1657.72;36;470;10
1659.74;11;571;4
1660.08;29;373;7
1661.47;34;346;3
1663.54;5;1121;6
1664.88;40;361;1
1666.03;39;69;2
1667.75;36;470;10
1669.85;11;571;4
1670.18;29;373;7
1671.54;34;346;3
1673.58;5;1121;6
1674.89;40;361;1
1676.14;39;69;2
1677.76;36;470;10
1679.9;11;571;4
1680.28;29;373;7
1681.52;34;346;3
1683.62;5;1121;6
1685.21;8;201;1
1685.69;6;1195;11
1689.99;11;571;4
1690.3;29;373;7
1691.67;34;346;3
1693.03;32;296;5
1693.55;5;1121;6
1695.26;8;201;1
1695.74;6;1195;11
1698.09;27;282;0
1703.12;32;296;5
1703.5;5;1121;6
1705.33;8;201;1
1705.74;6;1195;11
1708.09;27;282;0
1709.41;4;839;4
1712.54;14;123;10
1713.36;32;296;5
1715.4;8;201;1
1715.76;6;1195;11
1718.13;27;282;0
1719.48;4;839;4
1720.13;10;1065;8
1722.71;14;123;10
1723.33;32;296;5
1725.43;8;201;1
1727.27;41;1001;6
1728.13;27;282;0
1729.52;4;839;4
1730.29;10;1065;8
1732.61;14;123;10
1733.38;32;296;5
1735.47;8;201;1
1739.52;4;839;4
1740.31;10;1065;8
1742.76;14;123;10
1743.4;32;296;5
1743.49;9;78;11
1749.51;4;839;4
1749.96;23;229;9
1752.68;14;123;10
1753.23;32;296;5
1753.58;9;78;11
1753.71;30;1073;0
1758.03;16;582;6
1759.56;4;839;4
1760.04;23;229;9
1761.5;28;950;2
1762.75;14;123;10
1763.33;37;443;5
1763.49;9;78;11
1763.78;30;1073;0
1769.64;43;321;4
1770.08;23;229;9
1771.6;28;950;2
1772.75;14;123;10
1773.38;37;443;5
1773.82;30;1073;0
1779.72;43;321;4
1780.08;23;229;9
1781.62;28;950;2
1782.62;13;56;11
1782.81;0;811;10
1783.24;37;443;5
1783.85;30;1073;0
1789.18;17;522;3
1791.66;28;950;2
1792.69;13;56;11
1792.9;0;811;10
1793.27;37;443;5
1793.91;21;605;0
1795.45;26;584;8
1798.31;40;726;1
1799.16;17;522;3
1800.41;2;36;7
1801.71;28;950;2
1802.71;13;56;11
1802.99;0;811;10
1803.95;21;605;0
1804.78;24;224;9
1805.53;26;584;8
1806.12;5;561;6
1807.15;22;928;5
1808.29;40;726;1
1809.2;17;522;3
1810.61;2;36;7
1811.75;28;950;2
1814.99;24;224;9
1815.74;26;584;8
1816.18;5;561;6
1819.27;17;522;3
1820.59;2;36;7
1822.05;36;731;10
1825.05;24;224;9
1825.76;26;584;8
1826.27;5;561;6
1829.31;17;522;3
1830.7;2;36;7
1832.2;36;731;10
1832.6;39;250;2
1835.07;24;224;9
1835.8;10;871;8
1836.32;41;96;6
1840.65;2;36;7
1842.64;39;250;2
1843.12;34;989;3
1844.91;24;224;9
1846.32;41;96;6
1850.65;27;110;0
1850.79;29;537;7
1852.68;39;250;2
1853.24;34;989;3
1856.37;41;96;6
1860.65;27;110;0
1860.83;29;537;7
1862.73;39;250;2
1863.24;34;989;3
1866.62;41;96;6
1868.87;8;338;1
1870.73;27;110;0
1870.73;29;537;7
1873.02;39;250;2
1873.17;34;989;3
1876.37;11;746;4
1876.62;41;96;6
1877.67;6;158;11
1878.79;8;338;1
1880.76;27;110;0
1880.76;29;537;7
1882.97;39;250;2
1886.46;11;746;4
1886.67;41;96;6
1887.46;6;158;11
1888.82;8;338;1
1890.8;27;110;0
1890.8;29;537;7
1896.38;11;746;4
1896.64;41;96;6
1897.72;6;158;11
1906.71;16;438;6
1907.69;6;158;11
1916.64;16;438;6
1918.09;6;158;11
1922.67;0;749;10
1925.78;4;809;4
1925.87;32;441;5
1926.76;16;438;6
1928.09;6;158;11
1935.82;4;809;4
1936.67;16;438;6
1938.07;6;158;11
1940.04;23;1044;9
1940.52;37;78;5
1941.18;14;175;10
1943;30;648;0
1945.82;4;809;4
1946.8;16;438;6
1948.12;9;1035;11
1953.04;30;648;0
1953.04;36;996;10
1955.85;4;809;4
1956.09;17;766;3
1960.78;13;490;11
1962.68;5;600;6
1963.03;30;648;0
1965.88;4;809;4
1966.09;17;766;3
1970.84;13;490;11
1972.75;5;600;6
1975.89;4;809;4
1976.1;17;766;3
1976.95;26;402;8
1980.03;22;980;5
1980.84;13;490;11
1982.79;5;600;6
1986.14;17;766;3
1986.93;26;402;8
1987.48;2;1065;7
1990.31;22;980;5
1992.42;0;1053;10
1992.74;5;600;6
1993.64;40;694;1
1993.96;43;1090;4
1996.94;10;734;8
1997.04;21;741;0
2000.32;22;980;5
2002.26;28;804;2
2002.5;0;1053;10
2002.81;5;600;6
2003.72;40;694;1
2003.96;43;1090;4
2007.14;21;741;0
2012.05;28;804;2
2012.3;0;1053;10
2012.85;5;600;6
2013.42;24;1148;9
2013.56;40;694;1
2014.01;43;1090;4
2017.24;21;741;0
2017.52;34;83;3
2022.3;28;804;2
2023.47;24;1148;9
2023.56;40;694;1
2024.08;43;1090;4
2027.17;21;741;0
2027.57;34;83;3
2031.54;41;1154;6
2032.39;28;804;2
2033.51;24;1148;9
2037.36;21;741;0
2037.49;34;83;3
2038.31;11;891;4
2041.78;41;1154;6
2042.47;28;804;2
2043.47;24;1148;9
2044.12;8;443;1
2047.41;27;313;0
2047.64;34;83;3
2048.54;11;891;4
2051.81;41;1154;6
2052.48;28;804;2
2053.57;23;357;9
2054.16;8;443;1
2057.46;27;313;0
2057.63;34;83;3
2058.15;29;1132;7
2058.49;11;891;4
2061.84;41;1154;6
2062.5;28;804;2
2062.55;32;1061;5
2063.62;23;357;9
2064.21;8;443;1
2067.46;27;313;0
2067.79;34;83;3
2068.17;29;1132;7
2068.58;11;891;4
2069.21;9;971;11
2071.88;41;1154;6
2072.51;28;804;2
2072.55;32;1061;5
2073.64;23;357;9
2074.28;8;443;1
2077.47;27;313;0
2077.72;34;83;3
2078.56;11;891;4
2080.01;14;989;10
2082.53;39;182;2
2082.57;32;1061;5
2083.71;23;357;9
2084.31;8;443;1
2087.49;27;313;0
2087.68;34;83;3
2088.55;11;891;4
2090.06;14;989;10
2090.62;6;1155;11
2092.54;39;182;2
2092.58;37;888;5
2093.74;23;357;9
2097.49;27;313;0
2100.01;14;989;10
2100.81;6;1155;11
2102.56;39;182;2
2102.6;37;888;5
2103.74;23;357;9
2110.09;14;989;10
2110.79;6;1155;11
2112.6;39;182;2
2112.69;37;888;5
2112.69;16;221;6
2113.76;23;357;9
2120.83;6;1155;11
2122.64;37;888;5
2122.64;16;221;6
2123.77;23;357;9
2130.92;43;796;4
2130.92;6;1155;11
2131.68;36;1031;10
2132.71;37;888;5
2132.76;16;221;6
2133.75;23;357;9
2136.21;30;1044;0
2140.96;13;1100;11
2141.86;36;1031;10
2142.77;16;221;6
2146.31;30;1044;0
2150.42;22;1035;5
2150.93;24;79;9
2151.13;13;1100;11
2151.47;26;1071;8
2151.9;36;1031;10
2154.18;2;735;7
2156.09;17;391;3
2156.18;30;1044;0
2160.07;11;822;4
2160.46;22;1035;5
2160.97;24;79;9
2161.17;13;1100;11
2161.94;36;1031;10
2164.26;2;735;7
2166.17;17;391;3
2166.4;30;1044;0
2169.24;40;224;1
2170.09;11;822;4
2170.5;22;1035;5
2171.01;24;79;9
2171.2;13;1100;11
2171.95;36;1031;10
2174.58;2;735;7
2176.57;30;1044;0
2177.62;41;694;6
2179.38;40;224;1
2180.09;11;822;4
2180.49;22;1035;5
2181.96;36;1031;10
2184.59;29;199;7
2186.42;30;1044;0
2187.63;41;694;6
2189.4;40;224;1
2190.14;4;109;4
2191.66;0;479;10
2192.14;10;251;8
2194.66;29;199;7
2196.62;30;1044;0
2198.7;5;69;6
2199.3;40;224;1
2200.23;4;109;4
2202.24;10;251;8
2204.55;29;199;7
2208.88;5;69;6
2209.52;21;219;0
2210.3;4;109;4
2212.08;32;58;5
2212.26;10;251;8
2214.82;29;199;7
2218.96;5;69;6
2219.58;21;219;0
2220.31;4;109;4
2222.08;32;58;5
2222.21;10;251;8
2224.82;29;199;7
2228.98;5;69;6
2229.58;21;219;0
2230.35;4;109;4
2230.8;8;237;1
2232.04;32;58;5
2232.13;23;798;9
2236.53;9;1028;11
2236.88;28;384;2
2239;5;69;6
2239.6;21;219;0
2241.03;8;237;1
2242.1;32;58;5
2242.24;23;798;9
2245.97;2;1195;7
2246.58;9;1028;11
2246.83;28;384;2
2249.01;5;69;6
2249.69;21;219;0
2251.13;8;237;1
2252.07;37;32;5
2252.31;23;798;9
2255.99;2;1195;7
2256.53;34;338;3
2256.64;9;1028;11
2259.01;5;69;6
2259.82;21;219;0
2261.03;39;50;2
2261.14;8;237;1
2262.46;23;798;9
2266.03;2;1195;7
2266.57;34;338;3
2266.72;9;1028;11
2269.86;21;219;0
2271.21;8;237;1
2272.44;23;798;9
2275.3;36;771;10
2276.58;34;338;3
2276.72;9;1028;11
2280.19;21;219;0
2281.23;8;237;1
2282.53;23;798;9
2286.54;34;338;3
2286.67;9;1028;11
2288.5;14;545;10
2288.54;43;13;4
2290.23;21;219;0
2291.28;8;237;1
2292.67;23;798;9
2296.61;34;338;3
2296.7;9;1028;11
2296.9;22;213;5
2298.54;14;545;10
2300.24;21;219;0
2302.43;11;1092;4
2302.77;16;1065;6
2303.38;10;53;8
2306.67;34;338;3
2306.67;9;1028;11
2307.1;22;213;5
2308.62;14;545;10
2310.27;21;219;0
2312.47;11;1092;4
2313.43;26;280;8
2316.58;34;338;3
2316.58;6;942;11
2317.23;22;213;5
2319.86;29;1153;7
2320.28;21;219;0
2321.58;24;981;9
2322.68;11;1092;4
2323.35;28;743;2
2323.58;26;280;8
2324.4;41;112;6
2326.98;17;909;3
2327.04;22;213;5
2329.92;29;1153;7
2330.32;27;851;0
2331.62;24;981;9
2332.75;40;1035;1
2333.71;26;280;8
2334.36;41;112;6
2337.05;17;909;3
2339.42;4;170;4
2339.83;0;562;10
2340.04;29;1153;7
2340.37;27;851;0
2341.66;24;981;9
2342.59;40;1035;1
2343.46;13;609;11
2343.79;26;280;8
2344.46;41;112;6
2347.17;17;909;3
2349.48;4;170;4
2350;29;1153;7
2351.8;24;981;9
2352.28;30;218;0
2352.8;40;1035;1
2353.5;13;609;11
2353.91;26;280;8
2354.49;41;112;6
2357.28;17;909;3
2359.33;4;170;4
2362.34;30;218;0
2362.81;40;1035;1
2363.7;13;609;11
2363.95;26;280;8
2367.37;17;909;3
2369.49;4;170;4
2370.66;39;166;2
2372.31;30;218;0
2372.66;40;1035;1
2373.75;13;609;11
2377.46;17;909;3
2378.86;2;1071;7
2379.53;4;170;4
2380.71;39;166;2
2382.22;30;218;0
2382.85;40;1035;1
2383.79;13;609;11
2386.22;36;820;10
2387.65;17;909;3
2388.94;2;1071;7
2389.94;5;552;6
2390.81;39;166;2
2392.39;30;218;0
2392.85;40;1035;1
2393.68;13;609;11
2395.42;43;236;4
2396.31;36;820;10
2397.81;17;909;3
2398.89;2;1071;7
2399.97;5;552;6
2400.89;39;166;2
2402.89;8;1104;1
2403.3;32;400;5
2403.82;13;609;11
2405.52;43;236;4
2406.45;36;820;10
2409.1;2;1071;7
2412.78;8;1104;1
2413.34;32;400;5
2413.86;13;609;11
2415.55;43;236;4
2422.94;8;1104;1
2423.48;32;400;5
2423.9;13;609;11
2424.41;14;648;10
2425.58;43;236;4
2428.78;16;159;6
2433.08;8;1104;1
2433.41;32;400;5
2433.97;13;609;11
2434.43;14;648;10
2435.53;43;236;4
2441.36;21;1119;0
2442.94;8;1104;1
2443.54;32;400;5
2443.99;13;609;11
2444.49;14;648;10
2451.32;21;1119;0
2452.1;23;724;9
2452.28;34;373;3
2453.08;8;1104;1
2453.59;37;732;5
2454.04;6;377;11
2454.41;14;648;10
2461.21;21;1119;0
2462.12;23;724;9
2462.21;34;373;3
2463.01;8;1104;1
2463.37;37;732;5
2464.04;6;377;11
2471.41;21;1119;0
2472.18;23;724;9
2472.32;34;373;3
2473.68;22;22;5
2474.04;6;377;11
2474.67;41;274;6
2476.66;10;549;8
2481.42;21;1119;0
2481.99;23;724;9
2482.51;34;373;3
2483.14;0;582;10
2483.76;22;22;5
2484.09;9;1100;11
2484.71;41;274;6
2491.46;21;1119;0
2492.29;23;724;9
2492.69;34;373;3
2493.14;0;582;10
2493.85;22;22;5
2494.87;41;274;6
2499.27;11;442;4
2501.45;21;1119;0
2502.32;23;724;9
2502.74;34;373;3
2503.18;28;614;2
2503.22;0;582;10
2504.27;22;22;5
2504.91;41;274;6
2506.48;26;923;8
2509.36;11;442;4
2511.53;27;1193;0
2512.36;23;724;9
2512.68;34;373;3
2513.26;28;614;2
2513.26;0;582;10
2514.15;22;22;5
2514.88;41;274;6
2516.53;26;923;8
2519.36;11;442;4
2521.19;29;725;7
2521.38;27;1193;0
2522.45;23;724;9
2523.25;28;614;2
2523.25;0;582;10
2524.18;22;22;5
2525.1;41;274;6
2526.57;26;923;8
2529.4;11;442;4
2531.19;29;725;7
2532.52;23;724;9
2533.28;28;614;2
2535.15;5;593;6
2536.61;26;923;8
2536.99;17;310;3
2539.27;11;442;4
2540.35;40;545;1
2541.33;29;725;7
2542.49;24;58;9
2543.31;28;614;2
2545.19;5;593;6
2547.07;17;310;3
2549.28;4;213;4
2550.44;40;545;1
2551.1;29;725;7
2552.61;24;58;9
2553.29;28;614;2
2555.19;5;593;6
2557.17;17;310;3
2560.39;40;545;1
2561.38;29;725;7
2562.67;24;58;9
2564.82;39;233;2
2565.09;5;593;6
2567.09;17;310;3
2570.61;40;545;1
2570.84;36;662;10
2571.45;29;725;7
2572.79;24;58;9
2574.83;39;233;2
2577.21;17;310;3
2580.65;40;545;1
2580.91;36;662;10
2581.78;2;294;7
2582.62;24;58;9
2584.87;39;233;2
2586.75;16;440;6
2587.24;30;552;0
2587.35;17;310;3
2587.63;37;1068;5
2590.74;40;545;1
2590.95;36;662;10
2591.86;2;294;7
2595.05;39;233;2
2596.81;16;440;6
2597.3;30;552;0
2597.63;17;310;3
2597.67;37;1068;5
2599.26;13;1065;11
2600.05;43;93;4
2600.83;40;545;1
2601.05;14;852;10
2602.03;2;294;7
2605.08;39;233;2
2606.91;16;440;6
2607.14;30;552;0
2607.64;17;310;3
2607.82;37;1068;5
2609.36;13;1065;11
2610.17;43;93;4
2610.83;8;1044;1
2611.14;14;852;10
2612.08;2;294;7
2616.75;16;440;6
2617.33;30;552;0
2617.68;17;310;3
2617.89;37;1068;5
2619.05;13;1065;11
2620.12;43;93;4
2620.87;8;1044;1
2621.1;14;852;10
2626.95;16;440;6
2627.25;30;552;0
2627.91;37;1068;5
2628.75;23;1195;9
2629.38;6;891;11
2630.21;43;93;4
2630.9;8;1044;1
2637.42;21;869;0
2637.91;32;1073;5
2638.68;23;1195;9
2639.42;10;447;8
2639.42;6;891;11
2640.25;43;93;4
2647.42;21;869;0
2649.34;6;891;11
2649.46;10;447;8
2650.27;43;93;4
2651.65;22;492;5
2652.8;34;1066;3
2659.46;9;972;11
2659.76;10;447;8
2660.29;43;93;4
2661.79;22;492;5
2662.89;34;1066;3
2669.5;9;972;11
2669.78;10;447;8
2670.16;4;5;4
2671.77;22;492;5
2673.06;34;1066;3
2679.4;41;989;6
2679.86;10;447;8
2680.34;4;5;4
2680.68;28;660;2
2681.84;22;492;5
2683.11;34;1066;3
2689.56;41;989;6
2689.94;26;1110;8
2690.41;11;129;4
2690.83;28;660;2
2691.13;0;608;10
2692.17;22;492;5
2693.08;34;1066;3
2693.33;27;159;0
2699.69;41;989;6
2700.03;26;1110;8
2700.43;11;129;4
2700.87;28;660;2
2701.18;0;608;10
2703.16;34;1066;3
2703.4;27;159;0
2709.75;41;989;6
2709.97;26;1110;8
2710.51;11;129;4
2711.23;0;608;10
2713.08;34;1066;3
2713.41;27;159;0
2716.87;29;97;7
2719.76;8;1033;1
2719.81;41;989;6
2720.07;26;1110;8
2720.48;11;129;4
2721.23;0;608;10
2723.19;34;1066;3
2723.46;27;159;0
2726.92;29;97;7
2729.82;41;989;6
2730.14;26;1110;8
2730.55;11;129;4
2731.27;0;608;10
2736.79;37;419;5
2737;29;97;7
2738.3;24;63;9
2739.88;41;989;6
2740.19;26;1110;8
2740.59;11;129;4
2746.69;37;419;5
2746.97;29;97;7
2749.88;5;264;6
2750.14;26;1110;8
2750.63;11;129;4
2751.22;39;809;2
2757.05;29;97;7
2758.24;36;993;10
2759.95;5;264;6
2760.67;11;129;4
2761.29;39;809;2
2766.03;40;1193;1
2767.11;29;97;7
2768.29;14;453;10
2768.84;17;1072;3
2770.02;5;264;6
2770.61;43;402;4
2771.33;39;809;2
2776.04;40;1193;1
2776.98;29;97;7
2778.39;14;453;10
2778.91;17;1072;3
2779.08;30;562;0
2780.1;5;264;6
2780.71;43;402;4
2781.35;39;809;2
2785.84;32;855;5
2785.88;13;141;11
2786.09;40;1193;1
2787.14;29;97;7
2788.43;14;453;10
2788.95;17;1072;3
2789.12;30;562;0
2790.07;10;50;8
2790.14;5;264;6
2790.69;43;402;4
2792.54;23;730;9
2795.86;32;855;5
2796.09;40;1193;1
2797.18;2;620;7
2798.48;14;453;10
2799;21;279;0
2800;10;50;8
2800.19;5;264;6
2800.55;43;402;4
2802.66;23;730;9
2805.91;32;855;5
2806.16;40;1193;1
2807.23;2;620;7
2808.47;14;453;10
2809.17;21;279;0
2810.16;10;50;8
2810.23;5;264;6
2810.78;43;402;4
2815.92;32;855;5
2817.56;2;620;7
2818.59;14;453;10
2819.17;21;279;0
2820.23;10;50;8
2820.27;16;584;6
2820.61;43;402;4
2825.92;32;855;5
2825.97;28;537;2
2827.45;2;620;7
2828.6;14;453;10
2828.98;21;279;0
2830.27;10;50;8
2830.31;16;584;6
2830.85;4;910;4
2835.94;32;855;5
2836.24;28;537;2
2836.86;6;983;11
2837.64;2;620;7
2838.42;14;453;10
2839.15;21;279;0
2840.22;10;50;8
2840.36;16;584;6
2846.57;28;537;2
2847.7;2;620;7
2850.32;16;584;6
2856.61;28;537;2
2858.84;22;126;5
2860.42;16;584;6
2860.76;36;1064;10
2861.17;9;88;11
2868.88;22;126;5
2870.36;16;584;6
2870.68;36;1064;10
2871.21;9;88;11
2872.01;11;212;4
2876.48;8;433;1
2878.77;22;126;5
2880.26;16;584;6
2880.84;36;1064;10
2881.23;9;88;11
2882.26;11;212;4
2886.57;8;433;1
2888.56;22;126;5
2891.15;36;1064;10
2891.2;9;88;11
2892.34;11;212;4
2896.61;8;433;1
2897.07;34;961;3
2898.93;22;126;5
2900.88;27;691;0
2901.19;36;1064;10
2902.43;11;212;4
2904.4;26;945;8
2906.58;8;433;1
2907.25;34;961;3
2908.94;37;898;5
2910.93;27;691;0
2911.22;0;261;10
2912.5;11;212;4
2914.35;26;945;8
2916.31;41;182;6
2917.43;34;961;3
2920.94;27;691;0
2921.23;0;261;10
2921.72;23;613;9
2922.61;11;212;4
2924.31;26;945;8
2926.4;41;182;6
2930.88;27;691;0
2931.22;0;261;10
2932.64;11;212;4
2934.38;26;945;8
2936.62;41;182;6
2941.01;27;691;0
2941.31;0;261;10
2942.64;11;212;4
2943.58;40;946;1
2943.79;17;1130;3
2946.71;41;182;6
2951.04;27;691;0
2951.19;0;261;10
2952.68;11;212;4
2953.63;40;946;1
2953.83;17;1130;3
2956.69;41;182;6
2959.22;13;745;11
2961;30;1102;0
2961.42;0;261;10
2962.68;11;212;4
2963.79;40;946;1
2963.83;29;442;7
2963.94;17;1130;3
2964.17;24;87;9
2966.72;41;182;6
2969.3;13;745;11
2971.53;0;261;10
2972.72;4;634;4
2973.82;40;946;1
2973.91;17;1130;3
2973.91;29;442;7
2974.23;24;87;9
2976.75;41;182;6
2979.43;13;745;11
2981.56;0;261;10
2982.85;4;634;4
2983.84;40;946;1
2983.98;17;1130;3
2983.98;29;442;7
2984.07;24;87;9
2986.64;5;1148;6
2989.47;13;745;11
2990.48;39;218;2
2991.58;14;394;10
2992.86;4;634;4
2993.97;29;442;7
2996.55;10;221;8
2996.79;21;1083;0
2999.5;6;597;11
3000.57;39;218;2
3002.89;4;634;4
3004.02;29;442;7
3006.55;10;221;8
3006.84;21;1083;0
3006.96;37;983;5
3010.64;39;218;2
3012.95;4;634;4
3016.85;21;1083;0
3020.57;39;218;2
3023.03;43;815;4
3024.02;2;1041;7
3025.81;32;373;5
3026.62;21;1083;0
3027.33;9;693;11
3030.7;39;218;2
3032.82;34;1033;3
3034.07;2;1041;7
3035.96;32;373;5
3036.28;16;1133;6
3036.91;21;1083;0
3037.41;9;693;11
3041.02;39;218;2
3042.88;23;10;9
3042.93;34;1033;3
3044.12;2;1041;7
3046.02;32;373;5
3047.45;9;693;11
3048.87;11;961;4
3050.99;39;218;2
3052.95;23;10;9
3053.01;34;1033;3
3054.23;2;1041;7
3056.02;32;373;5
3057.42;9;693;11
3058.92;11;961;4
3060.96;39;218;2
3063.01;23;10;9
3064.27;2;1041;7
3067.63;9;693;11
3069.06;11;961;4
3071.01;39;218;2
3071.71;26;864;8
3073.05;23;10;9
3074.31;2;1041;7
3079.21;11;961;4
3080.51;8;1009;1
3080.86;39;218;2
3081.8;26;864;8
3083.06;23;10;9
3084.32;2;1041;7
3088.62;36;443;10
3089.42;11;961;4
3090.55;8;1009;1
3091.77;26;864;8
3093.1;23;10;9
3096.55;22;396;5
3098.64;36;443;10
3099.55;4;891;4
3100.58;8;1009;1
3100.63;17;69;3
3106.6;22;396;5
3109.61;4;891;4
3110.6;8;1009;1
3110.86;17;69;3
3116.7;22;396;5
3119.64;4;891;4
3120.51;0;771;10
3120.95;17;69;3
3126.68;22;396;5
3128.8;24;840;9
3129.33;13;798;11
3129.66;4;891;4
3130.46;0;771;10
3130.86;17;69;3
3133.13;27;566;0
3136.75;22;396;5
3139.62;13;798;11
3139.66;4;891;4
3140.86;17;69;3
3143.14;27;566;0
3143.42;41;1173;6
3146.89;40;192;1
3149.52;13;798;11
3149.71;4;891;4
3151.02;17;69;3
3153.14;27;566;0
3156.8;14;555;10
3156.94;40;192;1
3159.57;13;798;11
3161.01;17;69;3
3162.93;27;566;0
3165.29;10;15;8
3166.96;40;192;1
3169.66;9;296;11
3173.1;27;566;0
3175.4;10;15;8
3177.02;40;192;1
3177.1;5;510;6
3179.97;9;296;11
3183.19;27;566;0
3184.17;29;1179;7
3185.35;10;15;8
3186.98;40;192;1
3190;9;296;11
3193.09;27;566;0
3195.59;10;15;8
3198.39;43;1023;4
3200.04;9;296;11
3202.18;16;1132;6
3203.22;30;1150;0
3204.14;37;796;5
3205.51;10;15;8
3206.09;34;455;3
3208.47;43;1023;4
3210.02;6;441;11
3212.27;16;1132;6
3213.23;30;1150;0
3214.19;37;796;5
3215.98;34;455;3
3218.39;43;1023;4
3219.57;26;786;8
3220.09;6;441;11
3222.19;16;1132;6
3223.28;21;970;0
3224.19;37;796;5
3224.45;36;1092;10
3226.07;34;455;3
3228.48;43;1023;4
3229.61;26;786;8
3230.04;6;441;11
3232.31;16;1132;6
3233.28;21;970;0
3234.22;37;796;5
3234.45;36;1092;10
3235.03;24;967;9
3236.08;34;455;3
3239.27;26;786;8
3240.41;11;1110;4
3240.46;39;394;2
3243.37;21;970;0
3244.24;37;796;5
3244.49;36;1092;10
3246.12;34;455;3
3248.33;8;1119;1
3249.61;26;786;8
3250.2;11;1110;4
3250.46;39;394;2
3252.39;41;933;6
3254.55;36;1092;10
3255.58;13;764;11
3258.38;8;1119;1
3259.12;2;983;7
3259.66;26;786;8
3260.12;11;1110;4
3262.46;41;933;6
3265.61;13;764;11
3268.49;8;1119;1
3269.12;2;983;7
3269.61;26;786;8
3270.08;32;632;5
3270.21;28;791;2
3270.46;11;1110;4
3272.48;41;933;6
3274.68;0;1039;10
3275.33;23;879;9
3275.65;13;764;11
3278.51;8;1119;1
3279.12;2;983;7
3280;32;632;5
3282.5;41;933;6
3284.77;0;1039;10
3285.68;13;764;11
3288.56;8;1119;1
3289.16;2;983;7
3290.12;32;632;5
3292.53;41;933;6
3294.8;0;1039;10
3295.6;13;764;11
3299.21;29;201;7
3300.14;32;632;5
3302.6;41;933;6
3304.83;0;1039;10
3305.69;13;764;11
3307.37;27;348;0
3310.18;32;632;5
3315.72;13;764;11
3317.15;27;348;0
3325.76;13;764;11
3326.35;22;542;5
3326.5;4;486;4
3327.38;27;348;0
3328.91;24;1035;9
3335.81;9;134;11
3336.3;22;542;5
3336.54;4;486;4
3337.46;27;348;0
3338.95;24;1035;9
3341.54;10;212;8
3346.02;9;134;11
3346.51;22;542;5
3346.67;4;486;4
3347.5;27;348;0
3348.88;24;1035;9
3351.67;5;321;6
3351.67;10;212;8
3352.34;17;961;3
3356.05;9;134;11
3356.71;4;486;4
3356.71;22;542;5
3357.51;27;348;0
3360.67;40;1179;1
3361.69;5;321;6
3361.69;10;212;8
3362.36;17;961;3
3363.4;14;777;10
3366.73;4;486;4
3367.56;21;107;0
3370.86;40;1179;1
3371.48;10;212;8
3373.39;14;777;10
3377.76;21;107;0
3380.9;40;1179;1
3383.44;14;777;10
3386.37;6;289;11
3387.81;21;107;0
3388.71;37;256;5
3390.97;40;1179;1
3396.45;6;289;11
3397.71;21;107;0
3398.83;37;256;5
3399.66;34;543;3
3400.9;43;27;4
3401.26;40;1179;1
3406.49;6;289;11
3407.76;21;107;0
3408.13;39;583;2
3408.54;2;1033;7
3408.72;37;256;5
3409.21;16;502;6
3409.61;34;543;3
3411.28;40;1179;1
3416.57;6;289;11
3417.86;21;107;0
3417.86;39;583;2
3418.88;37;256;5
3419.26;16;502;6
3419.73;34;543;3
3428.16;21;107;0
3429.02;37;256;5
3429.37;16;502;6
3429.7;34;543;3
3434.69;29;1130;7
3436.02;8;173;1
3436.78;26;1110;8
3437.2;23;906;9
3438.23;30;165;0
3439.07;37;256;5
3439.11;16;502;6
3439.78;34;543;3
3444.74;29;1130;7
3446.05;8;173;1
3446.94;26;1110;8
3447.27;23;906;9
3447.51;28;414;2
3448.26;30;165;0
3449.72;34;543;3
3450.39;32;593;5
3454.64;41;996;6
3454.69;29;1130;7
3455.48;36;1129;10
3456.11;8;173;1
3456.78;11;843;4
3456.98;26;1110;8
3457.31;23;906;9
3457.77;28;414;2
3458.3;30;165;0
3459.87;34;543;3
3460.48;32;593;5
3460.97;9;559;11
3464.64;41;996;6
3464.8;29;1130;7
3466.06;8;173;1
3466.83;11;843;4
3466.93;26;1110;8
3467.42;23;906;9
3467.73;28;414;2
3468.32;30;165;0
3469.89;34;543;3
3470.6;32;593;5
3470.83;9;559;11
3472.98;0;444;10
3474.66;41;996;6
3474.7;29;1130;7
3476.14;8;173;1
3476.89;11;843;4
3476.89;26;1110;8
3477.47;23;906;9
3477.82;28;414;2
3480.62;32;593;5
3481.02;9;559;11
3482.92;0;444;10
3484.71;41;996;6
3486.18;8;173;1
3486.94;26;1110;8
3487.03;11;843;4
3487.48;23;906;9
3487.81;28;414;2
3490.65;32;593;5
3490.96;9;559;11
3492.98;0;444;10
3494.76;41;996;6
3496.22;8;173;1
3497.02;26;1110;8
3497.06;11;843;4
3497.52;24;3;9
3500.65;32;593;5
3501.14;9;559;11
3503.06;0;444;10
3504.77;41;996;6
3506.15;8;173;1
3507.04;10;535;8
3507.08;11;843;4
3507.56;24;3;9
3510.7;32;593;5
3511.48;9;559;11
3513.02;0;444;10
3513.15;17;984;3
3514.8;41;996;6
3516.25;40;356;1
3517.17;43;739;4
3517.58;24;3;9
3517.81;27;1124;0
3520.66;32;593;5
3521.52;9;559;11
3523.11;0;444;10
3523.2;17;984;3
3524.85;5;134;6
3526.26;40;356;1
3527.31;43;739;4
3527.6;24;3;9
3527.86;27;1124;0
3528.7;39;91;2
3530.69;32;593;5
3531.56;9;559;11
3533.11;0;444;10
3533.16;17;984;3
3534.93;5;134;6
3536.3;40;356;1
3537.39;43;739;4
3537.61;24;3;9
3537.91;27;1124;0
3538.75;39;91;2
3540.76;22;900;5
3541.57;9;559;11
3543.31;17;984;3
3545.04;5;134;6
3546.33;40;356;1
3546.61;2;879;7
3547.42;43;739;4
3547.63;24;3;9
3547.67;27;1124;0
3548.57;39;91;2
3549.47;14;487;10
3551.6;13;941;11
3552.67;37;791;5
3553.33;17;984;3
3555.07;5;134;6
3556.34;40;356;1
3556.69;2;879;7
3557.48;4;740;4
3557.95;27;1124;0
3558.79;39;91;2
3561.68;13;941;11
3562.71;37;791;5
3563.36;17;984;3
3566.79;2;879;7
3567.49;4;740;4
3567.79;27;1124;0
3568.83;39;91;2
3571.48;6;691;11
3572.79;37;791;5
3573.33;17;984;3
3576.87;2;879;7
3577.54;4;740;4
3581.43;21;1001;0
3581.71;6;691;11
3582.96;37;791;5
3586.91;2;879;7
3587.43;4;740;4
3591.5;21;1001;0
3591.76;6;691;11
3593.01;37;791;5
3596.88;2;879;7
3597.59;4;740;4
3601.61;6;691;11
3602.74;16;688;6
3603.13;37;791;5
3606.59;30;338;0
3606.85;2;879;7
3607.63;4;740;4
3611.77;6;691;11
3612.7;16;688;6
3613.15;37;791;5
3613.62;36;549;10
3616.74;30;338;0
3616.95;2;879;7
3617.68;4;740;4
3621.82;6;691;11
3622.79;16;688;6
3623.15;37;791;5
3623.64;36;549;10
3626.73;30;338;0
3626.98;2;879;7
3631.78;6;691;11
3633.19;37;791;5
3633.71;36;549;10
3636.8;30;338;0
3637;2;879;7
3637.82;34;335;3
3641.98;6;691;11
3643.33;37;791;5
3643.75;36;549;10
3646;8;673;1
3646.37;26;512;8
3646.88;30;338;0
3647.88;23;182;9
3653.37;28;960;2
3653.75;36;549;10
3655.96;8;673;1
3656.76;29;41;7
3656.8;22;652;5
3656.92;30;338;0
3657.81;23;182;9
3663.47;28;960;2
3663.76;36;549;10
3666.85;22;652;5
3666.85;10;898;8
3666.98;30;338;0
3667.9;23;182;9
3671.57;9;457;11
3673.55;28;960;2
3673.76;36;549;10
3675.24;43;637;4
3676.9;10;898;8
3677.05;30;338;0
3681.61;9;457;11
3681.73;32;1063;5
3683.76;28;960;2
3685.27;43;637;4
3686.81;10;898;8
3687.09;30;338;0
3690.94;41;473;6
3691.79;32;1063;5
3693.72;14;439;10
3693.76;28;960;2
3695.35;43;637;4
3701.06;41;473;6
3701.91;32;1063;5
3703.76;28;960;2
3705.3;0;259;10
3705.53;43;637;4
3709.66;40;35;1
3711.01;41;473;6
3711.95;32;1063;5
3713.77;39;947;2
3715.31;0;259;10
3715.57;43;637;4
3719.73;40;35;1
3721.11;41;473;6
3722;32;1063;5
3723.64;39;947;2
3725.36;0;259;10
3725.49;43;637;4
3729.78;40;35;1
3731.11;5;796;6
3732.04;32;1063;5
3733.81;39;947;2
3735.37;0;259;10
3735.62;43;637;4
3736.77;24;720;9
3739.63;40;35;1
3741.13;5;796;6
3742.95;17;208;3
3743.46;39;947;2
3745.42;0;259;10
3745.55;43;637;4
3746.9;27;87;0
3749.8;40;35;1
3751.2;16;212;6
3752.89;17;208;3
3753.75;39;947;2
3755.17;26;574;8
3755.37;0;259;10
3755.5;43;637;4
3755.7;13;380;11
3756.9;27;87;0
3759.84;40;35;1
3761.6;16;212;6
3763.01;17;208;3
3765.23;26;574;8
3765.66;11;126;4
3765.77;13;380;11
3766.94;27;87;0
3767.34;2;615;7
3771.64;16;212;6
3775.24;26;574;8
3775.75;4;469;4
3775.75;13;380;11
3776.92;27;87;0
3781.68;16;212;6
3785.24;26;574;8
3785.48;4;469;4
3785.48;13;380;11
3786.99;21;1023;0
3791.61;16;212;6
3791.73;36;296;10
3794.69;34;79;3
3795.74;4;469;4
3795.81;13;380;11
3797.17;21;1023;0
3799.62;37;1033;5
3801.73;16;212;6
3804.77;34;79;3
3805.81;4;469;4
3805.95;13;380;11
3807.22;21;1023;0
3809.67;37;1033;5
3811.67;16;212;6
3813.61;24;990;9
3814.79;34;79;3
3815.94;4;469;4
3815.99;13;380;11
3817.11;21;1023;0
3819.49;8;355;1
3819.7;37;1033;5
3825.94;4;469;4
3825.99;13;380;11
3827.24;21;1023;0
3829.53;8;355;1
3829.75;32;1061;5
3832.2;14;679;10
3834.58;23;1137;9
3836;4;469;4
3836;6;902;11
3837.2;21;1023;0
3837.87;29;568;7
3838.71;10;1049;8
3839.56;8;355;1
3839.87;32;1061;5
3842.28;14;679;10
3844.63;23;1137;9
3845.97;4;469;4
3846.04;6;902;11
3846.93;21;1023;0
3847.88;29;568;7
3848.75;10;1049;8
3849.6;8;355;1
3849.91;22;175;5
3852.29;14;679;10
3854.74;23;1137;9
3856.04;4;469;4
3856.21;6;902;11
3857.2;21;1023;0
3857.29;28;1052;2
3857.88;29;568;7
3858.6;10;1049;8
3859.95;22;175;5
3862.18;14;679;10
3864.9;23;1137;9
3866.23;6;902;11
3867.1;30;961;0
3867.33;28;1052;2
3867.73;29;568;7
3868.78;10;1049;8
3869.94;22;175;5
3872.33;36;925;10
3873.69;40;67;1
3874.7;23;1137;9
3876.29;6;902;11
3877.32;30;961;0
3878.75;10;1049;8
3879.99;22;175;5
3882.36;36;925;10
3883.77;40;67;1
3884.2;11;356;4
3886.44;6;902;11
3888.8;10;1049;8
3890.03;22;175;5
3892.25;36;925;10
3893.77;40;67;1
3894.44;11;356;4
3896.48;9;826;11
3900.05;22;175;5
3901.27;5;1067;6
3901.98;24;896;9
3902.42;36;925;10
3903.8;40;67;1
3904.36;11;356;4
3906.57;9;826;11
3910.06;22;175;5
3911.31;5;1067;6
3911.99;24;896;9
3912.55;36;925;10
3913.88;40;67;1
3914.36;17;166;3
3916.65;9;826;11
3918.27;27;440;0
3920.24;2;219;7
3921.03;5;1067;6
3922.05;24;896;9
3922.63;36;925;10
3923.99;40;67;1
3924.44;17;166;3
3926.71;9;826;11
3928.34;39;273;2
3928.39;27;440;0
3931.28;5;1067;6
3932.12;24;896;9
3932.7;36;925;10
3933.5;43;502;4
3934.44;17;166;3
3936.73;9;826;11
3936.89;26;279;8
3938.39;39;273;2
3938.43;27;440;0
3941.33;16;315;6
3942.16;24;896;9
3942.87;0;329;10
3943.58;43;502;4
3944.38;17;166;3
3946.68;9;826;11
3948.39;39;273;2
3948.43;27;440;0
3951.39;41;347;6
3952.24;24;896;9
3953.26;0;329;10
3953.64;43;502;4
3954.46;17;166;3
3958.43;27;440;0
3961.33;41;347;6
3962.22;24;896;9
3964.51;17;166;3
3967.56;8;259;1
3968.51;10;628;8
3971.41;41;347;6
3974.49;17;166;3
3977.63;8;259;1
3978.74;10;628;8
3981.32;41;347;6
3984.59;29;1078;7
3987.68;8;259;1
3988.81;10;628;8
3992.92;32;154;5
3993.02;34;433;3
3994.38;13;854;11
3997.72;8;259;1
3998.71;10;628;8
4003.07;34;433;3
4004.44;13;854;11
4007.77;8;259;1
4008.8;10;628;8
4011.9;4;831;4
4013.15;34;433;3
4014.36;13;854;11
4017.81;8;259;1
4018.15;14;888;10
4023.26;34;433;3
4025.41;28;571;2
4027.87;8;259;1
4028.25;14;888;10
4033.09;21;249;0
4033.52;37;29;5
4034;11;987;4
4035.51;28;571;2
4037.92;8;259;1
4038.25;14;888;10
4043.17;21;249;0
4043.56;37;29;5
4043.97;23;127;9
4044.12;11;987;4
4047.98;8;259;1
4048.23;14;888;10
4052.86;21;249;0
4053.64;37;29;5
4054.01;23;127;9
4054.15;11;987;4
4054.69;6;438;11
4057.55;26;1025;8
4057.91;8;259;1
4058.07;14;888;10
4063.2;21;249;0
4063.64;37;29;5
4064.05;23;127;9
4064.1;11;987;4
4064.77;6;438;11
4067.59;26;1025;8
4068.29;14;888;10
4073.14;21;249;0
4073.63;37;29;5
4074.1;23;127;9
4074.72;6;438;11
4076.87;40;1116;1
4078.16;14;888;10
4079.87;43;7;4
4083.23;21;249;0
4083.68;37;29;5
4084.09;23;127;9
4084.66;6;438;11
4086.96;40;1116;1
4089.92;43;7;4
4090.35;39;1136;2
4093.08;30;886;0
4093.53;34;1001;3
4093.57;37;29;5
4094.21;23;127;9
4094.79;6;438;11
4096.81;40;1116;1
4100.39;39;1136;2
4103.75;37;29;5
4104.3;23;127;9
4105.59;2;574;7
4106.89;40;1116;1
4109.27;9;255;11
4110.05;16;839;6
4110.39;39;1136;2
4112.56;36;279;10
4113.79;37;29;5
4114.38;23;127;9
4115.66;2;574;7
4116.88;40;1116;1
4119.2;27;822;0
4120.18;39;1136;2
4122.49;5;990;6
4122.66;36;279;10
4123.88;22;600;5
4124.35;24;1132;9
4125.66;2;574;7
4127.06;40;1116;1
4129.15;27;822;0
4132.79;36;279;10
4134.08;22;600;5
4134.49;24;1132;9
4135.11;41;309;6
4137.22;10;330;8
4139.18;27;822;0
4143.1;0;828;10
4144.1;22;600;5
4144.56;24;1132;9
4147.47;10;330;8
4149.28;27;822;0
4150.52;29;820;7
4153.16;0;828;10
4154.07;22;600;5
4154.61;24;1132;9
4157.31;10;330;8
4159.15;17;648;3
4159.32;27;822;0
4160.53;29;820;7
4163.2;0;828;10
4164.12;22;600;5
4164.63;24;1132;9
4169.16;17;648;3
4169.2;27;822;0
4170.59;29;820;7
4173.22;0;828;10
4173.86;11;489;4
4174.16;22;600;5
4174.69;24;1132;9
4179.25;17;648;3
4179.34;27;822;0
4180.54;29;820;7
4183.01;0;828;10
4183.95;11;489;4
4184.2;22;600;5
4184.78;24;1132;9
4189.09;17;648;3
4189.34;27;822;0
4190.75;29;820;7
4190.96;28;1109;2
4194.02;11;489;4
4194.37;22;600;5
4194.82;24;1132;9
4199.26;17;648;3
4199.35;27;822;0
4201.07;28;1109;2
4203.69;26;999;8
4204.06;11;489;4
4204.4;32;563;5
4204.87;24;1132;9
4209.28;17;648;3
4211.06;28;1109;2
4213.59;26;999;8
4214.1;4;201;4
4214.48;32;563;5
4218.21;8;343;1
4218.67;13;294;11
4219.26;34;630;3
4220.04;23;1013;9
4221.12;21;35;0
4221.12;28;1109;2
4223.71;26;999;8
4228.18;8;343;1
4228.72;13;294;11
4229.13;34;630;3
4230.21;23;1013;9
4230.93;21;35;0
4230.93;28;1109;2
4233.75;26;999;8
4238.25;8;343;1
4238.76;13;294;11
4240.24;23;1013;9
4241.23;28;1109;2
4243.29;14;221;10
4243.82;26;999;8
4248.29;8;343;1
4248.7;13;294;11
4250.29;23;1013;9
4251.22;28;1109;2
4253.33;14;221;10
4253.84;26;999;8
4256.89;43;1063;4
4258.29;8;343;1
4260;6;28;11
4260.34;23;1013;9
4261.09;39;507;2
4263.37;14;221;10
4263.69;26;999;8
4266.97;43;1063;4
4268.33;8;343;1
4269.25;2;469;7
4270.42;23;1013;9
4271.27;39;507;2
4273.42;14;221;10
4273.7;16;431;6
4274.76;9;699;11
4276.5;30;628;0
4276.76;43;1063;4
4278.13;8;343;1
4279.32;2;469;7
4281.34;39;507;2
4283.5;14;221;10
4284.39;5;970;6
4284.8;9;699;11
4286.52;30;628;0
4287.01;43;1063;4
4289.51;2;469;7
4291.39;39;507;2
4293.48;14;221;10
4293.69;24;798;9
4294.58;5;970;6
4294.72;9;699;11
4296.6;30;628;0
4297.05;43;1063;4
4299.38;2;469;7
4300.1;37;757;5
4301.48;39;507;2
4303.73;24;798;9
4304.57;5;970;6
4304.82;9;699;11
4306.6;30;628;0
4306.95;43;1063;4
4309.53;2;469;7
4310.14;37;757;5
4313.73;24;798;9
4314.53;5;970;6
4314.87;9;699;11
4316.25;10;1197;8
4317.1;43;1063;4
4317.67;36;74;10
4319.27;40;1193;1
4323.77;24;798;9
4324.65;41;420;6
4324.98;9;699;11
4326.3;10;1197;8
4327.17;43;1063;4
4327.56;36;74;10
4329.31;40;1193;1
4332.39;29;793;7
4333.77;24;798;9
4334.78;41;420;6
4335.06;9;699;11
4336.28;10;1197;8
4337.17;43;1063;4
4337.76;36;74;10
4339.39;40;1193;1
4342.53;29;793;7
4343.86;24;798;9
4344.87;41;420;6
4345.07;9;699;11
4346.25;10;1197;8
4347.78;36;74;10
4349.45;40;1193;1
4352.62;29;793;7
4354.04;24;798;9
4362.56;29;793;7
4364.09;24;798;9
4370.92;0;974;10
4372.62;29;793;7
4374.08;24;798;9
4375.75;13;574;11
4376.32;27;182;0
4377.13;28;1066;2
4380.93;0;974;10
4382.56;17;855;3
4382.65;4;263;4
4385.78;13;574;11
4386.38;27;182;0
4386.94;28;1066;2
4390.85;0;974;10
4392.6;4;263;4
4393.73;34;282;3
4396.38;27;182;0
4397.17;28;1066;2
4400.47;2;1103;7
4400.97;14;307;10
4402.69;4;263;4
4403.72;34;282;3
4405.58;22;1104;5
4407.4;28;1066;2
4410.54;2;1103;7
4410.9;14;307;10
4412.77;26;1100;8
4413.64;21;108;0
4413.78;34;282;3
4415.62;11;339;4
4415.67;22;1104;5
4417.42;28;1066;2
4420.75;2;1103;7
4420.97;14;307;10
4422.86;26;1100;8
4423.68;21;108;0
4423.83;34;282;3
4425.67;11;339;4
4425.71;22;1104;5
4427.46;28;1066;2
4430.71;2;1103;7
4432.9;26;1100;8
4433.76;21;108;0
4433.93;34;282;3
4435.73;11;339;4
4435.73;22;1104;5
4436.48;6;321;11
4440.82;39;87;2
4440.82;2;1103;7
4442.19;16;377;6
4443.18;26;1100;8
4443.8;21;108;0
4445.38;11;339;4
4445.78;22;1104;5
4446.54;6;321;11
4450.81;2;1103;7
4450.86;39;87;2
4451.2;8;79;1
4452.41;23;1070;9
4453.64;21;108;0
4455.78;11;339;4
4455.78;22;1104;5
4456.53;6;321;11
4460.02;41;219;6
4460.89;39;87;2
4460.89;2;1103;7
4461.24;8;79;1
4462.58;23;1070;9
4463.85;21;108;0
4465.82;32;54;5
4466.25;0;473;10
4466.59;6;321;11
4469.93;41;219;6
4470.89;2;1103;7
4471.06;39;87;2
4471.26;8;79;1
4472.35;23;1070;9
4473.89;30;284;0
4475.84;32;54;5
4476.25;0;473;10
4476.64;6;321;11
4480;41;219;6
4481.06;39;87;2
4481.29;8;79;1
4482.41;23;1070;9
4483.94;30;284;0
4485.68;32;54;5
4486.25;0;473;10
4486.55;6;321;11
4490.09;5;796;6
4491.18;39;87;2
4491.22;43;386;4
4491.36;40;1040;1
4494.01;30;284;0
4495.86;37;770;5
4496.64;6;321;11
4500.01;5;796;6
4501.22;39;87;2
4501.35;43;386;4
4501.55;40;1040;1
4503.01;17;983;3
4505.83;37;770;5
4506.68;6;321;11
4510.14;5;796;6
4511.31;39;87;2
4511.4;43;386;4
4511.49;40;1040;1
4513.05;17;983;3
4515.81;36;698;10
4515.94;37;770;5
4516.72;9;757;11
4517.21;10;571;8
4519.08;27;213;0
4520.18;5;796;6
4521.27;39;87;2
4521.4;43;386;4
4521.54;40;1040;1
4522.97;17;983;3
4525.85;36;698;10
4526.05;37;770;5
4527.25;10;571;8
4529.16;27;213;0
4529.89;24;749;9
4530.19;5;796;6
4531.44;43;386;4
4531.68;40;1040;1
4536.1;37;770;5
4537.24;10;571;8
4539.22;27;213;0
4539.9;24;749;9
4540.24;16;53;6
4541.48;43;386;4
4541.66;40;1040;1
4546.15;37;770;5
4546.56;29;35;7
4549.33;27;213;0
4549.97;24;749;9
4550.28;16;53;6
4551.64;40;1040;1
4556.23;37;770;5
4556.53;29;35;7
4559.4;27;213;0
4560.03;24;749;9
4560.32;16;53;6
4563.19;28;98;2
4566.28;37;770;5
4566.65;29;35;7
4569.99;24;749;9
4570.35;16;53;6
4571.42;13;477;11
4573.24;28;98;2
4576.7;29;35;7
4580.04;24;749;9
4580.41;0;729;10
4581.46;13;477;11
4583.24;28;98;2
4589.99;24;749;9
4590.34;0;729;10
4591.52;13;477;11
4592.24;21;322;0
4593.31;28;98;2
4597.17;4;442;4
4597.66;26;328;8
4600.4;0;729;10
4600.66;34;831;3
4601.47;13;477;11
4602.28;21;322;0
4603.36;28;98;2
4607.04;4;442;4
4607.7;26;328;8
4610.34;0;729;10
4610.71;34;831;3
4611.61;23;54;9
4611.61;13;477;11
4612.36;21;322;0
4613.12;28;98;2
4615.78;8;723;1
4617.29;4;442;4
4617.8;26;328;8
4620.42;0;729;10
4620.71;34;831;3
4621.52;23;54;9
4621.65;13;477;11
4622.4;21;322;0
4623.18;28;98;2
4624.7;2;381;7
4625.85;8;723;1
4627.32;4;442;4
4627.8;26;328;8
4630.41;14;440;10
4631.65;23;54;9
4631.7;13;477;11
4633.2;28;98;2
4633.85;17;857;3
4634.79;2;381;7
4636.03;8;723;1
4637.22;4;442;4
4637.83;26;328;8
4638.7;22;1053;5
4641.08;41;1009;6
4641.7;13;477;11
4643.88;17;857;3
4644.79;2;381;7
4646.01;8;723;1
4647.1;4;442;4
4648.75;22;1053;5
4651.13;41;1009;6
4653.96;17;857;3
4654.84;2;381;7
4656.08;8;723;1
4657.34;11;961;4
4658.74;22;1053;5
4661.19;41;1009;6
4661.79;36;1027;10
4664.05;17;857;3
4664.86;2;381;7
4664.95;30;863;0
4666.15;8;723;1
4667.29;11;961;4
4667.57;9;43;11
4668.68;32;855;5
4670.62;10;920;8
4671.2;41;1009;6
4671.84;36;1027;10
4673.77;17;857;3
4674.87;2;381;7
4674.99;30;863;0
4676.17;8;723;1
4677.39;11;961;4
4677.62;9;43;11
4678.75;32;855;5
4680.62;10;920;8
4681.23;41;1009;6
4681.9;36;1027;10
4684.09;17;857;3
4685.28;30;863;0
4686.17;8;723;1
4687.46;39;1124;2
4687.71;9;43;11
4688.81;32;855;5
4690.65;10;920;8
4691.21;41;1009;6
4695.02;24;1190;9
4695.24;30;863;0
4697.71;39;1124;2
4697.76;9;43;11
4698.8;32;855;5
4700.64;10;920;8
4701.21;41;1009;6
4701.28;43;14;4
4704.99;24;1190;9
4705.26;30;863;0
4707.73;39;1124;2
4707.78;9;43;11
4711.28;43;14;4
4713.66;29;463;7
4714.52;16;749;6
4714.99;24;1190;9
4715.58;27;1031;0
4716.52;40;643;1
4717.86;9;43;11
4721.29;43;14;4
4723.76;29;463;7
4725.06;24;1190;9
4725.11;37;623;5
4725.78;27;1031;0
4726.56;40;643;1
4727.94;9;43;11
4731.34;43;14;4
4733.87;29;463;7
4735.06;24;1190;9
4735.16;37;623;5
4736.01;27;1031;0
4737.98;9;43;11
4738.34;5;337;6
4741.39;43;14;4
4743.91;29;463;7
4745.13;24;1190;9
4745.17;37;623;5
4745.83;27;1031;0
4747.39;34;260;3
4748.01;6;813;11
4748.39;5;337;6
4751.14;43;14;4
4753.98;29;463;7
4755.32;37;623;5
4757.43;34;260;3
4758.05;6;813;11
4758.37;5;337;6
4761.34;43;14;4
4764.02;29;463;7
4765.68;37;623;5
4767.48;34;260;3
4768.06;6;813;11
4768.46;5;337;6
4768.72;21;688;0
4770.7;0;116;10
4771.36;43;14;4
4775.72;37;623;5
4777.52;34;260;3
4778.1;6;813;11
4778.5;5;337;6
4778.77;21;688;0
4780.74;0;116;10
4787.49;34;260;3
4788.1;6;813;11
4788.55;5;337;6
4788.83;21;688;0
4790.68;0;116;10
4791.77;28;1151;2
4797.62;34;260;3
4798.58;5;337;6
4799.02;21;688;0
4800.35;26;153;8
4800.54;13;440;11
4800.7;14;708;10
4802.74;23;247;9
4807.53;34;260;3
4808.13;32;1145;5
4808.95;21;688;0
4810.51;26;153;8
4810.6;13;440;11
4810.79;14;708;10
4812.83;23;247;9
4817.9;2;1070;7
4818.18;32;1145;5
4819.05;21;688;0
4819.91;11;195;4
4820.62;13;440;11
4820.83;14;708;10
4822.89;23;247;9
4825.91;41;814;6
4827.94;2;1070;7
4829.09;21;688;0
4830.61;13;440;11
4830.82;14;708;10
4832.92;23;247;9
4835.96;41;814;6
4837.72;2;1070;7
4840.84;36;1073;10
4842.11;17;879;3
4842.93;23;247;9
4843.79;10;931;8
4845.98;41;814;6
4846.26;22;868;5
4847.68;4;1129;4
4848.01;2;1070;7
4849.04;40;632;1
4850.73;36;1073;10
4852.29;17;879;3
4852.98;23;247;9
4853.86;10;931;8
4856.02;41;814;6
4856.42;22;868;5
4857.71;4;1129;4
4858.06;2;1070;7
4860.77;36;1073;10
4862.44;17;879;3
4863.11;23;247;9
4863.93;10;931;8
4864.18;8;515;1
4866.02;41;814;6
4866.5;22;868;5
4867.64;4;1129;4
4870.85;36;1073;10
4872.32;17;879;3
4874.13;10;931;8
4874.22;8;515;1
4876.04;16;59;6
4876.62;22;868;5
4877.31;9;755;11
4877.73;4;1129;4
4880.82;36;1073;10
4882.47;17;879;3
4882.88;27;786;0
4884.21;8;515;1
4884.82;39;648;2
4886.06;16;59;6
4887.41;9;755;11
4887.72;4;1129;4
4892.98;27;786;0
4894.23;8;515;1
4894.86;39;648;2
4896.11;16;59;6
4897.49;9;755;11
4899.4;37;549;5
4903.01;27;786;0
4904.32;8;515;1
4906.11;16;59;6
4907.58;9;755;11
4907.62;24;1083;9
4909.47;37;549;5
4914.19;30;522;0
4914.27;8;515;1
4916.09;5;305;6
4917.53;9;755;11
4917.67;24;1083;9
4919.55;37;549;5
4924.27;30;522;0
4924.4;8;515;1
4926.16;5;305;6
4927.64;9;755;11
4927.8;24;1083;9
4929.64;37;549;5
4930.33;29;1049;7
4934.38;30;522;0
4934.5;8;515;1
4936.11;5;305;6
4937.78;6;1033;11
4937.83;24;1083;9
4939.69;37;549;5
4940.67;29;1049;7
4942.08;26;574;8
4944.39;30;522;0
4945.47;14;355;10
4946.08;5;305;6
4947.84;24;1083;9
4947.84;6;1033;11
4949.8;37;549;5
4950.72;29;1049;7
4952.39;26;574;8
4954.47;30;522;0
4957.76;34;1027;3
4957.8;24;1083;9
4957.8;6;1033;11
4959.92;32;532;5
4960.82;29;1049;7
4962.42;11;519;4
4962.47;26;574;8
4964.22;28;88;2
4964.51;30;522;0
4967.8;34;1027;3
4967.88;6;1033;11
4968.03;0;182;10
4969.98;32;532;5
4970.87;29;1049;7
4972.44;11;519;4
4972.57;26;574;8
4974.27;28;88;2
4974.58;30;522;0
4977.73;34;1027;3
4977.88;6;1033;11
4978.14;0;182;10
4980.02;32;532;5
4980.88;29;1049;7
4982.54;26;574;8
4984.36;28;88;2
4984.7;30;522;0
4985.46;40;577;1
4987.83;34;1027;3
4987.88;6;1033;11
4988.16;0;182;10
4990.06;32;532;5
4990.92;2;816;7
4992.33;26;574;8
4995.5;40;577;1
4997.88;6;1033;11
4998.25;36;613;10
5000.29;22;949;5
5000.96;2;816;7
5005.53;40;577;1
5006.26;21;950;0
5007.82;6;1033;11
5008.29;36;613;10
5010.55;22;949;5
5010.96;2;816;7
5015.51;40;577;1
5016.3;21;950;0
5017.94;6;1033;11
5018.16;36;613;10
5018.98;43;261;4
5020.39;22;949;5
5020.97;2;816;7
5025.5;40;577;1
5025.62;17;318;3
5026.34;21;950;0
5027.99;13;212;11
5028.28;36;613;10
5029.02;43;261;4
5030.6;22;949;5
5030.96;2;816;7
5035.57;40;577;1
5035.61;17;318;3
5035.94;16;1197;6
5036.03;23;977;9
5036.37;21;950;0
5038.03;13;212;11
5038.36;36;613;10
5038.49;10;768;8
5040.69;22;949;5
5041.02;2;816;7
5043.45;39;782;2
5045.66;17;318;3
5045.99;16;1197;6
5046.18;23;977;9
5048.6;10;768;8
5050.73;22;949;5
5053.53;39;782;2
5055.72;4;457;4
5055.94;16;1197;6
5056.26;23;977;9
5058.63;10;768;8
5060.76;22;949;5
5062.21;27;1134;0
5063.43;39;782;2
5065.76;4;457;4
5065.99;41;963;6
5068.64;10;768;8
5070.82;22;949;5
5072.26;27;1134;0
5073.48;39;782;2
5075.82;4;457;4
5076.06;5;796;6
5080.74;22;949;5
5082.18;27;1134;0
5083.56;39;782;2
5085.86;4;457;4
5086.22;5;796;6
5092.07;27;1134;0
5093.56;28;1201;2
5094.93;29;69;7
5095.86;4;457;4
5096.27;5;796;6
5102.16;0;775;10
5102.3;27;1134;0
5103.61;28;1201;2
5105;29;69;7
5106.4;5;796;6
5110.97;32;195;5
5111.64;9;156;11
5112.21;0;775;10
5112.48;27;1134;0
5113.65;28;1201;2
5115.02;29;69;7
5116.4;5;796;6
5121.08;32;195;5
5121.44;24;510;9
5121.86;9;156;11
5122.15;0;775;10
5122.35;8;1151;1
5122.48;27;1134;0
5123.66;28;1201;2
5126.28;5;796;6
5131.01;32;195;5
5131.51;24;510;9
5132.04;9;156;11
5132.25;8;1151;1
5132.25;0;775;10
5132.44;27;1134;0
5133.66;28;1201;2
5136.45;5;796;6
5141.11;32;195;5
5141.53;24;510;9
5141.9;9;156;11
5142.36;8;1151;1
5142.36;11;273;4
5142.36;0;775;10
5142.5;27;1134;0
5143.03;26;1013;8
5143.72;28;1201;2
5146.66;5;796;6
5150.59;2;1053;7
5151.15;37;136;5
5151.49;24;510;9
5152.07;9;156;11
5152.35;8;1151;1
5152.35;14;1061;10
5152.4;30;743;0
5152.4;11;273;4
5153.68;28;1201;2
5156.59;5;796;6
5159.66;34;831;3
5160.6;2;1053;7
5161.19;37;136;5
5162.02;9;156;11
5162.2;14;1061;10
5162.4;8;1151;1
5162.44;11;273;4
5162.55;30;743;0
5167.18;41;346;6
5169.71;34;831;3
5170.58;2;1053;7
5171.31;37;136;5
5172.11;6;483;11
5172.4;14;1061;10
5172.44;8;1151;1
5172.52;11;273;4
5172.57;30;743;0
5177.26;41;346;6
5180.64;2;1053;7
5181.34;37;136;5
5182.16;6;483;11
5187.39;41;346;6
5189.29;40;776;1
5190.12;43;1029;4
5190.6;21;124;0
5190.7;2;1053;7
5192.25;6;483;11
5199.37;40;776;1
5200.15;43;1029;4
5200.35;22;440;5
5200.68;21;124;0
5200.72;2;1053;7
5202.34;13;1067;11
5208.31;23;798;9
5209.35;40;776;1
5210.2;43;1029;4
5210.55;22;440;5
5210.6;21;124;0
5210.72;2;1053;7
5210.77;10;58;8
5211.13;36;582;10
5211.17;17;1138;3
5212.3;13;1067;11
5218.31;23;798;9
5219.56;40;776;1
5220.04;43;1029;4
5220.6;21;124;0
5220.6;22;440;5
5220.72;2;1053;7
5220.81;10;58;8
5221.17;36;582;10
5221.21;17;1138;3
5222.41;13;1067;11
5228.36;23;798;9
5229.69;40;776;1
5230.24;43;1029;4
5230.41;21;124;0
5230.41;22;440;5
5230.72;2;1053;7
5230.86;10;58;8
5231.14;36;582;10
5231.21;17;1138;3
5232.31;16;887;6
5232.55;13;1067;11
5238.33;23;798;9
5240.27;39;834;2
5240.32;43;1029;4
5240.59;21;124;0
5240.59;22;440;5
5240.72;2;1053;7
5240.9;10;58;8
5241.24;17;1138;3
5241.24;36;582;10
5242.2;16;887;6
5242.63;13;1067;11
5248.4;23;798;9
5250.22;39;834;2
5250.36;43;1029;4
5250.75;22;440;5
5251.12;17;1138;3
5251.28;0;129;10
5252.35;16;887;6
5252.68;13;1067;11
5258.46;23;798;9
5260.31;39;834;2
5260.58;4;3;4
5260.98;17;1138;3
5261.39;0;129;10
5262.39;16;887;6
5268.54;23;798;9
5270.33;39;834;2
5270.76;4;3;4
5271.43;0;129;10
5272.43;16;887;6
5278.81;23;798;9
5280.33;39;834;2
5280.76;4;3;4
5282.5;16;887;6
5284.1;29;907;7
5285.41;32;50;5
5288.88;23;798;9
5289.08;27;147;0
5290.71;28;643;2
5290.8;4;3;4
5292.59;16;887;6
5294.03;29;907;7
5295.45;32;50;5
5298.54;23;798;9
5299.09;27;147;0
5300.72;28;643;2
5300.77;4;3;4
5302.67;16;887;6
5304.1;29;907;7
5305.48;32;50;5
5308.92;23;798;9
5309.14;27;147;0
5313.27;26;387;8
5315.31;32;50;5
5315.63;5;433;6
5319.14;27;147;0
5319.14;23;798;9
5319.92;8;94;1
5321.6;34;196;3
5322.93;6;86;11
5323.24;26;387;8
5325.69;41;1058;6
5326.98;14;983;10
5328.24;11;1083;4
5329.15;27;147;0
5329.2;23;798;9
5329.97;8;94;1
5331.65;34;196;3
5332.98;6;86;11
5333.35;26;387;8
5335.82;41;1058;6
5337.07;14;983;10
5338.16;11;1083;4
5339.11;27;147;0
5339.37;23;798;9
5340.07;8;94;1
5341.65;34;196;3
5343.03;6;86;11
5343.38;26;387;8
5345.92;41;1058;6
5347.19;14;983;10
5348.29;11;1083;4
5349.2;30;415;0
5349.42;24;591;9
5349.87;8;94;1
5350.45;37;990;5
5352.95;6;86;11
5353.42;26;387;8
5355.82;41;1058;6
5357.11;14;983;10
5358.44;11;1083;4
5359.16;30;415;0
5359.59;24;591;9
5360.12;40;708;1
5360.34;37;990;5
5362.94;6;86;11
5366;41;1058;6
5367.23;14;983;10
5369.27;30;415;0
5369.67;24;591;9
5370.18;40;708;1
5370.38;37;990;5
5375.99;41;1058;6
5377.34;14;983;10
5379.28;30;415;0
5379.72;24;591;9
5380;40;708;1
5380.44;37;990;5
5386.06;41;1058;6
5386.78;9;685;11
5389.3;30;415;0
5389.74;24;591;9
5390.24;40;708;1
5390.48;37;990;5
5392.49;10;83;8
5394.38;2;286;7
5396.16;41;1058;6
5396.78;9;685;11
5397.25;36;946;10
5398.32;17;858;3
5399.33;30;415;0
5400.1;43;494;4
5400.28;40;708;1
5401.82;22;583;5
5402.55;10;83;8
5406.2;41;1058;6
5406.83;9;685;11
5407.33;36;946;10
5408.4;17;858;3
5410.17;43;494;4
5410.29;40;708;1
5411.87;22;583;5
5412.22;10;83;8
5416.24;41;1058;6
5416.87;9;685;11
5417.3;36;946;10
5418.49;17;858;3
5420.04;43;494;4
5420.64;8;584;1
5422.05;22;583;5
5422.52;10;83;8
5427.38;36;946;10
5428.53;17;858;3
5430.24;43;494;4
5430.78;8;584;1
5431.82;22;583;5
5432.51;10;83;8
5434.18;39;53;2
5435.87;21;996;0
5437.36;36;946;10
5438.51;17;858;3
5440.18;43;494;4
5440.82;8;584;1
5442.58;10;83;8
5447.38;36;946;10
5448.58;17;858;3
5448.62;13;202;11
5450.15;43;494;4
5450.65;8;584;1
5453.09;28;189;2
5457.41;36;946;10
5458.63;17;858;3
5458.67;13;202;11
5460.32;43;494;4
5460.84;8;584;1
5463.18;28;189;2
5467.48;36;946;10
5468.63;17;858;3
5468.68;13;202;11
5468.88;29;77;7
5470.46;4;170;4
5471;8;584;1
5473.23;28;189;2
5477.52;36;946;10
5477.88;23;338;9
5478.71;17;858;3
5478.76;13;202;11
5478.89;29;77;7
5480.51;4;170;4
5481.02;8;584;1
5482.96;5;675;6
5483.23;28;189;2
5487.24;36;946;10
5487.87;23;338;9
5488.72;17;858;3
5488.81;29;77;7
5488.81;13;202;11
5490.55;4;170;4
5491;8;584;1
5492.98;5;675;6
5494.17;26;455;8
5497.55;36;946;10
5498.75;17;858;3
5500.38;4;170;4
5501.07;8;584;1
5501.69;27;309;0
5504.21;26;455;8
5504.26;32;632;5
5507.39;16;246;6
5507.53;0;33;10
5508.62;17;858;3
5510.56;4;170;4
5511.11;8;584;1
5511.73;27;309;0
5514.5;32;632;5
5517.42;16;246;6
5517.6;0;33;10
5518.8;34;786;3
5520.51;11;34;4
5521.63;27;309;0
5524.59;32;632;5
5527.3;16;246;6
5527.65;0;33;10
5529;34;786;3
5530.58;11;34;4
5532;6;1107;11
5532.38;24;347;9
5534.61;32;632;5
5537.69;14;442;10
5538.99;10;1009;8
5539.08;34;786;3
5540.52;11;34;4
5541.1;28;1016;2
5542.08;6;1107;11
5542.37;24;347;9
5544.61;32;632;5
5547.79;14;442;10
5549.04;10;1009;8
5549.08;34;786;3
5550.64;11;34;4
5551.31;28;1016;2
5552.13;6;1107;11
5554.61;32;632;5
5557.83;2;628;7
5557.89;14;442;10
5559.08;10;1009;8
5560.11;40;481;1
5560.33;11;34;4
5561.32;39;719;2
5562.14;6;1107;11
5564.53;32;632;5
5567.89;2;628;7
5567.99;14;442;10
5569.06;10;1009;8
5570.13;40;481;1
5571.37;39;719;2
5572.13;6;1107;11
5574.63;37;985;5
5577.07;21;472;0
5577.71;2;628;7
5577.99;14;442;10
5578.98;10;1009;8
5580.14;40;481;1
5581.29;39;719;2
5582.17;6;1107;11
5584.66;37;985;5
5587.92;2;628;7
5588.98;10;1009;8
5590.2;40;481;1
5591.33;39;719;2
5592.17;6;1107;11
5594.44;36;867;10
5594.7;37;985;5
5594.79;30;103;0
5597.92;43;571;4
5600.47;40;481;1
5600.52;41;378;6
5601.09;39;719;2
5602.22;6;1107;11
5604.44;36;867;10
5604.65;37;985;5
5604.79;30;103;0
5607.92;43;571;4
5610.59;41;378;6
5611.45;39;719;2
5612.35;6;1107;11
5614.45;36;867;10
5614.78;22;1165;5
5614.87;30;103;0
5618.01;43;571;4
5620.31;8;999;1
5620.71;41;378;6
5621.29;17;855;3
5621.49;39;719;2
5622.41;9;1061;11
5624.46;36;867;10
5624.84;22;1165;5
5624.95;30;103;0
5628.11;43;571;4
5630.54;8;999;1
5631.39;17;855;3
5631.54;39;719;2
5632.67;9;1061;11
5634.88;22;1165;5
5634.95;30;103;0
5640.6;8;999;1
5641.5;17;855;3
5642.87;9;1061;11
5643.69;23;771;9
5644.97;30;103;0
5644.97;22;1165;5
5650.65;8;999;1
5651.56;17;855;3
5652.91;9;1061;11
5653.69;23;771;9
5654.97;27;239;0
5654.97;22;1165;5
5655.15;29;53;7
5657;0;418;10
5660.7;8;999;1
5662.92;9;1061;11
5664.77;26;429;8
5664.88;22;1165;5
5665.01;27;239;0
5665.06;28;309;2
5665.19;29;53;7
5666.86;0;418;10
5668.1;16;338;6
5671.01;8;999;1
5672.97;13;308;11
5674.94;22;1165;5
5675.06;27;239;0
5675.19;28;309;2
5675.19;29;53;7
5676.72;0;418;10
5678.15;16;338;6
5679.66;34;679;3
5681.03;8;999;1
5682.9;13;308;11
5685.03;27;239;0
5685.03;37;495;5
5685.19;29;53;7
5685.24;28;309;2
5687.69;24;181;9
5688.19;16;338;6
5689.83;34;679;3
5690.09;4;354;4
5690.95;8;999;1
5693.03;13;308;11
5695.1;27;239;0
5695.1;37;495;5
5695.28;28;309;2
5697.81;24;181;9
5698.2;16;338;6
5699.85;34;679;3
5700.02;4;354;4
5701.02;8;999;1
5702.98;13;308;11
5705.05;27;239;0
5705.05;37;495;5
5707.99;24;181;9
5708.25;5;69;6
5709.88;34;679;3
5711.07;8;999;1
5713.12;13;308;11
5714.91;37;495;5
5718.1;24;181;9
5718.29;5;69;6
5719.92;34;679;3
5723.16;13;308;11
5725.09;37;495;5
5726.53;11;62;4
5727.25;10;1102;8
5728.15;24;181;9
5728.34;5;69;6
5734.96;37;495;5
5736.58;11;62;4
5737.47;10;1102;8
5738.51;5;69;6
5745.14;37;495;5
5746.65;11;62;4
5747.51;10;1102;8
5748.21;6;633;11
5751.3;21;1094;0
5755.04;32;682;5
5756.69;11;62;4
5758.37;6;633;11
5761.32;21;1094;0
5761.83;40;421;1
5765.01;32;682;5
5766.79;11;62;4
5768.31;6;633;11
5769.6;14;455;10
5771.38;21;1094;0
5771.87;40;421;1
5775.18;32;682;5
5778.44;6;633;11
5779.75;14;455;10
5782;40;421;1
5785.21;32;682;5
5788.6;6;633;11
5789.79;14;455;10
5792.07;40;421;1
5792.55;41;261;6
5792.77;2;1178;7
5792.92;39;726;2
5795.29;32;682;5
5798.45;43;188;4
5798.62;6;633;11
5798.94;23;723;9
5799.8;26;119;8
5799.9;14;455;10
5802.67;41;261;6
5802.81;2;1178;7
5802.99;39;726;2
5804.85;17;698;3
5805.29;22;581;5
5808.66;43;188;4
5808.66;9;366;11
5809.02;23;723;9
5809.91;26;119;8
5812.74;41;261;6
5812.85;2;1178;7
5813.05;39;726;2
5814.96;36;443;10
5815.21;22;581;5
5818.67;43;188;4
5818.67;9;366;11
5819.05;23;723;9
5819.89;26;119;8
5822.76;41;261;6
5822.91;2;1178;7
5823.14;39;726;2
5825;22;581;5
5825;36;443;10
5828.6;43;188;4
5828.6;9;366;11
5829.05;23;723;9
5829.88;26;119;8
5832.76;41;261;6
5832.97;2;1178;7
5834.97;28;249;2
5835.22;36;443;10
5835.34;22;581;5
5838.68;43;188;4
5838.72;9;366;11
5839.05;23;723;9
5839.77;26;119;8
5840.13;30;927;0
5842.76;5;842;6
5843;2;1178;7
5845.01;28;249;2
5845.3;36;443;10
5848.71;4;988;4
5849.01;23;723;9
5849.99;26;119;8
5850.24;30;927;0
5852.51;5;842;6
5853.04;2;1178;7
5855.06;28;249;2
5855.34;36;443;10
5858.74;4;988;4
5860.06;26;119;8
5860.28;30;927;0
5862.81;5;842;6
5863.11;2;1178;7
5864.45;8;395;1
5865.01;28;249;2
5865.39;0;209;10
5868.78;4;988;4
5868.83;37;1000;5
5870.14;30;927;0
5872.85;16;542;6
5874.5;8;395;1
5874.9;28;249;2
5875.51;0;209;10
5878.81;4;988;4
5878.94;37;1000;5
5880.33;30;927;0
5883.07;16;542;6
5884.23;29;1165;7
5884.54;8;395;1
5884.89;28;249;2
5885.55;0;209;10
5888.84;4;988;4
5888.93;37;1000;5
5890.35;30;927;0
5893.08;16;542;6
5894.47;29;1165;7
5894.6;8;395;1
5894.99;28;249;2
5895.56;0;209;10
5898.87;4;988;4
5898.92;37;1000;5
5900.55;30;927;0
5902.32;34;612;3
5903.12;16;542;6
5904.51;29;1165;7
5904.64;8;395;1
5905.1;28;249;2
5905.6;14;1020;10
5906.4;24;326;9
5909.03;37;1000;5
5910.59;30;927;0
5911.65;13;527;11
5911.92;10;481;8
5912.32;11;455;4
5912.48;34;612;3
5913.16;16;542;6
5914.58;8;395;1
5914.58;29;1165;7
5915.74;14;1020;10
5916.5;24;326;9
5919.03;37;1000;5
5920.63;30;927;0
5922.04;10;481;8
5922.33;11;455;4
5922.53;34;612;3
5923.06;16;542;6
5924.64;8;395;1
5924.69;29;1165;7
5924.78;6;780;11
5925.94;14;1020;10
5926.61;24;326;9
5929;37;1000;5
5930.64;27;963;0
5932.12;10;481;8
5932.42;34;612;3
5933.22;16;542;6
5934.45;8;395;1
5934.73;29;1165;7
5934.73;6;780;11
5936;14;1020;10
5936.55;24;326;9
5939.04;37;1000;5
5940.68;27;963;0
5942.21;10;481;8
5942.63;17;396;3
5943.3;16;542;6
5944.67;8;395;1
5944.71;6;780;11
5946.04;14;1020;10
5946.59;24;326;9
5950.76;27;963;0
5952.28;10;481;8
5952.84;17;396;3
5953.37;16;542;6
5954.41;40;195;1
5954.82;6;780;11
5956.09;14;1020;10
5962.64;17;396;3
5964.65;40;195;1
5964.81;21;711;0
5965;6;780;11
5966.16;14;1020;10
5972.81;17;396;3
5975;21;711;0
5975.04;6;780;11
5976.05;14;1020;10
5982.85;17;396;3
5984.99;21;711;0
5985.09;6;780;11
5985.53;23;418;9
5985.94;32;651;5
5986.12;14;1020;10
5987.64;2;147;7
5989.03;41;381;6
5992.87;17;396;3
5994.66;21;711;0
5995.09;6;780;11
5995.58;23;418;9
5996;32;651;5
5996.22;14;1020;10
5997.71;2;147;7
5998.13;39;189;2
5999.07;41;381;6
6002.77;17;396;3
6005.04;21;711;0
6005.13;9;1158;11
6005.42;23;418;9
6005.96;32;651;5
6006.31;14;1020;10
6007.76;2;147;7
6008.18;39;189;2
6009.09;41;381;6
6012.81;17;396;3
6014.68;21;711;0
6015.13;9;1158;11
6015.62;23;418;9
6016.13;32;651;5
6016.33;14;1020;10
6017.8;2;147;7
6018.18;39;189;2
6019.12;41;381;6
6019.72;43;201;4
6020.21;26;361;8
6022.94;17;396;3
6024.88;21;711;0
6025.13;9;1158;11
6025.66;23;418;9
6026.24;32;651;5
6026.42;0;637;10
6027.83;2;147;7
6028.22;39;189;2
6028.98;41;381;6
6029.75;43;201;4
6030.51;26;361;8
6032.8;17;396;3
6035.06;21;711;0
6036.11;32;651;5
6036.63;0;637;10
6037.89;2;147;7
6038.15;28;1129;2
6039.13;5;766;6
6039.79;43;201;4
6040.63;26;361;8
6044.85;21;711;0
6046.29;32;651;5
6046.67;0;637;10
6047.81;2;147;7
6048.3;28;1129;2
6049.81;43;201;4
6056.3;32;651;5
6056.7;0;637;10
6058.34;28;1129;2
6066.35;22;60;5
6066.74;36;999;10
6068.27;28;1129;2
6076.55;22;60;5
6076.67;4;874;4
6076.79;36;999;10
6078.38;28;1129;2
6081.2;13;1083;11
6086.59;22;60;5
6086.68;4;874;4
6086.83;36;999;10
6088.42;28;1129;2
6089.04;8;136;1
6089.45;16;454;6
6091.18;13;1083;11
6096.42;22;60;5
6096.72;4;874;4
6096.85;36;999;10
6097;34;331;3
6098.69;29;589;7
6099.5;16;454;6
6101.24;13;1083;11
6105.94;40;1174;1
6106.4;30;696;0
6106.61;22;60;5
6106.85;4;874;4
6106.94;36;999;10
6107.23;34;331;3
6108.76;29;589;7
6109.55;16;454;6
6111.28;13;1083;11
6115.98;40;1174;1
6116.46;30;696;0
6116.64;22;60;5
6116.87;4;874;4
6116.95;36;999;10
6117.27;34;331;3
6118.9;29;589;7
6119.61;16;454;6
6119.7;24;81;9
6121.28;13;1083;11
6123.16;10;781;8
6125.87;40;1174;1
6126.51;30;696;0
6126.51;22;60;5
6126.91;4;874;4
6127;36;999;10
6128.91;29;589;7
6129.66;16;454;6
6129.75;24;81;9
6131.32;13;1083;11
6133.15;10;781;8
6136.04;40;1174;1
6136.43;30;696;0
6136.43;22;60;5
6136.84;4;874;4
6137.01;36;999;10
6138.9;29;589;7
6139.68;16;454;6
6139.73;24;81;9
6141.45;13;1083;11
6143.16;10;781;8
6145.91;40;1174;1
6146.34;17;17;3
6146.68;37;1048;5
6146.72;27;440;0
6146.87;11;206;4
6149.76;16;454;6
6152.98;10;781;8
6156.37;17;17;3
6156.74;37;1048;5
6156.78;27;440;0
6159.77;16;454;6
6160.04;6;455;11
6162.12;43;77;4
6163.2;10;781;8
6166.44;17;17;3
6166.48;37;1048;5
6169.82;0;1128;10
6170.07;6;455;11
6172.2;43;77;4
6176.28;23;107;9
6176.32;17;17;3
6176.75;32;996;5
6179.5;39;379;2
6179.95;0;1128;10
6180.15;6;455;11
6182.15;43;77;4
6182.72;2;10;7
6183.94;26;858;8
6186.16;23;107;9
6186.48;17;17;3
6186.7;32;996;5
6189.52;39;379;2
6190.22;6;455;11
6192.24;43;77;4
6192.79;2;10;7
6193.99;26;858;8
6196.32;23;107;9
6196.52;17;17;3
6196.74;32;996;5
6197.32;14;392;10
6199.59;39;379;2
6200.31;6;455;11
6202.3;43;77;4
6202.88;2;10;7
6204.07;26;858;8
6206.07;23;107;9
6207.4;14;392;10
6207.59;41;113;6
6210.36;6;455;11
6212.41;43;77;4
6212.85;2;10;7
6214.07;26;858;8
6216.29;21;512;0
6216.34;23;107;9
6217.42;14;392;10
6217.68;41;113;6
6220.4;9;373;11
6222.54;4;854;4
6222.92;2;10;7
6224.13;26;858;8
6226.34;21;512;0
6226.34;23;107;9
6227.47;41;113;6
6227.47;14;392;10
6227.97;28;136;2
6230.47;9;373;11
6232.39;4;854;4
6232.58;8;963;1
6233;2;10;7
6234.26;26;858;8
6236.3;23;107;9
6237.56;14;392;10
6237.73;41;113;6
6238.02;28;136;2
6240.52;9;373;11
6242.32;4;854;4
6244.34;26;858;8
6246.36;24;395;9
6247.76;14;392;10
6247.81;41;113;6
6248.07;28;136;2
6250.53;9;373;11
6252.34;4;854;4
6253.32;34;641;3
6254.51;26;858;8
6257.81;14;392;10
6258.07;5;457;6
6258.15;28;136;2
6260.53;9;373;11
6262.59;4;854;4
6263.31;34;641;3
6264.56;26;858;8
6264.89;27;822;0
6267.85;36;893;10
6268.15;28;136;2
6268.15;5;457;6
6272.61;4;854;4
6273.33;34;641;3
6273.87;22;270;5
6274.15;13;1177;11
6274.46;26;858;8
6277.91;36;893;10
6277.95;28;136;2
6277.95;5;457;6
6283.33;34;641;3
6284.03;22;270;5
6284.24;13;1177;11
6284.73;10;627;8
6287.95;36;893;10
6288.22;28;136;2
6288.22;5;457;6
6293.3;34;641;3
6293.92;30;284;0
6294.07;22;270;5
6294.78;10;627;8
6296.91;29;765;7
6297.87;36;893;10
6298.09;5;457;6
6298.28;28;136;2
6304.09;30;284;0
6304.13;22;270;5
6304.86;10;627;8
6307;29;765;7
6308;36;893;10
6308.3;5;457;6
6308.47;28;136;2
6314.05;30;284;0
6314.22;22;270;5
6314.95;10;627;8
6317.13;29;765;7
6318.17;36;893;10
6318.4;28;136;2
6318.4;5;457;6
6324.02;30;284;0
6324.23;22;270;5
6324.99;10;627;8
6328.09;36;893;10
6328.46;16;143;6
6328.51;28;136;2
6333.68;11;114;4
6334.13;30;284;0
6334.18;22;270;5
6335.04;10;627;8
6335.68;40;1070;1
6338.2;36;893;10
6338.53;28;136;2
6338.53;16;143;6
6343.62;11;114;4
6344.18;30;284;0
6344.22;22;270;5
6345.09;10;627;8
6345.76;40;1070;1
6348.09;36;893;10
6348.52;28;136;2
6348.52;16;143;6
6353.57;11;114;4
6354.3;37;182;5
6355.79;40;1070;1
6358.24;0;1099;10
6358.49;28;136;2
6358.49;16;143;6
6363.7;43;414;4
6364.06;2;253;7
6364.37;37;182;5
6368.45;17;731;3
6368.45;0;1099;10
6370.04;6;925;11
6373.58;43;414;4
6373.82;41;326;6
6374.28;2;253;7
6374.32;37;182;5
6378.5;0;1099;10
6379.41;39;85;2
6380.35;6;925;11
6383.86;41;326;6
6384.29;2;253;7
6384.41;37;182;5
6388.54;0;1099;10
6388.63;4;888;4
6389.45;39;85;2
6390.56;6;925;11
6393.12;24;510;9
6393.89;41;326;6
6394.38;2;253;7
6394.42;37;182;5
6398.56;0;1099;10
6398.6;4;888;4
6399.5;39;85;2
6400.71;6;925;11
6403.13;23;1098;9
6403.37;21;632;0
6403.88;41;326;6
6404.46;32;517;5
6408.6;0;1099;10
6408.77;4;888;4
6409.53;39;85;2
6410.33;6;925;11
6413.26;21;632;0
6413.77;41;326;6
6414.51;32;517;5
6418.55;0;1099;10
6418.82;4;888;4
6419.6;39;85;2
6420.75;6;925;11
6423.97;41;326;6
6424.55;32;517;5
6428.61;0;1099;10
6428.91;4;888;4
6429.85;39;85;2
6430.71;6;925;11
6432.84;27;231;0
6434.01;41;326;6
6438.96;4;888;4
6439.44;14;626;10
6439.69;39;85;2
6440.58;8;246;1
6440.79;9;273;11
6442.84;27;231;0
6444;41;326;6
6448.98;4;888;4
6449.52;14;626;10
6450.65;8;246;1
6450.96;9;273;11
6452.89;27;231;0
6454.04;5;963;6
6457.54;34;991;3
6459.02;4;888;4
6460.69;8;246;1
6460.98;9;273;11
6463.08;27;231;0
6464.04;5;963;6
6464.67;22;176;5
6464.71;26;863;8
6467.55;34;991;3
6471.01;9;273;11
6473.13;27;231;0
6474.05;5;963;6
6474.67;22;176;5
6474.72;26;863;8
6475.39;29;221;7
6480.44;40;79;1
6480.67;9;273;11
6483.2;27;231;0
6484.14;5;963;6
6484.64;22;176;5
6484.76;26;863;8
6490.7;40;79;1
6491.01;13;830;11
6494.1;5;963;6
6494.73;22;176;5
6494.73;26;863;8
6500.72;40;79;1
6500.89;13;830;11
6504.19;5;963;6
6504.81;22;176;5
6504.81;26;863;8
6507.59;36;786;10
6510.77;40;79;1
6511.07;13;830;11
6514.2;5;963;6
6514.83;22;176;5
6514.83;10;559;8
6517.64;36;786;10
6518.32;30;672;0
6520.85;40;79;1
6520.89;13;830;11
6524.83;10;559;8
6525.06;11;503;4
6527.65;36;786;10
6528.41;30;672;0
6530.77;40;79;1
6531.09;13;830;11
6534.89;16;961;6
6534.89;10;559;8
6535.13;43;395;4
6537.68;36;786;10
6538.61;30;672;0
6538.85;28;167;2
6539.14;23;639;9
6540.74;40;79;1
6544.98;16;961;6
6544.98;10;559;8
6545.17;43;395;4
6549.21;24;274;9
6551.12;2;376;7
6552.59;37;402;5
6555.04;16;961;6
6555.04;10;559;8
6555.13;43;395;4
6559.35;24;274;9
6561.16;2;376;7
6562.67;37;402;5
6565.09;16;961;6
6565.09;10;559;8
6568.42;17;291;3
6569.34;24;274;9
6571.13;2;376;7
6572.71;37;402;5
6575.09;16;961;6
6575.13;10;559;8
6578.29;6;766;11
6578.42;17;291;3
6579.43;24;274;9
6581.2;2;376;7
6582.73;37;402;5
6585.16;16;961;6
6585.2;10;559;8
6588.28;6;766;11
6588.43;17;291;3
6589.36;24;274;9
6589.56;39;31;2
6592.62;0;342;10
6592.72;37;402;5
6595.14;41;414;6
6595.39;10;559;8
6599.44;24;274;9
6599.74;39;31;2
6602.81;37;402;5
6604.8;4;472;4
6605.03;41;414;6
6605.39;10;559;8
6606.36;27;1103;0
6606.49;8;909;1
6609.67;39;31;2
6612.85;37;402;5
6615.03;4;472;4
6615.08;41;414;6
6616.4;27;1103;0
6616.78;14;991;10
6619.68;39;31;2
6621.61;34;103;3
6622.92;32;1194;5
6624.74;4;472;4
6626.4;27;1103;0
6626.83;14;991;10
6629.79;39;31;2
6631.66;34;103;3
6633.07;32;1194;5
6635.08;4;472;4
6635.62;5;1130;6
6636.13;27;1103;0
6636.7;14;991;10
6638.23;29;616;7
6639.8;39;31;2
6641.74;34;103;3
6642.93;22;795;5
6643.25;26;133;8
6645.18;4;472;4
6645.62;5;1130;6
6645.85;9;902;11
6646.43;21;35;0
6646.83;14;991;10
6648.31;29;616;7
6649.67;40;617;1
6651.68;34;103;3
6653.15;22;795;5
6653.15;26;133;8
6655.22;43;628;4
6655.62;5;1130;6
6655.89;9;902;11
6656.52;21;35;0
6656.84;14;991;10
6658.32;29;616;7
6659.75;40;617;1
6659.75;23;212;9
6663.25;22;795;5
6663.25;26;133;8
6665.31;43;628;4
6665.67;5;1130;6
6665.93;9;902;11
6666.5;30;527;0
6666.84;14;991;10
6668.38;29;616;7
6669.61;40;617;1
6673.33;22;795;5
6673.33;26;133;8
6675.36;11;254;4
6675.9;9;902;11
6676.52;30;527;0
6676.9;14;991;10
6678.44;29;616;7
6683.35;22;795;5
6683.35;26;133;8
6685.46;11;254;4
6685.96;9;902;11
6686.59;30;527;0
6688.49;29;616;7
6693.25;22;795;5
6693.4;26;133;8
6695.34;11;254;4
6695.85;9;902;11
6696.63;30;527;0
6698.52;29;616;7
6703.4;26;133;8
6704.95;42;588;3
6705.5;11;254;4
6705.99;13;965;11
6706.67;30;527;0
6708.54;29;616;7
6709.58;28;271;2
6711.33;36;273;10
6714.99;42;588;3
6715.43;11;254;4
6715.59;3;753;9
6716.07;6;41;11
6716.71;30;527;0
6719.69;28;271;2
6721.37;36;273;10
6721.42;19;1108;1
6725.39;11;254;4
6726.27;6;41;11
6726.73;30;527;0
6727.34;2;503;7
6729.69;28;271;2
6731.39;36;273;10
6731.47;8;396;1
6735.42;11;254;4
6736.31;6;41;11
6737.27;2;503;7
6739.64;28;271;2
6741.22;36;273;10
6741.64;8;396;1
6744.18;17;1082;3
6745.52;11;254;4
6747.43;2;503;7
6749.74;28;271;2
6751.3;36;273;10
6751.89;8;396;1
6754.35;17;1082;3
6754.44;32;1072;5
6755.58;11;254;4
6757.62;2;503;7
6759.73;28;271;2
6761.4;36;273;10
6762.08;8;396;1
6765.6;11;254;4
6766.93;37;517;5
6767.71;2;503;7
6767.8;16;762;6
6769.11;23;244;9
6769.78;28;271;2
6771.43;0;444;10
6772.21;8;396;1
6775.67;11;254;4
6776.91;37;517;5
6777.52;2;503;7
6778.04;10;284;8
6779.13;23;244;9
6779.87;39;874;2
6780;5;632;6
6781.47;0;444;10
6782.29;8;396;1
6785.74;11;254;4
6786.94;37;517;5
6787.78;2;503;7
6788.08;10;284;8
6789.18;23;244;9
6789.91;39;874;2
6790;5;632;6
6791.47;0;444;10
6792.31;8;396;1
6795.58;11;254;4
6797.67;2;503;7
6798.25;10;284;8
6799.11;23;244;9
6800.33;41;411;6
6801.52;0;444;10
6805.52;34;116;3
6805.93;27;961;0
6807.86;2;503;7
6809.2;24;1065;9
6814.6;43;920;4
6815.69;34;116;3
6817.95;2;503;7
6819.27;24;1065;9
6819.54;22;502;5
6824.02;31;1133;2
6824.69;43;920;4
6825.89;34;116;3
6828.02;2;503;7
6829.31;24;1065;9
6829.56;22;502;5
6834.05;31;1133;2
6834.62;33;579;11
6834.8;43;920;4
6835.93;34;116;3
6838.07;38;1052;7
6839.64;22;502;5
6844.1;31;1133;2
6844.63;33;579;11
6844.81;43;920;4
6845.95;34;116;3
6848.29;21;931;0
6848.29;38;1052;7
6849.72;22;502;5
6854.69;40;349;1
6854.73;4;7;4
6855.3;14;437;10
6858.43;38;1052;7
6858.47;21;931;0
6859.71;22;502;5
6864.77;40;349;1
6864.86;4;7;4
6865.31;14;437;10
6868.49;38;1052;7
6868.57;21;931;0
6869.77;18;433;5
6870.84;42;167;3
6874.14;3;79;9
6874.81;40;349;1
6874.9;4;7;4
6875.35;14;437;10
6877.48;39;376;2
6878.52;38;1052;7
6878.61;21;931;0
6879.7;18;433;5
6880.32;26;671;8
6880.85;42;167;3
6882.1;13;1107;11
6884.19;3;79;9
6884.85;19;287;1
6885.11;4;7;4
6885.39;14;437;10
6888.57;38;1052;7
6888.61;21;931;0
6889.78;18;433;5
6890.88;42;167;3
6892.9;9;1184;11
6894.16;3;79;9
6895.15;4;7;4
6898.54;38;1052;7
6898.65;21;931;0
6899.85;18;433;5
6900.65;42;167;3
6901.01;8;566;1
6904.24;3;79;9
6904.69;16;1072;6
6905.31;35;765;8
6908.58;29;1120;7
6908.67;21;931;0
6909.8;18;433;5
6910.94;36;626;10
6911.07;8;566;1
6914.29;3;79;9
6915.54;35;765;8
6916.61;6;894;11
6917.87;28;604;2
6918.63;29;1120;7
6918.68;30;482;0
6920.41;1;679;4
6921.01;8;566;1
6921.01;36;626;10
6924.22;44;1181;9
6925.69;35;765;8
6926.79;20;179;6
6926.79;6;894;11
6927.95;28;604;2
6928.66;29;1120;7
6928.75;12;1152;0
6930.49;1;679;4
6931.03;36;626;10
6931.12;8;566;1
6931.75;17;328;3
6934.38;44;1181;9
6936.79;20;179;6
6936.79;6;894;11
6937.85;28;604;2
6938.71;29;1120;7
6939.79;10;414;8
6940.58;1;679;4
6941.15;8;566;1
6941.15;15;372;10
6944.44;44;1181;9
6944.79;32;212;5
6946.73;27;602;0
6946.86;5;311;6
6946.86;6;894;11
6948.02;28;604;2
6948.75;29;1120;7
6949.82;10;414;8
6951.18;8;566;1
6951.24;15;372;10
6954.49;32;212;5
6954.49;44;1181;9
6956.72;27;602;0
6956.78;6;894;11
6956.91;5;311;6
6959.88;10;414;8
6960.98;7;111;1
6961.29;0;551;10
6964.72;32;212;5
6964.87;44;1181;9
6966.76;27;602;0
6966.95;5;311;6
6967.34;2;361;7
6971.26;7;111;1
6971.35;0;551;10
6974.87;32;212;5
6974.91;44;1181;9
6976.84;27;602;0
6976.84;41;606;6
6977.54;2;361;7
6981.24;7;111;1
6981.52;26;779;8
6981.72;0;551;10
6984.93;44;1181;9
6986.9;27;602;0
6987;41;606;6
6987.64;37;350;5
6987.69;2;361;7
6991.15;7;111;1
6991.62;26;779;8
6991.77;0;551;10
6994.98;23;1099;9
6996.99;27;602;0
6997.03;41;606;6
6997.57;43;1066;4
6997.75;2;361;7
6999.59;31;637;2
7001.3;7;111;1
7001.68;26;779;8
7001.84;0;551;10
7005.03;23;1099;9
7007.62;43;1066;4
7007.75;2;361;7
7009.77;31;637;2
7011.69;26;779;8
7011.87;0;551;10
7012.14;16;878;6
7015.09;23;1099;9
7015.5;19;1072;1
7017.5;43;1066;4
7017.79;2;361;7
7019.6;31;637;2
7021.51;22;996;5
7021.77;26;779;8
7021.9;0;551;10
7022.18;16;878;6
7025.54;19;1072;1
7025.82;25;1117;3
7027;24;1006;9
7027.57;43;1066;4
7027.82;2;361;7
7029.81;39;1115;2
7031.58;22;996;5
7031.88;26;779;8
7031.97;14;938;10
7032.2;16;878;6
7035.55;19;1072;1
7035.85;25;1117;3
7037.05;24;1006;9
7037.71;11;813;4
7037.85;2;361;7
7039.88;39;1115;2
7041.56;22;996;5
7041.63;26;779;8
7042.01;14;938;10
7042.2;16;878;6
7043.85;33;443;11
7043.89;30;1097;0
7045.59;19;1072;1
7045.91;34;139;3
7047.22;24;1006;9
7047.85;11;813;4
7049.89;39;1115;2
7051.88;35;592;8
7052.03;14;938;10
7053.89;33;443;11
7055.58;19;1072;1
7055.98;34;139;3
7057.24;24;1006;9
7057.38;38;100;7
7057.85;11;813;4
7059.94;39;1115;2
7061.96;35;592;8
7063.93;33;443;11
7065.6;19;1072;1
7066.37;34;139;3
7067.23;3;276;9
7067.47;38;100;7
7067.85;11;813;4
7068.15;21;648;0
7069.35;36;632;10
7071.98;35;592;8
7073.95;6;1124;11
7075.64;40;460;1
7076.41;42;142;3
7077.29;3;276;9
7077.51;38;100;7
7077.91;11;813;4
7078.2;21;648;0
7079.42;36;632;10
7079.46;18;621;5
7079.86;28;1107;2
7082.02;35;592;8
7084;6;1124;11
7085.69;40;460;1
7086.46;42;142;3
7087.14;44;1155;9
7087.82;4;766;4
7087.82;38;100;7
7088.47;21;648;0
7089.38;36;632;10
7089.46;20;284;6
7089.86;18;621;5
7089.91;28;1107;2
7092.11;35;592;8
7094;6;1124;11
7095.92;40;460;1
7096.5;42;142;3
7097.34;44;1155;9
7097.92;38;100;7
7097.96;4;766;4
7098.45;21;648;0
7099.54;20;284;6
7099.9;18;621;5
7100.13;28;1107;2
7102.14;35;592;8
7104;6;1124;11
7105.95;40;460;1
7106.62;42;142;3
7107.72;44;1155;9
7107.96;4;766;4
7107.96;38;100;7
7108.52;21;648;0
7109.62;20;284;6
7110.34;28;1107;2
7114.01;9;165;11
7116;40;460;1
7116.68;42;142;3
7117.3;15;898;10
7118.09;1;976;4
7118.09;38;100;7
7118.62;21;648;0
7119.6;20;284;6
7120.38;28;1107;2
7124.09;9;165;11
7124.55;10;764;8
7126.43;8;879;1
7126.63;42;142;3
7127.34;15;898;10
7128.12;1;976;4
7128.12;29;157;7
7128.3;32;780;5
7128.5;21;648;0
7129.63;20;284;6
7130.41;28;1107;2
7134.02;9;165;11
7134.64;10;764;8
7136.47;8;879;1
7136.72;42;142;3
7137.44;0;679;10
7138.01;1;976;4
7138.16;29;157;7
7138.38;32;780;5
7138.58;21;648;0
7139.56;20;284;6
7144.27;9;165;11
7144.91;10;764;8
7146.48;8;879;1
7146.73;17;728;3
7147.45;0;679;10
7148.16;1;976;4
7148.38;29;157;7
7148.42;32;780;5
7148.62;12;932;0
7149.66;5;185;6
7154.14;9;165;11
7154.9;10;764;8
7156.74;17;728;3
7157.36;0;679;10
7158.19;1;976;4
7158.42;2;673;7
7158.47;37;289;5
7158.62;12;932;0
7159.66;5;185;6
7164.33;9;165;11
7164.91;10;764;8
7166.79;17;728;3
7167.54;14;328;10
7168.24;43;482;4
7168.49;2;673;7
7168.58;37;289;5
7168.63;12;932;0
7169.74;41;232;6
7174.39;9;165;11
7174.44;39;182;2
7174.92;10;764;8
7176.87;34;759;3
7177.58;14;328;10
7178.32;43;482;4
7178.45;2;673;7
7178.59;37;289;5
7178.64;30;674;0
7179.85;41;232;6
7183.97;7;1168;1
7184.41;9;165;11
7184.45;39;182;2
7184.94;10;764;8
7186.92;34;759;3
7187.92;14;328;10
7188.38;43;482;4
7188.38;2;673;7
7188.64;37;289;5
7188.73;30;674;0
7188.77;23;517;9
7189.89;41;232;6
7193.92;7;1168;1
7194.42;13;1184;11
7194.46;39;182;2
7194.98;26;855;8
7198.46;43;482;4
7198.46;2;673;7
7198.72;18;440;5
7199.93;41;232;6
7202.66;25;430;3
7204.01;7;1168;1
7204.46;13;1184;11
7204.51;31;753;2
7205.74;24;503;9
7208.47;2;673;7
7208.54;43;482;4
7208.77;18;440;5
7210.01;41;232;6
7212.72;25;430;3
7214.05;7;1168;1
7214.47;13;1184;11
7214.52;31;753;2
7215.61;24;503;9
7216.01;27;1104;0
7218.52;2;673;7
7218.56;43;482;4
7218.79;18;440;5
7220.22;41;232;6
7222.74;25;430;3
7223.87;19;854;1
7224.54;33;782;11
7224.59;31;753;2
7225.65;36;36;10
7226.05;27;1104;0
7228.56;2;673;7
7228.65;43;482;4
7228.83;22;231;5
7230.38;16;414;6
7232.91;25;430;3
7234.11;19;854;1
7234.59;31;753;2
7235.7;36;36;10
7236.47;27;1104;0
7238.63;43;482;4
7238.63;2;673;7
7238.98;22;231;5
7240.42;16;414;6
7243.13;25;430;3
7244.17;19;854;1
7244.59;31;753;2
7245.51;36;36;10
7246.45;27;1104;0
7248.57;43;482;4
7249.04;22;231;5
7250.47;16;414;6
7253.19;25;430;3
7254.24;19;854;1
7254.24;44;859;9
7254.5;31;753;2
7255.78;36;36;10
7256.36;27;1104;0
7258.6;43;482;4
7259.11;22;231;5
7260.67;16;414;6
7264.45;19;854;1
7264.45;44;859;9
7264.6;31;753;2
7266.02;36;36;10
7266.42;27;1104;0
7266.51;38;1105;7
7268.56;11;790;4
7269.11;22;231;5
7274.48;8;681;1
7274.48;44;859;9
7274.64;31;753;2
7276.06;36;36;10
7276.5;21;736;0
7276.55;38;1105;7
7278.7;11;790;4
7279.11;22;231;5
7282.2;6;236;11
7284.52;8;681;1
7284.52;3;628;9
7284.7;31;753;2
7286.13;36;36;10
7286.56;21;736;0
7286.61;38;1105;7
7286.99;35;650;8
7287.41;20;969;6
7288.57;11;790;4
7289.15;22;231;5
7292.29;6;236;11
7294.67;3;628;9
7294.71;40;960;1
7294.76;31;753;2
7296.2;36;36;10
7296.59;21;736;0
7296.64;38;1105;7
7297.05;35;650;8
7297.48;20;969;6
7298.78;11;790;4
7298.96;22;231;5
7302.33;6;236;11
7304.52;3;628;9
7304.76;40;960;1
7304.76;31;753;2
7306.14;36;36;10
7306.67;21;736;0
7307.14;35;650;8
7307.52;34;874;3
7307.66;20;969;6
7308.85;1;102;4
7309.19;37;1100;5
7312.42;6;236;11
7314.69;3;628;9
7314.78;28;292;2
7314.83;40;960;1
7316.21;15;603;10
7316.68;21;736;0
7317.57;34;874;3
7317.57;20;969;6
7318.91;1;102;4
7319.2;37;1100;5
7322.47;9;1016;11
7322.93;29;230;7
7324.74;3;628;9
7324.78;28;292;2
7324.83;40;960;1
7326.2;15;603;10
7326.72;21;736;0
7327.71;34;874;3
7329.17;1;102;4
7329.22;37;1100;5
7332.54;9;1016;11
7332.97;29;230;7
7334.78;28;292;2
7334.78;24;1031;9
7334.83;40;960;1
7336.26;15;603;10
7336.97;21;736;0
7337.75;42;766;3
7338.49;5;228;6
7339;1;102;4
7339.22;37;1100;5
7342.59;9;1016;11
7343.01;29;230;7
7344.73;28;292;2
7344.83;24;1031;9
7346.29;15;603;10
7346.97;12;856;0
7347.82;17;212;3
7348.43;5;228;6
7349.22;4;597;4
7349.26;37;1100;5
7352.59;9;1016;11
7353.17;29;230;7
7354.86;39;447;2
7354.86;24;1031;9
7356.33;15;603;10
7357.02;12;856;0
7357.67;17;212;3
7358.53;5;228;6
7359.25;4;597;4
7359.3;37;1100;5
7360.95;10;529;8
7362.39;9;1016;11
7363.21;29;230;7
7363.83;7;1033;1
7364.91;39;447;2
7364.91;23;1134;9
7366.3;15;603;10
7367.1;12;856;0
7367.83;17;212;3
7368.51;5;228;6
7369.34;4;597;4
7369.34;32;195;5
7372.68;33;831;11
7372.92;29;230;7
7373.88;7;1033;1
7374.93;39;447;2
7374.98;23;1134;9
7376.33;0;521;10
7377.18;12;856;0
7377.64;17;212;3
7378.55;5;228;6
7378.88;26;820;8
7379.38;4;597;4
7382.76;33;831;11
7383.88;7;1033;1
7385.01;23;1134;9
7386.38;0;521;10
7387.09;12;856;0
7387.91;17;212;3
7388.48;5;228;6
7388.85;26;820;8
7389.38;4;597;4
7389.89;2;270;7
7392.8;33;831;11
7393.93;7;1033;1
7395.02;23;1134;9
7396.33;14;691;10
7397.15;30;733;0
7397.69;17;212;3
7398.48;41;760;6
7398.95;26;820;8
7399.42;4;597;4
7399.98;2;270;7
7402.85;33;831;11
7403.77;7;1033;1
7404.94;23;1134;9
7406.19;31;853;2
7407.27;30;733;0
7407.7;17;212;3
7408.56;41;760;6
7409;26;820;8
7409.46;4;597;4
7410.02;2;270;7
7410.19;18;366;5
7412.94;33;831;11
7416.32;31;853;2
7417.89;17;212;3
7418.47;41;760;6
7419.13;26;820;8
7419.71;43;184;4
7420.02;2;270;7
7420.65;19;365;1
7423;33;831;11
7425.34;27;472;0
7426.35;31;853;2
7427.68;17;212;3
7428.63;44;69;9
7429.48;43;184;4
7430.11;2;270;7
7430.69;19;365;1
7433.06;13;875;11
7436.4;31;853;2
7437.96;25;728;3
7438.65;44;69;9
7439.67;43;184;4
7440.23;2;270;7
7440.39;19;365;1
7443.1;6;996;11
7444.64;16;855;6
7446.51;28;131;2
7448;25;728;3
7448.67;44;69;9
7449.14;36;909;10
7449.77;11;429;4
7450.35;38;441;7
7450.72;19;365;1
7451.75;22;743;5
7453.27;6;996;11
7454.73;16;855;6
7456.55;28;131;2
7458;25;728;3
7458.67;44;69;9
7459.2;36;909;10
7459.86;11;429;4
7460.36;38;441;7
7460.75;19;365;1
7461.73;22;743;5
7463.31;6;996;11
7464.76;16;855;6
7465.43;35;1036;8
7466.39;28;131;2
7468.04;25;728;3
7468.71;44;69;9
7469.06;36;909;10
7469.88;11;429;4
7470.43;38;441;7
7471.81;22;743;5
7473.29;6;996;11
7474.79;20;317;6
7475.34;8;928;1
7475.78;35;1036;8
7477.08;21;679;0
7478.02;25;728;3
7478.61;44;69;9
7479.91;11;429;4
7480.43;38;441;7
7481.85;22;743;5
7483;0;943;10
7483.28;6;996;11
7484.83;20;317;6
7485.26;8;928;1
7485.84;35;1036;8
7487.08;21;679;0
7488.17;25;728;3
7488.66;44;69;9
7489.93;11;429;4
7490.45;38;441;7
7491.8;22;743;5
7493.37;9;791;11
7494.89;20;317;6
7495.93;35;1036;8
7497.08;21;679;0
7498.15;25;728;3
7498.75;44;69;9
7499.98;1;0;4
7501.89;37;948;5
7503.41;9;791;11
7505.78;35;1036;8
7507.15;21;679;0
7508.36;34;517;3
7509.02;3;35;9
7509.91;1;0;4
7511.75;40;612;1
7511.94;37;948;5
7513.42;9;791;11
7515.31;15;1092;10
7515.95;10;1003;8
7517.19;21;679;0
7518.47;34;517;3
7519.05;3;35;9
7519.88;29;406;7
7520;1;0;4
7521.73;40;612;1
7521.8;37;948;5
7523.44;9;791;11
7525.36;15;1092;10
7526;26;73;8
7527.22;12;274;0
7528.47;34;517;3
7529.08;3;35;9
7529.93;29;406;7
7529.97;1;0;4
7531.8;37;948;5
7532.31;39;311;2
7533.5;9;791;11
7536.07;26;73;8
7537.17;12;274;0
7538.47;34;517;3
7539.1;24;780;9
7539.91;29;406;7
7540.02;1;0;4
7541.95;37;948;5
7542.38;39;311;2
7546.26;26;73;8
7547.11;12;274;0
7548.21;34;517;3
7548.87;24;780;9
7549.96;29;406;7
7550.06;1;0;4
7551.74;5;522;6
7552;37;948;5
7552.31;39;311;2
7556.28;26;73;8
7557.24;12;274;0
7558.48;34;517;3
7559.11;24;780;9
7559.82;14;613;10
7560.01;29;406;7
7560.01;6;820;11
7560.1;1;0;4
7561.78;5;522;6
7561.95;18;145;5
7562.42;39;311;2
7566.31;26;73;8
7567.18;12;274;0
7568.25;42;386;3
7568.83;8;986;1
7568.87;24;780;9
7569.49;14;613;10
7570.11;29;406;7
7570.23;1;0;4
7571.87;5;522;6
7571.91;18;145;5
7577.28;30;335;0
7578.49;42;386;3
7578.8;8;986;1
7579.12;24;780;9
7579.86;14;613;10
7580.25;1;0;4
7580.25;29;406;7
7581.87;5;522;6
7582.07;32;322;5
7585.79;13;615;11
7587.58;27;571;0
7588.55;42;386;3
7588.83;7;889;1
7589.88;14;613;10
7590.33;4;76;4
7590.33;2;448;7
7591.88;5;522;6
7592.11;32;322;5
7593.3;23;502;9
7594.21;31;246;2
7595.54;10;419;8
7595.89;13;615;11
7598.59;42;386;3
7598.89;7;889;1
7599.97;14;613;10
7600.41;4;76;4
7600.41;2;448;7
7601.85;5;522;6
7602.14;32;322;5
7603.43;23;502;9
7604.15;31;246;2
7608.65;42;386;3
7608.93;7;889;1
7610.02;14;613;10
7610.34;2;448;7
7610.46;4;76;4
7610.92;33;1150;11
7611.74;41;529;6
7612.19;32;322;5
7613.46;23;502;9
7618.45;42;386;3
7618.94;7;889;1
7620.04;14;613;10
7620.44;2;448;7
7620.62;4;76;4
7620.94;33;1150;11
7621.91;41;529;6
7622.58;32;322;5
7625.57;3;184;9
7628.69;42;386;3
7629.01;7;889;1
7630.42;36;758;10
7630.47;2;448;7
7630.66;4;76;4
7631.01;33;1150;11
7631.93;41;529;6
7632.56;32;322;5
7635.62;3;184;9
7638.78;17;632;3
7639.12;19;561;1
7640.49;36;758;10
7640.64;4;76;4
7641.11;33;1150;11
7642;41;529;6
7642.62;32;322;5
7645.66;3;184;9
7648.8;17;632;3
7648.89;38;490;7
7648.97;19;561;1
7650.26;36;758;10
7650.66;43;924;4
7651.18;33;1150;11
7652.02;41;529;6
7653.62;28;633;2
7658.88;17;632;3
7658.88;38;490;7
7659.17;19;561;1
7660.5;36;758;10
7660.71;43;924;4
7662.06;20;1153;6
7663.42;35;324;8
7663.55;22;929;5
7663.66;28;633;2
7665.98;21;366;0
7668.96;17;632;3
7668.96;38;490;7
7669.3;19;561;1
7670.56;0;349;10
7670.79;43;924;4
7672.1;20;1153;6
7673.54;22;929;5
7673.54;35;324;8
7673.64;28;633;2
7675.97;9;343;11
7676.02;21;366;0
7678.99;17;632;3
7679.04;38;490;7
7679.32;19;561;1
7680.61;44;855;9
7680.61;0;349;10
7682.17;16;396;6
7683.58;22;929;5
7683.63;35;324;8
7683.67;28;633;2
7686.02;9;343;11
7686.06;21;366;0
7688.93;17;632;3
7689.04;38;490;7
7689.36;19;561;1
7690.66;44;855;9
7691.78;1;950;4
7692.17;16;396;6
7693.61;22;929;5
7693.74;28;633;2
7695.97;9;343;11
7696.06;21;366;0
7698.91;17;632;3
7699.04;38;490;7
7699.43;40;883;1
7701.78;1;950;4
7702.23;16;396;6
7703.66;22;929;5
7703.79;39;470;2
7705.9;9;343;11
7706.11;21;366;0
7709.02;25;287;3
7709.06;38;490;7
7709.49;40;883;1
7711.2;10;830;8
7711.82;1;950;4
7712.28;16;396;6
7713.7;22;929;5
7715.9;6;792;11
7716.15;21;366;0
7719.06;34;488;3
7719.51;40;883;1
7721.13;15;722;10
7721.27;10;830;8
7721.87;1;950;4
7722.47;16;396;6
7723.8;37;1162;5
7726.06;6;792;11
7726.51;21;366;0
7729.09;34;488;3
7729.55;8;1174;1
7731.18;15;722;10
7731.41;10;830;8
7731.87;11;251;4
7732.46;16;396;6
7736.31;6;792;11
7736.84;21;366;0
7738.89;2;983;7
7739.07;34;488;3
7739.45;8;1174;1
7741.23;15;722;10
7741.73;11;251;4
7742.53;16;396;6
7746.39;6;792;11
7746.89;21;366;0
7747.06;18;776;5
7748.23;35;1080;8
7749.06;42;346;3
7749.06;2;983;7
7749.57;8;1174;1
7751.19;15;722;10
7751.93;11;251;4
7754.76;23;960;9
7756.42;6;792;11
7756.95;12;98;0
7757.13;18;776;5
7757.93;31;1087;2
7758.34;35;1080;8
7759.06;42;346;3
7759.06;2;983;7
7759.6;8;1174;1
7761.97;11;251;4
7763.89;5;91;6
7764.56;14;141;10
7764.8;23;960;9
7766.29;6;792;11
7766.94;12;98;0
7767.04;18;776;5
7768.31;31;1087;2
7768.36;35;1080;8
7769.12;2;983;7
7769.16;42;346;3
7769.66;8;1174;1
7771.97;11;251;4
7773.99;5;91;6
7774.62;14;141;10
7774.84;23;960;9
7776.45;33;1077;11
7776.86;12;98;0
7777.14;18;776;5
7778.33;31;1087;2
7778.42;26;898;8
7779.02;2;983;7
7779.44;42;346;3
7779.72;8;1174;1
7781.99;11;251;4
7784.09;5;91;6
7784.53;14;141;10
7784.83;23;960;9
7786.51;33;1077;11
7786.99;12;98;0
7787.14;18;776;5
7788.38;31;1087;2
7788.51;26;898;8
7789.09;2;983;7
7789.49;42;346;3
7789.53;7;23;1
7792.05;43;933;4
7794.06;5;91;6
7794.58;14;141;10
7794.88;23;960;9
7796.73;33;1077;11
7797.04;30;519;0
7797.18;18;776;5
7798.31;31;1087;2
7798.42;26;898;8
7799.06;2;983;7
7799.21;42;346;3
7799.76;7;23;1
7802.13;43;933;4
7803.84;5;91;6
7804.94;23;960;9
7806.84;33;1077;11
7807.14;30;519;0
7807.27;32;419;5
7808.42;39;13;2
7808.42;26;898;8
7809.08;29;176;7
7809.53;7;23;1
7812.14;43;933;4
7814.99;23;960;9
7817.08;33;1077;11
7817.18;30;519;0
7817.33;32;419;5
7818.36;25;981;3
7818.45;39;13;2
7818.45;26;898;8
7819.16;29;176;7
7819.75;7;23;1
7822.21;4;1119;4
7825;23;960;9
7827.05;33;1077;11
7827.33;30;519;0
7827.49;32;419;5
7828.3;25;981;3
7828.4;39;13;2
7828.55;26;898;8
7829.78;7;23;1
7830.14;36;644;10
7832.35;4;1119;4
7835.05;23;960;9
7837.06;13;543;11
7837.5;32;419;5
7838.55;39;13;2
7838.55;26;898;8
7839.72;7;23;1
7840.21;27;502;0
7840.21;41;620;6
7840.21;36;644;10
7842.4;4;1119;4
7845.07;24;195;9
7847.12;13;543;11
7848.4;39;13;2
7848.4;26;898;8
7850.23;41;620;6
7850.27;27;502;0
7850.27;36;644;10
7852.58;4;1119;4
7852.68;34;1149;3
7855.15;24;195;9
7857.02;13;543;11
7858.64;39;13;2
7858.64;26;898;8
7859.54;19;1066;1
7860.21;41;620;6
7860.64;27;502;0
7860.64;36;644;10
7862.74;34;1149;3
7865.24;3;673;9
7866.92;13;543;11
7868.55;39;13;2
7868.69;26;898;8
7870.21;20;1144;6
7870.7;27;502;0
7870.7;36;644;10
7872.76;34;1149;3
7875.27;3;673;9
7877.1;13;543;11
7878.52;39;13;2
7878.69;26;898;8
7880.26;20;1144;6
7880.56;22;348;5
7880.73;27;502;0
7880.73;0;282;10
7882.49;34;1149;3
7884.41;1;1072;4
7885.34;3;673;9
7887.11;9;84;11
7888.68;39;13;2
7888.77;26;898;8
7890.21;20;1144;6
7890.52;40;1125;1
7890.57;22;348;5
7890.66;27;502;0
7892.8;34;1149;3
7894.47;1;1072;4
7895.39;3;673;9
7895.62;38;303;7
7897.15;9;84;11
7898.71;28;637;2
7898.76;26;898;8
7900.23;20;1144;6
7900.53;40;1125;1
7900.62;27;502;0
7900.62;22;348;5
7902.36;15;386;10
7902.76;34;1149;3
7904.33;1;1072;4
7905.54;3;673;9
7905.67;38;303;7
7907.16;9;84;11
7908.76;28;637;2
7908.85;10;1062;8
7910.25;20;1144;6
7910.51;40;1125;1
7910.62;21;785;0
7910.62;22;348;5
7912.43;15;386;10
7912.83;34;1149;3
7914.6;1;1072;4
7915.56;3;673;9
7915.81;38;303;7
7917.21;9;84;11
7918.78;28;637;2
7918.87;10;1062;8
7920.52;40;1125;1
7920.73;22;348;5
7920.78;21;785;0
7922.48;15;386;10
7922.86;17;847;3
7924.89;1;1072;4
7925.61;44;592;9
7927.43;9;84;11
7928.88;10;1062;8
7929.78;16;87;6
7930.52;40;1125;1
7930.78;37;992;5
7930.93;21;785;0
7932.55;15;386;10
7932.93;17;847;3
7935;43;378;4
7935.69;44;592;9
7938.92;10;1062;8
7939.9;16;87;6
7940.54;40;1125;1
7940.93;37;992;5
7940.97;21;785;0
7942.06;6;1180;11
7942.57;15;386;10
7942.94;17;847;3
7945.86;44;592;9
7948.93;10;1062;8
7949.98;16;87;6
7950.39;40;1125;1
7950.93;37;992;5
7951.02;21;785;0
7952.1;6;1180;11
7952.57;15;386;10
7953.01;42;335;3
7954.49;11;1185;4
7955.94;44;592;9
7958.64;2;999;7
7958.98;35;780;8
7960.15;16;87;6
7960.55;8;698;1
7960.97;37;992;5
7961.06;21;785;0
7962.04;31;248;2
7962.48;6;1180;11
7963.18;42;335;3
7964.57;11;1185;4
7965.95;44;592;9
7968.68;2;999;7
7969.04;35;780;8
7970.16;16;87;6
7970.4;8;698;1
7971.04;18;1134;5
7971.13;21;785;0
7971.4;14;869;10
7972.26;31;248;2
7972.4;6;1180;11
7974.65;11;1185;4
7975.98;44;592;9
7978.7;2;999;7
7979.16;35;780;8
7980.16;16;87;6
7980.61;25;1083;3
7980.92;7;1148;1
7981.08;18;1134;5
7981.25;21;785;0
7981.3;14;869;10
7982.3;31;248;2
7982.61;6;1180;11
7984.7;11;1185;4
7986.06;23;463;9
7988.76;29;931;7
7989.3;35;780;8
7990.1;41;1023;6
7990.74;25;1083;3
7991.01;7;1148;1
7991.14;18;1134;5
7991.25;21;785;0
7991.45;14;869;10
7992.22;31;248;2
7992.39;6;1180;11
7994.77;11;1185;4
7995.98;23;463;9
7999.1;29;931;7
7999.34;35;780;8
8000.18;41;1023;6
8000.85;25;1083;3
8001.05;7;1148;1
8001.21;21;785;0
8001.62;14;869;10
8002.34;39;270;2
8002.74;13;1003;11
8004.76;11;1185;4
8006.12;23;463;9
8010.24;41;1023;6
8010.85;25;1083;3
8011.08;7;1148;1
8011.26;30;733;0
8011.65;14;869;10
8012.81;33;309;11
8014.81;11;1185;4
8016.17;23;463;9
8020.23;41;1023;6
8020.9;25;1083;3
8021.06;7;1148;1
8021.26;12;668;0
8021.69;14;869;10
8022.86;33;309;11
8023.58;32;72;5
8024.84;11;1185;4
8025.95;23;463;9
8030.08;5;1136;6
8031.06;19;626;1
8031.28;12;668;0
8031.73;14;869;10
8032.91;33;309;11
8033.64;32;72;5
8034.9;4;561;4
8036.15;23;463;9
8040.12;5;1136;6
8040.94;19;626;1
8041.35;12;668;0
8041.77;14;869;10
8042.51;28;825;2
8042.9;33;309;11
8043.57;32;72;5
8044.99;4;561;4
8046.21;23;463;9
8051.12;19;626;1
8051.42;12;668;0
8051.81;0;317;10
8052.53;28;825;2
8052.93;33;309;11
8053.57;32;72;5
8055;4;561;4
8056.23;24;659;9
8061.46;12;668;0
8061.86;0;317;10
8063.64;32;72;5
8065.09;43;220;4
8066.27;24;659;9
8067.36;34;460;3
8071.52;12;668;0
8071.72;0;317;10
8072.55;10;1102;8
8073.69;32;72;5
8075.38;43;220;4
8076.35;24;659;9
8077.39;34;460;3
8079.97;2;24;7
8081.52;12;668;0
8081.9;0;317;10
8082.52;10;1102;8
8083.85;32;72;5
8085.2;20;1130;6
8085.42;43;220;4
8086.4;24;659;9
8087.41;34;460;3
8089.93;2;24;7
8091.62;12;668;0
8091.97;36;404;10
8092.59;10;1102;8
8094.01;32;72;5
8095.36;43;220;4
8095.36;20;1130;6
8096.46;3;313;9
8097.24;34;460;3
8100.04;38;137;7
8101.65;12;668;0
8101.95;36;404;10
8102.64;10;1102;8
8103.92;32;72;5
8105.59;43;220;4
8106.44;3;313;9
8106.74;9;1197;11
8107.43;34;460;3
8109.86;38;137;7
8111.65;12;668;0
8112.02;36;404;10
8112.64;10;1102;8
8114.05;37;1065;5
8115.63;43;220;4
8115.99;16;1009;6
8116.5;3;313;9
8116.79;9;1197;11
8117.44;34;460;3
8120.15;38;137;7
8120.82;8;3;1
8121.68;12;668;0
8121.99;36;404;10
8122.65;10;1102;8
8124;37;1065;5
8125.38;43;220;4
8125.95;16;1009;6
8126.53;3;313;9
8126.87;9;1197;11
8127.45;34;460;3
8128.46;31;1177;2
8130.19;38;137;7
8130.86;8;3;1
8131.71;12;668;0
8131.92;36;404;10
8132.7;10;1102;8
8134.13;22;273;5
8135.62;43;220;4
8135.68;16;1009;6
8136.21;3;313;9
8137.06;9;1197;11
8137.5;34;460;3
8138.45;31;1177;2
8140.38;38;137;7
8141.02;8;3;1
8141.69;27;303;0
8141.76;36;404;10
8143.11;10;1102;8
8144.2;22;273;5
8145.68;1;406;4
8146.54;23;862;9
8147.11;9;1197;11
8147.29;34;460;3
8148.24;31;1177;2
8150.44;38;137;7
8151.06;8;3;1
8151.55;27;303;0
8152.06;36;404;10
8152.89;10;1102;8
8154.24;22;273;5
8155.83;1;406;4
8156.2;23;862;9
8157.17;9;1197;11
8157.5;34;460;3
8160.49;38;137;7
8161.09;40;225;1
8161.71;27;303;0
8162.09;36;404;10
8163.18;26;59;8
8164.28;22;273;5
8165.95;1;406;4
8166.61;44;1077;9
8167.18;9;1197;11
8167.52;17;983;3
8167.56;39;555;2
8167.98;41;842;6
8170.52;38;137;7
8171.14;7;995;1
8171.72;30;270;0
8172.13;36;404;10
8173.32;26;59;8
8174.22;22;273;5
8175.76;1;406;4
8176.81;44;1077;9
8177.25;9;1197;11
8177.46;17;983;3
8177.56;39;555;2
8178.07;41;842;6
8180.46;38;137;7
8181.15;7;995;1
8181.68;30;270;0
8181.94;36;404;10
8183.35;26;59;8
8184.28;22;273;5
8185.89;1;406;4
8186.8;44;1077;9
8187.34;9;1197;11
8187.58;17;983;3
8188.09;41;842;6
8190.56;38;137;7
8191.15;7;995;1
8191.76;30;270;0
8192.11;36;404;10
8193.5;35;961;8
8194.32;22;273;5
8195.96;1;406;4
8196.85;44;1077;9
8197.66;42;222;3
8197.8;13;960;11
8198.14;41;842;6
8200.62;38;137;7
8201.18;7;995;1
8201.81;30;270;0
8202.17;15;1123;10
8203.59;35;961;8
8206.01;11;1108;4
8206.82;44;1077;9
8207.76;42;222;3
8207.92;13;960;11
8208.17;41;842;6
8210.29;18;1071;5
8210.59;38;137;7
8211.21;7;995;1
8211.84;21;20;0
8212.21;15;1123;10
8213.63;35;961;8
8216.23;11;1108;4
8216.88;44;1077;9
8217.81;42;222;3
8217.92;13;960;11
8218.11;41;842;6
8220.33;18;1071;5
8220.67;38;137;7
8221.24;7;995;1
8221.85;21;20;0
8221.94;15;1123;10
8223.67;35;961;8
8226.13;11;1108;4
8226.9;44;1077;9
8227.34;28;780;2
8227.88;42;222;3
8228;13;960;11
8228.18;41;842;6
8230.27;18;1071;5
8230.62;29;1043;7
8231.3;19;81;1
8231.88;21;20;0
8232.29;14;156;10
8233.69;35;961;8
8236.01;11;1108;4
8236.96;44;1077;9
8237.51;28;780;2
8237.65;42;222;3
8238.05;13;960;11
8238.14;5;622;6
8240.32;18;1071;5
8240.76;29;1043;7
8241.47;19;81;1
8242.42;14;156;10
8243.51;35;961;8
8245.75;12;918;0
8246.04;11;1108;4
8247;24;455;9
8247.56;28;780;2
8247.89;42;222;3
8248.13;5;622;6
8248.13;13;960;11
8250.37;18;1071;5
8250.9;29;1043;7
8251.5;19;81;1
8252.39;14;156;10
8255.79;12;918;0
8256.3;11;1108;4
8257.09;24;455;9
8257.55;28;780;2
8257.93;25;796;3
8258.08;13;960;11
8260.46;18;1071;5
8260.92;29;1043;7
8262.46;14;156;10
8265.83;12;918;0
8266.76;11;1108;4
8267.46;24;455;9
8267.6;39;100;2
8267.9;16;1173;6
8267.95;25;796;3
8268.23;6;0;11
8270.52;18;1071;5
8270.95;2;1155;7
8272.52;14;156;10
8275.74;12;918;0
8276.69;11;1108;4
8277.5;24;455;9
8277.96;25;796;3
8277.96;16;1173;6
8278.3;6;0;11
8280.56;18;1071;5
8280.98;2;1155;7
8282.9;14;156;10
8286.72;11;1108;4
8287.54;24;455;9
8288.05;16;1173;6
8288.05;6;0;11
8290.25;31;785;2
8290.59;18;1071;5
8290.99;2;1155;7
8292.8;14;156;10
8296.86;4;1121;4
8297.44;24;455;9
8297.96;16;1173;6
8298.35;6;0;11
8300.36;31;785;2
8300.59;18;1071;5
8300.91;2;1155;7
8302.76;14;156;10
8305.8;10;39;8
8307;4;1121;4
8307.59;3;813;9
8307.68;40;848;1
8308.13;16;1173;6
8308.52;6;0;11
8310.04;27;627;0
8310.41;31;785;2
8310.46;18;1071;5
8310.97;2;1155;7
8312.72;14;156;10
8314.5;17;153;3
8315.75;10;39;8
8317.03;4;1121;4
8317.55;3;813;9
8317.84;40;848;1
8318.22;16;1173;6
8318.57;6;0;11
8320.09;27;627;0
8320.46;31;785;2
8320.51;18;1071;5
8321.02;2;1155;7
8322.88;0;148;10
8324.48;17;153;3
8325.82;10;39;8
8327.05;4;1121;4
8327.64;3;813;9
8327.94;8;632;1
8328.35;20;648;6
8328.5;33;507;11
8330.14;27;627;0
8330.63;32;306;5
8332.94;0;148;10
8334.52;17;153;3
8337.09;4;1121;4
8337.58;3;813;9
8337.98;8;632;1
8338.4;20;648;6
8338.84;33;507;11
8340.18;27;627;0
8340.65;32;306;5
8342.95;0;148;10
8344.54;17;153;3
8347.29;43;743;4
8347.63;3;813;9
8348.03;8;632;1
8348.52;20;648;6
8348.89;9;288;11
8350.21;27;627;0
8350.65;32;306;5
8352.67;0;148;10
8354.58;17;153;3
8356.61;26;793;8
8357.31;43;743;4
8357.65;23;82;9
8358.67;20;648;6
8358.99;9;288;11
8360.25;27;627;0
8360.53;32;306;5
8362.76;0;148;10
8364.6;34;974;3
8367.38;43;743;4
8367.73;23;82;9
8368.31;20;648;6
8369;9;288;11
8370.34;27;627;0
8370.68;37;129;5
8371.47;19;102;1
8373.04;0;148;10
8374.67;34;974;3
8377.21;43;743;4
8377.76;23;82;9
8378.71;5;473;6
8378.76;9;288;11
8380.36;27;627;0
8380.42;38;1042;7
8380.71;37;129;5
8383.07;0;148;10
8384.58;34;974;3
8386.37;7;437;1
8387.38;43;743;4
8387.76;23;82;9
8388.12;39;335;2
8388.76;5;473;6
8389.05;9;288;11
8390.38;27;627;0
8390.43;38;1042;7
8390.47;37;129;5
8392.94;0;148;10
8394.72;34;974;3
8396.42;7;437;1
8397.38;43;743;4
8397.73;44;7;9
8399.01;9;288;11
8400.41;30;149;0
8400.49;38;1042;7
8400.78;37;129;5
8402.32;35;878;8
8403.12;36;112;10
8404.82;34;974;3
8404.86;41;1193;6
8406.41;7;437;1
8407.36;43;743;4
8407.75;44;7;9
8409.05;9;288;11
8410.47;30;149;0
8410.47;38;1042;7
8410.85;22;414;5
8412.37;35;878;8
8413.18;36;112;10
8413.59;28;1030;2
8416.35;7;437;1
8417.43;1;757;4
8419.12;9;288;11
8420.52;30;149;0
8420.56;29;345;7
8420.76;22;414;5
8422.42;35;878;8
8423.32;15;78;10
8423.83;28;1030;2
8424.78;42;625;3
8427.46;1;757;4
8430.54;30;149;0
8430.58;29;345;7
8431.84;13;696;11
8432.46;35;878;8
8433.8;28;1030;2
8435.04;42;625;3
8437.54;1;757;4
8440.57;30;149;0
8440.66;29;345;7
8441.91;13;696;11
8442.49;35;878;8
8445.35;31;889;2
8447.62;1;757;4
8450.48;21;764;0
8450.71;29;345;7
8451.86;13;696;11
8455.37;31;889;2
8457.66;1;757;4
8459.77;16;747;6
8461.94;13;696;11
8465.43;31;889;2
8465.68;2;95;7
8467.78;1;757;4
8469.33;25;717;3
8469.84;16;747;6
8470.16;24;1036;9
8471.44;14;1053;10
8471.74;12;35;0
8471.97;13;696;11
8472.87;18;780;5
8475.46;31;889;2
8475.6;2;95;7
8477.82;11;273;4
8479.4;25;717;3
8479.78;16;747;6
8480;24;1036;9
8481.48;14;1053;10
8481.8;12;35;0
8482.93;18;780;5
8483.55;6;827;11
8485.72;2;95;7
8489.43;25;717;3
8489.55;16;747;6
8490.19;24;1036;9
8491.58;14;1053;10
8491.82;12;35;0
8492.99;18;780;5
8493.75;6;827;11
8495.76;2;95;7
8499.51;25;717;3
8500.28;24;1036;9
8500.5;4;1154;4
8501.61;14;1053;10
8503.74;6;827;11
8505.77;2;95;7
8509.35;40;236;1
8509.7;25;717;3
8510.63;4;1154;4
8511.62;14;1053;10
8511.82;44;678;9
8515.06;20;650;6
8515.72;2;95;7
8517.91;33;237;11
8518.84;10;556;8
8519.39;40;236;1
8519.75;17;533;3
8520.79;4;1154;4
8521.66;14;1053;10
8521.86;44;678;9
8525.09;20;650;6
8527.96;33;237;11
8528.72;27;289;0
8528.96;10;556;8
8529.32;40;236;1
8529.79;17;533;3
8530.94;4;1154;4
8531.67;14;1053;10
8531.91;44;678;9
8535.03;20;650;6
8536.72;37;166;5
8538;33;237;11
8538.81;27;289;0
8539;10;556;8
8539.47;19;1012;1
8540.17;17;533;3
8540.76;39;736;2
8540.85;4;1154;4
8541.76;14;1053;10
8542.02;44;678;9
8545.1;20;650;6
8548.08;33;237;11
8548.84;27;289;0
8549.04;10;556;8
8549.54;19;1012;1
8550.2;17;533;3
8550.81;39;736;2
8550.85;4;1154;4
8551.75;14;1053;10
8551.93;44;678;9
8555.08;5;57;6
8556.65;32;1003;5
8558.11;9;615;11
8559.07;10;556;8
8559.58;8;716;1
8560.24;17;533;3
8560.82;39;736;2
8560.96;43;571;4
8561.7;14;1053;10
8562.06;3;540;9
8565.18;5;57;6
8566.86;12;553;0
8568.17;9;615;11
8569.04;26;632;8
8569.66;8;716;1
8571;43;571;4
8571.55;14;1053;10
8572.08;3;540;9
8575.05;42;195;3
8575.22;5;57;6
8578.22;9;615;11
8578.86;26;632;8
8579.67;8;716;1
8581.05;43;571;4
8581.83;0;648;10
8582.13;3;540;9
8582.99;22;1111;5
8585.04;42;195;3
8585.22;5;57;6
8588.26;9;615;11
8588.84;35;911;8
8589.53;8;716;1
8591.1;43;571;4
8591.72;0;648;10
8592.15;3;540;9
8593.06;22;1111;5
8594.02;28;221;2
8595.11;42;195;3
8595.29;5;57;6
8598.29;9;615;11
8598.87;29;53;7
8598.92;35;911;8
8599.69;8;716;1
8601.26;43;571;4
8601.91;15;129;10
8602.2;3;540;9
8603.04;22;1111;5
8604.07;28;221;2
8604.99;42;195;3
8605.31;5;57;6
8605.52;21;211;0
8608.38;13;982;11
8609.15;35;911;8
8611.2;43;571;4
8611.89;7;472;1
8611.97;15;129;10
8612.28;23;402;9
8613.11;22;1111;5
8614.06;28;221;2
8615.16;42;195;3
8615.36;41;372;6
8615.49;21;211;0
8618.44;13;982;11
8619.19;35;911;8
8621.23;43;571;4
8621.93;7;472;1
8622.46;23;402;9
8623.17;22;1111;5
8623.6;2;878;7
8624.08;28;221;2
8625.2;34;337;3
8625.44;21;211;0
8625.44;41;372;6
8628.45;13;982;11
8629.19;35;911;8
8631.28;43;571;4
8631.95;40;441;1
8632.66;23;402;9
8633.22;22;1111;5
8633.7;2;878;7
8634.09;28;221;2
8635.21;34;337;3
8635.53;41;372;6
8635.57;21;211;0
8638.5;13;982;11
8639.56;36;97;10
8642.03;40;441;1
8642.89;23;402;9
8643.19;22;1111;5
8643.93;2;878;7
8644.14;28;221;2
8645.26;34;337;3
8645.61;21;211;0
8648.56;1;542;4
8649.38;36;97;10
8652.08;40;441;1
8652.94;23;402;9
8653.29;20;381;6
8654;38;35;7
8654.11;28;221;2
8655.52;34;337;3
8655.61;30;321;0
8658.65;1;542;4
8659.1;18;659;5
8659.6;36;97;10
8662.22;40;441;1
8662.89;23;402;9
8663.3;20;381;6
8663.92;38;35;7
8664.07;28;221;2
8665.54;34;337;3
8665.72;30;321;0
8668.67;1;542;4
8669.11;18;659;5
8669.64;36;97;10
8672.24;40;441;1
8673.02;24;579;9
8673.14;20;381;6
8674.07;38;35;7
8674.15;31;796;2
8675.59;30;321;0
8675.59;34;337;3
8676.82;33;667;11
8678.56;1;542;4
8679.24;18;659;5
8679.82;36;97;10
8683.13;24;579;9
8683.26;20;381;6
8684.03;38;35;7
8684.11;31;796;2
8685.63;19;78;1
8685.79;30;321;0
8685.79;34;337;3
8686.84;33;667;11
8688.69;1;542;4
8689.35;37;1083;5
8689.86;36;97;10
8691.14;10;440;8
8693.14;24;579;9
8693.31;20;381;6
8694.2;31;796;2
8695.68;19;78;1
8695.77;12;677;0
8695.77;34;337;3
8696.53;33;667;11
8698.72;1;542;4
8699.89;14;580;10
8703.22;24;579;9
8703.37;16;307;6
8704.32;39;817;2
8705.52;19;78;1
8705.72;34;337;3
8705.84;27;1074;0
8706.73;33;667;11
8708.77;1;542;4
8709.97;14;580;10
8713.28;44;765;9
8713.43;16;307;6
8714.39;39;817;2
8715.69;19;78;1
8715.73;34;337;3
8715.94;27;1074;0
8716.9;9;87;11
8718.75;11;874;4
8720.03;14;580;10
8723.2;44;765;9
8723.68;16;307;6
8724.45;39;817;2
8725.85;25;1113;3
8725.98;27;1074;0
8726.89;9;87;11
8728.84;11;874;4
8730.03;14;580;10
8732.26;29;574;7
8733.34;44;765;9
8733.87;16;307;6
8734.54;39;817;2
8735.93;25;1113;3
8736.02;27;1074;0
8736.99;9;87;11
8738.91;11;874;4
8740.07;14;580;10
8741.09;26;890;8
8742.32;29;574;7
8743.33;44;765;9
8743.91;16;307;6
8745.37;22;473;5
8746;25;1113;3
8746.04;27;1074;0
8746.09;7;1023;1
8747.24;9;87;11
8748.88;11;874;4
8750.12;14;580;10
8751.23;26;890;8
8752.38;29;574;7
8753.36;44;765;9
8753.94;16;307;6
8755.41;22;473;5
8755.87;25;1113;3
8756.04;27;1074;0
8756.13;7;1023;1
8757.32;9;87;11
8758.74;11;874;4
8761.63;26;890;8
8762.41;29;574;7
8763.28;44;765;9
8763.97;16;307;6
8765.31;22;473;5
8765.91;25;1113;3
8766.37;8;990;1
8766.6;0;331;10
8767.38;9;87;11
8768.91;11;874;4
8771;21;358;0
8771.67;26;890;8
8773.44;3;880;9
8774;16;307;6
8775.43;22;473;5
8776.01;17;734;3
8776.43;8;990;1
8776.84;0;331;10
8777.48;9;87;11
8778.82;11;874;4
8781.03;21;358;0
8781.72;26;890;8
8783.3;3;880;9
8785.33;22;473;5
8786.06;42;289;3
8786.8;0;331;10
8787.52;6;856;11
8788.71;40;1033;1
8788.98;4;282;4
8791.05;21;358;0
8791.05;2;870;7
8791.8;26;890;8
8793.01;5;749;6
8793.53;3;880;9
8795.32;22;473;5
8796.13;42;289;3
8796.8;0;331;10
8797.58;6;856;11
8798.77;40;1033;1
8799;28;730;2
8799.09;4;282;4
8800.97;21;358;0
8800.97;2;870;7
8801.98;26;890;8
8802.87;5;749;6
8803.79;3;880;9
8805.49;32;995;5
8806.16;42;289;3
8806.96;0;331;10
8807.63;6;856;11
8809.05;28;730;2
8809.14;4;282;4
8811.09;2;870;7
8812.03;35;708;8
8813.14;5;749;6
8813.85;3;880;9
8815.65;32;995;5
8816.18;42;289;3
8817.28;15;322;10
8817.68;6;856;11
8819.1;4;282;4
8821.03;2;870;7
8822.09;35;708;8
8822.81;5;749;6
8823.85;3;880;9
8825.69;32;995;5
8826.24;42;289;3
8827.35;15;322;10
8827.77;6;856;11
8829.11;4;282;4
8831.14;2;870;7
8831.4;39;933;2
8832.15;35;708;8
8833.17;5;749;6
8833.88;3;880;9
8833.93;19;585;1
8835.57;32;995;5
8836.26;42;289;3
8837.35;15;322;10
8837.86;6;856;11
8839;4;282;4
8841.51;39;933;2
8842.18;35;708;8
8843.24;20;212;6
8844.11;19;585;1
8845.76;32;995;5
8847.23;23;648;9
8847.27;15;322;10
8847.95;6;856;11
8848.8;4;282;4
8850.06;38;863;7
8851.63;39;933;2
8852.18;35;708;8
8853.29;20;212;6
8854.05;19;585;1
8855.67;32;995;5
8855.93;34;834;3
8857.27;23;648;9
8857.38;36;1184;10
8859.18;43;261;4
8860.09;38;863;7
8861.61;31;632;2
8863.33;20;212;6
8864.09;19;585;1
8865.77;32;995;5
8867.32;23;648;9
8867.45;36;1184;10
8869.23;43;261;4
8870.23;38;863;7
8871.67;31;632;2
8873.4;20;212;6
8873.99;30;675;0
8874.04;19;585;1
8875.81;32;995;5
8875.98;13;1026;11
8877.39;23;648;9
8877.48;36;1184;10
8880.27;38;863;7
8881.55;31;632;2
8883.41;41;449;6
8884.08;19;585;1
8884.99;25;891;3
8885.85;37;224;5
8886.3;13;1026;11
8887.34;1;327;4
8887.49;36;1184;10
8888.04;24;920;9
8890.31;38;863;7
8891.73;31;632;2
8893.45;41;449;6
8894.05;19;585;1
8894.61;12;518;0
8895.05;25;891;3
8895.66;10;550;8
8895.94;37;224;5
8896.41;13;1026;11
8897.43;1;327;4
8897.53;36;1184;10
8898.12;24;920;9
8900.26;38;863;7
8904.18;19;585;1
8904.94;12;518;0
8905.31;25;891;3
8905.72;10;550;8
8906.02;37;224;5
8906.33;13;1026;11
8906.45;28;58;2
8907.48;1;327;4
8908.25;24;920;9
8910.12;38;863;7
8914.23;7;796;1
8914.96;27;777;0
8915.34;17;1077;3
8915.81;10;550;8
8916.04;14;458;10
8916.1;37;224;5
8916.47;13;1026;11
8916.76;28;58;2
8917.38;1;327;4
8920.35;38;863;7
8922.42;16;85;6
8924.34;7;796;1
8925.38;17;1077;3
8925.69;10;550;8
8926.11;14;458;10
8926.16;18;818;5
8926.5;13;1026;11
8926.83;28;58;2
8927.56;11;269;4
8930.39;38;863;7
8932.48;16;85;6
8934.42;7;796;1
8935.44;17;1077;3
8935.64;44;346;9
8935.71;10;550;8
8936.11;14;458;10
8936.16;18;818;5
8936.2;13;1026;11
8936.96;28;58;2
8937.51;11;269;4
8940.47;38;863;7
8942.55;16;85;6
8945.5;17;1077;3
8945.71;44;346;9
8945.84;10;550;8
8946.06;14;458;10
8946.16;18;818;5
8946.51;13;1026;11
8946.79;28;58;2
8947.6;11;269;4
8949.33;8;1070;1
8950.6;29;15;7
8952.59;16;85;6
8955.58;17;1077;3
8955.72;44;346;9
8955.9;26;986;8
8956.12;14;458;10
8956.21;18;818;5
8956.52;13;1026;11
8956.98;28;58;2
8957.59;11;269;4
8959.38;8;1070;1
8960.42;21;589;0
8960.65;29;15;7
8965.65;34;925;3
8965.79;44;346;9
8965.94;26;986;8
8966.56;13;1026;11
8966.88;28;58;2
8967.62;11;269;4
8968.13;5;1095;6
8969.3;8;1070;1
8970.39;21;589;0
8970.65;29;15;7
8970.83;0;1134;10
8975.42;34;925;3
8975.83;44;346;9
8976.06;26;986;8
8976.42;22;1100;5
8976.76;13;1026;11
8976.98;28;58;2
8977.66;11;269;4
8978.19;5;1095;6
8980.43;21;589;0
8980.74;0;1134;10
8981.01;40;21;1
8985.67;34;925;3
8985.8;44;346;9
8986.15;26;986;8
8986.47;22;1100;5
8986.76;13;1026;11
8987.93;11;269;4
8990.52;21;589;0
8990.89;0;1134;10
8990.98;40;21;1
8991.21;2;1071;7
8995.73;42;622;3
8995.92;44;346;9
8995.97;26;986;8
8996.55;22;1100;5
8996.76;13;1026;11
8997.97;11;269;4
9000.55;21;589;0
9000.82;0;1134;10
9001.13;40;21;1
9001.27;2;1071;7
9005.75;42;622;3
9005.97;44;346;9
9006.01;26;986;8
9006.57;22;1100;5
9006.8;33;188;11
9007.87;11;269;4
9010.49;21;589;0
9011.02;40;21;1
9011.51;2;1071;7
9015.7;42;622;3
9015.8;44;346;9
9016.17;26;986;8
9016.5;15;277;10
9016.85;33;188;11
9017.26;39;696;2
9017.75;11;269;4
9018.08;32;1123;5
9020.6;21;589;0
9020.68;20;901;6
9021.15;40;21;1
9021.59;2;1071;7
9025.75;42;622;3
9026;3;544;9
9026.21;35;503;8
9026.58;15;277;10
9026.58;33;188;11
9027.98;11;269;4
9028.16;32;1123;5
9030.56;21;589;0
9030.73;20;901;6
9031.43;2;1071;7
9035.78;42;622;3
9036.07;3;544;9
9036.3;35;503;8
9036.7;15;277;10
9036.7;33;188;11
9038.02;11;269;4
9038.37;32;1123;5
9040.59;30;1193;0
9040.77;20;901;6
9041.55;2;1071;7
9045.82;42;622;3
9046.15;3;544;9
9046.37;35;503;8
9046.86;15;277;10
9046.86;33;188;11
9047.81;11;269;4
9050.64;20;901;6
9051.63;2;1071;7
9055.71;42;622;3
9056.13;3;544;9
9056.29;10;60;8
9056.94;9;81;11
9058;11;269;4
9058.5;27;258;0
9060.68;20;901;6
9061.63;2;1071;7
9065.04;36;909;10
9065.82;42;622;3
9066.16;23;571;9
9066.4;10;60;8
9067.01;9;81;11
9068.05;11;269;4
9068.79;27;258;0
9069.49;19;27;1
9070.79;20;901;6
9071.67;38;128;7
9074.61;31;830;2
9074.79;36;909;10
9075.86;17;834;3
9076.13;23;571;9
9076.42;10;60;8
9077.04;9;81;11
9078.09;11;269;4
9078.85;27;258;0
9079.51;19;27;1
9080.81;20;901;6
9081.57;38;128;7
9084.67;31;830;2
9084.99;36;909;10
9085.89;17;834;3
9086.25;23;571;9
9086.46;10;60;8
9087.09;9;81;11
9088.13;4;760;4
9088.75;27;258;0
9089.55;19;27;1
9090.8;41;194;6
9091.22;37;765;5
9091.6;38;128;7
9094.68;31;830;2
9095.04;36;909;10
9095.93;34;1109;3
9095.93;23;571;9
9096.4;10;60;8
9097.12;9;81;11
9098.18;4;760;4
9098.76;12;450;0
9099.6;19;27;1
9100.86;41;194;6
9101.06;37;765;5
9101.71;38;128;7
9104.64;31;830;2
9104.92;36;909;10
9106.27;34;1109;3
9106.27;23;571;9
9106.51;10;60;8
9106.94;9;81;11
9108.13;4;760;4
9108.89;12;450;0
9109.64;19;27;1
9110.81;41;194;6
9111.01;37;765;5
9111.68;38;128;7
9115.07;36;909;10
9116.27;34;1109;3
9116.27;23;571;9
9116.64;10;60;8
9117.15;9;81;11
9118.35;1;29;4
9118.77;12;450;0
9121.03;16;798;6
9121.27;37;765;5
9121.65;29;1184;7
9124.28;7;1040;1
9125.15;36;909;10
9126.28;25;942;3
9126.32;24;1107;9
9127.19;9;81;11
9128.37;1;29;4
9128.96;12;450;0
9131.27;18;859;5
9131.27;16;798;6
9131.89;29;1184;7
9134.36;7;1040;1
9135.33;14;933;10
9136.35;25;942;3
9136.35;24;1107;9
9137.23;9;81;11
9138.2;1;29;4
9138.96;12;450;0
9141.2;16;798;6
9141.31;18;859;5
9141.77;29;1184;7
9144.56;7;1040;1
9145.47;14;933;10
9146.32;25;942;3
9146.32;24;1107;9
9148.43;43;35;4
9148.75;28;829;2
9148.93;21;961;0
9150.7;6;510;11
9151.31;16;798;6
9151.4;22;372;5
9154.74;7;1040;1
9156.43;25;942;3
9156.43;24;1107;9
9156.72;15;336;10
9158.53;43;35;4
9158.81;28;829;2
9159.03;21;961;0
9161.02;16;798;6
9161.44;22;372;5
9164.8;8;178;1
9166.37;2;927;7
9166.47;25;942;3
9166.47;24;1107;9
9166.78;15;336;10
9166.99;13;40;11
9168.32;43;35;4
9168.9;28;829;2
9168.95;21;961;0
9171.4;22;372;5
9171.4;16;798;6
9174.57;26;153;8
9174.95;8;178;1
9176.41;2;927;7
9176.5;25;942;3
9176.55;3;922;9
9176.87;13;40;11
9178.56;43;35;4
9178.96;28;829;2
9181.48;22;372;5
9181.48;5;758;6
9184.63;26;153;8
9184.88;8;178;1
9186.45;2;927;7
9186.5;25;942;3
9186.59;3;922;9
9186.92;13;40;11
9189.01;39;857;2
9191.36;22;372;5
9191.36;5;758;6
9191.83;0;412;10
9191.87;4;67;4
9194.63;26;153;8
9195.01;8;178;1
9196.57;17;559;3
9196.73;3;922;9
9197.15;13;40;11
9198.93;39;857;2
9201.54;22;372;5
9201.54;5;758;6
9201.91;4;67;4
9201.91;0;412;10
9204.67;26;153;8
9205.09;8;178;1
9206.66;17;559;3
9206.66;44;522;9
9207.32;13;40;11
9208.98;39;857;2
9211.27;30;1071;0
9211.58;22;372;5
9211.97;0;412;10
9216.49;40;713;1
9216.66;17;559;3
9216.66;44;522;9
9217.36;13;40;11
9218.98;35;632;8
9219.07;39;857;2
9221.33;30;1071;0
9221.62;22;372;5
9221.81;0;412;10
9226.55;40;713;1
9226.64;17;559;3
9226.78;44;522;9
9227.44;13;40;11
9229.02;39;857;2
9229.02;35;632;8
9229.87;11;1196;4
9231.29;30;1071;0
9231.68;32;1095;5
9231.99;0;412;10
9236.55;40;713;1
9236.76;17;559;3
9236.85;44;522;9
9237.48;13;40;11
9239.94;11;1196;4
9240.83;10;45;8
9241.34;30;1071;0
9241.99;0;412;10
9246.54;40;713;1
9246.8;17;559;3
9247.56;33;259;11
9249.96;11;1196;4
9250.91;10;45;8
9251.35;27;902;0
9252.03;0;412;10
9252.12;31;376;2
9254.05;38;696;7
9255.83;20;485;6
9256.59;40;713;1
9256.83;42;943;3
9257.63;33;259;11
9259.98;11;1196;4
9260.88;10;45;8
9261.34;27;902;0
9262.08;31;376;2
9262.08;0;412;10
9264.1;38;696;7
9266.63;40;713;1
9266.88;34;289;3
9267.64;33;259;11
9268.67;16;695;6
9270.06;11;1196;4
9270.8;10;45;8
9271.38;27;902;0
9272.19;0;412;10
9272.24;31;376;2
9274.3;38;696;7
9276.67;19;640;1
9276.93;34;289;3
9277.56;9;452;11
9278.57;41;527;6
9280.05;11;1196;4
9280.95;10;45;8
9280.99;23;57;9
9282.19;0;412;10
9282.24;31;376;2
9284.39;38;696;7
9284.62;12;182;0
9285.13;37;693;5
9286.8;19;640;1
9286.99;34;289;3
9287.71;9;452;11
9288.72;41;527;6
9290.11;1;651;4
9290.98;10;45;8
9291.11;23;57;9
9292.21;14;7;10
9292.25;31;376;2
9294.41;29;116;7
9295.15;37;693;5
9296.91;19;640;1
9297.07;25;898;3
9297.94;9;452;11
9298.65;41;527;6
9300.15;1;651;4
9300.98;10;45;8
9301.13;23;57;9
9302.23;14;7;10
9302.32;31;376;2
9304.43;29;116;7
9305.2;37;693;5
9306.93;19;640;1
9307.29;25;898;3
9307.98;9;452;11
9308.62;41;527;6
9310.14;1;651;4
9311.07;10;45;8
9311.16;23;57;9
9311.36;21;655;0
9312.39;28;914;2
9314.43;29;116;7
9315.24;18;1110;5
9317.17;25;898;3
9317.94;7;1191;1
9318.04;9;452;11
9318.74;41;527;6
9320.2;1;651;4
9320.66;15;592;10
9321.09;10;45;8
9321.13;23;57;9
9321.42;21;655;0
9322.47;28;914;2
9324.5;29;116;7
9325.28;18;1110;5
9327.3;25;898;3
9328;7;1191;1
9328.7;41;527;6
9330.08;1;651;4
9330.79;15;592;10
9331.22;23;57;9
9331.4;21;655;0
9334.51;29;116;7
9335.58;18;1110;5
9337.35;25;898;3
9337.77;7;1191;1
9338.82;5;703;6
9340.21;1;651;4
9340.86;15;592;10
9341.25;23;57;9
9342.54;6;804;11
9344.57;2;29;7
9345.34;18;1110;5
9347.42;25;898;3
9348.04;7;1191;1
9348.85;5;703;6
9350.25;1;651;4
9350.82;15;592;10
9351.29;23;57;9
9352.92;6;804;11
9354.74;2;29;7
9355.51;18;1110;5
9357.2;30;121;0
9357.42;25;898;3
9358.04;7;1191;1
9358.85;5;703;6
9360.46;1;651;4
9360.92;36;503;10
9361.29;23;57;9
9362.95;6;804;11
9364.79;2;29;7
9365.5;18;1110;5
9367.28;30;121;0
9367.42;25;898;3
9368.08;7;1191;1
9368.21;35;960;8
9368.9;5;703;6
9370.51;43;129;4
9370.95;36;503;10
9371.3;24;918;9
9372.79;6;804;11
9374.76;2;29;7
9375.59;18;1110;5
9378.06;7;1191;1
9380.51;43;129;4
9380.72;36;503;10
9381.39;24;918;9
9382.96;6;804;11
9384.83;2;29;7
9385.6;18;1110;5
9387.48;26;565;8
9388.12;7;1191;1
9390.56;43;129;4
9390.96;36;503;10
9391.52;24;918;9
9393;6;804;11
9395.61;18;1110;5
9397.61;26;565;8
9398.15;7;1191;1
9400.37;39;48;2
9400.5;43;129;4
9400.98;36;503;10
9401.69;44;927;9
9402.84;17;428;3
9403.04;6;804;11
9404.02;20;846;6
9405.65;32;796;5
9407.63;26;565;8
9408.19;40;542;1
9410.41;39;48;2
9410.63;4;5;4
9410.77;36;503;10
9411.72;44;927;9
9412.88;17;428;3
9413.07;6;804;11
9413.81;12;638;0
9414.02;20;846;6
9415.72;32;796;5
9418.39;40;542;1
9420.47;39;48;2
9421.05;0;715;10
9421.63;44;927;9
9422.92;17;428;3
9423.01;33;547;11
9423.94;12;638;0
9425.8;32;796;5
9428.1;40;542;1
9430.66;39;48;2
9431.09;0;715;10
9431.76;44;927;9
9432.89;17;428;3
9433.12;13;727;11
9433.88;12;638;0
9435.88;32;796;5
9436.81;11;160;4
9438.29;40;542;1
9440.77;39;48;2
9441.75;44;927;9
9442.95;17;428;3
9443.16;13;727;11
9443.95;12;638;0
9444.57;16;719;6
9445.77;22;1107;5
9446.89;11;160;4
9448.48;8;151;1
9450.81;39;48;2
9451.53;3;909;9
9451.8;29;543;7
9452.92;17;428;3
9453.31;13;727;11
9453.95;27;770;0
9454.62;16;719;6
9455.65;22;1107;5
9456.81;11;160;4
9458.52;8;151;1
9460.71;39;48;2
9461.8;3;909;9
9461.9;29;543;7
9462.25;15;1025;10
9462.96;17;428;3
9463;13;727;11
9463.87;27;770;0
9464.5;16;719;6
9465.94;22;1107;5
9466.89;11;160;4
9468.52;8;151;1
9470.84;39;48;2
9471.83;3;909;9
9471.87;29;543;7
9473.04;42;1056;3
9473.32;13;727;11
9473.93;27;770;0
9474.55;16;719;6
9475.98;22;1107;5
9476.92;11;160;4
9478.46;8;151;1
9480.84;39;48;2
9481.03;10;1119;8
9481.87;3;909;9
9483.08;42;1056;3
9483.13;9;1105;11
9483.93;27;770;0
9484.66;16;719;6
9486.03;22;1107;5
9486.94;11;160;4
9488.58;8;151;1
9490.66;39;48;2
9490.93;10;1119;8
9491.78;3;909;9
9493.16;42;1056;3
9493.16;9;1105;11
9494.03;21;239;0
9494.73;16;719;6
9496.13;37;92;5
9496.75;11;160;4
9497.26;14;1136;10
9497.35;38;350;7
9498.55;19;462;1
9500.86;39;48;2
9501.11;10;1119;8
9501.94;23;3;9
9503.34;42;1056;3
9503.34;9;1105;11
9503.95;21;239;0
9504.8;5;492;6
9506.17;37;92;5
9507.03;11;160;4
9507.31;14;1136;10
9507.4;38;350;7
9508.73;19;462;1
9510.88;39;48;2
9511.01;10;1119;8
9511.96;23;3;9
9513.25;42;1056;3
9513.25;9;1105;11
9514.06;21;239;0
9514.82;5;492;6
9516.18;37;92;5
9517.03;11;160;4
9517.37;14;1136;10
9517.75;38;350;7
9520.88;39;48;2
9521.19;10;1119;8
9522.04;23;3;9
9523.38;34;840;3
9523.38;9;1105;11
9523.95;21;239;0
9524.87;5;492;6
9526.22;37;92;5
9527.05;11;160;4
9527.41;0;938;10
9527.78;38;350;7
9530.83;31;823;2
9531.17;10;1119;8
9533.41;9;1105;11
9533.46;34;840;3
9533.96;21;239;0
9535.03;41;60;6
9537.06;1;156;4
9537.41;0;938;10
9537.8;38;350;7
9540.89;31;823;2
9541.23;35;730;8
9543.44;9;1105;11
9543.57;25;430;3
9544.06;21;239;0
9545.07;41;60;6
9547.1;1;156;4
9547.19;0;938;10
9547.87;2;648;7
9550.9;31;823;2
9551.28;35;730;8
9553.48;6;999;11
9553.62;25;430;3
9553.99;30;616;0
9555.23;41;60;6
9557.12;40;532;1
9557.16;1;156;4
9557.88;2;648;7
9560.97;28;764;2
9561.34;35;730;8
9563.39;6;999;11
9563.66;25;430;3
9564.01;30;616;0
9565.53;41;60;6
9567.19;40;532;1
9567.19;1;156;4
9567.92;2;648;7
9568.29;24;1079;9
9571.29;28;764;2
9571.38;35;730;8
9573.65;6;999;11
9573.92;25;430;3
9574.14;30;616;0
9575.55;41;60;6
9577.23;4;943;4
9577.23;36;1150;10
9577.97;2;648;7
9578.51;24;1079;9
9581.34;28;764;2
9581.34;35;730;8
9584.1;25;430;3
9584.18;30;616;0
9584.65;32;103;5
9585.55;41;60;6
9587.32;43;983;4
9587.32;36;1150;10
9588.53;24;1079;9
9591.41;35;730;8
9591.45;28;764;2
9593.06;29;117;7
9594.18;30;616;0
9594.67;32;103;5
9595.58;16;782;6
9597.67;36;1150;10
9597.71;43;983;4
9598.38;24;1079;9
9598.96;13;261;11
9601.35;35;730;8
9601.45;28;764;2
9603.03;29;117;7
9604.18;30;616;0
9604.73;32;103;5
9605.35;16;782;6
9607.7;15;856;10
9607.74;43;983;4
9608.6;24;1079;9
9609.18;13;261;11
9609.93;17;599;3
9611.41;35;730;8
9611.46;28;764;2
9613.07;29;117;7
9614.16;30;616;0
9614.56;32;103;5
9615.66;16;782;6
9617.74;15;856;10
9617.78;43;983;4
9618.59;44;1179;9
9619.17;7;40;1
9619.22;13;261;11
9620;17;599;3
9621.45;26;610;8
9624.79;32;103;5
9625.95;16;782;6
9627.81;43;983;4
9627.81;15;856;10
9628.5;44;1179;9
9629.19;7;40;1
9629.23;13;261;11
9629.28;12;231;0
9630.03;17;599;3
9631.5;26;610;8
9632.94;39;168;2
9634.83;18;1018;5
9635.96;16;782;6
9637.88;43;983;4
9637.88;15;856;10
9638.63;3;1129;9
9639.23;7;40;1
9639.23;13;261;11
9639.32;12;231;0
9640.03;17;599;3
9641.59;26;610;8
9642.94;39;168;2
9644.87;18;1018;5
9646;16;782;6
9647.88;43;983;4
9647.88;15;856;10
9648.67;3;1129;9
9648.76;38;1153;7
9649.09;7;40;1
9649.09;13;261;11
9649.92;17;599;3
9651.58;26;610;8
9652.99;39;168;2
9654.91;18;1018;5
9656.04;16;782;6
9657.89;43;983;4
9657.89;15;856;10
9658.67;3;1129;9
9658.97;38;1153;7
9659.13;7;40;1
9659.28;27;848;0
9660.08;17;599;3
9661.6;26;610;8
9662.04;33;51;11
9664.84;18;1018;5
9666.09;20;1069;6
9667.79;15;856;10
9667.93;43;983;4
9668.63;3;1129;9
9669;38;1153;7
9669.26;8;974;1
9670.16;42;274;3
9671.65;26;610;8
9672.09;33;51;11
9674.76;18;1018;5
9676.17;20;1069;6
9677.91;15;856;10
9677.95;43;983;4
9678.72;3;1129;9
9679.31;8;974;1
9680.33;42;274;3
9681.71;26;610;8
9682.08;33;51;11
9684.98;18;1018;5
9686.32;20;1069;6
9687.95;14;182;10
9688;43;983;4
9689.31;8;974;1
9690.47;42;274;3
9691.75;10;593;8
9692.14;33;51;11
9694.43;23;169;9
9694.89;18;1018;5
9696.36;20;1069;6
9698;14;182;10
9698.06;11;781;4
9699.36;8;974;1
9700.67;42;274;3
9701.78;10;593;8
9704.52;23;169;9
9705.06;18;1018;5
9706.41;5;113;6
9707.86;14;182;10
9708.1;11;781;4
9709.08;21;822;0
9709.41;19;953;1
9710.73;42;274;3
9711.78;10;593;8
9711.85;31;834;2
9714.35;23;169;9
9715.14;18;1018;5
9715.84;9;1025;11
9716.46;5;113;6
9718.11;11;781;4
9719.16;21;822;0
9719.97;40;173;1
9720.82;42;274;3
9721.82;10;593;8
9721.86;31;834;2
9724.55;23;169;9
9725.3;22;747;5
9725.88;9;1025;11
9726.66;5;113;6
9728.15;11;781;4
9729.21;21;822;0
9730.02;40;173;1
9730.98;42;274;3
9731.86;10;593;8
9731.91;31;834;2
9732.64;29;874;7
9734.59;23;169;9
9734.82;0;658;10
9735.34;22;747;5
9735.91;9;1025;11
9736.67;5;113;6
9738.18;1;671;4
9739.24;21;822;0
9740.1;40;173;1
9741.13;42;274;3
9741.72;10;593;8
9741.95;28;797;2
9743.61;2;1033;7
9744.26;23;169;9
9744.87;0;658;10
9745.45;22;747;5
9745.93;9;1025;11
9746.74;5;113;6
9748.22;1;671;4
9750.14;40;173;1
9751.16;42;274;3
9751.91;28;797;2
9751.91;35;922;8
9754.62;24;383;9
9754.9;0;658;10
9755.28;22;747;5
9755.98;9;1025;11
9756.51;5;113;6
9758.27;1;671;4
9760.27;40;173;1
9761.2;42;274;3
9761.98;28;797;2
9761.98;35;922;8
9764.7;24;383;9
9764.74;0;658;10
9765.65;37;394;5
9766.17;9;1025;11
9766.78;41;372;6
9768.58;1;671;4
9770.36;40;173;1
9771.21;42;274;3
9772.03;28;797;2
9774.7;24;383;9
9774.93;0;658;10
9775.74;37;394;5
9776.21;6;437;11
9776.86;41;372;6
9778.66;4;35;4
9781.25;42;274;3
9784.72;24;383;9
9785.59;37;394;5
9786.1;36;713;10
9786.14;6;437;11
9786.92;41;372;6
9788.7;4;35;4
9789.07;19;313;1
9791.29;34;791;3
9794.76;24;383;9
9795.83;32;898;5
9796.14;36;713;10
9796.25;6;437;11
9796.99;41;372;6
9798.79;4;35;4
9799.88;26;427;8
9801.31;34;791;3
9804.91;44;8;9
9804.96;30;996;0
9805.87;32;898;5
9806.22;36;713;10
9806.27;6;437;11
9808.67;43;214;4
9809.95;26;427;8
9811.35;34;791;3
9814.99;44;8;9
9816;32;898;5
9816.28;27;1054;0
9816.28;36;713;10
9816.33;6;437;11
9818.54;43;214;4
9819.95;26;427;8
9821.13;34;791;3
9822.35;8;864;1
9825.96;39;673;2
9826.04;32;898;5
9826.33;6;437;11
9828.83;43;214;4
9828.96;38;316;7
9829.89;26;427;8
9831.37;25;560;3
9832.15;8;864;1
9836.04;39;673;2
9836.08;32;898;5
9836.35;12;202;0
9838.84;43;214;4
9840;26;427;8
9841.34;25;560;3
9842.43;8;864;1
9843.09;3;1194;9
9846.02;39;673;2
9846.39;12;202;0
9848.8;43;214;4
9849.57;13;20;11
9849.76;26;427;8
9851.26;25;560;3
9852.63;8;864;1
9853.08;16;990;6
9853.12;3;1194;9
9856.46;12;202;0
9856.71;14;59;10
9857.92;2;993;7
9858.92;43;214;4
9859.61;13;20;11
9861.2;25;560;3
9862.89;8;864;1
9863.12;16;990;6
9863.12;3;1194;9
9866.46;12;202;0
9866.75;14;59;10
9868.93;43;214;4
9869.58;13;20;11
9871.39;25;560;3
9872.95;8;864;1
9873.13;16;990;6
9873.13;3;1194;9
9875.28;10;1061;8
9876.48;12;202;0
9876.75;14;59;10
9878.26;28;210;2
9878.98;43;214;4
9879.74;33;717;11
9881.37;25;560;3
9882.08;29;1136;7
9883.03;8;864;1
9883.03;16;990;6
9883.03;3;1194;9
9885.39;10;1061;8
9886.75;14;59;10
9888.99;43;214;4
9889.79;33;717;11
9891.43;17;190;3
9892.37;29;1136;7
9893.08;8;864;1
9893.08;3;1194;9
9893.17;16;990;6
9895.54;10;1061;8
9896.78;14;59;10
9898.93;43;214;4
9899.81;33;717;11
9900.84;18;955;5
9901.48;31;400;2
9901.48;17;190;3
9902.33;29;1136;7
9903.03;8;864;1
9903.03;24;165;9
9903.49;20;350;6
9905.19;21;102;0
9905.57;10;1061;8
9906.82;15;213;10
9908.98;11;909;4
9909.85;33;717;11
9910.92;18;955;5
9911.5;31;400;2
9911.55;17;190;3
9912.46;29;1136;7
9913.15;8;864;1
9913.15;44;918;9
9913.59;20;350;6
9915.26;21;102;0
9916.82;15;213;10
9919.06;11;909;4
9919.86;33;717;11
9921.12;18;955;5
9921.21;35;1146;8
9921.56;31;400;2
9921.56;17;190;3
9923.19;7;784;1
9923.94;5;373;6
9925.32;21;102;0
9926.85;15;213;10
9929.1;11;909;4
9929.93;33;717;11
9931.12;18;955;5
9931.53;35;1146;8
9931.57;31;400;2
9931.61;42;562;3
9933.25;7;784;1
9934.01;5;373;6
9935.43;21;102;0
9936.82;15;213;10
9937.24;23;55;9
9939.15;11;909;4
9940.25;33;717;11
9941.15;18;955;5
9941.19;35;1146;8
9941.57;31;400;2
9941.61;42;562;3
9943.15;7;784;1
9944.01;5;373;6
9945.44;21;102;0
9946.8;15;213;10
9947.32;23;55;9
9949.23;11;909;4
9950.22;9;874;11
9951.19;22;1185;5
9951.57;35;1146;8
9951.61;31;400;2
9951.81;34;1161;3
9952.63;38;170;7
9953.3;40;1107;1
9954.05;5;373;6
9955.46;21;102;0
9956.86;15;213;10
9957.67;23;55;9
9959.27;11;909;4
9960.3;9;874;11
9961.23;22;1185;5
9961.6;35;1146;8
9961.69;31;400;2
9961.86;34;1161;3
9962.68;38;170;7
9963.39;40;1107;1
9964.05;5;373;6
9965.54;21;102;0
9966.9;15;213;10
9967.62;23;55;9
9969.31;11;909;4
9970.44;9;874;11
9971.32;22;1185;5
9971.63;35;1146;8
9971.76;31;400;2
9971.85;34;1161;3
9972.75;38;170;7
9973.44;40;1107;1
9974.1;5;373;6
9975.57;21;102;0
9976.91;15;213;10
9979.37;1;69;4
9980.52;9;874;11
9981.37;37;1138;5
9981.7;31;400;2
9981.7;35;1146;8
9981.9;34;1161;3
9982.83;38;170;7
9983.35;40;1107;1
9984.14;5;373;6
9985.6;30;927;0
9986.94;15;213;10
9989.42;1;69;4
9990.38;9;874;11
9991.4;37;1138;5
9991.45;31;400;2
9991.94;34;1161;3
9993.48;19;1095;1
9994.29;5;373;6
9995.67;30;927;0
9996.97;15;213;10
9999.75;1;69;4
10000.43;6;933;11
10001.95;34;1161;3
10003.53;19;1095;1
10003.67;2;482;7
10004.3;41;727;6
10005.58;30;927;0
10007.04;36;182;10
10009.16;39;1036;2
10009.84;4;295;4
10010.53;6;933;11
10011.68;34;1161;3
10013.34;32;1134;5
10013.59;19;1095;1
10013.9;2;482;7
10014.34;41;727;6
10015.71;30;927;0
10017.01;0;114;10
10019.23;39;1036;2
10019.86;4;295;4
10020.58;6;933;11
10021.96;34;1161;3
10023.54;32;1134;5
10023.8;19;1095;1
10023.89;3;804;9
10024.12;2;482;7
10024.47;41;727;6
10025.64;30;927;0
10027.02;0;114;10
10029.22;39;1036;2
10029.84;4;295;4
10030.73;6;933;11
10031.79;34;1161;3
10033.59;32;1134;5
10033.95;3;804;9
10034;2;482;7
10034.53;41;727;6
10035.73;30;927;0
10037.04;0;114;10
10039.26;28;791;2
10039.95;4;295;4
10040.76;6;933;11
10042.05;34;1161;3
10043.65;32;1134;5
10043.99;3;804;9
10044.59;16;959;6
10045.8;27;603;0
10047.12;0;114;10
10049.3;28;791;2
10049.84;4;295;4
10050.81;6;933;11
10052.09;42;628;3
10053.7;32;1134;5
10053.89;3;804;9
10054.56;16;959;6
10055.79;27;603;0
10057.31;10;216;8
10059.89;4;295;4
10060.87;6;933;11
10061.92;42;628;3
10063.71;32;1134;5
10063.99;3;804;9
10064.66;16;959;6
10065.88;27;603;0
10066.42;14;455;10
10067.35;10;216;8
10070.02;43;771;4
10070.93;6;933;11
10072.15;42;628;3
10073.72;18;431;5
10074.06;24;284;9
10074.64;16;959;6
10075.9;27;603;0
10076.46;14;455;10
10077.37;10;216;8
10078.81;31;300;2
10080.09;43;771;4
10080.93;6;933;11
10082.28;42;628;3
10083.69;18;431;5
10084.11;24;284;9
10084.74;20;83;6
10085.83;27;603;0
10086.9;29;1071;7
10087.3;10;216;8
10088.81;31;300;2
10090.1;43;771;4
10090.97;6;933;11
10092.36;25;451;3
10093.76;18;431;5
10094.15;44;346;9
10095.13;20;83;6
10095.17;36;311;10
10095.83;27;603;0
10097.12;29;1071;7
10097.4;10;216;8
10098.87;31;300;2
10100.13;43;771;4
10101.03;13;1190;11
10102.18;8;430;1
10102.41;25;451;3
10103.79;18;431;5
10105.11;20;83;6
10105.31;36;311;10
10105.74;12;12;0
10107.2;29;1071;7
10107.45;10;216;8
10108.88;31;300;2
10110.17;43;771;4
10111.1;13;1190;11
10112.34;8;430;1
10112.43;25;451;3
10113.85;37;137;5
10115.17;20;83;6
10115.9;12;12;0
10117.24;29;1071;7
10117.28;10;216;8
10118.93;31;300;2
10120;43;771;4
10121.14;13;1190;11
10122.36;8;430;1
10122.41;17;490;3
10123.63;37;137;5
10125.95;12;12;0
10127.46;26;450;8
10128.97;31;300;2
10130.22;43;771;4
10131.13;15;48;10
10131.18;33;650;11
10132.38;8;430;1
10132.42;17;490;3
10133.9;37;137;5
10135.99;12;12;0
10137.04;38;901;7
10137.48;26;450;8
10139.49;23;553;9
10140.34;11;693;4
10141.19;15;48;10
10141.19;33;650;11
10142.39;8;430;1
10142.44;17;490;3
10143.81;37;137;5
10146.01;12;12;0
10147.05;38;901;7
10147.53;35;898;8
10149.62;23;553;9
10150.38;11;693;4
10151.19;15;48;10
10151.23;33;650;11
10152.41;40;145;1
10152.5;17;490;3
10154.01;22;412;5
10155.95;12;12;0
10157.13;38;901;7
10157.58;35;898;8
10159.1;5;978;6
10159.43;23;553;9
10160.42;11;693;4
10161.22;15;48;10
10161.26;33;650;11
10162.54;17;490;3
10163.49;39;330;2
10164.1;22;412;5
10166.06;21;207;0
10166.53;7;806;1
10167.2;38;901;7
10167.56;35;898;8
10169.18;5;978;6
10169.66;23;553;9
10170.29;11;693;4
10171.26;15;48;10
10171.3;33;650;11
10173.51;39;330;2
10174.2;22;412;5
10176.13;21;207;0
10176.59;7;806;1
10177.26;38;901;7
10177.6;35;898;8
10179.22;5;978;6
10179.35;34;562;3
10180.47;11;693;4
10181.34;15;48;10
10181.34;33;650;11
10183.59;28;356;2
10184.28;22;412;5
10186.14;21;207;0
10186.68;7;806;1
10187.32;38;901;7
10187.74;35;898;8
10189.23;5;978;6
10189.36;34;562;3
10190.62;1;1187;4
10191.39;15;48;10
10191.39;33;650;11
10193.61;28;356;2
10194.32;22;412;5
10196.68;7;806;1
10197.85;35;898;8
10199.39;34;562;3
10199.77;3;875;9
10200.64;1;1187;4
10201.44;15;48;10
10201.44;9;347;11
10203.51;41;1019;6
10203.69;28;356;2
10204.35;22;412;5
10206.7;7;806;1
10209.41;34;562;3
10209.9;3;875;9
10210.73;4;273;4
10211.46;15;48;10
10211.51;9;347;11
10213.51;41;1019;6
10213.69;28;356;2
10214.32;22;412;5
10216.77;7;806;1
10219.44;34;562;3
10219.9;3;875;9
10221.13;4;273;4
10221.47;0;91;10
10221.56;9;347;11
10223.57;41;1019;6
10223.75;28;356;2
10223.79;30;379;0
10224.37;32;533;5
10229.97;3;875;9
10231.06;4;273;4
10231.52;9;347;11
10232.61;14;671;10
10233.6;41;1019;6
10233.82;30;379;0
10233.87;31;1153;2
10234.4;32;533;5
10236.9;19;893;1
10236.99;25;1134;3
10240.07;3;875;9
10241.19;4;273;4
10242.76;14;671;10
10243.39;29;1158;7
10243.65;41;1019;6
10243.87;30;379;0
10244.03;31;1153;2
10244.45;32;533;5
10246.99;19;893;1
10247.03;42;974;3
10250.12;24;1064;9
10251.13;4;273;4
10252.69;14;671;10
10253.6;29;1158;7
10253.74;41;1019;6
10253.93;30;379;0
10254.2;31;1153;2
10254.45;32;533;5
10256.98;19;893;1
10257.08;42;974;3
10258.85;13;1096;11
10259.45;10;749;8
10261.24;4;273;4
10263.6;29;1158;7
10263.69;41;1019;6
10263.96;30;379;0
10264.24;31;1153;2
10264.33;36;760;10
10264.47;37;485;5
10268.89;13;1096;11
10269.1;44;157;9
10269.56;10;749;8
10271.29;43;728;4
10273.45;29;1158;7
10273.79;16;182;6
10273.83;27;36;0
10274.28;31;1153;2
10274.46;36;760;10
10274.5;37;485;5
10276.74;17;990;3
10278.17;40;421;1
10278.97;6;1127;11
10279.16;44;157;9
10279.63;10;749;8
10281.41;43;728;4
10283.62;2;948;7
10283.71;16;182;6
10284.01;27;36;0
10284.19;31;1153;2
10284.32;36;760;10
10284.54;37;485;5
10286.78;17;990;3
10288.21;40;421;1
10289.04;6;1127;11
10289.09;44;157;9
10291.53;43;728;4
10293.67;2;948;7
10293.8;16;182;6
10293.89;27;36;0
10294.51;36;760;10
10294.71;37;485;5
10296.83;17;990;3
10298.26;40;421;1
10299.12;6;1127;11
10299.16;44;157;9
10301.66;43;728;4
10303.66;2;948;7
10303.84;16;182;6
10303.97;12;782;0
10304.75;18;1009;5
10306.87;17;990;3
10308.27;40;421;1
10309.16;6;1127;11
10309.87;23;604;9
10311.71;43;728;4
10313;26;124;8
10313.72;2;948;7
10313.92;16;182;6
10314.83;18;1009;5
10316.95;17;990;3
10318.29;40;421;1
10319.21;6;1127;11
10319.93;23;604;9
10320.94;39;567;2
10321.98;43;728;4
10323.65;2;948;7
10324.01;16;182;6
10324.87;18;1009;5
10326.96;17;990;3
10327.25;21;599;0
10328.35;8;907;1
10329.92;23;604;9
10331.16;39;567;2
10332.02;43;728;4
10333.71;2;948;7
10334.12;5;299;6
10334.89;18;1009;5
10337.29;21;599;0
10338.43;8;907;1
10339.96;23;604;9
10341.1;39;567;2
10343.81;35;239;8
10343.85;2;948;7
10344.22;5;299;6
10345.42;33;346;11
10347.39;21;599;0
10348.49;8;907;1
10350.03;23;604;9
10351.1;39;567;2
10352.57;22;1067;5
10353.87;35;239;8
10353.91;2;948;7
10354.29;5;299;6
10355.46;33;346;11
10357.41;21;599;0
10358.75;8;907;1
10360.33;23;604;9
10360.86;14;1189;10
10361.19;39;567;2
10362.62;22;1067;5
10363.89;35;239;8
10363.97;2;948;7
10364.28;5;299;6
10365.56;33;346;11
10367.45;21;599;0
10370.43;3;218;9
10370.76;14;1189;10
10371.26;39;567;2
10372.68;22;1067;5
10373.01;7;116;1
10373.9;35;239;8
10373.99;2;948;7
10374.33;5;299;6
10375.7;33;346;11
10380.46;3;218;9
10380.88;14;1189;10
10381.34;39;567;2
10382.63;22;1067;5
10383.05;7;116;1
10383.98;38;1103;7
10383.98;35;239;8
10384.35;5;299;6
10385.21;11;381;4
10385.64;33;346;11
10387.17;25;26;3
10390.51;24;1171;9
10390.88;14;1189;10
10391.36;28;790;2
10393.09;7;116;1
10394.03;38;1103;7
10394.39;20;759;6
10395.29;1;81;4
10395.65;33;346;11
10397.21;25;26;3
10400.56;24;1171;9
10400.93;14;1189;10
10401.4;28;790;2
10403.17;7;116;1
10404.1;38;1103;7
10404.3;20;759;6
10405.34;1;81;4
10405.64;13;1134;11
10410.85;24;1171;9
10411.01;14;1189;10
10413.24;7;116;1
10414.16;38;1103;7
10414.48;20;759;6
10415.01;34;512;3
10415.38;1;81;4
10415.53;31;364;2
10415.59;13;1134;11
10420.89;24;1171;9
10420.98;14;1189;10
10423.18;7;116;1
10424.17;38;1103;7
10424.47;20;759;6
10425.28;34;512;3
10425.39;1;81;4
10425.59;31;364;2
10429.24;32;259;5
10430.97;24;1171;9
10430.97;14;1189;10
10433.06;7;116;1
10434.1;38;1103;7
10434.52;20;759;6
10435.31;34;512;3
10435.4;1;81;4
10435.73;31;364;2
10437.18;9;450;11
10439.31;32;259;5
10440;27;938;0
10440.53;10;305;8
10441.02;24;1171;9
10441.06;0;487;10
10443.31;7;116;1
10444.25;29;1190;7
10444.57;20;759;6
10445.33;34;512;3
10445.42;1;81;4
10445.76;31;364;2
10447.18;9;450;11
10449.29;32;259;5
10450.01;27;938;0
10450.58;10;305;8
10451.05;24;1171;9
10451.14;15;594;10
10453.24;7;116;1
10454.52;20;759;6
10454.52;29;1190;7
10455.33;34;512;3
10455.38;1;81;4
10457.22;9;450;11
10459.22;32;259;5
10460.06;27;938;0
10460.81;10;305;8
10461.08;24;1171;9
10463.44;19;1148;1
10464.55;20;759;6
10464.55;29;1190;7
10465.37;17;973;3
10465.51;1;81;4
10467.27;9;450;11
10469.33;32;259;5
10470.1;21;121;0
10470.42;36;861;10
10471.1;24;1171;9
10473.51;19;1148;1
10474.45;29;1190;7
10475.07;39;279;2
10475.45;17;973;3
10475.5;16;124;6
10475.63;1;81;4
10478.92;26;699;8
10479.38;37;502;5
10479.6;6;328;11
10480.18;12;430;0
10480.46;36;861;10
10481.14;24;1171;9
10483.52;19;1148;1
10484.66;29;1190;7
10485.27;39;279;2
10485.52;42;265;3
10485.52;16;124;6
10485.75;4;141;4
10488.98;26;699;8
10489.43;18;295;5
10489.43;6;328;11
10490.07;12;430;0
10490.49;36;861;10
10491.16;24;1171;9
10493.54;19;1148;1
10494.73;29;1190;7
10495.25;39;279;2
10495.54;42;265;3
10495.54;16;124;6
10495.77;4;141;4
10499.03;26;699;8
10499.64;18;295;5
10500;12;430;0
10500.5;36;861;10
10501.21;24;1171;9
10503.59;40;918;1
10504.78;29;1190;7
10505.29;39;279;2
10505.55;42;265;3
10505.59;16;124;6
10505.85;4;141;4
10509.35;26;699;8
10509.6;18;295;5
10510.27;30;40;0
10511.01;24;1171;9
10513.54;40;918;1
10515.15;39;279;2
10515.59;42;265;3
10515.67;41;1033;6
10515.96;11;128;4
10519.27;26;699;8
10519.69;18;295;5
10520.55;30;40;0
10521.23;24;1171;9
10525.37;39;279;2
10525.62;42;265;3
10525.67;41;1033;6
10526.13;11;128;4
10529.62;18;295;5
10530.62;30;40;0
10531.24;23;986;9
10535.45;39;279;2
10535.66;42;265;3
10535.75;41;1033;6
10536.2;11;128;4
10537;8;642;1
10539.94;18;295;5
10540;35;555;8
10540.61;30;40;0
10541.28;23;986;9
10545.46;39;279;2
10545.71;42;265;3
10546.24;11;128;4
10547.05;8;642;1
10549.99;18;295;5
10550.08;35;555;8
10550.63;30;40;0
10551.29;23;986;9
10555.63;39;279;2
10555.8;42;265;3
10556.3;43;996;4
10556.98;8;642;1
10560.03;18;295;5
10560.07;33;1084;11
10560.12;35;555;8
10560.46;0;465;10
10560.66;30;40;0
10561.3;44;206;9
10565.83;42;265;3
10566.34;43;996;4
10567.02;8;642;1
10568.58;28;796;2
10570.1;22;758;5
10570.15;35;555;8
10570.15;33;1084;11
10570.7;30;40;0
10571.35;44;206;9
10575.91;42;265;3
10576.36;43;996;4
10576.87;2;974;7
10577.14;8;642;1
10578.18;5;462;6
10578.49;28;796;2
10578.9;14;616;10
10580.05;22;758;5
10580.19;10;562;8
10580.19;33;1084;11
10580.69;30;40;0
10581.35;44;206;9
10586.31;42;265;3
10586.31;43;996;4
10586.76;2;974;7
10587.34;8;642;1
10588.35;5;462;6
10588.66;28;796;2
10588.66;14;616;10
10590.19;22;758;5
10590.28;33;1084;11
10590.34;10;562;8
10590.71;30;40;0
10595.35;3;737;9
10596.33;25;914;3
10596.4;43;996;4
10596.91;2;974;7
10597.49;19;39;1
10598.59;5;462;6
10598.97;28;796;2
10600.38;13;1165;11
10600.47;26;1005;8
10600.63;30;40;0
10605.39;3;737;9
10606.46;43;996;4
10606.96;2;974;7
10607.26;19;39;1
10608.13;34;784;3
10609.03;28;796;2
10610.42;13;1165;11
10610.6;26;1005;8
10611.02;37;209;5
10615.35;3;737;9
10616.82;43;996;4
10616.95;2;974;7
10617.58;19;39;1
10618.31;34;784;3
10619.03;28;796;2
10620.62;26;1005;8
10621.11;37;209;5
10621.31;27;313;0
10625.86;20;439;6
10626.86;43;996;4
10627.02;2;974;7
10628.28;34;784;3
10628.54;40;925;1
10629.03;28;796;2
10630.64;26;1005;8
10630.99;15;201;10
10631.2;37;209;5
10631.31;27;313;0
10636.07;20;439;6
10636.91;1;26;4
10636.95;38;104;7
10638.36;34;784;3
10638.58;40;925;1
10639.07;28;796;2
10640.66;26;1005;8
10641.04;15;201;10
10641.04;9;1073;11
10641.29;37;209;5
10645.01;24;377;9
10645.32;21;442;0
10646.08;20;439;6
10646.96;1;26;4
10647.05;38;104;7
10648.62;40;925;1
10648.62;34;784;3
10649.11;28;796;2
10650.69;26;1005;8
10651.21;15;201;10
10651.26;37;209;5
10651.26;9;1073;11
10655.05;24;377;9
10655.43;21;442;0
10656.11;20;439;6
10657.02;1;26;4
10657.09;38;104;7
10658.56;40;925;1
10658.56;17;129;3
10659.14;31;875;2
10661.32;37;209;5
10661.32;9;1073;11
10661.36;35;1072;8
10665.41;24;377;9
10665.5;21;442;0
10666.16;20;439;6
10667.02;1;26;4
10667.2;38;104;7
10668.66;17;129;3
10668.7;7;1107;1
10669.17;31;875;2
10671.34;37;209;5
10671.43;35;1072;8
10675.47;24;377;9
10675.51;21;442;0
10676.2;20;439;6
10677.01;1;26;4
10677.23;38;104;7
10678.01;36;1146;10
10678.73;17;129;3
10678.81;7;1107;1
10679.23;31;875;2
10681.31;37;209;5
10681.51;35;1072;8
10685.48;24;377;9
10685.7;12;249;0
10686.56;20;439;6
10687.01;1;26;4
10687.23;38;104;7
10688.07;36;1146;10
10688.97;7;1107;1
10689.38;39;417;2
10691.34;37;209;5
10691.61;35;1072;8
10695.55;3;447;9
10695.77;12;249;0
10696.64;20;439;6
10697.09;4;287;4
10697.26;38;104;7
10697.92;36;1146;10
10699.01;7;1107;1
10699.17;42;218;3
10701.37;37;209;5
10701.55;35;1072;8
10705.73;12;249;0
10706.34;16;606;6
10707.17;4;287;4
10707.26;38;104;7
10707.51;6;307;11
10708.13;36;1146;10
10709.22;42;218;3
10711.31;37;209;5
10711.42;35;1072;8
10715.55;12;249;0
10716.68;16;606;6
10717.23;4;287;4
10717.28;38;104;7
10717.32;8;13;1
10717.55;6;307;11
10717.99;36;1146;10
10718.95;28;46;2
10719.28;42;218;3
10721.42;37;209;5
10721.65;35;1072;8
10724.25;23;574;9
10726.63;16;606;6
10726.97;11;467;4
10727.32;29;288;7
10727.51;8;13;1
10727.6;6;307;11
10728.17;0;477;10
10728.83;28;46;2
10729.3;42;218;3
10731.51;32;677;5
10731.69;35;1072;8
10734.31;23;574;9
10736.93;16;606;6
10737.28;11;467;4
10737.36;29;288;7
10737.53;8;13;1
10737.6;6;307;11
10738.21;0;477;10
10738.98;28;46;2
10739.23;42;218;3
10741.59;32;677;5
10744.29;23;574;9
10747.19;11;467;4
10747.4;29;288;7
10747.6;8;13;1
10747.64;6;307;11
10749.02;28;46;2
10749.28;42;218;3
10749.57;5;304;6
10751.49;10;76;8
10751.69;32;677;5
10754.41;23;574;9
10756.53;14;1050;10
10757.2;11;467;4
10757.44;29;288;7
10757.66;6;307;11
10758.91;28;46;2
10759.37;25;1158;3
10759.68;5;304;6
10761.53;10;76;8
10761.82;32;677;5
10764.46;23;574;9
10766.74;14;1050;10
10767.36;11;467;4
10767.36;29;288;7
10768.22;30;62;0
10768.92;28;46;2
10769.38;25;1158;3
10769.73;5;304;6
10771.59;10;76;8
10771.95;22;597;5
10774.51;23;574;9
10774.51;33;673;11
10776.71;14;1050;10
10777.49;11;467;4
10777.49;29;288;7
10778.46;30;62;0
10779.1;28;46;2
10779.79;5;304;6
10781.66;10;76;8
10782.05;22;597;5
10784.54;33;673;11
10784.59;44;1101;9
10786.75;14;1050;10
10787.55;11;467;4
10787.55;29;288;7
10787.84;19;1132;1
10788.84;30;62;0
10789.8;5;304;6
10791.71;10;76;8
10792.13;22;597;5
10794.59;33;673;11
10794.73;44;1101;9
10796.73;14;1050;10
10797.6;2;141;7
10798.15;19;1132;1
10798.47;30;62;0
10799.82;41;472;6
10802.11;22;597;5
10804.55;33;673;11
10804.8;44;1101;9
10805.88;1;236;4
10806.49;14;1050;10
10807.65;2;141;7
10808.18;19;1132;1
10808.68;30;62;0
10809.82;41;472;6
10812.14;22;597;5
10814.67;33;673;11
10815.92;1;236;4
10816.84;14;1050;10
10817.6;2;141;7
10818.27;19;1132;1
10818.67;30;62;0
10819.63;41;472;6
10820.74;39;443;2
10821.25;26;395;8
10822.18;18;425;5
10824.75;33;673;11
10825.91;1;236;4
10826.88;14;1050;10
10827.69;2;141;7
10828.26;19;1132;1
10828.84;30;62;0
10829.87;41;472;6
10830.78;39;443;2
10831.27;26;395;8
10832.26;18;425;5
10834.62;33;673;11
10835.95;1;236;4
10836.8;14;1050;10
10837.69;2;141;7
10838.41;40;350;1
10838.88;27;79;0
10839.93;41;472;6
10840.78;39;443;2
10841.31;26;395;8
10842.4;18;425;5
10843.52;34;222;3
10845.16;13;36;11
10845.98;1;236;4
10846.88;14;1050;10
10847.74;2;141;7
10848.47;40;350;1
10848.89;27;79;0
10849.97;41;472;6
10850.63;39;443;2
10851.27;26;395;8
10852.35;18;425;5
10853.54;34;222;3
10853.83;3;478;9
10855.21;13;36;11
10856.02;43;1133;4
10856.91;14;1050;10
10857.93;2;141;7
10858.34;40;350;1
10859;27;79;0
10860.05;41;472;6
10860.85;31;37;2
10861.39;26;395;8
10862.47;18;425;5
10863.61;34;222;3
10863.61;3;478;9
10865.29;13;36;11
10866.43;43;1133;4
10866.93;15;547;10
10867.85;38;300;7
10868.38;40;350;1
10869.11;27;79;0
10870.06;41;472;6
10870.92;31;37;2
10871.43;26;395;8
10872.81;18;425;5
10873.86;34;222;3
10873.91;3;478;9
10875.31;6;375;11
10876.77;43;1133;4
10876.95;15;547;10
10877.98;38;300;7
10878.5;40;350;1
10879.05;27;79;0
10880.04;41;472;6
10880.98;31;37;2
10883.77;17;561;3
10883.91;3;478;9
10885.36;6;375;11
10886.95;15;547;10
10888.53;40;350;1
10889.06;27;79;0
10890.02;4;108;4
10890.07;41;472;6
10891.03;31;37;2
10893.85;17;561;3
10893.98;3;478;9
10895.68;6;375;11
10896.95;15;547;10
10898.3;40;350;1
10899.21;21;646;0
10900;4;108;4
10900.07;20;914;6
10901.02;31;37;2
10903.84;17;561;3
10904.18;3;478;9
10905.72;6;375;11
10906.95;15;547;10
10907.14;35;73;8
10908.54;7;70;1
10909.18;21;646;0
10910.06;4;108;4
10910.11;20;914;6
10911.12;31;37;2
10913.91;25;1077;3
10914.29;3;478;9
10915.39;6;375;11
10917;0;305;10
10917.18;35;73;8
10918.58;7;70;1
10919.25;21;646;0
10920.09;4;108;4
10920.13;20;914;6
10923.91;25;1077;3
10924.36;24;313;9
10925.72;6;375;11
10926.98;0;305;10
10927.23;35;73;8
10928.66;8;830;1
10929.29;12;39;0
10930.14;20;914;6
10933.96;25;1077;3
10934.43;24;313;9
10934.5;28;57;2
10935.48;6;375;11
10936.96;0;305;10
10937.37;35;73;8
10938.77;8;830;1
10939.34;12;39;0
10940.08;20;914;6
10941.12;29;490;7
10943.99;25;1077;3
10944.46;24;313;9
10944.71;28;57;2
10945.73;9;20;11
10946.81;32;42;5
10947.05;0;305;10
10947.39;35;73;8
10948.77;8;830;1
10949.49;12;39;0
10949.68;11;926;4
10950.19;16;53;6
10951.29;29;490;7
10954.07;25;1077;3
10954.45;24;313;9
10954.77;28;57;2
10955.77;9;20;11
10956.94;32;42;5
10956.99;36;1106;10
10957.44;10;315;8
10959.38;12;39;0
10959.53;11;926;4
10960.3;16;53;6
10961.39;29;490;7
10964.15;25;1077;3
10964.48;44;1136;9
10964.8;28;57;2
10965.74;9;20;11
10966.99;32;42;5
10967.12;36;1106;10
10967.47;10;315;8
10969.52;12;39;0
10969.67;11;926;4
10970.35;16;53;6
10971.44;29;490;7
10974.24;25;1077;3
10974.48;44;1136;9
10974.86;28;57;2
10975.74;9;20;11
10977.06;22;805;5
10977.2;14;1174;10
10977.52;10;315;8
10979.52;12;39;0
10979.57;19;240;1
10979.73;11;926;4
10980.28;16;53;6
10984.39;42;202;3
10984.52;44;1136;9
10985.06;28;57;2
10985.87;9;20;11
10986.89;22;805;5
10987.24;14;1174;10
10987.6;10;315;8
10989.47;12;39;0
10989.7;19;240;1
10989.79;11;926;4
10990.39;5;317;6
10994.44;42;202;3
10994.48;44;1136;9
10995.15;28;57;2
10995.81;9;20;11
10996.73;22;805;5
10997.23;14;1174;10
10997.81;10;315;8
10999.53;30;1164;0
10999.57;19;240;1
10999.79;11;926;4
11004.27;41;729;6
11004.46;42;202;3
11004.51;44;1136;9
11005.89;9;20;11
11006.32;39;511;2
11007.15;37;1183;5
11007.28;14;1174;10
11007.9;10;315;8
11009.54;30;1164;0
11009.77;19;240;1
11009.82;2;974;7
11009.86;11;926;4
11014.39;41;729;6
11014.54;42;202;3
11014.59;44;1136;9
11016.7;39;511;2
11017.19;37;1183;5
11017.28;14;1174;10
11017.99;10;315;8
11019.78;40;26;1
11019.87;11;926;4
11019.87;2;974;7
11022.12;13;179;11
11024.16;41;729;6
11024.45;42;202;3
11024.59;44;1136;9
11026.83;39;511;2
11027.21;37;1183;5
11028.04;10;315;8
11029.68;40;26;1
11029.99;11;926;4
11029.99;2;974;7
11032.1;13;179;11
11034.41;41;729;6
11034.56;42;202;3
11034.78;23;1000;9
11037.17;39;511;2
11037.21;37;1183;5
11038.12;26;318;8
11039.83;40;26;1
11040;11;926;4
11040.04;21;181;0
11040.04;2;974;7
11041.97;33;326;11
11044.29;41;729;6
11044.5;42;202;3
11044.85;23;1000;9
11047.21;39;511;2
11047.25;37;1183;5
11048.23;26;318;8
11049.67;40;26;1
11050;11;926;4
11050.09;21;181;0
11050.09;2;974;7
11052.05;33;326;11
11054.49;42;202;3
11054.49;41;729;6
11056.75;36;1096;10
11057.21;39;511;2
11057.3;37;1183;5
11058.58;26;318;8
11059.34;3;986;9
11059.82;40;26;1
11060.02;1;1031;4
11060.22;21;181;0
11060.22;2;974;7
11062.02;33;326;11
11064.57;17;1029;3
11064.57;41;729;6
11067.23;39;511;2
11067.36;37;1183;5
11068.62;26;318;8
11069.32;3;986;9
11069.84;40;26;1
11069.98;1;1031;4
11070.28;38;960;7
11074.61;41;729;6
11074.65;17;1029;3
11077.32;37;1183;5
11078.66;27;760;0
11078.66;26;318;8
11078.89;31;47;2
11079.24;15;114;10
11079.39;3;986;9
11079.88;7;1179;1
11080.07;1;1031;4
11080.33;38;960;7
11084.7;17;1029;3
11087.41;18;343;5
11088.54;27;760;0
11088.54;26;318;8
11089.02;31;47;2
11089.29;15;114;10
11089.41;3;986;9
11089.93;7;1179;1
11090.29;1;1031;4
11090.37;38;960;7
11094.7;17;1029;3
11097.46;18;343;5
11098.63;35;998;8
11098.7;27;760;0
11099.36;28;88;2
11099.72;3;986;9
11099.77;7;1179;1
11100.29;1;1031;4
11100.38;38;960;7
11104.71;17;1029;3
11107.52;18;343;5
11108.7;35;998;8
11108.96;27;760;0
11109.04;28;88;2
11109.79;3;986;9
11109.99;8;654;1
11110.37;43;274;4
11110.41;38;960;7
11112.32;6;660;11
11114.68;34;85;3
11117.57;18;343;5
11118.81;35;998;8
11119.04;27;760;0
11119.43;28;88;2
11120.01;5;704;6
11120.01;24;587;9
11120.1;8;654;1
11120.45;43;274;4
11120.45;38;960;7
11121.01;0;1035;10
11124.74;34;85;3
11128.84;35;998;8
11128.89;27;760;0
11129.51;28;88;2
11130;5;704;6
11130;24;587;9
11130.41;43;274;4
11130.41;38;960;7
11131.21;0;1035;10
11135.2;22;345;5
11136.54;25;1134;3
11138.88;35;998;8
11139.13;12;606;0
11139.45;28;88;2
11140.07;16;380;6
11140.07;24;587;9
11140.47;43;274;4
11140.51;29;37;7
11141.25;0;1035;10
11145.23;22;345;5
11146.51;25;1134;3
11148.96;35;998;8
11149.17;30;248;0
11149.5;28;88;2
11150.29;24;587;9
11150.33;43;274;4
11150.56;29;37;7
11155.24;22;345;5
11156.56;25;1134;3
11159.01;35;998;8
11159.32;19;1025;1
11159.46;30;248;0
11160.29;24;587;9
11160.48;43;274;4
11160.8;29;37;7
11163.21;9;456;11
11164.67;14;1005;10
11165.27;22;345;5
11166.53;25;1134;3
11169.05;35;998;8
11169.4;19;1025;1
11169.56;30;248;0
11170.49;43;274;4
11170.54;29;37;7
11173.3;9;456;11
11174.75;14;1005;10
11175.29;22;345;5
11176.57;25;1134;3
11179.06;35;998;8
11179.44;19;1025;1
11179.56;30;248;0
11180.54;43;274;4
11180.84;29;37;7
11183.37;9;456;11
11184.74;14;1005;10
11185.34;32;622;5
11189.14;35;998;8
11189.5;19;1025;1
11190.85;4;409;4
11194.8;14;1005;10
11195.56;32;622;5
11199.18;10;906;8
11199.49;19;1025;1
11200.89;4;409;4
11201.42;17;372;3
11202.94;23;858;9
11204.79;14;1005;10
11205.89;32;622;5
11207.59;33;1077;11
11209.17;10;906;8
11209.32;19;1025;1
11210.21;20;473;6
11210.92;4;409;4
11211.47;34;269;3
11212.96;23;858;9
11214.82;14;1005;10
11215.93;32;622;5
11217.64;31;1096;2
11217.64;33;1077;11
11219.18;10;906;8
11219.5;19;1025;1
11220.3;20;473;6
11220.96;11;212;4
11221.45;2;429;7
11221.59;34;269;3
11222.97;23;858;9
11224.68;14;1005;10
11225.96;32;622;5
11227.81;31;1096;2
11229.24;10;906;8
11229.54;19;1025;1
11230.34;20;473;6
11231;11;212;4
11231.48;2;429;7
11231.61;34;269;3
11232.8;23;858;9
11234.87;15;297;10
11235.33;21;2;0
11235.95;32;622;5
11237.79;31;1096;2
11239.05;10;906;8
11239.59;19;1025;1
11240.39;20;473;6
11241.04;1;1023;4
11241.52;2;429;7
11241.66;34;269;3
11243.05;23;858;9
11243.33;6;561;11
11244.89;15;297;10
11245.33;21;2;0
11245.98;32;622;5
11247.83;31;1096;2
11250.47;41;293;6
11251.1;1;1023;4
11251.57;34;269;3
11251.57;2;429;7
11253.12;3;408;9
11253.4;6;561;11
11254.93;15;297;10
11255.43;21;2;0
11255.7;7;197;1
11256.02;32;622;5
11260.55;41;293;6
11261.13;1;1023;4
11261.51;34;269;3
11261.71;2;429;7
11262.93;3;408;9
11263.51;6;561;11
11265.02;15;297;10
11265.51;21;2;0
11265.74;7;197;1
11265.78;26;583;8
11265.97;37;317;5
11270.6;41;293;6
11271.67;42;1084;3
11271.76;2;429;7
11273.15;3;408;9
11273.55;13;474;11
11275.1;36;158;10
11275.52;21;2;0
11275.65;7;197;1
11275.87;26;583;8
11276.04;37;317;5
11280.6;41;293;6
11281.72;42;1084;3
11281.81;2;429;7
11283.64;13;474;11
11285.48;12;83;0
11285.69;7;197;1
11285.98;26;583;8
11286.08;37;317;5
11290.61;41;293;6
11291.67;42;1084;3
11291.81;2;429;7
11293.66;13;474;11
11294.66;44;289;9
11295.37;43;1044;4
11295.55;12;83;0
11295.77;7;197;1
11296.03;26;583;8
11296.22;37;317;5
11298.81;0;931;10
11300.65;41;293;6
11300.71;39;756;2
11301.85;38;734;7
11303.64;13;474;11
11304.42;44;289;9
11305.38;43;1044;4
11305.6;12;83;0
11305.75;40;329;1
11306.07;35;486;8
11306.29;37;317;5
11308.86;0;931;10
11310.71;39;756;2
11310.71;41;293;6
11311.93;38;734;7
11313.66;13;474;11
11314.72;44;289;9
11315.18;43;1044;4
11315.63;12;83;0
11315.8;40;329;1
11316.2;35;486;8
11316.33;37;317;5
11318.85;0;931;10
11320.37;41;293;6
11320.75;28;36;2
11321.85;38;734;7
11323.71;13;474;11
11324.75;24;650;9
11325.42;43;1044;4
11325.72;27;1177;0
11325.84;8;170;1
11326.32;35;486;8
11326.58;37;317;5
11328.97;0;931;10
11330.69;41;293;6
11330.93;28;36;2
11331.96;38;734;7
11333.71;13;474;11
11334.88;24;650;9
11335.46;4;159;4
11335.75;27;1177;0
11335.92;8;170;1
11336.34;35;486;8
11336.64;37;317;5
11339.06;0;931;10
11340.71;41;293;6
11340.97;28;36;2
11341.06;25;980;3
11343.8;9;851;11
11344.83;24;650;9
11345.83;27;1177;0
11345.83;8;170;1
11346.37;10;719;8
11346.76;37;317;5
11349.06;0;931;10
11350.76;5;660;6
11351.02;28;36;2
11351.13;25;980;3
11353.87;9;851;11
11354.92;23;79;9
11355.93;27;1177;0
11355.98;8;170;1
11356.44;10;719;8
11356.84;18;737;5
11359.13;0;931;10
11360.88;5;660;6
11361.14;31;261;2
11361.14;17;380;3
11363.79;9;851;11
11364.94;23;79;9
11365.97;30;797;0
11366.37;8;170;1
11366.42;10;719;8
11366.94;18;737;5
11369.27;0;931;10
11369.89;29;547;7
11370.93;5;660;6
11371.18;31;261;2
11371.18;17;380;3
11373.93;9;851;11
11374.82;23;79;9
11376.05;30;797;0
11376.42;10;719;8
11377.02;18;737;5
11379.1;0;931;10
11379.93;29;547;7
11380.14;19;562;1
11380.98;5;660;6
11381.14;31;261;2
11381.14;17;380;3
11384;33;1001;11
11384.97;23;79;9
11386.09;30;797;0
11386.36;10;719;8
11387.09;22;1030;5
11389.3;0;931;10
11389.97;29;547;7
11390.19;19;562;1
11391.03;5;660;6
11391.22;31;261;2
11391.22;17;380;3
11394.05;33;1001;11
11395.01;23;79;9
11396.12;30;797;0
11396.49;10;719;8
11397.44;22;1030;5
11400;29;547;7
11401.11;16;397;6
11401.26;39;864;2
11401.26;17;380;3
11404.06;33;1001;11
11405.05;23;79;9
11406.03;30;797;0
11407.15;7;909;1
11407.49;22;1030;5
11410.06;29;547;7
11411.21;39;864;2
11411.21;16;397;6
11411.3;17;380;3
11411.74;11;585;4
11413.91;33;1001;11
11415.06;44;276;9
11416;30;797;0
11417.19;7;909;1
11417.58;22;1030;5
11420.02;29;547;7
11421.34;39;864;2
11421.34;34;212;3
11421.34;16;397;6
11421.85;11;585;4
11423.18;14;857;10
11424.96;44;276;9
11426.15;30;797;0
11426.84;26;1060;8
11427.24;7;909;1
11427.59;22;1030;5
11430.13;29;547;7
11431.28;34;212;3
11431.38;16;397;6
11431.91;11;585;4
11433.22;14;857;10
11435.1;44;276;9
11435.99;30;797;0
11436.95;26;1060;8
11437.28;7;909;1
11437.66;32;222;5
11440.25;29;547;7
11441.38;34;212;3
11441.57;20;730;6
11441.9;11;585;4
11443.04;14;857;10
11445;44;276;9
11446.16;21;214;0
11446.27;6;1017;11
11446.9;26;1060;8
11447.32;7;909;1
11447.67;32;222;5
11450.31;29;547;7
11451.42;34;212;3
11451.82;20;730;6
11451.91;11;585;4
11454.11;15;827;10
11455.18;3;572;9
11456.24;21;214;0
11456.24;6;1017;11
11456.98;26;1060;8
11457.27;7;909;1
11457.69;32;222;5
11460.32;29;547;7
11461.36;34;212;3
11461.86;20;730;6
11461.98;1;315;4
11464.12;15;827;10
11465.21;3;572;9
11466.31;21;214;0
11466.31;6;1017;11
11467.03;26;1060;8
11467.31;40;793;1
11467.74;32;222;5
11470.33;2;593;7
11471.49;34;212;3
11471.96;20;730;6
11472.31;1;315;4
11474.09;15;827;10
11476.32;12;606;0
11476.32;6;1017;11
11477.09;26;1060;8
11477.31;40;793;1
11477.81;37;1116;5
11480.37;2;593;7
11481.71;34;212;3
11482.09;20;730;6
11482.36;1;315;4
11484.06;36;285;10
11486.36;6;1017;11
11487.13;26;1060;8
11487.36;40;793;1
11487.86;37;1116;5
11489.04;27;1080;0
11491.83;42;324;3
11492.37;1;315;4
11492.37;20;730;6
11494.31;36;285;10
11496.42;6;1017;11
11496.96;26;1060;8
11497.4;8;1009;1
11497.98;37;1116;5
11499.05;27;1080;0
11499.25;38;1074;7
11501.87;42;324;3
11502.43;1;315;4
11502.43;20;730;6
11504.61;36;285;10
11506.49;6;1017;11
11507.18;35;764;8
11507.42;8;1009;1
11509.05;27;1080;0
11509.29;38;1074;7
11511.73;42;324;3
11512.43;1;315;4
11512.47;20;730;6
11514.61;36;285;10
11514.73;24;501;9
11516.5;6;1017;11
11517.29;35;764;8
11517.42;8;1009;1
11518.97;27;1080;0
11519.39;38;1074;7
11521.93;42;324;3
11522.51;1;315;4
11522.51;18;88;5
11522.51;20;730;6
11523.18;28;998;2
11524.84;24;501;9
11527.29;10;150;8
11527.47;8;1009;1
11529.14;27;1080;0
11529.55;38;1074;7
11531.66;42;324;3
11532.14;13;671;11
11532.53;1;315;4
11532.53;18;88;5
11533.38;28;998;2
11534.89;24;501;9
11537.37;8;1009;1
11537.37;10;150;8
11539.1;27;1080;0
11539.64;38;1074;7
11541.88;42;324;3
11542.18;13;671;11
11542.54;4;740;4
11542.58;18;88;5
11543.43;28;998;2
11544.28;5;372;6
11544.94;24;501;9
11547.36;10;150;8
11547.51;8;1009;1
11549.64;38;1074;7
11551.85;42;324;3
11552.11;13;671;11
11552.56;4;740;4
11552.64;18;88;5
11553.44;28;998;2
11554.97;24;501;9
11557.49;10;150;8
11557.54;8;1009;1
11559.74;38;1074;7
11561.95;42;324;3
11562.63;4;740;4
11565.04;24;501;9
11567.37;10;150;8
11567.54;8;1009;1
11568.54;9;829;11
11569.71;38;1074;7
11570.74;39;282;2
11572;25;1107;3
11572.74;43;577;4
11572.82;16;971;6
11574.5;22;502;5
11574.59;14;201;10
11575.09;24;501;9
11577.46;10;150;8
11577.58;8;1009;1
11578.57;9;829;11
11579.78;38;1074;7
11580.87;39;282;2
11582.12;25;1107;3
11582.78;43;577;4
11582.87;16;971;6
11584.57;22;502;5
11584.7;14;201;10
11587.47;10;150;8
11587.68;8;1009;1
11588.61;9;829;11
11590.76;39;282;2
11592.16;25;1107;3
11592.84;43;577;4
11592.84;16;971;6
11594.58;22;502;5
11594.63;14;201;10
11597.54;10;150;8
11597.63;8;1009;1
11598.7;9;829;11
11599.18;23;603;9
11600.58;30;1124;0
11600.94;39;282;2
11601.57;2;487;7
11602.38;25;1107;3
11602.89;16;971;6
11602.93;43;577;4
11604.66;22;502;5
11604.74;0;884;10
11607.52;10;150;8
11607.74;19;384;1
11608.75;9;829;11
11609.22;23;603;9
11610.97;39;282;2
11611.76;2;487;7
11612.42;25;1107;3
11612.89;41;365;6
11612.94;43;577;4
11614.78;0;884;10
11617.61;10;150;8
11617.8;19;384;1
11617.98;12;347;0
11618.78;9;829;11
11619.16;23;603;9
11620.89;39;282;2
11621.74;2;487;7
11622.44;25;1107;3
11622.93;41;365;6
11622.98;11;114;4
11624.85;15;197;10
11627.62;10;150;8
11627.88;19;384;1
11628.06;12;347;0
11629.15;44;255;9
11631.01;31;38;2
11631.59;33;984;11
11631.81;29;49;7
11632.44;17;1184;3
11632.97;41;365;6
11633.01;11;114;4
11634.89;15;197;10
11637.89;19;384;1
11638.12;12;347;0
11639.27;44;255;9
11640.2;26;102;8
11641.06;31;38;2
11641.65;33;984;11
11641.98;29;49;7
11642.44;17;1184;3
11642.49;32;440;5
11643.01;41;365;6
11643.06;11;114;4
11644.96;15;197;10
11647.91;7;87;1
11648.4;12;347;0
11649.2;44;255;9
11650.56;26;102;8
11651.68;33;984;11
11651.86;29;49;7
11652.49;17;1184;3
11652.61;32;440;5
11653.04;41;365;6
11654.99;15;197;10
11657.97;7;87;1
11658.52;12;347;0
11659.39;3;81;9
11660.64;26;102;8
11661.99;29;49;7
11662.57;17;1184;3
11662.66;32;440;5
11663.1;41;365;6
11664.99;15;197;10
11668.01;7;87;1
11668.59;21;757;0
11669.44;3;81;9
11670.7;26;102;8
11672.03;29;49;7
11672.49;17;1184;3
11672.61;32;440;5
11673.15;41;365;6
11674.83;1;23;4
11675.04;36;110;10
11678.65;21;757;0
11679.16;3;81;9
11680.79;13;831;11
11682.19;29;49;7
11682.58;17;1184;3
11682.7;32;440;5
11683.2;41;365;6
11684.72;1;23;4
11685.12;36;110;10
11688.73;21;757;0
11689.49;3;81;9
11690.86;13;831;11
11692.63;17;1184;3
11692.72;32;440;5
11693.21;41;365;6
11694.91;1;23;4
11698.71;21;757;0
11700.07;28;874;2
11700.94;13;831;11
11702.64;17;1184;3
11702.77;32;440;5
11703.25;20;121;6
11704.92;1;23;4
11708.77;21;757;0
11710.13;28;874;2
11710.95;13;831;11
11712.47;17;1184;3
11712.96;32;440;5
11713.33;20;121;6
11718.13;35;943;8
11718.37;23;782;9
11718.8;27;847;0
11720.18;28;874;2
11720.91;6;931;11
11722.64;34;35;3
11722.98;37;547;5
11723.36;20;121;6
11725.35;38;632;7
11728.17;35;943;8
11728.42;23;782;9
11728.84;27;847;0
11729.71;4;1179;4
11730.08;28;874;2
11731;6;931;11
11732.33;40;357;1
11732.68;34;35;3
11733;37;547;5
11735.67;38;632;7
11738.33;35;943;8
11738.48;24;585;9
11739.72;4;1179;4
11740;28;874;2
11740.56;5;1053;6
11741.08;6;931;11
11742.03;40;357;1
11742.75;34;35;3
11743;37;547;5
11745.58;38;632;7
11748.34;35;943;8
11748.56;24;585;9
11749.62;4;1179;4
11749.91;31;152;2
11750.77;5;1053;6
11751.13;6;931;11
11752.06;40;357;1
11752.76;34;35;3
11753;37;547;5
11755.67;38;632;7
11758.23;35;943;8
11758.54;24;585;9
11759.74;4;1179;4
11760.94;5;1053;6
11761.08;6;931;11
11762.37;40;357;1
11762.79;42;454;3
11762.97;30;486;0
11763.01;37;547;5
11765.59;38;632;7
11768.35;10;672;8
11768.39;44;33;9
11769.79;4;1179;4
11772.4;40;357;1
11772.84;42;454;3
11773.03;30;486;0
11773.03;18;914;5
11775.72;38;632;7
11778.39;10;672;8
11778.63;44;33;9
11779.83;11;712;4
11782.21;40;357;1
11782.62;0;425;10
11782.83;42;454;3
11782.98;30;486;0
11782.98;18;914;5
11785.84;38;632;7
11788.4;10;672;8
11788.66;44;33;9
11789.84;11;712;4
11790.74;16;867;6
11792.44;40;357;1
11792.53;0;425;10
11792.89;25;348;3
11792.94;30;486;0
11792.94;18;914;5
11795.87;38;632;7
11797.09;39;303;2
11798.46;10;672;8
11798.69;44;33;9
11799.9;11;712;4
11800.98;16;867;6
11802.38;40;357;1
11802.66;0;425;10
11802.95;25;348;3
11803.06;30;486;0
11803.11;18;914;5
11805.91;2;768;7
11807.21;39;303;2
11808.74;44;33;9
11809.95;11;712;4
11810.74;33;1138;11
11811.06;16;867;6
11812.24;8;638;1
11812.71;0;425;10
11813;25;348;3
11813.04;30;486;0
11813.11;18;914;5
11815.8;2;768;7
11817.23;39;303;2
11818.67;44;33;9
11819.84;11;712;4
11820.66;33;1138;11
11821.08;16;867;6
11822.45;8;638;1
11822.59;36;827;10
11823.08;30;486;0
11823.08;25;348;3
11824.54;22;1165;5
11825.8;2;768;7
11827.25;39;303;2
11828.75;44;33;9
11829.99;43;735;4
11830.75;33;1138;11
11831.04;16;867;6
11832.51;8;638;1
11832.66;14;281;10
11833.09;12;1193;0
11834.62;22;1165;5
11835.93;2;768;7
11837.22;39;303;2
11838.7;44;33;9
11840.3;43;735;4
11840.8;9;79;11
11841.06;16;867;6
11842.64;8;638;1
11842.75;14;281;10
11843.13;12;1193;0
11844.7;22;1165;5
11846.02;2;768;7
11847.27;39;303;2
11848.82;44;33;9
11850.31;43;735;4
11850.87;9;79;11
11851.12;16;867;6
11852.72;8;638;1
11852.92;15;696;10
11853.06;12;1193;0
11854.72;22;1165;5
11856.06;29;1106;7
11857.31;39;303;2
11858.54;44;33;9
11860.34;1;597;4
11860.76;9;79;11
11862.68;8;638;1
11862.93;15;696;10
11863.21;12;1193;0
11864.78;42;926;3
11864.78;22;1165;5
11865.13;5;118;6
11866.2;29;1106;7
11868.88;3;862;9
11870.37;1;597;4
11870.5;35;58;8
11870.94;13;607;11
11872.77;19;346;1
11872.99;15;696;10
11873.26;27;766;0
11874.91;42;926;3
11875.04;5;118;6
11876.22;29;1106;7
11878.93;3;862;9
11880.41;1;597;4
11880.46;35;58;8
11880.98;13;607;11
11882.9;19;346;1
11883.03;15;696;10
11883.07;27;766;0
11884.89;32;583;5
11884.98;42;926;3
11885.09;5;118;6
11887.29;38;915;7
11888.87;3;862;9
11890.42;1;597;4
11891.21;13;607;11
11892.95;19;346;1
11893.25;27;766;0
11894.94;32;583;5
11894.99;42;926;3
11895.21;41;265;6
11897.1;26;412;8
11897.23;38;915;7
11898.97;3;862;9
11900.46;1;597;4
11901.25;13;607;11
11902.96;19;346;1
11903;27;766;0
11904.9;32;583;5
11904.99;42;926;3
11905.26;41;265;6
11907.18;26;412;8
11907.36;38;915;7
11908.98;3;862;9
11910.53;1;597;4
11911.27;13;607;11
11912.94;7;846;1
11913.19;27;766;0
11914.74;32;583;5
11915.03;17;659;3
11915.37;41;265;6
11917.02;26;412;8
11917.27;28;787;2
11917.41;38;915;7
11919.02;3;862;9
11920.63;1;597;4
11921.26;13;607;11
11923.04;7;846;1
11923.3;21;1020;0
11925.14;17;659;3
11925.41;41;265;6
11927.28;28;787;2
11927.33;38;915;7
11929.11;23;244;9
11930.5;10;984;8
11930.74;4;46;4
11931.31;13;607;11
11933.04;7;846;1
11933.09;21;1020;0
11935.18;17;659;3
11935.23;41;265;6
11937.31;28;787;2
11937.4;38;915;7
11939.16;24;606;9
11939.26;37;555;5
11940.5;10;984;8
11940.8;4;46;4
11941.12;6;871;11
11942.99;7;846;1
11945.16;17;659;3
11945.44;41;265;6
11947.38;28;787;2
11947.47;2;364;7
11949.21;24;606;9
11949.26;37;555;5
11950.69;10;984;8
11950.83;4;46;4
11951.36;6;871;11
11953.05;7;846;1
11955.08;17;659;3
11955.48;41;265;6
11957.4;28;787;2
11957.45;2;364;7
11959.22;24;606;9
11960.98;4;46;4
11961.44;6;871;11
11963.07;40;424;1
11965.18;17;659;3
11965.66;20;149;6
11967.39;28;787;2
11967.49;2;364;7
11969.29;44;874;9
11969.56;0;584;10
11970.03;30;116;0
11971.07;4;46;4
11971.47;6;871;11
11976.1;20;149;6
11977.41;28;787;2
11979.55;44;874;9
11979.55;0;584;10
11980.23;30;116;0
11981.12;11;441;4
11981.48;6;871;11
11986.11;20;149;6
11987.38;31;304;2
11989.57;44;874;9
11989.61;0;584;10
11990.21;25;600;3
11990.29;30;116;0
11991.2;11;441;4
11991.49;6;871;11
11996.16;20;149;6
11999.57;44;874;9
11999.61;0;584;10
12000.28;25;600;3
12000.32;30;116;0
12001.42;11;441;4
12001.56;6;871;11
12009.58;44;874;9
12009.62;0;584;10
12010.2;25;600;3
12010.32;30;116;0
12011.6;6;871;11
12014.67;18;678;5
12019.59;44;874;9
12019.63;0;584;10
12020.32;25;600;3
12020.37;30;116;0
12021.68;6;871;11
12024.68;18;678;5
12029.63;44;874;9
12029.63;0;584;10
12030.3;25;600;3
12031.8;6;871;11
12032.89;2;235;7
12034.72;22;970;5
12039.64;36;566;10
12039.69;44;874;9
12040.36;25;600;3
12041.63;8;383;1
12042.03;10;534;8
12042.03;33;284;11
12043.04;38;551;7
12044.77;22;970;5
12045.09;5;165;6
12049.31;43;791;4
12049.61;36;566;10
12049.69;44;874;9
12050.4;25;600;3
12051.68;8;383;1
12051.98;10;534;8
12052.09;33;284;11
12054.75;22;970;5
12055.11;5;165;6
12059.39;43;791;4
12059.65;36;566;10
12059.69;44;874;9
12060.21;25;600;3
12060.68;39;305;2
12061.82;8;383;1
12062.14;35;1105;8
12062.18;33;284;11
12062.78;12;942;0
12064.23;29;770;7
12064.81;32;473;5
12065.15;5;165;6
12069.49;43;791;4
12069.56;36;566;10
12069.69;23;546;9
12070.42;25;600;3
12070.67;39;305;2
12071.73;8;383;1
12071.99;35;1105;8
12072.22;33;284;11
12074.27;29;770;7
12074.83;32;473;5
12075.18;5;165;6
12079.4;43;791;4
12079.56;36;566;10
12079.69;23;546;9
12080.45;25;600;3
12080.7;39;305;2
12081.79;19;945;1
12082.03;35;1105;8
12082.31;9;1015;11
12084.02;29;770;7
12084.86;37;759;5
12085.22;5;165;6
12089.27;21;67;0
12089.56;43;791;4
12089.69;23;546;9
12089.69;14;134;10
12090.24;25;600;3
12090.74;28;762;2
12091.89;19;945;1
12092.17;35;1105;8
12092.38;9;1015;11
12093.97;29;770;7
12094.92;37;759;5
12095.35;5;165;6
12099.33;21;67;0
12099.63;1;585;4
12099.63;23;546;9
12099.63;14;134;10
12100.45;34;918;3
12100.75;28;762;2
12101.96;7;734;1
12102.21;35;1105;8
12102.45;9;1015;11
12104.35;29;770;7
12104.95;37;759;5
12105.44;5;165;6
12109.34;21;67;0
12109.74;1;585;4
12109.74;3;768;9
12109.74;14;134;10
12110.5;42;980;3
12112.17;7;734;1
12112.17;26;474;8
12112.49;9;1015;11
12114.42;29;770;7
12115.01;37;759;5
12115.5;16;426;6
12119.43;27;368;0
12119.47;15;99;10
12119.78;1;585;4
12119.78;3;768;9
12120.54;42;980;3
12122.25;7;734;1
12122.25;26;474;8
12123.43;13;891;11
12124.5;29;770;7
12125.09;31;108;2
12129.47;27;368;0
12129.78;1;585;4
12129.78;3;768;9
12129.78;15;99;10
12130.52;42;980;3
12132.08;7;734;1
12132.29;26;474;8
12133.51;13;891;11
12134.64;29;770;7
12135.16;31;108;2
12139.54;27;368;0
12139.73;3;768;9
12139.83;4;537;4
12140.12;41;807;6
12140.54;42;980;3
12142.3;7;734;1
12142.34;26;474;8
12143.51;13;891;11
12144.81;29;770;7
12149.59;27;368;0
12149.83;24;843;9
12149.87;4;537;4
12150.19;41;807;6
12150.52;42;980;3
12152.14;7;734;1
12153.54;13;891;11
12154.85;29;770;7
12159.65;27;368;0
12159.86;24;843;9
12159.9;4;537;4
12160.22;41;807;6
12160.63;42;980;3
12161.93;36;1100;10
12162.34;7;734;1
12163.59;13;891;11
12169.86;24;843;9
12169.9;4;537;4
12170.24;41;807;6
12170.76;17;1048;3
12172.01;36;1100;10
12172.33;7;734;1
12173.19;30;564;0
12173.7;13;891;11
12179.9;4;537;4
12180.29;20;398;6
12180.87;17;1048;3
12182.31;7;734;1
12183.27;30;564;0
12183.75;13;891;11
12186.82;18;115;5
12189.91;4;537;4
12190.33;20;398;6
12190.88;17;1048;3
12192.95;38;280;7
12193.08;30;564;0
12195.45;28;169;2
12196.05;33;1149;11
12196.9;18;115;5
12197.66;10;421;8
12199.13;44;702;9
12200.33;20;398;6
12200.9;17;1048;3
12202.48;0;1098;10
12203.02;11;95;4
12203.02;38;280;7
12203.1;30;564;0
12205.5;28;169;2
12206.1;33;1149;11
12206.15;40;860;1
12207.21;18;115;5
12207.7;10;421;8
12209.35;44;702;9
12210.36;20;398;6
12210.78;17;1048;3
12212.57;0;1098;10
12213.03;11;95;4
12213.03;38;280;7
12213.34;30;564;0
12215.57;28;169;2
12216.08;33;1149;11
12216.15;40;860;1
12217.27;32;65;5
12217.7;10;421;8
12219.36;44;702;9
12220.35;20;398;6
12220.93;17;1048;3
12222.52;0;1098;10
12222.98;11;95;4
12222.98;38;280;7
12223.37;30;564;0
12225.59;28;169;2
12226.1;33;1149;11
12226.15;40;860;1
12227.22;32;65;5
12227.67;10;421;8
12229.26;44;702;9
12230.39;20;398;6
12233.05;38;280;7
12233.09;11;95;4
12233.43;30;564;0
12234.67;25;372;3
12235.57;39;378;2
12236.13;33;1149;11
12236.18;40;860;1
12237.34;32;65;5
12240.45;20;398;6
12240.6;14;221;10
12243.07;38;280;7
12243.16;43;857;4
12243.44;30;564;0
12244.04;3;691;9
12244.47;25;372;3
12245.64;39;378;2
12246.13;6;354;11
12246.18;40;860;1
12247.34;32;65;5
12250.47;20;398;6
12250.52;35;827;8
12250.61;14;221;10
12253.12;38;280;7
12253.4;43;857;4
12253.49;12;794;0
12254.65;25;372;3
12255.65;39;378;2
12256.16;6;354;11
12257.35;22;224;5
12258.16;19;477;1
12260.53;20;398;6
12260.58;35;827;8
12260.58;14;221;10
12263.16;2;532;7
12263.44;43;857;4
12263.53;12;794;0
12264.68;25;372;3
12264.68;23;880;9
12265.61;39;378;2
12266.2;6;354;11
12267.4;22;224;5
12270.54;5;154;6
12270.62;8;240;1
12272.82;2;532;7
12273.45;43;857;4
12274.71;25;372;3
12274.75;23;880;9
12275.7;39;378;2
12276.25;6;354;11
12277.47;22;224;5
12280.6;5;154;6
12280.67;8;240;1
12283.2;2;532;7
12284.65;25;372;3
12284.8;23;880;9
12285.37;21;249;0
12285.71;39;378;2
12286.29;6;354;11
12287.45;22;224;5
12287.97;26;981;8
12288.55;1;144;4
12290.56;5;154;6
12290.67;8;240;1
12294.8;34;1077;3
12294.91;23;880;9
12295.24;21;249;0
12295.8;31;597;2
12296.21;9;26;11
12297.52;22;224;5
12298.02;26;981;8
12298.55;1;144;4
12300;15;305;10
12300.65;5;154;6
12300.7;8;240;1
12304.72;34;1077;3
12304.89;23;880;9
12305.35;21;249;0
12305.84;31;597;2
12306.21;9;26;11
12307.56;22;224;5
12308.19;26;981;8
12308.46;1;144;4
12310.03;15;305;10
12310.64;5;154;6
12310.7;8;240;1
12314.82;34;1077;3
12315.92;31;597;2
12316.35;9;26;11
12316.89;29;77;7
12317.49;22;224;5
12318.26;26;981;8
12318.56;1;144;4
12320.08;15;305;10
12320.65;5;154;6
12324.86;42;259;3
12325.94;31;597;2
12326.46;9;26;11
12326.92;29;77;7
12327.59;37;1087;5
12328.47;10;418;8
12328.6;1;144;4
12330.22;15;305;10
12330.71;16;1037;6
12331.21;24;73;9
12334.87;42;259;3
12336.04;31;597;2
12336.38;9;26;11
12336.95;29;77;7
12337.52;37;1087;5
12338.62;10;418;8
12338.66;11;337;4
12340.27;15;305;10
12340.69;16;1037;6
12341.22;24;73;9
12346.09;31;597;2
12346.4;13;1013;11
12347.03;29;77;7
12347.52;7;1096;1
12347.65;37;1087;5
12348.5;27;296;0
12348.63;10;418;8
12350.48;36;542;10
12350.7;16;1037;6
12351.19;24;73;9
12356.12;31;597;2
12356.21;13;1013;11
12357.6;37;1087;5
12358.59;27;296;0
12358.59;10;418;8
12359.21;4;982;4
12360.51;36;542;10
12360.74;16;1037;6
12361.26;24;73;9
12366.18;31;597;2
12366.49;13;1013;11
12368.61;27;296;0
12369.32;4;982;4
12370.52;36;542;10
12370.79;16;1037;6
12371.45;24;73;9
12375.16;18;615;5
12376.22;31;597;2
12376.5;13;1013;11
12378.69;27;296;0
12379.35;4;982;4
12380.54;36;542;10
12380.82;16;1037;6
12381.49;8;1097;1
12381.49;24;73;9
12383.91;25;819;3
12385.2;18;615;5
12386.22;31;597;2
12386.56;13;1013;11
12388.71;27;296;0
12389.37;4;982;4
12390.58;14;152;10
12390.89;16;1037;6
12391.56;44;584;9
12394.02;25;819;3
12395.25;18;615;5
12396.59;13;1013;11
12398.78;30;1184;0
12399.39;4;982;4
12400.71;14;152;10
12400.92;16;1037;6
12401.6;44;584;9
12403.1;28;766;2
12403.98;25;819;3
12405.19;18;615;5
12407.74;35;814;8
12408.92;30;1184;0
12409.43;4;982;4
12410.7;0;43;10
12410.97;41;150;6
12412.7;19;126;1
12413.19;2;203;7
12413.23;28;766;2
12414.04;25;819;3
12415.32;32;914;5
12416.03;6;1177;11
12417.82;35;814;8
12418.92;23;239;9
12418.99;30;1184;0
12419.48;4;982;4
12420.78;0;43;10
12421.01;41;150;6
12422.92;19;126;1
12423.23;2;203;7
12423.32;28;766;2
12424.08;25;819;3
12425.74;32;914;5
12426.15;6;1177;11
12428.07;35;814;8
12429.02;23;239;9
12429.06;30;1184;0
12429.24;4;982;4
12430.83;0;43;10
12430.87;41;150;6
12433.03;19;126;1
12433.23;2;203;7
12434.12;25;819;3
12435.76;32;914;5
12436.21;6;1177;11
12437.84;35;814;8
12439.03;23;239;9
12439.19;12;1036;0
12439.32;1;240;4
12441.07;41;150;6
12442.96;19;126;1
12443.32;2;203;7
12444.16;17;796;3
12446.12;6;1177;11
12448.11;35;814;8
12449.08;3;639;9
12449.24;12;1036;0
12449.41;1;240;4
12451.12;20;90;6
12453.07;19;126;1
12453.51;2;203;7
12454.18;17;796;3
12456.21;6;1177;11
12458.17;35;814;8
12459.19;3;639;9
12459.24;12;1036;0
12461.17;20;90;6
12461.41;43;720;4
12462.92;19;126;1
12463.25;15;397;10
12463.78;2;203;7
12466.3;6;1177;11
12468.21;35;814;8
12468.52;39;574;2
12469.16;3;639;9
12469.28;12;1036;0
12471.12;20;90;6
12471.5;43;720;4
12473.12;40;432;1
12473.45;15;397;10
12473.87;38;649;7
12476.43;6;1177;11
12478.24;35;814;8
12478.48;39;574;2
12479.28;3;639;9
12479.32;12;1036;0
12481.23;20;90;6
12481.66;43;720;4
12481.84;22;430;5
12483.16;40;432;1
12483.34;15;397;10
12483.74;34;792;3
12483.95;38;649;7
12486.5;33;1033;11
12488.28;35;814;8
12488.71;39;574;2
12489.13;24;255;9
12489.41;12;1036;0
12491.15;20;90;6
12491.73;43;720;4
12491.9;22;430;5
12493.23;40;432;1
12493.48;15;397;10
12493.81;34;792;3
12494.06;38;649;7
12496.62;33;1033;11
12498.11;35;814;8
12498.74;39;574;2
12499.35;24;255;9
12499.45;21;506;0
12501.13;20;90;6
12501.81;43;720;4
12501.9;22;430;5
12503.27;40;432;1
12503.89;34;792;3
12506.44;33;1033;11
12508.36;26;447;8
12508.8;39;574;2
12509.13;24;255;9
12509.51;21;506;0
12511.26;5;1082;6
12511.89;43;720;4
12511.93;22;430;5
12513.35;8;928;1
12515.34;29;313;7
12516.6;33;1033;11
12518.43;26;447;8
12518.8;39;574;2
12519.05;24;255;9
12519.58;21;506;0
12521.21;5;1082;6
12521.93;11;658;4
12525.36;29;313;7
12526.64;33;1033;11
12528.75;26;447;8
12528.84;39;574;2
12529.45;24;255;9
12529.5;21;506;0
12530.32;7;472;1
12531.28;5;1082;6
12531.98;11;658;4
12535.37;29;313;7
12538.41;36;211;10
12538.8;26;447;8
12539.49;24;255;9
12539.58;42;637;3
12539.62;21;506;0
12539.76;13;780;11
12540.45;7;472;1
12541.25;5;1082;6
12542.3;11;658;4
12544.98;31;958;2
12545.43;29;313;7
12546.4;37;250;5
12548.84;26;447;8
12549.55;24;255;9
12549.59;42;637;3
12549.68;27;884;0
12549.79;13;780;11
12550.48;7;472;1
12551.36;5;1082;6
12552.37;11;658;4
12555.08;31;958;2
12555.44;29;313;7
12556.44;37;250;5
12558.84;26;447;8
12559.56;24;255;9
12559.75;27;884;0
12559.79;13;780;11
12560.46;7;472;1
12561.24;5;1082;6
12562.37;11;658;4
12562.37;14;668;10
12565.12;31;958;2
12566.46;37;250;5
12568.82;10;154;8
12569.6;24;255;9
12569.78;27;884;0
12569.83;13;780;11
12570.49;7;472;1
12571.4;5;1082;6
12572.35;1;318;4
12572.42;14;668;10
12574.96;31;958;2
12576.48;37;250;5
12578.89;10;154;8
12579.57;24;255;9
12579.82;27;884;0
12579.91;13;780;11
12580.45;7;472;1
12581.4;5;1082;6
12582.41;1;318;4
12582.49;14;668;10
12586.43;37;250;5
12588.95;10;154;8
12589.65;24;255;9
12589.83;27;884;0
12591.16;9;974;11
12591.43;41;456;6
12591.48;2;1096;7
12592.41;1;318;4
12596.5;37;250;5
12597.38;28;1149;2
12598.04;25;646;3
12599.08;10;154;8
12599.66;24;255;9
12599.91;27;884;0
12601.23;9;974;11
12601.36;41;456;6
12601.64;2;1096;7
12602.44;1;318;4
12604.32;0;366;10
12606.52;37;250;5
12607.45;28;1149;2
12608.32;17;1053;3
12609.66;44;1100;9
12609.71;40;448;1
12609.99;27;884;0
12611.16;9;974;11
12611.45;41;456;6
12611.5;2;1096;7
12612.48;1;318;4
12614.32;0;366;10
12616.54;37;250;5
12617.39;28;1149;2
12618.36;17;1053;3
12619.74;44;1100;9
12619.78;40;448;1
12619.99;27;884;0
12621.31;9;974;11
12621.45;41;456;6
12622.45;1;318;4
12624.38;0;366;10
12626.57;37;250;5
12627.52;28;1149;2
12628.33;17;1053;3
12629.66;44;1100;9
12629.78;40;448;1
12629.9;27;884;0
12631.34;9;974;11
12631.47;16;1130;6
12632.71;1;318;4
12635.85;36;622;10
12636.62;32;207;5
12637.71;28;1149;2
12638.31;17;1053;3
12639.78;44;1100;9
12639.85;8;48;1
12640;30;51;0
12641.41;9;974;11
12641.51;16;1130;6
12642.76;1;318;4
12645.9;36;622;10
12646.69;32;207;5
12647.77;28;1149;2
12648.41;34;418;3
12649.85;44;1100;9
12649.89;8;48;1
12649.93;30;51;0
12651.48;6;809;11
12651.53;16;1130;6
12652.68;1;318;4
12656.22;36;622;10
12656.53;32;207;5
12657.82;28;1149;2
12658.47;34;418;3
12659.89;8;48;1
12659.89;44;1100;9
12660;30;51;0
12661.27;29;283;7
12661.5;6;809;11
12661.54;20;465;6
12662.85;4;431;4
12666.44;36;622;10
12666.58;32;207;5
12668.16;39;548;2
12668.66;34;418;3
12669.94;30;51;0
12669.94;8;48;1
12669.94;23;819;9
12671.24;29;283;7
12671.4;6;809;11
12672.94;4;431;4
12676.49;36;622;10
12676.81;18;402;5
12678.22;39;548;2
12678.78;34;418;3
12680.03;30;51;0
12680.03;8;48;1
12680.03;23;819;9
12681.32;29;283;7
12681.49;6;809;11
12683.01;4;431;4
12685.51;35;1180;8
12686.54;36;622;10
12686.85;18;402;5
12688.29;39;548;2
12690.07;12;201;0
12690.07;19;907;1
12690.07;23;819;9
12691.34;29;283;7
12691.53;6;809;11
12692.93;4;431;4
12696.62;15;852;10
12696.8;18;402;5
12699.63;31;459;2
12700.03;19;907;1
12700.03;23;819;9
12700.12;12;201;0
12700.67;42;81;3
12701.42;29;283;7
12701.47;6;809;11
12701.57;26;583;8
12703.06;4;431;4
12706.75;15;852;10
12706.98;22;931;5
12709.67;31;459;2
12710.12;23;819;9
12710.16;12;201;0
12710.16;19;907;1
12710.74;42;81;3
12711.46;29;283;7
12711.59;26;583;8
12713.08;4;431;4
12716.82;15;852;10
12717.07;22;931;5
12719.72;31;459;2
12720.11;23;819;9
12720.16;19;907;1
12720.25;12;201;0
12720.73;42;81;3
12721.51;38;26;7
12721.63;26;583;8
12723.12;11;309;4
12723.43;33;585;11
12726.96;22;931;5
12726.96;15;852;10
12729.79;31;459;2
12730.15;23;819;9
12730.25;12;201;0
12731.56;38;26;7
12731.63;26;583;8
12733.16;11;309;4
12735.82;7;1200;1
12737.11;22;931;5
12737.15;15;852;10
12737.15;13;1202;11
12739.75;31;459;2
12740.2;3;322;9
12740.34;21;208;0
12741.61;38;26;7
12741.65;26;583;8
12742.88;11;309;4
12745.69;7;1200;1
12746.09;25;682;3
12747;22;931;5
12747.15;15;852;10
12747.15;13;1202;11
12749.81;31;459;2
12750.25;3;322;9
12750.47;21;208;0
12751.66;38;26;7
12751.66;26;583;8
12753.92;41;199;6
12755.9;7;1200;1
12756.27;43;502;4
12757.12;22;931;5
12757.16;15;852;10
12760.25;3;322;9
12760.43;21;208;0
12761.64;38;26;7
12761.7;26;583;8
12763.46;9;297;11
12763.74;41;199;6
12765.8;7;1200;1
12766.22;43;502;4
12767.13;22;931;5
12767.18;15;852;10
12770.31;3;322;9
12771.64;38;26;7
12771.7;26;583;8
12773.49;9;297;11
12773.89;41;199;6
12775.93;7;1200;1
12776.24;43;502;4
12777.2;37;1033;5
12777.24;15;852;10
12780.51;24;542;9
12781.72;10;766;8
12783.53;9;297;11
12783.86;5;179;6
12786.24;43;502;4
12787.28;37;1033;5
12787.32;14;450;10
12790.62;24;542;9
12791.77;10;766;8
12793.49;9;297;11
12793.97;5;179;6
12795.12;17;35;3
12796.29;43;502;4
12797.26;37;1033;5
12797.41;14;450;10
12799.88;2;1073;7
12800.63;24;542;9
12801.7;39;535;2
12801.79;10;766;8
12803.59;9;297;11
12804.08;20;755;6
12805.17;17;35;3
12806.33;43;502;4
12807.48;14;450;10
12809.3;30;2;0
12809.81;2;1073;7
12810.57;24;542;9
12811.7;39;535;2
12811.84;10;766;8
12813.62;9;297;11
12813.99;18;124;5
12814.12;20;755;6
12815.17;17;35;3
12816.5;43;502;4
12817.51;0;603;10
12819.35;30;2;0
12819.99;2;1073;7
12820.71;24;542;9
12823.94;18;124;5
12824.04;20;755;6
12825.2;17;35;3
12826.55;43;502;4
12827.56;0;603;10
12828.34;28;125;2
12828.92;35;42;8
12829.21;30;2;0
12830.03;2;1073;7
12830.79;24;542;9
12833.68;40;1072;1
12834.01;18;124;5
12834.14;20;755;6
12834.19;6;648;11
12835.21;17;35;3
12836.59;1;1147;4
12837.65;0;603;10
12838.52;28;125;2
12839.05;35;42;8
12839.23;30;2;0
12840.06;2;1073;7
12840.74;24;542;9
12843.83;32;628;5
12844.16;20;755;6
12844.3;6;648;11
12845.25;17;35;3
12846.43;1;1147;4
12847.61;0;603;10
12848.56;28;125;2
12849.09;35;42;8
12849.43;27;724;0
12850.11;29;65;7
12850.74;24;542;9
12854.02;32;628;5
12854.23;20;755;6
12854.34;6;648;11
12855.3;17;35;3
12856.67;1;1147;4
12857.43;0;603;10
12858.87;28;125;2
12859.07;35;42;8
12859.45;27;724;0
12860.41;29;65;7
12860.83;3;919;9
12864.06;32;628;5
12864.34;16;386;6
12864.34;6;648;11
12865.4;34;704;3
12866.37;1;1147;4
12867.69;0;603;10
12867.97;8;651;1
12868.9;28;125;2
12869.04;35;42;8
12869.46;27;724;0
12870.35;29;65;7
12874.4;6;648;11
12875.48;34;704;3
12876.76;1;1147;4
12877.76;15;768;10
12877.98;8;651;1
12878.95;28;125;2
12879.16;35;42;8
12880.48;29;65;7
12881.7;23;751;9
12884.41;6;648;11
12885.53;34;704;3
12886.79;1;1147;4
12887.79;15;768;10
12888.01;8;651;1
12889.08;28;125;2
12889.29;35;42;8
12890.5;29;65;7
12891.14;41;998;6
12891.72;23;751;9
12892.25;21;747;0
12895.54;34;704;3
12896.85;1;1147;4
12897.7;15;768;10
12898.05;19;1193;1
12899.09;28;125;2
12899.34;35;42;8
12900.47;29;65;7
12901.33;41;998;6
12901.56;23;751;9
12902.29;21;747;0
12905.55;34;704;3
12906.09;33;795;11
12906.97;1;1147;4
12907.88;14;705;10
12908.15;19;1193;1
12909.34;35;42;8
12911.39;41;998;6
12911.76;23;751;9
12912.21;21;747;0
12915.59;34;704;3
12916.31;33;795;11
12916.99;1;1147;4
12917.98;14;705;10
12918.02;19;1193;1
12919.22;35;42;8
12921.45;41;998;6
12921.78;23;751;9
12922.41;21;747;0
12923.35;31;631;2
12925.63;34;704;3
12926.47;33;795;11
12927.02;1;1147;4
12927.94;14;705;10
12928.21;19;1193;1
12928.76;22;277;5
12929.18;35;42;8
12930.46;38;357;7
12931.69;41;998;6
12931.8;23;751;9
12932.44;21;747;0
12933.43;31;631;2
12935.64;34;704;3
12936.47;33;795;11
12937.05;1;1147;4
12938.02;14;705;10
12938.24;19;1193;1
12938.77;22;277;5
12940.52;38;357;7
12941.78;41;998;6
12941.82;44;161;9
12942.18;10;827;8
12942.45;21;747;0
12943.54;31;631;2
12945.68;34;704;3
12946.36;33;795;11
12947.11;1;1147;4
12948.14;36;488;10
12948.3;19;1193;1
12948.85;22;277;5
12950.57;38;357;7
12951.76;5;819;6
12951.86;44;161;9
12952.19;10;827;8
12952.39;12;341;0
12953.56;31;631;2
12955.74;42;148;3
12956.51;33;795;11
12957.17;4;1001;4
12958.18;36;488;10
12958.32;7;559;1
12958.92;22;277;5
12960.34;38;357;7
12961.79;5;819;6
12961.84;44;161;9
12962.27;26;190;8
12962.5;12;341;0
12963.6;31;631;2
12965.78;42;148;3
12966.55;33;795;11
12967.13;4;1001;4
12968.3;36;488;10
12968.38;7;559;1
12968.93;22;277;5
12970.57;38;357;7
12971.86;5;819;6
12971.91;44;161;9
12972.31;26;190;8
12972.53;12;341;0
12973.69;39;817;2
12975.9;42;148;3
12976.57;33;795;11
12976.92;4;1001;4
12978.34;36;488;10
12978.63;7;559;1
12978.94;22;277;5
12980.64;38;357;7
12981.93;20;453;6
12981.97;3;309;9
12982.26;26;190;8
12982.37;12;341;0
12983.8;39;817;2
12985.73;42;148;3
12986.59;33;795;11
12987.25;4;1001;4
12988.44;36;488;10
12988.8;40;1120;1
12988.94;18;927;5
12991.98;20;453;6
12991.98;3;309;9
12992.35;26;190;8
12992.51;12;341;0
12992.69;2;141;7
12993.85;39;817;2
12995.92;42;148;3
12996.63;13;720;11
12997.34;4;1001;4
12998.78;36;488;10
12998.82;40;1120;1
12998.97;18;927;5
13002.01;3;309;9
13002.06;20;453;6
13002.44;26;190;8
13002.77;2;141;7
13005.93;42;148;3
13006.67;13;720;11
13007.37;4;1001;4
13008.6;30;644;0
13008.84;40;1120;1
13008.84;36;488;10
13009.02;18;927;5
13012.06;24;936;9
13012.1;20;453;6
13012.58;26;190;8
13012.9;2;141;7
13015.94;25;23;3
13016.74;13;720;11
13017.38;11;1064;4
13018.89;40;1120;1
13018.89;36;488;10
13019.25;18;927;5
13022.03;24;936;9
13022.1;16;465;6
13022.47;26;190;8
13024.77;28;946;2
13025.99;17;406;3
13026.74;13;720;11
13027.43;11;1064;4
13028.9;40;1120;1
13028.99;36;488;10
13029.27;18;927;5
13032.11;24;936;9
13032.19;16;465;6
13032.6;26;190;8
13034.89;28;946;2
13035.75;17;406;3
13036.83;13;720;11
13037.48;43;857;4
13038.98;40;1120;1
13039.07;36;488;10
13039.23;37;1095;5
13041.07;29;630;7
13042.17;24;936;9
13042.21;16;465;6
13042.7;35;502;8
13044.85;28;946;2
13046.03;17;406;3
13046.84;13;720;11
13047.52;43;857;4
13048.86;8;896;1
13049.36;15;369;10
13051.19;27;1202;0
13051.19;29;630;7
13052.23;16;465;6
13052.23;24;936;9
13055.08;28;946;2
13055.37;10;641;8
13056.17;17;406;3
13057.32;9;694;11
13057.67;43;857;4
13058.91;8;896;1
13059.41;15;369;10
13060.82;32;338;5
13061.26;29;630;7
13062.25;24;936;9
13062.3;16;465;6
13065.28;28;946;2
13065.41;10;641;8
13066;17;406;3
13067.41;9;694;11
13067.78;43;857;4
13069.05;8;896;1
13069.27;15;369;10
13070.73;32;338;5
13071.26;29;630;7
13072.3;24;936;9
13075.5;10;641;8
13077.46;9;694;11
13077.94;43;857;4
13078.98;8;896;1
13079.45;15;369;10
13081.56;34;461;3
13082.34;23;51;9
13084.76;41;1021;6
13085.51;10;641;8
13087.47;9;694;11
13089.09;8;896;1
13089.56;0;624;10
13091.85;34;461;3
13092.39;23;51;9
13094.7;41;1021;6
13095.56;10;641;8
13097.51;9;694;11
13099.17;8;896;1
13099.56;31;350;2
13099.6;0;624;10
13101.85;34;461;3
13102.52;23;51;9
13104.8;41;1021;6
13105.64;10;641;8
13107.55;9;694;11
13109.12;8;896;1
13109.6;31;350;2
13109.65;0;624;10
13111.85;34;461;3
13112.4;23;51;9
13114.88;41;1021;6
13115.64;10;641;8
13117.59;6;774;11
13118.55;38;983;7
13119.2;8;896;1
13119.33;31;350;2
13119.69;0;624;10
13121.96;34;461;3
13122.55;23;51;9
13124.62;22;804;5
13124.78;41;1021;6
13125.37;1;704;4
13127.64;6;774;11
13128.55;38;983;7
13129.24;19;282;1
13129.65;31;350;2
13129.69;0;624;10
13131.99;42;555;3
13132.54;23;51;9
13134.66;22;804;5
13134.93;5;91;6
13135.45;1;704;4
13137.67;6;774;11
13138.63;38;983;7
13139.16;19;282;1
13139.72;31;350;2
13139.72;14;958;10
13142.04;42;555;3
13142.58;23;51;9
13143.34;21;1048;0
13144.67;22;804;5
13144.85;5;91;6
13145.48;1;704;4
13147.71;6;774;11
13149.02;38;983;7
13149.15;19;282;1
13149.73;31;350;2
13149.78;14;958;10
13152.11;42;555;3
13152.61;44;709;9
13153.32;21;1048;0
13154.69;22;804;5
13155.01;5;91;6
13155.45;1;704;4
13157.74;6;774;11
13159.07;38;983;7
13159.28;19;282;1
13159.78;31;350;2
13159.78;14;958;10
13162.32;42;555;3
13162.62;44;709;9
13163.41;21;1048;0
13165.2;5;91;6
13165.54;1;704;4
13167.73;6;774;11
13169.08;38;983;7
13169.31;7;617;1
13169.88;14;958;10
13171.17;37;809;5
13172.37;25;1136;3
13172.67;44;709;9
13173.37;21;1048;0
13175.33;5;91;6
13175.58;1;704;4
13177.74;6;774;11
13177.83;39;703;2
13179;2;339;7
13179.35;7;617;1
13179.6;14;958;10
13182.43;25;1136;3
13182.6;44;709;9
13183.53;21;1048;0
13184.96;5;91;6
13185.63;1;704;4
13187.75;6;774;11
13187.91;39;703;2
13189.09;2;339;7
13189.41;7;617;1
13189.92;36;860;10
13192.5;25;1136;3
13192.71;44;709;9
13193.5;21;1048;0
13194.89;18;502;5
13195.37;16;1177;6
13195.7;1;704;4
13197.8;33;209;11
13197.93;39;703;2
13199.13;29;489;7
13199.43;7;617;1
13200.07;36;860;10
13202.5;17;697;3
13202.63;3;677;9
13203.26;35;1193;8
13203.6;12;855;0
13204.93;18;502;5
13205.35;16;1177;6
13205.68;4;1033;4
13207.77;33;209;11
13207.98;39;703;2
13209.21;29;489;7
13210.08;36;860;10
13212.55;17;697;3
13212.55;3;677;9
13213.55;35;1193;8
13213.64;12;855;0
13215.05;18;502;5
13215.27;16;1177;6
13215.76;4;1033;4
13217.85;13;21;11
13219.26;29;489;7
13219.73;40;167;1
13220.15;36;860;10
13222.73;3;677;9
13223.57;35;1193;8
13223.73;12;855;0
13225.11;18;502;5
13225.35;20;1143;6
13225.78;4;1033;4
13227.92;13;21;11
13228.94;29;489;7
13229.75;40;167;1
13230.57;36;860;10
13232.78;3;677;9
13233.61;26;448;8
13233.78;30;919;0
13235.21;18;502;5
13235.41;20;1143;6
13235.83;4;1033;4
13237.89;13;21;11
13239.06;28;1073;2
13239.15;29;489;7
13239.77;40;167;1
13240.65;36;860;10
13242.77;3;677;9
13243.52;26;448;8
13244;30;919;0
13245.44;32;1062;5
13245.48;20;1143;6
13245.85;4;1033;4
13247.86;13;21;11
13249.1;28;1073;2
13249.28;29;489;7
13250.91;15;308;10
13252.82;3;677;9
13254.09;27;63;0
13255.4;32;1062;5
13255.48;20;1143;6
13255.89;4;1033;4
13257.97;13;21;11
13259.13;28;1073;2
13260.94;15;308;10
13262.45;8;1013;1
13262.85;3;677;9
13264.1;27;63;0
13265.52;32;1062;5
13265.57;20;1143;6
13265.89;4;1033;4
13267.9;9;927;11
13268.25;34;297;3
13269.15;28;1073;2
13270.99;15;308;10
13272.5;8;1013;1
13272.86;3;677;9
13274.15;27;63;0
13275.54;32;1062;5
13275.63;20;1143;6
13275.95;11;515;4
13277.99;9;927;11
13278.28;34;297;3
13279.04;28;1073;2
13280.99;15;308;10
13282.42;8;1013;1
13282.9;24;313;9
13284.21;27;63;0
13285.68;41;929;6
13285.91;11;515;4
13288.02;9;927;11
13288.35;42;798;3
13289.23;28;1073;2
13291.01;0;181;10
13292.59;8;1013;1
13294.29;27;63;0
13295.87;41;929;6
13295.96;11;515;4
13298.04;9;927;11
13298.44;42;798;3
13299.18;28;1073;2
13301.05;0;181;10
13301.56;23;886;9
13302.61;8;1013;1
13303.63;10;191;8
13304.35;27;63;0
13305.88;41;929;6
13305.92;11;515;4
13306.09;38;365;7
13308.09;6;182;11
13308.5;42;798;3
13309.26;28;1073;2
13311.43;37;864;5
13311.56;23;886;9
13312.68;19;503;1
13313.68;10;191;8
13315.7;41;929;6
13316.01;11;515;4
13316.13;38;365;7
13318.46;42;798;3
13319.22;28;1073;2
13321.48;37;864;5
13321.61;23;886;9
13322.94;7;654;1
13325.67;33;582;11
13325.76;41;929;6
13326.1;11;515;4
13326.22;38;365;7
13328.51;42;798;3
13329.31;28;1073;2
13331.42;37;864;5
13331.56;23;886;9
13333.01;7;654;1
13335.76;33;582;11
13335.91;5;945;6
13336.14;11;515;4
13336.57;38;365;7
13338.52;17;983;3
13339.36;28;1073;2
13341.45;37;864;5
13341.66;23;886;9
13343.08;7;654;1
13346.17;43;1051;4
13348.59;17;983;3
13349.25;28;1073;2
13351.44;37;864;5
13351.66;23;886;9
13353.12;7;654;1
13353.36;2;673;7
13355.15;14;51;10
13356.21;43;1051;4
13358.61;17;983;3
13358.81;12;439;0
13359.39;28;1073;2
13361.17;37;864;5
13361.7;23;886;9
13363.26;7;654;1
13365.35;14;51;10
13366.25;1;321;4
13368.8;12;439;0
13369.38;39;630;2
13369.96;25;1132;3
13371.42;22;179;5
13371.73;44;124;9
13375.39;14;51;10
13376.21;1;321;4
13378.76;35;1116;8
13378.89;12;439;0
13379.41;31;307;2
13380.04;25;1132;3
13381.43;22;179;5
13385.43;14;51;10
13386.26;1;321;4
13388.8;35;1116;8
13388.94;12;439;0
13389.32;20;473;6
13389.49;31;307;2
13390.12;25;1132;3
13391.47;22;179;5
13392.59;29;192;7
13395.46;36;617;10
13396.31;1;321;4
13397.49;40;326;1
13398.82;35;1116;8
13398.99;12;439;0
13399.26;20;473;6
13399.54;31;307;2
13400.13;25;1132;3
13401.46;22;179;5
13402.67;29;192;7
13405.34;36;617;10
13406.34;1;321;4
13407.53;40;326;1
13407.93;13;233;11
13408.87;35;1116;8
13409;12;439;0
13409.23;20;473;6
13409.63;31;307;2
13410.18;25;1132;3
13411.34;22;179;5
13412.67;29;192;7
13415.5;36;617;10
13416.39;1;321;4
13417.45;40;326;1
13418.88;35;1116;8
13418.92;12;439;0
13419.36;20;473;6
13420.37;25;1132;3
13421.49;18;962;5
13422.72;29;192;7
13425.62;36;617;10
13426.46;4;371;4
13427.54;40;326;1
13428.96;35;1116;8
13429.04;21;1054;0
13429.4;16;52;6
13431.5;18;962;5
13432.96;29;192;7
13433.29;6;461;11
13433.34;42;770;3
13435.46;36;617;10
13436.5;4;371;4
13437.61;8;305;1
13438.96;35;1116;8
13439.12;30;327;0
13439.17;16;52;6
13441.55;18;962;5
13443.02;29;192;7
13443.33;6;461;11
13443.42;42;770;3
13445.63;36;617;10
13446.51;4;371;4
13447.81;8;305;1
13449;26;779;8
13449.13;30;327;0
13449.51;16;52;6
13451.56;18;962;5
13453.03;2;197;7
13453.28;9;0;11
13453.47;34;1136;3
13455.69;15;335;10
13456.53;4;371;4
13457.96;8;305;1
13459.05;10;157;8
13459.17;30;327;0
13459.56;16;52;6
13461.64;32;88;5
13463.25;9;0;11
13463.55;34;1136;3
13464.79;3;30;9
13465.83;15;335;10
13466.57;4;371;4
13469.17;10;157;8
13469.3;30;327;0
13469.59;16;52;6
13471.47;39;923;2
13471.63;32;88;5
13473.39;9;0;11
13474.82;3;30;9
13476.64;4;371;4
13477.51;0;1179;10
13479.13;10;157;8
13479.3;30;327;0
13481.55;39;923;2
13483.46;9;0;11
13484.77;5;309;6
13484.86;3;30;9
13485.35;17;1033;3
13486.67;4;371;4
13487.26;19;1079;1
13487.54;0;1179;10
13489.22;10;157;8
13489.3;30;327;0
13491.56;39;923;2
13494.81;5;309;6
13494.98;3;30;9
13495.5;17;1033;3
13496.76;11;125;4
13497.38;19;1079;1
13497.38;0;1179;10
13499.26;10;157;8
13499.3;30;327;0
13501.64;39;923;2
13502.6;13;604;11
13505.05;24;151;9
13505.68;17;1033;3
13506.05;38;1013;7
13506.96;11;125;4
13507.58;19;1079;1
13507.58;0;1179;10
13509.31;30;327;0
13511.72;39;923;2
13512.67;13;604;11
13513.31;37;127;5
13514.32;41;606;6
13514.88;24;151;9
13515.71;17;1033;3
13516.1;38;1013;7
13517.03;11;125;4
13517.57;0;1179;10
13517.63;19;1079;1
13519.34;30;327;0
13521.7;28;811;2
13522.71;13;604;11
13523.23;37;127;5
13524.11;41;606;6
13525.08;23;780;9
13525.75;17;1033;3
13526.3;38;1013;7
13527.25;11;125;4
13527.57;0;1179;10
13527.67;19;1079;1
13529.34;27;451;0
13532.8;13;604;11
13533.07;37;127;5
13534.34;41;606;6
13535.14;23;780;9
13535.29;31;425;2
13535.81;17;1033;3
13536.34;38;1013;7
13537.29;11;125;4
13537.63;19;1079;1
13537.63;0;1179;10
13539.43;27;451;0
13542.82;13;604;11
13543.35;37;127;5
13544.34;41;606;6
13545.15;23;780;9
13545.2;31;425;2
13545.65;17;1033;3
13546.39;38;1013;7
13547.42;11;125;4
13547.67;19;1079;1
13547.67;0;1179;10
13549.44;27;451;0
13552.83;13;604;11
13553.52;37;127;5
13555.2;23;780;9
13555.61;31;425;2
13557.45;43;110;4
13557.69;19;1079;1
13557.73;14;329;10
13558.86;42;520;3
13562.87;33;1072;11
13563.63;37;127;5
13565.31;23;780;9
13565.63;31;425;2
13567.49;43;110;4
13567.72;19;1079;1
13568.01;14;329;10
13568.94;42;520;3
13572.9;33;1072;11
13573.57;37;127;5
13575.32;23;780;9
13575.69;31;425;2
13577.54;43;110;4
13577.76;19;1079;1
13578.15;14;329;10
13579.16;42;520;3
13581.03;20;763;6
13582.95;33;1072;11
13583.67;37;127;5
13584.49;29;601;7
13585.4;44;608;9
13585.75;31;425;2
13587.76;7;1134;1
13587.76;43;110;4
13588.16;14;329;10
13589.16;42;520;3
13591.12;20;763;6
13593.08;33;1072;11
13593.71;22;574;5
13594.54;29;601;7
13595.54;44;608;9
13595.87;35;292;8
13595.92;31;425;2
13597.74;7;1134;1
13597.81;1;107;4
13598.12;14;329;10
13599.22;25;766;3
13601.08;20;763;6
13603.2;6;394;11
13603.83;22;574;5
13604.7;29;601;7
13605.65;3;827;9
13605.87;35;292;8
13607.83;7;1134;1
13607.9;1;107;4
13608.21;14;329;10
13609.35;25;766;3
13611.18;20;763;6
13613.26;6;394;11
13613.98;22;574;5
13614.61;29;601;7
13615.73;3;827;9
13615.85;35;292;8
13617.9;7;1134;1
13617.94;1;107;4
13618.11;14;329;10
13618.92;21;831;0
13619.39;34;553;3
13621.2;20;763;6
13623.34;6;394;11
13624.19;22;574;5
13624.72;29;601;7
13625.77;3;827;9
13627.99;40;751;1
13627.99;1;107;4
13628.09;14;329;10
13628.85;21;831;0
13629.54;34;553;3
13631.17;16;755;6
13633.75;6;394;11
13634.12;18;448;5
13634.77;29;601;7
13635.79;3;827;9
13638;40;751;1
13638;1;107;4
13638.17;36;1080;10
13638.84;21;831;0
13639.57;34;553;3
13640.86;26;907;8
13641.26;16;755;6
13643.77;6;394;11
13644.14;18;448;5
13645.81;3;827;9
13648.01;40;751;1
13648.05;4;567;4
13648.25;36;1080;10
13648.91;12;764;0
13649.58;34;553;3
13650.89;26;907;8
13651.32;16;755;6
13653.7;6;394;11
13654.27;18;448;5
13655.74;3;827;9
13658.07;8;1192;1
13658.12;4;567;4
13658.29;36;1080;10
13660.98;10;180;8
13661.33;16;755;6
13661.38;27;58;0
13662.89;2;418;7
13664.27;18;448;5
13668.12;8;1192;1
13668.25;4;567;4
13668.29;36;1080;10
13671.02;10;180;8
13671.38;5;944;6
13671.42;27;58;0
13672.97;2;418;7
13674.24;18;448;5
13678.29;4;567;4
13678.33;36;1080;10
13681.1;10;180;8
13681.46;5;944;6
13681.51;27;58;0
13683;2;418;7
13684.19;32;878;5
13686.62;28;830;2
13688.34;4;567;4
13688.34;15;798;10
13689.4;24;1061;9
13689.4;9;973;11
13690.77;10;180;8
13691.4;5;944;6
13691.77;27;58;0
13693.05;2;418;7
13694.15;32;878;5
13696.66;39;829;2
13698.01;15;798;10
13698.38;4;567;4
13699.36;24;1061;9
13699.36;9;973;11
13701.51;5;944;6
13701.68;17;533;3
13701.77;30;461;0
13703.07;2;418;7
13704.32;32;878;5
13706.56;39;829;2
13708.22;15;798;10
13708.43;4;567;4
13709.41;9;973;11
13709.45;24;1061;9
13711.72;41;66;6
13711.77;17;533;3
13713.15;2;418;7
13714.4;32;878;5
13716.71;39;829;2
13718.18;15;798;10
13719.45;9;973;11
13719.59;24;1061;9
13721.77;41;66;6
13721.81;17;533;3
13723.5;21;953;0
13724.45;38;494;7
13726.76;39;829;2
13728.38;0;1037;10
13729.42;13;988;11
13729.67;24;1061;9
13731.9;17;533;3
13733.55;21;953;0
13734.63;38;494;7
13736.77;39;829;2
13737.74;11;1145;4
13738.66;0;1037;10
13739.29;13;988;11
13741.95;17;533;3
13743.55;21;953;0
13744.73;38;494;7
13745.96;23;621;9
13746.7;39;829;2
13747.81;11;1145;4
13748.68;0;1037;10
13749.34;13;988;11
13751.07;19;1130;1
13751.98;25;331;3
13753.56;21;953;0
13754.73;38;494;7
13755.99;23;621;9
13756.66;39;829;2
13757.86;11;1145;4
13758.75;0;1037;10
13759.49;20;1066;6
13759.54;13;988;11
13761.11;19;1130;1
13762.02;25;331;3
13763.6;21;953;0
13764.36;22;1020;5
13766.07;23;621;9
13766.78;39;829;2
13767.78;11;1145;4
13769.27;29;1155;7
13769.54;20;1066;6
13769.54;13;988;11
13771.05;19;1130;1
13772.01;25;331;3
13773.54;21;953;0
13774.4;22;1020;5
13776.02;23;621;9
13776.65;31;1191;2
13778.03;43;30;4
13779.21;29;1155;7
13779.55;33;981;11
13779.6;20;1066;6
13781.15;19;1130;1
13781.85;25;331;3
13783.62;12;1047;0
13785.72;35;431;8
13786.08;44;402;9
13786.75;31;1191;2
13788.01;43;30;4
13789.35;29;1155;7
13789.53;33;981;11
13789.6;20;1066;6
13791.17;19;1130;1
13792.11;25;331;3
13793.67;12;1047;0
13796.04;37;749;5
13796.17;44;402;9
13796.8;31;1191;2
13798.06;43;30;4
13799.48;29;1155;7
13799.57;33;981;11
13799.7;20;1066;6
13800.97;26;872;8
13801.19;19;1130;1
13802.06;25;331;3
13806.09;37;749;5
13806.26;44;402;9
13806.76;31;1191;2
13808.09;43;30;4
13809.52;29;1155;7
13809.63;20;1066;6
13809.63;6;717;11
13811.07;10;906;8
13811.24;8;255;1
13812.17;25;331;3
13816.08;14;7;10
13816.13;37;749;5
13816.26;44;402;9
13816.59;28;146;2
13818.17;1;1071;4
13819.58;16;118;6
13819.58;29;1155;7
13819.58;6;717;11
13821.12;10;906;8
13821.3;7;914;1
13822.42;25;331;3
13826.09;14;7;10
13826.13;37;749;5
13828.18;1;1071;4
13829.78;16;118;6
13829.78;29;1155;7
13831.13;10;906;8
13831.35;7;914;1
13832.47;25;331;3
13836.15;37;749;5
13836.15;14;7;10
13838.2;1;1071;4
13839.82;16;118;6
13841.43;7;914;1
13842.43;25;331;3
13844.72;27;907;0
13846.18;0;590;10
13846.22;37;749;5
13848.02;1;1071;4
13849.89;16;118;6
13852.54;42;384;3
13853.13;3;327;9
13853.39;40;1131;1
13856.22;0;590;10
13856.35;18;1015;5
13858.24;4;340;4
13859.93;16;118;6
13862.55;42;384;3
13863.22;3;327;9
13863.31;40;1131;1
13866.27;0;590;10
13866.41;18;1015;5
13868.31;4;340;4
13869.94;16;118;6
13872.61;42;384;3
13873.14;3;327;9
13873.39;40;1131;1
13876.31;0;590;10
13876.35;18;1015;5
13878.28;4;340;4
13879.99;16;118;6
13881.85;30;157;0
13882.73;34;1078;3
13883.26;3;327;9
13883.6;40;1131;1
13883.69;2;1198;7
13886.33;0;590;10
13886.37;18;1015;5
13888.36;4;340;4
13889.89;16;118;6
13891.69;30;157;0
13892.23;35;1193;8
13892.93;34;1078;3
13893.18;3;327;9
13893.48;40;1131;1
13893.82;2;1198;7
13896.37;36;1060;10
13898.4;4;340;4
13900.01;16;118;6
13901.94;30;157;0
13902.32;35;1193;8
13902.95;34;1078;3
13903.31;24;540;9
13903.53;40;1131;1
13903.89;2;1198;7
13905.41;32;1168;5
13906.48;36;1060;10
13908.4;4;340;4
13909.1;9;220;11
13910.07;5;1049;6
13911.98;30;157;0
13912.32;35;1193;8
13912.89;34;1078;3
13913.35;24;540;9
13913.66;40;1131;1
13913.9;2;1198;7
13916.44;36;1060;10
13918.4;4;340;4
13919.15;9;220;11
13919.31;39;276;2
13920.16;5;1049;6
13921.98;30;157;0
13922.4;35;1193;8
13923.01;34;1078;3
13923.4;24;540;9
13923.63;40;1131;1
13923.71;2;1198;7
13923.99;22;465;5
13926.48;36;1060;10
13928.44;43;551;4
13928.96;9;220;11
13929.35;39;276;2
13930.11;5;1049;6
13932;30;157;0
13933.24;34;1078;3
13933.24;24;540;9
13934.03;22;465;5
13936.48;36;1060;10
13938.5;43;551;4
13939.2;9;220;11
13939.37;39;276;2
13940.13;5;1049;6
13942.05;21;1124;0
13942.05;19;78;1
13943.44;34;1078;3
13943.44;24;540;9
13944.08;22;465;5
13946.29;36;1060;10
13948.47;43;551;4
13948.71;26;117;8
13949.1;9;220;11
13950.2;5;1049;6
13952.09;21;1124;0
13952.09;19;78;1
13953.61;17;250;3
13953.61;24;540;9
13954.15;22;465;5
13954.58;29;372;7
13956.53;36;1060;10
13958.58;43;551;4
13958.75;26;117;8
13959.29;13;839;11
13960.24;5;1049;6
13962.29;21;1124;0
13962.33;8;199;1
13963.62;24;540;9
13963.67;17;250;3
13964.63;29;372;7
13966.26;36;1060;10
13968.58;43;551;4
13968.8;26;117;8
13969.33;13;839;11
13970;41;329;6
13971.66;28;79;2
13972.13;21;1124;0
13972.38;8;199;1
13973.63;24;540;9
13974.04;17;250;3
13974.88;29;372;7
13976.34;36;1060;10
13978.64;43;551;4
13979.22;13;839;11
13980.31;41;329;6
13981.73;31;421;2
13982.33;12;255;0
13982.42;8;199;1
13983.57;24;540;9
13984.08;17;250;3
13984.37;18;933;5
13984.91;29;372;7
13986.6;15;594;10
13988.7;11;858;4
13989.37;33;449;11
13990.34;41;329;6
13991.8;31;421;2
13992.29;12;255;0
13992.51;8;199;1
13993.65;24;540;9
13994.24;17;250;3
13994.38;18;933;5
13994.98;29;372;7
13996.65;15;594;10
13998.79;11;858;4
13999.56;33;449;11
14000.25;41;329;6
14001.8;31;421;2
14002.38;12;255;0
14002.56;8;199;1
14003.1;10;899;8
14003.67;24;540;9
14004.29;17;250;3
14004.29;18;933;5
14004.89;29;372;7
14006.68;15;594;10
14008.66;11;858;4
14009.6;33;449;11
14010.29;41;329;6
14011.82;31;421;2
14012.59;8;199;1
14013.32;10;899;8
14013.72;44;857;9
14014.14;17;250;3
14014.14;18;933;5
14015.05;29;372;7
14016.77;15;594;10
14018.83;11;858;4
14020.31;20;114;6
14020.44;27;671;0
14021.84;31;421;2
14022.23;8;199;1
14023.37;10;899;8
14023.8;44;857;9
14024.19;42;486;3
14024.19;18;933;5
14025.43;38;346;7
14026.81;14;842;10
14027.15;6;543;11
14029.42;1;182;4
14030.16;20;114;6
14032.51;8;199;1
14033.4;10;899;8
14033.87;44;857;9
14034.41;42;486;3
14034.41;18;933;5
14035.52;38;346;7
14036.88;14;842;10
14037.39;6;543;11
14039.43;39;527;2
14039.47;1;182;4
14039.52;30;721;0
14040.41;16;1021;6
14042.64;7;690;1
14043.37;10;899;8
14043.85;44;857;9
14044.34;18;933;5
14044.45;42;486;3
14045.54;38;346;7
14046.95;14;842;10
14047.43;6;543;11
14049.5;39;527;2
14049.5;1;182;4
14049.7;30;721;0
14050.25;16;1021;6
14052.7;7;690;1
14053.68;44;857;9
14054.45;25;691;3
14054.45;37;1100;5
14055.5;38;346;7
14059.5;39;527;2
14059.5;1;182;4
14059.81;30;721;0
14060.4;16;1021;6
14062.63;7;690;1
14063.8;44;857;9
14064.43;37;1100;5
14064.52;25;691;3
14064.56;0;889;10
14065.44;38;346;7
14068.63;35;821;8
14069.39;39;527;2
14069.39;1;182;4
14069.88;30;721;0
14072.74;7;690;1
14073.63;44;857;9
14074.54;25;691;3
14074.58;0;889;10
14075.49;32;448;5
14075.58;38;346;7
14078.67;35;821;8
14079.3;39;527;2
14079.85;30;721;0
14082.5;4;1061;4
14083.92;23;998;9
14084.58;25;691;3
14084.58;0;889;10
14085.47;32;448;5
14085.58;2;897;7
14088.72;35;821;8
14089.51;39;527;2
14089.95;30;721;0
14092.55;4;1061;4
14093.97;3;699;9
14094.63;34;52;3
14094.63;0;889;10
14095.54;32;448;5
14095.59;2;897;7
14098.68;35;821;8
14099.35;28;78;2
14100.02;19;620;1
14102.6;4;1061;4
14104.3;3;699;9
14104.77;0;889;10
14104.82;34;52;3
14105.5;32;448;5
14105.63;2;897;7
14108.77;35;821;8
14109.55;28;78;2
14110.06;19;620;1
14112.68;4;1061;4
14114.13;3;699;9
14114.82;0;889;10
14115.15;34;52;3
14115.37;5;432;6
14115.59;2;897;7
14118.84;26;953;8
14120.14;19;620;1
14122.71;4;1061;4
14125.07;34;52;3
14125.07;0;889;10
14125.41;5;432;6
14125.63;2;897;7
14127.6;13;355;11
14130.19;19;620;1
14132.73;4;1061;4
14134.64;31;1116;2
14135.15;34;52;3
14135.35;5;432;6
14135.63;2;897;7
14136.48;22;420;5
14137.2;21;827;0
14137.47;13;355;11
14140.27;19;620;1
14142.77;4;1061;4
14144.95;31;1116;2
14145.16;34;52;3
14145.42;5;432;6
14145.68;29;533;7
14146.34;22;420;5
14147.68;13;355;11
14150.25;40;1047;1
14152.85;11;95;4
14154.98;31;1116;2
14155.21;34;52;3
14155.43;5;432;6
14155.79;29;533;7
14156.5;22;420;5
14157.73;13;355;11
14160.32;40;1047;1
14162.9;11;95;4
14164.16;15;15;10
14164.88;31;1116;2
14165.24;34;52;3
14165.5;20;159;6
14165.55;29;533;7
14166.39;22;420;5
14167.75;9;630;11
14169.94;35;402;8
14170.33;40;1047;1
14172.99;11;95;4
14174.15;15;15;10
14175.25;34;52;3
14176.53;22;420;5
14177.79;9;630;11
14179.97;35;402;8
14180.42;8;1007;1
14183.08;11;95;4
14183.59;38;804;7
14184.31;15;15;10
14185.32;17;540;3
14186.39;22;420;5
14187.8;9;630;11
14189.98;35;402;8
14190.54;8;1007;1
14190.68;27;213;0
14191.32;28;179;2
14192.32;41;157;6
14193.07;11;95;4
14193.4;24;315;9
14193.63;38;804;7
14194.35;15;15;10
14195.57;17;540;3
14196.56;37;811;5
14197.88;9;630;11
14200;35;402;8
14200.58;8;1007;1
14200.67;27;213;0
14201.34;28;179;2
14202.32;41;157;6
14203.21;43;1197;4
14203.44;24;315;9
14204.39;15;15;10
14205.6;17;540;3
14207.89;33;73;11
14209.96;10;591;8
14210.67;27;213;0
14211.38;28;179;2
14211.53;2;1070;7
14212.36;41;157;6
14213.35;43;1197;4
14213.46;24;315;9
14214.48;15;15;10
14215.52;17;540;3
14217.33;18;1178;5
14217.89;33;73;11
14220.07;10;591;8
14220.65;27;213;0
14221.22;28;179;2
14221.53;2;1070;7
14222.45;41;157;6
14223.38;43;1197;4
14223.52;24;315;9
14224.48;15;15;10
14225.64;17;540;3
14227.35;18;1178;5
14227.97;33;73;11
14229.99;10;591;8
14230.43;12;62;0
14231.53;2;1070;7
14232.45;41;157;6
14232.85;7;81;1
14233.41;43;1197;4
14233.54;24;315;9
14234.52;36;474;10
14235.64;42;74;3
14237.39;18;1178;5
14238.05;33;73;11
14240.11;10;591;8
14240.72;12;62;0
14242.4;16;956;6
14242.91;7;81;1
14243.45;1;1065;4
14243.45;24;315;9
14244.61;36;474;10
14245.71;42;74;3
14248.11;33;73;11
14250.18;10;591;8
14250.74;12;62;0
14252.5;16;956;6
14252.98;7;81;1
14253.6;1;1065;4
14253.6;44;88;9
14254.68;14;366;10
14255.26;39;295;2
14255.77;42;74;3
14258.25;33;73;11
14260.36;10;591;8
14260.81;12;62;0
14262.55;16;956;6
14263.2;7;81;1
14263.73;1;1065;4
14263.77;3;78;9
14264.69;14;366;10
14265.83;25;392;3
14268.33;33;73;11
14270.86;12;62;0
14272.89;5;980;6
14273.77;1;1065;4
14274.74;14;366;10
14275.79;25;392;3
14278.52;6;387;11
14279.67;23;902;9
14280.22;32;933;5
14280.89;12;62;0
14282.85;5;980;6
14283.71;26;185;8
14283.8;1;1065;4
14284.76;14;366;10
14285.9;25;392;3
14288.61;6;387;11
14289.27;40;1173;1
14289.72;23;902;9
14292.95;5;980;6
14293.75;1;1065;4
14293.75;26;185;8
14294.74;14;366;10
14295.88;25;392;3
14295.99;30;435;0
14298.81;6;387;11
14299.27;40;1173;1
14299.81;23;902;9
14302.98;5;980;6
14303.16;31;1193;2
14303.74;37;357;5
14303.8;26;185;8
14303.84;1;1065;4
14304.81;0;412;10
14308.81;6;387;11
14309.34;40;1173;1
14309.96;23;902;9
14313.07;5;980;6
14313.26;31;1193;2
14313.74;37;357;5
14313.84;4;261;4
14314.86;0;412;10
14318.08;17;936;3
14318.13;29;367;7
14318.84;9;150;11
14319.39;40;1173;1
14320.16;23;902;9
14323.1;5;980;6
14323.15;31;1193;2
14323.8;37;357;5
14323.84;4;261;4
14325.01;0;412;10
14328.07;17;936;3
14328.93;9;150;11
14329.43;40;1173;1
14330.28;23;902;9
14330.91;35;1021;8
14333.15;20;747;6
14333.28;31;1193;2
14333.84;37;357;5
14333.93;4;261;4
14335.02;0;412;10
14338.11;17;936;3
14338.95;9;150;11
14339.38;40;1173;1
14340.32;23;902;9
14340.95;35;1021;8
14342.3;21;897;0
14343.19;20;747;6
14343.28;31;1193;2
14343.86;37;357;5
14343.97;4;261;4
14345.07;0;412;10
14348.16;17;936;3
14349;13;607;11
14349.48;40;1173;1
14350.39;23;902;9
14352.35;21;897;0
14353.2;20;747;6
14353.25;28;1;2
14353.92;37;357;5
14354.04;4;261;4
14355.13;0;412;10
14358.2;17;936;3
14359.53;19;1136;1
14360.44;23;902;9
14362.44;21;897;0
14363.25;20;747;6
14363.29;28;1;2
14363.33;2;831;7
14363.99;4;261;4
14363.99;22;309;5
14365.25;0;412;10
14368.2;17;936;3
14369.25;19;1136;1
14370.38;24;51;9
14372.53;21;897;0
14373.29;28;1;2
14373.29;20;747;6
14373.44;2;831;7
14373.92;22;309;5
14375.29;0;412;10
14377.28;43;1095;4
14378.2;17;936;3
14379.58;19;1136;1
14380.49;44;287;9
14382.56;21;897;0
14383.31;28;1;2
14383.31;20;747;6
14383.48;38;1153;7
14384.08;22;309;5
14385.32;0;412;10
14387.73;26;606;8
14388.21;34;196;3
14389.9;19;1136;1
14390.55;44;287;9
14392.52;21;897;0
14393.36;39;814;2
14393.36;41;571;6
14394.19;22;309;5
14397.88;26;606;8
14398.27;34;196;3
14399.99;19;1136;1
14400.82;44;287;9
14402.6;21;897;0
14403.42;39;814;2
14403.42;41;571;6
14404.24;18;1202;5
14406.94;11;1118;4
14407.65;26;606;8
14408.01;15;988;10
14408.45;34;196;3
14410.03;19;1136;1
14410.82;44;287;9
14414.34;18;1202;5
14415.24;6;122;11
14417.19;11;1118;4
14417.95;10;533;8
14418.14;15;988;10
14420;27;674;0
14420.18;19;1136;1
14420.9;44;287;9
14424.26;18;1202;5
14425.28;6;122;11
14427.27;11;1118;4
14428.05;10;533;8
14428.18;15;988;10
14430.09;12;993;0
14430.2;19;1136;1
14430.68;44;287;9
14434.38;32;820;5
14434.91;42;1163;3
14435.29;6;122;11
14437.33;11;1118;4
14438.09;10;533;8
14438.32;15;988;10
14440.24;19;1136;1
14440.67;44;287;9
14442.13;16;699;6
14444.62;32;820;5
14444.84;42;1163;3
14445.32;6;122;11
14446.98;11;1118;4
14448.15;35;996;8
14448.2;36;629;10
14450.26;8;1147;1
14450.97;3;739;9
14452.17;16;699;6
14454.62;32;820;5
14455.15;42;1163;3
14455.34;6;122;11
14457.25;11;1118;4
14458.22;35;996;8
14458.36;36;629;10
14460.3;8;1147;1
14461.01;3;739;9
14462.21;16;699;6
14464.66;32;820;5
14465.18;42;1163;3
14465.38;6;122;11
14467.28;11;1118;4
14468.38;35;996;8
14468.42;36;629;10
14469.72;30;995;0
14469.82;29;703;7
14470.07;8;1147;1
14471.04;3;739;9
14472.32;16;699;6
14475.22;42;1163;3
14475.39;6;122;11
14477.37;11;1118;4
14478.39;35;996;8
14478.43;36;629;10
14479.76;30;995;0
14479.85;29;703;7
14480.34;8;1147;1
14481.06;3;739;9
14482.33;16;699;6
14485.24;42;1163;3
14485.39;6;122;11
14485.43;31;1124;2
14486.04;37;551;5
14487.19;11;1118;4
14488.43;35;996;8
14488.43;36;629;10
14489.81;30;995;0
14489.89;29;703;7
14490.39;8;1147;1
14491.13;3;739;9
14492.36;16;699;6
14495.34;25;542;3
14495.43;31;1124;2
14495.43;33;596;11
14496.12;37;551;5
14497.45;11;1118;4
14498.47;35;996;8
14498.47;14;523;10
14499.88;30;995;0
14500.41;8;1147;1
14501.17;23;1050;9
14502.23;16;699;6
14505.39;25;542;3
14505.44;31;1124;2
14506.32;37;551;5
14507.44;1;1068;4
14508.48;14;523;10
14508.53;35;996;8
14509.69;30;995;0
14510.1;8;1147;1
14511.22;23;1050;9
14512.35;16;699;6
14513.46;13;36;11
14515.45;31;1124;2
14515.45;25;542;3
14516.49;37;551;5
14518.54;14;523;10
14518.88;35;996;8
14519.41;4;15;4
14519.92;30;995;0
14520.47;7;974;1
14521.33;23;1050;9
14522.38;16;699;6
14523.48;13;36;11
14525.5;28;279;2
14525.5;25;542;3
14526.53;37;551;5
14529.09;35;996;8
14529.43;4;15;4
14529.82;30;995;0
14530.56;7;974;1
14531.14;23;1050;9
14531.66;2;864;7
14532.42;20;73;6
14533.51;13;36;11
14535.56;39;87;2
14536.57;22;691;5
14537.62;17;614;3
14537.75;0;139;10
14538.87;35;996;8
14539.26;4;15;4
14540.65;7;974;1
14541.74;2;864;7
14542.49;20;73;6
14543.6;13;36;11
14545.62;39;87;2
14546.65;22;691;5
14547.67;17;614;3
14547.94;0;139;10
14549.12;35;996;8
14549.45;43;1191;4
14550.14;24;914;9
14550.66;7;974;1
14551.74;2;864;7
14552.54;20;73;6
14553.63;9;182;11
14555.63;39;87;2
14556.69;22;691;5
14557.72;34;392;3
14557.97;0;139;10
14559.54;43;1191;4
14560.21;24;914;9
14560.69;40;1123;1
14561.84;2;864;7
14562.59;20;73;6
14563.72;9;182;11
14566.76;22;691;5
14567.75;34;392;3
14567.84;0;139;10
14570.18;24;914;9
14570.68;40;1123;1
14571.9;2;864;7
14572.53;20;73;6
14572.63;12;7;0
14573.72;9;182;11
14576.77;22;691;5
14577.66;34;392;3
14578.02;0;139;10
14580.26;24;914;9
14580.73;40;1123;1
14582.21;38;579;7
14582.6;5;1033;6
14582.73;12;7;0
14583.73;9;182;11
14584.11;26;65;8
14586.8;22;691;5
14587.79;34;392;3
14587.96;0;139;10
14590.24;11;80;4
14590.77;40;1123;1
14592.25;38;579;7
14592.35;5;1033;6
14592.64;12;7;0
14593.73;9;182;11
14594.17;26;65;8
14596.61;44;347;9
14596.84;18;1007;5
14597.86;34;392;3
14598.06;0;139;10
14600.31;11;80;4
14600.44;40;1123;1
14602.31;38;579;7
14602.64;5;1033;6
14602.73;12;7;0
14604.21;26;65;8
14606.8;44;347;9
14607.07;18;1007;5
14607.88;34;392;3
14607.92;0;139;10
14610.26;11;80;4
14610.7;40;1123;1
14612.57;5;1033;6
14612.77;12;7;0
14614.25;26;65;8
14616.82;44;347;9
14617.21;18;1007;5
14617.92;34;392;3
14620.34;11;80;4
14620.74;40;1123;1
14622.65;5;1033;6
14622.79;12;7;0
14624.38;26;65;8
14626.85;44;347;9
14627.25;18;1007;5
14627.69;34;392;3
14630.81;19;379;1
14632.64;41;394;6
14632.83;27;216;0
14634.42;26;65;8
14636.03;15;1035;10
14636.8;44;347;9
14637.44;18;1007;5
14637.96;34;392;3
14640.33;28;1190;2
14640.88;19;379;1
14642.96;27;216;0
14644.55;26;65;8
14646.29;15;1035;10
14646.87;44;347;9
14647.49;18;1007;5
14648;34;392;3
14649.96;29;800;7
14650.3;28;1190;2
14650.92;19;379;1
14651.97;1;1051;4
14652.92;27;216;0
14654.37;6;53;11
14654.42;26;65;8
14656.37;15;1035;10
14656.92;44;347;9
14657.54;32;813;5
14658.02;34;392;3
14660.01;29;800;7
14660.32;28;1190;2
14660.67;19;379;1
14662.17;1;1051;4
14662.97;27;216;0
14664.64;26;65;8
14666.38;14;212;10
14667.03;3;896;9
14667.58;32;813;5
14668.04;42;498;3
14670.23;29;800;7
14670.38;28;1190;2
14670.93;19;379;1
14672.39;1;1051;4
14672.99;21;1168;0
14674.38;10;461;8
14676.35;33;23;11
14676.44;14;212;10
14677.1;3;896;9
14677.58;32;813;5
14678.08;42;498;3
14680.28;29;800;7
14680.43;39;99;2
14680.95;19;379;1
14682.4;1;1051;4
14682.92;21;1168;0
14684.65;10;461;8
14686.41;33;23;11
14686.46;14;212;10
14687.1;3;896;9
14688.13;42;498;3
14689.42;22;251;5
14690.41;39;99;2
14690.98;19;379;1
14692.45;4;262;4
14692.92;21;1168;0
14694.69;10;461;8
14696.49;14;212;10
14697.11;3;896;9
14698.08;42;498;3
14698.69;9;1081;11
14699.44;22;251;5
14700.49;39;99;2
14701.02;8;26;1
14702.48;4;262;4
14702.95;21;1168;0
14704.73;10;461;8
14706.57;14;212;10
14707.17;23;935;9
14708.39;25;1113;3
14708.88;9;1081;11
14709.44;22;251;5
14710.69;39;99;2
14710.97;8;26;1
14712.53;4;262;4
14713.08;21;1168;0
14714.78;16;1072;6
14714.78;10;461;8
14716.61;14;212;10
14717.21;23;935;9
14718.33;25;1113;3
14718.93;9;1081;11
14719.45;37;84;5
14720.74;31;46;2
14721;8;26;1
14722.53;4;262;4
14723.12;30;77;0
14724.71;16;1072;6
14724.99;10;461;8
14726.55;36;1082;10
14728.18;2;338;7
14728.28;25;1113;3
14728.71;9;1081;11
14729.49;37;84;5
14730.82;31;46;2
14731.14;7;652;1
14732.33;4;262;4
14733.18;30;77;0
14734.96;16;1072;6
14735.1;10;461;8
14736.67;36;1082;10
14737.62;24;981;9
14738.21;2;338;7
14738.43;25;1113;3
14738.99;13;889;11
14739.65;37;84;5
14740.83;31;46;2
14742.54;4;262;4
14743.25;30;77;0
14745.04;5;586;6
14745.22;10;461;8
14746.72;36;1082;10
14747.68;24;981;9
14748.33;2;338;7
14748.46;25;1113;3
14749.06;13;889;11
14749.8;37;84;5
14751.05;31;46;2
14752.51;11;650;4
14753.33;30;77;0
14755.41;35;990;8
14756.8;36;1082;10
14758.01;24;981;9
14758.41;2;338;7
14758.47;25;1113;3
14759.34;13;889;11
14760.01;37;84;5
14761.12;31;46;2
14762.59;11;650;4
14763.46;30;77;0
14765.51;35;990;8
14767.05;0;1136;10
14768.1;24;981;9
14768.43;2;338;7
14768.48;17;51;3
14768.48;20;926;6
14769.42;13;889;11
14770;37;84;5
14772.63;11;650;4
14773.5;30;77;0
14775.64;35;990;8
14776.63;40;175;1
14777.12;0;1136;10
14778.1;24;981;9
14778.46;2;338;7
14778.55;17;51;3
14778.55;20;926;6
14779.43;13;889;11
14780.09;37;84;5
14782.63;11;650;4
14783.56;30;77;0
14785.72;35;990;8
14786.69;40;175;1
14787.13;0;1136;10
14787.18;28;407;2
14788.06;24;981;9
14788.5;2;338;7
14788.56;20;926;6
14788.6;34;75;3
14789.35;13;889;11
14792.6;11;650;4
14793.59;12;291;0
14795.92;35;990;8
14796.74;40;175;1
14797.26;28;407;2
14798.11;24;981;9
14798.59;29;693;7
14798.9;34;75;3
14802.68;11;650;4
14804.91;41;1053;6
14805.97;35;990;8
14806.73;40;175;1
14807.31;28;407;2
14808.1;24;981;9
14808.61;29;693;7
14808.9;34;75;3
14809.94;27;607;0
14812.08;22;304;5
14812.71;11;650;4
14814.74;41;1053;6
14816.06;35;990;8
14816.8;40;175;1
14817.42;28;407;2
14818.13;24;981;9
14818.62;29;693;7
14818.9;34;75;3
14819.96;27;607;0
14822.2;22;304;5
14822.78;43;547;4
14824.88;41;1053;6
14826.13;35;990;8
14826.76;40;175;1
14827.46;28;407;2
14827.99;24;981;9
14828.62;29;693;7
14828.95;34;75;3
14830.69;15;886;10
14830.83;6;54;11
14832.14;22;304;5
14834.92;41;1053;6
14837.5;39;1104;2
14838.06;3;88;9
14838.21;1;755;4
14838.68;38;187;7
14839.34;42;425;3
14840.74;15;886;10
14840.74;6;54;11
14842.26;22;304;5
14844.94;41;1053;6
14847.54;39;1104;2
14848.17;1;755;4
14848.17;3;88;9
14848.26;21;179;0
14848.99;38;187;7
14850.85;15;886;10
14852.31;22;304;5
14853.12;33;984;11
14854.89;41;1053;6
14857.58;39;1104;2
14858.11;3;88;9
14858.26;1;755;4
14858.41;21;179;0
14858.99;7;559;1
14859.17;38;187;7
14860.67;15;886;10
14862.35;22;304;5
14863.16;33;984;11
14864.97;41;1053;6
14867.76;26;987;8
14868.19;3;88;9
14868.32;4;1165;4
14868.43;21;179;0
14869.18;7;559;1
14869.23;38;187;7
14870.85;15;886;10
14872.36;18;814;5
14873.21;33;984;11
14874.9;41;1053;6
14877.77;26;987;8
14878.26;44;94;9
14878.37;4;1165;4
14879.21;7;559;1
14879.26;38;187;7
14880.91;36;282;10
14882.34;18;814;5
14882.91;33;984;11
14885.01;16;777;6
14887.81;26;987;8
14888.34;44;94;9
14888.38;4;1165;4
14889.28;19;602;1
14889.28;38;187;7
14891.17;36;282;10
14892.41;18;814;5
14893.22;33;984;11
14894.75;31;685;2
14895.03;16;777;6
14897.99;26;987;8
14898.39;44;94;9
14898.43;4;1165;4
14899.33;19;602;1
14899.33;38;187;7
14901.38;36;282;10
14902.45;18;814;5
14903.27;33;984;11
14904.68;31;685;2
14905.1;5;377;6
14908.05;26;987;8
14908.37;44;94;9
14908.43;4;1165;4
14909.34;8;95;1
14909.39;38;187;7
14910.52;30;461;0
14911.23;14;961;10
14912.53;18;814;5
14913.42;33;984;11
14914.86;31;685;2
14915.35;5;377;6
14918.13;26;987;8
14918.42;23;956;9
14918.58;4;1165;4
14918.76;25;7;3
14919.36;8;95;1
14919.45;38;187;7
14920.57;30;461;0
14921.45;14;961;10
14922.61;32;225;5
14923.16;9;289;11
14925.4;5;377;6
14928.35;10;1092;8
14928.58;4;1165;4
14928.91;25;7;3
14929.4;8;95;1
14930.8;30;461;0
14931.43;14;961;10
14932.7;32;225;5
14935.58;5;377;6
14938.41;10;1092;8
14938.64;43;264;4
14938.8;25;7;3
14941.38;14;961;10
14942.83;32;225;5
14943.11;28;884;2
14943.78;24;983;9
14947.29;13;76;11
14948.41;10;1092;8
14948.69;43;264;4
14948.96;25;7;3
14951.49;14;961;10
14953.09;28;884;2
14953.8;24;983;9
14955.56;37;1116;5
14957.34;13;76;11
14958.58;10;1092;8
14958.71;43;264;4
14958.96;17;616;3
14961.53;14;961;10
14963.2;28;884;2
14963.78;24;983;9
14964.51;20;522;6
14965.5;37;1116;5
14967.47;13;76;11
14968.61;10;1092;8
14969.01;17;616;3
14971.64;14;961;10
14973.29;28;884;2
14973.88;24;983;9
14974.92;29;648;7
14975.67;37;1116;5
14977.43;13;76;11
14978.63;10;1092;8
14979.01;17;616;3
14981.67;14;961;10
14983.31;28;884;2
14984.18;24;983;9
14984.97;29;648;7
14985.69;37;1116;5
14986.42;40;211;1
14988.39;21;1193;0
14988.7;35;1009;8
14989.06;17;616;3
14990.19;11;533;4
14991.71;0;339;10
14993.22;28;884;2
14994.2;24;983;9
14994.94;29;648;7
14995.57;37;1116;5
14996.52;40;211;1
14998.37;21;1193;0
14998.78;35;1009;8
14999.14;17;616;3
15000.56;11;533;4
15001.73;0;339;10
15003.34;28;884;2
15005.01;29;648;7
15005.63;37;1116;5
15006.67;40;211;1
15007.36;3;114;9
15008.4;21;1193;0
15008.78;35;1009;8
15009.22;42;1113;3
15010.43;11;533;4
15011.81;0;339;10
15013.36;28;884;2
15015.02;2;804;7
15015.61;37;1116;5
15016.71;40;211;1
15017.42;3;114;9
15018.15;41;839;6
15018.46;12;901;0
15018.73;35;1009;8
15019.22;42;1113;3
15020.57;11;533;4
15021.92;0;339;10
15023.44;39;122;2
15025.06;2;804;7
15025.75;37;1116;5
15025.9;6;79;11
15026.75;7;30;1
15027.55;3;114;9
15028.44;12;901;0
15028.96;35;1009;8
15030.65;11;533;4
15032.52;15;414;10
15033.4;39;122;2
15035.28;2;804;7
15035.82;22;277;5
15035.87;6;79;11
15036.81;7;30;1
15037.56;44;54;9
15038.45;12;901;0
15038.98;35;1009;8
15040.03;16;78;6
15040.69;1;511;4
15042.56;15;414;10
15043.44;39;122;2
15044.98;25;348;3
15045.32;2;804;7
15045.9;22;277;5
15045.9;6;79;11
15046.82;7;30;1
15048.61;27;193;0
15049.02;35;1009;8
15050.01;16;78;6
15050.85;1;511;4
15052.59;15;414;10
15055.02;25;348;3
15055.39;2;804;7
15056.02;22;277;5
15056.02;6;79;11
15056.84;7;30;1
15058.63;27;193;0
15059.09;26;566;8
15060.18;16;78;6
15060.87;1;511;4
15062.48;15;414;10
15065.24;25;348;3
15065.46;2;804;7
15065.92;6;79;11
15066.06;22;277;5
15066.27;23;72;9
15066.99;7;30;1
15068.68;27;193;0
15068.68;31;699;2
15069.24;26;566;8
15070.19;16;78;6
15070.64;1;511;4
15072.52;15;414;10
15075.26;34;1196;3
15075.62;2;804;7
15076.02;9;425;11
15076.15;22;277;5
15076.33;23;72;9
15078.4;19;828;1
15078.78;27;193;0
15078.82;31;699;2
15079.24;26;566;8
15080.22;16;78;6
15080.92;4;1000;4
15082.64;15;414;10
15085.17;34;1196;3
15085.71;2;804;7
15086.07;33;482;11
15086.24;22;277;5
15086.38;23;72;9
15088.44;19;828;1
15088.82;27;193;0
15088.91;31;699;2
15089.29;26;566;8
15090.28;16;78;6
15090.97;4;1000;4
15092.74;36;1124;10
15095.1;34;1196;3
15095.75;2;804;7
15096.06;33;482;11
15096.42;22;277;5
15096.42;23;72;9
15098.48;8;118;1
15098.91;27;193;0
15099.36;26;566;8
15100.31;16;78;6
15101.02;4;1000;4
15102.75;36;1124;10
15105.32;34;1196;3
15105.8;38;1179;7
15106.25;23;72;9
15106.46;18;851;5
15108.52;8;118;1
15108.88;27;193;0
15109.38;26;566;8
15110.33;16;78;6
15111.05;4;1000;4
15112.8;36;1124;10
15114.79;13;62;11
15115.37;34;1196;3
15115.85;38;1179;7
15116.46;23;72;9
15116.62;18;851;5
15118.7;8;118;1
15118.88;27;193;0
15120.34;16;78;6
15121.06;4;1000;4
15122.79;36;1124;10
15124.83;13;62;11
15125.42;34;1196;3
15126;38;1179;7
15126.48;23;72;9
15126.61;18;851;5
15128.84;27;193;0
15128.84;8;118;1
15130.35;16;78;6
15131.06;4;1000;4
15132.88;10;522;8
15132.88;36;1124;10
15134.91;13;62;11
15135.58;34;1196;3
15136.04;38;1179;7
15136.67;18;851;5
15138.77;27;193;0
15138.77;8;118;1
15140.39;20;141;6
15140.93;4;1000;4
15142.87;10;522;8
15142.92;36;1124;10
15143.96;3;147;9
15145.59;34;1196;3
15146.74;18;851;5
15148.94;27;193;0
15148.94;8;118;1
15150.55;20;141;6
15150.99;43;157;4
15152.93;10;522;8
15153.12;36;1124;10
15154.06;3;147;9
15155.73;42;206;3
15156.88;18;851;5
15158.96;30;59;0
15158.96;8;118;1
15160.58;20;141;6
15161.14;43;157;4
15164.05;3;147;9
15164.19;28;850;2
15165.99;42;206;3
15167.27;32;154;5
15168.94;30;59;0
15168.94;8;118;1
15170.61;5;454;6
15170.86;43;157;4
15173.02;14;896;10
15174.02;24;767;9
15174.19;28;850;2
15176.19;42;206;3
15177.27;32;154;5
15178.91;30;59;0
15178.91;8;118;1
15180.64;5;454;6
15181.16;43;157;4
15183.24;14;896;10
15184.07;24;767;9
15184.24;28;850;2
15186.2;42;206;3
15186.29;35;618;8
15187.28;32;154;5
15188.96;30;59;0
15188.96;8;118;1
15191.1;43;157;4
15193.06;14;896;10
15194.14;24;767;9
15196.24;17;637;3
15196.38;35;618;8
15197.19;29;287;7
15197.32;32;154;5
15198.03;31;721;2
15198.98;30;59;0
15198.98;40;1041;1
15201.17;43;157;4
15204.75;41;1060;6
15205.24;44;907;9
15206.3;17;637;3
15206.56;35;618;8
15206.56;0;305;10
15207.23;29;287;7
15207.36;32;154;5
15208.12;31;721;2
15209.04;12;974;0
15211.18;43;157;4
15213.97;6;1164;11
15214.6;41;1060;6
15215.29;44;907;9
15216.24;17;637;3
15216.47;35;618;8
15216.47;0;305;10
15217.29;29;287;7
15217.75;32;154;5
15218.24;31;721;2
15219.08;12;974;0
15221.19;43;157;4
15224.07;6;1164;11
15224.65;41;1060;6
15225.41;44;907;9
15226.33;17;637;3
15226.47;35;618;8
15226.47;0;305;10
15227.54;29;287;7
15227.76;32;154;5
15228.29;31;721;2
15229.08;21;134;0
15231.21;43;157;4
15233.83;6;1164;11
15234.8;41;1060;6
15235.33;44;907;9
15236.45;17;637;3
15236.49;0;305;10
15236.61;35;618;8
15237.58;29;287;7
15237.81;37;563;5
15238.35;39;644;2
15239.08;21;134;0
15241.24;43;157;4
15244.11;6;1164;11
15244.65;41;1060;6
15246.5;17;637;3
15246.59;0;305;10
15246.63;35;618;8
15247.26;19;1050;1
15247.45;29;287;7
15247.84;37;563;5
15248.46;39;644;2
15251.22;11;420;4
15254.17;9;458;11
15256.29;25;18;3
15256.54;0;305;10
15256.63;35;618;8
15257.32;19;1050;1
15257.54;29;287;7
15257.88;37;563;5
15258.49;39;644;2
15258.62;27;811;0
15261.28;1;399;4
15264.25;9;458;11
15266.56;25;18;3
15266.56;15;585;10
15266.63;35;618;8
15267.38;19;1050;1
15267.67;29;287;7
15267.94;37;563;5
15268.52;39;644;2
15268.85;27;811;0
15271.32;1;399;4
15274.29;9;458;11
15276.6;25;18;3
15276.64;26;673;8
15276.64;15;585;10
15277.37;7;355;1
15278.1;2;630;7
15278.55;39;644;2
15278.77;20;372;6
15278.82;27;811;0
15281.35;1;399;4
15284.34;9;458;11
15286.33;22;906;5
15286.64;25;18;3
15286.64;15;585;10
15286.69;26;673;8
15287.41;7;355;1
15287.95;2;630;7
15288.58;39;644;2
15288.86;27;811;0
15288.86;20;372;6
15288.9;23;469;9
15291.4;1;399;4
15294.36;9;458;11
15296.41;22;906;5
15296.41;15;585;10
15296.69;26;673;8
15297.46;7;355;1
15297.81;2;630;7
15298.64;39;644;2
15298.89;20;372;6
15298.94;27;811;0
15298.98;23;469;9
15304.4;9;458;11
15306.67;22;906;5
15306.67;15;585;10
15306.71;26;673;8
15307.73;7;355;1
15308.17;38;642;7
15308.77;39;644;2
15308.94;27;811;0
15308.94;16;88;6
15309.35;23;469;9
15314.36;9;458;11
15316.56;22;906;5
15316.56;15;585;10
15316.71;26;673;8
15317.78;7;355;1
15317.93;4;545;4
15318.25;38;642;7
15319.01;16;88;6
15319.4;3;672;9
15324.42;9;458;11
15326.69;22;906;5
15326.69;15;585;10
15326.74;26;673;8
15327.78;7;355;1
15327.97;4;545;4
15328.28;38;642;7
15329.03;16;88;6
15334.46;9;458;11
15336.62;14;689;10
15336.74;22;906;5
15336.74;26;673;8
15337.71;28;766;2
15337.84;8;221;1
15337.99;4;545;4
15338.2;38;642;7
15339.15;34;911;3
15344.18;5;116;6
15344.53;33;492;11
15346.58;24;1090;9
15346.76;26;673;8
15346.76;36;443;10
15346.81;22;906;5
15347.72;28;766;2
15347.77;8;221;1
15348.31;38;642;7
15349.36;34;911;3
15353.39;30;974;0
15354.01;5;116;6
15354.48;33;492;11
15356.52;24;1090;9
15356.8;26;673;8
15356.84;22;906;5
15356.84;36;443;10
15357.6;28;766;2
15357.93;8;221;1
15358.35;38;642;7
15359.57;34;911;3
15363.6;30;974;0
15364.22;5;116;6
15365.2;13;1113;11
15366.47;24;1090;9
15366.84;10;425;8
15366.84;36;443;10
15366.89;18;1114;5
15367.78;28;766;2
15368;8;221;1
15368.36;38;642;7
15369.62;34;911;3
15374.04;5;116;6
15375.28;13;1113;11
15376.83;10;425;8
15376.83;36;443;10
15376.93;18;1114;5
15377.82;28;766;2
15377.94;8;221;1
15378.37;29;1053;7
15379.66;34;911;3
15380.5;12;878;0
15384.26;5;116;6
15385.23;13;1113;11
15386.89;36;443;10
15386.98;18;1114;5
15387.86;28;766;2
15387.91;8;221;1
15388.41;29;1053;7
15389.7;34;911;3
15390.59;12;878;0
15394.04;44;171;9
15394.3;5;116;6
15395.36;13;1113;11
15396.89;36;443;10
15397;18;1114;5
15397.82;28;766;2
15398.04;8;221;1
15398.31;29;1053;7
15398.59;35;1151;8
15399.76;42;572;3
15400.68;12;878;0
15404.09;44;171;9
15404.3;5;116;6
15405.59;13;1113;11
15406.94;36;443;10
15407.05;18;1114;5
15407.89;28;766;2
15408.12;40;117;1
15408.62;35;1151;8
15409.76;42;572;3
15409.84;43;100;4
15414.25;44;171;9
15415.56;13;1113;11
15416.16;41;250;6
15416.92;36;443;10
15416.98;18;1114;5
15417.92;28;766;2
15418.18;19;1197;1
15418.65;35;1151;8
15419.84;42;572;3
15419.89;43;100;4
15423.02;21;231;0
15424.29;44;171;9
15425.64;6;16;11
15426.23;41;250;6
15426.98;36;443;10
15427.22;37;686;5
15427.96;31;668;2
15428.2;19;1197;1
15428.73;35;1151;8
15429.86;42;572;3
15429.9;43;100;4
15433.19;21;231;0
15434.03;44;171;9
15435.68;6;16;11
15436.39;41;250;6
15437.01;36;443;10
15437.37;37;686;5
15438.01;31;668;2
15438.24;19;1197;1
15438.77;35;1151;8
15439.86;17;374;3
15439.9;43;100;4
15443.19;21;231;0
15444.19;44;171;9
15445.72;6;16;11
15446.43;41;250;6
15447.35;37;686;5
15448.05;31;668;2
15448.26;19;1197;1
15449.76;17;374;3
15449.9;43;100;4
15450.73;0;920;10
15454.16;44;171;9
15455.84;6;16;11
15456.56;41;250;6
15457.42;37;686;5
15458.18;31;668;2
15458.23;19;1197;1
15459.79;17;374;3
15459.9;11;97;4
15461.4;2;134;7
15464.24;44;171;9
15465.83;6;16;11
15466.57;41;250;6
15467.47;37;686;5
15468.23;31;668;2
15468.37;19;1197;1
15469.77;17;374;3
15469.9;11;97;4
15471.41;2;134;7
15471.95;14;551;10
15474.33;23;91;9
15475.91;6;16;11
15476.58;41;250;6
15477.55;32;0;5
15478.25;31;668;2
15478.45;19;1197;1
15479.42;27;1158;0
15479.71;17;374;3
15479.9;11;97;4
15481.46;2;134;7
15481.99;14;551;10
15484.33;23;91;9
15485.95;6;16;11
15486.61;41;250;6
15487.58;32;0;5
15488.25;31;668;2
15488.49;19;1197;1
15489.35;27;1158;0
15489.87;17;374;3
15489.96;4;413;4
15491.5;2;134;7
15491.89;14;551;10
15496;6;16;11
15496.63;20;195;6
15497.67;32;0;5
15498.24;31;668;2
15498.5;7;376;1
15499.46;27;1158;0
15499.91;25;181;3
15500.19;4;413;4
15501.5;2;134;7
15504.05;3;822;9
15504.59;15;988;10
15506.04;6;16;11
15507.72;32;0;5
15508.31;39;819;2
15508.55;7;376;1
15509.48;30;675;0
15509.94;25;181;3
15510.24;1;447;4
15511.52;2;134;7
15513.88;3;822;9
15514.66;15;988;10
15515.99;6;16;11
15517.76;32;0;5
15518.47;39;819;2
15518.64;7;376;1
15519.5;30;675;0
15519.98;25;181;3
15520.3;1;447;4
15522.04;16;1136;6
15524.13;3;822;9
15524.78;15;988;10
15525.71;38;1017;7
15526.09;9;260;11
15527.83;32;0;5
15528.34;39;819;2
15528.75;7;376;1
15529.58;30;675;0
15530.3;1;447;4
15532.08;16;1136;6
15534.06;3;822;9
15534.88;15;988;10
15535.88;38;1017;7
15536.13;9;260;11
15537.98;32;0;5
15538.51;39;819;2
15542.29;16;1136;6
15543.83;10;123;8
15544.05;3;822;9
15545.05;15;988;10
15545.92;38;1017;7
15546.15;9;260;11
15548.05;32;0;5
15548.53;28;384;2
15551.62;12;346;0
15551.97;34;169;3
15552.15;16;1136;6
15554.05;10;123;8
15554.2;3;822;9
15555.15;15;988;10
15555.97;29;698;7
15556.19;9;260;11
15558.06;22;88;5
15558.58;28;384;2
15561.42;8;543;1
15561.79;12;346;0
15562.12;34;169;3
15562.38;16;1136;6
15564.02;10;123;8
15564.55;3;822;9
15565.16;15;988;10
15565.83;29;698;7
15566.21;9;260;11
15568.11;22;88;5
15568.69;28;384;2
15571.47;8;543;1
15571.78;12;346;0
15572.19;34;169;3
15574.21;26;69;8
15574.62;3;822;9
15575.21;15;988;10
15575.46;5;417;6
15575.9;29;698;7
15576.34;9;260;11
15578.09;22;88;5
15578.72;28;384;2
15581.47;8;543;1
15582.13;34;169;3
15584.56;3;822;9
15585.23;36;553;10
15585.55;5;417;6
15586.37;9;260;11
15587.71;11;317;4
15588.21;22;88;5
15588.86;28;384;2
15589.01;35;955;8
15591.52;8;543;1
15592.19;34;169;3
15594.61;3;822;9
15595.23;36;553;10
15596.42;13;367;11
15597.78;11;317;4
15598.28;22;88;5
15599.13;35;955;8
15602.22;34;169;3
15604.62;3;822;9
15606.53;13;367;11
15607.04;40;348;1
15607.75;11;317;4
15608.33;22;88;5
15609.18;35;955;8
15612.22;17;944;3
15614.6;24;251;9
15616.57;13;367;11
15617.09;40;348;1
15617.79;11;317;4
15618.46;22;88;5
15619.27;35;955;8
15620.03;21;1099;0
15622.27;17;944;3
15624.69;24;251;9
15626.49;13;367;11
15627.1;40;348;1
15627.82;11;317;4
15627.87;0;150;10
15628.49;18;502;5
15629.57;35;955;8
15630.11;21;1099;0
15632.27;17;944;3
15634.67;24;251;9
15636.61;13;367;11
15636.97;40;348;1
15637.84;11;317;4
15637.98;0;150;10
15638.5;18;502;5
15639.62;35;955;8
15640.04;21;1099;0
15642.31;42;49;3
15644.64;23;926;9
15646.61;13;367;11
15647.21;40;348;1
15647.81;11;317;4
15648.01;0;150;10
15648.52;18;502;5
15650.19;21;1099;0
15654.81;23;926;9
15656.64;13;367;11
15657.22;40;348;1
15657.86;11;317;4
15658.1;0;150;10
15658.54;18;502;5
15659.91;41;247;6
15660.04;21;1099;0
15660.65;31;570;2
15664.84;23;926;9
15666.66;13;367;11
15667.03;40;348;1
15667.94;43;4;4
15668.41;0;150;10
15668.52;18;502;5
15669.92;41;247;6
15670.28;21;1099;0
15670.7;31;570;2
15674.91;44;836;9
15676.54;13;367;11
15677.27;40;348;1
15678.01;43;4;4
15678.48;0;150;10
15678.54;37;83;5
15679.97;41;247;6
15680.31;21;1099;0
15680.76;31;570;2
15686.54;29;259;7
15686.66;13;367;11
15687.31;19;704;1
15688.13;25;671;3
15688.3;4;983;4
15688.58;37;83;5
15688.58;0;150;10
15689.98;41;247;6
15690.27;27;781;0
15696.65;2;545;7
15696.65;13;367;11
15697.42;19;704;1
15698.18;25;671;3
15698.47;4;983;4
15698.56;37;83;5
15700;41;247;6
15700.37;27;781;0
15703.08;39;202;2
15706.71;2;545;7
15706.71;33;529;11
15706.87;26;278;8
15707.49;19;704;1
15708.4;25;671;3
15708.49;4;983;4
15708.62;37;83;5
15709.16;14;992;10
15710.01;41;247;6
15710.45;27;781;0
15713.1;39;202;2
15716.71;2;545;7
15716.79;33;529;11
15717.54;19;704;1
15718.52;4;983;4
15718.56;37;83;5
15719.21;14;992;10
15720;20;626;6
15722.8;10;1098;8
15723.15;39;202;2
15726.51;2;545;7
15726.83;33;529;11
15727.57;19;704;1
15728.53;4;983;4
15728.58;37;83;5
15729.29;14;992;10
15730.05;20;626;6
15732.84;10;1098;8
15736.79;2;545;7
15736.83;33;529;11
15737.62;19;704;1
15738.54;17;762;3
15738.54;4;983;4
15738.66;32;31;5
15739.34;36;535;10
15740.1;20;626;6
15740.54;30;779;0
15742.84;10;1098;8
15746.75;2;545;7
15746.88;33;529;11
15748.01;19;704;1
15748.56;17;762;3
15748.56;1;42;4
15748.6;32;31;5
15749.02;24;708;9
15749.45;36;535;10
15750.08;20;626;6
15750.71;30;779;0
15752.92;10;1098;8
15756.83;38;823;7
15756.98;6;805;11
15758.09;19;704;1
15758.56;17;762;3
15758.56;1;42;4
15758.61;32;31;5
15759.36;15;334;10
15760.15;20;626;6
15760.68;30;779;0
15763.83;28;5;2
15767.06;6;805;11
15768.13;19;704;1
15768.62;17;762;3
15768.62;1;42;4
15768.62;32;31;5
15769.5;15;334;10
15770.22;20;626;6
15770.74;30;779;0
15772.42;3;1151;9
15777.06;6;805;11
15778.19;7;105;1
15778.68;32;31;5
15778.72;1;42;4
15779.53;15;334;10
15780.38;20;626;6
15780.77;30;779;0
15780.89;34;29;3
15782.55;3;1151;9
15787.02;6;805;11
15788.21;7;105;1
15788.72;32;31;5
15789.58;15;334;10
15790.44;5;303;6
15790.86;34;29;3
15792.59;3;1151;9
15797.18;6;805;11
15798.11;12;1136;0
15798.25;8;248;1
15799.08;35;642;8
15799.85;15;334;10
15800.49;5;303;6
15800.94;34;29;3
15802.54;3;1151;9
15807.21;9;1158;11
15808.16;12;1136;0
15808.31;8;248;1
15809.08;35;642;8
15809.93;15;334;10
15810.77;5;303;6
15811.1;34;29;3
15812.64;3;1151;9
15815.37;11;764;4
15817.02;22;338;5
15817.25;9;1158;11
15818.19;12;1136;0
15818.31;8;248;1
15819.13;35;642;8
15819.97;15;334;10
15820.79;5;303;6
15821.17;34;29;3
15822.76;3;1151;9
15825.37;11;764;4
15825.98;31;886;2
15827.21;22;338;5
15827.3;9;1158;11
15828.24;12;1136;0
15828.36;8;248;1
15828.7;29;244;7
15829.17;35;642;8
15829.98;15;334;10
15830.84;16;795;6
15831.23;34;29;3
15832.69;3;1151;9
15835.24;11;764;4
15836.19;31;886;2
15837.21;22;338;5
15838.36;12;1136;0
15838.44;8;248;1
15838.88;29;244;7
15839.21;35;642;8
15840.04;15;334;10
15840.72;16;795;6
15842.85;23;811;9
15845.38;43;296;4
15846.2;31;886;2
15847.23;37;561;5
15848.36;12;1136;0
15848.54;8;248;1
15849.21;29;244;7
15849.25;35;642;8
15850.17;15;334;10
15850.6;25;1190;3
15850.79;16;795;6
15852.89;23;811;9
15855.43;43;296;4
15856.25;31;886;2
15857.3;37;561;5
15858.4;27;1189;0
15858.49;8;248;1
15859.03;29;244;7
15859.25;35;642;8
15860.63;25;1190;3
15860.94;16;795;6
15862.98;23;811;9
15865.43;43;296;4
15866.12;31;886;2
15867.27;37;561;5
15867.34;13;758;11
15868.45;27;1189;0
15868.49;8;248;1
15868.92;2;450;7
15869.25;35;642;8
15870.5;25;1190;3
15870.95;16;795;6
15873.1;23;811;9
15875.51;43;296;4
15876.29;31;886;2
15877.07;37;561;5
15877.34;13;758;11
15878.34;27;1189;0
15878.6;8;248;1
15879.25;2;450;7
15879.25;35;642;8
15880.69;25;1190;3
15881.01;16;795;6
15883.4;44;855;9
15885.55;4;1051;4
15887.34;37;561;5
15887.34;13;758;11
15888.53;27;1189;0
15888.67;40;389;1
15889.26;2;450;7
15889.31;26;181;8
15890.74;25;1190;3
15891.1;41;911;6
15891.18;39;352;2
15893.3;44;855;9
15895.59;4;1051;4
15897.33;37;561;5
15897.33;13;758;11
15898.55;27;1189;0
15898.64;40;389;1
15899.35;38;113;7
15899.51;26;181;8
15900.87;25;1190;3
15901.18;41;911;6
15903.45;44;855;9
15903.8;14;102;10
15905.31;4;1051;4
15906.47;28;27;2
15907.14;37;561;5
15907.43;13;758;11
15908.59;27;1189;0
15908.73;40;389;1
15909.55;38;113;7
15909.71;26;181;8
15910.73;25;1190;3
15911.22;41;911;6
15913.56;44;855;9
15913.81;14;102;10
15915.67;4;1051;4
15916.3;28;27;2
15917.45;18;433;5
15917.45;13;758;11
15918.65;27;1189;0
15918.65;40;389;1
15919.66;38;113;7
15919.7;26;181;8
15920.99;25;1190;3
15921.12;41;911;6
15923.43;44;855;9
15923.84;14;102;10
15926.03;4;1051;4
15926.49;28;27;2
15927.46;13;758;11
15927.5;18;433;5
15928.83;27;1189;0
15929.75;26;181;8
15931.08;42;682;3
15931.21;41;911;6
15933.6;24;1200;9
15933.92;36;250;10
15935.35;7;762;1
15936.06;11;1128;4
15936.35;28;27;2
15937.1;33;1199;11
15937.5;18;433;5
15938.8;27;1189;0
15939.84;10;945;8
15941.18;34;579;3
15941.23;41;911;6
15943.84;24;1200;9
15943.98;36;250;10
15945.49;7;762;1
15946.14;11;1128;4
15946.54;28;27;2
15947.5;18;433;5
15947.5;33;1199;11
15949.92;10;945;8
15951.19;34;579;3
15951.24;41;911;6
15953.89;24;1200;9
15954.07;36;250;10
15955.55;7;762;1
15956.18;11;1128;4
15957.54;32;435;5
15957.54;6;117;11
15959.88;21;997;0
15959.92;10;945;8
15961.25;34;579;3
15961.25;41;911;6
15963.96;24;1200;9
15963.96;36;250;10
15965.55;19;822;1
15965.95;11;1128;4
15967.83;32;435;5
15967.83;6;117;11
15969.92;30;264;0
15971.26;17;128;3
15971.26;20;1049;6
15974.12;3;28;9
15974.17;36;250;10
15975.61;19;822;1
15976.24;11;1128;4
15977.87;32;435;5
15977.87;6;117;11
15979.93;30;264;0
15981.27;20;1049;6
15981.31;17;128;3
15982.4;29;815;7
15984.17;3;28;9
15984.3;0;980;10
15985.69;19;822;1
15986.31;11;1128;4
15987.94;6;117;11
15988.4;31;445;2
15989.97;30;264;0
15991.34;20;1049;6
15991.39;17;128;3
15992.52;29;815;7
15994.2;3;28;9
15994.3;0;980;10
15995.73;19;822;1
15996.4;11;1128;4
15998;6;117;11
15998.44;31;445;2
16000.04;30;264;0
16001.39;17;128;3
16001.39;20;1049;6
16004.26;22;5;5
16004.26;3;28;9
16004.31;0;980;10
16005.76;19;822;1
16006.43;1;313;4
16007.98;9;678;11
16008.4;31;445;2
16010.07;30;264;0
16011.43;17;128;3
16011.43;20;1049;6
16014.31;22;5;5
16014.31;3;28;9
16014.31;0;980;10
16015.8;19;822;1
16016.46;1;313;4
16018.02;9;678;11
16018.55;31;445;2
16020.03;30;264;0
16021.43;20;1049;6
16024.28;3;28;9
16024.35;22;5;5
16024.35;0;980;10
16025.28;25;174;3
16025.83;19;822;1
16028.02;9;678;11
16028.74;31;445;2
16030.12;12;933;0
16031.1;38;1012;7
16031.48;20;1049;6
16034.28;3;28;9
16034.4;22;5;5
16034.4;0;980;10
16035.25;25;174;3
16035.86;19;822;1
16038.06;9;678;11
16038.82;31;445;2
16039.58;43;173;4
16040.16;12;933;0
16041.66;16;652;6
16044.33;3;28;9
16044.41;22;5;5
16045.3;25;174;3
16045.91;40;628;1
16047.11;15;713;10
16048.1;9;678;11
16048.9;31;445;2
16049.63;43;173;4
16050.2;12;933;0
16051.69;16;652;6
16054.36;3;28;9
16054.46;37;956;5
16055.29;25;174;3
16055.9;2;202;7
16056.03;40;628;1
16057.16;15;713;10
16058.1;9;678;11
16060;43;173;4
16061.73;16;652;6
16064.4;23;915;9
16064.53;37;956;5
16064.91;35;448;8
16065.99;2;202;7
16066.32;40;628;1
16067.07;15;713;10
16068.05;9;678;11
16068.26;39;1125;2
16070.03;43;173;4
16071.75;16;652;6
16074.41;23;915;9
16074.62;37;956;5
16074.95;35;448;8
16076.45;40;628;1
16077.24;15;713;10
16078.09;9;678;11
16078.28;39;1125;2
16080.09;43;173;4
16081.82;5;788;6
16084.48;23;915;9
16084.99;35;448;8
16086.4;18;47;5
16086.48;8;1102;1
16087.09;15;713;10
16088.15;13;273;11
16090.24;43;173;4
16091.73;34;1195;3
16091.95;5;788;6
16094.75;23;915;9
16095.04;35;448;8
16095.86;27;419;0
16096.44;18;47;5
16096.48;8;1102;1
16097.01;15;713;10
16098.11;13;273;11
16100.32;4;169;4
16101.57;34;1195;3
16101.99;5;788;6
16104.82;23;915;9
16105.08;35;448;8
16105.91;27;419;0
16106.28;18;47;5
16106.53;8;1102;1
16107.21;15;713;10
16110.41;4;169;4
16111.73;34;1195;3
16111.99;5;788;6
16114.99;23;915;9
16115.08;35;448;8
16115.83;27;419;0
16116.49;8;1102;1
16116.49;18;47;5
16117.24;14;165;10
16120.55;4;169;4
16120.69;33;294;11
16121.67;42;131;3
16122.05;5;788;6
16124.42;28;1021;2
16124.96;23;915;9
16125.12;26;378;8
16125.97;27;419;0
16126.6;8;1102;1
16126.6;18;47;5
16127.3;14;165;10
16130.67;4;169;4
16130.76;33;294;11
16131.72;42;131;3
16132.03;5;788;6
16134.46;28;1021;2
16135.04;44;296;9
16135.98;27;419;0
16136.79;8;1102;1
16137.37;14;165;10
16137.55;32;135;5
16137.64;29;1158;7
16138.41;10;150;8
16140.73;4;169;4
16140.83;33;294;11
16141.79;42;131;3
16142.03;5;788;6
16144.5;28;1021;2
16145.12;44;296;9
16146.03;27;419;0
16146.79;7;609;1
16147.41;14;165;10
16147.58;32;135;5
16147.68;29;1158;7
16148.56;10;150;8
16150.83;4;169;4
16151.95;42;131;3
16152.11;5;788;6
16154.51;28;1021;2
16155.23;44;296;9
16156.12;21;1070;0
16156.99;7;609;1
16157.54;14;165;10
16157.63;32;135;5
16157.85;29;1158;7
16158.27;6;663;11
16158.55;10;150;8
16162.03;42;131;3
16162.03;5;788;6
16164.38;28;1021;2
16164.83;11;818;4
16165.24;44;296;9
16166.16;30;574;0
16166.97;7;609;1
16167.56;36;440;10
16167.69;32;135;5
16168.29;6;663;11
16168.55;10;150;8
16172.11;42;131;3
16172.11;41;87;6
16174.91;11;818;4
16175.24;44;296;9
16177.05;7;609;1
16177.19;36;440;10
16177.77;32;135;5
16178.37;6;663;11
16178.62;10;150;8
16182.08;42;131;3
16182.08;41;87;6
16184.98;11;818;4
16185.28;24;218;9
16186.97;19;822;1
16187.82;32;135;5
16188.4;6;663;11
16192.13;17;221;3
16192.18;41;87;6
16195.12;11;818;4
16195.22;39;1110;2
16195.59;24;218;9
16197.1;19;822;1
16197.86;32;135;5
16198.44;6;663;11
16200.94;38;1147;7
16202.19;17;221;3
16202.25;41;87;6
16205.19;11;818;4
16205.28;39;1110;2
16205.7;3;197;9
16207.15;19;822;1
16207.89;37;84;5
16211.07;38;1147;7
16212.21;17;221;3
16212.37;41;87;6
16215.75;3;197;9
16217.2;40;787;1
16217.52;1;327;4
16217.93;37;84;5
16218.28;12;427;0
16221.12;2;760;7
16222.24;17;221;3
16222.41;20;729;6
16225.79;3;197;9
16227.2;0;879;10
16227.25;40;787;1
16227.5;1;327;4
16228.03;37;84;5
16228.08;12;427;0
16230.98;9;503;11
16231.17;2;760;7
16232.28;17;221;3
16232.45;20;729;6
16235.81;3;197;9
16237.25;0;879;10
16237.29;40;787;1
16237.56;1;327;4
16238.09;37;84;5
16238.31;12;427;0
16238.36;31;317;2
16241.03;9;503;11
16241.15;2;760;7
16242.23;17;221;3
16242.56;20;729;6
16245.82;3;197;9
16247.29;40;787;1
16247.29;0;879;10
16247.57;1;327;4
16248.12;37;84;5
16248.27;12;427;0
16248.36;31;317;2
16251.09;9;503;11
16252.28;34;699;3
16252.75;20;729;6
16255.86;3;197;9
16257.33;0;879;10
16257.37;40;787;1
16257.65;1;327;4
16258.23;37;84;5
16258.37;12;427;0
16258.47;31;317;2
16261.13;9;503;11
16262.28;34;699;3
16262.71;20;729;6
16265.96;23;1074;9
16267.33;15;1012;10
16267.43;40;787;1
16268.21;43;161;4
16268.29;12;427;0
16268.29;22;886;5
16268.42;31;317;2
16271.15;9;503;11
16272.23;34;699;3
16272.61;20;729;6
16276.04;35;594;8
16276.09;23;1074;9
16277.41;15;1012;10
16277.58;8;97;1
16278.07;43;161;4
16278.38;12;427;0
16278.51;31;317;2
16281.22;13;1009;11
16282.27;34;699;3
16282.68;16;758;6
16286.09;35;594;8
16286.15;23;1074;9
16287.46;15;1012;10
16287.65;8;97;1
16288.26;43;161;4
16288.3;27;89;0
16288.55;31;317;2
16292.33;25;338;3
16292.8;16;758;6
16295.88;18;733;5
16295.97;35;594;8
16296.15;23;1074;9
16297.44;15;1012;10
16297.55;8;97;1
16297.98;43;161;4
16298.3;29;660;7
16298.43;21;894;0
16298.47;31;317;2
16301.64;33;192;11
16302.48;25;338;3
16302.72;16;758;6
16305.97;18;733;5
16305.97;26;933;8
16306.2;23;1074;9
16307.54;8;97;1
16308.26;43;161;4
16308.3;29;660;7
16308.5;21;894;0
16308.6;28;48;2
16311.6;33;192;11
16312.49;25;338;3
16316.14;18;733;5
16316.18;26;933;8
16316.18;23;1074;9
16317.68;8;97;1
16318.26;43;161;4
16318.31;29;660;7
16318.53;21;894;0
16318.68;28;48;2
16321.17;14;292;10
16321.6;33;192;11
16326.05;18;733;5
16326.23;23;1074;9
16327.65;8;97;1
16328.31;43;161;4
16328.31;29;660;7
16328.69;28;48;2
16331.11;14;292;10
16331.66;33;192;11
16335.31;30;1067;0
16336.14;18;733;5
16336.27;23;1074;9
16336.4;10;181;8
16337.61;8;97;1
16338.31;43;161;4
16338.31;29;660;7
16338.4;39;486;2
16338.74;5;768;6
16341.23;14;292;10
16345.38;30;1067;0
16346.31;44;551;9
16346.46;10;181;8
16347.03;6;1073;11
16347.37;8;97;1
16348.05;43;161;4
16348.36;29;660;7
16348.72;39;486;2
16348.8;5;768;6
16351.34;14;292;10
16355.73;30;1067;0
16355.9;42;1077;3
16356.45;44;551;9
16356.5;10;181;8
16357.08;6;1073;11
16357.73;19;392;1
16358.38;11;779;4
16358.44;29;660;7
16358.53;39;486;2
16358.91;5;768;6
16361.4;14;292;10
16365.67;30;1067;0
16366.31;44;551;9
16366.54;10;181;8
16367.17;6;1073;11
16367.45;19;392;1
16368.44;11;779;4
16368.44;38;485;7
16368.9;5;768;6
16369.11;34;397;3
16369.4;32;313;5
16371.41;14;292;10
16375.75;30;1067;0
16376.39;24;191;9
16376.62;10;181;8
16377.84;19;392;1
16378.45;11;779;4
16378.5;2;549;7
16378.96;5;768;6
16379.15;34;397;3
16379.42;32;313;5
16381.43;14;292;10
16386.22;24;191;9
16387.92;7;421;1
16388.58;2;549;7
16388.67;4;728;4
16388.71;5;768;6
16389.39;34;397;3
16389.44;32;313;5
16391.48;36;628;10
16396.43;24;191;9
16397.97;7;421;1
16398.62;2;549;7
16398.71;4;728;4
16398.83;5;768;6
16399.44;34;397;3
16399.48;32;313;5
16399.53;27;307;0
16401.54;36;628;10
16406.5;24;191;9
16408.75;4;728;4
16408.75;2;549;7
16409.03;5;768;6
16409.41;34;397;3
16409.48;32;313;5
16409.61;27;307;0
16411.63;36;628;10
16414.12;31;522;2
16415.68;35;749;8
16418.79;4;728;4
16418.83;2;549;7
16419.06;5;768;6
16419.48;34;397;3
16419.53;32;313;5
16419.7;27;307;0
16421.72;36;628;10
16424.59;3;289;9
16425.88;35;749;8
16428.85;4;728;4
16429.13;41;26;6
16429.51;34;397;3
16429.65;32;313;5
16429.74;27;307;0
16430.54;40;707;1
16431.87;36;628;10
16434.8;3;289;9
16435.18;13;268;11
16436.03;35;749;8
16438.86;4;728;4
16439.38;41;26;6
16439.47;34;397;3
16439.74;37;884;5
16439.83;27;307;0
16440.63;40;707;1
16441.89;36;628;10
16444.91;3;289;9
16445.16;13;268;11
16445.96;35;749;8
16448.94;4;728;4
16449.37;41;26;6
16449.56;17;702;3
16449.81;37;884;5
16450.67;40;707;1
16451.93;0;50;10
16454.9;3;289;9
16455.79;9;950;11
16455.98;35;749;8
16458.96;4;728;4
16459.39;16;366;6
16459.63;17;702;3
16459.68;37;884;5
16460.72;40;707;1
16462;0;50;10
16464.22;12;56;0
16464.89;3;289;9
16465.84;26;454;8
16465.84;9;950;11
16469.01;4;728;4
16469.3;16;366;6
16469.43;17;702;3
16469.81;37;884;5
16470.81;40;707;1
16470.94;38;184;7
16472.06;0;50;10
16474.23;12;56;0
16476.09;26;454;8
16476.09;9;950;11
16479.07;4;728;4
16479.45;17;702;3
16479.45;20;606;6
16479.8;22;1137;5
16479.86;23;503;9
16480.86;40;707;1
16480.99;38;184;7
16482.06;0;50;10
16483.5;39;574;2
16484.28;21;43;0
16485.82;26;454;8
16485.82;9;950;11
16488.78;1;311;4
16489.66;17;702;3
16489.7;20;606;6
16489.86;22;1137;5
16490.87;40;707;1
16491.04;38;184;7
16492.07;0;50;10
16493.54;39;574;2
16494.53;21;43;0
16496.1;26;454;8
16496.1;9;950;11
16499.08;1;311;4
16499.73;42;1019;3
16499.73;20;606;6
16499.82;22;1137;5
16500.89;40;707;1
16501.08;38;184;7
16502.11;0;50;10
16503.57;39;574;2
16504.54;21;43;0
16506.14;26;454;8
16506.14;9;950;11
16509.01;1;311;4
16509.78;42;1019;3
16509.78;20;606;6
16509.94;22;1137;5
16510.69;40;707;1
16512.12;0;50;10
16513.54;39;574;2
16514.62;21;43;0
16516.15;9;950;11
16516.19;26;454;8
16518.24;44;798;9
16519.14;43;915;4
16519.8;42;1019;3
16519.8;20;606;6
16520;22;1137;5
16520.73;40;707;1
16522.01;0;50;10
16524.28;29;316;7
16524.79;21;43;0
16526.21;33;459;11
16527.43;31;596;2
16528.34;44;798;9
16529.23;43;915;4
16529.83;42;1019;3
16529.87;20;606;6
16530.05;22;1137;5
16530.91;8;455;1
16532.16;0;50;10
16534.42;29;316;7
16534.78;21;43;0
16536.26;33;459;11
16538.2;28;147;2
16538.59;44;798;9
16539.26;43;915;4
16539.87;42;1019;3
16540.16;22;1137;5
16540.96;7;857;1
16542.16;0;50;10
16544.47;29;316;7
16544.81;30;1193;0
16546.23;33;459;11
16548.34;28;147;2
16548.63;44;798;9
16548.68;10;27;8
16549.3;43;915;4
16549.87;42;1019;3
16550.18;22;1137;5
16550.97;7;857;1
16552.25;0;50;10
16554.52;29;316;7
16554.86;30;1193;0
16556.26;33;459;11
16558.36;28;147;2
16558.69;10;27;8
16559.31;43;915;4
16559.91;42;1019;3
16560.22;22;1137;5
16560.98;7;857;1
16561.18;24;486;9
16562.2;0;50;10
16564.45;29;316;7
16564.9;30;1193;0
16566.4;6;1087;11
16568.81;10;27;8
16569.36;43;915;4
16569.93;42;1019;3
16570.26;18;991;5
16571.05;19;0;1
16571.22;24;486;9
16572.32;0;50;10
16574.6;29;316;7
16574.9;30;1193;0
16576.65;6;1087;11
16576.81;41;65;6
16578.89;10;27;8
16579.11;43;915;4
16579.94;42;1019;3
16580.28;18;991;5
16581.07;19;0;1
16581.28;24;486;9
16582.4;0;50;10
16584.78;29;316;7
16584.94;30;1193;0
16586.7;6;1087;11
16586.75;41;65;6
16589.07;10;27;8
16589.4;11;988;4
16590.03;25;354;3
16590.3;18;991;5
16591.02;19;0;1
16592.39;0;50;10
16594.85;2;240;7
16595.02;30;1193;0
16596.73;6;1087;11
16596.78;41;65;6
16599.11;10;27;8
16599.51;11;988;4
16600;25;354;3
16600.35;18;991;5
16601.2;19;0;1
16602.45;3;218;9
16602.45;15;1195;10
16604.93;30;1193;0
16604.93;2;240;7
16606.73;6;1087;11
16606.93;5;691;6
16609.13;35;967;8
16609.54;11;988;4
16610.09;25;354;3
16610.41;32;1190;5
16611.24;19;0;1
16612.5;3;218;9
16612.5;15;1195;10
16614.85;30;1193;0
16614.85;2;240;7
16616.74;13;467;11
16616.87;5;691;6
16618.88;35;967;8
16619.51;4;1146;4
16620.11;25;354;3
16620.41;32;1190;5
16621.13;19;0;1
16622.45;3;218;9
16622.45;15;1195;10
16624.98;30;1193;0
16624.98;2;240;7
16626.79;13;467;11
16626.98;5;691;6
16629.59;4;1146;4
16630.11;25;354;3
16630.44;32;1190;5
16631.03;19;0;1
16632.59;15;1195;10
16635.05;30;1193;0
16636.85;13;467;11
16640.13;25;354;3
16640.48;32;1190;5
16642.72;15;1195;10
16645.05;27;394;0
16647.16;13;467;11
16649.17;26;768;8
16649.21;40;934;1
16649.98;44;1061;9
16650.21;34;15;3
16650.43;32;1190;5
16652.5;15;1195;10
16654.25;39;447;2
16657.18;13;467;11
16658.11;29;168;7
16658.4;12;141;0
16659.04;26;768;8
16659.31;40;934;1
16660;44;1061;9
16660.05;1;233;4
16660.36;34;15;3
16660.53;32;1190;5
16662.73;15;1195;10
16664.3;39;447;2
16667.21;13;467;11
16668.11;29;168;7
16668.25;16;514;6
16668.46;12;141;0
16669.13;26;768;8
16669.45;40;934;1
16670.08;1;233;4
16670.08;23;713;9
16670.4;34;15;3
16670.4;37;1153;5
16672.78;15;1195;10
16674.34;39;447;2
16677.21;9;1092;11
16678.03;29;168;7
16678.38;16;514;6
16678.5;12;141;0
16679.21;26;768;8
16680.14;1;233;4
16680.14;23;713;9
16680.66;34;15;3
16680.66;37;1153;5
16681.17;7;990;1
16682.86;14;1200;10
16684.37;39;447;2
16687.02;9;1092;11
16688.16;38;62;7
16688.45;12;141;0
16689.26;26;768;8
16690.08;1;233;4
16690.2;23;713;9
16690.29;37;1153;5
16690.71;34;15;3
16691.25;7;990;1
16692.92;14;1200;10
16694.37;39;447;2
16698.05;38;62;7
16698.53;12;141;0
16699.33;26;768;8
16700.21;1;233;4
16700.21;24;113;9
16700.53;37;1153;5
16700.75;34;15;3
16702.84;14;1200;10
16704.11;41;392;6
16704.41;39;447;2
16707.2;8;339;1
16708.17;38;62;7
16708.3;12;141;0
16709.37;26;768;8
16710.22;1;233;4
16710.22;24;113;9
16710.71;37;1153;5
16710.79;17;243;3
16712.99;14;1200;10
16714.03;41;392;6
16714.42;31;1099;2
16716.47;6;156;11
16717.32;8;339;1
16718.08;38;62;7
16718.57;21;1025;0
16719.38;26;768;8
16720.28;1;233;4
16720.38;37;1153;5
16720.84;17;243;3
16723.06;14;1200;10
16724.12;41;392;6
16724.48;28;630;2
16726.59;6;156;11
16727.26;8;339;1
16728.2;38;62;7
16729.21;10;11;8
16730.78;37;1153;5
16730.83;17;243;3
16733.33;14;1200;10
16733.88;41;392;6
16734.3;28;630;2
16736.63;33;1047;11
16737.34;8;339;1
16740.81;37;1153;5
16743.38;14;1200;10
16743.52;2;179;7
16744.1;41;392;6
16744.56;28;630;2
16746.65;33;1047;11
16747.21;8;339;1
16748.74;43;1067;4
16750.69;22;414;5
16753.43;14;1200;10
16754.19;20;1114;6
16754.62;28;630;2
16756.56;33;1047;11
16757.39;8;339;1
16758.89;43;1067;4
16760.69;22;414;5
16763.45;14;1200;10
16764.32;20;1114;6
16764.63;28;630;2
16765.88;3;661;9
16766.73;33;1047;11
16767.6;8;339;1
16768.93;42;878;3
16768.93;43;1067;4
16770.85;22;414;5
16773.5;14;1200;10
16776.2;3;661;9
16776.55;35;502;8
16776.77;33;1047;11
16778.98;42;878;3
16778.98;43;1067;4
16780.68;22;414;5
16783.9;14;1200;10
16786.27;3;661;9
16786.72;35;502;8
16786.72;33;1047;11
16789.09;42;878;3
16789.09;11;380;4
16791;22;414;5
16793.94;14;1200;10
16794.05;5;1070;6
16796.31;3;661;9
16796.79;35;502;8
16796.79;33;1047;11
16797.15;30;357;0
16799.06;42;878;3
16799.06;11;380;4
16801.05;22;414;5
16801.09;19;896;1
16803.98;14;1200;10
16804.12;5;1070;6
16806.39;3;661;9
16806.81;33;1047;11
16806.85;35;502;8
16807.43;30;357;0
16809.07;11;380;4
16809.14;42;878;3
16810.97;18;717;5
16811.14;19;896;1
16813.98;14;1200;10
16814.14;5;1070;6
16816.42;3;661;9
16816.85;35;502;8
16816.85;13;68;11
16817.52;30;357;0
16819.04;11;380;4
16819.25;42;878;3
16820.7;18;717;5
16821.27;19;896;1
16824.03;0;471;10
16824.14;5;1070;6
16826.5;35;502;8
16826.5;3;661;9
16826.9;13;68;11
16827.52;30;357;0
16829.14;11;380;4
16829.3;42;878;3
16830.73;18;717;5
16831.31;19;896;1
16834.09;0;471;10
16834.18;5;1070;6
16836.72;3;661;9
16836.9;13;68;11
16837.55;27;1033;0
16837.9;29;53;7
16839.18;11;380;4
16839.36;42;878;3
16841.09;32;298;5
16841.28;7;356;1
16843.86;0;471;10
16844.23;5;1070;6
16846.9;3;661;9
16847.6;27;1033;0
16848.12;29;53;7
16849.22;4;950;4
16849.44;42;878;3
16851.06;32;298;5
16851.36;7;356;1
16854.14;36;8;10
16856.94;23;474;9
16857.64;27;1033;0
16858.41;29;53;7
16858.78;31;229;2
16859.23;4;950;4
16859.87;9;655;11
16861.07;32;298;5
16861.44;40;781;1
16863.09;16;573;6
16864.2;36;8;10
16866.87;23;474;9
16867.71;27;1033;0
16868.49;29;53;7
16868.83;31;229;2
16869.29;4;950;4
16869.91;9;655;11
16871.49;40;781;1
16873.17;16;573;6
16873.66;26;29;8
16874.24;36;8;10
16876.99;23;474;9
16877.7;27;1033;0
16878.7;29;53;7
16878.87;31;229;2
16879.34;4;950;4
16879.38;37;1016;5
16879.95;9;655;11
16881.36;40;781;1
16883.24;16;573;6
16883.74;26;29;8
16884.28;15;816;10
16886.95;23;474;9
16887.76;21;679;0
16888.49;29;53;7
16888.91;31;229;2
16889.37;4;950;4
16889.42;37;1016;5
16891.52;40;781;1
16893.3;16;573;6
16893.9;26;29;8
16894.32;15;816;10
16897.06;23;474;9
16897.57;21;679;0
16898.74;2;350;7
16898.95;39;991;2
16899.41;1;771;4
16899.5;37;1016;5
16901.54;40;781;1
16904.32;10;1052;8
16904.36;15;816;10
16905.32;33;1001;11
16907.22;44;125;9
16907.59;12;402;0
16908.96;39;991;2
16908.96;2;350;7
16909.5;1;771;4
16909.64;37;1016;5
16909.99;25;1105;3
16911.33;40;781;1
16914.38;10;1052;8
16914.45;15;816;10
16915.45;33;1001;11
16917.34;44;125;9
16917.78;12;402;0
16918.98;2;350;7
16919.03;39;991;2
16919.63;1;771;4
16919.68;37;1016;5
16920.01;25;1105;3
16921.62;40;781;1
16924.45;10;1052;8
16924.59;15;816;10
16925.13;33;1001;11
16927.42;44;125;9
16927.82;12;402;0
16928.95;2;350;7
16929.03;41;765;6
16929.07;39;991;2
16929.63;1;771;4
16929.89;25;1105;3
16931.66;40;781;1
16934.59;10;1052;8
16934.63;15;816;10
16935.56;6;493;11
16937.46;44;125;9
16939.03;2;350;7
16939.07;39;991;2
16939.07;41;765;6
16940.09;25;1105;3
16941.47;8;37;1
16944.56;10;1052;8
16944.72;15;816;10
16945.65;6;493;11
16947.49;44;125;9
16949.1;39;991;2
16949.1;20;563;6
16949.1;2;350;7
16950.13;25;1105;3
16951.36;43;361;4
16951.68;8;37;1
16954.74;15;816;10
16955.59;6;493;11
16957.31;22;836;5
16957.54;44;125;9
16959.16;28;696;2
16959.16;20;563;6
16959.16;38;915;7
16960.01;25;1105;3
16961.71;43;361;4
16961.75;8;37;1
16964.8;15;816;10
16965.8;6;493;11
16967.4;22;836;5
16967.59;44;125;9
16969.12;20;563;6
16969.23;28;696;2
16969.23;38;915;7
16971.04;34;1151;3
16971.76;8;37;1
16974.82;15;816;10
16975.84;6;493;11
16977.43;22;836;5
16977.68;24;897;9
16979.23;20;563;6
16979.28;28;696;2
16979.28;38;915;7
16981.09;34;1151;3
16981.43;11;41;4
16981.91;7;334;1
16984.85;0;786;10
16985.85;13;597;11
16987.46;22;836;5
16987.73;24;897;9
16989.28;20;563;6
16989.33;38;915;7
16991.06;34;1151;3
16991.55;11;41;4
16992;7;334;1
16994.85;0;786;10
16995.47;26;372;8
16995.9;13;597;11
16997.54;18;94;5
16997.77;24;897;9
16999.23;20;563;6
16999.5;38;915;7
17000.81;30;840;0
17001.06;17;200;3
17001.54;11;41;4
17002.02;7;334;1
17004.88;0;786;10
17005.49;26;372;8
17005.93;13;597;11
17007.6;18;94;5
17009.57;38;915;7
17010.82;30;840;0
17011.1;17;200;3
17011.61;11;41;4
17012.09;7;334;1
17014.94;14;1067;10
17015.53;35;179;8
17015.94;33;27;11
17017.6;18;94;5
17019.94;38;915;7
17020.9;30;840;0
17021.14;17;200;3
17022.24;19;579;1
17023.4;3;118;9
17024.91;14;1067;10
17025.95;35;179;8
17025.95;33;27;11
17027.62;18;94;5
17029.99;38;915;7
17030.9;30;840;0
17031.17;17;200;3
17032.32;19;579;1
17033.45;3;118;9
17034.98;14;1067;10
17035.99;35;179;8
17035.99;33;27;11
17037.66;18;94;5
17040.05;38;915;7
17040.1;4;615;4
17040.93;30;840;0
17041.12;17;200;3
17042.29;19;579;1
17043.44;3;118;9
17045.02;14;1067;10
17046.02;33;27;11
17046.06;5;45;6
17046.06;35;179;8
17047.7;31;289;2
17050.16;4;615;4
17050.98;30;840;0
17051.21;17;200;3
17052.32;19;579;1
17053.45;3;118;9
17054.72;14;1067;10
17055.87;33;27;11
17056.16;5;45;6
17056.21;35;179;8
17056.3;32;1117;5
17057.83;31;289;2
17060.1;4;615;4
17061.03;27;673;0
17061.24;17;200;3
17062.3;19;579;1
17063.47;3;118;9
17065.03;14;1067;10
17066.06;33;27;11
17066.21;5;45;6
17066.25;35;179;8
17066.34;32;1117;5
17067.85;31;289;2
17070.19;4;615;4
17071.1;27;673;0
17071.1;42;778;3
17073.38;23;1183;9
17075;36;76;10
17076.09;9;909;11
17076.13;5;45;6
17076.29;32;1117;5
17077.77;31;289;2
17078.7;29;481;7
17080.19;4;615;4
17081.28;27;673;0
17081.32;42;778;3
17083.5;23;1183;9
17085.07;36;76;10
17086.09;9;909;11
17086.22;5;45;6
17087.85;31;289;2
17088.56;29;481;7
17090.19;4;615;4
17091.34;27;673;0
17091.34;42;778;3
17092.41;37;251;5
17093.57;23;1183;9
17095.1;36;76;10
17096.12;9;909;11
17096.17;5;45;6
17097.85;31;289;2
17098.74;29;481;7
17100.21;4;615;4
17101.21;27;673;0
17101.41;42;778;3
17101.94;10;572;8
17102.5;37;251;5
17103.5;23;1183;9
17105.07;36;76;10
17106.17;9;909;11
17106.27;5;45;6
17107.9;39;982;2
17108.07;40;542;1
17108.7;29;481;7
17110.24;4;615;4
17111.41;21;296;0
17111.45;42;778;3
17111.99;10;572;8
17112.52;37;251;5
17113.59;23;1183;9
17115.15;36;76;10
17116.2;9;909;11
17116.49;5;45;6
17117.82;39;982;2
17117.94;40;542;1
17118.81;29;481;7
17120.3;1;819;4
17121.45;21;296;0
17121.54;42;778;3
17122.13;10;572;8
17122.56;37;251;5
17123.57;23;1183;9
17125.17;15;52;10
17126.23;9;909;11
17126.56;16;5;6
17127.94;39;982;2
17128.12;40;542;1
17129.02;29;481;7
17130.52;1;819;4
17131.45;21;296;0
17131.54;42;778;3
17132.18;10;572;8
17132.59;37;251;5
17133.66;44;340;9
17135.22;15;52;10
17136.31;6;596;11
17136.59;16;5;6
17137.93;39;982;2
17138.12;40;542;1
17138.87;29;481;7
17140.72;1;819;4
17141.48;21;296;0
17141.57;42;778;3
17142.19;26;626;8
17142.64;37;251;5
17143.37;44;340;9
17145.26;15;52;10
17146.54;6;596;11
17146.63;16;5;6
17147.93;39;982;2
17148.15;40;542;1
17150.17;2;390;7
17150.72;1;819;4
17151.52;21;296;0
17151.61;42;778;3
17151.97;26;626;8
17152.78;37;251;5
17153.71;24;545;9
17155.28;15;52;10
17156.62;16;5;6
17156.62;6;596;11
17158.14;40;542;1
17160.1;2;390;7
17160.63;1;819;4
17161.37;28;37;2
17161.5;21;296;0
17161.65;25;453;3
17162.95;37;251;5
17163.75;24;545;9
17165.32;15;52;10
17166.73;16;5;6
17167.12;13;956;11
17168.09;40;542;1
17170.23;2;390;7
17170.76;1;819;4
17171.53;21;296;0
17171.53;28;37;2
17171.72;25;453;3
17173.13;22;730;5
17173.65;24;545;9
17175.36;15;52;10
17176.74;16;5;6
17177.18;13;956;11
17178.2;8;402;1
17180.26;2;390;7
17180.8;1;819;4
17181.57;21;296;0
17181.57;28;37;2
17181.81;25;453;3
17183.21;22;730;5
17183.7;24;545;9
17185.48;15;52;10
17186.78;41;357;6
17187.1;13;956;11
17188.26;8;402;1
17190.35;2;390;7
17190.84;43;192;4
17191.61;12;1080;0
17191.61;28;37;2
17191.74;35;999;8
17191.88;34;1167;3
17193.33;22;730;5
17193.77;24;545;9
17195.46;15;52;10
17196.81;41;357;6
17197.18;13;956;11
17198.22;8;402;1
17200.24;2;390;7
17200.85;43;192;4
17201.61;28;37;2
17201.66;12;1080;0
17201.79;35;999;8
17201.9;34;1167;3
17203.37;22;730;5
17203.74;24;545;9
17205.5;0;804;10
17206.83;41;357;6
17207.23;13;956;11
17208.24;8;402;1
17210.34;2;390;7
17210.9;43;192;4
17211.79;12;1080;0
17211.86;35;999;8
17211.94;34;1167;3
17213.4;22;730;5
17213.82;24;545;9
17215.51;0;804;10
17216.86;20;671;6
17217.23;13;956;11
17218.33;7;860;1
17220.4;2;390;7
17220.94;43;192;4
17221.86;12;1080;0
17221.9;35;999;8
17221.94;34;1167;3
17223.41;22;730;5
17223.81;24;545;9
17225.5;0;804;10
17226.89;20;671;6
17227.48;13;956;11
17228.43;7;860;1
17228.61;31;755;2
17230.45;38;770;7
17230.81;43;192;4
17231.72;30;628;0
17231.9;35;999;8
17231.99;34;1167;3
17233.33;22;730;5
17233.95;3;368;9
17235.51;0;804;10
17236.93;20;671;6
17237.43;13;956;11
17238.42;7;860;1
17238.6;31;755;2
17240.51;38;770;7
17241.06;43;192;4
17241.79;30;628;0
17242.08;17;72;3
17244.04;3;368;9
17245.55;0;804;10
17246.27;18;747;5
17246.97;20;671;6
17247.53;13;956;11
17248.48;7;860;1
17248.66;31;755;2
17250.5;38;770;7
17251.12;11;697;4
17252.13;17;72;3
17254.06;3;368;9
17255.55;0;804;10
17256.78;20;671;6
17257.59;13;956;11
17258.57;19;444;1
17258.7;31;755;2
17260.54;38;770;7
17261.2;11;697;4
17262.19;17;72;3
17264.11;3;368;9
17265.08;32;522;5
17265.6;0;804;10
17267.11;20;671;6
17267.74;13;956;11
17268.62;19;444;1
17270.5;38;770;7
17271.2;11;697;4
17272.2;17;72;3
17274.25;23;180;9
17275.16;32;522;5
17275.63;0;804;10
17277.05;20;671;6
17278.12;13;956;11
17278.66;19;444;1
17280.58;38;770;7
17281.21;11;697;4
17282.24;42;529;3
17284.25;23;180;9
17285.16;32;522;5
17285.87;27;1054;0
17287.08;5;214;6
17288.14;13;956;11
17288.42;14;96;10
17288.63;19;444;1
17290.75;38;770;7
17291.25;11;697;4
17294.34;44;632;9
17295.09;10;207;8
17295.2;32;522;5
17296;27;1054;0
17297.07;5;214;6
17298.16;33;797;11
17298.63;14;96;10
17298.74;19;444;1
17300.79;38;770;7
17301.25;4;1149;4
17304.38;44;632;9
17305.15;10;207;8
17305.25;32;522;5
17306.23;27;1054;0
17307.27;5;214;6
17308.21;33;797;11
17308.58;14;96;10
17308.75;19;444;1
17310.84;29;698;7
17311.29;4;1149;4
17314.5;44;632;9
17315.06;39;421;2
17315.24;10;207;8
17315.28;32;522;5
17316.09;27;1054;0
17317.14;5;214;6
17318.21;33;797;11
17318.43;14;96;10
17320.95;29;698;7
17321.34;4;1149;4
17324.76;39;421;2
17324.76;44;632;9
17325.14;10;207;8
17325.28;32;522;5
17326.24;27;1054;0
17327.31;5;214;6
17328.26;33;797;11
17328.67;14;96;10
17330.97;29;698;7
17331.53;4;1149;4
17335.01;40;1019;1
17335.06;44;632;9
17335.1;39;421;2
17335.24;10;207;8
17336.29;27;1054;0
17337.36;5;214;6
17338.31;33;797;11
17338.71;36;1105;10
17340.92;29;698;7
17341.23;25;229;3
17341.47;37;1078;5
17341.63;4;1149;4
17344.94;40;1019;1
17345.06;44;632;9
17345.15;39;421;2
17345.24;10;207;8
17346.11;27;1054;0
17347.49;5;214;6
17348.33;33;797;11
17348.7;36;1105;10
17350.93;29;698;7
17351.23;25;229;3
17351.47;37;1078;5
17354.98;40;1019;1
17355.1;44;632;9
17355.15;39;421;2
17355.29;26;501;8
17356.33;27;1054;0
17357.52;16;202;6
17358.32;6;586;11
17358.47;1;1095;4
17358.77;36;1105;10
17360.86;29;698;7
17361.28;25;229;3
17361.56;37;1078;5
17365.03;40;1019;1
17365.16;39;421;2
17365.39;26;501;8
17366.4;27;1054;0
17367.54;16;202;6
17368.45;1;1095;4
17368.45;9;109;11
17368.82;15;1156;10
17370.84;29;698;7
17371.3;25;229;3
17371.56;37;1078;5
17375.06;40;1019;1
17375.1;39;421;2
17376.32;27;1054;0
17377.59;16;202;6
17378.51;1;1095;4
17378.51;9;109;11
17378.86;15;1156;10
17379.01;24;628;9
17381.02;2;1040;7
17381.23;25;229;3
17381.61;37;1078;5
17385.01;8;641;1
17385.21;28;414;2
17386.48;27;1054;0
17387.37;16;202;6
17388.47;1;1095;4
17388.47;9;109;11
17388.95;24;628;9
17388.95;15;1156;10
17391.18;2;1040;7
17391.33;25;229;3
17391.65;37;1078;5
17393.56;35;1116;8
17395.09;8;641;1
17395.28;28;414;2
17396.48;27;1054;0
17397.74;16;202;6
17398.55;9;109;11
17399.1;15;1156;10
17399.15;24;628;9
17401.22;2;1040;7
17401.37;25;229;3
17401.76;22;450;5
17403.59;35;1116;8
17405.33;28;414;2
17406.4;12;58;0
17407.76;16;202;6
17408.59;9;109;11
17409.16;15;1156;10
17409.23;24;628;9
17410.41;7;317;1
17411.31;2;1040;7
17411.42;34;1107;3
17411.89;22;450;5
17412.65;43;94;4
17415.4;28;414;2
17416.49;12;58;0
17417.68;20;206;6
17418.8;9;109;11
17419.27;24;628;9
17419.27;15;1156;10
17420.44;7;317;1
17421.31;2;1040;7
17421.36;34;1107;3
17421.94;22;450;5
17422.79;43;94;4
17425.48;31;614;2
17426.54;12;58;0
17427.77;20;206;6
17428.77;9;109;11
17429.13;24;628;9
17429.13;15;1156;10
17430.42;7;317;1
17431.41;34;1107;3
17432.19;18;189;5
17432.81;43;94;4
17435.48;31;614;2
17436.93;12;58;0
17437.84;20;206;6
17439.31;23;1161;9
17439.31;15;1156;10
17440.48;7;317;1
17441.54;34;1107;3
17442.2;18;189;5
17442.85;11;73;4
17445.38;31;614;2
17446.97;21;926;0
17447.93;20;206;6
17449.25;23;1161;9
17449.4;15;1156;10
17450.19;7;317;1
17451.58;34;1107;3
17452.18;18;189;5
17452.98;11;73;4
17455.46;31;614;2
17457.06;21;926;0
17457.98;20;206;6
17459.43;3;544;9
17459.48;14;21;10
17460.51;7;317;1
17461.65;42;1072;3
17462.24;18;189;5
17462.85;38;321;7
17462.98;11;73;4
17467.08;21;926;0
17468.07;20;206;6
17469.49;3;544;9
17469.54;14;21;10
17471.56;42;1072;3
17472.21;18;189;5
17472.83;38;321;7
17473;11;73;4
17476.96;21;926;0
17478.34;41;1083;6
17479.54;3;544;9
17479.58;14;21;10
17481.73;17;48;3
17482.28;18;189;5
17482.93;38;321;7
17483.08;11;73;4
17487.03;21;926;0
17489.79;14;21;10
17491.48;17;48;3
17492.33;18;189;5
17492.99;11;73;4
17494.37;44;850;9
17496.95;21;926;0
17498.75;26;920;8
17499.86;0;79;10
17500.77;19;244;1
17502.13;18;189;5
17502.93;4;294;4
17504.4;44;850;9
17507.16;21;926;0
17508.9;10;41;8
17509.9;0;79;10
17510.85;19;244;1
17512.37;32;1102;5
17513.03;4;294;4
17514.02;13;503;11
17514.42;44;850;9
17517.28;21;926;0
17518.36;29;246;7
17518.94;10;41;8
17519.95;0;79;10
17520.66;19;244;1
17520.9;39;207;2
17522.37;32;1102;5
17523.12;4;294;4
17524.19;13;503;11
17524.46;44;850;9
17527.32;21;926;0
17527.54;5;1077;6
17528.86;10;41;8
17529.95;0;79;10
17532.32;32;1102;5
17533.09;4;294;4
17534.27;13;503;11
17534.48;44;850;9
17536.08;25;163;3
17537.33;30;616;0
17537.66;5;1077;6
17539.06;10;41;8
17540.03;0;79;10
17542.37;32;1102;5
17543.17;40;33;1
17543.17;1;83;4
17544.33;13;503;11
17544.53;44;850;9
17546.13;25;163;3
17547.08;30;616;0
17547.78;5;1077;6
17549.08;10;41;8
17550.1;0;79;10
17553.3;1;83;4
17553.34;7;898;1
17554.38;33;262;11
17556.17;25;163;3
17557.37;30;616;0
17557.83;5;1077;6
17558.96;10;41;8
17560.3;0;79;10
17562.38;37;402;5
17563.34;1;83;4
17563.43;7;898;1
17564.44;33;262;11
17566.12;25;163;3
17566.65;23;969;9
17567.26;30;616;0
17567.93;5;1077;6
17569.12;35;398;8
17570.37;0;79;10
17572.43;37;402;5
17573.42;1;83;4
17573.47;7;898;1
17574.63;33;262;11
17576.14;25;163;3
17576.7;23;969;9
17577.48;30;616;0
17577.99;5;1077;6
17579.22;35;398;8
17580.48;0;79;10
17582.44;37;402;5
17583.43;1;83;4
17584.82;33;262;11
17586.22;25;163;3
17586.72;28;229;2
17586.72;23;969;9
17587.61;30;616;0
17588.06;2;999;7
17588.1;16;630;6
17589.21;35;398;8
17590.52;0;79;10
17592.61;22;202;5
17593.4;1;83;4
17594.89;6;529;11
17596.35;25;163;3
17596.77;23;969;9
17596.9;8;624;1
17597.52;27;1048;0
17598.1;16;630;6
17598.1;2;999;7
17599.29;35;398;8
17600.54;0;79;10
17602.62;22;202;5
17603.5;43;1113;4
17604.98;6;529;11
17606.16;34;17;3
17607.15;8;624;1
17607.67;12;392;0
17608.03;16;630;6
17608.03;2;999;7
17609.37;35;398;8
17610.62;0;79;10
17612.66;22;202;5
17613.49;43;1113;4
17614.86;6;529;11
17617.06;8;624;1
17617.68;12;392;0
17618.11;2;999;7
17618.16;16;630;6
17620.66;36;545;10
17620.86;24;747;9
17622.71;22;202;5
17623.44;43;1113;4
17624.88;6;529;11
17627.06;8;624;1
17627.73;12;392;0
17628.16;2;999;7
17628.2;16;630;6
17630.71;36;545;10
17630.96;24;747;9
17631.89;31;665;2
17632.76;22;202;5
17633.56;43;1113;4
17634.98;6;529;11
17636.28;26;1184;8
17637.22;8;624;1
17637.73;12;392;0
17638.18;2;999;7
17638.22;16;630;6
17640.77;36;545;10
17640.93;24;747;9
17642.8;22;202;5
17644.98;6;529;11
17646.31;26;1184;8
17648.22;41;574;6
17648.22;2;999;7
17649.03;11;1128;4
17650.81;15;659;10
17652.48;17;694;3
17652.85;18;472;5
17653.9;19;804;1
17655.03;6;529;11
17656.36;26;1184;8
17658.15;2;999;7
17658.26;41;574;6
17659.02;11;1128;4
17660.33;3;122;9
17660.83;15;659;10
17662.52;17;694;3
17662.91;18;472;5
17664.02;19;804;1
17665.13;9;610;11
17667.11;21;425;0
17668.26;38;764;7
17668.31;41;574;6
17669.04;11;1128;4
17670.19;10;1153;8
17670.29;3;122;9
17670.82;15;659;10
17672.53;17;694;3
17672.96;18;472;5
17674.36;19;804;1
17675.17;39;540;2
17675.17;9;610;11
17677.03;21;425;0
17678.33;38;764;7
17678.37;41;574;6
17679.03;11;1128;4
17680.24;10;1153;8
17680.38;3;122;9
17680.88;15;659;10
17682.57;17;694;3
17683.15;32;981;5
17684.4;19;804;1
17685.24;39;540;2
17685.24;9;610;11
17687.19;21;425;0
17688.37;38;764;7
17688.42;41;574;6
17689.09;11;1128;4
17690.28;10;1153;8
17690.46;3;122;9
17690.9;15;659;10
17692.61;17;694;3
17692.95;32;981;5
17694.35;7;349;1
17695.31;39;540;2
17697.27;21;425;0
17698.44;38;764;7
17698.48;41;574;6
17699.2;4;1027;4
17700.31;10;1153;8
17700.36;3;122;9
17700.94;15;659;10
17702.58;17;694;3
17703.21;32;981;5
17704.19;7;349;1
17705.32;39;540;2
17707.2;21;425;0
17708.45;29;944;7
17709.25;1;820;4
17710.02;20;482;6
17710.34;10;1153;8
17710.47;3;122;9
17710.94;15;659;10
17712.49;42;719;3
17713.36;32;981;5
17714.19;7;349;1
17715.45;39;540;2
17716.99;21;425;0
17718.28;29;944;7
17719.45;1;820;4
17720.09;20;482;6
17720.32;10;1153;8
17720.38;3;122;9
17720.95;15;659;10
17722.54;42;719;3
17724.41;7;349;1
17725.71;39;540;2
17727.31;21;425;0
17728.5;29;944;7
17729.45;1;820;4
17730.17;20;482;6
17730.52;3;122;9
17730.98;15;659;10
17732.73;42;719;3
17734.41;7;349;1
17737.17;21;425;0
17738.56;29;944;7
17739.5;1;820;4
17740.37;20;482;6
17740.54;3;122;9
17740.98;15;659;10
17742.78;42;719;3
17744.47;7;349;1
17747.26;28;1089;2
17747.35;21;425;0
17748.55;29;944;7
17749.64;1;820;4
17750.59;44;1187;9
17751.06;15;659;10
17752.44;13;1109;11
17752.89;42;719;3
17753.2;37;164;5
17754.51;7;349;1
17757.13;28;1089;2
17758.6;29;944;7
17759.67;1;820;4
17760.64;23;321;9
17761.3;15;659;10
17762.5;13;1109;11
17762.93;42;719;3
17763.32;37;164;5
17764.54;7;349;1
17768.64;29;944;7
17769.71;1;820;4
17770.38;5;896;6
17771.33;15;659;10
17772.55;13;1109;11
17772.97;42;719;3
17773.6;37;164;5
17774.63;40;1040;1
17775.04;27;1146;0
17775.45;26;707;8
17778.68;29;944;7
17779.75;43;909;4
17780.46;5;896;6
17781.38;14;1035;10
17782.55;13;1109;11
17782.99;42;719;3
17783.61;37;164;5
17784.79;40;1040;1
17785.12;27;1146;0
17785.53;35;136;8
17788.64;29;944;7
17789.8;43;909;4
17790.56;5;896;6
17791.38;14;1035;10
17792.59;33;279;11
17793.03;25;7;3
17793.66;37;164;5
17794.83;40;1040;1
17795.18;27;1146;0
17795.56;35;136;8
17799.82;43;909;4
17800.78;5;896;6
17801.43;14;1035;10
17802.76;33;279;11
17803.1;25;7;3
17803.67;37;164;5
17804.86;40;1040;1
17805.23;30;397;0
17805.58;35;136;8
17806.9;31;827;2
17809.35;24;1173;9
17809.86;43;909;4
17810.57;5;896;6
17811.64;14;1035;10
17812.66;33;279;11
17813.17;34;830;3
17813.48;37;164;5
17814.9;40;1040;1
17815.25;30;397;0
17815.44;35;136;8
17816.98;31;827;2
17819.44;24;1173;9
17820.83;5;896;6
17821.47;14;1035;10
17823.18;34;830;3
17823.53;22;558;5
17824.89;19;39;1
17825.28;30;397;0
17826.97;31;827;2
17829.51;24;1173;9
17829.91;6;1080;11
17830.87;5;896;6
17831.66;14;1035;10
17833.22;34;830;3
17834.93;19;39;1
17835.22;30;397;0
17835.37;2;132;7
17837.01;31;827;2
17839.55;24;1173;9
17839.89;6;1080;11
17840.89;5;896;6
17841.68;0;911;10
17842.72;18;870;5
17845.02;19;39;1
17845.3;30;397;0
17845.43;2;132;7
17846.45;17;85;3
17847.03;31;827;2
17849.62;24;1173;9
17849.95;6;1080;11
17850.75;16;91;6
17851.69;0;911;10
17852.8;18;870;5
17855.09;19;39;1
17855.38;12;1047;0
17855.55;2;132;7
17856.51;17;85;3
17857.09;31;827;2
17857.34;11;515;4
17859.69;24;1173;9
17860;6;1080;11
17860.89;16;91;6
17861.64;0;911;10
17863.04;18;870;5
17865.11;19;39;1
17865.43;12;1047;0
17865.59;2;132;7
17866.52;17;85;3
17867.13;31;827;2
17867.36;11;515;4
17869.84;24;1173;9
17869.89;6;1080;11
17870.88;16;91;6
17871.7;0;911;10
17873.12;18;870;5
17874.09;10;957;8
17875.14;19;39;1
17875.46;12;1047;0
17875.68;38;917;7
17876.59;17;85;3
17879.79;4;613;4
17879.88;24;1173;9
17880.08;9;1019;11
17880.92;16;91;6
17881.75;36;1098;10
17884.25;10;957;8
17884.95;32;189;5
17885.21;19;39;1
17885.73;38;917;7
17886.12;39;55;2
17886.63;17;85;3
17889.84;4;613;4
17889.84;3;17;9
17890.15;9;1019;11
17890.93;16;91;6
17894.28;10;957;8
17894.95;32;189;5
17895.26;8;8;1
17895.74;38;917;7
17896.17;39;55;2
17896.69;17;85;3
17899.93;4;613;4
17899.93;3;17;9
17900.32;9;1019;11
17900.93;16;91;6
17904.31;10;957;8
17905;32;189;5
17905.27;8;8;1
17905.89;38;917;7
17906.21;39;55;2
17906.81;25;1197;3
17909.97;4;613;4
17909.97;3;17;9
17910.44;33;1085;11
17910.93;16;91;6
17911.58;15;542;10
17915.9;38;917;7
17916.29;39;55;2
17916.89;25;1197;3
17920.01;4;613;4
17920.01;35;402;8
17920.01;3;17;9
17920.47;33;1085;11
17920.96;16;91;6
17921.63;15;542;10
17925.95;29;781;7
17926.62;39;55;2
17927.2;25;1197;3
17928.6;21;888;0
17929.93;35;402;8
17929.93;3;17;9
17930.06;1;970;4
17930.52;33;1085;11
17931;41;1154;6
17936.06;29;781;7
17936.57;39;55;2
17937.15;42;190;3
17938.67;21;888;0
17940.09;35;402;8
17940.09;23;628;9
17940.54;33;1085;11
17941.03;41;1154;6
17946.15;29;781;7
17946.68;28;579;2
17947.24;42;190;3
17948.73;21;888;0
17950.14;35;402;8
17950.14;23;628;9
17950.55;13;211;11
17951.08;20;50;6
17956.32;29;781;7
17956.7;28;579;2
17957.56;42;190;3
17958.8;27;691;0
17960.22;26;1096;8
17960.22;23;628;9
17960.6;13;211;11
17961.02;20;50;6
17961.95;43;218;4
17962.79;22;367;5
17966.36;2;984;7
17966.75;28;579;2
17967.63;34;99;3
17967.63;0;365;10
17968.88;27;691;0
17970.18;26;1096;8
17970.18;23;628;9
17970.64;13;211;11
17971.05;20;50;6
17971.97;43;218;4
17972.8;22;367;5
17976.44;2;984;7
17977.76;34;99;3
17977.76;0;365;10
17978.94;27;691;0
17980.13;26;1096;8
17980.27;23;628;9
17980.71;13;211;11
17981.08;20;50;6
17982.83;22;367;5
17986.49;2;984;7
17987.71;0;365;10
17987.83;34;99;3
17988.98;27;691;0
17989.18;11;60;4
17990.11;7;84;1
17990.27;26;1096;8
17990.55;44;153;9
17990.72;13;211;11
17992.9;22;367;5
17996.48;2;984;7
17997.8;0;365;10
17997.93;34;99;3
17999.02;27;691;0
17999.21;11;60;4
18000.16;7;84;1
18000.2;26;1096;8
18000.76;44;153;9
18000.81;13;211;11
18002.59;5;404;6
18002.92;22;367;5
18006.52;2;984;7
18007.86;34;99;3
18009.04;27;691;0
18009.24;11;60;4
18010.2;7;84;1
18010.33;26;1096;8
18010.79;44;153;9
18010.83;36;558;10
18010.83;13;211;11
18011.57;31;5;2
18012.33;5;404;6
18012.95;22;367;5
18016.58;2;984;7
18017.97;34;99;3
18018.92;27;691;0
18019.12;11;60;4
18020.33;7;84;1
18020.55;26;1096;8
18020.61;44;153;9
18020.87;13;211;11
18021.46;31;5;2
18022.49;5;404;6
18023.03;37;816;5
18026.87;2;984;7
18028.01;34;99;3
18029.12;11;60;4
18029.96;30;859;0
18030.5;7;84;1
18030.55;26;1096;8
18030.74;44;153;9
18030.83;13;211;11
18031.51;31;5;2
18033.03;37;816;5
18033.29;16;729;6
18035.95;14;848;10
18036.88;2;984;7
18037.99;17;601;3
18039.04;11;60;4
18040.04;30;859;0
18040.55;7;84;1
18040.59;10;1080;8
18040.81;44;153;9
18040.94;6;10;11
18041.61;31;5;2
18043.07;37;816;5
18046;14;848;10
18046.9;2;984;7
18048.09;17;601;3
18049.28;11;60;4
18050.12;30;859;0
18050.61;40;453;1
18050.61;10;1080;8
18051.64;31;5;2
18053.21;37;816;5
18054.15;24;530;9
18055.9;14;848;10
18056.84;2;984;7
18057.9;17;601;3
18059.25;11;60;4
18060.03;30;859;0
18060.29;40;453;1
18060.66;10;1080;8
18061.71;31;5;2
18063.19;37;816;5
18064.07;24;530;9
18064.69;33;902;11
18065.88;14;848;10
18066.66;38;103;7
18068.2;17;601;3
18069.2;1;1153;4
18070.16;30;859;0
18070.66;40;453;1
18070.74;10;1080;8
18071.77;31;5;2
18073.29;37;816;5
18074.15;24;530;9
18074.76;33;902;11
18075.96;14;848;10
18078.27;25;1060;3
18079.51;1;1153;4
18080.13;30;859;0
18080.66;40;453;1
18080.84;35;712;8
18081.81;39;1161;2
18082.66;41;588;6
18083.3;37;816;5
18084.19;24;530;9
18084.66;33;902;11
18086.04;14;848;10
18088.33;25;1060;3
18089.55;1;1153;4
18090.22;12;104;0
18090.68;40;453;1
18090.72;35;712;8
18091.86;39;1161;2
18092.66;41;588;6
18093.25;32;1015;5
18094.66;33;902;11
18096.08;14;848;10
18097.8;3;1146;9
18098.35;25;1060;3
18099.4;1;1153;4
18100.42;12;104;0
18100.71;8;117;1
18100.89;35;712;8
18102.01;39;1161;2
18103.31;32;1015;5
18104.75;33;902;11
18105.35;29;1001;7
18106.09;14;848;10
18107.84;3;1146;9
18108.43;25;1060;3
18109.64;4;48;4
18110.42;12;104;0
18110.65;8;117;1
18111.09;35;712;8
18111.99;39;1161;2
18113.35;32;1015;5
18114.76;33;902;11
18115.39;29;1001;7
18116.01;15;1160;10
18117.89;3;1146;9
18118.44;25;1060;3
18119.57;4;48;4
18120.47;12;104;0
18120.76;19;6;1
18121.13;35;712;8
18122.02;39;1161;2
18123.64;18;128;5
18124.81;9;603;11
18125.43;29;1001;7
18128.29;3;1146;9
18128.62;25;1060;3
18129.72;4;48;4
18130.4;12;104;0
18130.8;19;6;1
18131.11;35;712;8
18133.69;18;128;5
18134.97;9;603;11
18135.32;29;1001;7
18136.78;28;764;2
18138.33;23;1107;9
18138.65;25;1060;3
18139.77;4;48;4
18140.51;12;104;0
18140.86;19;6;1
18141.18;35;712;8
18143.71;18;128;5
18144.81;0;660;10
18144.97;9;603;11
18145.47;29;1001;7
18146.85;28;764;2
18148.49;23;1107;9
18148.69;25;1060;3
18149.77;4;48;4
18150.49;20;184;6
18150.53;12;104;0
18150.77;19;6;1
18153.76;18;128;5
18154.87;0;660;10
18155;9;603;11
18155.64;26;430;8
18156.89;28;764;2
18158.53;23;1107;9
18158.75;42;1134;3
18159.78;4;48;4
18160.31;20;184;6
18160.53;12;104;0
18160.89;19;6;1
18163.77;18;128;5
18165.05;9;603;11
18165.76;26;430;8
18166.93;28;764;2
18168.59;23;1107;9
18168.77;42;1134;3
18169.83;43;1;4
18170.5;20;184;6
18170.54;12;104;0
18170.83;19;6;1
18175.08;9;603;11
18175.68;26;430;8
18176.85;2;300;7
18176.97;28;764;2
18176.97;36;635;10
18178.77;23;1107;9
18178.82;42;1134;3
18179.87;43;1;4
18180.52;20;184;6
18180.56;12;104;0
18180.96;19;6;1
18185.14;9;603;11
18185.77;26;430;8
18186.89;2;300;7
18187.02;28;764;2
18187.02;36;635;10
18188.83;17;559;3
18189.9;43;1;4
18189.95;32;980;5
18190.56;20;184;6
18190.6;21;62;0
18190.82;19;6;1
18195.19;9;603;11
18195.76;26;430;8
18196.93;2;300;7
18197.07;28;764;2
18197.11;36;635;10
18198.86;17;559;3
18199.99;43;1;4
18200.03;22;993;5
18200.55;20;184;6
18200.65;21;62;0
18201.51;44;1127;9
18205.03;7;936;1
18205.46;13;249;11
18207.07;31;406;2
18207.07;2;300;7
18207.11;36;635;10
18208.94;17;559;3
18210.02;43;1;4
18210.11;22;993;5
18210.56;16;658;6
18210.69;27;970;0
18215.07;7;936;1
18217.05;2;300;7
18217.11;31;406;2
18217.11;36;635;10
18218.14;6;769;11
18219.01;34;176;3
18220.09;43;1;4
18220.18;22;993;5
18220.6;5;229;6
18220.78;27;970;0
18225.13;7;936;1
18227.11;31;406;2
18227.11;36;635;10
18228.17;6;769;11
18228.84;34;176;3
18230.07;1;779;4
18230.22;37;781;5
18230.22;10;760;8
18230.52;5;229;6
18230.78;27;970;0
18232.2;24;421;9
18235.16;7;936;1
18237.11;31;406;2
18237.11;14;1019;10
18238.25;6;769;11
18238.99;34;176;3
18240.13;1;779;4
18240.18;37;781;5
18240.18;10;760;8
18240.81;27;970;0
18242.31;24;421;9
18245.18;7;936;1
18246.92;14;1019;10
18248.83;38;313;7
18249.07;34;176;3
18249.68;39;926;2
18250.2;1;779;4
18250.2;10;760;8
18250.27;37;781;5
18250.89;30;744;0
18252.32;24;421;9
18252.52;41;1070;6
18255.14;7;936;1
18257.04;14;1019;10
18258.85;38;313;7
18259.11;34;176;3
18259.73;39;926;2
18260.2;1;779;4
18260.2;10;760;8
18260.27;37;781;5
18260.94;30;744;0
18262.33;24;421;9
18262.56;41;1070;6
18265.19;7;936;1
18267.16;0;13;10
18267.16;33;1194;11
18268.85;38;313;7
18269.18;25;1048;3
18270;39;926;2
18270.25;1;779;4
18270.25;10;760;8
18270.29;37;781;5
18270.97;30;744;0
18272.21;24;421;9
18275.13;40;629;1
18277.2;0;13;10
18277.2;33;1194;11
18278.81;38;313;7
18279.59;25;1048;3
18280.03;39;926;2
18280.26;1;779;4
18280.3;10;760;8
18280.39;37;781;5
18281.01;30;744;0
18285.24;40;629;1
18286.96;0;13;10
18287.25;33;1194;11
18288.82;38;313;7
18288.89;23;698;9
18289.42;25;1048;3
18290.05;39;926;2
18290.29;11;1135;4
18290.34;10;760;8
18290.43;37;781;5
18291.01;30;744;0
18295.38;40;629;1
18297.23;15;283;10
18297.32;33;1194;11
18298.57;29;8;7
18298.94;23;698;9
18300.36;11;1135;4
18300.36;10;760;8
18300.49;37;781;5
18301.03;30;744;0
18305.43;40;629;1
18307.18;15;283;10
18307.36;33;1194;11
18308.88;29;8;7
18308.97;23;698;9
18310.36;4;990;4
18310.41;35;898;8
18310.58;37;781;5
18311.05;30;744;0
18315.45;40;629;1
18316.39;28;195;2
18317.24;15;283;10
18317.28;33;1194;11
18319.15;23;698;9
18320.37;4;990;4
18320.41;35;898;8
18325.45;8;50;1
18326.66;28;195;2
18327.26;15;283;10
18327.39;18;1065;5
18327.39;33;1194;11
18329.15;23;698;9
18330.42;4;990;4
18330.42;35;898;8
18335.54;8;50;1
18336.71;28;195;2
18337.31;14;108;10
18337.39;18;1065;5
18337.39;33;1194;11
18337.96;12;1127;0
18338.89;23;698;9
18340.42;35;898;8
18340.47;4;990;4
18341.13;42;425;3
18345.56;8;50;1
18346.72;28;195;2
18347.33;14;108;10
18347.47;18;1065;5
18347.99;12;1127;0
18348.98;23;698;9
18350.42;35;898;8
18350.56;4;990;4
18351.5;42;425;3
18354.82;9;1179;11
18355.57;8;50;1
18356.6;28;195;2
18357.38;14;108;10
18357.53;18;1065;5
18357.96;21;429;0
18359.23;3;652;9
18360.48;26;485;8
18360.57;4;990;4
18361.5;42;425;3
18364.87;16;301;6
18364.87;9;1179;11
18365.66;8;50;1
18366.48;28;195;2
18367.41;14;108;10
18367.76;18;1065;5
18368.04;21;429;0
18369.29;3;652;9
18370.48;26;485;8
18370.57;4;990;4
18371.15;2;1137;7
18371.26;42;425;3
18374.93;9;1179;11
18375.71;8;50;1
18377.49;14;108;10
18377.79;18;1065;5
18378.07;21;429;0
18379.27;3;652;9
18381.2;2;1137;7
18381.51;42;425;3
18385.35;43;165;4
18385.75;8;50;1
18387.1;31;788;2
18387.53;14;108;10
18387.79;32;732;5
18388.13;21;429;0
18389.38;44;815;9
18391.26;2;1137;7
18391.54;17;448;3
18391.63;20;837;6
18395.07;43;165;4
18395.74;19;289;1
18397.01;31;788;2
18397.45;14;108;10
18397.84;32;732;5
18399.38;44;815;9
18400.8;6;628;11
18401.31;2;1137;7
18401.61;17;448;3
18401.75;20;837;6
18404.22;10;316;8
18405.39;43;165;4
18405.79;19;289;1
18407.01;31;788;2
18408.09;32;732;5
18410.29;27;880;0
18410.81;6;628;11
18411.38;2;1137;7
18411.64;17;448;3
18411.79;20;837;6
18414.27;10;316;8
18415.42;43;165;4
18415.87;7;1027;1
18417.17;39;1068;2
18418.14;32;732;5
18420.39;27;880;0
18420.93;6;628;11
18421.22;2;1137;7
18421.6;25;216;3
18421.78;36;0;10
18421.83;20;837;6
18424.42;10;316;8
18425.46;43;165;4
18425.9;7;1027;1
18426.9;39;1068;2
18428.13;32;732;5
18430.45;27;880;0
18430.97;6;628;11
18431.41;38;535;7
18431.61;25;216;3
18431.83;20;837;6
18431.83;36;0;10
18434.5;10;316;8
18435.5;43;165;4
18435.95;7;1027;1
18437.1;39;1068;2
18438.19;22;614;5
18440.46;27;880;0
18441.01;13;89;11
18441.3;38;535;7
18441.68;25;216;3
18441.68;24;18;9
18441.76;20;837;6
18444.6;26;218;8
18445.5;43;165;4
18445.99;40;823;1
18447.18;39;1068;2
18450.4;27;880;0
18451.09;13;89;11
18451.49;38;535;7
18451.74;25;216;3
18451.74;24;18;9
18451.79;20;837;6
18454.66;26;218;8
18455.54;43;165;4
18456.02;40;823;1
18461.54;38;535;7
18461.75;25;216;3
18461.75;24;18;9
18461.8;30;158;0
18461.84;20;837;6
18462.83;0;261;10
18464.75;26;218;8
18465.65;43;165;4
18466.06;40;823;1
18471.63;38;535;7
18471.71;25;216;3
18471.71;24;18;9
18471.8;30;158;0
18471.89;41;918;6
18472.12;37;987;5
18472.9;0;261;10
18474.75;26;218;8
18475.66;43;165;4
18476.13;40;823;1
18481.68;29;43;7
18481.73;25;216;3
18481.73;24;18;9
18481.84;30;158;0
18482.12;37;987;5
18484.03;5;749;6
18484.84;26;218;8
18485.71;1;686;4
18486.46;40;823;1
18486.46;33;608;11
18489.79;15;1040;10
18491.73;24;18;9
18491.8;34;100;3
18491.93;30;158;0
18492.03;37;987;5
18494.02;5;749;6
18494.84;26;218;8
18495.78;1;686;4
18496.56;33;608;11
18498.69;8;566;1
18499.79;15;1040;10
18501.84;3;613;9
18501.93;30;158;0
18502.12;37;987;5
18504.1;5;749;6
18504.86;35;1135;8
18505.84;1;686;4
18506.67;33;608;11
18508.58;17;747;3
18508.73;8;566;1
18509.88;15;1040;10
18511.84;3;613;9
18511.93;30;158;0
18512.17;37;987;5
18514.31;5;749;6
18514.89;35;1135;8
18515.83;28;8;2
18515.88;1;686;4
18518.56;17;747;3
18518.84;8;566;1
18519.96;14;794;10
18521.88;3;613;9
18522.03;30;158;0
18522.2;37;987;5
18524.34;5;749;6
18524.97;35;1135;8
18525.91;28;8;2
18525.96;11;248;4
18528.62;17;747;3
18528.73;8;566;1
18529.93;14;794;10
18531.96;3;613;9
18532.09;30;158;0
18532.09;18;305;5
18534.35;5;749;6
18535.85;28;8;2
18536.2;11;248;4
18538.7;17;747;3
18539.97;14;794;10
18541.88;3;613;9
18542.14;30;158;0
18542.25;18;305;5
18544.43;5;749;6
18545.24;10;431;8
18546;28;8;2
18546.14;9;364;11
18546.38;4;699;4
18548.63;17;747;3
18550.05;14;794;10
18552.04;23;441;9
18552.17;21;73;0
18552.39;18;305;5
18554.46;16;981;6
18555.25;10;431;8
18556.18;6;372;11
18556.43;4;699;4
18558.6;17;747;3
18560.09;14;794;10
18562.08;23;441;9
18562.21;21;73;0
18562.42;18;305;5
18563;2;447;7
18564.48;16;981;6
18565.26;10;431;8
18565.89;31;1094;2
18566.26;6;372;11
18566.72;4;699;4
18568.76;17;747;3
18570.84;36;637;10
18570.93;19;908;1
18572.04;23;441;9
18572.27;21;73;0
18572.51;18;305;5
18573.02;2;447;7
18574.49;16;981;6
18575.34;10;431;8
18575.96;31;1094;2
18576.26;6;372;11
18576.69;4;699;4
18578.78;17;747;3
18580.82;36;637;10
18580.98;19;908;1
18582.09;44;1015;9
18582.45;12;845;0
18583.07;2;447;7
18584.51;20;471;6
18585.98;31;1094;2
18586.74;4;699;4
18588.76;42;120;3
18590.89;36;637;10
18591.02;19;908;1
18592.02;44;1015;9
18592.48;12;845;0
18593.1;2;447;7
18594.53;20;471;6
18596.75;4;699;4
18598.8;42;120;3
18599.6;13;307;11
18600.97;36;637;10
18601.32;19;908;1
18602.1;44;1015;9
18603.36;2;447;7
18604.57;20;471;6
18605;32;1117;5
18605.39;27;262;0
18606.68;4;699;4
18609.62;13;307;11
18610.84;26;207;8
18611.68;19;908;1
18612.13;44;1015;9
18614.61;20;471;6
18614.93;39;164;2
18615.1;32;1117;5
18615.46;27;262;0
18616.77;4;699;4
18617.83;25;914;3
18619.66;13;307;11
18620.86;26;207;8
18621.76;19;908;1
18622.07;44;1015;9
18624.57;41;1003;6
18625.03;39;164;2
18625.14;32;1117;5
18625.44;27;262;0
18626.75;4;699;4
18628.09;25;914;3
18629.68;13;307;11
18629.73;38;1181;7
18630.15;0;359;10
18630.9;26;207;8
18631.85;19;908;1
18635.11;39;164;2
18635.2;32;1117;5
18635.44;27;262;0
18636.63;24;588;9
18636.78;43;1052;4
18638.11;25;914;3
18639.73;13;307;11
18639.78;38;1181;7
18640.33;0;359;10
18640.94;26;207;8
18641.92;19;908;1
18645.15;39;164;2
18645.46;27;262;0
18646.78;43;1052;4
18646.78;24;588;9
18648.2;34;641;3
18649.77;13;307;11
18649.82;38;1181;7
18650.37;0;359;10
18650.97;26;207;8
18652.11;19;908;1
18653.24;22;42;5
18655.16;39;164;2
18655.53;27;262;0
18656.8;24;588;9
18656.85;43;1052;4
18658.25;34;641;3
18659.85;38;1181;7
18659.85;13;307;11
18660.34;0;359;10
18660.93;26;207;8
18662.42;7;830;1
18663.29;22;42;5
18664.93;39;164;2
18665.61;27;262;0
18666.83;24;588;9
18666.92;43;1052;4
18669.87;38;1181;7
18669.97;42;223;3
18670.43;0;359;10
18671;26;207;8
18672.46;7;830;1
18673.27;22;42;5
18675.64;27;262;0
18676.87;3;140;9
18679.96;38;1181;7
18680.05;42;223;3
18680.46;0;359;10
18681.01;26;207;8
18682.37;7;830;1
18683.34;22;42;5
18685.73;1;1071;4
18686.64;28;346;2
18686.77;3;140;9
18689.67;6;376;11
18689.96;38;1181;7
18690.09;42;223;3
18691.4;15;1132;10
18692.51;7;830;1
18693.48;22;42;5
18694.26;35;1080;8
18695.77;1;1071;4
18696.61;28;346;2
18696.9;3;140;9
18699.69;6;376;11
18700.03;38;1181;7
18701.44;15;1132;10
18702.61;7;830;1
18703.48;22;42;5
18704.31;35;1080;8
18705.81;1;1071;4
18706.66;28;346;2
18706.75;3;140;9
18709.7;6;376;11
18710.1;29;452;7
18711.49;15;1132;10
18712.66;7;830;1
18713.52;37;984;5
18714.44;35;1080;8
18715.85;1;1071;4
18716.66;28;346;2
18719.71;33;599;11
18720.02;29;452;7
18722.58;7;830;1
18722.84;30;571;0
18723.57;37;984;5
18723.67;5;76;6
18724.14;14;1156;10
18724.48;35;1080;8
18725.9;1;1071;4
18726.7;28;346;2
18729.71;33;599;11
18730.12;29;452;7
18732.69;8;421;1
18732.94;30;571;0
18733.65;37;984;5
18733.79;5;76;6
18734.41;14;1156;10
18735.87;1;1071;4
18739.63;33;599;11
18740.49;10;280;8
18742.62;8;421;1
18742.96;21;940;0
18743.68;37;984;5
18743.87;5;76;6
18744.49;14;1156;10
18745.92;11;822;4
18749.72;33;599;11
18750.59;10;280;8
18752.68;8;421;1
18752.78;44;578;9
18752.97;21;940;0
18753.72;37;984;5
18753.96;5;76;6
18756;11;822;4
18758.05;36;455;10
18759.81;33;599;11
18760;17;616;3
18760.52;10;280;8
18762.91;21;940;0
18763.87;37;984;5
18764.05;5;76;6
18766.01;11;822;4
18768.21;23;1019;9
18768.21;36;455;10
18768.26;31;84;2
18768.5;40;577;1
18769.83;33;599;11
18770.04;17;616;3
18770.63;10;280;8
18773;21;940;0
18773.9;37;984;5
18774.12;20;104;6
18776.06;11;822;4
18778.06;36;455;10
18778.26;23;1019;9
18778.45;31;84;2
18778.54;40;577;1
18779.33;38;763;7
18779.84;9;780;11
18780.18;17;616;3
18780.64;10;280;8
18783.04;21;940;0
18783.9;18;289;5
18784.17;16;1124;6
18786.42;11;822;4
18787.96;36;455;10
18788.38;23;1019;9
18788.5;31;84;2
18788.59;40;577;1
18789.78;9;780;11
18790.08;17;616;3
18790.69;10;280;8
18792.91;21;940;0
18793.98;18;289;5
18794.17;16;1124;6
18794.73;2;782;7
18796.48;11;822;4
18798.29;36;455;10
18798.42;23;1019;9
18798.52;31;84;2
18798.61;40;577;1
18799.88;9;780;11
18800.23;17;616;3
18803;21;940;0
18804.05;18;289;5
18804.25;16;1124;6
18804.77;2;782;7
18806.41;11;822;4
18808.33;36;455;10
18808.57;40;577;1
18809.9;9;780;11
18810.58;17;616;3
18812.96;12;1060;0
18814.09;18;289;5
18814.26;16;1124;6
18814.89;2;782;7
18815.79;26;366;8
18816.51;4;284;4
18817.35;3;47;9
18818.13;36;455;10
18818.65;19;377;1
18819.93;9;780;11
18820.76;25;322;3
18823.06;12;1060;0
18823.78;39;755;2
18824.17;18;289;5
18824.22;16;1124;6
18824.93;2;782;7
18826.55;4;284;4
18828.39;19;377;1
18829.98;13;59;11
18830.9;25;322;3
18833.82;39;755;2
18834.08;18;289;5
18834.35;16;1124;6
18835.06;2;782;7
18836.59;4;284;4
18838.65;19;377;1
18839.99;13;59;11
18841.21;25;322;3
18843.87;39;755;2
18844.22;18;289;5
18844.37;16;1124;6
18845.17;2;782;7
18846.6;4;284;4
18846.95;27;591;0
18846.99;24;296;9
18848.7;19;377;1
18850.08;13;59;11
18851.24;42;829;3
18854.23;18;289;5
18854.43;16;1124;6
18856.65;4;284;4
18857.1;24;296;9
18857.56;0;1110;10
18858.65;19;377;1
18860.15;6;400;11
18861.27;42;829;3
18864.26;18;289;5
18864.44;16;1124;6
18866.66;4;284;4
18867.24;24;296;9
18867.6;0;1110;10
18870.28;6;400;11
18871.32;42;829;3
18874.32;32;555;5
18874.48;16;1124;6
18876.55;4;284;4
18877.17;24;296;9
18879.26;15;860;10
18880.31;6;400;11
18881.47;42;829;3
18884.35;22;610;5
18884.54;41;441;6
18884.98;35;30;8
18886.02;8;17;1
18886.56;4;284;4
18887.07;24;296;9
18889.37;15;860;10
18892.95;30;996;0
18894.4;22;610;5
18894.51;34;90;3
18894.84;5;998;6
18894.99;35;30;8
18896.07;8;17;1
18896.69;43;24;4
18899.32;15;860;10
18899.87;23;801;9
18904.39;22;610;5
18904.59;34;90;3
18904.9;5;998;6
18904.99;35;30;8
18906.15;8;17;1
18906.74;1;282;4
18909.21;15;860;10
18909.91;23;801;9
18910.36;28;490;2
18912.78;12;816;0
18914.45;22;610;5
18914.88;5;998;6
18914.99;35;30;8
18915.8;29;157;7
18915.89;8;17;1
18916.91;1;282;4
18919.28;15;860;10
18919.95;23;801;9
18920.52;31;620;2
18921.17;33;522;11
18922.82;12;816;0
18924.95;5;998;6
18925.84;29;157;7
18926.19;40;28;1
18926.96;1;282;4
18929.39;15;860;10
18930.01;44;578;9
18930.56;31;620;2
18931.22;33;522;11
18932.79;12;816;0
18934.96;5;998;6
18935.87;29;157;7
18936.88;1;282;4
18938.05;26;538;8
18939.46;15;860;10
18940.54;31;620;2
18941.31;33;522;11
18942.85;12;816;0
18944.29;37;301;5
18945.02;5;998;6
18945.94;29;157;7
18947.01;11;376;4
18948.11;26;538;8
18949.47;15;860;10
18950.55;31;620;2
18951.34;33;522;11
18952.61;7;954;1
18952.89;12;816;0
18954.24;37;301;5
18955.09;20;264;6
18956.17;29;157;7
18956.8;11;376;4
18958.15;26;538;8
18959.54;14;1099;10
18960.61;31;620;2
18961.39;33;522;11
18962.7;7;954;1
18962.89;12;816;0
18964.22;37;301;5
18965.11;20;264;6
18966.19;38;88;7
18967.07;11;376;4
18968.19;26;538;8
18969.66;14;1099;10
18970.37;31;620;2
18971.55;33;522;11
18972.31;42;1005;3
18972.74;7;954;1
18972.98;21;11;0
18974.28;3;673;9
18974.32;37;301;5
18975.12;20;264;6
18976.25;38;88;7
18977.37;11;376;4
18979.68;14;1099;10
18980.67;31;620;2
18981.42;33;522;11
18981.73;10;123;8
18982.37;25;761;3
18982.82;7;954;1
18983.03;21;11;0
18984.33;37;301;5
18984.33;3;673;9
18984.99;20;264;6
18986.33;38;88;7
18989.53;36;944;10
18990.81;31;620;2
18991.57;33;522;11
18992.45;25;761;3
18992.77;7;954;1
18993.16;21;11;0
18994.24;37;301;5
18994.37;3;673;9
18995.07;20;264;6
18996.38;38;88;7
18999.63;36;944;10
19001.07;39;628;2
19001.63;9;62;11
19002.4;25;761;3
19002.77;7;954;1
19003.21;27;498;0
19004.33;37;301;5
19004.57;3;673;9
19006.58;38;88;7
19011.12;39;628;2
19011.74;9;62;11
19012.46;25;761;3
19012.46;4;766;4
19012.85;7;954;1
19013.28;27;498;0
19014.34;32;473;5
19014.62;3;673;9
19016.62;38;88;7
19021.21;39;628;2
19021.75;9;62;11
19022.5;17;169;3
19022.5;4;766;4
19023.34;27;498;0
19024.34;18;3;5
19026.21;24;290;9
19026.62;38;88;7
19031.41;39;628;2
19031.68;9;62;11
19032.22;4;766;4
19032.54;17;169;3
19032.8;35;411;8
19032.8;0;236;10
19033.36;27;498;0
19034.03;19;271;1
19034.27;18;3;5
19036.3;24;290;9
19036.63;38;88;7
19041.44;39;628;2
19041.75;9;62;11
19042.47;4;766;4
19042.54;17;169;3
19042.84;35;411;8
19042.84;0;236;10
19043.39;27;498;0
19044.11;19;271;1
19044.42;18;3;5
19046.33;24;290;9
19046.65;2;457;7
19051.49;39;628;2
19051.74;13;1165;11
19052.56;17;169;3
19052.88;0;236;10
19053.43;27;498;0
19054.33;19;271;1
19054.47;18;3;5
19055.05;11;831;4
19056.29;16;643;6
19056.65;2;457;7
19061.57;39;628;2
19061.84;13;1165;11
19062.49;17;169;3
19062.79;23;197;9
19062.94;0;236;10
19063.39;27;498;0
19064.29;19;271;1
19064.51;22;417;5
19066.3;16;643;6
19066.71;2;457;7
19071.62;39;628;2
19071.84;13;1165;11
19072.55;17;169;3
19072.91;23;197;9
19073.09;0;236;10
19073.17;27;498;0
19074.38;19;271;1
19074.74;22;417;5
19076.38;16;643;6
19076.8;2;457;7
19081.53;28;827;2
19081.83;13;1165;11
19082.6;34;1049;3
19082.6;10;996;8
19082.92;23;197;9
19083.13;0;236;10
19083.47;27;498;0
19083.84;43;763;4
19084.42;19;271;1
19084.79;22;417;5
19086.44;16;643;6
19086.84;29;485;7
19091.7;28;827;2
19091.89;6;683;11
19092.26;34;1049;3
19092.97;23;197;9
19093.14;0;236;10
19093.72;27;498;0
19094.02;43;763;4
19094.5;8;578;1
19094.83;22;417;5
19096.23;20;1194;6
19097.05;29;485;7
19101.7;28;827;2
19101.75;6;683;11
19102.56;34;1049;3
19103.01;23;197;9
19103.19;15;416;10
19103.65;27;498;0
19104.63;8;578;1
19106.52;20;1194;6
19107.1;29;485;7
19111.7;28;827;2
19112.58;34;1049;3
19113.21;23;197;9
19113.29;15;416;10
19113.78;30;222;0
19114.53;8;578;1
19116.47;26;1201;8
19116.72;20;1194;6
19117.19;29;485;7
19121.72;28;827;2
19122.62;34;1049;3
19123.47;15;416;10
19123.77;30;222;0
19124.77;8;578;1
19125.85;44;432;9
19126.49;26;1201;8
19129.99;41;300;6
19130.03;32;804;5
19131.5;28;827;2
19132.65;34;1049;3
19133.51;14;338;10
19133.82;30;222;0
19134.79;8;578;1
19135.94;44;432;9
19136.53;26;1201;8
19140.04;32;804;5
19140.04;41;300;6
19140.73;1;115;4
19141.79;28;827;2
19142.69;34;1049;3
19143.56;14;338;10
19144.02;30;222;0
19146.13;44;432;9
19146.57;26;1201;8
19149.93;32;804;5
19149.93;41;300;6
19150.97;1;115;4
19151.83;28;827;2
19152.97;34;1049;3
19153.47;14;338;10
19154.14;30;222;0
19154.76;33;43;11
19156.13;44;432;9
19156.32;7;515;1
19156.65;26;1201;8
19160.03;41;300;6
19160.97;1;115;4
19161.88;28;827;2
19164.06;30;222;0
19164.81;33;43;11
19166.05;44;432;9
19166.17;36;1081;10
19166.37;7;515;1
19166.37;42;871;3
19166.67;26;1201;8
19168.92;37;863;5
19170.08;41;300;6
19170.88;1;115;4
19171.9;28;827;2
19174.2;12;394;0
19174.87;33;43;11
19176.19;44;432;9
19176.28;36;1081;10
19176.53;7;515;1
19176.53;42;871;3
19176.78;26;1201;8
19180.16;41;300;6
19181.01;1;115;4
19184.25;12;394;0
19184.72;33;43;11
19186.25;44;432;9
19186.29;36;1081;10
19186.52;42;871;3
19186.58;7;515;1
19190.18;41;300;6
19190.81;11;699;4
19194.31;12;394;0
19194.89;9;490;11
19195.27;35;1182;8
19196.12;3;108;9
19196.34;0;236;10
19196.58;25;448;3
19196.87;7;515;1
19199.74;31;1050;2
19200;41;300;6
19200.96;11;699;4
19202.21;38;809;7
19204.23;12;394;0
19206.28;3;108;9
19206.41;0;236;10
19206.69;25;448;3
19206.95;7;515;1
19209.74;31;1050;2
19210.02;5;852;6
19211.08;4;684;4
19212.32;38;809;7
19214.31;21;304;0
19215.55;18;431;5
19216.32;3;108;9
19216.48;0;236;10
19216.73;25;448;3
19216.99;7;515;1
19219.82;31;1050;2
19220.19;5;852;6
19221.03;4;684;4
19222.63;38;809;7
19224.36;21;304;0
19226.35;3;108;9
19226.61;25;448;3
19226.77;40;209;1
19230.24;16;208;6
19231.25;4;684;4
19232.67;38;809;7
19234.48;21;304;0
19235.25;10;51;8
19236.5;24;1000;9
19236.5;6;206;11
19237.04;40;209;1
19237.55;17;641;3
19240.48;16;208;6
19241.32;4;684;4
19242.54;38;809;7
19244.32;28;484;2
19244.49;21;304;0
19245.29;10;51;8
19246.41;24;1000;9
19246.41;6;206;11
19247.1;40;209;1
19247.61;17;641;3
19250.33;16;208;6
19251.33;4;684;4
19252.74;2;478;7
19254.34;28;484;2
19255.36;10;51;8
19256.43;24;1000;9
19256.43;6;206;11
19257.21;40;209;1
19257.53;17;641;3
19260.52;16;208;6
19262.78;2;478;7
19263.61;43;629;4
19264.37;28;484;2
19265.41;10;51;8
19266.5;6;206;11
19266.55;24;1000;9
19267.12;22;213;5
19267.46;17;641;3
19269.04;27;698;0
19270.53;19;184;1
19270.53;16;208;6
19272.96;29;123;7
19273.67;43;629;4
19274.16;39;296;2
19275.43;10;51;8
19276.42;6;206;11
19277.16;22;213;5
19277.42;17;641;3
19279.09;27;698;0
19280.49;19;184;1
19280.49;16;208;6
19283.08;29;123;7
19283.7;43;629;4
19284.29;39;296;2
19285.41;10;51;8
19286.38;6;206;11
19287.2;22;213;5
19289.09;27;698;0
19290.57;19;184;1
19290.57;16;208;6
19293.17;36;764;10
19293.37;29;123;7
19293.66;43;629;4
19294.41;39;296;2
19296.51;13;522;11
19297.24;22;213;5
19299.13;12;510;0
19300.6;16;208;6
19303.21;15;462;10
19303.48;29;123;7
19303.74;8;315;1
19303.74;43;629;4
19304.47;39;296;2
19306.39;13;522;11
19307.22;22;213;5
19310.67;16;208;6
19313.25;15;462;10
19313.54;29;123;7
19313.75;8;315;1
19313.75;43;629;4
19314.56;34;153;3
19314.65;31;411;2
19317.33;22;213;5
19318.58;23;755;9
19320.67;16;208;6
19323.29;15;462;10
19323.58;29;123;7
19323.76;8;315;1
19323.76;43;629;4
19324.75;31;411;2
19327.21;22;213;5
19328.59;23;755;9
19330.74;20;815;6
19330.83;30;470;0
19333.37;15;462;10
19333.46;35;115;8
19333.6;29;123;7
19333.79;8;315;1
19333.83;43;629;4
19334.8;31;411;2
19338.67;23;755;9
19340.79;42;590;3
19340.79;20;815;6
19340.99;30;470;0
19341.63;32;813;5
19343.51;35;115;8
19343.69;29;123;7
19343.83;8;315;1
19343.92;11;1163;4
19344.8;31;411;2
19348.69;23;755;9
19350.07;14;483;10
19350.97;20;815;6
19351.55;37;681;5
19353.59;35;115;8
19353.87;11;1163;4
19354.78;31;411;2
19354.85;21;136;0
19358.52;33;970;11
19358.61;23;755;9
19360.12;14;483;10
19360.91;41;640;6
19361.71;37;681;5
19361.94;2;874;7
19363.61;26;207;8
19363.75;11;1163;4
19364.85;21;136;0
19364.85;31;411;2
19365.25;25;231;3
19368.6;33;970;11
19368.73;23;755;9
19370.46;14;483;10
19371.04;41;640;6
19371.74;37;681;5
19371.94;2;874;7
19373.96;11;1163;4
19374.89;21;136;0
19374.89;31;411;2
19375.29;25;231;3
19378.78;44;863;9
19379.19;7;1121;1
19380.47;0;47;10
19381.15;41;640;6
19381.77;37;681;5
19381.97;2;874;7
19384.14;11;1163;4
19384.95;21;136;0
19384.95;28;145;2
19385.31;25;231;3
19385.77;9;785;11
19388.84;44;863;9
19389.42;40;1050;1
19390.45;0;47;10
19393.9;18;384;5
19394.19;1;260;4
19394.99;21;136;0
19394.99;28;145;2
19395.35;25;231;3
19395.84;9;785;11
19398.93;44;863;9
19399.47;40;1050;1
19400.47;0;47;10
19401;5;406;6
19403.93;18;384;5
19404.24;1;260;4
19404.91;21;136;0
19404.91;28;145;2
19405.87;9;785;11
19409;44;863;9
19409.49;40;1050;1
19410.52;0;47;10
19411.16;5;406;6
19413.97;18;384;5
19414.3;1;260;4
19414.87;21;136;0
19414.87;28;145;2
19415.9;9;785;11
19417.45;38;471;7
19419.03;44;863;9
19419.17;40;1050;1
19421.21;5;406;6
19424.02;18;384;5
19424.69;4;197;4
19425;21;136;0
19425;28;145;2
19425.92;9;785;11
19429.09;44;863;9
19429.43;40;1050;1
19431.3;5;406;6
19434.04;18;384;5
19434.76;4;197;4
19435.04;39;1182;2
19435.85;9;785;11
19439.22;44;863;9
19439.43;40;1050;1
19441.39;5;406;6
19444.01;18;384;5
19444.93;4;197;4
19445.09;39;1182;2
19446.81;27;1066;0
19448.17;34;1116;3
19449.31;3;1103;9
19449.39;40;1050;1
19450.13;10;1085;8
19454.17;36;255;10
19454.92;4;197;4
19456.91;27;1066;0
19458.46;17;109;3
19459.43;3;1103;9
19459.52;19;745;1
19460.18;10;1085;8
19464.18;36;255;10
19464.85;4;197;4
19466.96;27;1066;0
19468.21;6;1191;11
19468.44;17;109;3
19469.48;3;1103;9
19469.52;19;745;1
19474.02;36;255;10
19475.17;22;996;5
19477.03;27;1066;0
19478.28;6;1191;11
19478.52;17;109;3
19479.48;3;1103;9
19479.53;19;745;1
19480.52;31;373;2
19480.61;43;617;4
19483.12;16;1098;6
19484.23;36;255;10
19485.23;22;996;5
19487.07;27;1066;0
19488.45;6;1191;11
19488.5;17;109;3
19489.53;3;1103;9
19489.57;8;6;1
19490.56;31;373;2
19490.56;43;617;4
19493.19;20;21;6
19494.24;36;255;10
19495.16;22;996;5
19497.19;12;603;0
19498.53;17;109;3
19498.53;13;951;11
19499.45;3;1103;9
19499.91;8;6;1
19500.29;31;373;2
19500.29;43;617;4
19503.04;20;21;6
19503.58;29;766;7
19504.32;36;255;10
19508.57;17;109;3
19508.57;13;951;11
19509.54;24;1096;9
19509.87;8;6;1
19510.61;43;617;4
19510.66;31;373;2
19510.7;37;839;5
19513.21;30;154;0
19513.34;20;21;6
19514.21;26;651;8
19514.34;36;255;10
19518.56;17;109;3
19518.56;13;951;11
19519.58;24;1096;9
19519.91;8;6;1
19520.62;43;617;4
19520.71;31;373;2
19520.76;37;839;5
19523.25;30;154;0
19523.36;20;21;6
19524.19;26;651;8
19524.34;36;255;10
19528.59;17;109;3
19528.59;13;951;11
19529.47;24;1096;9
19529.97;8;6;1
19530.67;11;929;4
19530.73;31;373;2
19530.94;37;839;5
19533.32;30;154;0
19533.36;41;963;6
19534.25;26;651;8
19534.39;36;255;10
19538.55;42;938;3
19538.64;13;951;11
19539.6;24;1096;9
19540.01;7;470;1
19540.77;11;929;4
19543.3;30;154;0
19543.41;41;963;6
19544.16;26;651;8
19544.43;38;654;7
19544.43;36;255;10
19546.89;32;1;5
19548.64;13;951;11
19549.64;23;683;9
19550.01;7;470;1
19550.65;11;929;4
19553.51;41;963;6
19554.3;35;875;8
19554.43;36;255;10
19556.64;32;1;5
19557.01;27;761;0
19558.83;13;951;11
19559.72;23;683;9
19560.06;7;470;1
19560.82;11;929;4
19563.54;41;963;6
19564.17;35;875;8
19564.39;15;429;10
19566.63;32;1;5
19567.1;27;761;0
19567.81;39;372;2
19568.84;33;597;11
19569.52;23;683;9
19569.98;7;470;1
19570.39;25;424;3
19570.86;11;929;4
19573.59;41;963;6
19574.31;35;875;8
19574.46;15;429;10
19576.92;32;1;5
19577.14;27;761;0
19578.26;39;372;2
19578.84;33;597;11
19579.76;23;683;9
19580.1;7;470;1
19582.2;1;147;4
19582.85;2;1127;7
19583.53;41;963;6
19584.2;35;875;8
19584.5;15;429;10
19586.94;32;1;5
19587.12;21;880;0
19588.21;39;372;2
19588.89;33;597;11
19589.78;23;683;9
19590.15;7;470;1
19592.24;1;147;4
19592.91;2;1127;7
19593.85;41;963;6
19594.32;35;875;8
19594.53;15;429;10
19596.98;32;1;5
19597.22;21;880;0
19598.31;39;372;2
19598.94;33;597;11
19599.87;23;683;9
19600.19;40;522;1
19602.25;1;147;4
19602.95;2;1127;7
19603.86;41;963;6
19604.39;10;815;8
19604.58;15;429;10
19607.04;32;1;5
19607.08;21;880;0
19608.35;28;950;2
19609.91;44;1079;9
19610.28;40;522;1
19612.28;1;147;4
19613;2;1127;7
19613.88;5;93;6
19614.44;10;815;8
19614.48;9;1046;11
19615;15;429;10
19617.07;32;1;5
19617.3;21;880;0
19618.4;28;950;2
19619.98;44;1079;9
19620.32;40;522;1
19622.12;1;147;4
19623.16;2;1127;7
19623.92;5;93;6
19624.23;10;815;8
19624.54;9;1046;11
19625.03;15;429;10
19627.11;32;1;5
19627.34;21;880;0
19628.45;28;950;2
19630.05;44;1079;9
19632.29;4;739;4
19633.2;2;1127;7
19633.9;5;93;6
19634.57;9;1046;11
19634.98;15;429;10
19637.12;18;1183;5
19637.38;21;880;0
19638.48;28;950;2
19639.19;34;348;3
19640.11;3;128;9
19642.32;4;739;4
19643.49;2;1127;7
19643.94;5;93;6
19644.57;9;1046;11
19645.07;15;429;10
19647.21;18;1183;5
19648.49;28;950;2
19649.07;34;348;3
19650.16;3;128;9
19652.34;4;739;4
19653.28;38;387;7
19653.87;5;93;6
19654.49;9;1046;11
19655.11;14;431;10
19657.36;18;1183;5
19659.48;34;348;3
19660.04;19;208;1
19660.24;3;128;9
19662.2;4;739;4
19663.58;38;387;7
19663.97;5;93;6
19664.53;9;1046;11
19665.11;14;431;10
19667.43;22;693;5
19669.49;34;348;3
19670.11;19;208;1
19670.24;3;128;9
19672.38;4;739;4
19673.57;38;387;7
19673.8;5;93;6
19674.36;9;1046;11
19675.16;0;1047;10
19676.75;12;11;0
19677.58;22;693;5
19679.37;34;348;3
19680.2;19;208;1
19680.42;3;128;9
19681.11;26;110;8
19682.43;43;271;4
19683.62;29;628;7
19684.02;5;93;6
19684.37;9;1046;11
19684.99;31;1083;2
19685.15;0;1047;10
19686.8;12;11;0
19687.61;22;693;5
19689.69;25;955;3
19691.18;26;110;8
19692.53;43;271;4
19693.72;29;628;7
19694.03;5;93;6
19694.65;6;1117;11
19695.16;31;1083;2
19695.35;36;282;10
19696.9;12;11;0
19697.67;22;693;5
19699.74;25;955;3
19701.58;26;110;8
19702.56;43;271;4
19703.73;29;628;7
19703.83;5;93;6
19704.7;13;971;11
19705.2;31;1083;2
19705.37;36;282;10
19706.99;12;11;0
19707.68;22;693;5
19709.79;25;955;3
19710.68;8;444;1
19712.58;11;414;4
19713.84;29;628;7
19714.05;5;93;6
19714.68;13;971;11
19715.22;31;1083;2
19715.26;36;282;10
19716.93;12;11;0
19717.08;24;1157;9
19717.65;37;1096;5
19719.98;25;955;3
19720.75;8;444;1
19722.59;11;414;4
19724.1;5;93;6
19724.77;13;971;11
19725.23;31;1083;2
19725.42;36;282;10
19726.91;12;11;0
19727.04;24;1157;9
19727.66;37;1096;5
19730;17;1060;3
19730.82;8;444;1
19732.59;11;414;4
19734.18;16;776;6
19734.8;13;971;11
19735.42;36;282;10
19737.07;30;658;0
19737.07;24;1157;9
19737.7;37;1096;5
19740.86;8;444;1
19744.11;42;478;3
19744.16;1;1003;4
19744.2;20;156;6
19744.88;13;971;11
19745.46;36;282;10
19746.93;30;658;0
19747.13;24;1157;9
19747.56;37;1096;5
19750.87;8;444;1
19754.09;42;478;3
19754.2;1;1003;4
19754.25;20;156;6
19754.92;13;971;11
19757.15;30;658;0
19757.15;24;1157;9
19760.19;35;506;8
19760.86;8;444;1
19763.67;15;758;10
19764.16;42;478;3
19764.16;1;1003;4
19764.25;20;156;6
19764.68;13;971;11
19765.88;39;30;2
19767.04;30;658;0
19767.04;24;1157;9
19770.25;10;526;8
19770.85;7;151;1
19773.73;15;758;10
19774.24;42;478;3
19774.24;1;1003;4
19774.28;20;156;6
19774.96;13;971;11
19775.9;39;30;2
19777.19;30;658;0
19777.19;44;489;9
19780.32;10;526;8
19780.86;7;151;1
19781;32;107;5
19783.73;15;758;10
19784.2;1;1003;4
19784.28;42;478;3
19784.28;20;156;6
19785.05;33;27;11
19785.83;39;30;2
19787.16;30;658;0
19787.16;44;489;9
19790.32;10;526;8
19790.91;7;151;1
19791.08;32;107;5
19794.31;34;48;3
19794.31;1;1003;4
19794.31;20;156;6
19795.11;33;27;11
19795.86;39;30;2
19797.24;44;489;9
19797.28;30;658;0
19800.32;10;526;8
19800.94;7;151;1
19801.08;32;107;5
19804.17;41;1145;6
19804.35;34;48;3
19804.62;0;222;10
19805.17;33;27;11
19807.25;44;489;9
19807.29;30;658;0
19810.99;7;151;1
19811.13;18;393;5
19811.22;28;1189;2
19814.31;41;1145;6
19814.36;34;48;3
19814.68;0;222;10
19815.2;33;27;11
19817.29;27;590;0
19817.29;23;1070;9
19821.03;40;936;1
19821.27;28;1189;2
19824.35;41;1145;6
19824.39;34;48;3
19824.43;0;222;10
19825.02;38;733;7
19825.25;33;27;11
19827.35;27;590;0
19827.35;23;1070;9
19831.06;40;936;1
19831.33;28;1189;2
19834.37;41;1145;6
19834.42;34;48;3
19834.55;0;222;10
19835.2;33;27;11
19837.13;27;590;0
19837.13;23;1070;9
19838.43;43;603;4
19838.43;2;764;7
19841.11;40;936;1
19841.37;28;1189;2
19844.4;41;1145;6
19844.7;14;697;10
19845.28;6;72;11
19847.27;21;4;0
19847.27;23;1070;9
19848.41;2;764;7
19848.47;43;603;4
19851.3;19;1047;1
19854.41;41;1145;6
19854.71;14;697;10
19855.08;6;72;11
19857.22;21;4;0
19857.22;23;1070;9
19858.43;29;402;7
19858.47;43;603;4
19861.37;19;1047;1
19864.44;41;1145;6
19864.69;14;697;10
19864.83;22;227;5
19865.34;6;72;11
19867.38;21;4;0
19867.38;3;324;9
19868.47;29;402;7
19868.52;4;291;4
19868.61;26;579;8
19874.51;41;1145;6
19874.78;22;227;5
19875.43;9;964;11
19877.42;3;324;9
19877.46;21;4;0
19878.49;29;402;7
19878.53;4;291;4
19878.65;26;579;8
19884.52;41;1145;6
19884.84;22;227;5
19885.71;9;964;11
19887.49;21;4;0
19887.49;3;324;9
19888.62;4;291;4
19888.67;26;579;8
19892.65;31;445;2
19893.82;25;540;3
19894.89;22;227;5
19895.78;13;668;11
19897.21;36;290;10
19897.57;21;4;0
19897.62;3;324;9
19898.63;4;291;4
19898.72;26;579;8
19900.33;5;40;6
19902.77;31;445;2
19903.71;25;540;3
19904.93;22;227;5
19905.69;13;668;11
19907.38;36;290;10
19907.6;12;607;0
19907.73;24;611;9
19908.69;4;291;4
19908.74;26;579;8
19910.31;5;40;6
19912.85;31;445;2
19913.72;25;540;3
19914.97;22;227;5
19915.84;13;668;11
19917.64;12;607;0
19917.77;24;611;9
19918.72;4;291;4
19918.77;35;553;8
19920.42;5;40;6
19922.96;31;445;2
19923.88;25;540;3
19924.99;22;227;5
19925.56;13;668;11
19927.7;12;607;0
19927.82;24;611;9
19928.74;4;291;4
19928.83;10;45;8
19930.32;5;40;6
19933.15;31;445;2
19933.95;42;50;3
19934.88;37;626;5
19935.85;13;668;11
19937.51;12;607;0
19937.77;24;611;9
19937.91;40;1113;1
19938.71;4;291;4
19938.87;10;45;8
19940.39;16;1055;6
19943.17;31;445;2
19944.11;42;50;3
19945.04;37;626;5
19945.79;13;668;11
19947.65;12;607;0
19947.86;40;1113;1
19947.86;24;611;9
19948.09;15;1046;10
19948.75;4;291;4
19948.9;10;45;8
19950.15;38;614;7
19950.43;16;1055;6
19953.19;31;445;2
19954.21;17;625;3
19955.08;37;626;5
19955.88;13;668;11
19957.74;12;607;0
19957.93;40;1113;1
19958.78;4;291;4
19958.92;10;45;8
19960.26;38;614;7
19962.6;44;1099;9
19963.22;39;984;2
19964.29;17;625;3
19965.09;18;737;5
19967.75;30;990;0
19967.98;19;56;1
19968.84;11;191;4
19968.97;10;45;8
19970.4;38;614;7
19972.54;44;1099;9
19973.29;39;984;2
19974.54;14;933;10
19974.58;17;625;3
19975.14;18;737;5
19977.73;30;990;0
19978.13;8;751;1
19978.99;11;191;4
19978.99;10;45;8
19980.31;38;614;7
19982.5;20;192;6
19982.55;44;1099;9
19983.32;39;984;2
19984.68;17;625;3
19985.31;18;737;5
19987.75;30;990;0
19989.01;11;191;4
19989.01;10;45;8
19992.55;20;192;6
19993.43;28;755;2
19993.94;9;1072;11
19994.73;17;625;3
19995.32;18;737;5
19997.64;30;990;0
19999.03;11;191;4
19999.03;10;45;8
20002.35;7;433;1
20002.64;20;192;6
20003.52;28;755;2
20003.98;9;1072;11
20004.96;17;625;3
20005.36;32;375;5
20007.8;30;990;0
20008.89;11;191;4
20008.89;10;45;8
20012.48;7;433;1
20012.57;20;192;6
20013.77;28;755;2
20014.04;9;1072;11
20015.18;17;625;3
20015.5;32;375;5
20016.28;0;118;10
20017.8;30;990;0
20019.05;10;45;8
20019.1;43;925;4
20022.52;7;433;1
20022.74;20;192;6
20023.72;28;755;2
20024.09;9;1072;11
20025.42;17;625;3
20025.42;32;375;5
20025.83;23;712;9
20026.35;0;118;10
20027.85;30;990;0
20029.24;43;925;4
20032.59;7;433;1
20032.78;20;192;6
20033.78;28;755;2
20034.24;33;455;11
20035.51;32;375;5
20035.55;17;625;3
20035.91;23;712;9
20037.69;30;990;0
20039.33;43;925;4
20039.58;29;853;7
20042.16;15;429;10
20042.72;7;433;1
20042.97;20;192;6
20044.3;33;455;11
20045.54;32;375;5
20045.63;34;708;3
20045.95;23;712;9
20047.83;27;337;0
20049.34;1;207;4
20049.62;29;853;7
20052.69;7;433;1
20053.05;20;192;6
20054.33;33;455;11
20055.46;37;335;5
20055.63;34;708;3
20055.83;23;712;9
20059.42;1;207;4
20059.66;2;891;7
20060.58;36;104;10
20062.75;7;433;1
20062.91;20;192;6
20064.38;33;455;11
20065.56;37;335;5
20065.69;34;708;3
20065.84;23;712;9
20067.79;26;518;8
20069.49;1;207;4
20069.66;2;891;7
20070.63;36;104;10
20072.8;7;433;1
20072.98;41;817;6
20074.48;33;455;11
20075.58;37;335;5
20075.76;34;708;3
20075.98;23;712;9
20077.84;26;518;8
20079.51;1;207;4
20079.71;2;891;7
20080.71;36;104;10
20082.84;7;433;1
20083.11;41;817;6
20084.27;6;1053;11
20085.64;37;335;5
20085.85;34;708;3
20086;23;712;9
20087.85;26;518;8
20089.53;1;207;4
20089.71;2;891;7
20090.41;36;104;10
20093.01;7;433;1
20093.64;31;679;2
20094.6;6;1053;11
20095.75;37;335;5
20095.89;34;708;3
20096.02;3;255;9
20097.82;35;1107;8
20099.62;1;207;4
20099.66;2;891;7
20100.73;14;917;10
20103.09;40;822;1
20103.68;31;679;2
20104.64;6;1053;11
20105.17;21;78;0
20105.84;37;335;5
20105.98;34;708;3
20105.98;44;1063;9
20109.66;1;207;4
20110.8;14;917;10
20113.19;19;898;1
20113.56;31;679;2
20114.69;6;1053;11
20114.99;38;1113;7
20115.25;21;78;0
20115.88;37;335;5
20116.07;44;1063;9
20120.75;14;917;10
20123.33;19;898;1
20123.72;31;679;2
20124.69;6;1053;11
20125.1;38;1113;7
20125.68;5;424;6
20125.93;22;373;5
20126.15;44;1063;9
20130.86;14;917;10
20133.53;19;898;1
20133.75;31;679;2
20134.37;13;1047;11
20134.91;38;1113;7
20135.77;5;424;6
20136;18;857;5
20136.12;24;1117;9
20137.96;12;454;0
20140.86;14;917;10
20142.04;42;703;3
20143.22;19;898;1
20143.75;31;679;2
20144.73;13;1047;11
20145.17;38;1113;7
20145.84;5;424;6
20145.95;18;857;5
20146.19;24;1117;9
20148.06;12;454;0
20148.24;10;654;8
20150.93;14;917;10
20151.12;4;397;4
20152.12;42;703;3
20153.57;19;898;1
20153.75;31;679;2
20154.76;13;1047;11
20155.15;38;1113;7
20155.86;16;815;6
20156.03;18;857;5
20158.03;12;454;0
20158.26;10;654;8
20160.93;14;917;10
20161.12;4;397;4
20162.33;42;703;3
20163.65;19;898;1
20163.82;39;744;2
20164.84;13;1047;11
20165.22;38;1113;7
20165.89;16;815;6
20166.07;18;857;5
20168.13;12;454;0
20168.35;10;654;8
20171.15;4;397;4
20172.34;42;703;3
20173.72;19;898;1
20173.98;39;744;2
20175.08;13;1047;11
20176.07;18;857;5
20178.21;30;722;0
20178.41;10;654;8
20179.12;29;692;7
20181.16;4;397;4
20182.38;42;703;3
20183.64;19;898;1
20185.14;13;1047;11
20185.56;0;287;10
20186.1;18;857;5
20188.23;30;722;0
20188.39;10;654;8
20189.22;29;692;7
20191.19;43;281;4
20192.39;42;703;3
20193.63;19;898;1
20194.68;20;848;6
20195.04;13;1047;11
20195.58;0;287;10
20198.28;30;722;0
20198.36;10;654;8
20199.29;29;692;7
20200.19;22;470;5
20201.21;43;281;4
20202.43;42;703;3
20203.7;19;898;1
20205.19;13;1047;11
20205.61;0;287;10
20208.28;30;722;0
20208.42;10;654;8
20209.37;29;692;7
20209.67;23;559;9
20210.25;32;676;5
20211.22;43;281;4
20212.46;25;450;3
20213.74;19;898;1
20215.26;33;395;11
20215.56;0;287;10
20218.51;26;1034;8
20219.73;23;559;9
20220.31;32;676;5
20221.18;43;281;4
20222.37;25;450;3
20223.75;19;898;1
20225.34;33;395;11
20225.64;15;766;10
20225.84;2;960;7
20228.53;26;1034;8
20229.95;23;559;9
20230.35;32;676;5
20231.13;43;281;4
20232.29;25;450;3
20233.76;19;898;1
20234.82;27;649;0
20235.29;33;395;11
20235.64;15;766;10
20235.9;2;960;7
20238.53;26;1034;8
20239.98;23;559;9
20240.29;32;676;5
20241.05;11;616;4
20242.27;25;450;3
20243.23;5;891;6
20243.8;8;615;1
20244.15;28;377;2
20244.88;27;649;0
20245.35;33;395;11
20245.68;15;766;10
20246.19;2;960;7
20248.58;26;1034;8
20249.93;3;88;9
20250.19;32;676;5
20251.22;11;616;4
20252.23;25;450;3
20253.03;5;891;6
20253.79;8;615;1
20254.08;28;377;2
20255.37;33;395;11
20256.1;15;766;10
20256.28;2;960;7
20258.66;26;1034;8
20260.02;44;797;9
20260.37;32;676;5
20261.07;11;616;4
20262.51;25;450;3
20263.2;5;891;6
20263.85;8;615;1
20264.19;28;377;2
20265.4;9;566;11
20266.1;36;227;10
20266.31;2;960;7
20268.68;26;1034;8
20270;44;797;9
20270.4;32;676;5
20271.18;11;616;4
20272.34;25;450;3
20273.34;5;891;6
20273.78;8;615;1
20274.23;28;377;2
20275.44;9;566;11
20276.09;36;227;10
20276.31;2;960;7
20278.73;26;1034;8
20280.07;44;797;9
20280.49;37;53;5
20280.59;21;483;0
20281.21;11;616;4
20282.49;17;539;3
20283.38;41;276;6
20283.85;40;488;1
20284.31;28;377;2
20285.52;9;566;11
20286.28;2;960;7
20290.11;44;797;9
20290.55;37;53;5
20291.23;11;616;4
20292.11;35;707;8
20292.59;17;539;3
20293.4;41;276;6
20293.82;12;261;0
20293.91;7;17;1
20294.49;31;925;2
20295.57;9;566;11
20296.32;2;960;7
20300.13;44;797;9
20300.57;37;53;5
20301.28;1;735;4
20302.2;35;707;8
20302.8;34;1036;3
20303.38;41;276;6
20303.78;12;261;0
20304.11;7;17;1
20304.93;31;925;2
20305.62;9;566;11
20310.14;44;797;9
20311.51;1;735;4
20312.25;35;707;8
20312.72;34;1036;3
20313.45;41;276;6
20313.91;12;261;0
20314.15;7;17;1
20314.68;31;925;2
20315.69;9;566;11
20320.2;24;90;9
20321.6;1;735;4
20322.22;35;707;8
20322.65;34;1036;3
20323.67;41;276;6
20323.97;12;261;0
20324.17;7;17;1
20324.93;31;925;2
20325.73;9;566;11
20330.25;24;90;9
20332.33;35;707;8
20332.72;34;1036;3
20333.18;38;1095;7
20333.98;12;261;0
20334.2;7;17;1
20335;31;925;2
20335.8;6;335;11
20339.19;16;269;6
20342.43;35;707;8
20342.88;34;1036;3
20342.88;38;1095;7
20344.06;12;261;0
20344.82;3;914;9
20345.04;31;925;2
20345.85;6;335;11
20349.26;16;269;6
20352.48;35;707;8
20353.23;34;1036;3
20353.23;38;1095;7
20353.96;12;261;0
20354.83;3;914;9
20355.91;6;335;11
20356.04;14;507;10
20359.3;16;269;6
20360.55;4;1128;4
20362.46;35;707;8
20363.26;38;1095;7
20363.3;42;48;3
20363.88;12;261;0
20364.87;3;914;9
20365.93;6;335;11
20366.12;14;507;10
20372.51;35;707;8
20373.29;29;1096;7
20373.34;20;922;6
20374.13;12;261;0
20375.12;3;914;9
20375.93;6;335;11
20375.97;14;507;10
20376.55;18;189;5
20382.54;10;893;8
20383.34;20;922;6
20383.34;29;1096;7
20384.17;27;1078;0
20385.15;3;914;9
20386;6;335;11
20386.18;0;597;10
20388.64;32;751;5
20392.63;10;893;8
20393.34;29;1096;7
20393.39;20;922;6
20394.18;27;1078;0
20395.19;3;914;9
20395.56;19;490;1
20396.34;0;597;10
20398.57;43;1077;4
20398.72;32;751;5
20400.52;13;698;11
20402.44;10;893;8
20403.39;20;922;6
20403.39;29;1096;7
20404.28;30;926;0
20405.13;3;914;9
20405.61;19;490;1
20406.06;0;597;10
20407.01;17;676;3
20408.27;39;1183;2
20408.56;43;1077;4
20408.72;32;751;5
20410.32;13;698;11
20412.67;10;893;8
20413.42;29;1096;7
20413.51;20;922;6
20414.32;30;926;0
20415.27;23;995;9
20415.6;19;490;1
20416.39;0;597;10
20416.97;17;676;3
20418.32;39;1183;2
20418.6;43;1077;4
20418.77;32;751;5
20420.57;13;698;11
20422.68;10;893;8
20423.44;29;1096;7
20423.56;20;922;6
20424.4;30;926;0
20425.49;23;995;9
20425.53;40;540;1
20426.48;15;501;10
20427.06;17;676;3
20428.41;39;1183;2
20428.58;11;447;4
20428.69;32;751;5
20430.68;13;698;11
20434.38;30;926;0
20435.49;23;995;9
20436.43;15;501;10
20436.92;17;676;3
20438.55;39;1183;2
20438.65;11;447;4
20438.82;32;751;5
20439.79;8;396;1
20440.7;13;698;11
20444.42;30;926;0
20445.52;23;995;9
20447.08;17;676;3
20448.61;39;1183;2
20448.71;11;447;4
20448.88;22;459;5
20449.96;8;396;1
20450.92;2;382;7
20451.82;33;896;11
20454.48;30;926;0
20457.02;5;115;6
20457.06;17;676;3
20458.7;39;1183;2
20458.74;11;447;4
20458.92;22;459;5
20459.97;8;396;1
20460.06;26;664;8
20460.93;2;382;7
20461.83;33;896;11
20462.41;44;874;9
20464.3;30;926;0
20466.97;5;115;6
20467.13;17;676;3
20468.6;39;1183;2
20468.94;22;459;5
20470.05;8;396;1
20470.14;26;664;8
20470.98;2;382;7
20471.92;33;896;11
20472.58;44;874;9
20474.54;30;926;0
20474.87;36;402;10
20477.07;5;115;6
20477.54;17;676;3
20478.74;28;213;2
20478.98;22;459;5
20480;8;396;1
20480.14;26;664;8
20481.92;33;896;11
20482.32;44;874;9
20484.59;30;926;0
20484.8;1;987;4
20485;36;402;10
20487;5;115;6
20487.58;17;676;3
20488.77;28;213;2
20489.06;37;304;5
20490.05;8;396;1
20490.29;26;664;8
20492.63;44;874;9
20494.74;30;926;0
20495.09;36;402;10
20497.11;5;115;6
20497.65;25;1187;3
20498.89;28;213;2
20499.11;37;304;5
20500.13;8;396;1
20500.21;26;664;8
20502.71;44;874;9
20504.75;21;1092;0
20505.1;36;402;10
20505.86;9;17;11
20507.14;5;115;6
20507.59;25;1187;3
20508.9;28;213;2
20509.97;8;396;1
20510.26;26;664;8
20512.74;24;776;9
20514.68;21;1092;0
20515.05;36;402;10
20515.87;9;17;11
20517.18;5;115;6
20517.69;25;1187;3
20518.92;31;857;2
20520.15;8;396;1
20520.15;18;933;5
20520.37;35;272;8
20522.76;24;776;9
20524.55;21;1092;0
20525.9;9;17;11
20527.23;5;115;6
20527.65;25;1187;3
20528.94;31;857;2
20530.19;7;60;1
20530.19;18;933;5
20530.37;35;272;8
20532.76;24;776;9
20534.69;21;1092;0
20535.9;9;17;11
20537.27;5;115;6
20537.52;25;1187;3
20538.94;31;857;2
20540.22;7;60;1
20540.27;18;933;5
20540.36;35;272;8
20540.42;38;527;7
20542.16;43;758;4
20544.79;21;1092;0
20545.91;9;17;11
20547.13;5;115;6
20547.8;25;1187;3
20548.95;31;857;2
20550.29;7;60;1
20550.42;35;272;8
20550.57;38;527;7
20552.49;43;758;4
20554.75;21;1092;0
20557.28;5;115;6
20557.84;25;1187;3
20558.95;31;857;2
20559.85;0;189;10
20560.32;7;60;1
20560.5;35;272;8
20560.7;38;527;7
20562.49;43;758;4
20564.4;6;1163;11
20564.63;3;765;9
20564.83;21;1092;0
20567.28;5;115;6
20567.87;25;1187;3
20569;31;857;2
20569.75;0;189;10
20570.37;7;60;1
20570.37;35;272;8
20572.42;43;758;4
20574.32;6;1163;11
20574.49;29;807;7
20574.74;3;765;9
20574.83;27;345;0
20577.21;41;1124;6
20577.92;42;690;3
20579.26;31;857;2
20579.88;0;189;10
20580.51;7;60;1
20580.51;35;272;8
20582.53;4;1084;4
20584.48;6;1163;11
20584.54;29;807;7
20584.54;3;765;9
20584.87;27;345;0
20587.33;41;1124;6
20588.02;34;365;3
20589.24;31;857;2
20589.81;0;189;10
20590.54;10;73;8
20590.58;7;60;1
20592.58;4;1084;4
20594.38;6;1163;11
20594.77;29;807;7
20594.82;3;765;9
20594.88;27;345;0
20597.15;41;1124;6
20598.11;34;365;3
20599.76;0;189;10
20600.58;10;73;8
20600.63;7;60;1
20602.51;4;1084;4
20602.77;32;226;5
20604.52;13;267;11
20604.83;3;765;9
20604.93;27;345;0
20607.33;16;800;6
20608.12;34;365;3
20609.59;14;338;10
20610.63;7;60;1
20612.51;4;1084;4
20612.82;32;226;5
20614.55;13;267;11
20614.73;23;271;9
20614.97;27;345;0
20617.35;16;800;6
20618.13;34;365;3
20619.22;39;822;2
20619.96;14;338;10
20620.68;19;1153;1
20622.59;4;1084;4
20622.92;32;226;5
20624.83;23;271;9
20625.09;12;848;0
20627.36;16;800;6
20628.08;34;365;3
20628.94;39;822;2
20629.97;14;338;10
20630.72;19;1153;1
20632.93;32;226;5
20634.62;23;271;9
20635.27;12;848;0
20637.32;16;800;6
20637.45;11;95;4
20638.18;34;365;3
20639.27;39;822;2
20639.99;14;338;10
20640.25;2;1167;7
20641.36;40;871;1
20642.25;33;984;11
20642.91;32;226;5
20643.66;26;622;8
20644.9;23;271;9
20645.54;12;848;0
20647.34;20;282;6
20648.23;17;350;3
20648.56;1;1067;4
20649.32;39;822;2
20650.04;14;338;10
20650.3;2;1167;7
20651.41;40;871;1
20652.33;33;984;11
20653.74;26;622;8
20654.91;44;71;9
20658.31;17;350;3
20658.61;1;1067;4
20660.17;15;450;10
20660.4;2;1167;7
20661.5;40;871;1
20662.39;33;984;11
20663.82;26;622;8
20668.39;17;350;3
20668.43;30;781;0
20668.57;22;1133;5
20670.22;15;450;10
20670.47;2;1167;7
20671.61;40;871;1
20672.38;33;984;11
20673.85;26;622;8
20676.52;28;970;2
20678.4;17;350;3
20678.49;30;781;0
20678.62;22;1133;5
20680.2;15;450;10
20680.49;2;1167;7
20681.62;40;871;1
20682.33;33;984;11
20683.89;26;622;8
20686.56;28;970;2
20688.66;30;781;0
20688.66;22;1133;5
20690.32;36;1073;10
20691.46;40;871;1
20693.86;26;622;8
20696.36;9;542;11
20696.41;28;970;2
20698.7;30;781;0
20698.74;22;1133;5
20700.25;36;1073;10
20701.66;8;393;1
20703.97;26;622;8
20705.09;3;148;9
20705.5;38;413;7
20706.42;9;542;11
20706.56;28;970;2
20708.73;30;781;0
20708.78;22;1133;5
20710.41;36;1073;10
20713.11;42;606;3
20714.09;26;622;8
20715.54;38;413;7
20716.4;9;542;11
20716.51;28;970;2
20718.63;30;781;0
20718.78;22;1133;5
20719.58;5;1182;6
20720.43;36;1073;10
20723.34;42;606;3
20724.1;26;622;8
20725.58;38;413;7
20726.43;9;542;11
20726.61;31;115;2
20727.46;7;1014;1
20728.64;30;781;0
20728.82;18;74;5
20729.16;24;321;9
20729.58;5;1182;6
20730.46;36;1073;10
20733.27;42;606;3
20735.6;38;413;7
20736.42;9;542;11
20736.65;31;115;2
20738.9;18;74;5
20739.28;24;321;9
20739.6;41;32;6
20740.38;10;384;8
20740.48;36;1073;10
20743.2;42;606;3
20746.72;31;115;2
20748.7;21;198;0
20748.88;18;74;5
20749.28;24;321;9
20750.47;10;384;8
20750.47;0;184;10
20750.53;19;1015;1
20752.97;43;150;4
20753.38;25;620;3
20756.76;31;115;2
20757.81;13;220;11
20758.74;21;198;0
20758.94;18;74;5
20759.33;24;321;9
20760.39;10;384;8
20760.39;0;184;10
20760.53;19;1015;1
20760.57;29;1028;7
20763.05;43;150;4
20763.48;25;620;3
20766.71;31;115;2
20767.92;13;220;11
20768.79;21;198;0
20768.97;18;74;5
20769.68;24;321;9
20770.5;0;184;10
20770.54;19;1015;1
20770.54;10;384;8
20770.63;29;1028;7
20773.2;43;150;4
20776.56;31;115;2
20778.31;13;220;11
20778.85;21;198;0
20778.89;18;74;5
20779.57;24;321;9
20780.56;19;1015;1
20780.56;10;384;8
20780.56;0;184;10
20782.07;2;811;7
20783.25;43;150;4
20786.62;31;115;2
20786.91;20;799;6
20788.04;34;1160;3
20788.32;13;220;11
20788.86;21;198;0
20788.91;18;74;5
20789.6;24;321;9
20790.58;19;1015;1
20790.58;35;448;8
20790.58;0;184;10
20792.37;2;811;7
20793.33;4;81;4
20796.79;31;115;2
20796.88;20;799;6
20798.11;34;1160;3
20798.91;12;0;0
20799.04;18;74;5
20799.37;6;159;11
20800.61;19;1015;1
20800.61;0;184;10
20800.66;35;448;8
20803.36;4;81;4
20804.17;23;1050;9
20806.91;20;799;6
20808.31;34;1160;3
20808.96;12;0;0
20809.09;18;74;5
20809.33;6;159;11
20810.41;19;1015;1
20813.33;4;81;4
20813.91;15;72;10
20816.96;16;659;6
20818.34;34;1160;3
20819.01;12;0;0
20819.01;37;884;5
20819.28;6;159;11
20820.66;19;1015;1
20823.45;4;81;4
20823.94;15;72;10
20829.29;12;0;0
20829.29;32;1078;5
20829.42;33;667;11
20830.73;8;987;1
20833.52;4;81;4
20833.85;15;72;10
20838.16;3;85;9
20839.25;32;1078;5
20839.33;12;0;0
20839.43;33;667;11
20840.45;41;1130;6
20840.58;42;148;3
20840.76;8;987;1
20842.51;39;870;2
20843.54;4;81;4
20847.07;14;661;10
20848.27;3;85;9
20849.32;32;1078;5
20849.36;12;0;0
20850.66;42;148;3
20850.84;8;987;1
20852.57;39;870;2
20853.58;1;508;4
20857.18;14;661;10
20858.31;44;539;9
20859.33;32;1078;5
20859.43;12;0;0
20860.78;42;148;3
20861;8;987;1
20862.62;39;870;2
20863.63;1;508;4
20867.22;14;661;10
20868.11;44;539;9
20869.38;32;1078;5
20869.74;27;200;0
20870.87;8;987;1
20870.87;25;80;3
20872.53;39;870;2
20873.67;11;465;4
20874.96;26;1077;8
20877.26;14;661;10
20878.32;44;539;9
20879.61;27;200;0
20881.04;8;987;1
20882.65;39;870;2
20883.78;11;465;4
20884.79;17;52;3
20885.07;26;1077;8
20887.3;14;661;10
20887.45;38;204;7
20888.41;44;539;9
20888.57;9;489;11
20889.79;27;200;0
20891.17;7;1085;1
20892.7;28;1152;2
20893.64;22;314;5
20893.85;11;465;4
20894.78;17;52;3
20895.13;26;1077;8
20897.35;14;661;10
20897.5;38;204;7
20898.41;44;539;9
20898.61;9;489;11
20899.65;27;200;0
20901.32;7;1085;1
20902.74;28;1152;2
20903.7;22;314;5
20903.89;11;465;4
20904.84;17;52;3
20905.02;26;1077;8
20907.38;14;661;10
20907.58;38;204;7
20908.47;24;350;9
20909.86;27;200;0
20911.36;40;1041;1
20914.16;11;465;4
20914.78;17;52;3
20915.27;26;1077;8
20917.23;36;570;10
20917.62;38;204;7
20917.66;5;776;6
20918.59;24;350;9
20919.91;27;200;0
20921.37;40;1041;1
20924.8;17;52;3
20925.33;26;1077;8
20927.43;36;570;10
20927.68;29;196;7
20927.81;5;776;6
20928.55;24;350;9
20929.97;27;200;0
20931.42;40;1041;1
20934.89;17;52;3
20935.47;26;1077;8
20937.48;36;570;10
20937.7;29;196;7
20937.81;5;776;6
20940.02;27;200;0
20941.47;40;1041;1
20944.8;17;52;3
20945.51;26;1077;8
20947.15;36;570;10
20947.78;29;196;7
20947.82;5;776;6
20950.14;27;200;0
20951.2;43;26;4
20951.49;40;1041;1
20953.06;13;1156;11
20953.78;37;7;5
20954.91;34;1147;3
20955.68;26;1077;8
20957.82;5;776;6
20957.82;29;196;7
20960.16;30;4;0
20961.26;43;26;4
20961.53;40;1041;1
20963.11;13;1156;11
20963.53;37;7;5
20964.92;34;1147;3
20965.98;10;273;8
20966.6;23;915;9
20967.84;29;196;7
20970.24;30;4;0
20971.32;43;26;4
20973.19;13;1156;11
20974.68;34;1147;3
20976.08;10;273;8
20976.54;23;915;9
20976.95;18;152;5
20977.91;2;103;7
20980.27;30;4;0
20981.06;20;482;6
20981.36;43;26;4
20983.19;13;1156;11
20984.1;15;294;10
20986.14;35;90;8
20986.65;23;915;9
20986.99;18;152;5
20987.96;2;103;7
20990.04;30;4;0
20991.14;20;482;6
20991.36;19;856;1
20991.36;43;26;4
20993.23;13;1156;11
20994.16;15;294;10
20996.24;35;90;8
20997.03;18;152;5
20998.19;2;103;7
21000.16;30;4;0
21001.36;43;26;4
21001.41;19;856;1
21003.24;13;1156;11
21004.2;15;294;10
21006.27;35;90;8
21007.12;18;152;5
21008.26;2;103;7
21010.28;12;1026;0
21011.41;19;856;1
21011.41;43;26;4
21011.86;3;1095;9
21013.27;33;23;11
21014.24;15;294;10
21015.7;16;458;6
21016.33;35;90;8
21016.96;18;152;5
21018.32;2;103;7
21020.31;12;1026;0
21021.47;8;1094;1
21021.47;1;907;4
21021.91;3;1095;9
21024.29;15;294;10
21025.75;41;769;6
21026.38;35;90;8
21026.53;31;1101;2
21026.95;25;1107;3
21027.2;18;152;5
21030.29;12;1026;0
21031.48;1;907;4
21031.53;8;1094;1
21031.96;3;1095;9
21033.2;6;653;11
21034.45;0;311;10
21035.81;41;769;6
21036.42;35;90;8
21036.47;31;1101;2
21037.11;25;1107;3
21037.24;22;567;5
21040.33;12;1026;0
21041.53;1;907;4
21041.83;8;1094;1
21042.01;3;1095;9
21043.24;6;653;11
21044.54;0;311;10
21045.9;41;769;6
21046.47;35;90;8
21046.6;31;1101;2
21047.14;25;1107;3
21047.23;22;567;5
21050.33;12;1026;0
21051.57;1;907;4
21052.02;8;1094;1
21052.07;3;1095;9
21053.28;6;653;11
21054.56;0;311;10
21055.92;41;769;6
21056.46;26;761;8
21056.83;31;1101;2
21057.2;42;1190;3
21057.25;22;567;5
21060.32;12;1026;0
21061.56;1;907;4
21061.99;8;1094;1
21063.37;6;653;11
21064.61;0;311;10
21066.46;26;761;8
21066.9;39;371;2
21067.24;42;1190;3
21067.33;22;567;5
21067.74;44;352;9
21070.37;21;414;0
21071.61;1;907;4
21072.04;7;854;1
21073.4;6;653;11
21074.65;0;311;10
21076.5;26;761;8
21077.17;39;371;2
21077.28;42;1190;3
21077.28;22;567;5
21077.81;44;352;9
21080.41;21;414;0
21082.13;7;854;1
21082.26;38;1035;7
21083.44;6;653;11
21084.78;14;261;10
21085.17;4;842;4
21086.5;26;761;8
21087.17;39;371;2
21087.33;42;1190;3
21087.33;32;427;5
21088;44;352;9
21092.17;7;854;1
21092.33;38;1035;7
21093.3;6;653;11
21094.62;14;261;10
21095.22;4;842;4
21096.53;26;761;8
21097.24;39;371;2
21097.37;42;1190;3
21097.37;32;427;5
21098.21;44;352;9
21101.86;7;854;1
21102.37;38;1035;7
21103.4;9;1196;11
21104.85;14;261;10
21105.24;4;842;4
21106.53;26;761;8
21107.28;39;371;2
21107.66;32;427;5
21108.28;23;724;9
21112.23;7;854;1
21112.38;38;1035;7
21113.37;9;1196;11
21114.88;14;261;10
21115.24;4;842;4
21116.57;10;1081;8
21117;28;301;2
21117.83;32;427;5
21118.33;23;724;9
21122.28;40;642;1
21122.41;38;1035;7
21123.48;9;1196;11
21124.23;27;397;0
21124.55;20;429;6
21124.75;17;138;3
21124.93;14;261;10
21125.3;4;842;4
21126.62;10;1081;8
21127.35;28;301;2
21127.84;18;983;5
21128.51;23;724;9
21132.15;40;642;1
21132.42;38;1035;7
21134.02;13;1025;11
21134.33;27;397;0
21134.79;17;138;3
21134.97;36;272;10
21135.37;4;842;4
21136.69;10;1081;8
21137.41;28;301;2
21137.7;18;983;5
21138.83;24;540;9
21142.36;40;642;1
21144.09;13;1025;11
21144.89;17;138;3
21145.13;36;272;10
21145.47;11;417;4
21145.77;5;62;6
21146.72;10;1081;8
21147.84;18;983;5
21148.96;24;540;9
21152.45;40;642;1
21154.1;13;1025;11
21154.93;17;138;3
21155.1;36;272;10
21155.5;11;417;4
21155.59;2;743;7
21155.78;5;62;6
21156.78;10;1081;8
21157.9;18;983;5
21159.33;24;540;9
21164.07;13;1025;11
21165.06;34;117;3
21165.26;36;272;10
21165.54;11;417;4
21165.68;2;743;7
21165.85;5;62;6
21166.64;10;1081;8
21167.95;18;983;5
21169.28;24;540;9
21173.31;8;703;1
21174.1;13;1025;11
21175.17;34;117;3
21175.17;36;272;10
21175.52;11;417;4
21175.59;2;743;7
21175.96;5;62;6
21176.78;10;1081;8
21177.99;37;1187;5
21179.35;24;540;9
21183.43;19;589;1
21184.14;13;1025;11
21184.18;30;906;0
21185.23;36;272;10
21185.59;11;417;4
21185.76;2;743;7
21186.18;5;62;6
21186.82;10;1081;8
21188.01;37;1187;5
21189.43;24;540;9
21193.52;19;589;1
21194.4;30;906;0
21195.28;36;272;10
21195.69;43;928;4
21195.81;2;743;7
21196.31;25;43;3
21196.36;41;358;6
21196.67;10;1081;8
21198.02;37;1187;5
21199.45;24;540;9
21201.64;31;981;2
21203.67;19;589;1
21204.34;30;906;0
21205.33;36;272;10
21205.8;43;928;4
21205.8;29;1182;7
21206.42;41;358;6
21206.81;10;1081;8
21207.96;37;1187;5
21211.79;31;981;2
21213.25;33;129;11
21213.71;19;589;1
21214.39;42;467;3
21214.48;30;906;0
21215.31;36;272;10
21215.98;29;1182;7
21216.02;43;928;4
21216.65;41;358;6
21216.78;10;1081;8
21218.1;22;641;5
21221.79;31;981;2
21223.32;33;129;11
21223.73;19;589;1
21223.86;3;751;9
21224.35;42;467;3
21224.77;12;1027;0
21225.33;15;944;10
21226;29;1182;7
21226.29;43;928;4
21226.9;35;607;8
21228.2;22;641;5
21231.88;31;981;2
21233.51;33;129;11
21233.77;19;589;1
21233.77;3;751;9
21234.43;42;467;3
21234.73;12;1027;0
21234.81;16;5;6
21235.4;15;944;10
21236.05;29;1182;7
21236.91;35;607;8
21238.22;22;641;5
21241.86;31;981;2
21243.53;33;129;11
21243.86;19;589;1
21243.91;3;751;9
21244.49;42;467;3
21244.71;12;1027;0
21244.81;16;5;6
21245.42;15;944;10
21245.99;29;1182;7
21247;35;607;8
21248.2;22;641;5
21249.2;1;101;4
21251.88;39;637;2
21253.46;33;129;11
21253.91;7;1041;1
21254.16;3;751;9
21254.33;42;467;3
21254.83;12;1027;0
21254.88;16;5;6
21255.47;0;270;10
21256.09;29;1182;7
21256.97;35;607;8
21258.29;22;641;5
21259.27;1;101;4
21261.95;39;637;2
21263.58;33;129;11
21263.95;7;1041;1
21264.33;3;751;9
21264.53;42;467;3
21264.88;12;1027;0
21264.98;16;5;6
21265.52;0;270;10
21266.14;29;1182;7
21267.08;35;607;8
21268.3;32;831;5
21269.27;1;101;4
21272.03;28;620;2
21273.61;33;129;11
21274.32;7;1041;1
21274.41;42;467;3
21274.41;3;751;9
21274.74;21;464;0
21275.03;16;5;6
21275.74;0;270;10
21277.12;35;607;8
21279.32;1;101;4
21281.73;28;620;2
21283.6;33;129;11
21284.34;7;1041;1
21284.61;44;381;9
21284.65;17;448;3
21284.94;21;464;0
21285.78;14;557;10
21287.12;26;1142;8
21289.2;5;191;6
21289.38;1;101;4
21292.07;28;620;2
21293.56;33;129;11
21294.38;8;653;1
21294.67;44;381;9
21294.76;17;448;3
21294.91;21;464;0
21295.66;14;557;10
21297.15;26;1142;8
21299.24;5;191;6
21302.05;28;620;2
21303.65;33;129;11
21304.42;8;653;1
21304.7;44;381;9
21304.75;17;448;3
21305.73;14;557;10
21307.16;26;1142;8
21309.25;5;191;6
21309.99;4;742;4
21311.06;27;1066;0
21311.93;28;620;2
21313.68;6;870;11
21314.51;8;653;1
21314.77;44;381;9
21314.82;17;448;3
21315.82;14;557;10
21319.17;5;191;6
21320.03;4;742;4
21321.11;27;1066;0
21322.09;28;620;2
21324.68;8;653;1
21324.82;23;59;9
21324.86;17;448;3
21324.92;38;1153;7
21325.9;14;557;10
21329.33;5;191;6
21330.07;4;742;4
21331.11;27;1066;0
21333.3;9;393;11
21334.58;40;304;1
21334.87;23;59;9
21334.91;17;448;3
21335;38;1153;7
21335.95;14;557;10
21339.27;5;191;6
21340.17;4;742;4
21343.44;9;393;11
21344.57;40;304;1
21344.72;23;59;9
21344.91;17;448;3
21345;38;1153;7
21346.04;14;557;10
21346.53;18;81;5
21349.34;5;191;6
21350.22;4;742;4
21353.55;9;393;11
21354.74;40;304;1
21354.79;23;59;9
21354.91;17;448;3
21356.05;14;557;10
21356.55;18;81;5
21359.18;5;191;6
21360.42;4;742;4
21363.82;13;153;11
21364.8;40;304;1
21364.95;34;625;3
21364.95;23;59;9
21366.59;18;81;5
21368.4;31;380;2
21368.99;5;191;6
21369.53;29;804;7
21370.56;4;742;4
21373.87;13;153;11
21374.66;30;375;0
21374.73;40;304;1
21374.84;34;625;3
21374.84;23;59;9
21376.27;10;782;8
21376.57;18;81;5
21379.36;20;1190;6
21379.58;2;1161;7
21380.6;4;742;4
21384.67;30;375;0
21384.78;19;1084;1
21384.93;34;625;3
21384.93;23;59;9
21386.29;10;782;8
21386.63;18;81;5
21389.42;20;1190;6
21389.64;2;1161;7
21390.4;11;168;4
21394.69;30;375;0
21394.86;19;1084;1
21394.86;34;625;3
21394.86;23;59;9
21396.31;10;782;8
21396.71;18;81;5
21399.69;2;1161;7
21400.65;11;168;4
21402.01;28;33;2
21404.73;30;375;0
21404.98;19;1084;1
21404.98;23;59;9
21405.03;34;625;3
21406.74;18;81;5
21409.23;41;880;6
21409.64;2;1161;7
21410.84;11;168;4
21411.94;28;33;2
21412.8;36;459;10
21414.1;26;316;8
21414.75;30;375;0
21414.99;23;59;9
21415.08;25;588;3
21416.77;37;955;5
21419.41;41;880;6
21419.75;2;1161;7
21420.13;7;889;1
21420.8;11;168;4
21422.01;28;33;2
21422.86;36;459;10
21424.75;30;375;0
21425.04;24;697;9
21425.13;25;588;3
21426.79;37;955;5
21429.47;41;880;6
21429.82;2;1161;7
21430.22;7;889;1
21430.8;11;168;4
21432.01;28;33;2
21432.86;36;459;10
21433.96;33;1105;11
21434.76;30;375;0
21435.1;25;588;3
21435.1;24;697;9
21436.83;37;955;5
21439.5;41;880;6
21439.77;2;1161;7
21440.34;7;889;1
21440.57;35;674;8
21440.89;43;859;4
21442.86;36;459;10
21444.02;33;1105;11
21444.64;12;65;0
21445.13;25;588;3
21445.18;24;697;9
21445.5;31;368;2
21446.85;37;955;5
21449.63;41;880;6
21449.86;2;1161;7
21450.38;7;889;1
21450.88;35;674;8
21450.93;43;859;4
21452.93;36;459;10
21454;33;1105;11
21455.15;25;588;3
21455.2;24;697;9
21455.55;31;368;2
21456.89;32;1092;5
21459.67;41;880;6
21459.72;2;1161;7
21460.5;7;889;1
21460.83;35;674;8
21460.93;43;859;4
21463.02;36;459;10
21464.06;33;1105;11
21465.2;42;596;3
21465.2;3;20;9
21465.58;31;368;2
21466.93;32;1092;5
21467.83;21;467;0
21469.72;41;880;6
21470.38;8;425;1
21470.88;35;674;8
21471.08;43;859;4
21473.02;36;459;10
21473.97;33;1105;11
21475.23;3;20;9
21475.28;42;596;3
21475.6;31;368;2
21476.98;32;1092;5
21477.91;21;467;0
21479.76;16;309;6
21480.55;8;425;1
21481.09;43;859;4
21483;36;459;10
21484.11;33;1105;11
21485.12;3;20;9
21485.28;42;596;3
21485.72;31;368;2
21487.15;22;511;5
21487.91;21;467;0
21489.25;38;230;7
21489.98;16;309;6
21490.37;8;425;1
21491.18;43;859;4
21493.1;15;543;10
21494.05;33;1105;11
21495.82;39;946;2
21497.15;22;511;5
21498.46;27;666;0
21499.33;38;230;7
21499.5;44;1168;9
21500.67;40;8;1
21501.21;43;859;4
21503.13;15;543;10
21506.01;39;946;2
21507.2;22;511;5
21508.5;27;666;0
21509.29;38;230;7
21509.46;44;1168;9
21511.01;34;931;3
21511.29;43;859;4
21511.38;5;9;6
21513.12;15;543;10
21516.08;39;946;2
21518.52;27;666;0
21519.39;38;230;7
21519.48;6;562;11
21519.53;44;1168;9
21521.05;34;931;3
21521.3;43;859;4
21521.43;5;9;6
21523.15;0;43;10
21524.82;10;926;8
21526.05;39;946;2
21528.62;27;666;0
21529.38;38;230;7
21529.53;44;1168;9
21529.53;6;562;11
21531.15;34;931;3
21531.29;1;664;4
21531.53;5;9;6
21533.15;0;43;10
21534.91;10;926;8
21535.86;18;1048;5
21538.62;27;666;0
21539.4;38;230;7
21539.57;44;1168;9
21539.62;6;562;11
21541.2;34;931;3
21541.34;1;664;4
21541.57;5;9;6
21542.95;0;43;10
21545.02;10;926;8
21545.93;18;1048;5
21548.64;27;666;0
21549.49;44;1168;9
21549.62;29;679;7
21551.23;34;931;3
21551.4;1;664;4
21551.49;5;9;6
21553.04;0;43;10
21555.04;10;926;8
21555.99;19;639;1
21556.08;18;1048;5
21557.29;13;438;11
21558.69;30;623;0
21559.49;44;1168;9
21559.66;29;679;7
21561.28;34;931;3
21561.32;1;664;4
21561.58;5;9;6
21563.16;14;330;10
21565.04;10;926;8
21566.03;19;639;1
21566.16;18;1048;5
21567.62;13;438;11
21568.75;30;623;0
21569.62;44;1168;9
21569.66;29;679;7
21571.33;17;429;3
21571.33;1;664;4
21573.2;14;330;10
21573.42;28;267;2
21576.02;19;639;1
21576.07;18;1048;5
21577.66;13;438;11
21578.82;30;623;0
21579.59;44;1168;9
21579.66;29;679;7
21581.43;1;664;4
21581.48;17;429;3
21583.25;14;330;10
21583.47;28;267;2
21583.83;26;206;8
21585.96;19;639;1
21586.17;18;1048;5
21587.81;9;945;11
21588.87;30;623;0
21589.59;44;1168;9
21591.45;1;664;4
21591.54;17;429;3
21591.96;20;90;6
21593.16;14;330;10
21593.51;28;267;2
21593.75;26;206;8
21596.04;19;639;1
21596.13;18;1048;5
21598.76;30;623;0
21599.62;23;195;9
21601.47;1;664;4
21601.51;17;429;3
21602.07;20;90;6
21603.29;14;330;10
21603.34;28;267;2
21603.87;26;206;8
21606.05;19;639;1
21606.09;37;208;5
21607.43;2;762;7
21610.52;24;398;9
21611.51;1;664;4
21611.55;17;429;3
21612.1;20;90;6
21612.7;12;1134;0
21613.29;36;201;10
21613.51;28;267;2
21616.09;7;621;1
21616.18;37;208;5
21617.22;2;762;7
21621.59;11;1011;4
21621.64;17;429;3
21621.72;35;1201;8
21622.22;20;90;6
21622.48;12;1134;0
21623.36;28;267;2
21623.36;36;201;10
21626.13;7;621;1
21626.26;37;208;5
21631.61;11;1011;4
21631.72;17;429;3
21631.76;35;1201;8
21632.39;12;1134;0
21633.48;36;201;10
21633.55;31;1059;2
21634.11;33;315;11
21634.29;38;685;7
21636.15;7;621;1
21636.24;37;208;5
21641.51;11;1011;4
21641.65;17;429;3
21641.76;35;1201;8
21642.74;12;1134;0
21643.54;36;201;10
21643.93;31;1059;2
21644.26;33;315;11
21644.34;38;685;7
21646.06;7;621;1
21646.3;37;208;5
21651.56;11;1011;4
21651.74;17;429;3
21651.83;35;1201;8
21652.24;16;126;6
21652.77;12;1134;0
21653.36;36;201;10
21653.97;31;1059;2
21654.36;33;315;11
21654.68;38;685;7
21655.99;7;621;1
21661.7;17;429;3
21661.7;4;291;4
21662.03;35;1201;8
21662.24;16;126;6
21662.77;12;1134;0
21663.62;15;202;10
21664.33;31;1059;2
21664.41;33;315;11
21664.5;32;327;5
21664.83;3;585;9
21666.21;40;487;1
21671.79;17;429;3
21671.79;4;291;4
21672.28;41;923;6
21672.82;12;1134;0
21673.66;15;202;10
21674.41;39;756;2
21674.46;32;327;5
21674.95;3;585;9
21676.2;40;487;1
21681.76;25;154;3
21681.76;4;291;4
21682.19;41;923;6
21682.77;27;1092;0
21683.73;15;202;10
21684.46;39;756;2
21684.61;32;327;5
21684.99;3;585;9
21686.22;40;487;1
21692.19;42;1084;3
21692.72;27;1092;0
21693.7;15;202;10
21694.59;39;756;2
21694.68;32;327;5
21694.98;3;585;9
21696.26;8;839;1
21697.66;43;55;4
21700.75;10;431;8
21702.38;42;1084;3
21702.83;21;766;0
21703.76;0;485;10
21704.65;39;756;2
21704.8;32;327;5
21705.01;23;735;9
21706.24;8;839;1
21707.71;43;55;4
21710.94;10;431;8
21711.03;5;1096;6
21712.41;42;1084;3
21713.83;0;485;10
21714.85;32;327;5
21715.06;23;735;9
21716.09;2;195;7
21716.3;8;839;1
21717.78;43;55;4
21719.39;6;1178;11
21720.95;10;431;8
21721.09;5;1096;6
21722.45;42;1084;3
21724.93;22;444;5
21725.12;23;735;9
21726.09;2;195;7
21727.78;43;55;4
21731.24;5;1096;6
21732.39;42;1084;3
21734.91;22;444;5
21735.26;23;735;9
21736.02;26;748;8
21736.06;29;1194;7
21737.78;43;55;4
21741.14;5;1096;6
21742.23;42;1084;3
21742.83;13;369;11
21744.95;22;444;5
21745.99;24;288;9
21746.08;26;748;8
21746.17;29;1194;7
21747.74;43;55;4
21751.25;5;1096;6
21752.49;42;1084;3
21752.87;13;369;11
21753.56;19;852;1
21755.95;24;288;9
21756.08;26;748;8
21756.3;29;1194;7
21759.64;18;420;5
21761.26;5;1096;6
21762.53;34;782;3
21762.88;13;369;11
21763.77;19;852;1
21766.34;29;1194;7
21766.34;35;7;8
21767.98;11;697;4
21769.71;18;420;5
21772.65;34;782;3
21772.92;13;369;11
21773.1;30;1196;0
21773.74;19;852;1
21776.39;35;7;8
21777.99;11;697;4
21779.76;18;420;5
21780.43;16;946;6
21781.29;44;1047;9
21782.67;34;782;3
21783.01;13;369;11
21783.05;30;1196;0
21786.3;35;7;8
21788.05;11;697;4
21789.82;37;1089;5
21791.33;44;1047;9
21793.01;13;369;11
21795.01;28;592;2
21796.33;14;937;10
21796.47;35;7;8
21798.16;17;1069;3
21798.32;11;697;4
21799.95;37;1089;5
21801.38;44;1047;9
21803.04;9;660;11
21805.12;28;592;2
21806.39;0;1147;10
21806.58;35;7;8
21806.63;7;400;1
21808.19;17;1069;3
21808.25;11;697;4
21810.02;37;1089;5
21811.42;44;1047;9
21813.05;9;660;11
21813.3;41;1180;6
21815.17;28;592;2
21816.45;35;7;8
21816.63;7;400;1
21818.23;17;1069;3
21818.37;1;1001;4
21820;37;1089;5
21820.12;12;1048;0
21820.17;36;584;10
21821.5;44;1047;9
21823.05;9;660;11
21823.26;41;1180;6
21825.06;28;592;2
21826.67;7;400;1
21828.45;1;1001;4
21830.14;12;1048;0
21830.23;36;584;10
21832.27;22;147;5
21833.07;9;660;11
21833.34;41;1180;6
21835.21;31;136;2
21836.01;38;505;7
21836.61;7;400;1
21836.8;25;760;3
21838.49;1;1001;4
21840.19;27;879;0
21840.28;36;584;10
21842.29;22;147;5
21843.09;33;696;11
21843.41;20;321;6
21844.91;10;896;8
21845.31;31;136;2
21846.06;38;505;7
21846.14;3;1127;9
21846.71;7;400;1
21846.84;25;760;3
21848.5;1;1001;4
21850.01;27;879;0
21850.23;36;584;10
21852.12;22;147;5
21853.01;33;696;11
21853.53;20;321;6
21854.95;10;896;8
21855.34;31;136;2
21856.1;38;505;7
21856.19;3;1127;9
21856.78;7;400;1
21856.86;25;760;3
21858.45;4;694;4
21860.23;27;879;0
21860.32;36;584;10
21862.33;22;147;5
21863.12;33;696;11
21865;26;313;8
21865.42;31;136;2
21866.15;38;505;7
21866.19;3;1127;9
21866.77;40;515;1
21866.91;25;760;3
21868.54;4;694;4
21870.2;27;879;0
21870.32;36;584;10
21872.36;22;147;5
21873.16;33;696;11
21875.04;26;313;8
21875.58;31;136;2
21876.21;29;776;7
21876.21;3;1127;9
21876.83;8;1072;1
21876.87;25;760;3
21878.59;4;694;4
21880.34;21;735;0
21880.34;36;584;10
21882.38;32;761;5
21883.19;33;696;11
21885.06;26;313;8
21886.24;29;776;7
21886.28;3;1127;9
21886.87;8;1072;1
21889.46;39;107;2
21890.42;15;208;10
21892.42;32;761;5
21892.67;5;762;6
21893.26;6;381;11
21893.93;43;445;4
21895.13;26;313;8
21896.28;29;776;7
21896.28;3;1127;9
21897.05;8;1072;1
21899.47;39;107;2
21900.51;15;208;10
21902.34;32;761;5
21902.8;5;762;6
21903.02;6;381;11
21903.97;43;445;4
21905.04;26;313;8
21906.3;29;776;7
21906.3;3;1127;9
21907.06;8;1072;1
21909.51;39;107;2
21910.61;15;208;10
21912.17;32;761;5
21912.81;5;762;6
21913.3;6;381;11
21913.99;43;445;4
21915.33;10;1155;8
21916.34;29;776;7
21916.38;23;1179;9
21919.61;28;1066;2
21920.76;15;208;10
21922.46;32;761;5
21922.8;5;762;6
21923.4;13;1059;11
21924.02;43;445;4
21925.41;10;1155;8
21926.4;2;472;7
21926.4;23;1179;9
21929.65;28;1066;2
21932.32;32;761;5
21932.84;5;762;6
21933.47;13;1059;11
21934.07;43;445;4
21935.23;10;1155;8
21936.4;23;1179;9
21936.45;2;472;7
21938.37;42;300;3
21939.68;28;1066;2
21940.31;19;780;1
21942.5;32;761;5
21942.77;41;1143;6
21943.58;13;1059;11
21944.11;43;445;4
21945.45;10;1155;8
21946.44;23;1179;9
21946.53;2;472;7
21948.44;42;300;3
21949.73;28;1066;2
21950.36;19;780;1
21952.55;32;761;5
21952.89;41;1143;6
21953.65;13;1059;11
21954.15;43;445;4
21955.48;10;1155;8
21956.41;23;1179;9
21958.44;42;300;3
21960.45;19;780;1
21961.5;30;152;0
21962.49;32;761;5
21962.78;41;1143;6
21963.12;14;1080;10
21963.5;9;368;11
21964.16;43;445;4
21965.52;35;148;8
21966.32;23;1179;9
21968.49;34;947;3
21970.49;19;780;1
21971.57;30;152;0
21972.44;18;1183;5
21973.06;20;840;6
21973.26;14;1080;10
21973.68;9;368;11
21974.24;11;330;4
21975.59;35;148;8
21976.48;23;1179;9
21978.56;34;947;3
21981.65;30;152;0
21982.59;18;1183;5
21983.13;20;840;6
21983.32;14;1080;10
21983.73;9;368;11
21984.29;11;330;4
21985.6;35;148;8
21986.54;23;1179;9
21987.56;40;306;1
21988.32;34;947;3
21992.62;18;1183;5
21993.18;20;840;6
21993.27;14;1080;10
21993.89;9;368;11
21994.44;11;330;4
21995.65;35;148;8
21996.41;23;1179;9
21997.56;40;306;1
21998.63;34;947;3
22002.68;18;1183;5
22003.21;20;840;6
22003.36;14;1080;10
22003.9;9;368;11
22004.48;11;330;4
22005.69;35;148;8
22006.52;39;809;2
22006.61;24;659;9
22007.38;21;1154;0
22008.69;25;380;3
22012.68;18;1183;5
22013.26;16;48;6
22013.37;14;1080;10
22014.56;11;330;4
22015.71;35;148;8
22016.57;39;809;2
22016.85;24;659;9
22017.43;21;1154;0
22018.74;25;380;3
22022.77;18;1183;5
22023.22;16;48;6
22023.56;36;730;10
22024.54;29;1167;7
22024.68;11;330;4
22025.34;35;148;8
22026.54;31;1026;2
22026.89;44;1202;9
22027.48;12;1153;0
22028.81;7;704;1
22028.81;25;380;3
22033.09;37;859;5
22033.56;36;730;10
22034.68;29;1167;7
22034.73;11;330;4
22035.69;35;148;8
22036.43;31;1026;2
22036.79;44;1202;9
22037.64;12;1153;0
22038.85;25;380;3
22038.97;7;704;1
22042.43;5;1169;6
22043.06;37;859;5
22043.56;36;730;10
22043.73;33;320;11
22044.81;11;330;4
22045.61;35;148;8
22046.97;44;1202;9
22047.68;12;1153;0
22048.97;17;648;3
22049.02;7;704;1
22052.3;5;1169;6
22053.14;37;859;5
22053.65;36;730;10
22054.11;33;320;11
22054.9;11;330;4
22055.61;35;148;8
22056.86;38;138;7
22056.9;44;1202;9
22057.44;12;1153;0
22058.99;17;648;3
22059.04;7;704;1
22062.48;5;1169;6
22063.18;37;859;5
22063.7;36;730;10
22064.86;1;481;4
22067.02;44;1202;9
22067.73;12;1153;0
22069.08;7;704;1
22069.08;17;648;3
22071.1;28;511;2
22071.1;10;758;8
22072.27;5;1169;6
22073.28;37;859;5
22073.63;36;730;10
22074.77;1;481;4
22077.16;44;1202;9
22077.97;27;1133;0
22078.85;17;648;3
22079.13;8;590;1
22081.03;28;511;2
22081.03;10;758;8
22082.44;5;1169;6
22083.3;37;859;5
22083.69;36;730;10
22084.95;1;481;4
22085.57;6;322;11
22087.24;44;1202;9
22088.03;27;1133;0
22089.13;8;590;1
22091.12;28;511;2
22092.5;5;1169;6
22093.34;37;859;5
22093.54;36;730;10
22094.99;1;481;4
22095.9;6;322;11
22097.31;44;1202;9
22098.15;27;1133;0
22098.97;8;590;1
22101.21;42;204;3
22102.42;5;1169;6
22103.36;37;859;5
22103.75;36;730;10
22105.23;4;747;4
22105.85;6;322;11
22105.95;2;916;7
22107.21;44;1202;9
22109.21;19;240;1
22111.26;42;204;3
22112.53;5;1169;6
22113.4;22;1187;5
22113.85;36;730;10
22115.34;4;747;4
22115.75;26;57;8
22115.95;9;2;11
22116.12;2;916;7
22117.37;3;586;9
22119.51;19;240;1
22121.16;42;204;3
22122.57;5;1169;6
22123.49;22;1187;5
22123.85;0;1087;10
22126.15;2;916;7
22126.15;9;2;11
22127.52;3;586;9
22129.25;43;83;4
22129.31;19;240;1
22132.6;5;1169;6
22133.7;22;1187;5
22133.93;0;1087;10
22136.18;34;896;3
22136.18;9;2;11
22136.22;2;916;7
22137.51;3;586;9
22139.3;43;83;4
22139.55;19;240;1
22140.25;31;360;2
22140.6;21;979;0
22142.63;5;1169;6
22143.94;0;1087;10
22146.08;34;896;3
22146.22;13;569;11
22147.55;3;586;9
22149.31;43;83;4
22149.62;19;240;1
22150.84;21;979;0
22152;32;1165;5
22152.7;41;762;6
22153.97;0;1087;10
22156.24;34;896;3
22156.28;13;569;11
22157.59;3;586;9
22159.33;43;83;4
22159.66;19;240;1
22160.88;21;979;0
22162.13;32;1165;5
22164.03;15;73;10
22166.28;13;569;11
22167.63;3;586;9
22169.33;43;83;4
22169.78;19;240;1
22171.28;21;979;0
22172.19;32;1165;5
22173.82;39;179;2
22174.28;15;73;10
22176.33;13;569;11
22177.56;24;697;9
22178.01;25;981;3
22179.39;43;83;4
22179.85;40;557;1
22181.32;21;979;0
22182.34;32;1165;5
22183.75;20;281;6
22183.91;14;294;10
22187.68;24;697;9
22188.14;25;981;3
22189.84;40;557;1
22191.36;30;791;0
22192.4;32;1165;5
22193.79;20;281;6
22194.32;14;294;10
22196.55;35;452;8
22197.87;24;697;9
22198.55;28;356;2
22199.9;40;557;1
22201.38;30;791;0
22201.47;33;1003;11
22203.72;29;734;7
22203.96;20;281;6
22204.34;14;294;10
22206.85;35;452;8
22208;24;697;9
22208.04;42;603;3
22208.85;28;356;2
22210.85;11;1171;4
22211.39;30;791;0
22211.59;33;1003;11
22213.8;29;734;7
22213.98;20;281;6
22214.39;14;294;10
22218.06;24;697;9
22218.11;42;603;3
22220.98;11;1171;4
22221.02;22;1078;5
22221.48;12;326;0
22221.57;33;1003;11
22223.81;29;734;7
22223.99;20;281;6
22224.41;14;294;10
22226.1;8;674;1
22228.08;24;697;9
22228.12;42;603;3
22231.02;11;1171;4
22231.02;22;1078;5
22231.57;33;1003;11
22233.89;29;734;7
22234.04;20;281;6
22234.42;14;294;10
22235;27;433;0
22236.09;8;674;1
22238.09;23;337;9
22240.95;22;1078;5
22241.08;11;1171;4
22242.22;10;409;8
22243.9;29;734;7
22244.08;16;162;6
22244.17;0;278;10
22245.04;27;433;0
22246.18;8;674;1
22248.17;23;337;9
22250.28;6;1194;11
22251.08;11;1171;4
22251.08;22;1078;5
22254.03;29;734;7
22254.12;16;162;6
22254.34;0;278;10
22254.96;27;433;0
22256.57;8;674;1
22260.32;6;1194;11
22261.12;1;39;4
22261.12;18;978;5
22262.26;17;40;3
22264.03;29;734;7
22264.12;16;162;6
22264.45;0;278;10
22265.12;27;433;0
22266.63;7;807;1
22267.17;44;416;9
22270.3;6;1194;11
22271.12;1;39;4
22271.17;18;978;5
22272.26;17;40;3
22274.03;29;734;7
22274.12;5;733;6
22275.25;27;433;0
22276.7;7;807;1
22277.28;44;416;9
22280.33;6;1194;11
22281.19;1;39;4
22281.19;18;978;5
22282.36;17;40;3
22284.04;38;1030;7
22284.16;5;733;6
22285.23;27;433;0
22286.75;7;807;1
22287.33;44;416;9
22288.97;31;843;2
22291.11;4;8;4
22291.11;18;978;5
22292.21;17;40;3
22293.07;36;250;10
22294.12;5;733;6
22294.12;38;1030;7
22295.3;27;433;0
22296.9;7;807;1
22297.36;44;416;9
22298.17;26;745;8
22299.06;31;843;2
22301.18;4;8;4
22301.18;18;978;5
22302.24;17;40;3
22303.08;36;250;10
22304.19;5;733;6
22304.19;38;1030;7
22305.39;27;433;0
22306.83;40;758;1
22307.41;44;416;9
22308.33;26;745;8
22309.19;31;843;2
22311.28;4;8;4
22311.46;37;1181;5
22311.46;9;763;11
22312.4;34;195;3
22313.12;36;250;10
22314.24;41;721;6
22314.24;38;1030;7
22315.4;27;433;0
22316.95;40;758;1
22317.33;44;416;9
22318.28;26;745;8
22321.2;4;8;4
22321.5;9;763;11
22321.54;37;1181;5
22322.73;34;195;3
22323.24;36;250;10
22323.74;39;958;2
22324.28;41;721;6
22324.28;2;457;7
22326.95;40;758;1
22327.41;44;416;9
22328.38;26;745;8
22331.29;4;8;4
22331.56;9;763;11
22331.61;37;1181;5
22332.19;30;276;0
22333.02;34;195;3
22333.12;36;250;10
22333.71;39;958;2
22334.33;41;721;6
22334.33;2;457;7
22337.41;44;416;9
22338.16;26;745;8
22341.09;4;8;4
22341.58;9;763;11
22341.62;37;1181;5
22342.23;30;276;0
22343.04;34;195;3
22343.13;36;250;10
22343.78;39;958;2
22344.34;41;721;6
22344.34;2;457;7
22347.43;44;416;9
22348.4;26;745;8
22348.44;19;4;1
22351.26;43;148;4
22351.62;9;763;11
22351.66;37;1181;5
22352.29;30;276;0
22352.85;34;195;3
22353.28;15;828;10
22353.77;39;958;2
22354.38;41;721;6
22357.47;44;416;9
22358.53;19;4;1
22361.59;9;763;11
22361.66;37;1181;5
22362.22;30;276;0
22362.93;34;195;3
22363.3;15;828;10
22363.83;39;958;2
22364.38;41;721;6
22367.56;3;934;9
22368.38;19;4;1
22371.63;13;150;11
22371.67;37;1181;5
22372.29;21;1046;0
22373.09;25;794;3
22373.34;15;828;10
22373.85;39;958;2
22377.44;3;934;9
22378.46;20;1129;6
22378.59;19;4;1
22381.25;35;438;8
22381.59;13;150;11
22381.67;37;1181;5
22382.38;21;1046;0
22383.05;25;794;3
22383.13;0;1001;10
22383.92;28;1144;2
22386.53;1;678;4
22387.57;3;934;9
22388.5;20;1129;6
22388.6;19;4;1
22391.3;35;438;8
22391.71;37;1181;5
22391.71;13;150;11
22392.42;21;1046;0
22393.13;25;794;3
22393.97;28;1144;2
22397.56;3;934;9
22398.4;20;1129;6
22401.26;35;438;8
22401.75;32;764;5
22401.75;13;150;11
22402.47;21;1046;0
22403.18;25;794;3
22403.97;28;1144;2
22407.6;24;762;9
22408.51;20;1129;6
22411.38;10;692;8
22411.79;32;764;5
22411.79;13;150;11
22412.37;21;1046;0
22413.4;25;794;3
22414.02;8;116;1
22414.02;28;1144;2
22414.6;11;383;4
22417.42;24;762;9
22417.9;14;11;10
22418.58;20;1129;6
22421.4;10;692;8
22421.98;32;764;5
22422.03;33;1149;11
22422.54;12;335;0
22423.46;25;794;3
22424.13;8;116;1
22424.13;28;1144;2
22424.88;11;383;4
22427.68;23;671;9
22427.81;14;11;10
22428.7;20;1129;6
22431.44;10;692;8
22432.03;32;764;5
22432.34;6;704;11
22432.64;12;335;0
22433.5;25;794;3
22434.11;28;1144;2
22434.17;8;116;1
22435.01;11;383;4
22437.69;23;671;9
22437.94;14;11;10
22438.72;20;1129;6
22442.07;32;764;5
22442.43;6;704;11
22442.69;12;335;0
22443.53;25;794;3
22444.17;8;116;1
22445.02;11;383;4
22447.66;44;745;9
22447.82;14;11;10
22448.79;20;1129;6
22452.11;22;489;5
22452.64;6;704;11
22452.78;12;335;0
22453.53;42;1153;3
22455.06;11;383;4
22457.57;44;745;9
22457.86;7;492;1
22457.95;14;11;10
22458.89;20;1129;6
22462.11;22;489;5
22462.4;29;1097;7
22462.69;6;704;11
22463.58;42;1153;3
22465.22;43;592;4
22468.64;20;1129;6
22472.24;22;489;5
22472.41;29;1097;7
22472.7;6;704;11
22473.63;42;1153;3
22474.21;27;1178;0
22475.27;43;592;4
22475.48;31;372;2
22478.91;20;1129;6
22482.25;22;489;5
22482.34;29;1097;7
22482.74;6;704;11
22483.81;42;1153;3
22484.27;27;1178;0
22484.87;0;83;10
22485.53;31;372;2
22488.83;16;1117;6
22492.28;22;489;5
22492.49;29;1097;7
22492.8;6;704;11
22494;42;1153;3
22494.34;27;1178;0
22494.92;0;83;10
22495.54;31;372;2
22497.63;40;615;1
22498.98;16;1117;6
22502.32;22;489;5
22502.48;29;1097;7
22502.58;6;704;11
22504.04;42;1153;3
22504.32;27;1178;0
22504.96;0;83;10
22505.58;31;372;2
22507.67;40;615;1
22508.39;4;613;4
22508.97;26;1013;8
22509.02;16;1117;6
22512.35;22;489;5
22512.54;2;419;7
22512.85;6;704;11
22514.06;17;799;3
22514.51;27;1178;0
22515.58;31;372;2
22517.6;40;615;1
22518.43;4;613;4
22519.02;26;1013;8
22519.06;16;1117;6
22522.33;22;489;5
22522.56;2;419;7
22522.69;6;704;11
22524.07;17;799;3
22524.42;27;1178;0
22525.11;36;246;10
22525.6;31;372;2
22527.73;40;615;1
22528.52;4;613;4
22529.03;26;1013;8
22529.07;16;1117;6
22532.44;22;489;5
22532.77;6;704;11
22533.7;17;799;3
22534.11;38;954;7
22534.56;30;919;0
22535.31;36;246;10
22535.65;31;372;2
22537.83;40;615;1
22538.53;4;613;4
22539.06;26;1013;8
22539.15;5;674;6
22542.54;22;489;5
22542.91;9;279;11
22544.11;17;799;3
22544.16;38;954;7
22544.56;30;919;0
22545.41;36;246;10
22547.68;19;771;1
22548.46;4;613;4
22549.08;26;1013;8
22549.17;5;674;6
22552.58;22;489;5
22552.96;9;279;11
22554.16;17;799;3
22554.16;38;954;7
22554.47;30;919;0
22555.41;36;246;10
22557.87;19;771;1
22559.16;35;1067;8
22559.25;5;674;6
22561.47;1;832;4
22562.32;22;489;5
22562.94;9;279;11
22564.17;17;799;3
22564.21;38;954;7
22564.65;30;919;0
22565.41;36;246;10
22565.61;3;959;9
22566.82;39;129;2
22567.93;19;771;1
22569.3;5;674;6
22571.79;1;832;4
22572.62;18;59;5
22573.03;9;279;11
22574.19;17;799;3
22574.28;38;954;7
22574.77;30;919;0
22575.41;36;246;10
22575.65;3;959;9
22576.5;39;129;2
22578.08;19;771;1
22579.17;5;674;6
22582.15;1;832;4
22582.79;18;59;5
22583.12;9;279;11
22584.26;34;390;3
22584.56;30;919;0
22585.46;3;959;9
22585.46;36;246;10
22586.62;39;129;2
22587.91;19;771;1
22589.32;41;600;6
22592.63;18;59;5
22593.16;13;127;11
22593.99;11;617;4
22594.35;34;390;3
22594.57;10;117;8
22594.82;30;919;0
22595.53;3;959;9
22595.53;15;657;10
22596.87;39;129;2
22598.28;8;345;1
22599.36;41;600;6
22602.87;37;207;5
22603.24;13;127;11
22604.04;11;617;4
22604.39;34;390;3
22604.62;10;117;8
22604.87;30;919;0
22605.66;3;959;9
22608.34;8;345;1
22608.8;14;827;10
22609.39;41;600;6
22613.15;37;207;5
22613.32;13;127;11
22614.03;11;617;4
22614.29;34;390;3
22614.66;10;117;8
22614.93;30;919;0
22615.77;24;438;9
22618.45;8;345;1
22618.87;14;827;10
22619.48;41;600;6
22623.06;37;207;5
22623.28;13;127;11
22624.47;34;390;3
22624.56;10;117;8
22624.96;21;195;0
22625.91;23;61;9
22628.13;28;453;2
22628.72;8;345;1
22628.91;14;827;10
22629.51;41;600;6
22633.24;37;207;5
22633.28;43;300;4
22633.34;13;127;11
22634.48;34;390;3
22634.56;10;117;8
22634.95;21;195;0
22635.91;23;61;9
22638.05;28;453;2
22638.75;8;345;1
22639.52;41;600;6
22641.83;29;542;7
22643.3;43;300;4
22643.3;37;207;5
22643.34;13;127;11
22644.55;34;390;3
22644.68;10;117;8
22644.88;21;195;0
22645.99;23;61;9
22648.22;28;453;2
22648.76;8;345;1
22649.56;20;686;6
22651.85;29;542;7
22653.33;43;300;4
22653.33;37;207;5
22653.42;33;123;11
22654.63;25;429;3
22654.94;12;632;0
22656.01;23;61;9
22658.26;28;453;2
22658.76;8;345;1
22659.54;20;686;6
22661.89;29;542;7
22663.22;43;300;4
22663.22;37;207;5
22663.51;33;123;11
22664.7;25;429;3
22664.97;12;632;0
22665.75;44;914;9
22668.76;8;345;1
22669.59;20;686;6
22671.1;31;886;2
22672.01;29;542;7
22673.27;43;300;4
22673.27;37;207;5
22673.55;33;123;11
22674.74;25;429;3
22675.01;12;632;0
22676.09;44;914;9
22678.85;7;717;1
22679.27;0;1132;10
22679.68;20;686;6
22681.34;31;886;2
22682.02;29;542;7
22683.38;43;300;4
22683.38;37;207;5
22683.7;33;123;11
22684.97;12;632;0
22684.97;25;429;3
22686.14;44;914;9
22688.77;7;717;1
22689.56;0;1132;10
22689.61;20;686;6
22691.63;31;886;2
22692.56;2;1032;7
22693.47;32;745;5
22693.73;33;123;11
22695.05;27;293;0
22695.05;25;429;3
22696.18;44;914;9
22698.82;7;717;1
22699.61;0;1132;10
22699.72;20;686;6
22701.68;31;886;2
22702.25;2;1032;7
22703.67;32;745;5
22703.71;33;123;11
22705.01;27;293;0
22705.01;25;429;3
22705.98;44;914;9
22708.85;40;536;1
22709.72;0;1132;10
22709.81;20;686;6
22711.75;31;886;2
22713.71;32;745;5
22713.8;33;123;11
22715.09;25;429;3
22715.13;27;293;0
22718.84;40;536;1
22719.7;0;1132;10
22719.77;20;686;6
22720.44;4;506;4
22720.53;26;373;8
22721.79;31;886;2
22723.7;32;745;5
22723.92;6;482;11
22725.17;25;429;3
22725.33;27;293;0
22729.74;0;1132;10
22729.83;20;686;6
22730.42;19;551;1
22730.53;4;506;4
22730.53;26;373;8
22731.88;31;886;2
22733.58;32;745;5
22734;6;482;11
22735.28;25;429;3
22735.39;27;293;0
22739.41;0;1132;10
22739.79;20;686;6
22740.44;19;551;1
22740.57;4;506;4
22740.57;26;373;8
22743.76;32;745;5
22744.08;6;482;11
22745.17;23;448;9
22745.39;27;293;0
22745.39;25;429;3
22745.85;38;265;7
22749.8;15;1072;10
22749.88;16;537;6
22750.48;19;551;1
22750.48;4;506;4
22750.48;26;373;8
22753.8;22;609;5
22754.01;6;482;11
22755.24;23;448;9
22755.37;42;1117;3
22755.44;27;293;0
22755.89;38;265;7
22759.84;15;1072;10
22759.96;16;537;6
22760.59;19;551;1
22760.59;4;506;4
22760.59;26;373;8
22763.72;22;609;5
22764.01;6;482;11
22765.27;23;448;9
22765.44;27;293;0
22765.44;42;1117;3
22765.96;38;265;7
22769.41;39;361;2
22769.88;15;1072;10
22769.99;16;537;6
22770.53;19;551;1
22770.53;11;121;4
22770.63;26;373;8
22773.91;22;609;5
22774.13;6;482;11
22775.13;23;448;9
22775.47;42;1117;3
22775.52;27;293;0
22775.77;38;265;7
22779.27;39;361;2
22779.92;36;148;10
22780.04;16;537;6
22780.63;11;121;4
22780.77;26;373;8
22784;22;609;5
22784.09;6;482;11
22785.27;3;992;9
22785.5;42;1117;3
22785.55;27;293;0
22786.1;38;265;7
22789.39;39;361;2
22789.97;36;148;10
22790.02;16;537;6
22790.68;11;121;4
22790.68;26;373;8
22794;22;609;5
22794.25;9;890;11
22795.32;42;1117;3
22795.32;3;992;9
22795.59;27;293;0
22796.25;38;265;7
22799.5;28;244;2
22799.97;36;148;10
22800.02;5;917;6
22800.86;1;1071;4
22800.86;35;721;8
22804;22;609;5
22804.29;9;890;11
22805.51;42;1117;3
22805.51;3;992;9
22805.64;21;1010;0
22806.25;29;439;7
22809.59;28;244;2
22809.8;36;148;10
22810.06;5;917;6
22810.55;8;237;1
22810.6;35;721;8
22810.91;1;1071;4
22814;22;609;5
22814.24;9;890;11
22815.44;17;750;3
22815.44;3;992;9
22815.91;21;1010;0
22819.98;14;546;10
22820.1;5;917;6
22820.56;8;237;1
22820.95;35;721;8
22820.99;43;139;4
22824.01;22;609;5
22824.37;9;890;11
22825.54;17;750;3
22825.54;24;433;9
22825.95;21;1010;0
22829.91;2;739;7
22830;14;546;10
22830.59;8;237;1
22831;35;721;8
22831.14;43;139;4
22834.06;18;698;5
22834.28;9;890;11
22835.58;17;750;3
22835.58;24;433;9
22836.08;30;3;0
22837.84;41;29;6
22838.31;31;614;2
22839.99;2;739;7
22840.04;14;546;10
22840.63;8;237;1
22840.97;10;1023;8
22841.51;43;139;4
22844.1;18;698;5
22844.39;9;890;11
22845.52;24;433;9
22845.63;17;750;3
22846.27;30;3;0
22847.88;41;29;6
22848.32;31;614;2
22849.95;2;739;7
22850.08;14;546;10
22850.64;7;512;1
22851.14;10;1023;8
22851.52;43;139;4
22854.03;18;698;5
22854.42;13;1082;11
22855.63;17;750;3
22856.45;30;3;0
22857.87;41;29;6
22858.22;31;614;2
22860;2;739;7
22860.72;40;889;1
22861.21;10;1023;8
22861.52;43;139;4
22864.1;18;698;5
22864.39;13;1082;11
22865.65;17;750;3
22866.52;30;3;0
22867.89;41;29;6
22868.36;31;614;2
22869.81;2;739;7
22870.93;40;889;1
22871.2;10;1023;8
22871.52;4;505;4
22874.15;37;918;5
22874.46;13;1082;11
22875.03;44;153;9
22875.65;17;750;3
22876.65;30;3;0
22877.96;41;29;6
22878.37;31;614;2
22880.06;2;739;7
22881.01;40;889;1
22881.22;10;1023;8
22881.55;4;505;4
22884.18;37;918;5
22884.55;13;1082;11
22885.7;17;750;3
22886.7;30;3;0
22888.43;31;614;2
22890.22;2;739;7
22891.09;40;889;1
22891.27;10;1023;8
22891.6;4;505;4
22893.36;16;732;6
22894.22;37;918;5
22894.47;33;1032;11
22895.78;17;750;3
22896.85;30;3;0
22900.25;2;739;7
22901.42;10;1023;8
22904.06;37;918;5
22904.59;33;1032;11
22905.8;17;750;3
22906.98;30;3;0
22910.24;2;739;7
22911.51;10;1023;8
22914.27;37;918;5
22914.27;0;848;10
22914.64;33;1032;11
22915.83;17;750;3
22916.82;30;3;0
22920.27;2;739;7
22921.55;10;1023;8
22924.4;37;918;5
22924.71;33;1032;11
22925.77;34;117;3
22927.13;30;3;0
22927.59;19;1072;1
22929.28;15;572;10
22931.66;10;1023;8
22934.03;23;791;9
22934.44;32;404;5
22934.88;33;1032;11
22935.91;25;249;3
22937.14;30;3;0
22937.7;19;1072;1
22938.2;20;588;6
22939.18;15;572;10
22941.46;10;1023;8
22941.7;11;907;4
22944.07;23;791;9
22944.65;32;404;5
22944.92;33;1032;11
22946.08;25;249;3
22947.2;30;3;0
22947.71;19;1072;1
22948.14;20;588;6
22948.63;39;1015;2
22949.33;15;572;10
22951.72;11;907;4
22952.21;35;829;8
22954.43;23;791;9
22954.6;32;404;5
22954.95;6;884;11
22955.84;25;249;3
22957.21;12;124;0
22958.21;20;588;6
22958.67;39;1015;2
22959.13;38;477;7
22959.35;15;572;10
22961.71;11;907;4
22962.25;35;829;8
22964.42;23;791;9
22964.67;32;404;5
22964.81;6;884;11
22967.25;12;124;0
22968.05;20;588;6
22968.68;39;1015;2
22969.19;38;477;7
22969.38;15;572;10
22971.77;11;907;4
22972.23;35;829;8
22974.68;32;404;5
22974.96;6;884;11
22977.05;12;124;0
22978.22;20;588;6
22978.88;39;1015;2
22979.29;38;477;7
22979.34;15;572;10
22980.1;42;1;3
22981.06;3;1189;9
22981.84;11;907;4
22981.93;35;829;8
22984.72;32;404;5
22984.97;6;884;11
22987.3;12;124;0
22988.27;20;588;6
22988.72;39;1015;2
22989.27;38;477;7
22989.34;15;572;10
22990.02;42;1;3
22990.72;3;1189;9
22991.22;7;156;1
22991.85;11;907;4
22992.3;35;829;8
22994.77;22;390;5
22994.98;6;884;11
22997.37;12;124;0
22998.43;5;749;6
22998.92;28;43;2
22999.05;29;232;7
22999.38;15;572;10
23000.18;42;1;3
23001.13;7;156;1
23001.13;3;1189;9
23001.72;11;907;4
23002.39;26;635;8
23004.89;22;390;5
23004.98;6;884;11
23007.52;12;124;0
23008.07;5;749;6
23008.96;28;43;2
23009.26;29;232;7
23009.34;14;546;10
23010.34;42;1;3
23011.14;7;156;1
23011.14;3;1189;9
23011.88;11;907;4
23012.43;26;635;8
23014.94;22;390;5
23015.03;9;1079;11
23017.55;12;124;0
23018.31;5;749;6
23018.93;31;306;2
23019.34;29;232;7
23019.34;14;546;10
23020.39;42;1;3
23021.02;8;871;1
23021.02;3;1189;9
23021.92;11;907;4
23022.48;26;635;8
23024.97;22;390;5
23025.11;9;1079;11
23027.47;12;124;0
23029.01;31;306;2
23029.39;29;232;7
23029.39;14;546;10
23030.42;17;107;3
23031.26;8;871;1
23031.26;24;94;9
23031.99;43;697;4
23032.59;26;635;8
23035.02;37;153;5
23035.42;9;1079;11
23037.56;12;124;0
23039.15;31;306;2
23039.43;36;201;10
23040.32;17;107;3
23041.34;8;871;1
23041.39;24;94;9
23042.15;1;141;4
23042.65;26;635;8
23044.81;41;188;6
23045.13;37;153;5
23045.5;9;1079;11
23047.51;12;124;0
23049.43;31;306;2
23049.48;36;201;10
23050.46;17;107;3
23051.39;8;871;1
23051.43;24;94;9
23052.29;1;141;4
23052.7;26;635;8
23054.9;41;188;6
23055.28;37;153;5
23055.57;13;956;11
23056.24;2;530;7
23057.6;27;1179;0
23059.52;36;201;10
23060.35;17;107;3
23061.41;40;53;1
23061.54;44;40;9
23062.4;1;141;4
23062.98;26;635;8
23064.92;39;139;2
23065.1;41;188;6
23065.32;18;1036;5
23065.58;13;956;11
23066.34;2;530;7
23067.61;21;586;0
23069.43;0;118;10
23070.48;17;107;3
23071.31;40;53;1
23071.63;44;40;9
23072.47;4;950;4
23074.97;39;139;2
23075.01;41;188;6
23075.48;18;1036;5
23075.67;13;956;11
23076.38;2;530;7
23077.68;21;586;0
23079.56;0;118;10
23080.52;17;107;3
23081.45;40;53;1
23081.99;44;40;9
23082.52;4;950;4
23085.15;16;663;6
23085.52;18;1036;5
23085.65;13;956;11
23087.72;21;586;0
23089.47;0;118;10
23090.49;34;1191;3
23091.95;44;40;9
23092.48;4;950;4
23095.4;16;663;6
23095.4;10;253;8
23095.6;18;1036;5
23097.64;28;71;2
23097.68;38;138;7
23097.86;21;586;0
23100.6;34;1191;3
23101.92;23;167;9
23102.61;4;950;4
23105.28;16;663;6
23105.28;10;253;8
23105.64;18;1036;5
23107.68;28;71;2
23107.73;38;138;7
23110.56;30;927;0
23111.97;23;167;9
23115.48;16;663;6
23115.48;10;253;8
23117.7;28;71;2
23117.9;38;138;7
23118.97;33;848;11
23120.57;30;927;0
23122.01;23;167;9
23125.56;16;663;6
23125.56;10;253;8
23127.74;28;71;2
23127.74;38;138;7
23128.6;19;152;1
23129.01;33;848;11
23130.65;30;927;0
23135.41;16;663;6
23137.89;38;138;7
23137.94;28;71;2
23138.6;19;152;1
23139.03;33;848;11
23139.82;15;472;10
23140.63;30;927;0
23145.58;16;663;6
23145.58;35;1075;8
23148;28;71;2
23148.62;25;584;3
23148.67;7;370;1
23149.15;33;848;11
23149.82;15;472;10
23150.71;30;927;0
23155.6;20;108;6
23155.64;35;1075;8
23156.47;3;117;9
23157.84;28;71;2
23158.64;25;584;3
23158.73;7;370;1
23159.29;33;848;11
23159.9;15;472;10
23163.04;11;491;4
23165.64;20;108;6
23165.69;35;1075;8
23166.48;3;117;9
23168.68;25;584;3
23168.77;7;370;1
23169.38;6;266;11
23169.91;15;472;10
23173.29;11;491;4
23173.29;32;317;5
23175.08;29;448;7
23175.62;20;108;6
23175.69;35;1075;8
23176.55;3;117;9
23178.69;25;584;3
23178.73;31;594;2
23178.78;7;370;1
23179.41;6;266;11
23179.96;15;472;10
23183.22;11;491;4
23183.22;32;317;5
23185.13;29;448;7
23185.56;20;108;6
23185.69;35;1075;8
23186.49;3;117;9
23188.71;17;753;3
23188.79;7;370;1
23188.79;31;594;2
23189.38;6;266;11
23189.82;15;472;10
23193.43;32;317;5
23193.48;11;491;4
23194.92;2;1182;7
23195.69;5;1165;6
23195.69;35;1075;8
23196.12;27;190;0
23196.56;3;117;9
23198.69;17;753;3
23198.79;7;370;1
23198.84;31;594;2
23199.42;6;266;11
23200;14;542;10
23203.5;32;317;5
23205.17;2;1182;7
23205.76;5;1165;6
23205.76;35;1075;8
23206.12;27;190;0
23206.58;3;117;9
23206.83;1;974;4
23208.75;42;907;3
23208.84;8;949;1
23209.34;6;266;11
23209.84;14;542;10
23213.8;37;213;5
23215.26;2;1182;7
23215.71;5;1165;6
23215.71;35;1075;8
23216.16;27;190;0
23216.54;3;117;9
23217.05;1;974;4
23218.83;42;907;3
23219.46;6;266;11
23220.04;14;542;10
23225.91;35;1075;8
23225.97;22;224;5
23226.19;27;190;0
23226.63;3;117;9
23227.05;1;974;4
23228.84;42;907;3
23229.39;6;266;11
23229.88;14;542;10
23236.01;22;224;5
23236.01;26;340;8
23236.17;27;190;0
23236.64;3;117;9
23237.1;1;974;4
23238.3;41;759;6
23238.93;42;907;3
23239.46;6;266;11
23240.04;14;542;10
23246.07;22;224;5
23246.07;26;340;8
23246.21;27;190;0
23246.67;3;117;9
23247.13;43;962;4
23248.47;41;759;6
23249.09;42;907;3
23249.3;6;266;11
23250.06;14;542;10
23253.96;39;814;2
23255.68;40;440;1
23256.16;22;224;5
23256.2;26;340;8
23256.25;27;190;0
23256.68;3;117;9
23257.17;43;962;4
23258.32;41;759;6
23259.47;6;266;11
23263.82;34;1017;3
23263.91;39;814;2
23265.04;29;523;7
23265.74;40;440;1
23266.2;22;224;5
23266.2;26;340;8
23266.29;27;190;0
23266.4;3;117;9
23267.25;43;962;4
23268.12;41;759;6
23269.02;36;43;10
23269.4;6;266;11
23273.9;34;1017;3
23274;39;814;2
23275.76;40;440;1
23276.18;22;224;5
23276.25;27;190;0
23276.36;24;742;9
23277.29;43;962;4
23279.06;36;43;10
23279.48;9;467;11
23284.08;39;814;2
23286;40;440;1
23286.25;27;190;0
23286.25;22;224;5
23286.6;24;742;9
23287.34;43;962;4
23289.11;0;1113;10
23289.53;9;467;11
23294.06;39;814;2
23296.05;40;440;1
23296.33;18;313;5
23296.37;21;1133;0
23296.72;24;742;9
23297.55;43;962;4
23299.55;9;467;11
23299.99;17;804;3
23304.04;28;375;2
23305.04;15;898;10
23306.11;19;229;1
23306.37;21;1133;0
23306.37;18;313;5
23306.76;44;293;9
23307.71;43;962;4
23309.63;9;467;11
23310.04;17;804;3
23314.07;16;127;6
23314.17;28;375;2
23315.09;15;898;10
23316.3;21;1133;0
23316.3;19;229;1
23316.3;18;313;5
23316.8;44;293;9
23317.79;43;962;4
23318.13;10;281;8
23319.7;33;149;11
23320.08;17;804;3
23324.09;16;127;6
23324.14;28;375;2
23325.21;15;898;10
23326.39;19;229;1
23326.45;21;1133;0
23326.45;18;313;5
23326.86;44;293;9
23327.81;43;962;4
23328.17;10;281;8
23329.75;33;149;11
23330.14;17;804;3
23333.52;38;1163;7
23334.14;16;127;6
23334.23;28;375;2
23335.12;15;898;10
23336.48;19;229;1
23336.52;21;1133;0
23336.57;18;313;5
23336.84;44;293;9
23337.81;43;962;4
23338.21;10;281;8
23339.79;33;149;11
23340.17;17;804;3
23343.71;38;1163;7
23344.16;16;127;6
23344.25;28;375;2
23345.26;15;898;10
23346.3;19;229;1
23346.52;21;1133;0
23346.61;32;751;5
23346.92;44;293;9
23347.87;43;962;4
23348.01;10;281;8
23349.81;33;149;11
23350.19;17;804;3
23353.79;38;1163;7
23354.22;16;127;6
23356.52;19;229;1
23356.57;21;1133;0
23356.67;32;751;5
23356.88;44;293;9
23357.68;43;962;4
23358.22;10;281;8
23359.76;33;149;11
23360.14;17;804;3
23363.85;38;1163;7
23364.26;16;127;6
23366.57;7;1099;1
23366.61;21;1133;0
23366.72;32;751;5
23367.09;23;1164;9
23367.87;43;962;4
23368.08;10;281;8
23369.83;33;149;11
23370.22;25;728;3
23373.69;31;79;2
23373.88;38;1163;7
23374.27;16;127;6
23376.58;7;1099;1
23376.67;12;453;0
23376.79;32;751;5
23377.14;23;1164;9
23377.94;4;794;4
23378.26;10;281;8
23379.89;13;733;11
23380.22;25;728;3
23383.51;31;79;2
23383.88;38;1163;7
23384.01;16;127;6
23386.63;7;1099;1
23386.79;12;453;0
23386.79;32;751;5
23387.21;23;1164;9
23388.03;4;794;4
23388.33;10;281;8
23389.97;13;733;11
23390.28;25;728;3
23390.64;36;658;10
23393.77;31;79;2
23393.92;38;1163;7
23394.35;20;764;6
23396.74;7;1099;1
23396.79;12;453;0
23397.26;23;1164;9
23398.22;4;794;4
23398.27;10;281;8
23400;13;733;11
23400.19;25;728;3
23400.68;36;658;10
23403.76;31;79;2
23403.98;38;1163;7
23404.4;5;11;6
23406.79;12;453;0
23406.79;7;1099;1
23407.37;23;1164;9
23408.04;4;794;4
23408.27;35;291;8
23408.6;37;755;5
23410.22;25;728;3
23413.13;0;336;10
23413.98;2;1130;7
23414.44;5;11;6
23416.83;30;829;0
23416.87;8;713;1
23417.45;23;1164;9
23418.27;4;794;4
23418.27;35;291;8
23418.89;37;755;5
23420.16;34;869;3
23423.18;0;336;10
23424.03;2;1130;7
23426.86;30;829;0
23426.95;8;713;1
23427.49;23;1164;9
23428.42;11;683;4
23428.42;35;291;8
23428.88;37;755;5
23433.04;0;336;10
23433.41;41;87;6
23434.03;2;1130;7
23436.93;27;1035;0
23437.07;8;713;1
23437.46;23;1164;9
23438.24;26;933;8
23438.47;1;225;4
23438.94;37;755;5
23439.21;42;450;3
23442.93;39;889;2
23443.21;0;336;10
23443.8;41;87;6
23443.99;2;1130;7
23447;27;1035;0
23447.49;3;1107;9
23448.43;26;933;8
23448.63;1;225;4
23448.95;37;755;5
23449.25;42;450;3
23453.22;15;1193;10
23453.84;41;87;6
23454.12;29;444;7
23457.07;27;1035;0
23458.47;26;933;8
23458.67;1;225;4
23458.98;37;755;5
23459.25;42;450;3
23461.73;24;1007;9
23463.25;15;1193;10
23463.96;41;87;6
23464.2;29;444;7
23467.05;27;1035;0
23467.11;40;1063;1
23468.3;6;606;11
23468.5;26;933;8
23468.68;1;225;4
23469.03;37;755;5
23469.26;42;450;3
23471.81;24;1007;9
23473.3;15;1193;10
23474.06;29;444;7
23477.12;40;1063;1
23478.55;1;225;4
23478.55;26;933;8
23479.17;37;755;5
23479.33;42;450;3
23482.03;24;1007;9
23483.15;15;1193;10
23484.21;29;444;7
23487.18;40;1063;1
23487.59;20;28;6
23488.74;1;225;4
23489.25;37;755;5
23489.43;17;692;3
23492.09;24;1007;9
23493.37;15;1193;10
23494.26;29;444;7
23497.63;20;28;6
23498.47;28;1098;2
23498.76;1;225;4
23498.94;22;116;5
23503.07;15;1193;10
23504.28;29;444;7
23504.37;9;874;11
23505.45;12;130;0
23506.65;7;360;1
23507.32;44;249;9
23508.44;28;1098;2
23508.84;1;225;4
23509.32;22;116;5
23513.43;15;1193;10
23514.32;29;444;7
23514.41;9;874;11
23515.53;12;130;0
23516.95;7;360;1
23517.24;44;249;9
23518.89;1;225;4
23519.22;22;116;5
23520.92;34;135;3
23523.5;15;1193;10
23524.39;29;444;7
23524.39;9;874;11
23525.58;12;130;0
23525.69;5;637;6
23526.86;7;360;1
23527.32;44;249;9
23528.96;4;289;4
23530.78;34;135;3
23533.4;15;1193;10
23534.3;38;329;7
23534.3;9;874;11
23535.63;12;130;0
23535.77;5;637;6
23536.71;7;360;1
23537.3;44;249;9
23538.93;4;289;4
23539.77;32;1000;5
23540.63;10;269;8
23540.93;34;135;3
23543.57;14;698;10
23544.46;9;874;11
23544.51;38;329;7
23545.71;12;130;0
23545.92;16;792;6
23547;19;569;1
23547.36;44;249;9
23549;4;289;4
23549.76;32;1000;5
23550.7;34;135;3
23550.7;10;269;8
23553.66;14;698;10
23554.54;9;874;11
23554.6;2;448;7
23555.82;21;1018;0
23556.14;16;792;6
23557.13;19;569;1
23557.4;44;249;9
23559;4;289;4
23559.81;32;1000;5
23560.82;34;135;3
23560.82;10;269;8
23563.65;14;698;10
23564.59;9;874;11
23564.63;2;448;7
23566.16;21;1018;0
23566.16;16;792;6
23567.1;19;569;1
23567.6;44;249;9
23568.99;4;289;4
23569.72;18;156;5
23570.84;25;365;3
23570.84;10;269;8
23573.73;14;698;10
23574.62;33;1055;11
23574.66;2;448;7
23576.07;21;1018;0
23577.15;19;569;1
23577.59;44;249;9
23579.05;43;83;4
23579.15;41;138;6
23579.88;18;156;5
23580.97;25;365;3
23581.02;35;681;8
23583.94;14;698;10
23584.65;33;1055;11
23584.74;2;448;7
23586.18;21;1018;0
23587.2;19;569;1
23587.54;44;249;9
23589.07;43;83;4
23589.19;41;138;6
23589.86;18;156;5
23591.06;25;365;3
23591.06;35;681;8
23591.31;31;398;2
23593.86;36;119;10
23594.67;33;1055;11
23594.8;2;448;7
23596.22;21;1018;0
23597.32;19;569;1
23597.58;44;249;9
23599.18;43;83;4
23599.23;41;138;6
23600.04;18;156;5
23601.1;25;365;3
23601.15;35;681;8
23601.66;31;398;2
23604.65;33;1055;11
23604.82;2;448;7
23606.34;30;244;0
23607.23;19;569;1
23607.46;23;1097;9
23609.22;43;83;4
23609.31;41;138;6
23610.37;18;156;5
23611.15;35;681;8
23611.98;31;398;2
23614.74;33;1055;11
23614.85;2;448;7
23615.14;0;283;10
23616.38;30;244;0
23617.41;19;569;1
23617.46;23;1097;9
23619.26;43;83;4
23620.4;18;156;5
23621.2;35;681;8
23622.08;31;398;2
23623.64;20;216;6
23624.82;13;564;11
23624.94;2;448;7
23625.19;0;283;10
23625.96;42;129;3
23626.39;30;244;0
23627.45;19;569;1
23627.49;23;1097;9
23629.32;43;83;4
23630.07;18;156;5
23631.27;35;681;8
23632.31;31;398;2
23633.69;20;216;6
23634.9;13;564;11
23634.99;2;448;7
23635.21;0;283;10
23635.88;42;129;3
23636.41;30;244;0
23637.32;19;569;1
23637.65;3;764;9
23639.36;11;185;4
23640.21;37;127;5
23641.01;35;681;8
23644.12;20;216;6
23644.83;13;564;11
23645.07;39;239;2
23645.12;2;448;7
23645.25;0;283;10
23646.12;42;129;3
23646.33;30;244;0
23647.45;8;103;1
23647.71;3;764;9
23649.38;11;185;4
23650.29;37;127;5
23651.33;35;681;8
23654.35;20;216;6
23654.93;13;564;11
23655.12;39;239;2
23655.16;38;980;7
23655.42;0;283;10
23656.09;42;129;3
23656.16;30;244;0
23657.5;40;1058;1
23657.72;3;764;9
23659.45;11;185;4
23660.44;37;127;5
23661.38;35;681;8
23664.37;20;216;6
23664.98;6;1143;11
23665.02;39;239;2
23665.31;38;980;7
23665.5;0;283;10
23666.16;17;873;3
23666.25;30;244;0
23667.46;40;1058;1
23667.66;3;764;9
23669.5;11;185;4
23670.44;37;127;5
23671.42;26;480;8
23674.41;20;216;6
23675.01;6;1143;11
23675.16;28;399;2
23675.35;38;980;7
23675.57;0;283;10
23676.2;17;873;3
23676.38;27;89;0
23677.55;40;1058;1
23677.71;3;764;9
23679.55;11;185;4
23680.35;37;127;5
23681.62;26;480;8
23684.39;20;216;6
23685.05;6;1143;11
23685.31;28;399;2
23685.4;29;1185;7
23685.63;0;283;10
23686.02;17;873;3
23686.39;27;89;0
23687.56;40;1058;1
23687.78;24;585;9
23689.59;11;185;4
23690.48;37;127;5
23691.69;26;480;8
23694.46;5;114;6
23695.22;6;1143;11
23695.31;28;399;2
23695.35;29;1185;7
23695.44;0;283;10
23696.25;17;873;3
23696.46;27;89;0
23697.59;40;1058;1
23698.16;24;585;9
23700.49;22;184;5
23701.55;26;480;8
23704.53;5;114;6
23705.36;28;399;2
23705.4;29;1185;7
23705.58;14;1072;10
23706.36;17;873;3
23706.46;27;89;0
23708.34;24;585;9
23710.6;1;334;4
23711.73;26;480;8
23714.59;5;114;6
23714.91;9;1150;11
23715.4;28;399;2
23715.4;29;1185;7
23715.49;14;1072;10
23716.31;34;202;3
23716.5;12;1096;0
23717.1;32;590;5
23718.68;7;1108;1
23720.62;1;334;4
23721.77;26;480;8
23724.46;5;114;6
23724.86;9;1150;11
23725.42;28;399;2
23725.42;29;1185;7
23725.68;15;165;10
23726.61;12;1096;0
23727.09;32;590;5
23728.69;7;1108;1
23730.67;1;334;4
23731.75;26;480;8
23734.61;5;114;6
23734.98;9;1150;11
23735.47;29;1185;7
23735.84;15;165;10
23736.66;12;1096;0
23737.12;32;590;5
23738.74;7;1108;1
23741.79;26;480;8
23743.98;43;990;4
23744.56;5;114;6
23745.02;9;1150;11
23746.23;36;989;10
23746.76;12;1096;0
23747.16;32;590;5
23748.86;7;1108;1
23751.81;10;167;8
23754.02;43;990;4
23754.7;5;114;6
23755.06;33;646;11
23756.34;36;989;10
23756.78;12;1096;0
23757.13;32;590;5
23760.82;39;497;2
23761.64;10;167;8
23762.45;44;770;9
23764.1;4;1028;4
23764.72;5;114;6
23765.06;33;646;11
23765.2;2;1071;7
23766.49;36;989;10
23766.85;21;311;0
23770.74;39;497;2
23771.83;10;167;8
23771.92;25;250;3
23772.39;8;469;1
23772.44;44;770;9
23774.01;4;1028;4
23774.77;41;363;6
23775.08;33;646;11
23775.34;2;1071;7
23776.53;36;989;10
23776.86;21;311;0
23780.79;39;497;2
23781.87;10;167;8
23781.96;25;250;3
23783.63;23;270;9
23784.16;4;1028;4
23784.82;41;363;6
23785.09;33;646;11
23786.58;36;989;10
23786.9;21;311;0
23788.84;18;943;5
23790.8;39;497;2
23791.89;10;167;8
23791.98;25;250;3
23793.67;23;270;9
23793.9;4;1028;4
23794.72;41;363;6
23795.11;33;646;11
23796.52;36;989;10
23796.94;21;311;0
23797.9;38;116;7
23798.87;18;943;5
23799.26;19;982;1
23800.82;31;1015;2
23801.92;10;167;8
23802.05;25;250;3
23803.63;23;270;9
23804.21;4;1028;4
23804.86;41;363;6
23805.12;33;646;11
23806.61;36;989;10
23807.01;21;311;0
23807.96;38;116;7
23808.81;18;943;5
23809.34;19;982;1
23810.81;31;1015;2
23811.99;10;167;8
23813.67;23;270;9
23814.88;41;363;6
23815.14;33;646;11
23816.66;36;989;10
23817.26;30;201;0
23817.96;38;116;7
23818.94;18;943;5
23822.07;10;167;8
23822.34;11;154;4
23823.81;23;270;9
23824.97;41;363;6
23825.11;33;646;11
23826.77;36;989;10
23827.3;30;201;0
23828;38;116;7
23828.9;18;943;5
23831.19;42;854;3
23832.17;10;167;8
23832.38;11;154;4
23833.69;23;270;9
23835.04;41;363;6
23835.64;13;158;11
23836.65;36;989;10
23838.97;18;943;5
23841.26;42;854;3
23842.22;35;868;8
23842.35;11;154;4
23843.4;40;1118;1
23843.8;23;270;9
23844.91;41;363;6
23845.72;13;158;11
23846.85;0;871;10
23849.04;22;421;5
23851.35;17;1182;3
23852.24;35;868;8
23852.44;11;154;4
23853.49;40;1118;1
23853.66;23;270;9
23854.73;41;363;6
23856.85;0;871;10
23858.99;27;271;0
23861.65;17;1182;3
23862.28;11;154;4
23862.28;35;868;8
23863.49;40;1118;1
23863.81;23;270;9
23863.86;6;86;11
23865.13;41;363;6
23866.35;39;608;2
23866.91;0;871;10
23869.07;27;271;0
23871.72;17;1182;3
23872.47;11;154;4
23873.54;40;1118;1
23873.62;23;270;9
23874.08;6;86;11
23875.03;41;363;6
23876.19;2;472;7
23876.33;39;608;2
23877.02;0;871;10
23878.14;37;615;5
23879.1;27;271;0
23881.77;34;1134;3
23882.5;11;154;4
23883.37;40;1118;1
23883.69;23;270;9
23884.07;6;86;11
23885.35;16;1066;6
23886.26;39;608;2
23886.26;2;472;7
23886.86;15;909;10
23888.28;37;615;5
23889.14;27;271;0
23891.82;34;1134;3
23892.29;11;154;4
23892.81;26;704;8
23893.58;40;1118;1
23893.81;3;924;9
23894.16;6;86;11
23895.4;16;1066;6
23896.35;2;472;7
23897.07;15;909;10
23898.48;37;615;5
23899.06;27;271;0
23902;34;1134;3
23902.51;43;899;4
23902.81;26;704;8
23903.69;28;893;2
23904.29;6;86;11
23905.47;20;786;6
23906.36;2;472;7
23908.18;14;861;10
23908.53;37;615;5
23909.2;27;271;0
23910.78;24;33;9
23912.07;34;1134;3
23912.55;43;899;4
23912.77;26;704;8
23913.84;31;306;2
23915.51;20;786;6
23916.38;2;472;7
23918.24;14;861;10
23918.53;37;615;5
23919.23;27;271;0
23920.86;24;33;9
23922.24;34;1134;3
23922.62;43;899;4
23922.86;26;704;8
23925.59;20;786;6
23925.63;7;1071;1
23926.45;29;1200;7
23928.23;14;861;10
23928.57;37;615;5
23929.23;27;271;0
23930.9;24;33;9
23932.68;43;899;4
23932.9;26;704;8
23935.11;13;951;11
23935.49;20;786;6
23935.63;7;1071;1
23936.39;29;1200;7
23938.31;14;861;10
23939.12;12;129;0
23940.98;24;33;9
23942.74;1;335;4
23943.45;22;1009;5
23945.03;13;951;11
23945.62;20;786;6
23945.66;7;1071;1
23946.31;29;1200;7
23948.34;14;861;10
23949.27;12;129;0
23951.04;24;33;9
23951.39;25;0;3
23952.75;1;335;4
23953.57;22;1009;5
23955.29;13;951;11
23955.66;7;1071;1
23955.66;20;786;6
23956.49;38;1015;7
23958.39;14;861;10
23959.28;12;129;0
23961.27;44;73;9
23962.83;1;335;4
23963.59;22;1009;5
23965.26;13;951;11
23965.71;20;786;6
23966.61;38;1015;7
23968.62;14;861;10
23969.31;12;129;0
23970.89;17;104;3
23971.43;44;73;9
23971.72;40;1168;1
23973.17;1;335;4
23973.68;32;952;5
23975.26;9;1088;11
23975.75;5;1064;6
23976.63;38;1015;7
23978.77;14;861;10
23979.36;30;236;0
23980.94;17;104;3
23981.52;44;73;9
23981.76;40;1168;1
23983.25;1;335;4
23983.72;32;952;5
23984.65;39;15;2
23985.35;9;1088;11
23985.84;5;1064;6
23986.69;38;1015;7
23988.85;14;861;10
23989.36;30;236;0
23990.98;17;104;3
23991.56;44;73;9
23991.82;8;1146;1
23993.51;1;335;4
23993.96;32;952;5
23995.41;9;1088;11
23995.89;5;1064;6
23996.73;38;1015;7
23998.18;35;1061;8
23998.89;14;861;10
23999.36;30;236;0
24000.96;17;104;3
24001.22;3;815;9
24001.85;8;1146;1
24003.28;1;335;4
24004;32;952;5
24005.48;9;1088;11
24005.93;5;1064;6
24006.86;38;1015;7
24008.18;35;1061;8
24008.88;14;861;10
24009.37;30;236;0
24009.46;31;881;2
24011.02;42;79;3
24011.6;3;815;9
24011.94;8;1146;1
24013.41;4;84;4
24014.03;32;952;5
24015.49;9;1088;11
24015.94;41;746;6
24016.85;38;1015;7
24018.19;35;1061;8
24018.81;36;757;10
24019.38;30;236;0
24021.15;42;79;3
24021.65;3;815;9
24022.14;8;1146;1
24023.68;4;84;4
24024.07;18;770;5
24025.47;33;1167;11
24026.1;41;746;6
24026.86;38;1015;7
24028.82;36;757;10
24028.94;10;423;8
24029.43;21;230;0
24031.23;42;79;3
24031.8;3;815;9
24032.19;8;1146;1
24033.7;4;84;4
24034.15;18;770;5
24035.54;33;1167;11
24036.15;41;746;6
24038.94;36;757;10
24038.98;10;423;8
24039.46;21;230;0
24041.28;42;79;3
24041.83;3;815;9
24042.26;8;1146;1
24043.79;4;84;4
24044.19;18;770;5
24045.54;33;1167;11
24046.08;41;746;6
24048.98;36;757;10
24049.5;21;230;0
24051.37;42;79;3
24051.68;2;249;7
24051.87;3;815;9
24053.77;4;84;4
24054.06;18;770;5
24054.63;26;246;8
24055.53;33;1167;11
24056.23;41;746;6
24059.06;36;757;10
24059.43;21;230;0
24061.73;2;249;7
24061.97;23;418;9
24063.84;4;84;4
24064.2;18;770;5
24064.7;26;246;8
24065.52;19;260;1
24065.61;33;1167;11
24066.31;41;746;6
24069.1;36;757;10
24069.55;21;230;0
24071.77;2;249;7
24072.11;23;418;9
24074;18;770;5
24074.81;26;246;8
24075.6;19;260;1
24075.6;33;1167;11
24076.17;16;810;6
24079.02;0;92;10
24079.4;21;230;0
24081.69;2;249;7
24082.14;23;418;9
24083.5;34;835;3
24084.25;18;770;5
24084.86;26;246;8
24085.7;33;1167;11
24085.74;19;260;1
24086.39;16;810;6
24089.11;0;92;10
24089.72;21;230;0
24090.57;28;630;2
24091.86;2;249;7
24092.15;23;418;9
24093.57;34;835;3
24094.29;22;177;5
24094.56;11;435;4
24094.91;26;246;8
24095.72;6;440;11
24095.81;19;260;1
24096.41;16;810;6
24099.14;0;92;10
24099.5;27;419;0
24100.73;28;630;2
24101.83;2;249;7
24102.23;23;418;9
24103.56;34;835;3
24104.27;22;177;5
24104.57;11;435;4
24105.81;19;260;1
24106.44;16;810;6
24109.22;15;144;10
24109.53;27;419;0
24110.73;28;630;2
24111.9;29;927;7
24112.53;23;418;9
24113.61;34;835;3
24114.31;22;177;5
24114.35;9;584;11
24114.48;11;435;4
24115.85;19;260;1
24116.49;16;810;6
24119.26;15;144;10
24119.7;27;419;0
24121.79;29;927;7
24123.64;34;835;3
24124.36;22;177;5
24124.45;9;584;11
24124.61;11;435;4
24125.95;40;998;1
24126.53;16;810;6
24129.31;15;144;10
24129.76;27;419;0
24130.43;39;469;2
24131.95;29;927;7
24132.15;44;406;9
24133.49;34;835;3
24134.39;22;177;5
24134.49;13;227;11
24134.65;11;435;4
24135.84;40;998;1
24136.57;16;810;6
24139.32;15;144;10
24139.66;27;419;0
24142;29;927;7
24142.15;44;406;9
24143.59;34;835;3
24144.46;22;177;5
24144.5;13;227;11
24144.69;43;209;4
24146.02;40;998;1
24146.61;5;993;6
24149.34;15;144;10
24149.39;31;162;2
24149.69;27;419;0
24151.92;29;927;7
24152.08;44;406;9
24153.67;34;835;3
24154.52;37;220;5
24154.56;13;227;11
24154.74;43;209;4
24156.06;40;998;1
24156.41;5;993;6
24159.42;31;162;2
24159.8;12;907;0
24161.96;29;927;7
24162.13;44;406;9
24162.2;10;129;8
24163.71;34;835;3
24164.59;37;220;5
24164.65;13;227;11
24164.75;43;209;4
24166.29;7;954;1
24166.67;5;993;6
24169.85;12;907;0
24172;38;586;7
24172.05;44;406;9
24172.24;10;129;8
24173.71;25;139;3
24174.75;13;227;11
24174.8;43;209;4
24176.34;7;954;1
24176.63;20;970;6
24177.46;14;1013;10
24180.19;12;907;0
24182.01;38;586;7
24182.24;10;129;8
24182.24;44;406;9
24183.55;25;139;3
24184.83;13;227;11
24184.88;43;209;4
24186.27;7;954;1
24186.69;20;970;6
24187.58;14;1013;10
24192.07;38;586;7
24192.36;35;878;8
24192.36;44;406;9
24193.73;25;139;3
24195.02;43;209;4
24195.02;32;624;5
24196.26;7;954;1
24196.77;20;970;6
24197.48;14;1013;10
24202.23;38;586;7
24202.37;44;406;9
24202.41;35;878;8
24203.77;25;139;3
24205.02;43;209;4
24205.07;32;624;5
24206.34;7;954;1
24206.81;20;970;6
24207.62;14;1013;10
24211.36;30;714;0
24212.27;38;586;7
24212.39;44;406;9
24212.43;35;878;8
24213.81;42;431;3
24215.03;1;1000;4
24215.07;32;624;5
24216.35;7;954;1
24216.86;20;970;6
24217.62;36;697;10
24221.44;30;714;0
24222.52;35;878;8
24223.86;17;91;3
24224.62;24;847;9
24225.07;1;1000;4
24225.07;32;624;5
24226.27;7;954;1
24226.94;20;970;6
24227.67;36;697;10
24231.45;30;714;0
24232.54;35;878;8
24234.1;17;91;3
24234.52;24;847;9
24235.1;32;624;5
24235.14;4;577;4
24236.44;7;954;1
24237.02;20;970;6
24237.67;36;697;10
24241.42;30;714;0
24242.61;35;878;8
24244.11;17;91;3
24244.71;24;847;9
24245.13;18;339;5
24245.31;4;577;4
24247.11;20;970;6
24247.71;36;697;10
24249.46;19;1116;1
24252.72;26;1033;8
24253.17;39;1147;2
24254.16;17;91;3
24254.59;24;847;9
24255.17;18;339;5
24255.39;4;577;4
24256.66;33;509;11
24257.16;20;970;6
24257.72;0;1105;10
24259.5;19;1116;1
24260.88;2;768;7
24262.8;26;1033;8
24263.2;28;858;2
24263.97;17;91;3
24264.76;24;847;9
24265.18;18;339;5
24265.43;4;577;4
24266.76;33;509;11
24267.14;16;525;6
24267.76;0;1105;10
24269.63;19;1116;1
24270.96;2;768;7
24272.84;26;1033;8
24273.2;28;858;2
24274.19;17;91;3
24274.8;24;847;9
24275.15;18;339;5
24275.23;4;577;4
24276.6;33;509;11
24277.19;16;525;6
24277.77;0;1105;10
24279.09;27;426;0
24279.71;19;1116;1
24282.86;26;1033;8
24283;31;25;2
24284.23;17;91;3
24284.82;3;604;9
24285.18;18;339;5
24285.49;4;577;4
24286.61;6;1132;11
24287.16;16;525;6
24287.81;0;1105;10
24289.1;27;426;0
24289.8;19;1116;1
24292.94;26;1033;8
24294.32;17;91;3
24294.87;23;97;9
24295.27;18;339;5
24295.45;11;562;4
24296.8;6;1132;11
24297.23;16;525;6
24297.65;0;1105;10
24298.96;27;426;0
24299.62;8;184;1
24302.74;29;950;7
24302.98;26;1033;8
24304.27;17;91;3
24304.94;23;97;9
24305.32;11;562;4
24305.32;18;339;5
24306.89;6;1132;11
24307.27;41;1096;6
24307.83;15;408;10
24309.15;27;426;0
24309.49;8;184;1
24312.58;29;950;7
24313.07;26;1033;8
24314.32;17;91;3
24314.86;23;97;9
24315.28;11;562;4
24315.53;22;787;5
24316.93;6;1132;11
24317.31;41;1096;6
24317.9;15;408;10
24319.15;27;426;0
24322.78;29;950;7
24324.91;40;582;1
24324.96;23;97;9
24325.42;11;562;4
24325.58;42;889;3
24325.62;22;787;5
24327.07;6;1132;11
24327.36;41;1096;6
24327.94;15;408;10
24329.16;27;426;0
24332.79;29;950;7
24334.86;40;582;1
24334.96;23;97;9
24335.55;11;562;4
24335.64;42;889;3
24335.64;22;787;5
24336.82;6;1132;11
24337.37;41;1096;6
24337.96;14;1018;10
24339.22;21;321;0
24342.84;29;950;7
24344.96;40;582;1
24345;23;97;9
24345.58;1;758;4
24345.79;42;889;3
24345.79;22;787;5
24347.09;6;1132;11
24347.44;41;1096;6
24347.99;14;1018;10
24349.26;21;321;0
24352.76;29;950;7
24354.64;39;818;2
24354.69;40;582;1
24355.16;23;97;9
24355.6;1;758;4
24355.69;22;787;5
24355.83;34;439;3
24357.13;6;1132;11
24357.69;41;1096;6
24358;14;1018;10
24359.27;21;321;0
24362.77;29;950;7
24365.02;40;582;1
24365.11;23;97;9
24365.64;1;758;4
24365.83;34;439;3
24365.83;37;992;5
24367.11;9;1167;11
24367.69;28;743;2
24367.73;41;1096;6
24368.04;14;1018;10
24369.33;21;321;0
24371.8;10;245;8
24372.8;29;950;7
24375.04;40;582;1
24375.21;44;129;9
24375.53;1;758;4
24375.89;34;439;3
24375.89;37;992;5
24377.18;9;1167;11
24377.76;28;743;2
24377.84;5;953;6
24378.13;14;1018;10
24379.57;21;321;0
24381.77;10;245;8
24382.81;2;974;7
24385.25;44;129;9
24385.53;1;758;4
24386.1;34;439;3
24386.1;37;992;5
24387.22;13;1019;11
24388.1;5;953;6
24388.26;14;1018;10
24389.55;21;321;0
24391.86;10;245;8
24392.78;2;974;7
24395.69;43;1025;4
24395.97;37;992;5
24396.31;34;439;3
24397.51;13;1019;11
24398;5;953;6
24398.22;0;463;10
24399.69;30;330;0
24402.04;10;245;8
24402.92;2;974;7
24405.77;43;1025;4
24406.34;34;439;3
24407.69;13;1019;11
24408.22;5;953;6
24408.22;0;463;10
24409.76;12;1060;0
24411.03;32;139;5
24412.08;10;245;8
24412.94;2;974;7
24415.8;43;1025;4
24416.34;34;439;3
24417.74;13;1019;11
24418.27;5;953;6
24419.28;15;980;10
24419.8;12;1060;0
24421.11;32;139;5
24422.1;35;461;8
24422.95;2;974;7
24425.81;43;1025;4
24426.35;34;439;3
24427.74;13;1019;11
24428.32;5;953;6
24429.36;15;980;10
24429.63;12;1060;0
24431.16;32;139;5
24432.14;35;461;8
24432.19;19;878;1
24432.93;3;327;9
24433.02;38;514;7
24435.81;4;82;4
24436.38;25;1072;3
24438.33;5;953;6
24439.32;15;980;10
24440;12;1060;0
24441.24;32;139;5
24442.04;35;461;8
24442.8;3;327;9
24443.09;38;514;7
24445.81;4;82;4
24446.36;39;918;2
24446.45;25;1072;3
24446.5;8;420;1
24448.38;5;953;6
24448.64;33;735;11
24449.4;36;294;10
24451.32;32;139;5
24452.17;35;461;8
24452.95;3;327;9
24453.21;38;514;7
24455.88;4;82;4
24456.5;25;1072;3
24456.54;8;420;1
24458.43;20;70;6
24458.58;33;735;11
24459.45;36;294;10
24461.92;35;461;8
24463.01;24;811;9
24463.27;38;514;7
24465.72;31;773;2
24465.97;4;82;4
24466.45;25;1072;3
24466.54;8;420;1
24468.55;20;70;6
24468.76;33;735;11
24469.43;36;294;10
24472.06;35;461;8
24473.05;24;811;9
24473.25;38;514;7
24475.76;31;773;2
24476.04;4;82;4
24476.38;17;737;3
24476.54;8;420;1
24478.59;22;147;5
24478.59;20;70;6
24479.01;33;735;11
24479.55;36;294;10
24482.15;35;461;8
24483.1;24;811;9
24483.34;29;698;7
24484.9;27;1197;0
24485.81;31;773;2
24486.06;11;566;4
24486.55;7;306;1
24488.62;22;147;5
24488.62;20;70;6
24489.06;33;735;11
24492.21;26;251;8
24493.09;24;811;9
24493.36;29;698;7
24494.94;27;1197;0
24495.83;31;773;2
24496.12;11;566;4
24496.63;7;306;1
24498.65;22;147;5
24498.65;16;702;6
24499.1;33;735;11
24502.29;26;251;8
24503.42;29;698;7
24504.88;27;1197;0
24505.88;31;773;2
24506.17;11;566;4
24508.65;16;702;6
24508.7;22;147;5
24509.15;33;735;11
24512.3;26;251;8
24513.48;29;698;7
24514.93;27;1197;0
24515.87;31;773;2
24518.44;42;512;3
24518.7;16;702;6
24518.78;22;147;5
24519.05;33;735;11
24522.34;26;251;8
24523.42;29;698;7
24524.95;27;1197;0
24525.9;31;773;2
24525.95;44;783;9
24528.46;42;512;3
24528.75;16;702;6
24528.84;22;147;5
24529.17;33;735;11
24532.26;26;251;8
24534.98;27;1197;0
24535.99;28;237;2
24535.99;44;783;9
24537.55;1;1130;4
24538.45;42;512;3
24538.78;16;702;6
24538.82;18;273;5
24539.22;33;735;11
24542.35;26;251;8
24544.93;19;466;1
24545.06;12;235;0
24545.96;28;237;2
24546.03;23;102;9
24547.58;1;1130;4
24548.5;42;512;3
24548.86;16;702;6
24548.91;18;273;5
24549.26;33;735;11
24553.91;15;469;10
24555.84;2;496;7
24556.03;28;237;2
24556.08;23;102;9
24557.59;1;1130;4
24558.52;42;512;3
24558.9;16;702;6
24559.03;18;273;5
24559.33;33;735;11
24560;40;231;1
24562.24;21;453;0
24566.08;28;237;2
24566.08;23;102;9
24567.66;1;1130;4
24568.28;42;512;3
24568.77;41;771;6
24569.08;37;78;5
24569.44;33;735;11
24570.06;40;231;1
24572.21;21;453;0
24572.48;10;46;8
24576.07;28;237;2
24576.13;23;102;9
24577.69;43;307;4
24577.73;14;355;10
24578.58;42;512;3
24578.93;41;771;6
24579.11;37;78;5
24579.5;6;744;11
24580.08;40;231;1
24582.25;21;453;0
24582.48;10;46;8
24586.13;39;349;2
24586.17;23;102;9
24587.71;43;307;4
24588.61;42;512;3
24588.98;32;206;5
24588.98;41;771;6
24589.75;6;744;11
24589.92;40;231;1
24592.25;21;453;0
24592.34;0;191;10
24592.55;10;46;8
24596.17;39;349;2
24596.51;23;102;9
24597.79;43;307;4
24598.33;42;512;3
24599.13;41;771;6
24599.17;32;206;5
24599.8;6;744;11
24600.09;40;231;1
24602.3;21;453;0
24602.53;0;191;10
24602.62;35;406;8
24606.2;39;349;2
24606.56;3;321;9
24607.9;43;307;4
24608.66;42;512;3
24609.24;32;206;5
24609.88;6;744;11
24610.13;40;231;1
24610.95;38;233;7
24612.42;0;191;10
24612.67;35;406;8
24613.04;30;494;0
24616.21;39;349;2
24616.61;3;321;9
24616.98;5;843;6
24617.88;43;307;4
24618.7;34;371;3
24619.3;32;206;5
24620.25;40;231;1
24620.98;38;233;7
24622.58;0;191;10
24622.67;35;406;8
24623.09;30;494;0
24626.3;39;349;2
24626.73;3;321;9
24627.2;5;843;6
24627.99;4;117;4
24628.79;17;438;3
24629.38;32;206;5
24630.28;40;231;1
24631.05;38;233;7
24632.6;0;191;10
24633.16;30;494;0
24636.35;39;349;2
24637.17;5;843;6
24638.1;4;117;4
24638.81;17;438;3
24639.44;32;206;5
24639.55;13;0;11
24640.31;40;231;1
24641.07;38;233;7
24642.6;0;191;10
24643.18;30;494;0
24646.4;39;349;2
24647.24;5;843;6
24648.19;4;117;4
24648.85;17;438;3
24649.45;32;206;5
24649.55;13;0;11
24650.33;7;806;1
24651.34;44;464;9
24652.6;0;191;10
24653.15;30;494;0
24657.19;5;843;6
24657.67;29;620;7
24658.89;17;438;3
24659.6;13;0;11
24660.41;7;806;1
24660.85;11;687;4
24661.28;44;464;9
24662.66;36;122;10
24662.96;30;494;0
24667.29;5;843;6
24667.85;29;620;7
24668.85;17;438;3
24669.67;13;0;11
24670.47;8;574;1
24670.6;18;58;5
24670.81;11;687;4
24671.39;44;464;9
24672.72;36;122;10
24674.85;31;1167;2
24677.31;5;843;6
24677.94;29;620;7
24678.91;17;438;3
24679.54;12;639;0
24679.91;13;0;11
24680.4;8;574;1
24680.51;18;58;5
24680.89;11;687;4
24681.11;44;464;9
24682.77;36;122;10
24684.9;31;1167;2
24685.34;26;654;8
24687.38;20;686;6
24688.01;29;620;7
24688.96;25;602;3
24690;9;1108;11
24690.52;19;785;1
24690.68;18;58;5
24690.77;11;687;4
24691.43;44;464;9
24692.85;36;122;10
24694.65;31;1167;2
24697.35;20;686;6
24698.79;25;602;3
24700.14;9;1108;11
24700.47;19;785;1
24700.69;18;58;5
24700.98;1;583;4
24701.47;44;464;9
24704.67;27;269;0
24704.76;31;1167;2
24707.36;20;686;6
24709;25;602;3
24710.05;9;1108;11
24710.53;19;785;1
24710.71;18;58;5
24711.12;1;583;4
24711.42;24;121;9
24714.3;15;962;10
24714.76;27;269;0
24714.94;31;1167;2
24717.43;20;686;6
24718.93;25;602;3
24720.22;9;1108;11
24720.56;19;785;1
24720.65;22;378;5
24721.27;1;583;4
24721.56;24;121;9
24724.35;15;962;10
24724.92;27;269;0
24725.17;28;728;2
24727.58;20;686;6
24729.05;25;602;3
24730.41;9;1108;11
24730.6;19;785;1
24731.26;1;583;4
24731.47;24;121;9
24732.73;38;879;7
24734.35;15;962;10
24735.21;28;728;2
24737.64;20;686;6
24738.81;25;602;3
24740.52;9;1108;11
24741.39;1;583;4
24741.57;24;121;9
24742.78;38;879;7
24744.27;37;15;5
24745.11;28;728;2
24747.41;14;337;10
24747.68;10;778;8
24748.31;16;203;6
24749.08;25;602;3
24752.86;38;879;7
24755.35;28;728;2
24757.45;14;337;10
24757.73;10;778;8
24758.36;41;727;6
24758.74;43;29;4
24759.12;25;602;3
24761.57;33;1155;11
24762.45;23;543;9
24763.03;38;879;7
24765.41;28;728;2
24767.74;10;778;8
24768.37;41;727;6
24768.9;43;29;4
24768.99;0;1010;10
24769.13;25;602;3
24771.74;33;1155;11
24772.5;23;543;9
24773.27;38;879;7
24775.49;28;728;2
24777.79;10;778;8
24778.38;41;727;6
24778.92;43;29;4
24779.1;0;1010;10
24779.2;34;1154;3
24781.77;33;1155;11
24782.5;23;543;9
24783.32;38;879;7
24785.54;28;728;2
24787.84;10;778;8
24788.47;41;727;6
24788.93;43;29;4
24788.98;0;1010;10
24789.22;30;1150;0
24789.26;34;1154;3
24791.82;33;1155;11
24792.47;23;543;9
24793.42;2;230;7
24795.56;28;728;2
24797.89;35;678;8
24797.98;8;115;1
24798.47;41;727;6
24799;43;29;4
24799.14;0;1010;10
24799.23;30;1150;0
24799.42;34;1154;3
24801.85;33;1155;11
24802.52;23;543;9
24805.62;28;728;2
24807.93;35;678;8
24808.53;41;727;6
24809.01;43;29;4
24809.15;0;1010;10
24809.24;30;1150;0
24810.28;42;963;3
24811.88;33;1155;11
24812.55;23;543;9
24815.64;39;763;2
24816.45;32;7;5
24817.64;35;678;8
24818.54;41;727;6
24819.07;43;29;4
24819.12;0;1010;10
24819.24;30;1150;0
24820.44;42;963;3
24821.94;33;1155;11
24822.47;23;543;9
24825.67;39;763;2
24826.55;32;7;5
24828.01;35;678;8
24828.36;40;839;1
24828.51;41;727;6
24829.1;43;29;4
24829.23;30;1150;0
24830.31;36;89;10
24830.58;42;963;3
24832.12;33;1155;11
24832.3;23;543;9
24835.64;39;763;2
24836.52;32;7;5
24838.54;7;338;1
24838.54;41;727;6
24839.06;43;29;4
24839.28;21;536;0
24840.35;36;89;10
24842.14;6;91;11
24842.41;23;543;9
24845.64;39;763;2
24846.59;32;7;5
24848.56;7;338;1
24848.6;41;727;6
24848.8;43;29;4
24849.38;21;536;0
24850.52;36;89;10
24852.19;6;91;11
24852.52;23;543;9
24855.6;39;763;2
24856.64;32;7;5
24859.14;4;1148;4
24859.39;21;536;0
24860.56;36;89;10
24861.2;29;906;7
24862.29;6;91;11
24862.59;44;1032;9
24863.93;17;782;3
24865.68;31;817;2
24869.22;4;1148;4
24869.31;21;536;0
24870.52;36;89;10
24871.27;29;906;7
24872.44;26;137;8
24872.6;44;1032;9
24873.77;17;782;3
24875.69;31;817;2
24877.99;22;4;5
24879.22;4;1148;4
24879.38;21;536;0
24880.47;36;89;10
24881.34;29;906;7
24881.56;20;765;6
24882.49;26;137;8
24882.49;3;159;9
24884.05;17;782;3
24885.69;31;817;2
24887.14;19;1075;1
24888.03;18;950;5
24889.24;11;336;4
24889.44;21;536;0
24890.57;15;1162;10
24891.65;20;765;6
24892.66;3;159;9
24893.98;25;1052;3
24895.7;31;817;2
24897.2;19;1075;1
24898.07;18;950;5
24898.18;13;1043;11
24899.28;11;336;4
24899.4;21;536;0
24900.46;15;1162;10
24901.62;20;765;6
24902.72;3;159;9
24904.09;25;1052;3
24905.64;31;817;2
24907.17;19;1075;1
24908.17;18;950;5
24908.32;13;1043;11
24909.33;11;336;4
24909.46;21;536;0
24910.58;15;1162;10
24911.67;20;765;6
24912.77;24;326;9
24914.09;25;1052;3
24917.29;19;1075;1
24918.05;18;950;5
24918.39;13;1043;11
24919.19;11;336;4
24919.51;21;536;0
24920.58;15;1162;10
24921.63;20;765;6
24922.76;24;326;9
24924.1;25;1052;3
24927.32;19;1075;1
24928.24;37;875;5
24928.24;13;1043;11
24929.46;11;336;4
24929.69;21;536;0
24930.62;15;1162;10
24931.65;20;765;6
24932.78;24;326;9
24934.09;25;1052;3
24937.35;19;1075;1
24938.4;13;1043;11
24938.44;37;875;5
24939.54;11;336;4
24939.74;27;525;0
24940.44;15;1162;10
24941.69;20;765;6
24942.89;24;326;9
24944.15;34;121;3
24948.44;13;1043;11
24948.6;37;875;5
24949.53;1;103;4
24949.94;27;525;0
24950.71;15;1162;10
24951.73;20;765;6
24952.91;24;326;9
24954.11;34;121;3
24954.82;28;270;2
24955.41;10;392;8
24958.45;13;1043;11
24958.67;32;135;5
24958.76;38;417;7
24959.6;1;103;4
24960.11;27;525;0
24960.78;14;130;10
24961.76;16;507;6
24962.89;23;798;9
24964.21;34;121;3
24964.92;39;878;2
24965.43;10;392;8
24968.5;13;1043;11
24968.73;32;135;5
24968.85;38;417;7
24969.31;1;103;4
24970.2;27;525;0
24970.58;14;130;10
24971.81;16;507;6
24972.94;23;798;9
24975.08;8;1151;1
24975.39;10;392;8
24978.51;13;1043;11
24978.82;32;135;5
24978.91;38;417;7
24980.32;12;787;0
24980.89;14;130;10
24981.85;16;507;6
24982.97;23;798;9
24985.06;8;1151;1
24985.46;10;392;8
24987.62;43;891;4
24988.54;9;546;11
24988.87;32;135;5
24988.93;38;417;7
24990.37;12;787;0
24990.79;14;130;10
24991.83;16;507;6
24995.08;8;1151;1
24995.48;35;479;8
24995.72;42;599;3
24997.58;43;891;4
24998.61;9;546;11
24998.93;2;668;7
24999.06;22;107;5
25000.57;30;122;0
25000.97;14;130;10
25001.9;16;507;6
25004.99;8;1151;1
25005.79;42;599;3
25007.66;4;371;4
25008.39;9;546;11
25008.97;2;668;7
25009.23;22;107;5
25010.71;30;122;0
25010.99;14;130;10
25011.94;16;507;6
25015.13;40;473;1
25015.82;42;599;3
25016.31;26;757;8
25017.7;4;371;4
25018.58;33;125;11
25019.04;2;668;7
25019.2;22;107;5
25020.77;30;122;0
25020.98;14;130;10
25022.02;5;1001;6
25025.48;40;473;1
25026.39;26;757;8
25027.74;4;371;4
25028.7;33;125;11
25029.11;29;445;7
25029.37;22;107;5
25030.8;30;122;0
25031.02;14;130;10
25033.36;41;395;6
25037.11;7;739;1
25037.76;17;76;3
25037.76;4;371;4
25038.92;33;125;11
25039.19;29;445;7
25039.23;22;107;5
25040.61;28;1190;2
25040.85;30;122;0
25041.04;14;130;10
25043.24;41;395;6
25045.39;3;474;9
25047.16;7;739;1
25047.53;4;371;4
25047.8;17;76;3
25048.99;33;125;11
25049.04;29;445;7
25051;30;122;0
25051;0;477;10
25053.25;41;395;6
25055.39;3;474;9
25057.22;7;739;1
25057.83;17;76;3
25059.01;33;125;11
25059.23;29;445;7
25063.4;41;395;6
25063.58;31;603;2
25064.09;21;800;0
25065.22;18;514;5
25065.42;3;474;9
25067.26;7;739;1
25067.84;17;76;3
25069.04;33;125;11
25069.3;29;445;7
25069.69;36;949;10
25071.09;43;441;4
25073.18;41;395;6
25073.71;31;603;2
25074.13;21;800;0
25075.44;18;514;5
25075.44;44;1059;9
25079.07;33;125;11
25079.3;29;445;7
25079.39;36;949;10
25083.45;41;395;6
25083.72;31;603;2
25084.22;21;800;0
25085.47;18;514;5
25085.47;44;1059;9
25089.13;6;537;11
25089.35;29;445;7
25089.71;36;949;10
25092.54;35;855;8
25093.72;41;395;6
25094.18;21;800;0
25095.18;18;514;5
25095.18;44;1059;9
25096.95;1;736;4
25099.03;39;1049;2
25099.19;6;537;11
25099.76;15;1178;10
25103.73;41;395;6
25104.28;21;800;0
25105.49;18;514;5
25105.49;44;1059;9
25106.98;1;736;4
25109.07;39;1049;2
25109.2;6;537;11
25109.82;15;1178;10
25110.24;34;381;3
25113.6;38;610;7
25113.69;20;1070;6
25115.32;24;115;9
25117.03;1;736;4
25119.11;27;267;0
25119.11;39;1049;2
25119.24;6;537;11
25120;15;1178;10
25120.09;34;381;3
25120.7;32;86;5
25123.46;38;610;7
25123.74;20;1070;6
25126.98;1;736;4
25128.44;19;714;1
25129.16;27;267;0
25129.25;6;537;11
25129.83;15;1178;10
25130.09;34;381;3
25130.75;32;86;5
25133.65;38;610;7
25133.81;20;1070;6
25137.06;11;623;4
25139.2;27;267;0
25139.24;6;537;11
25140.2;34;381;3
25140.7;23;431;9
25140.97;32;86;5
25143.72;38;610;7
25143.89;20;1070;6
25146.46;14;465;10
25146.98;26;637;8
25147.12;11;623;4
25149.23;27;267;0
25149.32;6;537;11
25150.31;25;182;3
25150.89;32;86;5
25150.89;23;431;9
25153.76;38;610;7
25153.92;20;1070;6
25156.98;26;637;8
25157.03;11;623;4
25159.32;27;267;0
25160.34;25;182;3
25161.05;37;1032;5
25163.9;20;1070;6
25167.01;26;637;8
25167.14;11;623;4
25167.5;2;791;7
25169.01;13;307;11
25169.36;27;267;0
25170.27;25;182;3
25173.93;20;1070;6
25177.02;26;637;8
25177.18;11;623;4
25177.6;2;791;7
25179.12;13;307;11
25179.39;27;267;0
25180.38;42;42;3
25183.62;5;439;6
25185.16;7;565;1
25185.62;44;830;9
25187.1;10;847;8
25187.19;11;623;4
25189.25;13;307;11
25189.43;12;609;0
25190.4;42;42;3
25193.94;5;439;6
25194.48;18;1162;5
25195.24;7;565;1
25197.14;10;847;8
25197.22;11;623;4
25199.36;13;307;11
25199.45;12;609;0
25199.5;28;868;2
25200.43;42;42;3
25203.88;5;439;6
25204.54;18;1162;5
25205.26;7;565;1
25206.35;0;878;10
25207.22;10;847;8
25207.26;11;623;4
25209.41;9;84;11
25209.5;12;609;0
25209.69;28;868;2
25210.47;42;42;3
25213.98;5;439;6
25215.29;7;565;1
25216.28;0;878;10
25217.28;10;847;8
25217.33;4;1119;4
25219.5;12;609;0
25219.5;9;84;11
25219.76;31;1142;2
25220.51;42;42;3
25221.9;3;1164;9
25224;5;439;6
25225.28;40;639;1
25226.4;22;859;5
25226.53;0;878;10
25227.24;29;312;7
25227.28;10;847;8
25227.53;4;1119;4
25229.53;12;609;0
25229.53;9;84;11
25229.85;31;1142;2
25230.58;17;1066;3
25231.96;3;1164;9
25234.07;5;439;6
25235.12;40;639;1
25236.49;22;859;5
25236.54;0;878;10
25237.28;29;312;7
25237.33;10;847;8
25237.58;4;1119;4
25239.54;12;609;0
25239.58;9;84;11
25239.63;31;1142;2
25240.61;17;1066;3
25242.03;3;1164;9
25244.21;5;439;6
25245.1;40;639;1
25246.5;22;859;5
25246.59;0;878;10
25247.3;29;312;7
25247.39;10;847;8
25247.49;4;1119;4
25249.54;12;609;0
25249.63;31;1142;2
25249.63;9;84;11
25254.26;5;439;6
25255.34;8;93;1
25256.55;22;859;5
25256.83;24;863;9
25256.99;0;878;10
25257.31;29;312;7
25257.45;35;784;8
25259.5;12;609;0
25259.87;31;1142;2
25264.28;16;117;6
25265.51;8;93;1
25266.74;22;859;5
25266.87;24;863;9
25267;36;76;10
25267.51;35;784;8
25269.54;30;116;0
25273.96;43;114;4
25274.25;16;117;6
25275.67;19;48;1
25276.79;24;863;9
25277.05;14;339;10
25277.5;35;784;8
25279.34;30;116;0
25284.02;43;114;4
25284.33;16;117;6
25285.7;19;48;1
25286.97;24;863;9
25287.14;14;339;10
25287.51;35;784;8
25287.82;34;130;3
25289.59;30;116;0
25290.38;33;918;11
25294.09;43;114;4
25294.43;16;117;6
25295.73;19;48;1
25296.4;39;469;2
25297.27;14;339;10
25297.6;35;784;8
25297.87;34;130;3
25298.9;32;100;5
25299.58;30;116;0
25300.44;33;918;11
25304.16;43;114;4
25304.65;2;522;7
25305.73;19;48;1
25306.35;39;469;2
25307.6;35;784;8
25307.97;34;130;3
25308.99;32;100;5
25309.49;30;116;0
25310.52;33;918;11
25314.23;43;114;4
25316.27;39;469;2
25317.64;35;784;8
25318.02;34;130;3
25319.1;32;100;5
25319.22;38;1190;7
25319.53;30;116;0
25320.57;33;918;11
25324.25;43;114;4
25326.32;28;274;2
25326.7;23;474;9
25328.13;17;523;3
25328.43;41;944;6
25329.19;32;100;5
25329.27;38;1190;7
25329.63;21;354;0
25330.6;33;918;11
25334.27;43;114;4
25335.31;15;844;10
25336.45;28;274;2
25336.54;23;474;9
25338.25;17;523;3
25338.48;41;944;6
25339.25;32;100;5
25339.34;38;1190;7
25339.54;21;354;0
25340.42;33;918;11
25344.27;43;114;4
25345.57;15;844;10
25346.49;28;274;2
25346.58;23;474;9
25348.34;25;470;3
25348.54;41;944;6
25349.21;32;100;5
25349.44;38;1190;7
25349.67;21;354;0
25354.29;43;114;4
25355.46;26;872;8
25355.67;15;844;10
25356.47;28;274;2
25356.74;23;474;9
25356.79;6;811;11
25358.25;25;470;3
25358.57;41;944;6
25359.28;32;100;5
25359.54;38;1190;7
25359.67;21;354;0
25363.47;7;1027;1
25364.33;1;1147;4
25365.55;26;872;8
25365.6;15;844;10
25366.88;6;811;11
25368.46;25;470;3
25368.46;44;300;9
25368.65;20;137;6
25369.25;37;887;5
25369.7;21;354;0
25373.6;7;1027;1
25374.43;1;1147;4
25375.25;26;872;8
25375.71;15;844;10
25376.89;13;1103;11
25378.51;25;470;3
25378.51;44;300;9
25378.7;20;137;6
25379.36;37;887;5
25381.26;12;972;0
25383.7;7;1027;1
25385.57;26;872;8
25385.87;15;844;10
25386.93;13;1103;11
25388.37;25;470;3
25388.37;44;300;9
25388.66;20;137;6
25389.37;37;887;5
25391.3;12;972;0
25393.77;7;1027;1
25395.44;26;872;8
25396.16;0;1194;10
25396.86;13;1103;11
25398.6;25;470;3
25398.6;44;300;9
25398.65;20;137;6
25399.39;18;1041;5
25401.52;27;613;0
25403.78;7;1027;1
25405.61;26;872;8
25406.94;2;838;7
25406.99;13;1103;11
25408.61;25;470;3
25408.61;44;300;9
25408.61;36;888;10
25408.7;20;137;6
25409.45;22;713;5
25411.19;11;553;4
25411.54;27;613;0
25413.83;40;1124;1
25416.94;2;838;7
25417.23;13;1103;11
25418.26;36;888;10
25418.65;44;300;9
25418.7;20;137;6
25419.37;10;1201;8
25419.66;22;713;5
25421.23;11;553;4
25421.52;27;613;0
25422.28;42;962;3
25423.95;40;1124;1
25426.97;2;838;7
25427.3;9;906;11
25428.67;44;300;9
25428.67;36;888;10
25428.76;20;137;6
25429.52;10;1201;8
25429.65;22;713;5
25431.26;11;553;4
25431.56;27;613;0
25432.32;42;962;3
25433.99;40;1124;1
25437.01;2;838;7
25437.22;9;906;11
25438.45;36;888;10
25438.71;44;300;9
25438.82;20;137;6
25439.45;10;1201;8
25439.77;22;713;5
25441.3;11;553;4
25442.36;42;962;3
25443.76;40;1124;1
25444.21;31;78;2
25447.04;2;838;7
25447.29;9;906;11
25448.67;36;888;10
25448.71;44;300;9
25449.56;10;1201;8
25451.43;11;553;4
25452.43;42;962;3
25454.02;40;1124;1
25454.24;31;78;2
25457.1;29;709;7
25457.31;9;906;11
25458.71;3;482;9
25459.65;10;1201;8
25460.22;5;759;6
25461.44;4;13;4
25462.27;14;857;10
25462.4;42;962;3
25464.08;40;1124;1
25464.28;31;78;2
25467.26;29;709;7
25467.4;9;906;11
25467.53;30;1193;0
25468.8;3;482;9
25469.7;35;603;8
25470.18;5;759;6
25471.43;4;13;4
25472.35;14;857;10
25472.49;42;962;3
25474.06;40;1124;1
25474.12;31;78;2
25477.31;29;709;7
25477.6;30;1193;0
25478.85;3;482;9
25479.83;35;603;8
25480.27;5;759;6
25481.49;4;13;4
25482.43;14;857;10
25482.48;42;962;3
25484.14;39;159;2
25484.56;8;1149;1
25487.38;29;709;7
25487.64;30;1193;0
25488.59;3;482;9
25489.92;35;603;8
25490.38;16;963;6
25491.53;4;13;4
25492.45;14;857;10
25492.55;42;962;3
25494.37;39;159;2
25494.78;8;1149;1
25497.46;29;709;7
25497.7;30;1193;0
25498.8;24;882;9
25499.99;35;603;8
25500.43;16;963;6
25501.74;4;13;4
25502.52;42;962;3
25502.52;14;857;10
25504.42;39;159;2
25504.85;8;1149;1
25507.53;29;709;7
25507.74;30;1193;0
25508.88;24;882;9
25509.92;35;603;8
25510.5;16;963;6
25511.03;32;1085;5
25511.77;4;13;4
25512.6;42;962;3
25512.6;14;857;10
25514.68;39;159;2
25514.86;8;1149;1
25515.69;6;65;11
25517.61;29;709;7
25518.93;24;882;9
25520.59;16;963;6
25521.11;32;1085;5
25521.9;4;13;4
25522.61;34;215;3
25524.51;39;159;2
25524.73;15;951;10
25524.9;8;1149;1
25527.7;29;709;7
25529.05;24;882;9
25530.44;16;963;6
25531.17;32;1085;5
25531.92;4;13;4
25532.59;34;215;3
25534.67;39;159;2
25534.77;15;951;10
25534.9;8;1149;1
25537.77;38;493;7
25539.25;24;882;9
25540.66;16;963;6
25541.4;21;797;0
25541.93;4;13;4
25542.17;13;138;11
25542.66;34;215;3
25543.08;37;31;5
25544.49;28;542;2
25544.77;15;951;10
25544.95;19;737;1
25547.82;38;493;7
25549.36;23;296;9
25550.69;16;963;6
25551.45;21;797;0
25551.89;4;13;4
25552.22;13;138;11
25552.45;34;215;3
25553.4;37;31;5
25554.73;28;542;2
25554.73;15;951;10
25554.99;19;737;1
25557.86;38;493;7
25558.44;26;1058;8
25559.4;23;296;9
25560.74;41;1066;6
25561.47;21;797;0
25561.84;43;794;4
25562.14;13;138;11
25562.82;34;215;3
25564.56;15;951;10
25565.04;19;737;1
25567.86;38;493;7
25568.45;26;1058;8
25569.2;23;296;9
25570.78;41;1066;6
25571.56;12;29;0
25571.99;43;794;4
25572.13;33;870;11
25572.7;17;1117;3
25574.44;18;663;5
25574.63;15;951;10
25575.04;19;737;1
25578.5;26;1058;8
25579.54;23;296;9
25580.87;41;1066;6
25581.61;12;29;0
25582.04;43;794;4
25582.28;33;870;11
25582.91;17;1117;3
25584.45;18;663;5
25584.75;0;1042;10
25585.08;7;313;1
25587.46;2;988;7
25589.34;35;799;8
25589.57;23;296;9
25590.88;41;1066;6
25591.92;43;794;4
25592.08;33;870;11
25593.14;17;1117;3
25594.43;18;663;5
25594.82;0;1042;10
25595.14;7;313;1
25597.05;27;7;0
25597.5;2;988;7
25599.62;23;296;9
25600.75;41;1066;6
25602.11;43;794;4
25602.41;33;870;11
25603.16;17;1117;3
25604.51;18;663;5
25604.96;0;1042;10
25605.34;7;313;1
25607.09;27;7;0
25607.54;2;988;7
25609.67;44;315;9
25610.89;41;1066;6
25612.25;43;794;4
25613.06;17;1117;3
25614.56;18;663;5
25615.39;7;313;1
25617.21;27;7;0
25617.52;2;988;7
25619.71;44;315;9
25620.94;20;761;6
25622.3;1;949;4
25623.17;25;500;3
25624.61;18;663;5
25625.41;7;313;1
25627.07;36;406;10
25627.15;27;7;0
25627.44;2;988;7
25629.47;44;315;9
25630.19;31;1109;2
25630.98;20;761;6
25632.34;1;949;4
25633.21;25;500;3
25634.67;18;663;5
25635.46;40;716;1
25637.07;36;406;10
25637.15;27;7;0
25637.58;2;988;7
25638.5;6;318;11
25639.7;44;315;9
25640.24;31;1109;2
25641;20;761;6
25642.39;1;949;4
25643.11;25;500;3
25644.71;18;663;5
25645.52;40;716;1
25647.14;36;406;10
25647.25;30;965;0
25647.69;2;988;7
25648.49;6;318;11
25649.74;44;315;9
25650.27;31;1109;2
25650.99;20;761;6
25652.48;11;206;4
25653.23;25;500;3
25654.77;18;663;5
25655.55;40;716;1
25657.09;36;406;10
25657.34;30;965;0
25657.34;10;251;8
25657.7;2;988;7
25658.57;6;318;11
25659.81;24;486;9
25660.31;31;1109;2
25662.56;11;206;4
25663.28;25;500;3
25664.84;18;663;5
25665.4;40;716;1
25667.18;36;406;10
25667.45;30;965;0
25667.45;10;251;8
25667.71;2;988;7
25668.57;6;318;11
25669.93;24;486;9
25670.31;31;1109;2
25670.89;5;376;6
25672.58;11;206;4
25673.36;25;500;3
25674.76;22;268;5
25675.61;40;716;1
25677.48;30;965;0
25677.48;10;251;8
25677.75;2;988;7
25678.45;6;318;11
25679.94;24;486;9
25680.29;31;1109;2
25680.94;5;376;6
25682.79;11;206;4
25683.37;25;500;3
25684.96;22;268;5
25685.84;14;927;10
25687.49;30;965;0
25687.49;10;251;8
25687.82;29;140;7
25688.64;6;318;11
25689.71;24;486;9
25690.33;31;1109;2
25691.08;5;376;6
25692.75;11;206;4
25693.38;25;500;3
25695.03;22;268;5
25696.17;8;420;1
25697.53;30;965;0
25697.53;10;251;8
25697.84;29;140;7
25698.67;9;158;11
25699.96;24;486;9
25700.34;31;1109;2
25701.01;16;142;6
25703.42;34;1072;3
25705.18;22;268;5
25706.19;8;420;1
25707.56;30;965;0
25707.56;10;251;8
25707.85;29;140;7
25708.82;9;158;11
25710;24;486;9
25710.39;39;77;2
25711.15;16;142;6
25712.89;15;473;10
25713.37;34;1072;3
25716.22;8;420;1
25717.36;30;965;0
25717.36;10;251;8
25717.78;29;140;7
25718.92;9;158;11
25720.02;24;486;9
25720.59;39;77;2
25720.94;16;142;6
25723.45;34;1072;3
25726.26;8;420;1
25727.59;30;965;0
25727.84;29;140;7
25729.24;9;158;11
25730.04;3;611;9
25730.65;39;77;2
25731.22;16;142;6
25733.46;34;1072;3
25735.72;37;1062;5
25736.28;19;653;1
25737.62;30;965;0
25737.92;29;140;7
25739.2;13;1087;11
25740.71;39;77;2
25743.53;34;1072;3
25744.53;1;1168;4
25745.75;37;1062;5
25746.36;19;653;1
25747.63;12;886;0
25747.98;29;140;7
25749.22;13;1087;11
25750.76;39;77;2
25751.2;41;179;6
25752.28;44;59;9
25753.61;34;1072;3
25754.63;4;534;4
25755.77;37;1062;5
25756.16;19;653;1
25757.67;21;79;0
25758.03;29;140;7
25759.28;13;1087;11
25760.76;28;791;2
25761.36;41;179;6
25762.38;44;59;9
25763.72;42;1101;3
25764.75;4;534;4
25765.71;37;1062;5
25767.17;35;178;8
25767.49;21;79;0
25767.91;29;140;7
25770.85;28;791;2
25771.43;41;179;6
25772.45;44;59;9
25774.83;4;534;4
25775.6;37;1062;5
25777.46;35;178;8
25777.72;21;79;0
25778.09;29;140;7
25780.91;28;791;2
25782.51;23;454;9
25782.83;20;1138;6
25784.84;4;534;4
25786.75;0;729;10
25787.51;26;392;8
25787.75;21;79;0
25788.16;29;140;7
25790.88;17;34;3
25791.93;32;397;5
25792.57;23;454;9
25792.97;20;1138;6
25794.88;43;1015;4
25796.13;33;635;11
25796.2;7;660;1
25796.82;0;729;10
25797.54;26;392;8
25798.18;38;737;7
25800.84;17;34;3
25802.09;32;397;5
25802.69;23;454;9
25803;20;1138;6
25805.05;43;1015;4
25806.17;33;635;11
25806.26;7;660;1
25806.84;0;729;10
25808.23;38;737;7
25812.4;32;397;5
25812.73;23;454;9
25813.02;20;1138;6
25815.16;43;1015;4
25816.22;25;102;3
25816.22;33;635;11
25816.26;7;660;1
25816.87;0;729;10
25818.29;27;1029;0
25818.29;2;485;7
25822.5;32;397;5
25822.71;23;454;9
25823;5;335;6
25824.85;43;1015;4
25826.23;25;102;3
25826.28;7;660;1
25826.88;0;729;10
25828.55;27;1029;0
25828.55;2;485;7
25832.38;32;397;5
25832.76;23;454;9
25832.85;5;335;6
25835.18;43;1015;4
25836.29;25;102;3
25836.89;36;115;10
25837.15;40;465;1
25838.67;27;1029;0
25838.67;2;485;7
25842.17;6;363;11
25842.54;32;397;5
25842.81;23;454;9
25843.07;5;335;6
25844.92;11;311;4
25845.75;31;1082;2
25846.31;25;102;3
25847.33;40;465;1
25848.68;2;485;7
25848.73;27;1029;0
25849.93;10;577;8
25852.06;6;363;11
25852.55;18;1191;5
25852.88;23;454;9
25853.02;5;335;6
25855.15;11;311;4
25855.8;31;1082;2
25856.36;25;102;3
25856.79;14;229;10
25857.22;40;465;1
25859.93;10;577;8
25862.24;6;363;11
25862.55;18;1191;5
25862.95;24;1097;9
25863.1;16;167;6
25865.24;11;311;4
25865.69;31;1082;2
25866.84;14;229;10
25867.26;19;36;1
25869.97;10;577;8
25872.08;6;363;11
25872.56;18;1191;5
25872.88;24;1097;9
25873.14;16;167;6
25875.29;11;311;4
25875.81;31;1082;2
25876.81;14;229;10
25877.38;8;382;1
25880;10;577;8
25882.27;6;363;11
25882.59;18;1191;5
25882.88;24;1097;9
25884.36;21;1000;0
25885.33;11;311;4
25885.87;31;1082;2
25887.17;14;229;10
25887.6;8;382;1
25890.21;10;577;8
25892.31;6;363;11
25892.73;22;702;5
25892.98;24;1097;9
25894.59;21;1000;0
25895.36;1;1175;4
25895.97;31;1082;2
25897.67;8;382;1
25898.05;34;1168;3
25900.19;10;577;8
25900.76;15;843;10
25902.36;9;191;11
25902.81;22;702;5
25904.48;21;1000;0
25905.4;1;1175;4
25905.99;31;1082;2
25907.69;8;382;1
25908.09;34;1168;3
25909.42;20;522;6
25910.29;10;577;8
25910.95;15;843;10
25912.4;9;191;11
25912.82;22;702;5
25914.57;30;349;0
25916;39;574;2
25918;34;1168;3
25919.14;44;1009;9
25919.65;20;522;6
25920.3;35;553;8
25920.99;15;843;10
25922.43;9;191;11
25922.83;22;702;5
25924.67;30;349;0
25926.06;28;281;2
25928.13;34;1168;3
25929.72;20;522;6
25930.1;35;553;8
25930.65;15;843;10
25932.47;13;441;11
25932.81;22;702;5
25934.08;3;420;9
25934.56;30;349;0
25936.13;28;281;2
25938.19;17;659;3
25939.76;20;522;6
25940.34;35;553;8
25942.52;13;441;11
25942.87;37;321;5
25943.53;7;972;1
25944.46;3;420;9
25944.88;30;349;0
25946.13;28;281;2
25948.05;17;659;3
25949.75;20;522;6
25950.51;35;553;8
25952.55;13;441;11
25952.91;37;321;5
25953.73;7;972;1
25954.66;3;420;9
25954.87;30;349;0
25956.29;28;281;2
25958.22;17;659;3
25959.75;20;522;6
25960.58;35;553;8
25962.62;13;441;11
25963.05;37;321;5
25963.8;7;972;1
25964.66;3;420;9
25964.88;30;349;0
25964.88;11;303;4
25966.33;28;281;2
25968.28;42;601;3
25969.81;20;522;6
25970.78;26;606;8
25971.27;29;298;7
25972.71;13;441;11
25972.85;37;321;5
25973.87;7;972;1
25974.94;12;1055;0
25976.52;28;281;2
25977.34;4;86;4
25978.22;42;601;3
25979.69;41;983;6
25980.48;0;392;10
25980.82;26;606;8
25982.65;13;441;11
25984.98;12;1055;0
25986.61;28;281;2
25987.42;4;86;4
25988.19;42;601;3
25989.69;41;983;6
25990.85;26;606;8
25992.72;13;441;11
25995.02;12;1055;0
25996.64;28;281;2
25997.44;4;86;4
25997.66;38;117;7
25998.29;42;601;3
26000.9;26;606;8
26002.78;33;1021;11
26005.08;27;927;0
26006.69;28;281;2
26007.44;4;86;4
26007.77;38;117;7
26008.3;25;950;3
26010.99;26;606;8
26012.27;40;510;1
26012.53;36;907;10
26012.85;33;1021;11
26015.12;27;927;0
26015.89;32;664;5
26016.69;28;281;2
26017.49;4;86;4
26018.36;25;950;3
26019.33;2;834;7
26022.32;40;510;1
26022.63;36;907;10
26023.06;33;1021;11
26025.32;27;927;0
26025.93;32;664;5
26026.69;28;281;2
26027.58;4;86;4
26028.37;25;950;3
26029.37;2;834;7
26030.08;16;581;6
26032.36;40;510;1
26032.65;36;907;10
26033.12;33;1021;11
26035.3;27;927;0
26035.87;32;664;5
26036.7;31;529;2
26037.49;4;86;4
26038.45;25;950;3
26039.45;2;834;7
26040.04;16;581;6
26042.34;40;510;1
26042.72;36;907;10
26043.13;33;1021;11
26045.34;27;927;0
26045.94;32;664;5
26046.74;31;529;2
26047.7;1;493;4
26049.49;2;834;7
26050.16;5;585;6
26052.08;40;510;1
26052.78;15;963;10
26053.16;33;1021;11
26055.31;27;927;0
26055.96;32;664;5
26056.78;31;529;2
26057.78;1;493;4
26058.05;24;809;9
26059.53;2;834;7
26060.13;5;585;6
26062.38;40;510;1
26062.85;15;963;10
26064.24;35;347;8
26065.19;27;927;0
26065.94;32;664;5
26066.94;31;529;2
26067.83;43;461;4
26068.15;24;809;9
26072.43;40;510;1
26072.86;15;963;10
26074.32;35;347;8
26075.41;21;256;0
26075.99;18;911;5
26077.3;31;529;2
26077.84;43;461;4
26078.21;24;809;9
26082.39;40;510;1
26084.39;35;347;8
26085.36;21;256;0
26085.94;18;911;5
26086.12;6;322;11
26087.32;31;529;2
26087.9;43;461;4
26088.22;24;809;9
26088.85;0;412;10
26092.39;40;510;1
26094.44;10;1189;8
26095.18;34;621;3
26095.45;21;256;0
26096.02;18;911;5
26096.17;6;322;11
26097.14;39;1166;2
26097.95;43;461;4
26098.23;24;809;9
26098.63;20;428;6
26098.93;0;412;10
26102.39;8;286;1
26104.59;10;1189;8
26105.32;21;256;0
26105.32;34;621;3
26106.06;37;431;5
26106.42;6;322;11
26107.22;39;1166;2
26108.26;24;809;9
26108.67;20;428;6
26108.76;0;412;10
26108.97;29;604;7
26112.5;8;286;1
26114.65;10;1189;8
26115.48;21;256;0
26115.48;34;621;3
26116.28;37;431;5
26116.28;6;322;11
26117.36;39;1166;2
26118.31;23;860;9
26118.68;20;428;6
26119;29;604;7
26119;14;71;10
26122.49;8;286;1
26124.09;11;542;4
26124.67;10;1189;8
26125.28;17;157;3
26125.53;21;256;0
26126.37;37;431;5
26126.37;6;322;11
26128.34;23;860;9
26128.77;14;71;10
26129.04;29;604;7
26132.52;8;286;1
26134.22;11;542;4
26134.75;26;764;8
26135.57;21;256;0
26135.57;17;157;3
26136.46;22;227;5
26136.46;41;955;6
26136.46;9;1000;11
26138.38;23;860;9
26139.07;29;604;7
26139.07;14;71;10
26142.57;19;5;1
26144.31;11;542;4
26144.94;26;764;8
26145.57;30;465;0
26145.57;17;157;3
26146.48;41;955;6
26146.53;22;227;5
26146.53;9;1000;11
26148.61;3;209;9
26149.07;29;604;7
26149.07;14;71;10
26152.31;19;5;1
26154.35;11;542;4
26154.98;26;764;8
26155.44;17;157;3
26155.62;28;681;2
26156.48;41;955;6
26156.53;22;227;5
26158.68;3;209;9
26159.06;14;71;10
26162.62;19;5;1
26164.4;11;542;4
26165.22;26;764;8
26165.39;17;157;3
26165.62;28;681;2
26165.71;12;323;0
26166.5;41;955;6
26166.59;22;227;5
26168.93;3;209;9
26169.02;14;71;10
26172.68;19;5;1
26174.58;4;4;4
26175.3;26;764;8
26175.59;17;157;3
26175.68;28;681;2
26175.72;12;323;0
26176.63;22;227;5
26178.81;3;209;9
26179.06;14;71;10
26182.59;33;1117;11
26182.68;7;1059;1
26184.68;4;4;4
26185.09;26;764;8
26185.64;42;552;3
26185.68;28;681;2
26185.73;12;323;0
26186.64;22;227;5
26189;3;209;9
26189.06;38;278;7
26189.15;14;71;10
26192.64;33;1117;11
26192.68;7;1059;1
26194.63;4;4;4
26195.39;26;764;8
26195.57;42;552;3
26195.68;28;681;2
26195.73;12;323;0
26199.09;3;209;9
26199.14;38;278;7
26199.18;14;71;10
26202.48;33;1117;11
26202.68;7;1059;1
26204.73;4;4;4
26205.7;42;552;3
26206.2;37;888;5
26209.16;38;278;7
26209.95;16;137;6
26212.73;7;1059;1
26212.73;33;1117;11
26213.64;36;1065;10
26215.66;44;1042;9
26215.73;42;552;3
26216.31;37;888;5
26219.2;38;278;7
26219.96;16;137;6
26221.48;27;381;0
26222.77;40;1053;1
26222.77;33;1117;11
26223.72;36;1065;10
26225.77;42;552;3
26225.77;44;1042;9
26225.99;32;568;5
26229.07;38;278;7
26229.8;16;137;6
26231.52;27;381;0
26232.61;40;1053;1
26232.82;13;418;11
26233.92;36;1065;10
26233.97;1;56;4
26235.78;42;552;3
26235.83;44;1042;9
26236.4;32;568;5
26238.85;35;536;8
26239.32;38;278;7
26240.04;20;107;6
26241.72;27;381;0
26242.82;40;1053;1
26242.98;13;418;11
26243.94;0;1060;10
26244.03;1;56;4
26245.85;25;577;3
26246.43;32;568;5
26248.77;31;616;2
26248.86;35;536;8
26249.37;2;1168;7
26250.04;20;107;6
26252.76;40;1053;1
26253.04;9;315;11
26253.95;0;1060;10
26254.03;1;56;4
26255.87;25;577;3
26256.14;32;568;5
26258.9;35;536;8
26259.27;2;1168;7
26262.87;8;641;1
26263.09;9;315;11
26263.59;5;531;6
26264.01;1;56;4
26264.01;0;1060;10
26265.89;25;577;3
26266.45;22;626;5
26268.01;24;120;9
26268.9;35;536;8
26269.55;39;818;2
26272.9;8;641;1
26273.23;9;315;11
26273.82;5;531;6
26274.02;43;548;4
26274.1;0;1060;10
26275.96;25;577;3
26276.49;22;626;5
26278.06;24;120;9
26278.95;10;433;8
26279.55;39;818;2
26282.9;8;641;1
26283.3;9;315;11
26283.81;5;531;6
26283.88;43;548;4
26284.38;15;306;10
26285.99;25;577;3
26286.55;22;626;5
26289.04;10;433;8
26289.64;39;818;2
26292.94;8;641;1
26293.24;9;315;11
26294.09;43;548;4
26294.5;15;306;10
26296.07;34;503;3
26296.48;22;626;5
26298.99;10;433;8
26299.69;39;818;2
26300;29;788;7
26301.57;21;1126;0
26302.4;23;455;9
26303.47;9;315;11
26304.02;43;548;4
26304.55;15;306;10
26306.3;34;503;3
26306.57;22;626;5
26309.27;10;433;8
26310.11;29;788;7
26311.65;21;1126;0
26312.45;23;455;9
26314.56;15;306;10
26316.31;34;503;3
26316.63;22;626;5
26317.36;7;970;1
26318.12;6;629;11
26319.3;10;433;8
26320.01;29;788;7
26321.68;21;1126;0
26322.53;23;455;9
26323.76;11;179;4
26326.38;34;503;3
26326.67;22;626;5
26327.14;7;970;1
26328.11;6;629;11
26328.42;41;1000;6
26329.34;10;433;8
26330.21;29;788;7
26331.73;12;1052;0
26332.66;23;455;9
26333.84;11;179;4
26336.42;34;503;3
26336.75;18;33;5
26337.42;7;970;1
26338.17;6;629;11
26338.68;41;1000;6
26341.81;12;1052;0
26342.71;23;455;9
26346.42;17;197;3
26346.8;18;33;5
26347.53;7;970;1
26348.22;6;629;11
26348.73;41;1000;6
26350.13;28;797;2
26351.85;12;1052;0
26356.48;17;197;3
26356.48;18;33;5
26356.86;26;897;8
26357.58;7;970;1
26358.24;6;629;11
26358.82;16;693;6
26361.4;31;703;2
26366.4;30;604;0
26366.86;17;197;3
26366.86;18;33;5
26366.86;26;897;8
26367.62;7;970;1
26368.12;6;629;11
26368.86;16;693;6
26369.79;38;182;7
26371.46;31;703;2
26372.04;36;781;10
26373.66;44;382;9
26376.44;30;604;0
26376.88;17;197;3
26376.92;18;33;5
26376.92;26;897;8
26377.66;19;682;1
26379.03;16;693;6
26379.9;38;182;7
26381.62;31;703;2
26382.06;36;781;10
26383.7;44;382;9
26386.48;30;604;0
26386.92;17;197;3
26386.92;26;897;8
26386.98;37;624;5
26387.2;9;465;11
26387.69;19;682;1
26388.97;16;693;6
26389.93;38;182;7
26390.56;4;1147;4
26391.69;31;703;2
26392.08;36;781;10
26393.7;3;365;9
26396.63;30;604;0
26396.98;17;197;3
26396.98;37;624;5
26397.24;9;465;11
26399.76;8;811;1
26400;38;182;7
26400.67;4;1147;4
26401.74;31;703;2
26402.01;36;781;10
26403.75;3;365;9
26405.72;20;1137;6
26407.07;32;721;5
26407.26;9;465;11
26408.97;35;510;8
26410.04;38;182;7
26410.6;4;1147;4
26410.91;40;469;1
26412.14;36;781;10
26413.79;3;365;9
26414.42;27;453;0
26415.75;20;1137;6
26417.03;32;721;5
26417.3;33;282;11
26418.96;35;510;8
26419.49;39;296;2
26420.04;38;182;7
26420.67;4;1147;4
26420.96;40;469;1
26422.23;36;781;10
26424.48;27;453;0
26425.8;20;1137;6
26427.11;32;721;5
26427.23;33;282;11
26429.01;35;510;8
26429.84;39;296;2
26430.09;38;182;7
26430.99;40;469;1
26432.28;14;339;10
26432.97;1;677;4
26434.46;27;453;0
26435.87;20;1137;6
26436.92;24;377;9
26437.13;32;721;5
26437.32;33;282;11
26438.97;35;510;8
26439.87;39;296;2
26441.16;40;469;1
26442.32;14;339;10
26442.41;42;926;3
26442.96;1;677;4
26443.29;2;1144;7
26444.52;27;453;0
26445.89;5;728;6
26446.97;24;377;9
26447.23;32;721;5
26447.27;33;282;11
26449.92;39;296;2
26450.97;40;469;1
26452.33;14;339;10
26452.45;42;926;3
26453.49;2;1144;7
26454.64;27;453;0
26455.93;5;728;6
26457.03;24;377;9
26457.27;33;282;11
26460.04;39;296;2
26461.15;40;469;1
26462.17;14;339;10
26462.46;42;926;3
26463.55;2;1144;7
26464.66;12;574;0
26465.93;5;728;6
26467.04;24;377;9
26467.37;13;1059;11
26470.13;39;296;2
26471.19;40;469;1
26472.22;0;1124;10
26472.5;42;926;3
26473.63;29;553;7
26474.64;30;1061;0
26474.71;10;431;8
26475.94;5;728;6
26476.91;24;377;9
26477.42;13;1059;11
26481.21;40;469;1
26482.37;0;1124;10
26482.5;25;664;3
26483.63;29;553;7
26484.66;30;1061;0
26484.75;10;431;8
26486.92;28;488;2
26487.06;24;377;9
26487.5;9;1003;11
26488.3;16;1;6
26491.3;40;469;1
26491.39;11;254;4
26492.02;0;1124;10
26492.41;25;664;3
26493.62;29;553;7
26494.52;30;1061;0
26494.75;10;431;8
26497.06;28;488;2
26497.06;24;377;9
26497.47;9;1003;11
26497.89;22;7;5
26498.31;16;1;6
26501.35;40;469;1
26501.39;11;254;4
26502.06;15;1092;10
26502.54;25;664;3
26503.67;29;553;7
26504.68;30;1061;0
26504.8;10;431;8
26507.06;24;377;9
26507.1;28;488;2
26507.57;9;1003;11
26507.93;22;7;5
26508.35;16;1;6
26511.39;40;469;1
26511.43;11;254;4
26512.59;25;664;3
26513.77;29;553;7
26514.73;30;1061;0
26514.93;10;431;8
26517.09;24;377;9
26517.18;28;488;2
26517.58;9;1003;11
26517.94;22;7;5
26518.23;16;1;6
26521.32;40;469;1
26521.51;11;254;4
26522.67;25;664;3
26523.74;29;553;7
26524.69;30;1061;0
26525.04;10;431;8
26527.12;23;249;9
26527.21;28;488;2
26527.55;9;1003;11
26527.9;22;7;5
26528.5;16;1;6
26531.39;40;469;1
26532.77;25;664;3
26533.81;29;553;7
26534.48;21;356;0
26535.01;26;1029;8
26536.93;43;960;4
26537.14;23;249;9
26537.58;9;1003;11
26537.85;22;7;5
26538.55;41;76;6
26541.44;7;685;1
26542.81;34;378;3
26543.78;29;553;7
26544.67;21;356;0
26545.1;26;1029;8
26546.97;43;960;4
26546.97;23;249;9
26547.6;9;1003;11
26547.92;22;7;5
26551.42;7;685;1
26552.83;34;378;3
26552.98;31;461;2
26553.9;29;553;7
26554.72;21;356;0
26557.16;43;960;4
26557.16;23;249;9
26557.65;9;1003;11
26558;22;7;5
26561.53;7;685;1
26562.84;34;378;3
26563.02;31;461;2
26564.06;38;972;7
26564.77;21;356;0
26567.21;1;797;4
26567.21;23;249;9
26567.69;9;1003;11
26568.07;18;940;5
26571.58;7;685;1
26572.86;34;378;3
26573.15;31;461;2
26574.14;38;972;7
26574.76;21;356;0
26575.78;20;1082;6
26577.11;1;797;4
26577.25;44;564;9
26577.49;9;1003;11
26578.06;18;940;5
26578.53;35;525;8
26581.62;7;685;1
26582.86;34;378;3
26583.23;31;461;2
26584.28;38;972;7
26584.82;21;356;0
26585.75;20;1082;6
26587.25;1;797;4
26587.25;44;564;9
26587.78;9;1003;11
26588.07;37;1155;5
26588.61;35;525;8
26591.73;7;685;1
26592.94;17;796;3
26594.48;38;972;7
26594.83;21;356;0
26595.36;39;615;2
26595.67;20;1082;6
26597.25;1;797;4
26597.36;44;564;9
26597.7;6;485;11
26598.12;37;1155;5
26598.83;35;525;8
26601.7;7;685;1
26602.01;14;1002;10
26603;17;796;3
26604.66;38;972;7
26605.55;39;615;2
26607.33;1;797;4
26607.57;44;564;9
26607.85;37;1155;5
26607.85;6;485;11
26608.97;35;525;8
26611.75;8;702;1
26613.24;17;796;3
26614.29;36;994;10
26614.71;38;972;7
26615.34;39;615;2
26617.34;1;797;4
26617.49;44;564;9
26618.25;37;1155;5
26618.25;33;298;11
26621.82;8;702;1
26623.18;17;796;3
26624.35;36;994;10
26624.75;38;972;7
26625.65;39;615;2
26627.36;1;797;4
26627.59;44;564;9
26628.25;37;1155;5
26628.25;33;298;11
26628.97;41;477;6
26632.37;19;742;1
26633.22;17;796;3
26634.69;38;972;7
26635.44;12;42;0
26635.78;39;615;2
26637.4;4;1070;4
26637.54;44;564;9
26638.3;33;298;11
26639.01;41;477;6
26639.37;32;1078;5
26642.4;19;742;1
26643.3;17;796;3
26644.71;38;972;7
26645.49;12;42;0
26645.84;39;615;2
26647.45;4;1070;4
26647.58;44;564;9
26649.05;41;477;6
26649.49;32;1078;5
26649.57;13;698;11
26652.18;19;742;1
26653.39;17;796;3
26654.72;38;972;7
26655.49;12;42;0
26655.92;39;615;2
26657.49;4;1070;4
26657.65;3;124;9
26659.09;5;1012;6
26659.56;32;1078;5
26659.65;13;698;11
26662.45;19;742;1
26663.47;17;796;3
26663.87;0;451;10
26664.83;2;336;7
26665.54;12;42;0
26667.52;4;1070;4
26667.65;3;124;9
26669.2;5;1012;6
26669.61;32;1078;5
26669.65;13;698;11
26672.57;19;742;1
26673.73;17;796;3
26674.01;0;451;10
26674.91;2;336;7
26675.58;27;262;0
26677.36;4;1070;4
26677.68;3;124;9
26679.44;5;1012;6
26679.66;32;1078;5
26680.95;26;396;8
26682.62;40;693;1
26683.85;42;441;3
26684;15;157;10
26684.93;2;336;7
26685.62;27;262;0
26687.7;3;124;9
26689.32;5;1012;6
26689.56;32;1078;5
26689.79;43;890;4
26690.75;26;396;8
26691.65;28;62;2
26692.56;40;693;1
26693.94;42;441;3
26694.92;2;336;7
26695.67;27;262;0
26697.7;3;124;9
26699.51;5;1012;6
26699.56;32;1078;5
26699.81;43;890;4
26701;26;396;8
26701.83;28;62;2
26702.6;40;693;1
26703.98;42;441;3
26704.94;2;336;7
26705.75;27;262;0
26707.75;24;117;9
26709.53;5;1012;6
26709.7;18;456;5
26709.87;43;890;4
26710.88;26;396;8
26711.9;28;62;2
26712.67;40;693;1
26713.87;42;441;3
26714.95;2;336;7
26715.73;27;262;0
26719.57;16;1197;6
26719.78;18;456;5
26719.87;43;890;4
26720.82;26;396;8
26721.72;28;62;2
26722.71;40;693;1
26724.05;25;473;3
26724.99;29;258;7
26725.76;27;262;0
26727.25;6;1030;11
26729.6;16;1197;6
26729.77;18;456;5
26729.87;43;890;4
26731.08;35;424;8
26731.99;28;62;2
26732.74;40;693;1
26734.13;25;473;3
26735.01;29;258;7
26735.76;27;262;0
26736.8;23;365;9
26739.6;16;1197;6
26739.8;18;456;5
26739.99;11;889;4
26740.89;35;424;8
26741.89;28;62;2
26742.75;40;693;1
26744.13;25;473;3
26745.08;29;258;7
26745.83;30;1185;0
26746.77;23;365;9
26749.65;16;1197;6
26749.8;18;456;5
26750.07;11;889;4
26751.15;35;424;8
26752;31;440;2
26752.82;40;693;1
26754.14;25;473;3
26755.09;29;258;7
26756.04;30;1185;0
26756.88;23;365;9
26759.75;16;1197;6
26759.84;18;456;5
26760.15;11;889;4
26760.78;14;1148;10
26761.23;35;424;8
26761.76;31;440;2
26762.9;8;198;1
26764.23;25;473;3
26765.18;29;258;7
26766.07;30;1185;0
26766.9;23;365;9
26769.83;37;932;5
26770.11;1;952;4
26770.87;14;1148;10
26771.28;35;424;8
26772.04;31;440;2
26772.95;8;198;1
26774.12;9;981;11
26774.28;25;473;3
26775.22;29;258;7
26776.14;30;1185;0
26776.77;23;365;9
26776.95;41;711;6
26779.84;37;932;5
26780.03;1;952;4
26781.23;35;424;8
26782.08;31;440;2
26782.99;7;782;1
26784.16;9;981;11
26784.32;34;995;3
26785.2;29;258;7
26786.15;30;1185;0
26786.9;23;365;9
26786.95;41;711;6
26789.86;37;932;5
26790.19;1;952;4
26791.32;10;95;8
26792.04;31;440;2
26793;36;50;10
26793.17;7;782;1
26794.24;9;981;11
26794.32;34;995;3
26795.25;38;606;7
26796.99;41;711;6
26797.06;21;340;0
26799.86;37;932;5
26800.23;1;952;4
26801.37;10;95;8
26802.13;39;1002;2
26803.03;36;50;10
26803.21;7;782;1
26804.35;34;995;3
26804.44;44;44;9
26805.3;38;606;7
26807.01;41;711;6
26807.11;21;340;0
26809.93;37;932;5
26810.2;4;67;4
26811.54;10;95;8
26812.2;39;1002;2
26813.07;36;50;10
26813.12;13;211;11
26813.23;7;782;1
26814.4;34;995;3
26814.4;44;44;9
26815.36;38;606;7
26817.08;21;340;0
26817.08;41;711;6
26819.57;37;932;5
26820.15;4;67;4
26821.72;10;95;8
26822.24;39;1002;2
26823.02;36;50;10
26823.25;7;782;1
26823.25;13;211;11
26824.44;34;995;3
26824.49;44;44;9
26825.45;38;606;7
26827.08;21;340;0
26827.15;20;830;6
26830.01;22;570;5
26830.25;4;67;4
26831.6;10;95;8
26832.32;39;1002;2
26833.11;0;77;10
26833.28;13;211;11
26834.49;34;995;3
26834.6;44;44;9
26837.13;21;340;0
26837.22;20;830;6
26839.29;19;181;1
26840.07;22;570;5
26840.22;2;221;7
26840.26;4;67;4
26841.8;10;95;8
26842.32;39;1002;2
26843.12;0;77;10
26843.35;13;211;11
26844.53;34;995;3
26844.62;44;44;9
26847.18;12;175;0
26847.27;20;830;6
26849.45;19;181;1
26849.94;22;570;5
26850.23;2;221;7
26852.02;10;95;8
26852.39;39;1002;2
26853.12;0;77;10
26853.48;13;211;11
26854.57;17;541;3
26857.11;12;175;0
26859.42;19;181;1
26860.09;22;570;5
26862.47;39;1002;2
26862.79;24;1020;9
26863.19;0;77;10
26863.5;33;1178;11
26864.63;17;541;3
26867.22;12;175;0
26869.55;19;181;1
26870.17;22;570;5
26872.27;39;1002;2
26873.26;15;1151;10
26873.53;33;1178;11
26874.67;17;541;3
26876.56;1;200;4
26877.27;12;175;0
26880.1;22;570;5
26882.36;39;1002;2
26883.31;15;1151;10
26883.57;33;1178;11
26884.56;17;541;3
26885.89;5;612;6
26886.6;1;200;4
26886.94;3;454;9
26887.34;12;175;0
26890.19;32;390;5
26893.28;15;1151;10
26894.69;42;1164;3
26895.93;5;612;6
26896.94;3;454;9
26897.17;26;829;8
26897.39;12;175;0
26897.59;28;39;2
26898.68;40;259;1
26900.22;32;390;5
26901.22;6;1070;11
26901.31;43;841;4
26903.31;15;1151;10
26904.73;42;1164;3
26905.87;5;612;6
26906.95;3;454;9
26907.23;26;829;8
26907.51;12;175;0
26907.64;28;39;2
26908.76;40;259;1
26910.09;32;390;5
26911.27;6;1070;11
26911.36;43;841;4
26913.31;15;1151;10
26914.78;42;1164;3
26915.98;5;612;6
26917.03;3;454;9
26917.07;26;829;8
26917.41;12;175;0
26917.59;28;39;2
26918.79;40;259;1
26920.26;18;951;5
26921.32;6;1070;11
26921.41;43;841;4
26923.31;14;420;10
26924.93;42;1164;3
26926.11;5;612;6
26927.02;3;454;9
26927.26;26;829;8
26927.52;27;552;0
26927.61;28;39;2
26928.66;40;259;1
26930.31;18;951;5
26931.37;43;841;4
26934.89;42;1164;3
26935.43;36;229;10
26936.28;5;612;6
26936.97;3;454;9
26937.5;27;552;0
26937.72;28;39;2
26937.97;9;804;11
26938.91;40;259;1
26940.35;18;951;5
26941.46;43;841;4
26941.46;38;164;7
26944.94;42;1164;3
26945.44;36;229;10
26946.32;5;612;6
26947.08;3;454;9
26947.53;27;552;0
26947.71;28;39;2
26948.02;9;804;11
26948.74;40;259;1
26949.15;35;249;8
26950.35;18;951;5
26951.43;4;491;4
26951.43;38;164;7
26954.98;42;1164;3
26955.48;36;229;10
26957;3;454;9
26957.54;27;552;0
26957.72;28;39;2
26958.05;9;804;11
26958.91;7;1202;1
26959.37;35;249;8
26960.13;18;951;5
26961.5;4;491;4
26961.55;29;668;7
26961.59;16;911;6
26964.93;42;1164;3
26965.58;36;229;10
26967.58;30;366;0
26967.8;28;39;2
26968.04;9;804;11
26968.96;7;1202;1
26970.19;18;951;5
26971.55;4;491;4
26971.64;16;911;6
26974.97;25;445;3
26975.52;36;229;10
26977.66;30;366;0
26977.7;31;13;2
26978.14;9;804;11
26979.01;7;1202;1
26980.39;18;951;5
26981.52;4;491;4
26981.74;16;911;6
26985.05;25;445;3
26985.55;36;229;10
26985.84;23;334;9
26987.66;30;366;0
26987.84;31;13;2
26988.09;2;152;7
26988.14;9;804;11
26988.93;7;1202;1
26990.39;18;951;5
26991.55;4;491;4
26995.05;25;445;3
26995.52;36;229;10
26997.91;31;13;2
26998.16;2;152;7
26998.2;9;804;11
26998.95;7;1202;1
27001.56;11;897;4
27005.07;25;445;3
27005.36;37;284;5
27005.52;36;229;10
27007.66;5;225;6
27008.16;2;152;7
27008.61;9;804;11
27009.07;8;7;1
27011.61;11;897;4
27012.26;26;109;8
27012.79;44;355;9
27015.15;25;445;3
27015.4;37;284;5
27017.67;5;225;6
27018.24;2;152;7
27018.64;33;738;11
27021.66;11;897;4
27022.9;44;355;9
27023.13;0;465;10
27024.75;10;579;8
27025.06;25;445;3
27025.33;37;284;5
27027.42;5;225;6
27028.35;39;168;2
27028.4;2;152;7
27028.66;33;738;11
27031.69;11;897;4
27032.11;21;924;0
27033.01;44;355;9
27033.14;0;465;10
27034.75;10;579;8
27035.16;17;1052;3
27035.2;37;284;5
27037.57;5;225;6
27038.4;39;168;2
27038.68;33;738;11
27041.72;11;897;4
27042.15;21;924;0
27043.07;44;355;9
27044.83;10;579;8
27045.2;17;1052;3
27045.47;37;284;5
27047.62;5;225;6
27048.44;39;168;2
27048.62;33;738;11
27051.76;11;897;4
27052.19;21;924;0
27053.11;44;355;9
27055.01;10;579;8
27055.27;17;1052;3
27055.59;37;284;5
27056.93;19;1065;1
27057.69;5;225;6
27058.49;39;168;2
27058.68;33;738;11
27061.77;1;1144;4
27062.19;21;924;0
27063.11;44;355;9
27064.27;15;885;10
27065.25;17;1052;3
27065.25;10;579;8
27065.57;37;284;5
27066.98;19;1065;1
27067.57;5;225;6
27068.73;13;527;11
27072.15;27;1118;0
27073.14;44;355;9
27074.07;15;885;10
27075.28;17;1052;3
27075.28;10;579;8
27075.62;37;284;5
27075.73;28;340;2
27077.06;19;1065;1
27077.75;5;225;6
27078.8;13;527;11
27082.24;27;1118;0
27083.18;44;355;9
27084.27;15;885;10
27085.33;17;1052;3
27085.33;10;579;8
27085.65;32;563;5
27085.78;28;340;2
27086.99;19;1065;1
27087.86;5;225;6
27088.78;13;527;11
27092.16;27;1118;0
27093.2;44;355;9
27094.28;14;949;10
27095.33;17;1052;3
27095.33;10;579;8
27095.66;32;563;5
27096.05;28;340;2
27097.15;19;1065;1
27097.86;41;63;6
27098.72;13;527;11
27102.26;12;1041;0
27103.26;24;684;9
27104.28;14;949;10
27105.33;17;1052;3
27105.33;35;901;8
27105.7;32;563;5
27106.09;28;340;2
27107.13;19;1065;1
27107.91;41;63;6
27108.82;13;527;11
27112.31;12;1041;0
27114.12;43;1191;4
27115.36;17;1052;3
27115.4;35;901;8
27115.77;32;563;5
27116.03;28;340;2
27117.24;40;244;1
27117.94;20;510;6
27118.86;6;462;11
27120.28;38;431;7
27121.35;23;649;9
27122.33;12;1041;0
27124.2;43;1191;4
27125.42;34;737;3
27125.64;35;901;8
27125.81;32;563;5
27125.99;28;340;2
27127.28;40;244;1
27127.98;20;510;6
27128.86;6;462;11
27130.31;38;431;7
27131.63;23;649;9
27132.37;12;1041;0
27134.3;43;1191;4
27135.63;34;737;3
27135.63;35;901;8
27135.77;32;563;5
27136.12;28;340;2
27137.33;40;244;1
27138.02;20;510;6
27140.39;38;431;7
27144.1;3;292;9
27144.54;43;1191;4
27145.68;42;1116;3
27145.68;26;83;8
27145.9;32;563;5
27146.1;28;340;2
27147.48;40;244;1
27148.1;20;510;6
27150.26;38;431;7
27154.19;3;292;9
27154.19;36;279;10
27154.63;43;1191;4
27155.43;42;1116;3
27155.43;26;83;8
27156.05;32;563;5
27157.52;40;244;1
27158.14;20;510;6
27160.43;38;431;7
27164.28;3;292;9
27164.43;43;1191;4
27165.76;26;83;8
27165.81;42;1116;3
27166.06;32;563;5
27167.43;40;244;1
27168.3;16;886;6
27170.47;29;987;7
27174.34;3;292;9
27174.63;43;1191;4
27175.7;26;83;8
27175.92;42;1116;3
27176.06;22;505;5
27177.48;40;244;1
27178.34;16;886;6
27179.32;9;122;11
27180.61;29;987;7
27184.65;4;186;4
27185.76;26;83;8
27185.98;42;1116;3
27186.65;18;288;5
27187.59;40;244;1
27188.38;16;886;6
27189.2;9;122;11
27190.68;29;987;7
27194.67;4;186;4
27194.81;30;305;0
27195.8;26;83;8
27196.09;42;1116;3
27196.67;18;288;5
27197.6;40;244;1
27199.18;31;735;2
27200.82;29;987;7
27204.72;4;186;4
27204.86;30;305;0
27205.85;42;1116;3
27206.6;18;288;5
27207.69;40;244;1
27210.91;29;987;7
27214.86;30;305;0
27214.86;4;186;4
27216.16;25;882;3
27216.6;18;288;5
27217.71;40;244;1
27220.94;29;987;7
27220.98;39;344;2
27224.9;30;305;0
27224.9;4;186;4
27226.12;25;882;3
27226.72;18;288;5
27227.73;7;211;1
27230.82;2;1124;7
27230.98;39;344;2
27234.83;33;762;11
27234.95;4;186;4
27236.12;0;1129;10
27236.21;25;882;3
27236.74;18;288;5
27237.8;8;69;1
27239.66;21;1174;0
27240.54;23;757;9
27240.98;39;344;2
27240.98;2;1124;7
27244.87;33;762;11
27244.99;11;466;4
27246.07;0;1129;10
27246.35;5;490;6
27246.52;25;882;3
27246.67;18;288;5
27247.87;8;69;1
27249.71;21;1174;0
27250.63;23;757;9
27251.03;2;1124;7
27254.93;33;762;11
27254.97;11;466;4
27256.16;0;1129;10
27256.42;5;490;6
27256.46;25;882;3
27256.75;18;288;5
27257.87;8;69;1
27259.67;21;1174;0
27260.67;23;757;9
27261.08;2;1124;7
27263.43;35;416;8
27263.58;28;1118;2
27265.01;11;466;4
27265.01;33;762;11
27266.18;15;897;10
27266.43;5;490;6
27266.58;25;882;3
27266.85;18;288;5
27267.72;8;69;1
27269.79;27;109;0
27270.68;23;757;9
27273.48;35;416;8
27273.64;28;1118;2
27275.05;11;466;4
27275.05;33;762;11
27276.15;15;897;10
27276.42;5;490;6
27276.6;25;882;3
27276.86;18;288;5
27279.71;27;109;0
27280.72;23;757;9
27283.53;35;416;8
27283.58;28;1118;2
27285.28;13;317;11
27286.27;15;897;10
27286.42;5;490;6
27286.47;1;621;4
27286.62;25;882;3
27286.91;37;242;5
27289.93;27;109;0
27290.77;24;507;9
27293.58;10;425;8
27295.49;13;317;11
27296.18;15;897;10
27296.47;1;621;4
27296.47;41;339;6
27296.63;25;882;3
27296.97;37;242;5
27297.85;31;936;2
27303.65;10;425;8
27305.62;13;317;11
27306.27;15;897;10
27306.49;41;339;6
27306.53;1;621;4
27306.62;17;110;3
27307.02;37;242;5
27308;31;936;2
27310.52;19;457;1
27315.64;6;646;11
27316.27;14;847;10
27316.49;41;339;6
27316.58;1;621;4
27316.67;17;110;3
27316.72;44;195;9
27317.03;37;242;5
27318.08;31;936;2
27320.56;19;457;1
27324.15;12;312;0
27325.79;6;646;11
27326.27;14;847;10
27326.43;38;481;7
27326.54;1;621;4
27326.54;41;339;6
27326.63;17;110;3
27326.8;44;195;9
27327.07;37;242;5
27328.15;31;936;2
27330.52;19;457;1
27334.24;12;312;0
27335.63;6;646;11
27336.32;14;847;10
27336.47;38;481;7
27336.52;41;339;6
27336.63;17;110;3
27336.89;44;195;9
27337.15;22;319;5
27338.2;43;235;4
27340.63;19;457;1
27342.51;39;643;2
27344.38;12;312;0
27345.86;6;646;11
27346.35;14;847;10
27346.52;38;481;7
27346.56;41;339;6
27346.72;34;835;3
27346.94;44;195;9
27347.32;22;319;5
27348.14;43;235;4
27350.81;19;457;1
27351;26;36;8
27352.81;39;643;2
27354.33;12;312;0
27355.91;9;461;11
27356.37;14;847;10
27356.79;34;835;3
27356.99;3;919;9
27357.37;22;319;5
27358.09;43;235;4
27359.37;20;909;6
27360.85;40;780;1
27361.08;26;36;8
27362.7;39;643;2
27364.42;12;312;0
27365.96;9;461;11
27366.39;36;362;10
27366.83;34;835;3
27367.1;3;919;9
27367.39;32;197;5
27368.24;43;235;4
27369.42;20;909;6
27370.91;40;780;1
27371.19;26;36;8
27372.94;39;643;2
27374.46;12;312;0
27376.04;9;461;11
27376.39;36;362;10
27376.86;34;835;3
27377.15;3;919;9
27377.35;32;197;5
27378.36;43;235;4
27379.44;20;909;6
27380.95;40;780;1
27381.19;26;36;8
27383;39;643;2
27384.53;12;312;0
27385.79;29;1189;7
27386.07;9;461;11
27386.39;36;362;10
27386.87;42;270;3
27387.15;3;919;9
27387.44;18;344;5
27388.43;43;235;4
27389.52;20;909;6
27390.97;40;780;1
27394.45;12;312;0
27395.83;29;1189;7
27396.47;36;362;10
27396.93;42;270;3
27397.52;18;344;5
27398.52;43;235;4
27399.77;20;909;6
27404.76;12;312;0
27405.86;29;1189;7
27406.97;42;270;3
27407.6;18;344;5
27408.75;7;487;1
27409.8;16;358;6
27410.52;33;334;11
27413.93;4;1165;4
27414.78;12;312;0
27415.71;29;1189;7
27417.01;42;270;3
27417.31;35;472;8
27417.76;18;344;5
27418.76;7;487;1
27419.85;16;358;6
27420.66;33;334;11
27423.95;4;1165;4
27424.84;30;630;0
27425.88;29;1189;7
27427.08;42;270;3
27427.26;35;472;8
27427.8;18;344;5
27428.68;7;487;1
27429.89;16;358;6
27430.5;33;334;11
27431.93;23;562;9
27432.89;0;462;10
27433.96;4;1165;4
27434.93;30;630;0
27435.92;29;1189;7
27437.1;42;270;3
27437.23;35;472;8
27437.84;18;344;5
27438.6;7;487;1
27439.9;16;358;6
27440.66;33;334;11
27442.09;23;562;9
27442.81;0;462;10
27443.98;4;1165;4
27444.95;30;630;0
27445.93;29;1189;7
27447.35;35;472;8
27447.68;18;344;5
27448.06;31;282;2
27448.78;7;487;1
27449.95;16;358;6
27450.72;33;334;11
27452.44;23;562;9
27452.85;0;462;10
27454.02;4;1165;4
27454.98;30;630;0
27455.95;2;51;7
27457.29;35;472;8
27457.89;18;344;5
27458.11;31;282;2
27458.64;7;487;1
27460.85;25;793;3
27462.45;23;562;9
27462.89;0;462;10
27463.99;4;1165;4
27465.04;30;630;0
27465.36;13;249;11
27466.02;2;51;7
27468.16;31;282;2
27468.61;7;487;1
27470.87;25;793;3
27472.32;23;562;9
27472.91;0;462;10
27473.33;5;305;6
27473.96;11;803;4
27474.39;37;628;5
27474.95;21;253;0
27475.42;13;249;11
27478.16;31;282;2
27478.74;8;395;1
27480.46;10;271;8
27480.91;25;793;3
27482.51;44;250;9
27482.95;15;414;10
27484.03;11;803;4
27484.44;37;628;5
27485.46;13;249;11
27488.2;31;282;2
27488.82;8;395;1
27490.77;25;793;3
27492.68;27;77;0
27492.78;44;250;9
27493;15;414;10
27494.04;11;803;4
27498.16;31;282;2
27499.07;8;395;1
27500.95;22;950;5
27501.09;17;862;3
27502.73;27;77;0
27502.73;41;717;6
27502.82;44;250;9
27502.96;15;414;10
27505.89;1;283;4
27508.24;31;282;2
27509.14;8;395;1
27510.42;6;1002;11
27510.98;22;950;5
27511.07;17;862;3
27512.75;27;77;0
27512.75;41;717;6
27512.88;44;250;9
27512.88;15;414;10
27515.97;38;1056;7
27516.06;1;283;4
27518.26;28;744;2
27519.25;19;103;1
27520.98;22;950;5
27521.02;34;996;3
27522.76;41;717;6
27522.81;27;77;0
27523.05;24;626;9
27526.01;38;1056;7
27526.18;1;283;4
27527.23;14;480;10
27528.18;28;744;2
27529.23;19;103;1
27531.17;34;996;3
27532.76;41;717;6
27532.81;27;77;0
27533.07;24;626;9
27536.01;38;1056;7
27536.23;1;283;4
27537.11;35;675;8
27537.16;14;480;10
27538.3;28;744;2
27539.27;19;103;1
27541.76;33;815;11
27542.81;27;77;0
27542.81;41;717;6
27543.14;24;626;9
27546.03;38;1056;7
27546.23;1;283;4
27548.27;28;744;2
27549.31;40;1001;1
27550.53;32;52;5
27551.73;33;815;11
27552.76;27;77;0
27552.76;20;387;6
27553.21;24;626;9
27556.11;38;1056;7
27556.29;43;942;4
27558.27;39;1027;2
27559.35;40;1001;1
27560.5;32;52;5
27561.79;33;815;11
27562.89;12;735;0
27562.89;20;387;6
27563.26;24;626;9
27566.17;38;1056;7
27566.31;43;942;4
27568.31;39;1027;2
27569.44;7;284;1
27570.65;32;52;5
27571.66;9;329;11
27572.65;36;760;10
27573.06;20;387;6
27573.1;12;735;0
27573.27;24;626;9
27576.19;38;1056;7
27576.31;43;942;4
27578.34;39;1027;2
27579.54;7;284;1
27580.7;32;52;5
27582.72;36;760;10
27583.1;12;735;0
27583.1;20;387;6
27583.28;3;393;9
27583.43;26;507;8
27586.34;43;942;4
27587.41;42;147;3
27589.56;7;284;1
27590.81;32;52;5
27592.75;36;760;10
27592.97;12;735;0
27592.97;5;796;6
27593.34;3;393;9
27596.34;43;942;4
27597.55;42;147;3
27599.59;7;284;1
27600.86;37;355;5
27602.8;36;760;10
27603.12;12;735;0
27603.16;5;796;6
27603.38;3;393;9
27606.43;43;942;4
27607.59;42;147;3
27608.57;2;122;7
27609.54;7;284;1
27611.04;37;355;5
27613;36;760;10
27613.12;12;735;0
27613.3;5;796;6
27616.43;43;942;4
27617.63;42;147;3
27618.66;2;122;7
27619.63;7;284;1
27620.88;37;355;5
27622.37;31;632;2
27623.16;21;190;0
27623.34;5;796;6
27626.41;35;110;8
27626.5;4;1179;4
27627.6;42;147;3
27628.4;2;122;7
27631.12;37;355;5
27632.73;31;632;2
27633.25;21;190;0
27633.25;16;1031;6
27636.48;35;110;8
27636.57;4;1179;4
27637.71;42;147;3
27638.57;2;122;7
27641.3;37;355;5
27643.32;16;1031;6
27643.39;21;190;0
27644.79;0;413;10
27645.87;13;1121;11
27646.48;35;110;8
27646.73;11;628;4
27647.79;42;147;3
27648.67;2;122;7
27651.36;18;378;5
27653.34;16;1031;6
27653.43;30;136;0
27655.93;13;1121;11
27656.57;35;110;8
27656.77;11;628;4
27657.84;25;1107;3
27658.67;2;122;7
27661.41;18;378;5
27661.71;23;402;9
27663.43;41;154;6
27663.47;30;136;0
27666.6;35;110;8
27667.18;11;628;4
27668.75;29;648;7
27671.3;19;158;1
27671.76;18;378;5
27671.76;23;402;9
27673.55;30;136;0
27676.5;35;110;8
27677.17;11;628;4
27677.23;17;1163;3
27678.85;29;648;7
27681.78;18;378;5
27681.83;23;402;9
27683.78;30;136;0
27686.63;35;110;8
27687.2;11;628;4
27687.28;17;1163;3
27688.9;29;648;7
27690.33;9;1103;11
27691.83;22;73;5
27691.83;44;987;9
27693.82;27;799;0
27694.09;8;4;1
27696.65;10;124;8
27697.22;11;628;4
27697.45;17;1163;3
27698.95;29;648;7
27700.4;9;1103;11
27700.68;39;201;2
27701.88;44;987;9
27701.92;22;73;5
27703.86;27;799;0
27704.13;8;4;1
27706.7;10;124;8
27707.27;11;628;4
27707.74;17;1163;3
27708.08;14;503;10
27708.95;29;648;7
27710.41;9;1103;11
27710.77;28;755;2
27711.78;44;987;9
27713.9;27;799;0
27714.18;8;4;1
27716.67;10;124;8
27717.47;11;628;4
27717.76;17;1163;3
27718.13;14;503;10
27719.03;29;648;7
27720.47;6;377;11
27721.96;44;987;9
27723.93;27;799;0
27724.23;40;829;1
27726.88;26;366;8
27727.17;32;139;5
27727.32;1;708;4
27727.51;17;1163;3
27728.02;14;503;10
27729.3;29;648;7
27730.51;6;377;11
27732.1;44;987;9
27733.97;27;799;0
27734.28;40;829;1
27736.3;5;933;6
27736.93;26;366;8
27737.23;32;139;5
27737.52;1;708;4
27737.82;34;694;3
27738;14;503;10
27740.56;6;377;11
27741.28;38;1041;7
27742.13;44;987;9
27744.01;27;799;0
27744.32;40;829;1
27746.3;5;933;6
27746.99;26;366;8
27747.31;32;139;5
27747.55;4;1166;4
27747.59;34;694;3
27748.25;15;551;10
27750.59;6;377;11
27751.31;38;1041;7
27752.05;44;987;9
27754.35;40;829;1
27756.3;5;933;6
27757.03;26;366;8
27757.35;32;139;5
27757.59;4;1166;4
27757.91;34;694;3
27758.26;15;551;10
27760.58;6;377;11
27761.39;38;1041;7
27762.18;3;752;9
27764.4;19;165;1
27766.19;20;649;6
27767.06;26;366;8
27767.37;32;139;5
27767.61;4;1166;4
27767.9;34;694;3
27768.3;15;551;10
27770.44;6;377;11
27771.48;38;1041;7
27772.32;3;752;9
27774.4;19;165;1
27776.38;20;649;6
27777.06;26;366;8
27777.91;34;694;3
27778.33;15;551;10
27780.57;6;377;11
27782.41;3;752;9
27784.32;19;165;1
27786.41;20;649;6
27786.82;26;366;8
27787.92;34;694;3
27790.66;33;302;11
27791.46;31;142;2
27792.44;24;449;9
27794.07;0;1075;10
27794.46;7;918;1
27796.41;20;649;6
27797.75;34;694;3
27798.29;43;1124;4
27800.7;33;302;11
27801.05;2;1032;7
27801.46;31;142;2
27802.42;24;449;9
27804.13;0;1075;10
27804.47;7;918;1
27806.42;20;649;6
27807.97;21;562;0
27807.97;34;694;3
27811.05;2;1032;7
27811.51;31;142;2
27812.31;24;449;9
27814.14;0;1075;10
27814.39;37;154;5
27814.52;7;918;1
27816.47;20;649;6
27818.01;21;562;0
27818.01;34;694;3
27821.09;2;1032;7
27821.6;31;142;2
27822.47;24;449;9
27824.16;36;454;10
27824.43;37;154;5
27824.53;7;918;1
27826.53;20;649;6
27828.01;21;562;0
27828.05;42;1127;3
27829.23;1;462;4
27829.66;13;8;11
27831.1;2;1032;7
27831.65;31;142;2
27832.41;24;449;9
27834.19;36;454;10
27834.57;7;918;1
27834.94;35;450;8
27836.57;20;649;6
27838.08;12;72;0
27838.08;42;1127;3
27839.23;1;462;4
27841.13;2;1032;7
27842.51;23;942;9
27844.26;36;454;10
27844.5;7;918;1
27844.95;35;450;8
27846.43;16;274;6
27848.12;12;72;0
27848.17;42;1127;3
27848.21;28;53;2
27849.3;1;462;4
27851.16;2;1032;7
27852.58;23;942;9
27853.17;33;99;11
27854.46;36;454;10
27854.97;35;450;8
27856.61;41;1092;6
27858.16;12;72;0
27858.21;42;1127;3
27859.21;1;462;4
27861.17;2;1032;7
27862.62;23;942;9
27863.21;33;99;11
27864.52;14;98;10
27864.99;10;906;8
27866.72;41;1092;6
27867.5;22;1138;5
27868.19;12;72;0
27868.24;25;640;3
27869.3;11;465;4
27871.2;2;1032;7
27873.24;33;99;11
27874.38;14;98;10
27875.05;10;906;8
27876.76;41;1092;6
27877.61;22;1138;5
27878.21;12;72;0
27878.3;25;640;3
27879.38;11;465;4
27883.78;9;819;11
27884.64;14;98;10
27885.14;10;906;8
27886.77;5;335;6
27887.52;22;1138;5
27888.23;27;980;0
27888.38;25;640;3
27889.13;19;491;1
27890.82;29;315;7
27892.77;3;765;9
27893.75;39;399;2
27893.86;9;819;11
27894.52;14;98;10
27895.07;10;906;8
27896.84;5;335;6
27897.47;22;1138;5
27898.23;27;980;0
27898.42;25;640;3
27899.17;40;3;1
27900.78;29;315;7
27902.73;3;765;9
27903.83;39;399;2
27903.87;9;819;11
27904.68;14;98;10
27905.21;10;906;8
27906.87;5;335;6
27908.15;27;980;0
27908.48;25;640;3
27909.42;40;3;1
27912.77;3;765;9
27913.88;39;399;2
27913.88;9;819;11
27914.28;18;610;5
27915.32;10;906;8
27915.48;43;348;4
27916.77;5;335;6
27918.31;27;980;0
27918.71;17;296;3
27919.35;40;3;1
27922.84;44;685;9
27923.84;39;399;2
27923.92;9;819;11
27924.28;38;56;7
27924.75;32;544;5
27925.53;43;348;4
27926.9;5;335;6
27928.39;27;980;0
27928.77;17;296;3
27929.5;8;782;1
27932.92;44;685;9
27933.91;39;399;2
27934.04;9;819;11
27934.75;32;544;5
27935.42;36;109;10
27935.57;43;348;4
27938.47;27;980;0
27938.82;17;296;3
27943;44;685;9
27944.81;32;544;5
27945.42;36;109;10
27945.56;43;348;4
27946.71;26;20;8
27948.49;13;1052;11
27948.58;27;980;0
27948.89;17;296;3
27953.04;44;685;9
27954.85;32;544;5
27955.43;36;109;10
27955.8;43;348;4
27956.75;26;20;8
27958.23;28;407;2
27958.59;13;1052;11
27958.63;30;615;0
27958.97;17;296;3
27963.09;44;685;9
27965.09;32;544;5
27965.18;36;109;10
27965.9;4;409;4
27966.8;26;20;8
27968.31;28;407;2
27968.52;13;1052;11
27968.63;30;615;0
27969.08;17;296;3
27972.03;29;429;7
27973.27;44;685;9
27975.17;37;1083;5
27975.43;36;109;10
27975.99;4;409;4
27976.56;35;305;8
27978.25;28;407;2
27978.51;6;627;11
27978.63;30;615;0
27979.12;17;296;3
27982.08;29;429;7
27983.33;24;264;9
27985.27;37;1083;5
27985.31;15;158;10
27986.01;4;409;4
27986.81;35;305;8
27988.35;28;407;2
27988.66;6;627;11
27989.14;17;296;3
27992.07;29;429;7
27993.38;24;264;9
27995.17;37;1083;5
27995.31;15;158;10
27996.05;11;339;4
27996.87;35;305;8
27998.31;28;407;2
28002.15;29;429;7
28002.82;20;383;6
28003.42;24;264;9
28005.31;37;1083;5
28005.49;15;158;10
28008.44;31;606;2
28012.24;29;429;7
28013.14;20;383;6
28013.33;7;675;1
28013.98;12;380;0
28015.31;37;1083;5
28015.49;15;158;10
28017.8;3;139;9
28018.59;31;606;2
28020;34;712;3
28022.29;2;420;7
28023.4;7;675;1
28024.14;12;380;0
28025.29;37;1083;5
28025.56;15;158;10
28027.02;16;223;6
28027.86;3;139;9
28028.6;31;606;2
28030.03;34;712;3
28032.42;2;420;7
28033.37;7;675;1
28034.07;12;380;0
28034.3;1;698;4
28035.6;15;158;10
28037.98;3;139;9
28038.61;31;606;2
28040.04;34;712;3
28043.48;7;675;1
28044.09;12;380;0
28044.43;1;698;4
28045.32;15;158;10
28046.48;41;739;6
28048;3;139;9
28048.63;31;606;2
28050.04;34;712;3
28051.71;33;162;11
28053.54;7;675;1
28054.21;21;445;0
28054.43;1;698;4
28055.65;0;815;10
28056.48;41;739;6
28058.7;39;1084;2
28058.74;18;617;5
28060.09;42;179;3
28061.83;33;162;11
28063.58;7;675;1
28064.44;1;698;4
28065.72;0;815;10
28068.71;39;1084;2
28068.76;18;617;5
28070.05;42;179;3
28070.4;10;4;8
28070.56;23;1134;9
28071.85;33;162;11
28073.6;7;675;1
28075.54;0;815;10
28078.76;39;1084;2
28078.76;18;617;5
28079.06;27;307;0
28080.13;42;179;3
28080.18;10;4;8
28080.68;23;1134;9
28081.89;33;162;11
28083.68;7;675;1
28085.77;0;815;10
28085.81;5;481;6
28088.52;39;1084;2
28088.8;22;457;5
28089.08;27;307;0
28090.03;42;179;3
28090.79;23;1134;9
28091.43;38;709;7
28091.97;33;162;11
28093.74;7;675;1
28095.79;0;815;10
28095.92;43;52;4
28096.05;5;481;6
28098.55;39;1084;2
28098.8;22;457;5
28099.14;27;307;0
28100.18;42;179;3
28100.83;23;1134;9
28101.6;38;709;7
28102.11;9;338;11
28103.78;7;675;1
28105.82;0;815;10
28105.97;43;52;4
28105.97;5;481;6
28108.65;39;1084;2
28108.8;22;457;5
28109.14;27;307;0
28110.3;42;179;3
28110.69;23;1134;9
28111.63;38;709;7
28111.85;26;1194;8
28112.14;9;338;11
28113.8;7;675;1
28115.88;14;85;10
28116.06;43;52;4
28116.06;5;481;6
28118.77;39;1084;2
28118.82;22;457;5
28119.19;27;307;0
28120.1;42;179;3
28121.1;44;1136;9
28121.65;38;709;7
28121.88;26;1194;8
28122.18;6;721;11
28123.86;19;500;1
28125.99;14;85;10
28128.82;39;1084;2
28129.45;27;307;0
28130.21;42;179;3
28131.17;44;1136;9
28131.35;38;709;7
28132.3;6;721;11
28133.9;19;500;1
28136.08;14;85;10
28138.86;28;974;2
28139.41;27;307;0
28140;11;784;4
28140.33;42;179;3
28141.21;44;1136;9
28141.55;38;709;7
28142.38;6;721;11
28143.99;19;500;1
28144.82;35;465;8
28145.98;14;85;10
28148.89;28;974;2
28149.5;27;307;0
28150.12;11;784;4
28150.37;25;151;3
28151.39;44;1136;9
28151.66;38;709;7
28152.5;6;721;11
28154.07;19;500;1
28154.89;35;465;8
28156.12;36;1189;10
28158.55;32;355;5
28159.62;30;1100;0
28160.16;11;784;4
28160.42;25;151;3
28161.22;44;1136;9
28162.54;6;721;11
28164.1;19;500;1
28164.79;35;465;8
28166.2;36;1189;10
28168.56;32;355;5
28170.15;4;801;4
28170.27;17;57;3
28171.41;44;1136;9
28172.28;6;721;11
28174.1;19;500;1
28176.44;36;1189;10
28176.6;20;787;6
28178.65;32;355;5
28180.23;4;801;4
28180.47;17;57;3
28181.45;44;1136;9
28182.67;13;536;11
28184.05;12;1042;0
28184.12;19;500;1
28185.22;29;1065;7
28186.51;36;1189;10
28188.06;31;521;2
28188.8;37;392;5
28190.22;4;801;4
28190.54;17;57;3
28191.45;44;1136;9
28192.87;13;536;11
28193.99;12;1042;0
28194.12;19;500;1
28195.26;29;1065;7
28196.48;36;1189;10
28198.13;31;521;2
28198.88;37;392;5
28200.24;4;801;4
28200.57;17;57;3
28201.35;24;649;9
28202.97;13;536;11
28204.12;40;1166;1
28205.26;29;1065;7
28206.6;15;596;10
28208.26;31;521;2
28208.95;37;392;5
28210.13;4;801;4
28210.57;17;57;3
28211.47;24;649;9
28213.07;33;866;11
28214.15;40;1166;1
28215.29;2;53;7
28216.61;15;596;10
28218.33;31;521;2
28218.37;16;323;6
28220.32;1;459;4
28220.62;17;57;3
28221.49;24;649;9
28222.31;21;56;0
28222.55;10;81;8
28223.04;33;866;11
28224.2;8;402;1
28225.24;2;53;7
28226.6;15;596;10
28228.49;16;323;6
28230.41;1;459;4
28230.63;34;742;3
28231.54;24;649;9
28232.39;21;56;0
28232.59;10;81;8
28233.12;9;153;11
28234.23;8;402;1
28235.17;2;53;7
28235.72;18;1032;5
28236.68;15;596;10
28238.35;16;323;6
28240.48;1;459;4
28240.68;34;742;3
28241.66;3;1090;9
28242.29;21;56;0
28242.64;10;81;8
28243.29;9;153;11
28244.28;8;402;1
28245.97;18;1032;5
28246.68;28;728;2
28248.48;41;383;6
28250.62;43;103;4
28250.7;34;742;3
28252.02;3;1090;9
28252.5;21;56;0
28253.3;9;153;11
28254.35;8;402;1
28256.03;18;1032;5
28256.7;28;728;2
28257.63;0;428;10
28258.48;41;383;6
28260.66;43;103;4
28260.75;42;282;3
28262.1;3;1090;9
28262.5;21;56;0
28263.12;9;153;11
28264.29;8;402;1
28266.08;18;1032;5
28266.76;28;728;2
28267.94;0;428;10
28269.25;26;618;8
28270.7;43;103;4
28270.9;42;282;3
28270.94;20;1003;6
28272.03;3;1090;9
28272.56;27;77;0
28273.35;9;153;11
28276.61;28;728;2
28278.14;0;428;10
28279.34;26;618;8
28280.65;43;103;4
28280.94;42;282;3
28282.15;3;1090;9
28282.58;27;77;0
28286.78;28;728;2
28288.1;0;428;10
28289.4;38;737;7
28290.82;11;586;4
28290.95;42;282;3
28291.81;22;249;5
28292.2;3;1090;9
28296.74;28;728;2
28298.15;0;428;10
28299.63;38;737;7
28300.84;11;586;4
28301.79;5;461;6
28302.47;23;922;9
28306.71;39;1194;2
28309.42;38;737;7
28310.69;11;586;4
28311.82;5;461;6
28312.62;30;25;0
28312.62;23;922;9
28316.68;39;1194;2
28318.64;36;492;10
28319.71;32;765;5
28319.71;38;737;7
28319.71;6;158;11
28320.88;11;586;4
28321.86;40;655;1
28321.91;5;461;6
28322.36;23;922;9
28322.67;30;25;0
28326.85;39;1194;2
28328.61;36;492;10
28329.79;32;765;5
28330.74;11;586;4
28331.93;40;655;1
28331.93;5;461;6
28332.69;23;922;9
28332.74;30;25;0
28334.53;34;1189;3
28337.26;39;1194;2
28338.68;36;492;10
28339.69;32;765;5
28340.89;11;586;4
28341.77;40;655;1
28341.77;5;461;6
28342.74;23;922;9
28344.71;35;924;8
28347.31;39;1194;2
28348.61;36;492;10
28349.79;32;765;5
28350.78;13;1116;11
28350.94;4;982;4
28352;7;863;1
28352;17;780;3
28352;5;461;6
28352.78;23;922;9
28354.78;35;924;8
28357.44;39;1194;2
28358.71;36;492;10
28360.89;4;982;4
28360.89;13;1116;11
28362.21;5;461;6
28362.25;17;780;3
28362.83;44;783;9
28364.53;12;638;0
28364.82;35;924;8
28367.48;31;544;2
28368.76;36;492;10
28370.89;4;982;4
28370.89;13;1116;11
28371.06;19;47;1
28372.3;17;780;3
28372.74;29;1063;7
28372.85;44;783;9
28374.61;12;638;0
28377.54;31;544;2
28378.48;37;1146;5
28378.67;14;321;10
28381.02;33;993;11
28381.06;4;982;4
28381.21;19;47;1
28382.38;25;43;3
28382.85;29;1063;7
28382.85;44;783;9
28384.76;12;638;0
28387.57;31;544;2
28388.65;37;1146;5
28388.82;14;321;10
28388.94;16;1015;6
28391.03;33;993;11
28391.17;4;982;4
28391.28;19;47;1
28392.48;25;43;3
28392.89;29;1063;7
28392.93;44;783;9
28397.59;31;544;2
28398.69;37;1146;5
28398.92;14;321;10
28399.02;16;1015;6
28401.07;33;993;11
28401.3;19;47;1
28401.34;1;1112;4
28402.56;25;43;3
28402.92;29;1063;7
28407.55;31;544;2
28408.64;37;1146;5
28408.95;14;321;10
28409.04;16;1015;6
28411.18;33;993;11
28411.38;19;47;1
28411.63;26;1098;8
28411.67;1;1112;4
28412.48;24;406;9
28412.59;25;43;3
28413.23;2;201;7
28417.64;31;544;2
28418.74;37;1146;5
28418.93;14;321;10
28419;16;1015;6
28421.26;33;993;11
28421.52;26;1098;8
28422.56;24;406;9
28422.64;25;43;3
28423.35;2;201;7
28427.68;31;544;2
28428.89;37;1146;5
28429;16;1015;6
28429;14;321;10
28431.31;33;993;11
28432.62;24;406;9
28432.67;10;1049;8
28432.71;25;43;3
28436.27;8;451;1
28437.61;28;942;2
28438.73;37;1146;5
28439.05;14;321;10
28439.1;20;318;6
28441.26;9;380;11
28442.67;24;406;9
28442.71;10;1049;8
28442.76;25;43;3
28445.23;21;888;0
28446.31;8;451;1
28447.68;28;942;2
28448.87;37;1146;5
28449.04;14;321;10
28449.1;20;318;6
28451.44;9;380;11
28452.71;10;1049;8
28452.71;24;406;9
28452.76;25;43;3
28454.79;43;335;4
28455.38;21;888;0
28456.13;8;451;1
28457.72;28;942;2
28457.94;38;365;7
28458.96;37;1146;5
28459.07;14;321;10
28459.11;20;318;6
28461.5;9;380;11
28462.64;10;1049;8
28462.76;42;304;3
28462.76;24;406;9
28464.84;43;335;4
28465.43;21;888;0
28466.27;8;451;1
28467.66;28;942;2
28467.95;38;365;7
28468.89;37;1146;5
28469.1;14;321;10
28469.15;20;318;6
28471.27;9;380;11
28472.76;42;304;3
28472.76;10;1049;8
28472.81;24;406;9
28474.94;43;335;4
28475.5;21;888;0
28476.37;8;451;1
28477.77;28;942;2
28478.04;38;365;7
28478.98;18;475;5
28479.03;15;932;10
28479.15;41;959;6
28482.8;42;304;3
28482.85;10;1049;8
28482.85;24;406;9
28484.91;43;335;4
28485.62;27;829;0
28486.46;7;1189;1
28487.81;28;942;2
28488.37;38;365;7
28489.03;22;1061;5
28489.16;41;959;6
28489.16;15;932;10
28492.75;34;1114;3
28492.89;10;1049;8
28492.89;24;406;9
28495.66;27;829;0
28496.5;7;1189;1
28497.85;28;942;2
28497.89;13;1046;11
28498.45;38;365;7
28499.07;22;1061;5
28499.19;41;959;6
28499.24;15;932;10
28502.81;34;1114;3
28503.17;24;406;9
28505.6;27;829;0
28506.5;7;1189;1
28507.85;28;942;2
28508.2;6;4;11
28508.47;38;365;7
28509.24;41;959;6
28509.38;15;932;10
28510.68;32;507;5
28512.83;34;1114;3
28513.26;24;406;9
28515.25;11;250;4
28515.73;27;829;0
28516.54;7;1189;1
28517.89;28;942;2
28518.3;6;4;11
28518.61;38;365;7
28519.28;41;959;6
28519.46;15;932;10
28520.71;32;507;5
28522.89;34;1114;3
28523.35;3;427;9
28525.29;11;250;4
28525.77;27;829;0
28526.54;7;1189;1
28527.92;28;942;2
28528.62;38;365;7
28528.62;6;4;11
28529.17;41;959;6
28529.54;0;734;10
28530.55;32;507;5
28532.94;17;388;3
28533.51;3;427;9
28535.26;11;250;4
28535.8;27;829;0
28536.56;7;1189;1
28537.86;28;942;2
28538.68;38;365;7
28538.68;6;4;11
28539.41;0;734;10
28539.72;5;822;6
28540.04;35;558;8
28540.75;32;507;5
28542.96;17;388;3
28543.6;3;427;9
28545.47;11;250;4
28545.88;27;829;0
28546.35;7;1189;1
28547.94;28;942;2
28548.68;29;169;7
28548.85;6;4;11
28549.58;0;734;10
28549.81;5;822;6
28550.13;35;558;8
28550.56;32;507;5
28553.03;17;388;3
28553.64;3;427;9
28555.32;11;250;4
28556.01;27;829;0
28556.57;40;142;1
28557.81;28;942;2
28558.8;29;169;7
28559.03;6;4;11
28559.61;36;562;10
28559.86;20;612;6
28560.35;35;558;8
28560.8;32;507;5
28563.69;3;427;9
28565.39;11;250;4
28566.31;30;546;0
28566.61;40;142;1
28567.88;39;154;2
28568.83;29;169;7
28569.58;36;562;10
28570.01;20;612;6
28570.3;35;558;8
28570.59;32;507;5
28573.69;3;427;9
28575.5;1;79;4
28576.42;12;560;0
28576.56;40;142;1
28577.97;39;154;2
28578.89;29;169;7
28579.65;36;562;10
28580.08;20;612;6
28580.43;26;377;8
28582.92;33;747;11
28583.78;3;427;9
28585.58;1;79;4
28585.97;37;60;5
28586.52;12;560;0
28586.61;40;142;1
28587.77;39;154;2
28589.04;29;169;7
28590.14;20;612;6
28590.55;26;377;8
28592.97;33;747;11
28594.02;3;427;9
28595.66;1;79;4
28595.93;37;60;5
28596.55;12;560;0
28596.64;40;142;1
28596.73;25;242;3
28597.98;39;154;2
28599.16;2;104;7
28600.14;20;612;6
28600.63;26;377;8
28603.02;33;747;11
28604.2;3;427;9
28605.69;4;811;4
28605.87;37;60;5
28606.6;12;560;0
28606.6;19;608;1
28606.73;25;242;3
28608.01;39;154;2
28609.04;2;104;7
28610.16;20;612;6
28610.64;26;377;8
28613.05;9;754;11
28614.22;23;146;9
28615.72;4;811;4
28616.05;37;60;5
28616.63;12;560;0
28616.63;19;608;1
28616.69;25;242;3
28617.65;14;291;10
28617.92;39;154;2
28619.2;2;104;7
28620.09;16;927;6
28620.67;26;377;8
28623.11;9;754;11
28624.29;23;146;9
28625.76;4;811;4
28625.98;37;60;5
28626.65;19;608;1
28626.83;25;242;3
28627.77;14;291;10
28628.04;31;199;2
28629.29;2;104;7
28630.2;16;927;6
28630.71;26;377;8
28633.24;9;754;11
28634.48;23;146;9
28635.77;4;811;4
28636.13;37;60;5
28636.67;19;608;1
28636.94;25;242;3
28637.86;14;291;10
28639.25;2;104;7
28640.24;16;927;6
28640.69;26;377;8
28643.32;9;754;11
28644.39;23;146;9
28645.85;43;487;4
28646.22;18;481;5
28647.74;14;291;10
28649.37;2;104;7
28650.17;41;730;6
28650.8;26;377;8
28652.69;8;778;1
28653.51;9;754;11
28654.55;23;146;9
28655.93;43;487;4
28656.35;22;424;5
28659.39;2;104;7
28660.27;41;730;6
28660.57;10;1137;8
28662.02;0;697;10
28662.75;8;778;1
28663.1;34;159;3
28663.55;13;606;11
28664.88;23;146;9
28666.33;22;424;5
28666.57;21;1128;0
28669.4;38;765;7
28670.86;10;1137;8
28672.15;0;697;10
28673.11;34;159;3
28673.64;13;606;11
28674.92;23;146;9
28676.3;22;424;5
28676.4;21;1128;0
28679.45;38;765;7
28680.9;10;1137;8
28682.24;36;490;10
28683.14;34;159;3
28683.74;13;606;11
28684.91;23;146;9
28686.4;22;424;5
28686.58;21;1128;0
28689.53;38;765;7
28690.88;10;1137;8
28692.3;36;490;10
28693.19;34;159;3
28693.88;13;606;11
28694.96;44;98;9
28696.24;22;424;5
28696.49;21;1128;0
28699.61;38;765;7
28700.59;10;1137;8
28701.03;40;452;1
28702.33;36;490;10
28703.21;34;159;3
28703.75;13;606;11
28704.99;44;98;9
28706.38;22;424;5
28706.58;21;1128;0
28709.62;38;765;7
28710.93;10;1137;8
28711.08;40;452;1
28712.37;36;490;10
28713.23;34;159;3
28713.9;13;606;11
28715.08;44;98;9
28715.42;31;1165;2
28716.49;22;424;5
28716.62;21;1128;0
28720.95;10;1137;8
28720.99;40;452;1
28722.38;15;156;10
28723.09;34;159;3
28723.92;13;606;11
28724.96;44;98;9
28725.47;31;1165;2
28726.5;22;424;5
28726.65;21;1128;0
28730.12;29;113;7
28731.11;40;452;1
28731.57;11;447;4
28732.38;15;156;10
28733.28;34;159;3
28733.38;5;506;6
28733.96;13;606;11
28735.16;44;98;9
28735.51;28;303;2
28736.55;22;424;5
28736.7;30;603;0
28740.2;29;113;7
28741.17;7;541;1
28741.57;11;447;4
28742.45;15;156;10
28743.38;34;159;3
28743.75;5;506;6
28744.04;13;606;11
28745.28;24;860;9
28745.54;28;303;2
28746.57;22;424;5
28746.71;30;603;0
28750.32;29;113;7
28751.54;7;541;1
28751.59;11;447;4
28752.54;15;156;10
28753.41;34;159;3
28753.5;5;506;6
28754.03;13;606;11
28755.34;24;860;9
28755.57;28;303;2
28756.57;32;1089;5
28756.8;27;599;0
28760.22;29;113;7
28761.25;7;541;1
28761.63;11;447;4
28762.63;15;156;10
28762.72;35;980;8
28763.46;42;346;3
28763.59;5;506;6
28764.01;6;868;11
28765.34;24;860;9
28765.62;28;303;2
28766.63;32;1089;5
28766.84;27;599;0
28770.34;29;113;7
28771.43;7;541;1
28771.63;11;447;4
28772.72;15;156;10
28772.8;35;980;8
28773.5;42;346;3
28773.79;20;439;6
28774.05;6;868;11
28775.38;24;860;9
28775.63;28;303;2
28776.72;18;879;5
28776.84;27;599;0
28780.43;29;113;7
28781.51;7;541;1
28781.59;11;447;4
28782.56;14;1046;10
28782.96;35;980;8
28783.71;42;346;3
28784.09;6;868;11
28785.43;24;860;9
28785.67;28;303;2
28786.72;18;879;5
28786.88;12;371;0
28791.46;7;541;1
28791.67;1;610;4
28792.76;14;1046;10
28792.85;35;980;8
28793.8;42;346;3
28794.14;6;868;11
28795.35;24;860;9
28795.72;28;303;2
28796.72;18;879;5
28797.09;12;371;0
28799.11;41;577;6
