idx;queue_wait_sec;picking_time_sec
0;5.38351576468651;3.01388888888889
1;6.88823954192047;13.0555555555556
2;6.89722222222222;13.025
3;8.24787156919064;3.04101731969826
4;8.30620490252397;3.04444444444444
5;5.4527777777778;3.03333333333333
6;6.96111111111114;13.0576839863649
7;8.25000000000001;3.02712843080933
8;5.37745809155383;3.01111111111113
9;5.44935065303163;13.0416666666667
10;5.41388888888889;3.04444444444445
11;16.4478715691906;3.03953823585734
12;5.42131358801677;4.51388888888886
13;6.88055555555556;3.04444444444445
14;6.88611111111113;13.0506493469684
15;5.46944444444446;3.04444444444445
16;6.9527777777778;3.03333333333332
17;6.84444444444446;33.082683986365
18;5.40093123723685;3.04444444444445
19;6.75277777777778;13.0012986939368
20;12.5370774040106;24.0903679727298
21;5.42073938865984;83.4062049025242
22;14.1965728752539;63.2006493469685
23;6.87777777777781;34.9173160136351
24;8.26925222005634;23.0444444444445
25;6.91453823585732;53.2
26;8.25277777777779;3.02500000000001
27;5.42777777777778;73.3305555555557
28;14.2555555555557;83.2250000000002
29;5.40833333333342;3.84722222222226
30;5.40342712474632;13.0792568616188
31;8.27009379141302;23.2527777777779
32;73.8143880793058;4.24166666666665
33;5.41388888888889;13.0194444444445
34;17.4743506530317;3.04444444444445
35;6.76601731969808;83.2805555555556
36;40.7875901949521;3.04101731969803
37;5.4094167084013;13.0450000000002
38;21.6049062085871;13.0361111111113
39;5.41311663567734;24.9478715691906
40;6.91536797272974;4.91240980504801
41;5.45846165328209;13.0444444444444
42;6.20898268030177;45.0299062085871
43;15.2875901949519;53.122222222222
44;6.75961704231486;53.0416666666664
45;18.9008297368723;13.0638888888886
46;6.97350465870198;3.01731601363502
47;5.42224980357116;63.1598124171738
48;6.92582973687206;43.1880591520168
49;6.93611111111068;13.0430591520167
50;5.375;43.0694444444442
51;5.38805915201698;13.0506493469682
52;6.89314575050736;13.0450937914127
53;6.19518038990384;96.0812049025235
54;66.8916666666663;73.1749999999998
55;6.16944444444442;53.4006493469681
56;5.45779171518308;43.1200937914124
57;20.3886187631251;3.01314575050759
58;5.38120490252379;33.1414862767631
59;8.24787156919064;33.0423160136351
60;75.3485209161587;3.04444444444442
61;6.88952903682616;13.0708297368716
62;30.2191759206416;23.0014790838401
63;5.41518758282626;13.0444444444444
64;5.40790938126696;23.0812049025245
65;5.45591716458682;3.04444444444442
66;5.375;23.050743138382
67;5.387590194952;55.8085137232363
68;5.50759019495121;106.30963202727
69;6.87722609447837;33.1196248343479
70;23.5032467348433;45.3591630702052
71;5.3783430056825;45.6174964035382
72;10.1264790838401;116.285533976787
73;6.25555555555553;33.123232348997
74;6.21176045807948;43.070346393961
75;8.27943725152107;3.01768398636329
76;6.92338450643888;33.0682611206893
77;40.598269826762;35.3857143666911
78;136.845212628966;13.0124820176938
79;8.24787156919064;3.0379869393721
80;6.77942011295073;43.641666666667
81;31.0027777777778;23.0550000000003
82;7.71166666666659;3.04444444444448
83;6.92222222222233;13.0678715691905
84;5.375;93.7520202535514
85;6.9388888888891;46.3500000000007
86;6.94722222222288;43.1361111111117
87;22.7150937914131;63.2179653606041
88;6.79870130606287;23.0673160136349
89;5.38768398636512;23.1444444444447
90;5.37647908384088;13.0444444444445
91;5.399890383958;54.7027777777781
92;22.6617604580798;23.195923528286
93;8.2589826803021;23.1784271247469
94;6.91305915201701;25.1750000000003
95;30.2550000000011;3.04444444444448
96;5.41388888888866;5.61731601363556
97;5.37805487639048;73.3923160136362
98;6.843795097476;33.0611111111111
99;13.5111111111121;33.0617604580801
100;5.45289270640012;5.28185424949265
101;6.875;43.1527777777779
102;27.5963627791709;85.1666666666674
103;7.39403865963936;3.03094510705273
104;13.8965728752536;23.0509451070527
105;48.3214223406794;73.5805555555561
106;5.3944444444445;56.0839826803027
107;6.1965728752532;53.0878715691912
108;6.89999999999986;23.0527777777778
109;5.41453823585744;73.2129653606045
110;30.1111111111115;45.9095382358576
111;6.94405489294729;54.5944444444442
112;19.6669925537046;83.1795382358581
113;15.1907215596145;5.07823954192054
114;5.37657287525417;85.8990764717146
115;5.40833333333342;34.8025901949522
116;22.4083333333335;43.6428715691904
117;55.2450389361692;125.598427124747
118;10.1700000000001;13.044350653032
119;5.38645230002658;3.04444444444448
120;6.99880679951082;35.9123160136352
121;29.7764210299506;13.061760458079
122;5.40984796892064;33.0611111111114
123;5.375;43.1301803899046
124;6.875;13.0444444444445
125;6.75833333333344;13.0500000000002
126;5.41323954192114;4.96055555555495
127;5.39944444444416;63.3104617641437
128;41.4486181777869;3.04444444444448
129;6.79166666666663;23.1992640545412
130;5.40851372323823;65.1027777777781
131;38.3565829749981;53.1713924853498
132;7.77666666666778;33.052777777777
133;6.75277777777774;44.7477777777764
134;5.37851372323826;75.7133333333344
135;40.7502870317534;55.2855555555565
136;5.41611111111047;13.0444444444445
137;6.79913312693566;43.0944444444445
138;5.39704655248261;3.00888888888869
139;6.94046176414338;43.0845382358569
140;6.875;3.04444444444448
141;5.38738701622981;3.0411111111116
142;5.37833333333367;24.5512049025238
143;34.8304054791529;33.1589826803024
144;5.38888888888903;63.3699999999993
145;6.75525984234537;23.0534271247466
146;5.41912349659344;103.23388888889
147;5.40333333333263;3.04444444444448
148;6.88898268030312;13.0583333333337
149;6.89176045808063;5.0832395419194
150;6.84363761873306;43.3389826803029
151;5.3797273921856;3.04444444444448
152;25.8577777777791;43.1944444444448
153;6.80425686161857;35.7678715691902
154;36.0310731081468;53.1355555555565
155;27.0374133675119;33.2228715691914
156;6.7796900747602;43.3104617641427
157;5.38046176414139;73.1477777777774
158;5.375;33.1139826803029
159;6.92990620858598;45.1117604580801
160;35.1793506530324;65.8750937914141
161;6.89657287525267;43.1494444444454
162;5.37777777777808;63.2272222222231
163;5.37722222222283;3.01388888888891
164;51.8722222222219;24.0027777777782
165;6.18277777777848;53.1444444444446
166;11.2300000000007;44.4716666666675
167;6.22499999999991;63.2643506530314
168;6.875;43.1666666666672
169;6.78971527638373;3.019538235857
170;5.45009379141311;5.69601731969806
171;6.93611111111113;43.1193506530319
172;6.32777777777778;23.0494444444444
173;46.3376160453745;63.2083333333337
174;5.42210494125106;13.063795097476
175;6.88111111111152;33.2522222222221
176;6.22574313838118;5.16055555555545
177;5.37500000000023;3.04444444444448
178;51.2521284308098;3.01444444444405
179;5.38388888888949;53.1500000000005
180;6.20823954192019;13.0744444444447
181;14.1222222222223;23.1034271247463
182;6.26046176414229;23.067316013635
183;8.24787156919069;45.2135209161604
184;6.875;43.1027777777781
185;25.3441931742877;3.04444444444448
186;21.8888888888885;45.4312049025243
187;5.4111111111115;23.0260173196973
188;5.43592297651412;63.1950937914141
189;5.38370130606131;75.1145382358577
190;5.41098797756058;43.1673160136363
191;6.77676045808062;3.04444444444448
192;12.5204617641411;13.0444444444445
193;11.3000000000002;3.04444444444448
194;6.98913430420794;25.422222222222
195;6.94109530055084;13.064538235858
196;13.5583333333336;33.3089826803016
197;7.70833333333348;3.04444444444448
198;11.7243506530317;93.3593506530308
199;6.79101731969808;3.04444444444448
200;5.39722222222213;53.1277777777768
201;16.1937950974757;43.1361111111112
202;5.39172419460897;65.5833333333342
203;5.40277777777692;3.04444444444448
204;5.4229313072251;4.92500000000018
205;6.91755866013682;4.88055555555388
206;17.2888888888876;25.6722222222243
207;29.8192828183214;33.0916666666656
208;35.7805555555558;3.00277777777637
209;5.4111111111124;63.0527777777775
210;8.40833333333421;33.1194444444459
211;32.447222222223;63.3138888888882
212;20.3472222222213;85.8388888888899
213;23.8;54.7583333333334
214;5.41813611111229;13.0444444444445
215;5.375;83.7194444444447
216;6.89722222222167;3.04444444444448
217;8.4666666666667;73.589444444445
218;24.6803798858145;13.0338888888894
219;55.4388888888893;23.0722222222221
220;5.375;43.2366666666671
221;6.91666666666652;33.1555555555558
222;5.37777777777796;13.0055555555557
223;8.46420866164272;73.3750000000014
224;8.29444444444562;3.02499999999986
225;6.7555555555557;3.04444444444448
226;25.3922222222227;53.2255555555564
227;5.375;75.2255555555566
228;5.39666666666631;33.5000937914128
229;5.40555555555534;4.63055555555547
230;14.7416666666672;25.7595382358577
231;5.80277777777815;3.04444444444448
232;6.81399001303794;53.1333333333334
233;46.1650590384324;44.695555555556
234;5.3789779356614;43.2617604580798
235;6.90953823585733;43.1873160136354
236;6.81166666666718;63.2274098050484
237;6.75530428539878;3.02166666666699
238;6.93055555555611;63.1888888888891
239;21.4811734606099;13.0916666666669
240;6.88115663963367;73.5824098050482
241;5.4044815509626;3.04444444444448
242;46.0160173196984;85.2036075146514
243;22.4946625559253;13.0250000000003
244;6.91222222222268;3.01574313838069
245;6.875;3.04444444444448
246;11.2880388858757;3.04444444444448
247;6.80314710665698;65.2018542494925
248;5.40463202726983;33.3324098050477
249;6.92129869393625;3.02990620858736
250;5.38586569579297;23.2861111111115
251;5.39074313838069;76.4531529434287
252;6.94907647171431;55.9574098050475
253;58.925;3.02592352828583
254;5.40647908384176;5.46111111111145
255;5.375;3.01111111111118
256;5.39417026312708;43.1629653606033
257;5.41615997997519;55.0988094833158
258;6.92592352828547;43.2220346393972
259;7.53823954192035;83.3444444444453
260;6.92222222222222;33.2722222222226
261;5.42197095206552;33.088888888889
262;5.3805555555557;43.2138888888894
263;10.4826839863651;63.3879653606036
264;6.77945045936008;53.3569408479848
265;6.91176045807924;63.361111111112
266;5.42204655248133;35.2194444444449
267;27.0804030501092;75.4833333333343
268;16.2861111111115;33.1047402045217
269;5.4372150293018;3.04444444444448
270;5.43264361161687;33.0457215596184
271;6.88888888888869;53.2665656823331
272;6.92222222222222;23.1138888888893
273;5.39091633536464;63.3951875828263
274;5.37847532213868;3.04444444444448
275;6.80735133343387;53.1662915010161
276;6.76388888888914;23.1055555555558
277;5.41150407541954;63.1339826803021
278;6.91121209544553;15.0444444444445
279;6.79578544957189;33.2313058868579
280;22.7778787621121;33.1833333333327
281;5.375;35.4916666666666
282;50.8159163353648;23.2174169979689
283;14.0334343176676;25.1499999999996
284;5.37702744647549;14.5083333333343
285;7.69732320655589;3.04444444444448
286;44.9868614424133;13.0083333333343
287;6.92787876211241;53.2637879045553
288;6.88055555555479;33.3159163353641
289;5.375;23.1888888888898
290;6.82385874153647;43.1694444444456
291;5.42338978701514;13.1839826803021
292;6.75277777777774;5.05277777777792
293;5.38317170721075;43.17147189092
294;6.2340836646365;43.1484199318259
295;12.617316013635;33.1361111111114
296;11.4312049025243;53.5227705848563
297;6.78546176414216;23.0444444444445
298;17.5632395419202;43.2317532651584
299;6.89166666666688;45.562308820714
300;6.88888888888914;23.1355627484777
301;5.38095184433018;65.7743506530319
302;6.93611111111136;3.01666666666756
303;61.5228815092664;3.04444444444448
304;5.375;63.4673160136358
305;6.90555555555602;3.04444444444448
306;6.89444444444484;3.04444444444448
307;6.87871569189997;3.04444444444448
308;6.80833333333339;45.5645382358587
309;6.87722222222192;5.00120490252448
310;6.89231601363576;3.04444444444448
311;39.0166666666671;23.088888888889
312;9.72842712474721;53.1534271247472
313;6.90064934696966;23.1028715691916
314;7.01319732103525;33.090743138381
315;6.94408420442846;13.0444444444445
316;8.32461764143409;3.04444444444448
317;6.91676045808049;3.79722222222222
318;5.375;23.1111111111111
319;6.875;23.0805555555555
320;5.41388888888901;53.2222222222224
321;6.90049909255913;33.0472222222222
322;5.43237271942394;33.161204902525
323;5.375;43.2777777777781
324;5.41731601363495;33.116666666667
325;5.41034471618877;13.0611111111089
326;5.40564934696954;3.04444444444425
327;6.8907888726726;43.1583333333292
328;6.75550576487149;73.293795097474
329;6.77435065303166;23.0611111111098
330;49.4540764717151;43.2194444444394
331;21.974999999999;73.2388888888845
332;6.92499999999973;53.0737013060602
333;6.89166666666415;55.1598124171687
334;5.41388888888696;33.1235209161573
335;6.9777777777731;35.4235209161552
336;37.3916666666628;43.15055555555
337;6.875;3.00277777777683
338;22.2722222222187;44.648520916156
339;5.39999999999691;84.2325035964536
340;7.24113271524266;33.1305555555555
341;6.77157287525279;3.04444444444425
342;5.375;13.1118542494928
343;46.6952481678654;23.1203874653565
344;6.93660887358055;35.6305555555523
345;6.87361470757287;23.4068542494888
346;6.87777777777774;23.0660173196998
347;6.875;33.1257431383806
348;5.37815049706978;53.1923160136312
349;6.90694804090936;13.0375901949537
350;6.25194804090052;4.68055555555475
351;5.41731601363381;63.3741702631228
352;7.80710877584352;33.116017319699
353;23.8631589830338;33.1305555555541
354;35.8049062085856;45.1950937914135
355;5.375;44.6625901949506
356;7.10387943217802;33.0487013060601
357;6.82388169596516;13.0235209161574
358;6.87907647171278;5.57166666666626
359;5.38953823585734;63.2194444444417
360;5.3893766097317;3.02499999999827
361;5.42157287525424;23.1568542494902
362;8.29101731969695;3.03416307020871
363;6.77777777777646;3.04444444444425
364;15.5608299251021;63.542965360602
365;6.875;63.548520916157
366;6.79253557735683;3.00064934696684
367;7.69231601363208;3.04444444444425
368;5.45407647171305;73.2025973878694
369;5.37752650762059;23.1284271247459
370;7.66944444444516;5.56111111110977
371;5.44657287525206;63.214538235854
372;6.20147908383979;113.770093791407
373;5.39166666666551;23.2784271247479
374;12.2591779498284;3.01509379141271
375;51.8562049025222;33.0833333333303
376;5.47777777777628;3.04444444444425
377;6.90851372323687;15.0333333333338
378;6.9076839863651;33.2119408479857
379;6.77777777777874;33.2269480409036
380;21.6089826803013;33.1264790838395
381;63.9673160136344;55.0249999999969
382;5.40833333333421;43.3499999999985
383;5.37834751629725;43.2410173196995
384;5.39558983813322;63.1416666666651
385;7.063559228146;73.8555555555536
386;6.75898268030051;13.0762049025197
387;6.92582973687149;33.2472222222227
388;5.41370849898158;23.2258297368744
389;6.87757895790719;33.3222222222189
390;6.19444444444298;3.02435065303234
391;6.84334582297697;43.1916666666648
392;36.961111111108;43.2894444444428
393;5.40490620859055;103.578427124738
394;6.78012708502411;33.1241702631237
395;6.81579822985987;65.3910173197005
396;6.92277777777736;14.6993506530334
397;27.7444444444413;25.171479083846
398;23.679076471708;3.04287156918963
399;5.44231601363208;5.75157287525371
400;8.29935065302925;63.1112049025182
401;23.1599354728578;63.5088888888886
402;6.91944444444425;15.2140764717105
403;6.24453823585281;43.1244444444433
404;47.81962544308;55.6866666666647
405;6.8090764717108;53.46102451263
406;6.90555555555557;83.5111111111123
407;5.44388888888943;33.1667604580789
408;6.875;43.1722222222197
409;31.1476839863685;4.87296536059966
410;5.375;53.1734271247437
411;52.6216666666655;35.0333333333333
412;5.375;53.4911111111101
413;5.39314575049229;44.398614707588
414;36.8511837847768;23.2126839863649
415;38.1440600674318;63.5165728752513
416;6.9097781244559;43.3007431383967
417;5.39564934696773;35.5694444444425
418;34.3312986939527;83.6875035964749
419;7.00792125091812;23.1019480409195
420;5.40555555555602;24.9638888888885
421;5.38036797271388;43.2487950974728
422;5.41268398636566;43.0757431383954
423;6.8349062085872;43.3090764717263
424;5.37773770173044;23.7951875828385
425;6.87419137222014;5.42805195908386
426;28.4510173196986;13.0444444444443
427;5.375;14.9291702631422
428;24.0972222222208;25.7249999999981
429;26.8005555555519;63.1964862767754
430;6.89148627677741;15.4029581676664
431;6.99277876915858;43.5299062085878
432;5.41666666666652;15.6256493469682
433;15.7222222222213;43.4466666666676
434;15.5553350969967;23.0820346393721
435;5.37768433641486;3.01046176414229
436;5.375;73.3450937914067
437;25.9232276288176;33.1444444444401
438;34.6778715691876;43.1374098050633
439;6.89314575048729;3.00277777777728
440;5.39574313840103;63.4290764717293
441;6.91944444444425;13.0444444444443
442;5.39231601363372;65.6624098050638
443;5.43318965517483;3.04444444444425
444;6.87629869395232;76.0282467348725
445;33.5411428163711;33.1463924853651
446;6.90963202728608;3.02712843080508
447;6.94747349237969;73.2504689570942
448;6.93055555555475;23.1138888888868
449;8.87287156919047;13.0888888888885
450;23.5888888888876;13.0786075146339
451;5.375;43.1388888888873
452;7.72499999999809;65.8213924853644
453;6.3220418323358;55.8213924853653
454;6.87759738789282;5.09722222222217
455;5.375;53.1187950974709
456;5.38260145934464;3.04444444444425
457;78.7583333333305;75.1469480409182
458;19.8402741812997;43.7819480409198
459;56.2937891156653;53.2150937914098
460;5.375;56.3880591520292
461;15.7857995374002;33.5747258186957
462;5.41861470758658;65.5184271247426
463;6.77676045807857;33.0704617641431
464;5.39428633799662;43.1312049025232
465;5.40651538256634;43.4726839863629
466;5.375;33.1916666666648
467;6.25555555555457;5.43731601363424
468;6.88611111111095;23.2916666666629
469;6.91944444444334;3.04444444444425
470;6.90972497154507;33.0222222222169
471;40.8353909663301;53.1972222222171
472;23.6994444444449;4.39999999999736
473;5.41663389700216;93.424999999997
474;7.71944444444216;63.4478715691912
475;6.83023602620642;76.1534271247424
476;5.41388888888878;43.3006493469661
477;5.41666666666652;43.2339826802986
478;47.1888888888875;23.0944444444408
479;6.19787156919165;4.37777777777774
480;5.40898268030332;33.2583333333291
481;25.3272446650944;5.71111111111077
482;55.97291372886;5.36601731969722
483;26.4923160136336;43.2249999999967
484;6.875;13.0499999999993
485;5.43207652096453;3.04444444444425
486;6.88888888888778;45.5888888888853
487;16.9305555555543;5.21388888889169
488;6.90833333333376;3.04444444444107
489;57.1114753417937;43.1194444444432
490;6.88946987553163;23.1722222222184
491;6.78050446380666;33.1722222222179
492;6.93905330204461;43.2562049025196
493;6.875;93.5222222222174
494;5.41666666666652;63.3249999999971
495;5.38055555555457;43.6361111111109
496;6.94978986695196;23.0472222222215
497;5.375;53.258982680301
498;5.37842712474458;13.0576839863688
499;6.90898268029741;33.1403679727314
500;5.50317585458788;3.02277777777726
501;12.2522222222219;13.003333333334
502;5.40322688338938;43.2382395419195
503;5.44481508670606;3.01722222222224
504;6.16944444444425;55.5249999999983
505;6.875;3.00055555555355
506;8.24787156919047;33.0061111111081
507;6.89999999999827;63.2805555555569
508;5.42340151655117;3.01046176414548
509;6.75277777777728;3.04444444444425
510;6.90379813083428;43.2033333333288
511;17.9637950974748;63.0694444444416
512;6.76722222221861;34.9006421540544
513;6.90009379141247;43.2750000000019
514;5.37881910600299;14.8339826803012
515;72.1867604580789;33.0590764717172
516;5.37762770821928;25.2922222222182
517;5.45353258899786;33.1367604580787
518;8.36230882071868;3.01111111111004
519;28.1244444444455;24.6694444444443
520;6.76601731969731;43.1028715691932
521;71.1866666666647;43.0444444444415
522;6.93000000000347;13.003333333329
523;5.375;33.103333333328
524;7.05367546654907;53.136666666664
525;5.42157287525379;3.03768398636976
526;5.43388169597165;33.0866666666648
527;5.41623880660836;3.03611111110604
528;6.88769117927995;43.3673232065439
529;5.63342712474559;33.0824098050402
530;6.78023597901893;5.33665947374766
531;8.34712843080433;53.1555555555537
532;7.06444444443878;33.1966594737514
533;5.38819472968225;43.1499928070812
534;21.9247200689056;73.2283261404127
535;6.9351875828188;23.0888888888885
536;36.883494849691;25.5750000000039
537;5.41166666666732;33.2577777777756
538;5.40833333333148;53.1542496687025
539;19.4866594737423;13.0666666666648
540;6.78682441547744;13.0145454287754
541;5.39657287525279;43.269444444441
542;5.43333333333112;33.111111111109
543;6.87777777777774;23.0444444444443
544;5.3795007570784;3.01732320654946
545;41.9271284308134;3.01944444444325
546;6.19657287524979;53.5373160136328
547;5.41606150863754;33.6178787621097
548;5.42817035589542;13.0228787621104
549;6.90833333333649;66.0583333333293
550;5.375;53.2978787621087
551;6.90834052625041;33.2027777777753
552;6.93398987322189;3.04444444444425
553;6.8391089108909;35.5361111111115
554;79.7591820976022;73.2726983722023
555;5.375;43.1743434601158
556;5.42123200892183;53.2916666666638
557;6.16944444444425;43.1570274464821
558;20.4228715691879;63.1887084989812
559;14.1528388552551;73.2018542494889
560;14.6184750247844;5.01666666666551
561;5.39231601363372;53.3416666666658
562;5.38219190991049;63.1716666666653
563;6.91944444444425;83.3707431383809
564;6.8542568616208;63.152777777776
565;15.5027777777777;5.28018038990649
566;14.1391023633905;83.6387084989824
567;5.39148627675968;34.741017319699
568;12.0555278765942;55.8624098050454
569;12.6839826803002;3.04444444444425
570;5.42629869393477;35.1711183040288
571;13.4192282749677;44.9859307212032
572;5.42292398257086;15.2666666666655
573;67.6042311788074;53.2457431383818
574;6.875;43.1621284308121
575;59.864076471717;63.2459235282849
576;6.91000000000395;13.0941702631285
577;6.96866053942176;65.3722294151371
578;35.0881102742333;23.0888888888885
579;55.1436147075697;93.3217676509894
580;6.75277777777728;3.00277777777683
581;6.91203463939519;75.3268542494889
582;6.9279369186961;93.7025035964566
583;5.4160173196974;3.03888888889151
584;6.95458505100805;13.0444444444443
585;5.4101286821151;3.04444444444425
586;8.29722222222017;13.028419931828
587;5.39426405453105;23.0207431383792
588;5.3929653605951;63.1493650388625
589;53.9670418323144;13.1222222222223
590;6.91214335644509;23.0805555555557
591;6.1888888888875;83.740649346963
592;6.825468957054;3.02222222222144
593;8.29592352829241;53.4237013060688
594;10.255555555555;33.1224026121322
595;16.7750000000001;53.3807359454668
596;6.87730882072037;3.01601731969868
597;12.5562497117749;13.0983405262464
598;5.39444444444234;44.8493578459461
599;35.6581755026127;53.1634271247458
600;42.0081125975025;83.3256493469653
601;6.875;53.2055555555567
602;6.89231601363326;23.058333333332
603;5.40602451260884;5.41731601363472
604;9.22319715789172;3.03935784594523
605;6.90771350309751;33.0888888888885
606;5.41991340150025;33.1145382358545
607;90.4588927353038;3.01111111111049
608;6.93055555555475;65.7932539277435
609;42.5092417237652;3.00277777777683
610;12.5728715691876;23.1472222222219
611;5.41482680299941;23.1157287525548
612;6.91482680299941;73.3286075146548
613;5.38957553284354;14.3539682944725
614;5.44757932539551;33.1589970661221
615;5.40342712474649;85.5166666666655
616;21.3250143858236;75.1305699413788
617;5.4247391016238;33.1324098050463
618;47.8944588302661;13.0305699413798
619;5.42870130606252;33.053982680296
620;5.39443005861995;43.3719480409018
621;5.43929238270039;15.3637950974753
622;36.4840547751182;55.5737013060625
623;6.89165228084221;53.1089826802995
624;36.4263524166995;23.058333333332
625;32.4784415105678;65.6792568616165
626;5.39536797272967;3.04444444444425
627;6.90028856714434;53.3144444444433
628;42.7508297368713;33.082683986363
629;5.45703463939753;65.5696248343461
630;5.39166666666551;3.04444444444425
631;5.42197095206484;5.06879509747523
632;6.75277777777728;55.7388888888859
633;5.42499999999973;23.0916666666653
634;5.40833333333421;15.7950937914152
635;5.37756160830077;23.0882395419185
636;5.37843662027217;43.1299062085845
637;26.5888888888876;63.2895382358538
638;25.8715728752518;63.2117604580772
639;51.5085137232354;35.4635281090777
640;5.39101731969549;3.04444444444425
641;5.37761103099001;3.04444444444425
642;6.91388888888923;43.1972222222221
643;5.39369370400755;3.04444444444425
644;6.78823954192103;23.1019480409032
645;5.38823954192321;33.2769480409047
646;6.82157287525524;13.2722222222214
647;5.375;93.4225973878697
648;5.375;33.138888888886
649;5.38398268030096;13.0789826803025
650;8.26796536060419;63.12222222222
651;5.37760210803663;53.1571284308066
652;5.41482486934001;13.1626839863634
653;5.375;4.90833333333467
654;6.91388888888832;3.03203463939826
655;6.92000000000326;43.0805555555526
656;6.78944444444733;3.04444444444471
657;6.8957431383792;3.04444444444471
658;55.0861111111076;83.3125901949502
659;6.94453823585218;73.4916666666668
660;5.43134970243409;33.0888888888931
661;6.8376839863613;3.04398268030218
662;5.51453823585962;23.1173160136377
663;5.39731601363292;53.2321284308082
664;7.93361341801756;23.4805555555631
665;48.7400601093555;3.02499999999509
666;23.6083333333336;23.1617604580842
667;9.55323954192136;44.2750000000042
668;8.35555555555766;43.2234271247517
669;5.39453823585518;76.213333333335
670;31.2132395419203;83.188059152023
671;5.40104742378298;33.1700937914147
672;5.39481961010188;85.4975973878854
673;5.375;53.1412915010151
674;6.875;5.81176045808115
675;65.8484271247526;15.6101875828326
676;5.44694804091159;14.7370346393909
677;24.11694084798;13.0160173196955
678;11.0369017663015;33.1305555555564
679;5.42407647171967;63.2629653606145
680;5.38197285765909;3.04444444444471
681;7.16269117929733;63.1925973878879
682;6.89787156919283;53.3765728752496
683;6.88981961010541;3.01851372322744
684;5.40463202727824;63.1327777777742
685;25.306486276776;53.2259235282818
686;6.85000000000127;45.1462915010052
687;6.83193394945556;33.1132395419236
688;5.38611830404807;43.318795097478
689;6.75305195909095;13.0916666666672
690;6.91546176413794;33.0888888888894
691;8.29085586159817;83.3314790838367
692;6.76471862576273;25.6673160136352
693;6.88546176414457;73.3506493469704
694;5.44539320666354;33.0617604580775
695;5.39444444444234;33.1555555555587
696;6.3444444444458;33.2617604580801
697;23.0215728752564;43.1500000000069
698;6.875;83.4423160136394
699;6.8075083166259;3.03676045807788
700;6.89166666666824;13.053427124747
701;6.90546176414591;23.0478715691897
702;6.91055555555522;23.0973160136373
703;6.88055555555638;23.0861111111108
704;5.42222222222335;23.5694444444471
705;6.79101731969786;53.3617604580813
706;7.7632395419223;43.2250000000022
707;5.38585220508139;3.04444444444471
708;5.375;33.3735209161632
709;8.55922214638576;43.199076471712
710;6.77064934696591;53.1845382358588
711;10.8837957288515;53.2556493469729
712;5.38703463939964;73.5408369297975
713;6.79905355091705;23.0444444444447
714;5.51165093474265;33.1362049025292
715;8.27129869393411;33.0590764717172
716;6.87620490252175;24.411760458077
717;11.5812049025244;23.0444444444447
718;49.973427124748;24.8784271247468
719;6.9027777777801;73.2081529434363
720;29.8019565403683;5.35000000000582
721;23.3915646212072;83.4917604580887
722;12.9082713208682;23.1666666666706
723;5.3793766932049;13.0784271247467
724;75.6186117844345;45.1228715691968
725;5.38919075497142;23.0728715691948
726;24.5262986939388;53.2498196100996
727;6.26046176414366;65.1916666666693
728;5.4055555555542;43.3250000000044
729;6.77157287525188;75.7734271247482
730;5.37760774556591;35.6799062085875
731;16.445306279621;33.2555555555591
732;5.375;63.1354617641455
733;5.4268311046244;43.0561111111165
734;6.90676045807868;23.0940333142153
735;5.63230217631917;33.204076471714
736;5.42484946542572;5.39777777777999
737;6.875;23.0901875828231
738;5.45533938607787;73.2150937914175
739;6.78888888888923;43.2068542494935
740;6.78611111111513;73.2710173197047
741;6.9111111111115;53.0750937914163
742;5.375;23.0888888888894
743;26.2040764717149;53.2050000000045
744;6.79273462028141;24.9222222222234
745;5.38974774800681;23.1098124171813
746;6.875;53.3837444635692
747;19.6669099163028;73.4596320272703
748;5.38199369582344;34.3861111111119
749;8.37777777777865;33.0472222222215
750;21.0762986939326;63.1809666857916
751;6.83611111111168;43.3653679727367
752;5.4270047825612;23.0697186257694
753;5.41231601363415;3.02527418132468
754;6.90147908384824;13.0583333333343
755;6.77860751465778;73.4750000000013
756;5.40010014437121;53.1235209161559
757;16.7206493469694;33.2913924853437
758;6.87305195909994;53.3561111111167
759;6.83138529243206;73.1372222222308
760;6.17157287525424;53.6512986939324
761;36.5185097879748;45.4015728752547
762;74.9802813742353;23.0724098050368
763;5.39296536059828;3.04444444444471
764;6.83823954192121;63.2618542494838
765;6.25277777777774;63.2750000000033
766;5.40768398636556;13.0555555555575
767;32.0250000000024;13.06898268029
768;5.38388888888858;3.03036797274399
769;6.77481241718669;63.4865728752675
770;6.89981241718669;33.0918542494828
771;7.0585315127355;35.7034271247467
772;5.38925204505267;3.0006493469682
773;5.39231601363008;43.2083333333367
774;5.40917026311672;63.3175035964532
775;12.7140764717042;43.1549062085896
776;5.38120490252459;33.3521284308099
777;6.87761148125628;33.2611111111119
778;6.30064934696929;45.261760458081
779;5.39101731969913;43.2666666666682
780;5.58374316572008;43.0534271247479
781;22.3758369297848;13.1756493469702
782;6.85874213628995;23.0916666666672
783;6.9083333333374;33.333333333333
784;6.875;53.4312049025239
785;5.3987013060605;73.4722222222226
786;6.76951261077102;3.04444444444471
787;5.39166666666915;35.3444444444458
788;18.2191567065083;53.4722222222244
789;6.92435065302925;53.261760458081
790;8.25277777777865;13.0583333333343
791;8.91716350818751;53.2972222222224
792;6.875;23.1799062085929
793;5.37753967221488;73.5194444444551
794;15.9686077028837;33.1222222222223
795;5.45277777778119;23.0750000000071
796;6.92500000000109;36.0756493469762
797;5.38398268030232;53.2583333333432
798;6.79101731969877;84.7271284308217
799;5.41944444444835;13.0694444444471
800;8.31601731970477;53.1555555555587
801;16.4638888888931;33.1410173197009
802;37.3468185685906;15.736111111114
803;7.0145382358578;44.702777777773
804;6.91111111111059;55.8305555555562
805;46.5722222222257;23.0694444444507
806;6.91666666666606;23.1062049025222
807;8.2916666666697;23.1700937914129
808;6.89444444444598;4.80277777778156
809;6.95299413983957;33.1150937914117
810;6.93055555555657;85.117871569194
811;6.78931206585639;43.1567604580823
812;6.77990620858236;43.1604617641442
813;31.7611111111128;23.1335640736788
814;19.097777777778;33.1277777777777
815;26.840086732941;43.2395382358554
816;6.88888888889051;83.3339826803058
817;5.40000000000691;3.03823954192285
818;6.96522656620436;33.0944444444458
819;5.375;65.2777777777801
820;6.90620490252149;86.0867604580835
821;6.91731601363426;53.311111111113
822;5.37760210803754;13.1410173196991
823;7.71398268030316;25.8027777777834
824;34.6592568616179;53.1416666666728
825;28.5582239299783;33.1777777777788
826;5.3777495743243;24.9187950974801
827;39.1383333333351;35.8138888888943
828;6.90898268030105;23.2166666666681
829;6.89999999999782;25.4555555555562
830;18.3326839863648;43.4027777777846
831;7.06388888888705;53.0833333333412
832;6.78802910063587;93.1410173197064
833;6.78624312964621;33.175649346972
834;11.5000000000036;33.1555555555587
835;6.75536333116725;63.4444444444471
836;6.1916666666657;53.2784271247529
837;5.37746491788312;56.0895382358576
838;5.375;53.0562049025311
839;5.38333333333321;25.3972222222237
840;6.49231601363499;43.1027777777799
841;5.46160009713185;13.041666666667
842;6.85555555555857;45.6500000000024
843;67.1950937914198;73.408427124743
844;5.40664755989383;23.0256493469678
845;6.20833333333303;33.1055555555577
846;5.41111111110968;3.04444444444471
847;50.8395382358613;53.1207431383827
848;5.41388888888923;134.105281374246
849;6.7735209161583;23.0932395419213
850;6.87842712474776;33.1977777777802
851;5.42064934696918;43.1737950974803
852;6.92629869393568;33.248145750511
853;6.27287156919374;43.1132395419236
854;6.92777777777974;53.4088888888928
855;6.81892436008184;45.6456493469668
856;68.2612049025292;43.0672222222256
857;28.1370346394006;3.04444444444471
858;5.42777777777883;55.2400937914135
859;8.23490620858956;55.0073160136371
860;55.0200000000068;93.5083333333378
861;5.40248902143958;33.1300000000047
862;6.37500000000091;33.2583333333287
863;6.96355167073852;3.04444444444471
864;6.90888888889822;3.02842712473739
865;5.41870130605912;53.0922222222234
866;40.7539826803077;63.3556493469659
867;10.8033333333351;33.1562049025224
868;5.38000000000102;13.0444444444447
869;5.38616536212794;43.3027777777788
870;5.41046176414238;23.0410173196988
871;5.41944444444471;13.0174098050411
872;6.93398268030251;103.347222222223
873;53.5237950974833;13.0839826803021
874;6.90768398636828;113.479076471703
875;6.95333333333383;44.4173160136352
876;8.3777777777741;93.3794444444547
877;5.42129869393102;23.1138888888845
878;5.37752650762104;23.0382395419238
879;112.932777777779;25.4883333333419
880;8.32972581867125;13.0299062085915
881;51.2602913784194;35.5784271247467
882;41.214269712048;13.0494010034854
883;8.25768398637319;45.0911111111182
884;5.37564934696456;63.1972222222257
885;83.9367604580784;3.01879509748142
886;6.90773433682261;45.8944444444451
887;6.89624834347251;33.0944444444513
888;8.46471065342848;53.0888888888885
889;9.41884544792902;43.4138888888883
890;6.91206300057183;35.5277777777765
891;43.1984271247393;83.3589826802963
892;5.375;23.2228715691981
893;6.80212843081608;33.041666666667
894;6.80555555555657;33.1950000000052
895;6.99139814286082;75.038888888892
896;5.39444444444234;53.2166666666735
897;12.3444444444458;33.2576839863696
898;55.1043072120774;13.0444444444447
899;6.78944444443823;46.016666666671
900;8.28953823585744;3.02222222222463
901;6.91087524464092;65.8978715691865
902;46.122620120751;23.0194444444423
903;6.91176045807879;33.0870346393967
904;6.82990620859437;33.2250000000013
905;6.23611111110949;33.100555555553
906;6.75277777777865;13.0444444444447
907;5.375;55.530555555556
908;72.8529308836441;93.6216666666769
909;5.41582713125899;43.1500000000033
910;22.9836727550664;55.9333333333389
911;6.59657287524806;43.4660173197099
912;6.90620490252786;35.1750000000002
913;21.3501803899062;65.5464790838405
914;5.43888888888796;23.1666666666706
915;5.38333333333412;43.4375901949497
916;5.3993506530378;23.1179653606068
917;7.0044468127835;33.372222222225
918;62.6132879990209;45.7070346393957
919;6.94296536060665;53.3222222222303
920;6.875;33.206204902529
921;5.38994388327865;3.00833333333503
922;5.40555555555693;33.2472222222241
923;6.95685424949806;43.1867604580812
924;6.78398268031015;34.8500000000004
925;5.39576190215666;43.1500000000015
926;8.26731601363736;35.4777777777799
927;10.6361111111137;53.1207431383891
928;6.875;43.4277777777788
929;23.9694257837536;63.2049062085907
930;6.89814575051605;25.8071284308153
931;18.8339826803103;73.5432395419302
932;15.1837099910244;35.2079653605897
933;5.39999999999873;55.6083333333363
934;34.7608598409561;73.1654617641525
935;34.365308658289;3.03611111111059
936;5.43518518518613;83.4756493469795
937;5.375;13.0416666666661
938;23.7592489596836;33.2052813742375
939;6.79459384382244;53.4034271247529
940;6.82171915268373;73.1824098050492
941;6.81888888889807;83.2589826803069
942;6.97242363752048;43.1157431383799
943;5.41280373447898;24.8750000000009
944;5.38488140102436;43.3438888889023
945;6.83453823585751;86.3645382358654
946;5.48240980504579;14.6132395419272
947;45.6673160136388;73.3534271247527
948;11.9826839863636;115.579538235861
949;67.9858369297926;25.4534271247448
950;6.79166666667061;43.1410173196982
951;5.42166666667254;33.1034271247499
952;6.26666666666461;43.1138888888927
953;5.40903303078812;95.5157431383877
954;6.88333333333412;5.32898268030021
955;5.72842712474812;23.2096320272703
956;7.44101731970022;83.1472222222246
957;6.92773298727298;63.4354617641447
958;5.41444444444369;33.1617604580806
959;44.3561111111139;73.4089826803047
960;26.1677188656577;35.5083333333341
961;10.9332673323534;55.4994444444446
962;57.6678715691905;3.04444444444471
963;53.4039543244935;23.086666666667
964;6.79632130143;75.1411111111156
965;5.39759019495614;33.2651875828251
966;5.37935065303191;63.2738888888944
967;5.41167618094642;75.4911111111169
968;5.39166666666824;43.2604617641464
969;6.94879509747989;23.0716666666685
970;17.5922222222243;63.2825035964634
971;8.25925686162373;43.1416666666682
972;8.27490620858953;5.43046176414009
973;6.88055555555638;15.2893506530309
974;46.9584271247504;73.3400937914166
975;32.0834271247504;43.0916666666681
976;38.5104609890923;25.2554617641417
977;6.8201845094145;13.0761111111133
978;6.80611111111375;53.2088888888929
979;6.93415412989816;25.2020346393992
980;5.375;23.1105555555559
981;18.2376999004791;53.3277777777821
982;5.42277777778054;53.4350000000031
983;6.9137950974773;13.090649346972
984;6.90629869393706;3.04444444444471
985;6.76593056407455;53.2431457505118
986;6.78009379141349;63.1045382358616
987;5.39408067106069;5.41323954192194
988;5.41999999999916;43.418427124745
989;15.0664790838409;63.4945382358619
990;6.81657287525559;45.227409805053
991;6.88055555555729;3.00277777777865
992;6.88888888889051;53.8805555555555
993;20.2083333333321;93.7388888888909
994;5.38216569601536;13.1312049025246
995;35.8785206517805;43.0444444444447
996;5.41388888888923;23.2162049025264
997;9.49759019495013;65.0045382358639
998;6.875;53.1978715692021
999;6.76564934697126;73.249632027283
1000;38.5564949098853;65.6867604580893
1001;5.375;86.018982680308
1002;5.41450010204244;23.0444444444447
1003;71.4092833826862;23.2068542494962
1004;5.39048121260385;35.2323160136384
1005;5.42323954192307;133.562871569196
1006;79.6349382040835;3.04444444444471
1007;37.9909235282857;15.345093791414
1008;28.8263924853518;3.04444444444471
1009;5.41518758283019;33.1445382358579
1010;6.87629869394095;45.5228715691883
1011;6.875;3.08888888888941
1012;6.79435065303278;13.0042568616282
1013;6.24814575050732;25.8901875828224
1014;6.93487077284681;75.4346320272807
1015;5.39731601363201;63.495000000009
1016;18.6769534444029;63.4777777777845
1017;6.84959277713824;73.1861111111175
1018;6.28888888888559;13.0805555555598
1019;28.5395382358574;73.3111111111175
1020;59.4895382358618;23.1679653606088
1021;6.77712843081827;13.0549062085884
1022;6.98888888888723;3.00963202727144
1023;61.944223985889;44.6527777777801
1024;5.40326549862129;53.4222222222261
1025;5.45833333333303;43.1333333333341
1026;6.91388888888832;63.5200937914196
1027;5.375;53.1777777777797
1028;6.88888888888141;3.04444444444471
1029;31.4679653606045;45.8604617641458
1030;5.43953823585434;33.0965728752572
1031;32.9638888888903;23.2895382358565
1032;5.38333333333412;3.04444444444471
1033;5.40110258129152;3.04444444444471
1034;6.79166666666697;63.2527777777877
1035;12.402777777781;23.1457431383769
1036;7.29101731969968;33.1874098050512
1037;5.39231601363099;53.1950937914144
1038;5.54592352828786;13.0207431383806
1039;5.43268398636701;23.0235209161619
1040;5.39999999999782;3.04444444444471
1041;6.91601731969877;54.4694444444485
1042;5.40555555555875;95.4269480409121
1043;8.41731601364245;3.04444444444471
1044;8.25277777777865;63.2867604580824
1045;21.6812049025266;24.8125901949525
1046;5.375;15.9173160136361
1047;5.37748902144176;33.0478715691906
1048;8.43295537852555;53.0750000000035
1049;8.34722222222445;43.2351875828281
1050;22.3459235282853;33.1771284308106
1051;6.90157287525381;15.3956493469695
1052;7.05177194094358;3.01055555555467
1053;6.90898268029741;14.9562049025253
1054;34.7333333333354;33.0882395419176
1055;6.90833333333558;23.0861111111099
1056;31.2333333333363;63.1882395419216
1057;6.9435209161602;54.1039826803035
1058;6.88611111111368;53.1583333333365
1059;39.1549062085878;63.1935209161657
1060;5.41453823586107;5.17777777777883
1061;14.6670183342576;73.3554617641512
1062;38.8646957146011;13.0743506530316
1063;33.6950000000006;3.03888888888923
1064;6.93120490252568;3.03953823585744
1065;6.91388888888923;65.8867604580855
1066;7.00883890402838;25.2243506530331
1067;16.0281606761428;13.0444444444447
1068;5.375;3.04444444444471
1069;5.41651280969472;53.1187950974836
1070;6.79657287525424;3.04444444444471
1071;8.26944444445144;63.2416666666704
1072;6.89018758283146;23.0295382358599
1073;5.3929653606092;15.8073160136364
1074;5.49166666666588;13.0444444444447
1075;8.30833333332976;65.0138888888914
1076;22.1083333333354;125.834632027275
1077;8.3471284308107;23.3216666666622
1078;54.0215728752564;33.0772222222176
1079;7.02517120042739;3.04444444444471
1080;6.75277777777774;35.638888888886
1081;11.5444444444356;3.03546176414602
1082;6.91046176413784;103.692316013643
1083;8.31240980504208;25.061111111113
1084;38.6089826803091;23.122871569195
1085;61.6049062085976;13.0333333333328
1086;7.05361451935005;33.2111111111117
1087;5.37990620858363;43.348520916169
1088;5.39856775204407;43.2299062085849
1089;24.1664700788124;23.1660173196969
1090;6.92258645291167;3.0444444444438
1091;47.7270086486351;3.00277777777865
1092;5.44657287525297;3.01722222222361
1093;6.90769508635094;4.76444444444587
1094;22.2824548015014;33.1305555555555
1095;5.45555555555529;3.00620490252186
1096;6.9937950974745;44.981204902525
1097;7.01111111111277;65.3854617641418
1098;5.375;33.0833333333367
1099;6.875;3.04444444444471
1100;15.2888888888874;63.2931457505074
1101;9.80555555556111;45.686111111113
1102;14.8250594427509;43.1617604580833
1103;6.88676045808188;5.5611111111084
1104;6.88676045808188;23.2137950974802
1105;16.6781817094297;5.67092352828331
1106;6.77435065303325;23.1416666666637
1107;30.1027777777836;3.01518758282964
1108;6.75833333333412;13.008888888884
1109;5.4132395419183;23.208333333333
1110;6.81496712427543;33.5005555555608
1111;16.9346320272707;45.5521284308097
1112;29.7263694292533;53.2283333333362
1113;5.4465728752557;15.5805555555553
1114;6.20833333333212;43.1401875828251
1115;26.7172222222271;23.0994444444477
1116;6.81703387654488;25.4305555555529
1117;15.4111352267555;33.0630591520203
1118;5.375;65.6410173196973
1119;36.3552573211091;3.04444444444471
1120;26.8559170693652;53.2737013060632
1121;44.9942470988999;25.641111111112
1122;6.77777777777646;45.0722222222248
1123;15.6915728752574;25.6604617641451
1124;6.87815714277167;23.0707431383835
1125;14.098701306063;65.6012986939386
1126;33.7215728752553;33.0965728752544
1127;5.39166666666733;13.0346320272702
1128;5.38333333333139;73.3944444444496
1129;6.81859982794958;23.0624098050512
1130;6.79231601363608;63.3305555555598
1131;5.375;33.1034271247481
1132;8.30000000000018;3.04444444444471
1133;40.970958038617;25.5681457505088
1134;12.4743506530285;33.1339826803041
1135;33.1045167886869;35.160461764146
1136;16.7384305534324;23.0972222222235
1137;6.90000000000236;53.143795097476
1138;6.87712843080863;24.8514790838408
1139;18.845093791414;15.4764790838417
1140;29.2423160136386;45.6638888888929
1141;5.37752650762104;23.0638888888916
1142;25.9604801941105;23.1305555555555
1143;5.39361470757558;55.852777777779
1144;5.42027418131511;35.777777777781
1145;16.2999999999965;25.8987013060641
1146;19.4778710816345;25.099350653034
1147;32.9057492961338;45.7290764717172
1148;6.91601731969786;63.6944444444471
1149;6.75530814215017;13.1151875828245
1150;19.8570530693623;53.5929653606054
1151;43.9604617641453;65.326479083843
1152;6.92432561383521;73.5008297368759
1153;49.7815461526752;53.2145382358585
1154;6.83611111111168;23.0972222222226
1155;6.8305555555562;25.3625901949563
1156;6.875;23.1055555555567
1157;59.9483213476587;24.8194444444471
1158;21.008333333335;44.3583333333354
1159;6.79246713623434;15.1611111111097
1160;15.5104617641437;25.3861111111119
1161;77.2174964035421;25.1506493469669
1162;19.958333333333;75.1450000000059
1163;11.8403679727353;63.3762986939382
1164;9.37222222222681;15.1333333333341
1165;10.4027777777756;25.8194444444471
1166;7.60898268030269;35.0068542494955
1167;23.3309225097246;14.8895382358569
1168;24.9330519988271;3.04444444444471
1169;5.45876222174684;23.034812417176
1170;31.3867078257563;4.48055555555766
1171;24.9398533507838;33.0861111111117
1172;5.40685424948879;25.4666666666662
1173;8.30685424949115;13.0444444444447
1174;124.954256861626;25.2437950974763
1175;11.5478715691934;56.1465728752573
1176;26.233957594015;5.02768398637272
1177;6.41388888888923;85.923520916157
1178;20.5534271247498;53.6548124171795
1179;5.40000000000327;95.5838888888984
1180;5.37639248534833;36.1006493469704
1181;6.94666666666217;45.6150937914244
1182;11.6910173196939;53.4958297368776
1183;6.7809235282939;23.1062049025268
1184;43.2503808231677;15.3700937914155
1185;31.2631457505158;33.2549062085882
1186;5.42197095206484;35.311111111113
1187;17.9948425212588;75.5004617641534
1188;6.92761615165546;105.056017319709
1189;24.2534271247514;83.5856493469719
1190;29.7228715691954;23.1817604580847
1191;8.43055555555293;33.2477777777849
1192;18.8132395419179;33.3061111111119
1193;5.375;45.4935209161704
1194;6.21388888888941;23.2311111111139
1195;22.8007583132176;43.1750000000047
1196;20.7179331297657;66.2998486651104
1197;26.89222222222;5.10555555555766
1198;6.8972222222219;35.5361111111197
1199;81.748427124754;35.0083333333341
1200;51.5422222222251;25.8722222222241
1201;32.1345382358577;54.9243506530411
1202;6.82473829952323;3.02777777778101
1203;10.8555555555549;45.527128430821
1204;32.5552346077102;55.4472222222303
1205;16.2472222222304;5.41388888888832
1206;12.1864790838436;53.3149062085913
1207;22.0777777777812;25.1006493469749
1208;57.0435209161624;15.0027777777786
1209;35.9947243755378;45.9027777777819
1210;5.375;53.1034271247481
1211;8.40555555554965;5.53333333333194
1212;6.77564934697239;43.1250000000009
1213;58.9752930548757;45.2027777777839
1214;20.36388888889;15.6361111111119
1215;79.7328378433476;65.1264790838513
1216;5.41944444444471;3.04444444444471
1217;7.00260774556682;24.6284271247487
1218;50.3585069444453;43.2645382358633
1219;51.7523876894929;54.7339826803091
1220;94.8727777777849;3.04444444444471
1221;5.39978383052221;85.4589826803085
1222;5.38611111111277;5.68546176414384
1223;18.8186563677637;33.1756493469693
1224;6.80277777777792;25.6709235282888
1225;39.1425364721954;53.4027777777801
1226;6.82813926940526;43.1338888888904
1227;65.3170851090881;23.1215728752568
1228;38.9361111111139;25.186111111113
1229;43.0423160136388;23.0645382358598
1230;15.4437950974789;3.03555555556068
1231;5.41176045808334;45.050000000002
1232;37.7596320272714;13.027777777781
1233;56.6506493469751;45.4875901949554
1234;5.42500000000109;44.9277777777834
1235;6.94444444444798;43.1388888888896
1236;5.37746320328006;24.8444444444449
1237;22.2936367605371;65.1567604580869
1238;6.98398268030087;73.3104617641493
1239;5.39999999999782;43.2376839863682
1240;6.79157287525231;5.63333333333412
1241;34.4361111111139;43.1632395419256
1242;16.4852477494942;13.0444444444447
1243;36.6549062085905;13.158333333331
1244;18.2200000000021;25.3022222222244
1245;49.3526839863716;45.3375901949566
1246;6.77500000000236;54.9728715691926
1247;20.9660173197053;55.4700937914195
1248;7.01879509747869;3.02509379140429
1249;6.94666666666672;33.1049062085904
1250;9.36791104897202;45.8715728752595
1251;15.7695382358597;45.7443506530353
1252;5.39509379141236;15.715461764139
1253;54.8699776175354;5.57009379141255
1254;8.27777777778192;13.0444444444447
1255;43.6615561258359;44.7083333333348
1256;5.41398268029661;85.90398268031
1257;6.79129419523269;63.4088888888964
1258;62.4791318167663;5.01574313838137
1259;6.95000000000618;3.04444444444471
1260;26.5856012395416;13.0638888888907
1261;57.1431371823292;53.1401875828269
1262;7.00512237806925;13.0444444444447
1263;5.38918907074458;23.1541340152107
1264;16.7743506530369;63.270649346975
1265;18.9771284308117;65.361666666674
1266;25.1373821859952;45.2025035964643
1267;6.76753265145271;45.0990764717235
1268;5.38176045808086;55.2873160136414
1269;5.39009379141771;65.7997833621903
1270;21.8262049025307;23.2250000000031
1271;6.78731601363961;43.2799062085915
1272;6.19231601363754;45.1271284308123
1273;6.82500000000437;33.0771284308094
1274;49.5898060534837;25.5428715691933
1275;19.5687950974798;15.1833333333352
1276;34.2070346393994;14.8424098050527
1277;6.77696680468762;23.2151875828304
1278;6.88203463939863;55.7012986939408
1279;57.8569964091421;13.0881457505075
1280;5.44657287525206;43.1700000000037
1281;5.37777777777774;65.3333333333339
1282;5.39722222222281;5.2812986939407
1283;6.79722222222335;33.0868542494973
1284;6.78308809146438;4.82907647171851
1285;10.6250937914165;63.176948040913
1286;6.76944444444598;53.2957431383857
1287;6.85383085562444;25.9444444444434
1288;60.9370134711407;33.1333333333341
1289;9.98797621098129;5.66944444444471
1290;42.474350653034;23.2674098050511
1291;5.41592352828138;25.3333333333339
1292;6.83472581868864;65.3422222222243
1293;18.4758653761583;83.9568542494999
1294;6.7967895130605;33.1393215980524
1295;7.89678951305905;53.6493506530305
1296;20.9166666666679;23.0866666666707
1297;35.0544895493431;55.7540764717151
1298;6.80826211580097;55.8611111111131
1299;15.8980235737436;35.2805555555578
1300;6.75555555555547;33.0888888888931
1301;6.90940809480526;53.1145382358609
1302;25.2448771536065;43.1200937914173
1303;8.32222222222208;63.1566376116898
1304;6.89999999999873;56.1395382358633
1305;6.77222222222554;43.1450937914115
1306;6.78953823585653;25.6923160136303
1307;61.7324584428625;15.6638888888929
1308;10.3107345059589;55.3874098050455
1309;31.0758678120546;35.7083333333376
1310;23.3199313261939;13.0444444444447
1311;45.2715728752555;83.3728715691987
1312;7.55620490252204;34.99935065304
1313;67.7791886211953;53.3388888888903
1314;38.1305555555564;35.9444444444471
1315;6.7707431383833;15.7395382358563
1316;24.2881850538952;3.04444444444107
1317;5.4010021206941;23.0194444444469
1318;81.8418828361528;43.5833333333458
1319;6.27370130606596;45.8602813742373
1320;6.79314575051558;4.78398268030742
1321;63.2697717162937;85.0506493469811
1322;5.41944444444107;126.074819610104
1323;6.79141539650936;63.5395382358647
1324;45.9793982070714;45.6929653606012
1325;15.9243506530411;63.1741702631325
1326;28.4132395419174;55.1923160136412
1327;8.29722222222244;23.1997258186721
1328;5.38694084799499;25.7499062085872
1329;55.1614306404681;43.2130591520217
1330;6.9145382358538;43.5775973878744
1331;5.4388888888916;45.4408369297935
1332;76.9887997969445;5.04444444444471
1333;5.39509379141509;23.3027777777788
1334;8.99083692979002;43.0969480408967
1335;6.91944444444471;63.0623160136347
1336;56.3802813742323;53.2505555555526
1337;37.0012986939382;35.1387950974658
1338;40.4893744806323;15.3083333333361
1339;5.38065136025853;13.5388888888892
1340;49.7443655488587;55.2477777777713
1341;7.06101731970011;23.1000000000022
1342;51.9229419908916;53.3534271247472
1343;6.91678915294597;25.9956493469708
1344;27.6617604580779;33.1150937914153
1345;5.43882428940378;53.6826839863561
1346;19.3333333333339;15.8928715691909
1347;5.37756160830122;45.4956493469708
1348;52.2663924853423;96.1755555555546
1349;5.40701277734752;4.40000000000236
1350;5.37777777777956;4.84722222222354
1351;6.82499999999982;4.73928591658841
1352;10.5472222222243;34.954098333762
1353;8.19149099692913;43.2756493469724
1354;18.9746200865193;43.1879653606047
1355;18.1333333333359;73.3240764717184
1356;26.8861111111146;14.6437950974723
1357;48.2472222222277;73.4089826803065
1358;10.1250453298717;64.9601875828257
1359;34.6890750285738;25.5234271247418
1360;5.38670760965761;13.0367604580788
1361;42.5972222222299;45.5210173197029
1362;24.1355555555601;25.0777777777812
1363;24.9950937914127;35.6388888888905
1364;5.375;35.9583333333367
1365;39.9562049025235;13.0194444444469
1366;26.4673160136363;13.2805555555542
1367;41.2788008032858;83.4450937914144
1368;6.77777777777646;14.875
1369;6.91601731969786;115.818059152017
1370;5.43122663906433;76.3782395419248
1371;6.88268398636501;23.0422222222232
1372;42.4112314559898;45.3805555555573
1373;38.4252891069582;23.0144444444459
1374;11.6166666666713;33.2861111111133
1375;6.89920530087056;83.6088888888944
1376;53.4642650128744;13.2521284308177
1377;6.75929187794827;93.1783333333406
1378;6.9471284308147;5.54733787567147
1379;5.41101731970411;25.050115653451
1380;68.3353367079562;13.041551013217
1381;66.8916167840671;24.7894225824066
1382;55.2379882717678;83.6117604580841
1383;6.92472709297544;24.8639826803001
1384;22.6700000000019;105.347893431233
1385;89.9117823201204;64.866017319704
1386;21.6420335902749;54.9867604580813
1387;76.9774327162168;34.9605555555509
1388;6.84733787567257;126.514538235856
1389;6.80313940145152;54.3966666666629
1390;21.1799502487575;24.975000000004
1391;12.8150000000087;63.2083333333285
1392;18.6549758692918;25.6977777777738
1393;73.4259292780634;75.2388888888863
1394;56.8444444444476;55.467316013629
1395;130.830461764145;55.230461764133
1396;39.4853731393523;15.3417604580791
1397;49.8950161603789;25.2861111111033
1398;6.79354382731799;33.1616666666614
1399;5.375;63.3499999999931
1400;59.1527559157348;35.9194444444438
1401;22.9249999999956;5.5833333333303
1402;39.3289725313234;33.1499062085786
1403;43.7922421408093;24.853427124739
1404;32.2700937914069;86.0478715691843
1405;6.79176045808163;55.4088888888818
1406;92.4556493469663;85.8395382358558
1407;13.9417237817815;13.2243506530267
1408;109.99806704718;53.4422222222183
1409;6.80555555555111;55.7673160136346
1410;23.7748466961966;33.1999999999898
1411;6.75533938607805;113.306204902507
1412;68.2172222222107;55.7416666666686
1413;24.9617604580781;23.0444444444438
1414;5.38120490253459;46.0161111111029
1415;5.38611111110731;15.192316013663
1416;6.94444444444707;45.4826839863454
1417;5.4089826803156;25.5666666666602
1418;84.9144367577446;43.1132395419008
1419;8.92499999999745;3.00277777777592
1420;51.7029690699292;34.8027777777752
1421;63.5142381792557;44.8700937914382
1422;77.0214919410337;3.0444444444438
1423;12.8111111111157;35.7972440842732
1424;63.3410173197044;3.0444444444438
1425;22.5077777777715;15.4514790838221
1426;5.38888888888687;83.3854617641173
1427;43.0083333333168;75.938261403955
1428;92.3605555555441;35.9055774176013
1429;6.9119135639412;44.7846320272838
1430;21.9024804516084;3.03183238745441
1431;8.30342712476522;65.934632027278
1432;10.25;14.8346101652296
1433;5.40212843080553;33.1215947372857
1434;44.1640638568024;15.8583333333372
1435;51.2305774176111;33.0555774175828
1436;93.3728496407748;75.0201156534386
1437;5.4348342792091;15.0271502928426
1438;6.76363761872926;5.84849905411465
1439;81.4540764717258;23.1200937914127
1440;6.78823954192194;13.2388888888909
1441;73.3011968801329;45.6055555555486
1442;16.5334925047755;43.2138888888858
1443;46.1057334324596;5.27372316809851
1444;6.75277777777592;35.4894444444362
1445;7.09442258241143;55.7326120569778
1446;25.6416666666628;43.1777058483822
1447;68.4759143388255;33.1242787236388
1448;5.40408673386992;5.57777777776937
1449;6.83490128770973;33.079834279195
1450;24.0740274534855;23.1160173197004
1451;8.45251961998292;23.2312049025095
1452;5.41176045808061;33.2562049025109
1453;6.92260471044574;23.0771284308212
1454;5.3978554048208;43.4479434985751
1455;61.0249454288751;53.1132395419136
1456;6.84999999998581;23.0888888888876
1457;6.94109272723836;3.00833333333139
1458;5.40371255342689;33.0485209161452
1459;6.83953823584852;33.211688528685
1460;6.85768398637811;23.1584052627168
1461;69.4234163143246;15.1043506530586
1462;6.78611111111059;53.4090546096832
1463;5.39428804954514;43.2138169594928
1464;6.93251114781197;3.0444444444438
1465;5.37777899084176;43.1443725150548
1466;25.9861111111131;45.7666666666537
1467;6.90435065306337;23.1067604580512
1468;15.3071284308371;3.0444444444438
1469;36.1484863711303;103.444516373818
1470;5.46383071636774;15.6416666666628
1471;29.9778301527404;15.5056274849467
1472;50.2395382358463;45.5972222222081
1473;45.7496113397319;3.0361111111124
1474;15.7465728752541;44.98768398639
1475;6.76103918171975;45.3950937914069
1476;8.4529460443573;55.7777777777701
1477;64.2145382358431;15.7980591519445
1478;12.793239541943;43.1182395419437
1479;11.7456952167777;13.1327777777988
1480;6.78490620860975;45.3289826802593
1481;5.41388888888832;75.2999999999774
1482;51.0592207858463;25.4749999999949
1483;5.40676045803957;34.2460173197123
1484;6.97712843081354;63.2685209161282
1485;52.3572487258298;23.3388888888876
1486;43.5178715691618;43.1789826802815
1487;60.8265728752795;56.1962986939034
1488;36.290461764167;73.1289826802586
1489;5.41933825173328;45.0388888888865
1490;38.1114383551194;23.1240764716804
1491;66.9925901949664;35.4126839863839
1492;7.01038865094415;35.0561111110837
1493;23.1498329624665;5.80277777777519
1494;6.78147908386745;53.3524098049838
1495;48.6562049025124;3.01879509747414
1496;6.90647908386927;43.0583333333288
1497;78.7285874856843;25.4277777777734
1498;20.5077777778024;5.79222222219687
1499;5.40064934697875;35.4388888888752
1500;6.77129288497599;33.0592568616466
1501;22.2280884678985;63.2411111111214
1502;6.25;33.0667604580976
1503;11.2284271247481;95.8496320272061
1504;14.5414073794236;35.8648124172068
1505;42.0938252014967;55.0564790838689
1506;17.0091714257687;53.8509235283218
1507;6.97527993108997;13.2333333333263
1508;12.4009235283193;33.1915728752319
1509;23.5475901950085;55.8083333333179
1510;69.4805555555486;45.8444444444431
1511;77.5550000000039;75.900367972783
1512;5.43753320288488;5.79907647168329
1513;5.37762062874026;15.0240764716782
1514;5.41852091611872;65.7777777777592
1515;5.38875024896879;65.1490764716691
1516;26.5703679727449;53.1027777777726
1517;6.77166666666926;13.2710245125636
1518;59.486111111104;33.0851803899532
1519;6.79722222221972;63.87750359641
1520;52.2052612603493;43.446948040857
1521;15.8849196234787;13.0888888888876
1522;89.6249309487848;43.1361111111073
1523;88.972105261184;43.1392568616211
1524;21.7481457505182;66.0129581677174
1525;5.41759019497295;55.7620346394033
1526;6.78141865010366;34.8355555555536
1527;6.91944444444198;65.4018398637381
1528;57.8840055914679;65.558333333327
1529;37.0830519591436;23.2410173197368
1530;44.1708351844336;45.316017319692
1531;8.24787156919047;3.03333333333467
1532;6.875;14.9555555555562
1533;33.6595310429857;35.2907431383974
1534;6.7944444444438;3.0444444444438
1535;5.37982066469158;74.9611111110971
1536;24.2083333333321;33.20619770964
1537;5.4060030493074;34.9633261404306
1538;89.7071194621658;15.7740764717364
1539;6.89907647173459;45.4916666666686
1540;6.875;73.1685209161642
1541;6.75277777777592;13.0487084989472
1542;18.5611111111066;23.0542640545009
1543;110.989799824318;23.2506349611031
1544;5.375;5.11111111111495
1545;19.4231385576059;35.2009235282712
1546;45.2270972153565;33.2157503312774
1547;6.75277777777592;25.6173160136368
1548;5.375;93.4497258186911
1549;5.39852141908159;53.2311905166534
1550;26.3493362671525;33.2067604580698
1551;10.6324098050627;45.1086147075712
1552;17.8262094759848;43.1086147075712
1553;6.75277777777774;35.8373160136252
1554;6.89103170555973;23.0549062085938
1555;93.4914614949394;25.272792163636
1556;30.0311183040048;73.2861111111233
1557;6.84286437622359;13.1522222222229
1558;37.5921400016468;25.1933333333236
1559;5.38398268029778;123.549083664591
1560;6.83672946722618;33.069444444438
1561;5.3944444444478;33.1978715691803
1562;21.6817604580665;83.3089032747284
1563;6.80833333332885;64.6354617641609
1564;6.82001438585576;3.0444444444438
1565;6.80751999443237;43.175649346962
1566;7.0160173196964;73.1989826802837
1567;6.78888888888832;23.4249999999993
1568;22.0039826802913;5.61944444443725
1569;129.61200340217;25.1888888888843
1570;6.75999999999294;33.3812049025219
1571;6.875;45.635093791414
1572;6.83379509747647;35.9527777777785
1573;6.22777777778174;73.461666666657
1574;48.4138888888792;75.0638888888825
1575;42.727777777769;155.282409805028
1576;27.8049062085829;63.1611111111033
1577;129.061329274424;15.7917604580798
1578;23.3601624438033;33.1210173197305
1579;13.239049249838;33.095461764171
1580;52.1751922243839;25.5543506530594
1581;6.96111111111168;43.1088888888844
1582;63.3795110139999;24.9379653605665
1583;6.875;45.6601875827946
1584;51.5505555555519;55.2749999999942
1585;5.37814256903403;26.1666666666661
1586;58.6854071140187;65.0695382358499
1587;12.4791486950853;33.0568542494566
1588;8.26823954194697;63.285461764166
1589;30.2463933845193;85.702222222244
1590;28.7161054780499;25.4277777778061
1591;72.4720495650272;44.6598124172178
1592;8.58440195031653;14.9526839863647
1593;11.5374098050179;24.910367972765
1594;53.0329528828788;15.0854617641417
1595;29.9709944085025;3.0376839863784
1596;26.5494522019999;33.493145750539
1597;18.5470480529857;45.3283333333566
1598;55.0228235330469;13.0962986939321
1599;21.3032256211882;25.2235209161554
1600;95.6161111111014;55.3894444444632
1601;5.55064934694201;33.7805555555806
1602;20.4743858651855;33.2367604580941
1603;136.713888888886;23.1312049025219
1604;34.2203714906154;65.3534271247718
1605;54.0021235510976;25.9999999999982
1606;5.433070193405;25.4838888888808
1607;7.00676045807631;13.0804617641334
1608;18.1324098050372;33.1117604580722
1609;5.42370529608161;45.1546320272591
1610;31.560483894229;75.7597258187016
1611;41.8132261895353;13.0944444444413
1612;6.79166666666606;44.8638888888818
1613;6.79166666666606;4.9257431383794
1614;42.0673160136612;35.7566666666571
1615;25.444444444438;73.4539826802938
1616;5.45018758283004;33.1116666666585
1617;60.7125826766878;55.8594444444298
1618;6.86388888889087;3.0444444444438
1619;84.6679653605897;5.2589826802996
1620;37.8696155186826;53.18722222221
1621;6.85034311255913;25.58009379141
1622;15.8177777777728;3.01407647171618
1623;41.2017604580633;25.1050937914115
1624;6.78024195817306;53.1705555555363
1625;5.41592352828229;93.4068542494715
1626;21.9696681030127;33.3706493469635
1627;5.37751849054075;3.0444444444438
1628;8.37754262240924;25.2367604580722
1629;8.27546176413853;15.1333333333314
1630;6.8112986939359;53.2224098050356
1631;28.2424854010223;23.0976839863579
1632;7.1773160136363;35.8472222222154
1633;5.375;46.0249999999942
1634;6.80509379141404;83.30176045806
1635;5.375;15.0777777777639
1636;24.3060173196864;54.3944444444405
1637;10.2749999999942;23.0328715691885
1638;33.2551229103738;44.9400000000023
1639;22.5673160136284;33.1417604580765
1640;13.3384271247505;75.3978715691755
1641;6.91165909609481;83.2527777777632
1642;12.3277777777785;13.1800937914231
1643;6.76157287526075;75.180093791414
1644;6.78036797273307;3.0444444444438
1645;23.7592525938926;35.882777777766
1646;33.98858483392;45.66499999999
1647;5.40707159085287;23.4978715691905
1648;6.83611111110986;85.4983333333075
1649;27.9805555555595;83.2367604580613
1650;81.678239541905;35.566854249495
1651;7.69888888888454;23.0834271247459
1652;41.913671843633;5.2138888888876
1653;6.77369261841523;55.4782395419061
1654;18.6115767402443;73.2733333333053
1655;5.4172222222096;13.0117604580646
1656;6.77328476849652;5.22222222221899
1657;46.0844444444319;15.2916666666661
1658;5.42268398635497;35.5499999999975
1659;45.200649346958;34.9166666666497
1660;57.1051019153783;45.4333333333288
1661;5.39666666667472;33.0977777777625
1662;7.96602221752073;3.02777777778283
1663;33.5784271247339;63.1277777777668
1664;17.2056577689564;23.0583333333288
1665;7.00807000645909;45.2277777777726
1666;66.3361322984274;34.111111111104
1667;5.43898013166472;45.8388888888785
1668;78.2521783101674;45.7861111111142
1669;45.3076839863497;45.9277777777752
1670;5.37752650762195;53.1749999999975
1671;33.3166666666621;15.6472222222292
1672;5.41666666665515;45.3805555555537
1673;43.566336924192;23.1555555555606
1674;6.91666666666424;123.533333333309
1675;49.5749999999916;25.8972222222292
1676;13.6277777777759;25.4138888888901
1677;21.244446047318;35.2589826802978
1678;73.3804443058525;93.2687950974596
1679;6.78546176413511;53.1895382358489
1680;6.82353815936403;15.392316013631
1681;35.2112520077662;43.4472222222284
1682;28.2198643410829;65.4083333333256
1683;61.671726732211;55.4944444444336
1684;12.5264350667712;25.1206493469726
1685;82.1885740646867;25.4555555555562
1686;37.7169465977586;35.5416666666533
1687;28.0414891835862;13.080555555558
1688;50.4222222222215;25.686111111112
1689;8.25530254250407;5.81176045809116
1690;37.2385590712638;35.0972222222026
1691;11.9660173196989;45.4361111111011
1692;71.0640945117193;55.938888888868
1693;5.42499999999382;23.4805555555431
1694;108.021864635783;43.1722222222033
1695;6.90277777778647;74.1339826802814
1696;38.8912366773548;55.4194444444311
1697;5.42009379141018;23.0333333333347
1698;5.42231365948464;64.8034271247379
1699;33.3173160136321;43.1673160136233
1700;5.37564934696638;14.5422222222132
1701;6.84616217400071;13.0888888888876
1702;5.38920647178566;53.1345382358413
1703;5.90490620859055;23.0957431383631
1704;5.43546176413838;65.5617604580639
1705;45.6143408903026;43.1033333333271
1706;5.40590174424324;3.0444444444438
1707;39.3178715691847;53.1922222222147
1708;68.1866666666483;23.11944444445
1709;5.44706329806286;74.5962986939212
1710;42.3762986939328;45.8422222222198
1711;35.5174916833712;65.0361111111015
1712;5.39231601362553;105.856760458062
1713;6.86657287525486;33.1014790838453
1714;58.4275035964365;33.2833333333256
1715;46.2136106083944;35.3277777777694
1716;25.6249062085772;25.4555555555562
1717;49.6343857304091;5.68277777777257
1718;47.9734271247289;84.8338888888775
1719;19.3855766927627;33.6999999999989
1720;7.15866970402749;23.0666666666584
1721;6.81914791060444;3.0444444444438
1722;73.5230889809609;33.1666666666661
1723;52.8425019400947;55.1534271247383
1724;5.3910173196964;3.03944444444642
1725;5.41888888888752;53.185461764142
1726;5.40064934696238;35.4679653605999
1727;8.34164825494918;55.3506493469631
1728;113.986816823201;15.8308369297883
1729;6.89231601363645;53.3737013060691
1730;6.87564934696638;35.7137084989754
1731;21.9739217646202;53.429725818678
1732;6.82777777777846;34.3499999999949
1733;5.45620490252441;43.1484271247427
1734;37.9634600004701;116.138239541904
1735;49.9873160136267;25.8807359454568
1736;75.2987434486895;3.0444444444438
1737;67.4539840585112;45.5953679727336
1738;39.2269480408995;33.7388888888818
1739;34.1426733874705;25.069444444438
1740;20.4896876523508;3.02740261212602
1741;6.87202999783585;15.1444444444405
1742;48.585461764138;3.03333333333467
1743;25.8837561975779;33.2196248343444
1744;5.39166666666279;33.2809307212028
1745;29.0936252865376;55.8196248343411
1746;5.37833333333401;3.01435784596833
1747;20.7227777777753;45.9256493469566
1748;6.81351372322933;23.0883333333404
1749;6.77750359645688;53.1555555555497
1750;5.38351372323268;3.03722941512569
1751;6.87795816767175;23.179170263109
1752;48.6192778228342;43.1699134015053
1753;6.23916307019681;3.0444444444438
1754;5.38099429277099;55.0316738595775
1755;6.79204183231923;53.0872294151413
1756;5.40785179019986;43.484451637356
1757;8.32722222221128;43.1027777777617
1758;5.3931755026133;95.0535209161408
1759;6.91286746848346;5.40064934696238
1760;28.9038960818034;33.2665728752618
1761;6.79633476968957;33.208333333323
1762;5.38333333334231;93.845743138354
1763;58.1677849706775;5.57555555554791
1764;10.0683864337261;15.219444444454
1765;6.90212843081463;34.888888888885
1766;7.04191793682185;65.6354617641391
1767;26.2983405262403;43.3477777777607
1768;48.6538960817998;15.4750000000058
1769;6.87777777777774;25.2166666666653
1770;51.0313861216346;33.4833333333372
1771;8.63215529074296;65.5361111111015
1772;94.6387990644871;25.3583333333263
1773;6.90611111110229;73.3699999999808
1774;23.8066725455665;63.3222222222048
1775;25.4777777777726;33.2194444444376
1776;6.20611111110156;35.3166666666511
1777;64.2510301445;45.4749999999949
1778;28.6533333333246;15.0750000000007
1779;21.248581775124;93.3061111110965
1780;79.5901021085556;75.2227777777516
1781;6.91944444444562;95.217222222198
1782;77.7973855103828;25.8922222222191
1783;49.600327981083;5.69666666668127
1784;18.5166666666628;35.7723160136393
1785;16.5999999999949;23.0916666666635
1786;31.6977921634898;33.3138888888825
1787;44.9691655729075;35.1938888888926
1788;6.76076185172315;55.0755555555443
1789;75.077732601756;94.9572222222014
1790;61.048192286853;35.6799062085829
1791;5.41271351985961;13.5278715691966
1792;6.76037093324339;55.470555555552
1793;73.5223160136302;53.2306493469605
1794;5.4008852081497;43.1416666666482
1795;6.98055555555766;35.8573160136366
1796;39.882467637528;13.0767604580651
1797;62.8540405607291;35.3289826802793
1798;32.775198952495;15.3611111110913
1799;6.77914627019891;95.7349062085814
1800;6.39147908383893;5.63111111112266
1801;45.3139826802926;55.0145382358514
1802;40.2166666666635;35.0388888888665
1803;8.08398268030214;13.0944444444285
1804;6.79509379141018;25.9305555555384
1805;39.9997575589314;34.8343506530473
1806;6.875;33.2094300587505
1807;36.7728715691846;63.1861111111048
1808;7.45277777778028;25.3572078365341
1809;5.37761829652845;53.1805555555402
1810;122.219735239796;65.7277777777726
1811;5.39166666666097;15.1333333333187
1812;33.2477777777676;43.0800794057359
1813;6.88888888888505;33.1539032745732
1814;52.5122175928427;5.54609672542028
1815;66.0912705923529;54.9355555555358
1816;88.2904779907713;45.2806781183153
1817;6.81779216346149;33.4073303993027
1818;6.91388888887741;13.0638888888934
1819;78.7914819500438;45.8666666666541
1820;5.375;25.3812049025219
1821;33.2259006171207;53.3083333333288
1822;52.6566810523364;33.1718686351669
1823;20.4771284308044;64.9799062085694
1824;5.40520744613241;55.5810317053674
1825;6.89787156917009;14.810757524052
1826;23.0837799255623;83.3694444444318
1827;5.40183134869585;65.4277777777625
1828;20.2630793064582;53.2818542494933
1829;12.3462192881852;43.1349856143206
1830;78.0007334442707;5.69757580927944
1831;38.4277777777606;45.3137663261296
1832;6.88611111110913;34.8534271247408
1833;6.82310093576416;3.0444444444438
1834;17.9158356230746;43.2284271247408
1835;8.39344151041587;4.87222222222226
1836;15.5305555555587;23.1371140451301
1837;5.39331894765201;35.5888888888876
1838;13.5913398935918;23.0593362673699
1839;6.80342712474339;14.9704473784823
1840;5.375;56.0121140451301
1841;6.87287156919047;63.2787807117948
1842;5.375;43.2170202537382
1843;11.1856978071301;13.072222222223
1844;40.4395382358525;33.0888888888876
1845;6.7777777777701;23.1826839863588
1846;6.875;53.3305555555453
1847;33.3897139190376;25.3559091426341
1848;6.75277777777592;33.2312049025168
1849;50.464777281235;35.7648918229279
1850;6.96195572760553;33.0690908573652
1851;19.0903353429458;4.87127711536959
1852;39.0297553972123;3.00277777777592
1853;6.78769421658762;43.1170202537305
1854;21.7738991936149;45.3794300587761
1855;5.375;54.3117604580748
1856;34.1978715691894;53.2540764716941
1857;8.93041479488238;66.6638888888792
1858;39.3609958040379;33.6505555555505
1859;6.92020006412531;34.9172222222114
1860;21.419697568248;53.5123160136318
1861;6.9086869203984;43.2477777777767
1862;41.7666575447438;95.4567604580607
1863;6.39166666666279;13.3805555555537
1864;64.0293145779524;63.2734271247391
1865;6.91888888887661;33.169444444442
1866;6.81702025374398;43.2095382358566
1867;6.81944444444707;55.0095382358431
1868;6.8777777777741;3.0444444444438
1869;6.9061111111132;53.2968686351378
1870;18.4833333333372;13.0793506530317
1871;38.1061111110794;15.1826839863679
1872;5.42072023758919;14.8694444444463
1873;5.38650856021559;73.1944444444362
1874;15.0001531058479;54.9383333333499
1875;19.8508513154247;5
1876;108.846298693914;33.256111111099
1877;18.9484271247438;5.26666666666279
1878;15.2987950974712;83.4312049025084
1879;31.3722222222241;43.1290764717123
1880;6.8018192392301;23.0679653605966
1881;5.38098120263749;23.3027777777752
1882;6.80435065303755;75.1583333333238
1883;73.1839826802843;33.131854249481
1884;6.89499999999498;43.0972222222208
1885;6.94018758282073;4.94231601362844
1886;34.0200937914051;15.3978715691846
1887;50.8635265736648;85.3784271247368
1888;80.2485209161459;5.01166666666359
1889;48.6404388529772;13.0027777777759
1890;28.9034271247401;35.5194444444387
1891;26.9349502860205;25.8144444444388
1892;6.79137892873041;33.1228715691796
1893;51.1723408631351;66.2416666666595
1894;20.0839826803003;33.1349062086047
1895;48.4812986939341;25.3821284308269
1896;6.75277777777592;14.9222222222197
1897;6.83823954191939;43.4123160136132
1898;77.0033473050407;135.927871569196
1899;56.2116670561009;25.6037950975133
1900;41.9941601116043;35.1186075146943
1901;31.7308377118861;24.8159307211372
1902;34.8235134211591;83.4478715691712
1903;71.8257431383627;76.4518542494716
1904;6.8342869656808;3.04166666666606
1905;95.5658224548151;33.1916882451915
1906;5.41666666665697;25.638888888885
1907;5.43044737847413;105.818520916138
1908;14.7533372161615;53.4707431383849
1909;107.61999999997;13.0111111111091
1910;6.30490620857381;25.0882395419212
1911;6.92704183225032;33.236111111115
1912;16.0943578458846;15.0882395419212
1913;6.83473882249018;4.87499999999818
1914;6.91879509747559;23.3250000000007
1915;6.77258750905821;96.1874098050284
1916;11.4222222222106;15.0333333333347
1917;8.32564934696711;23.050649346962
1918;49.7198053329412;25.3145382358507
1919;12.8437084989182;76.291666666657
1920;35.1186599537596;53.1812049025175
1921;40.1666666666588;13.0160173196982
1922;10.1362367209931;43.3854617641427
1923;14.9529369186857;83.5611111110957
1924;6.78805809859296;55.3089826802934
1925;7.10703463939171;23.2500000000018
1926;5.38807918097336;33.125
1927;25.8141343042007;23.1583333333347
1928;6.19166666666024;33.2305555555486
1929;10.439831472182;25.61388888888
1930;42.7249999999858;25.0001803898958
1931;5.38333333333139;43.5112915010122
1932;6.91666666665515;55.0305555555478
1933;6.76666666666097;5.23971862575854
1934;14.0243506530296;5.24444444444453
1935;77.7564652823148;73.6536075146378
1936;6.75277777777592;35.3619408479753
1937;35.9777777777726;35.7583333333314
1938;7.10833333333358;25.8905483626295
1939;29.7416666666577;85.2918470565583
1940;7.59379509747669;43.1619408479819
1941;9.33268398635846;113.452597387855
1942;56.1532346712811;73.2674964035305
1943;6.78099589286103;35.9717676509827
1944;54.2861311400575;15.1558297368811
1945;5.41944444444016;33.1494516373496
1946;6.75277777777592;53.1006493469631
1947;6.93276209623036;53.1534271247383
1948;6.91556274846516;35.3867604580755
1949;8.91718820947426;14.9256493469657
1950;99.1213256100709;53.3011039181893
1951;9.54611830401882;63.1965728752421
1952;103.091847056556;65.555555555542
1953;6.79099297324501;65.555555555542
1954;5.38333333333139;43.2027777777694
1955;6.78416307020598;43.3095310429417
1956;7.29722222222154;25.5450937914011
1957;5.375;45.6367604580755
1958;82.700934875309;43.2305555555504
1959;6.81944444443798;63.4493506530162
1960;51.6964164713409;63.299350653022
1961;5.41816732900224;43.0931457504994
1962;21.5416666666661;33.0833333333321
1963;36.6930385703054;103.302128430798
1964;6.1694444444438;66.0459235282779
1965;126.672402612101;23.1694444444365
1966;6.90703463939099;53.2292568616103
1967;5.41388888888832;55.4709235282789
1968;39.5042568616118;33.3903679727209
1969;74.7433261403949;25.9555555555398
1970;5.40685424948242;15.4277777777679
1971;19.9625901949548;55.2416666666577
1972;5.3944444444478;95.0536075146338
1973;29.0892932287225;65.6694444444347
1974;24.6181457504917;24.847222222219
1975;73.9598124171553;45.7583333333314
1976;21.794444444442;55.5651875828262
1977;26.2280577088604;63.5068542494773
1978;27.5249999999869;14.5711111111177
1979;12.9840077268618;25.4846320272536
1980;73.902958167675;33.1124098050441
1981;45.3165165902683;65.3761111111107
1982;68.0805249298446;45.3755555555472
1983;5.42498406192317;35.2435209161395
1984;8.32777777776937;43.2855555555561
1985;72.6901431854585;23.3027777777752
1986;52.9604617641489;35.7886147075496
1987;45.8973789289121;23.1174098050451
1988;26.1897524752512;15.6341630702191
1989;6.22222222221899;33.2312049025131
1990;6.875;66.2219480408839
1991;83.7367168206747;35.204819610075
1992;5.57963202724932;64.1347258186597
1993;38.9921185992662;4.89657287525006
1994;6.76611111111561;63.6033333333162
1995;74.8359710294026;25.6702741813351
1996;48.2417897657178;65.8972222222164
1997;15.0893506530356;15.2290764717163
1998;28.4983385545365;33.0958369297841
1999;26.9863976849138;44.7972222222124
2000;5.41213028128186;65.8001875828159
2001;75.1333494168066;75.4458369297681
2002;39.1245001021143;13.0444444444438
2003;35.3194444444343;15.8812049025219
2004;6.89222222220997;103.319444444438
2005;62.556760458061;75.0027777777777
2006;6.81055555554485;3.02784999074356
2007;5.40382520155981;53.4537013060672
2008;8.51759019496058;23.2243722314888
2009;51.8333333333194;25.3172222222056
2010;62.9839675538478;63.5827777777795
2011;56.8170843210883;53.9312049025084
2012;12.3351892744577;73.299444444443
2013;6.94123968920758;75.9994444444455
2014;5.42204655247951;54.4999999999891
2015;54.6803939294314;13.2271284308154
2016;5.38807359306156;13.0888888888876
2017;47.4469709520581;25.2334055463107
2018;61.2862049025116;45.4972222222113
2019;16.4188888888875;45.4361833240782
2020;6.82164508823007;53.6467388796445
2021;36.861204902516;3.0444444444438
2022;6.76062776853723;35.7005555555352
2023;38.2596336007809;15.8834055463012
2024;14.3933801076328;15.6754833425694
2025;6.99362423092316;53.4999999999982
2026;6.91055555556886;13.0388888888901
2027;65.6667388796268;64.294350653021
2028;94.6307780130992;4.85784999076532
2029;6.9093290746041;5.97451665743392
2030;11.8611833240775;23.2495166574281
2031;5.40268935349377;53.2073375920518
2032;6.875;46.169444444442
2033;6.79087316708319;43.1277777777668
2034;74.7084055462947;43.0611111111066
2035;43.3666666666577;35.0037735190472
2036;9.86715000923141;75.0166666666628
2037;44.3521328090792;43.5083333333314
2038;21.1386922112451;23.1573375920561
2039;6.9045598142784;95.736111111104
2040;5.38832918752814;3.0444444444438
2041;6.75536333116725;24.9087735190569
2042;38.2441963798938;13.1418326710482
2043;120.103982680275;63.1497908387591
2044;76.4433662689862;14.694444444438
2045;6.78971862577419;45.0911111111145
2046;5.44821796349424;83.3914575054168
2047;6.78594510672701;33.2538673104664
2048;11.1431457505169;43.2187950974949
2049;5.4194444444438;33.1500937914116
2050;5.38199851330319;76.2243506530485
2051;21.2320099728659;24.7138888888894
2052;5.44867232222714;55.0760895326803
2053;6.80145489565621;23.2235209161518
2054;5.38055555555366;34.5898124172018
2055;6.88333333333139;25.208333333323
2056;5.38333333332957;4.95759019495381
2057;38.3517388796517;43.2249999999967
2058;48.158427124743;25.1317604580636
2059;5.45316248569179;73.4027777777719
2060;29.1496104488288;43.111111111104
2061;6.79690198293792;33.2611111111073
2062;38.7293506530405;13.0444444444438
2063;21.3666666666686;23.2209235282971
2064;21.1888888888843;34.8737013060691
2065;46.5911111111236;15.0611111111066
2066;62.6470106460583;33.0931457505212
2067;5.4111111111124;35.3416666666653
2068;11.7318487402808;65.7570346393986
2069;11.0771284308103;4.57074313836893
2070;5.41923434836281;35.6083333333263
2071;31.9314263901888;94.8756493469537
2072;55.4346320272507;24.8722222222223
2073;17.8209235283048;86.4277777777734
2074;18.9873782691284;35.5017604580698
2075;29.0871580180865;13.0837950974837
2076;49.6737013060756;35.9076839863701
2077;31.743795097469;45.0775973878481
2078;25.4596320272558;36.0049062085891
2079;5.37882099015042;25.8396248343561
2080;23.9325908757746;93.5299062085924
2081;84.6350989890252;13.1922222222256
2082;59.9267744297777;45.7208297368779
2083;6.81240980503935;35.5604617641511
2084;24.7096320272449;55.4185209161442
2085;10.3026272432016;53.1561111111023
2086;23.1910173197066;55.6375901949632
2087;5.40259738785062;35.057034639407
2088;6.2305555555522;25.241017319704
2089;34.822502153309;45.4387950974851
2090;48.4777802119606;35.4410173197066
2091;43.9099985568519;75.1033333333289
2092;21.5076056194921;23.0888888888876
2093;5.37752587991599;35.7346320272591
2094;5.38993683428271;43.1777777777643
2095;7.13393914779408;53.181854249473
2096;57.1937950974698;93.4680519590966
2097;18.0237013060596;14.9694444444431
2098;6.75277777777592;24.7777777777701
2099;12.8386949423621;35.3185209161511
2100;55.2459235282913;23.0444444444438
2101;34.328982680292;4.66388888887923
2102;6.89999999999236;14.9249999999975
2103;23.9999062085772;65.8150937913961
2104;6.8944444444387;25.0472222222215
2105;6.24722222220953;73.2395382358463
2106;32.6916666666602;24.9722222222172
2107;18.9249062085892;34.8833333333205
2108;36.3459926729138;73.2777777777719
2109;11.8499999999967;14.9000000000069
2110;20.9111111111015;86.5638888888607
2111;9.39019136451498;74.8382395418994
2112;35.6576839863574;53.2525973878674
2113;53.6640892167197;3.0400937914128
2114;5.43006714133116;23.0805555555526
2115;57.8719025359769;33.181204902532
2116;5.4194444444438;33.0916666666653
2117;6.8166492735636;73.8194444444252
2118;5.3886814515663;25.778607514636
2119;55.4139264289879;63.2861111110906
2120;37.7521284307877;83.5743506530125
2121;80.6211006732865;23.0478715691988
2122;6.93940450013542;105.500649346945
2123;6.80342712475431;3.02222222221644
2124;95.2144029987994;33.0673160136266
2125;85.5726030453807;33.2006493469689
2126;6.88333333333139;45.4027777777574
2127;5.3840459218718;15.188239541927
2128;6.79429193899887;53.2666666666501
2129;5.375;23.0611111111066
2130;5.3861111110964;53.2312049025168
2131;6.91666666666606;23.0888888888876
2132;6.76190522213619;55.8978715691846
2133;28.259632027266;105.867316013635
2134;117.147407347706;35.0611111111066
2135;41.5895382358522;13.4700937913985
2136;6.76944444444052;25.0388888888901
2137;22.2700937914051;25.1138888888818
2138;17.3354561438882;23.1333333333223
2139;30.5034271247441;43.5116666666654
2140;27.4478715691894;45.7027777777785
2141;68.9641245242583;25.177777777757
2142;61.6256493469755;33.222222222219
2143;48.7145382358631;56.0972222222172
2144;6.75530428539787;15.4611111111099
2145;6.79813281893257;35.3527777777726
2146;73.8468944062515;85.3222222222157
2147;49.4946606139001;33.1361111111055
2148;8.93611111111568;45.1700937913993
2149;9.89129512633372;33.2111111110989
2150;6.88888888888687;85.3722222222132
2151;6.84166666666533;73.4326839863425
2152;5.40389688248797;25.3444444444322
2153;47.8867952522214;13.0916666666635
2154;5.42499999999745;13.8722222222204
2155;6.87222222221499;43.1444444444405
2156;5.42499999999745;5.15000000000509
2157;30.2166666666544;35.2083333333321
2158;107.813411432324;43.2534271247514
2159;46.879788387123;25.0679653606057
2160;5.39999999999418;23.3117604580857
2161;5.40674603174739;45.4471284308784
2162;5.61095966066023;45.4722222222281
2163;12.402777777781;43.0860173197689
2164;29.8608192990432;25.1166666666595
2165;9.13611111110731;73.2999999999975
2166;19.0247515111096;35.1667604580016
2167;6.92435065302197;73.1534271247401
2168;25.7054617642098;33.1089826803054
2169;38.7387950975462;45.8465728752326
2170;78.5758847518537;43.9034271247492
2171;6.83113322269492;5.34166666666715
2172;5.399999999996;35.8117604580821
2173;44.9413026198672;63.1562049025142
2174;6.77965493841475;23.0111111111055
2175;5.39269530542515;15.2187950974658
2176;49.7042568615816;44.7722222222365
2177;73.1256493469573;25.651479083841
2178;6.88333333333139;63.2076839863712
2179;29.7284271247481;63.1799062085884
2180;41.2642802880946;95.5327777776984
2181;33.6032267185819;24.1694444444329
2182;8.24787156919774;55.7694444444442
2183;55.9146320271884;35.5549062085902
2184;23.7604617641464;43.345923528288
2185;49.5657935369218;25.2055555555544
2186;73.5467253807074;13.0429653605934
2187;7.54722222221972;35.2401875828255
2188;5.375;23.0083333333278
2189;6.92195369842193;35.7728715691846
2190;76.0906916962322;43.1854617641366
2191;13.0348956105699;45.0750000000007
2192;39.7367604580704;33.0493506530293
2193;5.40833333333467;23.0895382358558
2194;26.0572792964231;55.9549062085862
2195;6.7861111111124;65.5166666666646
2196;6.79999999999745;5.5805555555562
2197;22.0382395419201;65.0006493469682
2198;6.7944444444438;14.8617604580741
2199;56.5675499993067;53.1694444444438
2200;27.4166666666679;13.0444444444438
2201;5.38611111110731;23.1388888888741
2202;33.3978715691828;45.694444444438
2203;56.7480240746227;65.0679653605839
2204;57.9291269083424;25.2928715691796
2205;6.84444444444307;5
2206;59.127777777765;55.7299062085822
2207;65.9474139442373;25.232683986369
2208;6.81879509746977;44.9681457505139
2209;11.9027777777701;63.1568542494824
2210;80.5993506530267;5.50555555555366
2211;64.9244780734789;35.9124098050379
2212;35.3715728752541;25.6950937914062
2213;6.91944444444562;53.2277777777617
2214;5.38658781904815;13.0083333333332
2215;60.0297071043551;63.1160173196895
2216;67.2312049025149;96.0394444444373
2217;64.948586725639;3.03046176413955
2218;5.3866469592158;5.00833333333139
2219;5.37629869393459;13.0179653606065
2220;6.84847315676598;23.7602813742415
2221;62.1409235282754;96.2660173196819
2222;62.2632395419041;3.0444444444438
2223;13.0178715691836;33.1959235282793
2224;5.43447507013661;35.2137084989808
2225;6.88833333332877;15.407777777782
2226;6.88702745961564;45.134906208581
2227;5.38888888888505;23.0568542494875
2228;13.5991784328526;43.2999999999975
2229;6.8867604580737;103.289538235844
2230;28.3129219578168;15.0224026121232
2231;5.41666666665697;34.9153679727224
2232;6.79620707299364;4.0444444444438
2233;73.2589826802941;13.0501803899042
2234;41.0624098050412;45.0944444444322
2235;13.6487013060578;63.4055555555478
2236;22.1431457505041;23.1588888888928
2237;68.4249996532035;25.6474026121232
2238;5.375;34.9576839863657
2239;6.87139248534913;35.3388888888876
2240;27.7427238440068;5.7138888888876
2241;46.5153679727191;35.4876839863555
2242;167.854256861601;14.9694444444413
2243;83.7436825422701;13.0456493469683
2244;42.5579710181173;35.7231457505059
2245;45.254470334401;35.3071284308044
2246;57.229256861614;93.6352741813098
2247;16.1987013060643;45.8677777777757
2248;71.3764790838304;55.5633333333262
2249;6.7644444444486;24.8916666666628
2250;6.77899663261269;33.1577777777693
2251;6.83222222221593;13.1106493469579
2252;6.82994664777834;85.9228715691788
2253;64.1942568616178;63.3837013060547
2254;6.92888888888956;53.781666666664
2255;18.1689826802958;23.4407431383843
2256;26.7261975904676;55.0787950974736
2257;38.4812027625321;23.152777777781
2258;6.89323954191605;33.138888888885
2259;5.48876103986004;33.0638888888825
2260;6.94490620859506;33.0444444444438
2261;6.80852091614724;33.1194444444554
2262;5.40536797272944;43.1025901949542
2263;5.39149196710969;73.2961111111053
2264;6.77944444444256;3.02990620859055
2265;36.0454838563892;43.0361111111124
2266;104.03590659664;34.9500000000116
2267;16.7388888888727;63.211666666657
2268;10.7722222222274;3.0444444444438
2269;6.80555555557112;85.4700937914022
2270;8.2145382358558;23.0166666666628
2271;6.86944444444453;13.1034271247408
2272;6.89231601364008;14.7716666666602
2273;47.7924113146564;34.7645382358514
2274;5.41666666666788;24.7006493469598
2275;13.0058400429407;53.0839826802912
2276;13.9340624999986;54.3922222222172
2277;34.2763247486637;44.9089826803029
2278;70.0166666666628;43.2610173196863
2279;8.91977463254443;23.0438888888875
2280;32.4446365363838;43.0972222222063
2281;15.8459917404325;25.495187582821
2282;6.82833333333838;65.7090764716977
2283;6.76601731969276;33.4889826802901
2284;6.76101731969538;55.1666666666533
2285;25.4915728752458;43.0590764717035
2286;19.191017319692;15.641666666661
2287;72.4135091024273;45.0729653605886
2288;6.88147908396786;5.49166666666861
2289;5.4194444444438;43.507316013498
2290;12.958818684443;33.4993506530373
2291;59.2978715691734;3.00768398638138
2292;34.5201875828134;35.7916666666642
2293;78.761760458061;35.8271284308175
2294;5.40490620858145;34.9978715691632
2295;6.87482638887923;3.04111111110979
2296;15.6178715691804;53.3256493469562
2297;5.38333333332957;95.8674098050215
2298;5.41586525797356;43.2339826802763
2299;33.5354617641497;55.1105555555496
2300;6.875;15.2138888888858
2301;6.92859113797567;74.9978715691686
2302;6.79777777777599;15.1555555555587
2303;6.875;33.0854617641598
2304;36.3282878524751;23.1660173196997
2305;18.0523160136145;35.9284271247416
2306;42.9861111111022;73.2910173196979
2307;6.76388888888505;25.3944444444405
2308;8.29231601363608;53.166666666657
2309;50.2634271247352;26.218795097484
2310;84.2101932403275;23.1194444444554
2311;37.639538235826;35.6395382358442
2312;8.1694444444438;14.8555555555595
2313;6.92222222222154;14.7138888888876
2314;6.94509379142255;53.2049062085898
2315;5.3839826802905;53.6076839863672
2316;25.9555711057565;63.3487013060512
2317;21.7215728752599;34.9222222222197
2318;29.9580546286288;54.7312049025168
2319;21.9125901949519;33.1200937914036
2320;30.6931339484454;25.6978715691821
2321;6.80892023621709;93.5431457505056
2322;5.41111111111059;55.2895382358456
2323;5.41275224644596;36.0957431383667
2324;58.6969371059367;23.1944444444362
2325;35.9166666666642;53.478427124739
2326;5.38676045807551;33.0750000000007
2327;71.2641859709911;4.57009379140254
2328;6.91862522589145;45.9305555555493
2329;27.722222222219;63.1978715691803
2330;52.2384740644957;3.0444444444438
2331;98.5305555555442;45.5687950974698
2332;27.7666666666628;13.0611111110975
2333;35.9377960022539;43.1222222222132
2334;5.43071562478872;54.8660173197004
2335;62.6780519592448;45.3864862765931
2336;26.4357018640403;33.1416666666628
2337;5.43842648715327;43.1589826802901
2338;5.39722222222554;53.1290764717105
2339;41.8215728752602;75.7645382358423
2340;6.84417797072456;23.2728715692119
2341;5.42206836524929;3.0444444444438
2342;9.975000000004;36.0269480409042
2343;5.38333333331138;115.997871569178
2344;59.2885194730061;23.061760458073
2345;16.2172704020759;33.339632027255
2346;70.9202204585545;23.1607359456284
2347;50.4116666666687;83.1803751656334
2348;5.375;23.0145382358533
2349;6.81583692978529;85.8359307211831
2350;6.21028137422581;33.9611111111099
2351;6.78463202725834;53.3142568617768
2352;8.36240980503862;25.722222222219
2353;88.9886977524075;85.356479084001
2354;5.375;63.7530519592601
2355;81.9787013062232;55.1343578457818
2356;83.6549905334596;5.55833333333067
2357;6.77649151194964;35.929076471708
2358;22.8142568617768;35.444444444438
2359;82.295010437967;44.8799062085855
2360;34.1002630111579;44.8799062085855
2361;41.2790764716938;3.03666666665958
2362;88.8386147075562;53.739444444438
2363;92.0966666668264;25.902402612297
2364;5.41670264494314;25.3535209161619
2365;45.94760210803;55.3080519592677
2366;28.4222222222197;53.2304617641203
2367;71.0880354801302;54.8499062085721
2368;5.37752587991599;35.8374098050444
2369;53.5010719148886;23.25
2370;122.262909881329;3.0444444444438
2371;20.749718625937;65.6755555555446
2372;6.95946864875805;44.7568542494882
2373;6.79453823585573;25.6111111111077
2374;8.24852091615685;3.0444444444438
2375;36.8058454784987;13.0444444444438
2376;58.9916701272996;53.1861111111066
2377;65.9632796696515;24.8784271247441
2378;5.41666666666606;65.5145382358533
2379;6.75333333333037;36.0824098050489
2380;5.49018758283091;55.0777777777676
2381;86.8061111110947;73.1632395419092
2382;89.3168240459509;23.0339826803011
2383;6.93871876523008;43.0089826802978
2384;8.53611111110513;86.348982680287
2385;81.5988008472468;14.3090764717144
2386;6.83407647172135;25.5277777777701
2387;21.9595382358548;25.4138888888901
2388;30.0154181873077;13.0472222222215
2389;41.1777777777734;35.0367604580697
2390;19.3671284307984;53.2005555555461
2391;40.1811111111056;73.3221284307965
2392;5.40407647171196;3.02361470757933
2393;6.77911962020698;23.0562049025211
2394;6.92287156918792;33.0888888888876
2395;16.159990578868;43.1570346393928
2396;5.45981241716618;74.8978715691828
2397;5.3868542494929;55.5972222222208
2398;21.141666666661;63.267316013631
2399;8.29647908383777;5.03471862576043
2400;5.375;24.9567604580807
2401;5.4437013060633;5.59787156919629
2402;63.9833546825812;55.6943506530315
2403;6.82222222223209;24.6117604580722
2404;12.9375901949606;53.2450937914127
2405;33.0777777777676;23.0812049025244
2406;30.1817737526926;25.568795097468
2407;29.5679653606057;73.6791702631162
2408;53.0812986939291;55.2089826802912
2409;32.274350653026;103.3700937914
2410;6.78268398636465;53.1478715691828
2411;10.2130273444382;35.5562049025266
2412;17.0782230278455;53.4916666666522
2413;5.40555555554965;53.2506493469646
2414;6.7687950974705;85.6568542494806
2415;22.2852276021349;116.131854249496
2416;9.01666666666279;55.4200937914084
2417;6.18546176413111;13.0493506530365
2418;5.41083118001916;43.2901875828084
2419;6.91551634930147;25.1049062085895
2420;6.89166666666279;34.8187950974771
2421;71.9429653605966;26.1465728752628
2422;6.80387581567265;53.2138888888785
2423;44.5842566970605;53.1707431383729
2424;21.0978715691799;83.3651875828109
2425;45.856854249485;45.7437950974745
2426;78.9645382358394;24.1700000000019
2427;107.201365049874;24.6138888889036
2428;27.3589826802818;55.3694444444463
2429;10.6870131170708;55.8756493469555
2430;6.79972129529415;3.0444444444438
2431;25.8189109723808;35.9277777777734
2432;12.4080234080793;23.2499999999945
2433;48.1299062085836;5.5972222222299
2434;13.9186895479543;15.638888888885
2435;6.779906208596;45.3062049025211
2436;77.4290764716989;75.8338888888902
2437;6.88611111111823;55.0173160136274
2438;35.5532350162121;95.5367604580679
2439;72.5147205191988;5.24444444443725
2440;106.498520916153;5.4833333333263
2441;15.4722222222299;55.7000000000007
2442;30.2123644058374;3.0444444444438
2443;6.875;45.763888888885
2444;70.8463924853459;43.4444444444362
2445;54.1207894204745;45.4666666666544
2446;19.0762039454657;13.0444444444438
2447;5.38054546898275;33.1666666666679
2448;42.505334118172;65.308333333327
2449;6.2715728752446;45.9645382358431
2450;5.39166666665187;33.1277777777796
2451;12.1722222222215;53.1673160136124
2452;94.7275607017054;63.2805555555497
2453;6.78932206638092;76.0333333333183
2454;34.7228715691836;43.1243506530354
2455;7.09678346970031;43.1715728752552
2456;6.78676045806969;45.2950937914011
2457;21.2784358257541;65.3521284308081
2458;6.82925686162162;33.0769480408835
2459;124.480555555539;35.1416666666719
2460;6.95277777776937;63.3638888888818
2461;5.43823954192703;35.1416666666719
2462;5.38261407946084;53.5762986939153
2463;35.9604617641435;3.0444444444438
2464;9.85212843080444;45.4737013060731
2465;27.6882395419179;56.0916666666726
2466;67.2508031094567;75.4797258186554
2467;5.42990620859382;15.3333333333321
2468;30.9482755008303;25.9052813742128
2469;26.1132395419136;45.5450937914029
2470;13.5141630702237;53.2096320272485
2471;7.03463202724924;73.3047258186562
2472;35.9183185455568;35.9068542494861
2473;6.95027418133941;15.7728715691846
2474;20.5603606171135;33.1936147075448
2475;46.0062049025128;15.9166666666661
2476;8.27370130607778;25.7508297368931
2477;56.4901875828054;23.1333333333314
2478;18.9450583499638;24.9249999999975
2479;9.75750359643826;43.5248196100692
2480;34.4249999999956;23.0444444444438
2481;42.3040764716898;56.1923160136284
2482;53.3685099707345;14.7472222222223
2483;6.91583692977292;15.2305555555595
2484;17.6345789163679;55.8487013060694
2485;6.75526781761801;45.9369408479888
2486;47.404349221988;65.958333333323
2487;10.5686147075448;75.0297258186456
2488;46.8361405799769;35.3792568616373
2489;6.78250359644153;55.5542568616347
2490;15.0525265076194;13.0805555555544
2491;6.83333333333394;33.1249999999964
2492;27.4177763346524;5.37712843079862
2493;6.75904486617583;35.6158369297773
2494;8.53055555554783;14.9638888888876
2495;5.39887052992708;43.208333333323
2496;67.3163867355634;55.3269480408744
2497;76.0625901949661;5.21926405449267
2498;17.8642385026797;5.44361470754848
2499;6.81842451911689;13.0700937914153
2500;17.0443814817118;45.1348124171964
2501;7.27712843080371;45.427777777777
2502;6.91828529465965;13.1415728752418
2503;5.40822289962489;5.17777777777519
2504;6.82582973690114;65.2305555555486
2505;16.675829736896;33.4880591519832
2506;5.40129869392149;3.0444444444438
2507;6.86684705661901;14.9672222222107
2508;6.1694444444438;25.8361111111099
2509;7.01305915198827;123.33184705659
2510;18.5187950974941;53.0668470566106
2511;106.213371371656;63.1611111111033
2512;6.76111791605945;44.5408369297584
2513;5.37777777777774;5.76527418133082
2514;5.4015800681118;4.85898268029632
2515;6.82989278373861;33.2202741813417
2516;57.3296875561828;3.0444444444438
2517;36.8076066901158;35.5368542495016
2518;14.5555555555511;44.6089826802872
2519;6.79444444444198;54.2803751656083
2520;45.0036856136867;63.2137084989572
2521;5.38120490252186;33.0883333333222
2522;5.46145657058514;53.4234271247369
2523;5.411940848011;33.1015728752827
2524;28.7001947756617;5.21323954191939
2525;5.4194444444438;63.2514790838668
2526;8.28194804091436;53.4741702631218
2527;32.9421866882949;13.0833333333339
2528;29.2527777778032;13.0576839863625
2529;70.6000000000204;55.3882395419441
2530;31.3097447792552;4.64296536060647
2531;9.63416307024818;35.4959235283222
2532;6.17582973691606;5.34444444448491
2533;17.4215728752952;26.1207431383373
2534;50.0584847838072;15.2374098050059
2535;53.9365807054128;14.9160173196979
2536;7.24604606431785;45.1305555555518
2537;12.4226500236819;14.7271284308499
2538;9.80605179665872;35.8034271247434
2539;51.1303430247281;66.0562049024757
2540;9.2135615994448;13.1111111111131
2541;45.766666666661;33.2333333333263
2542;6.91176045803513;45.3812049024764
2543;5.38273948354436;43.2089826802585
2544;34.5146883122106;14.7660173197401
2545;10.5664039794265;85.4478715691475
2546;6.91292802287535;5.28055555555875
2547;6.875;33.0553607798738
2548;13.5401875828265;63.3591630701994
2549;6.875;43.393145750495
2550;18.5720618612668;56.506190516784
2551;7.06731601359388;73.1848124171611
2552;6.88333333332957;25.1972222222139
2553;6.79379509752107;53.2153679727198
2554;9.5472222222179;55.4171212379897
2555;28.6738629321862;93.5102669884982
2556;66.7128701260372;73.4014790838264
2557;6.91458321118625;35.7436003218354
2558;54.2243506530285;33.3681457505099
2559;70.4563693156342;35.5352813742356
2560;6.79296536060974;15.125
2561;20.9820346393481;63.4004545713178
2562;5.38888888888505;15.5181457505132
2563;65.2373954193008;23.0444444444438
2564;6.30510098421837;35.3245454286589
2565;34.7833333333238;43.1547258186729
2566;69.4708965886275;35.4895382358482
2567;18.5170782308414;76.1803607799102
2568;5.39271994528281;53.2823088208188
2569;19.1624098050361;45.2111111111008
2570;10.8241558773898;23.0444444444438
2571;25.9022930971259;25.8023232064425
2572;8.02927255190662;4.58120490252077
2573;8.38786437637827;35.1200937914018
2574;53.2476767935441;13.0444444444438
2575;20.5607359455662;56.2395382358536
2576;48.9348561139959;56.0130591519992
2577;78.3041616271512;35.0448196099842
2578;6.80315294332468;15.0194444444369
2579;7.39981720821379;44.847871569169
2580;14.8653679727358;45.6737013060647
2581;45.8304068104553;3.02212123800564
2582;10.3566594738641;35.8166666666493
2583;14.458565765397;33.3875901949395
2584;5.4194444444438;35.131111111099
2585;48.2083975999922;5.19166666666024
2586;74.8865656824346;65.7446392200709
2587;62.8321972009853;53.2861111110979
2588;6.79712843079869;35.0618614422983
2589;5.4027777777701;34.9862049025323
2590;5.4027777777701;33.0988960817031
2591;10.1249999999873;15.9583333333339
2592;26.7953751655259;43.321118303922
2593;5.38621209532903;43.3082323491108
2594;68.3195454286561;33.1538816960747
2595;7.06408366452888;35.1555555555587
2596;53.3764576899866;74.9779725534227
2597;17.8242496688054;33.2186003218576
2598;27.3932887237916;44.3252597957126
2599;5.37762768830726;53.0978715691872
2600;7.18352810897522;13.0498052243602
2601;47.4721212379973;33.2004545713226
2602;6.9134343175574;3.0444444444438
2603;5.40536077991419;15.2707287526755
2604;8.30639967815841;25.2014790838657
2605;19.9514934695781;3.01304476627593
2606;68.5158976212915;53.1692496688283
2607;24.6051009842195;35.4310101268838
2608;9.20129869390439;35.7130447663039
2609;19.3258441226026;53.2215728752781
2610;13.3091613707384;5.39017319712184
2611;6.91473301149381;35.6916666666602
2612;29.7111111111117;4.76240980502371
2613;6.91085295416633;14.9485209161303
2614;32.9770075425768;63.5540620860011
2615;51.0119552337146;25.2623954193423
2616;10.3209379139898;23.1138888888818
2617;22.9217532652219;25.3006493469657
2618;5.42222222221972;95.1117604580741
2619;42.5974232365643;3.03739541933828
2620;14.6098268028782;53.2903679727515
2621;22.9247390452347;35.1166666666577
2622;5.42777777777337;25.2117604580799
2623;16.6012260435255;44.4805555555522
2624;109.722666300228;34.8972222222183
2625;5.43315766358864;43.1403823584369
2626;6.8096004316576;84.9117604580679
2627;41.4956866438297;3.03398268028468
2628;20.5344321266966;65.7762049025259
2629;62.2573900509087;33.5194444444387
2630;5.38333333333321;73.1923160136103
2631;5.375;43.1394444444395
2632;5.375;53.1666666666661
2633;54.7398579220808;23.1049062085876
2634;47.7102669885262;65.769458830131
2635;6.89430335652469;43.2215728752562
2636;52.9109507501598;13.2465728752522
2637;5.38398268031233;33.1680447663057
2638;5.39787156919374;55.8498052243849
2639;6.92596352736837;23.2450937914127
2640;28.2255555555512;3.00342712474412
2641;35.5972222222244;35.1290764716978
2642;6.75842712474696;85.6130447662963
2643;5.38526698852365;54.7712120953147
2644;36.4990471945384;25.0876045806417
2645;5.423476194881;24.859877437284
2646;27.7041558774181;105.461760458067
2647;22.1401875828014;25.7305555555504
2648;75.4024486549533;45.76091633549
2649;6.81186942934073;66.0581385577134
2650;10.5271284308001;63.8585281089418
2651;17.936712873221;36.083333333323
2652;129.341212095307;34.9372150294021
2653;5.41647189104515;3.0444444444438
2654;58.1590464813835;45.3363709068235
2655;41.7516485694359;15.3448339956685
2656;6.91944444443834;75.3289323304962
2657;87.5109163354937;43.1887591333707
2658;59.2752710268778;63.0583333333325
2659;6.79186144227788;25.383333333335
2660;18.2997500612364;25.858657864459
2661;62.3418699678587;23.1109813555868
2662;34.1496324462241;24.694444444438
2663;73.2713780996328;14.4853967440413
2664;21.8528438435515;43.122157202115
2665;39.2802324693548;34.9330735376079
2666;6.7835928443601;65.7332683132136
2667;6.875;54.8660173196913
2668;41.6111111111004;5.75575033116911
2669;19.8749349798927;35.586111111108
2670;31.4418614422721;53.1247404889655
2671;9.79993497989926;53.5556853110702
2672;6.34637809964624;33.094314688924
2673;6.82420035848736;43.191536911143
2674;121.434735119981;15.7999999999993
2675;38.4446356847275;25.7220924666999
2676;29.8972222222201;5.35820357781995
2677;46.0834632290007;63.6222872423223
2678;17.8471094464949;55.4277777777752
2679;41.8357865799771;3.03320357781558
2680;6.78893115904793;43.2999999999993
2681;6.81924966883344;63.3111111111102
2682;49.8939270507381;43.079076471704
2683;5.42005348284329;33.1761039183166
2684;6.78901864440741;33.0617604580748
2685;5.44138673556699;5.10555555555038
2686;5.43352850093288;25.9521284308103
2687;14.5948776219248;25.3790764717123
2688;47.8777777777777;85.666666666657
2689;12.5913844056995;53.0895382358558
2690;18.6021284308135;45.1313346580428
2691;5.375;13.0555555555529
2692;41.4560101268999;5.02990620857963
2693;5.40342712474921;35.4166666666679
2694;6.81536797273475;33.0910173196862
2695;6.82092352827749;25.0562049025211
2696;25.5361111111015;33.0444444444438
2697;5.43888888887886;33.2034271247376
2698;5.38055555555547;63.2562049025128
2699;6.78105104555289;43.8117604580693
2700;8.33591633548895;23.0444444444438
2701;51.1837879046816;43.1333333333187
2702;54.0771382060411;36.0549062085702
2703;32.1465728752519;23.122871569185
2704;16.0395382358565;53.1867604580693
2705;6.94553190152692;14.7228715691799
2706;6.94127527606179;4.79231601365245
2707;33.7388888888763;3.03120490254514
2708;6.8076839863661;25.4277777777625
2709;64.1070346393917;55.7666666666464
2710;37.2145382358503;25.3021284307943
2711;27.5718584035931;33.4194444444147
2712;49.692302122914;5.9555555555562
2713;44.7290879683369;65.8658369297864
2714;41.1661999953867;3.0444444444438
2715;6.88888888887413;55.4187950974519
2716;14.8854617641282;44.6519480409042
2717;48.0483318902279;34.6463924852869
2718;42.6071284307782;3.03333333335104
2719;77.6121738879774;23.132034639395
2720;9.1033442359294;65.342316013639
2721;5.375;35.458333333323
2722;6.91533811741829;3.0444444444438
2723;6.83560815839701;54.9137084990052
2724;21.8034271247416;25.2978715691879
2725;47.7544359391522;13.0681457504998
2726;5.38528713805499;43.1138888888818
2727;7.01709496899093;4.8846320272678
2728;18.7625901949486;63.2651875828215
2729;50.3195492517953;53.2194444444303
2730;6.79489644590649;83.8173160136339
2731;6.91731601367064;55.5444444444347
2732;37.8655764330688;5.37092352828404
2733;5.37907647171414;13.0743506530289
2734;5.4053633311687;3.0444444444438
2735;10.8427579728523;63.1374098050474
2736;29.2348124171676;55.7346320272645
2737;34.8805555555537;34.9818542494868
2738;56.1562049025215;5.5707431383853
2739;6.875;85.8999999999851
2740;33.2111111111099;35.3555555555504
2741;6.20768398636028;63.2985209161598
2742;17.6952438678054;15.4444444444471
2743;9.66944444443652;15.4444444444471
2744;55.5844765226484;23.0737013060534
2745;6.875;25.7944444444438
2746;33.5920432633247;3.02204183232971
2747;61.0490359216819;25.4096320272783
2748;25.142789690859;5.5361111111124
2749;5.3775368564875;24.75
2750;6.77629869393058;33.1929653606039
2751;8.34444444443943;85.6109307212082
2752;22.7970418323239;65.4602813742367
2753;59.3694444444263;35.5249999999924
2754;11.5320996728406;53.2333333333281
2755;36.4322737642487;73.194264054544
2756;6.91388888889014;45.9715728752508
2757;6.7561582096605;23.1220418323264
2758;14.4757914054535;45.4923160136368
2759;30.9772180228829;4.77500000000509
2760;108.19887801195;93.3109307212017
2761;63.5735209161576;5.56944444443798
2762;5.38611111110913;65.9021284308019
2763;5.39715134195649;33.0640692787802
2764;6.90815294343884;24.9055555555587
2765;6.83653790785502;83.2668470565422
2766;35.4061898543168;33.2694444444405
2767;47.4664592293357;5.11111111111495
2768;19.0299062085796;43.5237013060523
2769;52.5014790838304;63.2025973878717
2770;57.3882395419168;35.7055555555453
2771;7.24464681866448;23.041666666657
2772;63.277410520046;33.2333333333263
2773;23.0401034637871;13.0916666666635
2774;36.8882395419078;106.660461764122
2775;67.3775973878692;35.3777777777668
2776;5.43409559397151;24.0527777777752
2777;43.108003590849;15.8055555555511
2778;6.83038194443543;43.5172222222081
2779;46.0946383295977;45.1999999999898
2780;6.77222222221462;33.2333333333281
2781;18.8030389397099;53.5111111111091
2782;6.76388888888505;44.7888888888792
2783;21.013888888885;25.4527777777785
2784;6.85277777778356;73.2166666666544
2785;69.4583333333121;33.1506493469587
2786;5.375;65.875
2787;11.0134157720258;44.9395382358507
2788;99.7333333333172;53.097871569189
2789;5.375;4.82009379141709
2790;5.38030428541242;55.7506493469718
2791;14.0694444444453;3.0444444444438
2792;6.75277777777592;23.1339826802978
2793;23.0638888888952;63.2540764717014
2794;37.3305555555562;105.83611111109
2795;89.5223753280789;35.156204902516
2796;5.39111111110469;83.5666666666493
2797;5.3826839863541;33.0611111111066
2798;6.89018758283055;24.836760458089
2799;5.375;33.3743506530318
2800;6.91453823585653;33.3068542494966
2801;31.1083333333245;13.0769480409144
2802;24.9611111111099;65.6861111110957
2803;6.88333333334231;34.8441558773684
2804;55.0781830381038;35.4034271247401
2805;61.0687950974698;23.0576839863625
2806;84.0232696460062;34.558982680308
2807;8.31388888888614;45.6562049025251
2808;14.4219709520639;55.6617604580806
2809;6.76571298575436;15.0611111111066
2810;33.0499999999865;25.0888888888876
2811;6.75277777777592;33.1132395419136
2812;47.9704134776439;5.52074313837329
2813;23.0035817294065;23.017316013631
2814;40.9541555584128;54.7978715692007
2815;6.19657287524751;5.87990620858727
2816;24.6174265105801;75.4632395419085
2817;33.7476105713595;35.3874098050419
2818;74.2651888045766;55.3395382358431
2819;55.8862179516527;45.6187950974672
2820;5.41943063839244;15.4032467348388
2821;62.2006493469707;65.5442640545352
2822;31.3854569172199;65.1534271247474
2823;5.44837038159676;25.0625901949461
2824;9.11879509747996;63.3075035964539
2825;69.8170474898125;23.1151875828255
2826;72.5564950361677;55.5075035964546
2827;62.9077835275421;5.71093072120129
2828;66.8202444838189;65.6014790838417
2829;6.85212843080444;13.0645382358634
2830;5.41453823585653;5.49675326516808
2831;21.2657188860903;75.8297258186813
2832;6.875;53.3303751656495
2833;42.3965728752464;43.2550865984831
2834;22.0628638824819;93.546392485332
2835;6.80813806380138;35.1499999999924
2836;29.8911870817319;46.1200937914145
2837;5.38562349335734;5.51879509746868
2838;112.97757536234;13.0444444444438
2839;6.90602451261475;25.1749999999956
2840;5.38333333333139;23.0805555555562
2841;38.0577777777744;53.150468957052
2842;42.0715541752816;35.347691179275
2843;34.1569095442355;23.0888888888858
2844;20.2205627484782;43.2027777777694
2845;6.93636238126055;73.111111111104
2846;5.375;23.1305555555573
2847;6.77222222223099;15.2972222222143
2848;6.7861111111124;14.9944444444463
2849;13.3444444444431;25.253427124735
2850;6.95677562504534;34.9756493469449
2851;57.7611111111073;44.7089826802912
2852;65.9251756697395;63.3089826802789
2853;33.2444444444482;23.0444444444438
2854;18.5281758545807;53.5999999999967
2855;27.3812049025237;5.68203463940699
2856;5.38120490251458;85.5249999999814
2857;27.8637589914251;5.08611111109349
2858;36.5332785327919;65.5173160136128
2859;22.5671605302778;25.8493506530358
2860;6.90000000000146;23.3416666666508
2861;47.6627294095324;36.1978715691839
2862;8.24787156919047;25.8916666666464
2863;93.9119139098621;33.1764790838224
2864;26.1854617641457;24.7694444444387
2865;48.9923160136113;3.04166666666788
2866;28.399183906231;33.2194444444413
2867;5.41111111111059;53.8923160136292
2868;6.91731601364154;74.7638888888923
2869;6.97799394723188;53.4549062085698
2870;6.78595075015983;44.2777777777537
2871;35.888888888885;33.1089826802781
2872;5.39968031376884;23.0160173196946
2873;5.41357347329904;73.2874098050361
2874;5.4194444444438;33.2762986939397
2875;32.6132395419136;3.03888888889014
2876;5.46731601361535;15.596392485355
2877;27.2923160136233;35.1410173197219
2878;5.39736431366327;73.1978715691821
2879;26.8657174294276;23.1972222222139
2880;45.6865206693037;43.2083333333321
2881;31.2327892386547;4.83611111110986
2882;18.286430797325;25.7478715692014
2883;5.39711583301141;24.611111111084
2884;6.98164930974417;65.2999999999975
2885;39.9985209161587;23.0326839863719
2886;5.37793612485802;43.0888888888858
2887;7.03463202725288;45.3088888888851
2888;17.8450937914204;34.873520916155
2889;7.52157287524824;5.7612049025156
2890;32.5506493469638;53.1903679727238
2891;5.41176045809152;13.0681457505016
2892;5.41240980504517;23.1861111111066
2893;57.3686147075696;85.2374098050295
2894;36.3147186257593;15.3882395419059
2895;6.20082973686112;63.7284271247299
2896;5.41634664195226;53.4630591520145
2897;19.8811111111117;63.2262986939404
2898;17.8740764717149;93.2527777777541
2899;7.22629869394223;23.1382395419187
2900;33.87564934697;35.6076839863417
2901;11.8616986568904;65.6673160136252
2902;19.8826839863614;75.4216666666416
2903;12.7462456312296;105.927777777768
2904;78.0055555555518;23.1102813742327
2905;17.1999999999807;66.0874098050499
2906;17.1158369297955;55.7570346394004
2907;6.79036797274057;25.6993506530271
2908;61.7584271247433;23.1277777777759
2909;7.01453823586598;15.45564934699
2910;60.9996994195371;23.1395382358533
2911;16.9965728752304;35.8261111111042
2912;100.559280874553;95.0012049025008
2913;5.40221846960776;23.0588888888615
2914;14.4849248175069;24.8666666666686
2915;65.0825662089301;45.087135623724
2916;20.7012049024979;5.77074313839876
2917;5.375;14.9522222222386
2918;6.89366750713998;63.5339826802938
2919;30.9228715691879;33.2994444444666
2920;37.2588888888622;33.2138888888876
2921;5.42266787423432;14.8805555555537
2922;8.74249762379441;94.8644444444362
2923;6.82342712472382;33.1028715692082
2924;6.77768398634544;43.0849062086108
2925;6.98037578833828;55.8216666666722
2926;62.805739618756;4.90823954191001
2927;6.875;53.0716666666831
2928;81.7637950974495;83.1605555555707
2929;56.0723219175325;23.1638888888774
2930;8.3869492249396;73.5000937914247
2931;6.875;35.4027777777701
2932;73.4079299971272;35.8638888888781
2933;23.8376839863886;33.4638888888749
2934;42.4333333333198;23.0444444444438
2935;5.375;23.1250000000109
2936;39.3236966612003;76.1749999999956
2937;38.9050000000134;53.1527777777683
2938;13.1387802240497;23.471572875229
2939;11.5413789287304;5.14444444442961
2940;72.224999999984;65.2500937913901
2941;5.43888888888068;55.4945382358255
2942;6.1694444444438;24.8500937913868
2943;8.40000000000327;85.8083333333161
2944;30.887852879303;4.84722222221899
2945;22.702730883826;23.0888888888876
2946;9.20262392082986;15.5028715691806
2947;5.42165691231639;85.3745382358247
2948;18.3956378486782;73.5445382358339
2949;7.95000000000073;13.0361111111124
2950;6.88333333331866;23.0395382358565
2951;6.875;65.8445382358223
2952;91.533823648615;15.8389826802922
2953;14.7335787486463;53.4111111111051
2954;39.9698235360192;65.1667604580471
2955;6.78767469324521;23.5632395419179
2956;5.40833333333467;23.2278715691773
2957;55.9910173196913;63.166666666657
2958;85.2889826802693;4.22222222221899
2959;44.4834271247182;53.4055555555406
2960;6.83120490252259;54.1166666666668
2961;6.90268398637636;83.2556493469474
2962;5.40685424949334;35.344444444434
2963;39.1260241830387;95.8978715691755
2964;6.76578996689568;43.2228715691872
2965;37.9160173196979;23.0638888888934
2966;5.41928281832224;43.0638888888734
2967;7.94515839089763;3.0444444444438
2968;9.63361326442464;73.2960173196789
2969;6.76079123788622;45.0423160136215
2970;66.2741099279283;25.3604617641358
2971;59.6339427790062;15.4743506530267
2972;68.3168050632466;73.4923160136295
2973;55.8335846034897;75.4256493469547
2974;52.8361111110989;55.6012986939222
2975;25.9374098050412;23.0888888888876
2976;5.39273617573599;5.20009379141084
2977;38.6893738226881;75.789538235842
2978;24.7209075515311;23.0611111111066
2979;85.7603524782389;16.1034271247518
2980;6.875;53.1222222222132
2981;52.9500076161057;95.7034271247376
2982;66.6984271247329;25.7027777777694
2983;15.2999999999975;35.471572875249
2984;39.7617604580737;24.9833333333263
2985;6.76453823584961;25.5888888888858
2986;10.8864306404612;33.7416666666577
2987;58.829076471704;23.0999999999967
2988;11.7673160136274;76.1117604580686
2989;38.3410173196862;43.417316013627
2990;5.43450717408996;23.1617604580733
2991;21.2978715691788;23.0838888888793
2992;6.75277777777592;5.15185424947776
2993;6.875;73.5416666666551
2994;50.8412015998601;25.6333333333314
2995;6.79509379141018;13.1395382358514
2996;6.76176045807551;64.8583333333281
2997;26.7151875828094;44.9034271247165
2998;34.5658375670409;33.1021284308044
2999;5.375;14.8320346394084
3000;26.097222222219;53.1444444444296
3001;6.79267702193829;103.616666666649
3002;26.5727214927811;65.5395382358402
3003;5.38095105507273;25.6207431383809
3004;6.79657287525333;24.9839826802927
3005;80.1959942149642;53.5624098050412
3006;6.77352091616194;5.63333333333139
3007;33.9321284308062;73.1916666666493
3008;93.6166666666577;25.0617604580639
3009;5.40833333333649;45.2277777777745
3010;30.7540764717123;5
3011;5.39018758283055;73.2243506530158
3012;50.5589826802952;15.4465728752475
3013;60.2345206601149;63.3312049025117
3014;5.39914869505265;23.222222222219
3015;5.38823954191685;3.00768398635046
3016;64.7367604580704;63.6653679727115
3017;57.9388888888825;105.798520916158
3018;64.4246099117081;3.0444444444438
3019;48.922871569177;23.3487950974741
3020;66.2780553409702;53.1450937914069
3021;7.00064934697912;25.086666666657
3022;5.38323954190855;23.0817604580698
3023;30.1555555555569;55.6574098050296
3024;5.59722222221899;23.1821284308153
3025;6.81611111111306;55.1428715691745
3026;178.003333333303;53.4478715691785
3027;5.4320346393888;44.9605555555536
3028;68.0399450349287;3.01731601363463
3029;57.1490875130894;15.0945382358677
3030;21.3550000000032;33.1567604580669
3031;67.3969857482462;4.96111111110986
3032;10.2083333333339;3.0416666666697
3033;6.88342712475787;85.8345382358366
3034;5.40463202727733;33.1665728752414
3035;24.1856628784681;34.7306493469678
3036;5.37745964726855;65.4373160136201
3037;95.6003763268945;43.1555555555424
3038;42.4204849338021;15.6861111111157
3039;13.7940808597541;55.6005555555457
3040;6.91944444444016;45.3088888888815
3041;6.78860895778598;35.6083333333172
3042;63.3275265076118;25.5583333333198
3043;6.80653678423732;53.39036797271
3044;47.1802467921134;63.3277777777676
3045;20.6081743075683;23.0333333333347
3046;51.0039826802913;23.1333333333314
3047;6.94722222221571;53.2540764716905
3048;80.1984271247275;95.3416666666581
3049;6.78873873232988;33.4506493469507
3050;5.37749784668267;35.7929653605916
3051;5.37753236245953;35.88546176415
3052;69.5363272805662;53.1200937913945
3053;5.65555555555693;85.2083333333303
3054;33.8194904251704;83.2228715691654
3055;15.0173160136219;55.447871569173
3056;26.3586554787107;25.1132395419427
3057;6.17712843079789;3.0444444444438
3058;24.9138888888956;64.7777777777865
3059;43.5200937913887;35.4485209161412
3060;5.375;25.1276911792538
3061;44.3335865122772;73.4785209161437
3062;6.81759227667499;45.5367604580642
3063;40.7493506530409;23.0888888888876
3064;68.9222222222197;45.1034271247408
3065;72.4828621191118;63.0749999999898
3066;6.79166666664605;45.2042568616162
3067;11.0002713921604;5.42851372326186
3068;5.41388888889014;85.2067604580679
3069;6.93481471619452;43.1964862767381
3070;75.3067879500795;35.7472222222295
3071;70.2900502741795;15.6936147075648
3072;76.0918470565866;23.207503596459
3073;23.9474026121479;3.00277777777592
3074;7.12564934695183;25.041666666657
3075;58.7624552979087;25.3340692788079
3076;6.77240261214683;75.7638888888905
3077;59.839343401738;34.999170263116
3078;24.1648947163594;45.1408369297769
3079;78.0000000000055;25.3909307211779
3080;41.3884952153639;13.0444444444438
3081;123.89751183748;66.0882395419339
3082;22.6357194016618;45.535065020018
3083;112.919563057016;45.5165800681552
3084;21.8288312598106;15.3694444444354
3085;56.3700121856564;55.238888888869
3086;43.4671340883378;3.0444444444438
3087;5.41037516563847;65.6603751656185
3088;77.4232614341163;54.8416666666544
3089;5.41159300855907;75.8646248343448
3090;47.631755850929;43.1950937914135
3091;5.44093072118631;63.5523810336381
3092;13.2103751656159;25.0888888888876
3093;6.82556027573446;85.1278643762726
3094;45.4445310429328;33.0412699225526
3095;8.28880229038259;13.0692784401017
3096;28.3198872029716;35.2052454099357
3097;6.75277777777774;25.3861111111073
3098;16.1549062085796;34.5890477003304
3099;49.2001686980384;75.0148774372101
3100;33.7912699225508;13.0634055462615
3101;17.5926552149904;53.6920058680171
3102;78.2534271247423;14.8388888888858
3103;8.24867972759967;63.1752526028504
3104;6.89183986368516;23.0388888888901
3105;55.8065836005972;53.1237950974755
3106;31.0417497454091;66.1058947569109
3107;6.32287156919301;4.6694444444438
3108;6.79491836748093;43.5194444444387
3109;5.41388888889014;56.0006493469682
3110;5.38321010613618;23.1576839863646
3111;57.2809608269727;53.2583333333314
3112;61.1829639174539;55.8055555555438
3113;29.0256493469624;5.6861111111084
3114;6.76540923559332;45.0895382358576
3115;51.1529437821173;23.277777777781
3116;6.8944444444387;85.7409307212056
3117;81.5148181669465;43.1416666666628
3118;8.30076147575892;4.82500000000073
3119;5.40530428539205;46.0472222222106
3120;6.91208770209596;33.9055555555551
3121;6.84444444444307;15.0674964035352
3122;35.6457431383824;43.5132395419078
3123;6.25360751464177;64.638888888885
3124;7.03083548665199;16.0465728752515
3125;6.81447072034643;63.3444444444303
3126;16.0408369297929;43.2027777777676
3127;97.9669827787038;43.3673160136332
3128;108.331854249482;13.1576839863774
3129;24.3841655368578;25.461111111108
3130;22.6916666666584;13.0555555555547
3131;5.4027777777701;45.7235209161499
3132;5.3780203348324;24.9555555555544
3133;20.8358192990618;55.3678715691894
3134;22.7535706895487;55.8506493469613
3135;19.9649274284075;33.1277777777796
3136;6.97222222222445;43.2335137232603
3137;6.88611111110913;54.1249999999891
3138;7.04909938287528;55.9446248343684
3139;62.5045481404304;5.31731601363572
3140;5.41944444444198;43.2088888888684
3141;6.79101731969786;55.2264790838399
3142;5.39852091616376;63.1429653605956
3143;41.4388888888807;4.35555555555948
3144;9.32728836787828;34.6660173197033
3145;10.5194444444387;5.47194804087667
3146;43.0465728752424;23.1083333333245
3147;36.5503759571402;35.3592568616441
3148;74.75981241718;63.1600865985056
3149;5.38410006052436;24.9972222222132
3150;47.3527777777617;25.4567604580479
3151;63.5831873525694;15.0382395419219
3152;25.1543506530579;24.2885137232624
3153;74.1246248343596;23.9796320272399
3154;6.80398189890366;33.0685209161275
3155;7.03697346255285;43.2269480409068
3156;8.2750937914152;74.160555555578
3157;5.4203679727525;75.2388888888763
3158;30.9451875828254;83.1348124171654
3159;28.9055461143071;3.01944444444962
3160;6.9150937913837;63.1457431383733
3161;6.75740980501359;25.3749999999909
3162;53.409782307117;25.009632027266
3163;6.75277777777592;23.1812986939549
3164;5.39323493810298;4.84481241722824
3165;73.978520916151;43.4827777778028
3166;7.0354617641442;43.3601875827935
3167;34.7790764717065;25.741948040848
3168;5.375;25.347222222219
3169;58.5103484611191;63.3077777777962
3170;48.0030430911338;14.4320346393943
3171;5.62410473019008;34.7493506530245
3172;6.91731601363244;3.01425686167204
3173;29.1460204141731;46.1284271247368
3174;17.8942940993511;83.3633333333401
3175;47.5550774830699;63.2645382358369
3176;53.8592468518527;73.4502813741728
3177;57.484538235818;43.1749999999884
3178;5.375;55.3222222222139
3179;6.89750359640675;13.0055555555555
3180;5.375;25.2194444444831
3181;5.40555555554965;43.1083333333263
3182;72.59176045809;43.201204902507
3183;6.91722222220415;15.2256493469758
3184;5.4638888888876;35.6999999999935
3185;35.6690764716586;13.0499999999993
3186;44.606752835447;93.4407431383515
3187;34.3162986938733;3.00611111107719
3188;27.74574313837;45.7518542494327
3189;40.2363251790157;33.1772222222498
3190;13.9577777777886;25.5262049025077
3191;6.76546176417833;33.0731529433724
3192;5.4277777777861;63.4030591519622
3193;14.0359930699124;55.8024098049864
3194;62.207070599281;93.3886147075209
3195;6.77499999999782;3.0444444444438
3196;25.6617604580824;55.6441702630837
3197;5.42879509752311;4.74240980507238
3198;79.3863100068047;55.3673160136241
3199;60.4504513259308;33.378427124735
3200;58.5163133729438;35.7178715691807
3201;5.375;23.0249999999942
3202;67.0966744967664;85.9558369297338
3203;6.77710721813128;25.6460173197047
3204;43.6550000000243;65.950555555537
3205;50.8562049025204;85.8851875827859
3206;17.8419480408629;23.1333333333314
3207;50.1968542494469;63.4808369297389
3208;40.9552813742011;145.471948040893
3209;5.37752698911208;23.0111111111
3210;6.79444444443288;53.3511111110638
3211;6.79722222222335;35.0812049025335
3212;127.567597387802;43.1324098050245
3213;21.7841437676107;25.6762986939248
3214;6.875;15.4811111110939
3215;93.8295382358083;23.126486276713
3216;107.833059498698;33.1878715691564
3217;6.80818617884506;24.527777777781
3218;31.1317604580581;15.4972222222423
3219;6.77617096569884;65.9999999999891
3220;14.5956493469421;96.0172222221991
3221;6.8402973509983;55.0662986938914
3222;18.2978715691897;4.48888888888177
3223;47.7561103880435;13.0042568616191
3224;20.919781173634;55.9678715691953
3225;65.0859235282478;56.1051875828125
3226;116.985569505443;23.2624098050401
3227;6.78780490640565;75.319444444438
3228;6.89092352828447;23.0090764717061
3229;6.1694444444438;13.097222222219
3230;5.38206045033075;15.2142568616182
3231;5.39222222221724;25.7987950974748
3232;39.7130135973857;13.0444444444438
3233;6.85063579033886;56.1313924853275
3234;8.73076939979364;53.2045382358338
3235;5.37760575347784;53.1749999999956
3236;71.7524571586728;15.652965360594
3237;38.4918074920424;5.4241630702054
3238;70.3035851650347;5.79166666666788
3239;17.3922681976328;73.2534271247278
3240;23.0111111111109;63.236760458065
3241;26.9975901949547;13.0626839863617
3242;6.90000000000146;45.09481241717
3243;6.75663457246264;5.3814790838187
3244;66.6604079767239;24.9109235282885
3245;50.3820418322975;75.3867604580628
3246;50.0354617641569;3.00435065300917
3247;6.75277777777956;43.0567604580974
3248;23.1418802363442;15.6972222222139
3249;23.7990764717324;45.73703463938
3250;6.94067418596023;63.3805555555482
3251;8.99464709310269;33.2138888888876
3252;44.479183449821;55.5116666666545
3253;5.38611111110731;74.4858297368628
3254;51.7905903222454;136.83463202725
3255;5.38398268030141;53.222222222219
3256;6.89166666666642;33.1333333333314
3257;6.79958301780425;24.8839826802978
3258;22.472871569189;33.0950937914095
3259;5.41185424949435;25.5534271247416
3260;6.21176045807078;55.3076839863606
3261;5.375;25.8604617641431
3262;75.9963138535022;53.2181457505067
3263;22.0715728752475;83.7749999999905
3264;35.1257431383819;83.5562049025066
3265;31.6370596205961;15.1395382358496
3266;5.38289377422188;24.8450937914058
3267;11.9731457505186;25.1750937914112
3268;39.3316547259165;45.647871569181
3269;56.2952819348429;23.0888888888876
3270;36.6226347127813;53.679076471708
3271;53.2598124171709;33.1700937914102
3272;6.89722222221826;45.6633333333302
3273;14.0961336597647;33.1645382358547
3274;6.80703463939062;23.6255555555472
3275;6.84141539650955;45.9277777777752
3276;6.9194444444438;14.1777777777752
3277;6.80034160592913;43.2755555555414
3278;20.7086465495559;23.1305555555555
3279;43.7110987326269;24.5012986939328
3280;21.6395382358533;35.5018542494763
3281;10.8743506530373;75.02898268028
3282;38.4385693595323;13.0888888888876
3283;29.7553034731172;45.1812049025211
3284;99.2173107392591;55.7728715691846
3285;5.375;54.3346320272685
3286;56.8006493469475;53.1929653605912
3287;5.38268398636501;13.1171284308111
3288;6.93934868374708;66.2428715691858
3289;23.4355555555485;35.702777777773
3290;41.1317604580763;96.3345382358493
3291;14.2096250204595;46.0406493469636
3292;6.83953823585034;23.831111111107
3293;25.7328110433991;33.0777777777694
3294;6.91418460209752;23.0865728752578
3295;82.0918164374089;25.4395382358489
3296;60.3844444444403;55.8600937914125
3297;152.702409805031;25.1949999999997
3298;38.9588405161521;13.0595382358442
3299;6.75277777777956;25.1861111111029
3300;24.0845382358566;33.1722222222052
3301;30.300649346962;35.5694444444343
3302;24.532777777782;45.6029653605801
3303;5.38833333333241;86.6928715691756
3304;63.1204581988823;53.2145382358394
3305;6.91231601362961;65.0580591520011
3306;29.9916563766892;45.356760458053
3307;18.2491436519813;43.1138888888709
3308;23.4712986939121;55.8749999999891
3309;61.8221578033626;54.831204902508
3310;5.4111111111124;54.4472222222284
3311;6.38888888888687;23.0562049025211
3312;5.39722222222554;53.1117604580759
3313;5.4111111111124;45.7498196100933
3314;6.84166666666715;73.183982680297
3315;25.4941931742869;45.3145382358634
3316;13.8249062085815;73.3812049025146
3317;9.25757739380788;54.7061111110888
3318;69.4419453713526;55.3367604580781
3319;36.5803393860733;33.2749062085677
3320;5.43318142095086;63.3646248343248
3321;5.3990190530676;15.5491702631334
3322;5.40064934697511;45.3221284307911
3323;25.0591630701965;85.8916666666519
3324;6.89453823586155;14.5221284307918
3325;48.9168640122007;25.4554617641297
3326;54.2472222222168;73.7166666666672
3327;39.4906824896352;63.1222222222241
3328;70.9420830549716;54.5112049025374
3329;31.2611111111073;65.5199999999822
3330;12.5055555555555;75.7749999999978
3331;30.194444444438;24.8869408479768
3332;67.2830591520142;75.9524026120343
3333;43.379067004018;43.2027777777694
3334;37.0526140225411;24.9805555555504
3335;6.19444444444889;34.2332395418998
3336;6.78955487052008;73.2751803898827
3337;15.5618470565496;35.8862049025556
3338;60.8611111111059;75.2730519591059
3339;99.2559676057244;43.1999062085742
3340;114.839444444424;45.0250937914425
3341;71.2327822197767;65.1388888888869
3342;53.7117532651064;55.0999062085684
3343;5.41685424953175;15.6305555555555
3344;73.1233204949967;3.0444444444438
3345;124.056111111098;35.5888888888876
3346;75.69440006273;33.0867604580781
3347;30.3719368942366;35.965187582824
3348;5.41120490253888;34.8456493469494
3349;11.096074062858;75.4637084989808
3350;12.8970299978355;65.1053751656436
3351;20.3277777777766;4.03351372324323
3352;55.5357901037423;15.0553751656444
3353;80.112693365365;124.034538235835
3354;20.7084271247622;45.6719480408865
3355;6.95867849725255;75.3570346393935
3356;44.119600459293;55.4587084989653
3357;7.46917026310621;63.2249062085684
3358;16.2687196243933;43.1027777777708
3359;5.39379509748323;46.1764790838424
3360;112.313780237924;53.1820346393943
3361;31.9132145760159;65.1893578459458
3362;6.875;55.1335137232381
3363;126.499819610086;66.2908369297875
3364;58.4450689388505;5.69675326516153
3365;74.7011458405104;24.7856421540491
3366;5.43601819394098;15.8388888888876
3367;6.19231601363936;64.6557359454637
3368;132.233152943423;43.049531042936
3369;6.98367715536006;63.1531529434105
3370;6.79495166026027;33.0949134015027
3371;7.29722222221972;53.2226911792714
3372;29.5848002944949;14.9944444444372
3373;57.7692322867297;113.545274181306
3374;5.43219828148722;63.1694444444438
3375;42.1972222222103;13.0333333333365
3376;24.2642223846597;56.0638888888716
3377;92.2319228899178;35.3111111110957
3378;5.375;45.4333333333198
3379;45.7147380606621;25.0721500093423
3380;11.2532467348392;65.7754689570465
3381;5.38370298290829;53.1805555555511
3382;11.8647167116833;23.1083333333336
3383;35.5576839863497;35.8888888888905
3384;13.7524806956499;14.9194444444438
3385;46.4305618742364;86.139357845932
3386;6.82990620858618;45.4660173196971
3387;53.4645382358467;35.2638888889051
3388;28.1224426807676;53.1357143669047
3389;15.15434461931;55.8222222222139
3390;34.0857266435924;14.6228715691796
3391;6.82474872983221;4.8583333333263
3392;45.5606505686228;25.5895382358431
3393;32.3745408414688;23.1333333333205
3394;47.0826839863657;35.8367604580671
3395;25.5306595365473;15.0194444444387
3396;5.4471004850493;54.4589826802985
3397;102.184632027253;3.00555555555547
3398;24.0534271247416;73.1839826802752
3399;66.0867604580708;3.0444444444438
3400;78.7259370848769;23.0749999999935
3401;5.38888888888687;3.0444444444438
3402;45.1645382358438;85.6923160136175
3403;6.875;35.847222222219
3404;9.05277777777519;35.694444444438
3405;64.5868634093313;3.0444444444438
3406;5.70555555554529;33.2666666666628
3407;6.80277777777883;53.4027777777592
3408;5.37963879800009;55.2700937914051
3409;5.375;25.0660895325964
3410;136.617316013613;53.3660895325847
3411;5.41388888889924;23.0805555555453
3412;32.5112274153362;35.2527777777796
3413;6.84363068432867;3.0444444444438
3414;9.41388888888832;55.3756493469591
3415;27.3559887330375;55.8272006436964
3416;6.91731601363426;63.3117604580766
3417;6.91879509748105;33.1562049025088
3418;25.3928715691836;5.604906208584
3419;5.39697095206066;4.74386731036793
3420;6.85122648103788;45.4315512967332
3421;8.27932907451759;116.296645088136
3422;9.70000000000437;3.0444444444438
3423;58.192635699852;35.157756199249
3424;10.0277777777846;43.1632395419292
3425;6.75277777777592;35.1922222222165
3426;51.9385694620469;54.3215728752511
3427;9.55212843080881;24.9983549118479
3428;10.2348124171695;23.1172438007488
3429;23.4664313267822;53.2348846300629
3430;6.75833333333139;65.1617604580642
3431;5.375;23.0994228659147
3432;6.75613268963207;73.172799356289
3433;28.4882395419118;25.6938673103577
3434;28.4075047027727;33.5111111111182
3435;6.76608953258255;25.7611111111073
3436;10.7559165201528;43.1638888888883
3437;5.41421475281459;35.6916666666693
3438;39.0928931477029;55.1777777777752
3439;6.85490620859491;5.27500000000873
3440;114.963239541914;53.2160895325833
3441;21.282106852279;35.8305339770195
3442;6.96534639420497;53.1416666666591
3443;5.37851646986746;53.4811326896306
3444;8.24787156919047;33.5207431383824
3445;31.545021578524;83.2540764716978
3446;20.6698089834754;83.2806493469652
3447;18.6249191070237;4.30768398636428
3448;24.4970595512423;13.038888888881
3449;7.12812164242132;5.1416666666737
3450;52.2444444444336;74.8081529434276
3451;80.8874835526767;65.8387950974902
3452;6.79386731035629;125.982756199268
3453;47.3783705703754;3.02722222222656
3454;6.91666666666788;33.1487735189767
3455;5.40801674194518;76.0616666666756
3456;7.79153318961835;85.8450937913949
3457;5.40275140661106;23.0249062085968
3458;75.3165728752647;15.0465728752897
3459;6.875;35.3756493469336
3460;8.30888888888148;24.9172438007408
3461;47.8777777777905;63.4394660229991
3462;110.007756199262;45.6556493469725
3463;7.77499999999418;35.1000000000058
3464;34.1849568429425;4.85342712469719
3465;32.1563383817484;55.1047258186227
3466;24.9666666666635;23.1833333333307
3467;6.24657287525042;73.551572875298
3468;5.38589418062475;44.6056493469732
3469;39.1250937913792;33.3305555555889
3470;63.0341630702205;63.2666666666955
3471;33.3954028571279;13.0589826803007
3472;6.7987013061429;43.167965360557
3473;5.41323954193285;35.1181457505882
3474;122.379125875726;33.4138888888883
3475;30.8709564365454;24.8589826802599
3476;6.83759019503123;73.4987013061327
3477;70.4055555555897;4.88611111110731
3478;43.3532354715426;64.9897186258459
3479;5.40307006598596;53.345923528319
3480;21.6647186258415;25.49935065303
3481;6.89787156914826;33.1237013061
3482;40.3919731936148;23.0512986938884
3483;6.77777777778101;14.8083333333379
3484;66.5767708959283;45.7861111111051
3485;6.76259019499412;43.2583333333314
3486;5.42691694146561;75.0125901949868
3487;7.800649346922;13.0784271247394
3488;57.869596071745;26.1653679727679
3489;12.5722222222248;45.7187950975203
3490;12.6109375000051;5.5361111111124
3491;5.40954927729763;53.541666666657
3492;12.9813922971261;34.6679653605934
3493;27.956043276401;15.504076471705
3494;13.495739981412;23.0750000000007
3495;102.55776858376;33.169444444422
3496;6.90048772083901;35.9874098050386
3497;20.3614172260823;25.8972222222365
3498;21.9827777777828;25.898520916151
3499;39.4801127373903;13.0562049025102
3500;46.4880831711271;45.7762986939269
3501;50.9924670216897;35.1617604580679
3502;10.1762278136921;33.0916666666562
3503;41.7999999999993;3.0444444444438
3504;5.38948303533471;53.1720418323057
3505;8.25833333333139;65.8521284307717
3506;19.9805239245288;23.0339826802956
3507;17.6027777777599;66.1157431383726
3508;5.46518758282036;76.0921356237159
3509;6.90768398636646;85.9886147075413
3510;62.2563026996468;3.0444444444438
3511;6.77990620857963;53.4624098050372
3512;6.83178336923083;54.6735209161488
3513;6.81093072121075;5.31111111110658
3514;5.43315766358137;96.0942640545363
3515;40.2421422267507;73.2921356237202
3516;32.406204902516;5.59379509747669
3517;6.85148330431184;33.529256861606
3518;7.03390942957776;35.1504689570647
3519;6.90472581869108;63.2346320272663
3520;97.3868988287977;53.2040764716912
3521;60.2430331370961;65.8500937914177
3522;52.7707431383678;33.0521284308088
3523;74.5236883749494;45.8145382358489
3524;65.1269480408919;13.0042568616191
3525;7.01415339112282;34.882683986365
3526;29.358146518749;73.1846320272634
3527;6.98823954191539;15.2020418323045
3528;28.4756493469613;25.0952741813344
3529;6.83676045807442;53.0799062085825
3530;5.375;4.60425686163217
3531;37.3276911792746;45.6854617641438
3532;69.8329505309739;33.5096320272642
3533;6.76194084800227;64.8019480409057
3534;96.6002917419501;43.1125901949636
3535;6.88463202725325;74.6021284308117
3536;63.8203737224976;13.1008297368717
3537;42.6288079478945;55.5096320272678
3538;32.9084985743721;43.1472222222183
3539;43.3993506530314;45.0485209161561
3540;74.6241824553872;25.2540764717123
3541;31.5638888888861;95.2354617641467
3542;52.9516952533158;3.01731601363281
3543;5.42245143644323;75.0833333333248
3544;5.40635820432362;76.0025973878692
3545;14.9825035964641;43.0999999999949
3546;37.6153679727286;63.2970418323093
3547;15.7645077330417;53.1151875828255
3548;5.41518758282473;15.6596320272765
3549;7.0805555555562;3.0444444444438
3550;38.7513172215149;5.58611111111168
3551;37.9262986939248;24.9361111111066
3552;6.80026332686612;4.99036797272856
3553;8.26111111110731;43.2405483626426
3554;6.93002103189428;55.5179653605956
3555;47.6888888888825;24.8401875828204
3556;6.78805915201519;53.1586941131427
3557;51.6802880814357;14.6416666666737
3558;27.8986071134677;35.0559163353719
3559;17.3106842966736;23.2937950974738
3560;14.9812049025204;35.2388888888781
3561;36.2132059230025;25.3916666666737
3562;6.98850897539887;45.2549062085855
3563;17.2839560376415;13.0666666666693
3564;25.2777777777701;63.2059163353661
3565;5.37813855759669;43.0703607798132
3566;5.41970569417754;55.0809163353661
3567;11.8222222222139;24.9640836646286
3568;20.1642496686982;43.0666666666693
3569;6.83923369706099;26.1361111111073
3570;17.0588888888851;43.366471890924
3571;18.9997114328507;73.1833333333198
3572;26.1655483626382;14.8833333333314
3573;40.5235262499591;14.8283333333311
3574;5.43388888888512;84.4199999999946
3575;42.7416666666686;65.3361111111008
3576;54.2636438716763;45.2725830020281
3577;6.7581385575977;35.2668614423965
3578;50.2802144587658;73.2635281090625
3579;21.8999999999942;13.0750000000007
3580;13.9246357693155;63.3001947757293
3581;7.93591633537289;45.3194444444271
3582;5.39722222221826;3.0444444444438
3583;59.5248091270478;53.1390836646206
3584;42.997416997965;15.7694444444387
3585;9.6888888888825;65.4946392201709
3586;6.80833333333067;23.2027777777694
3587;6.87777777777592;53.4429653605985
3588;6.79444444443652;25.5254545712269
3589;22.3166666666621;43.097222222219
3590;62.119370696375;65.5722222222139
3591;11.6138888888854;35.5277777777701
3592;5.58030428539132;65.7837879045328
3593;6.88611111110367;15.8912120954337
3594;6.8472222222299;14.9587879045357
3595;12.4527777777803;23.0444444444438
3596;27.4447193097185;24.8731313646495
3597;6.78934346009191;53.2023232065585
3598;32.5467676509943;45.6388888888869
3599;29.6580735378629;33.1074241909009
3600;38.8054030501116;13.0888888888876
3601;5.375;33.3222222222248
3602;5.42804066849567;25.1991558772716
3603;5.375;5.26518758283783
3604;28.9123931755275;35.2335281090891
3605;11.5643434601006;43.1663130797824
3606;21.3024613896669;15.0936147075845
3607;6.79424966869919;73.147871569181
3608;31.6562049025197;45.3194444444416
3609;29.7763354172312;5.7138888888876
3610;18.0324892106037;13.2109235282624
3611;5.37752476472451;93.3583405262252
3612;21.5121356237287;4.79584412271652
3613;8.26065653988553;65.7949999999837
3614;13.1014934696905;45.5122222222053
3615;5.37752650762195;53.0807503313008
3616;80.7973232065342;5.05009379142211
3617;6.7721284308027;55.8070490252467
3618;9.71461764142441;23.2200937914095
3619;43.2839025651811;23.1312049025219
3620;74.1278844305416;34.8478715691854
3621;6.90268398635817;53.1056493469732
3622;6.77658006816637;24.8699999999881
3623;55.9639898732057;33.1811111111019
3624;6.80500000000757;15.7319552338304
3625;32.7361111111022;44.9838888888771
3626;15.0709087629984;83.4456493469552
3627;5.41804476617472;63.3923160136292
3628;5.38120490252186;33.2132395419212
3629;11.7604617641409;3.0444444444438
3630;64.4459235282629;44.6169264621713
3631;17.2194444444431;25.1687950974774
3632;8.03258104002452;23.3450937914095
3633;6.77222222222554;45.7534271247423
3634;5.41388888888832;25.4673160136299
3635;43.7866666666487;33.1083333333263
3636;81.8950937914015;25.2277777777745
3637;27.2925614289488;73.2304761499763
3638;8.57564934696711;23.1169624267022
3639;5.41016600410876;14.8388888888876
3640;6.93238822632702;15.005815351069
3641;6.80277777777519;33.2361326898172
3642;5.39905489299417;43.4015944539606
3643;48.9960230694669;34.9195382358521
3644;44.3477777777698;45.683333333327
3645;11.7691190815822;4.8443506530275
3646;52.2075412718586;85.3040764717007
3647;6.79296536060065;33.2723160136302
3648;5.37750080671321;23.0888888888876
3649;6.97411162878416;84.5104833428413
3650;5.40833333332557;15.1305555555555
3651;5.375;63.2900937913946
3652;6.97789265187021;53.150555555545
3653;26.5697532078666;33.1367604580737
3654;59.9803693168833;34.8555555555613
3655;6.79990620858371;73.2901875828138
3656;25.0340944837699;53.2645382358496
3657;6.79157287524868;73.1784271247416
3658;18.7950937914029;23.1284271247314
3659;6.77134639785436;73.4082395419209
3660;19.3867604580773;53.236666666653
3661;6.8820346394059;35.808982680297
3662;39.7249264168568;23.0777777777657
3663;6.80277777777519;23.1271284308059
3664;6.95233246332646;65.4972222222095
3665;6.83333333333212;33.4117604580788
3666;23.1400937914041;43.0715728752439
3667;41.2749999999942;25.4910173196913
3668;73.292078230832;13.0444444444438
3669;39.4111731142111;53.2166666666599
3670;27.3555555555467;23.2416666666577
3671;5.39509379140873;24.8826839863541
3672;8.26666666666279;3.0444444444438
3673;6.81111111110658;43.3894950784816
3674;40.0888888888876;53.9305123981794
3675;29.27758555338;65.1950506340327
3676;8.27349933747246;5.5361111111124
3677;41.7192008822676;3.02157287525915
3678;5.41367737278051;53.1707431383802
3679;6.75277777777956;33.2512555365611
3680;6.91044018546381;33.1006493469613
3681;12.2472222222204;63.1666450879711
3682;5.40979083848651;64.8207431383817
3683;47.250581219796;43.1256493469627
3684;31.0907685011334;53.7617820367559
3685;77.5809412865856;3.0444444444438
3686;6.875;3.0444444444438
3687;35.4694228657499;63.2131532271633
3688;55.0700862388148;45.6673160136306
3689;14.1299493659571;14.7972222222197
3690;27.6950937914116;26.2409741623123
3691;58.8728499904937;23.3937519400934
3692;6.75672312034658;53.4484777587822
3693;53.4563994933051;3.0444444444438
3694;7.05833333333067;25.8623591710057
3695;26.4777346203991;45.5388888888883
3696;5.43639812815672;85.0999568426123
3697;32.7918517440703;13.3464359264435
3698;6.81166666666104;5.91199148202213
3699;8.17499999999927;95.3221790648313
3700;6.79722222222335;25.077085273424
3701;6.76111111111095;33.9591705468483
3702;8.66333333333387;5.63032453161213
3703;95.5734394571446;75.1490764716946
3704;6.78421370424621;43.2326408289809
3705;109.705469240791;3.02499999999418
3706;64.3370474898184;4.87800880173018
3707;6.91231601362597;13.0888888888876
3708;6.85088037090463;3.0444444444438
3709;41.4501525054293;33.1777777777788
3710;5.40088037091482;33.058982680297
3711;6.79524805256733;33.1713418513173
3712;76.5160301554133;23.1268974068626
3713;23.5534702821387;3.94078629575597
3714;35.6242711820087;5.76731601363281
3715;5.41388888889196;33.8065006625511
3716;5.42969745140726;55.5249999999942
3717;5.42823954191408;73.1907862957451
3718;12.2166666666635;43.4106493469662
3719;6.88611111111823;53.2305555555504
3720;6.84421370424752;33.1393072119135
3721;41.672912898448;3.0444444444438
3722;6.78668035940427;35.6397692597893
3723;6.80533509700035;24.5777777777694
3724;37.8850612791393;3.03717878110911
3725;27.5444964586459;75.6512986939197
3726;17.6841513729596;73.4444444444271
3727;37.5416666666679;25.0375901949446
3728;19.819331914332;45.1907862957451
3729;33.0559738785814;14.6444444444496
3730;5.42247796061929;63.0769480408926
3731;6.1768974068691;33.0957431383758
3732;6.80171010777849;63.2709741623003
3733;5.4194444444438;5.33393204626918
3734;6.89166666666279;43.3869914820134
3735;65.9365294341296;75.8200937914044
3736;18.7236825422624;44.5292568616132
3737;6.79782093515678;33.0875901949512
3738;18.722222222219;13.039307211915
3739;5.39009710400933;23.1063852924344
3740;36.5673255686743;35.7555555555555
3741;16.179675184645;3.02990620857963
3742;6.92352091615612;73.8160173196884
3743;6.9290764934085;55.3347686923153
3744;5.39999999999782;34.9965728752431
3745;5.41248699072821;35.5057428546352
3746;29.5685732872626;3.0444444444438
3747;97.3432958703052;53.4395813932424
3748;6.75277777777956;33.1861111110957
3749;5.42804303746743;63.3841193453445
3750;44.086023540629;13.0444444444438
3751;5.38026679922041;35.5621787811033
3752;14.6222222222241;15.2861111111015
3753;51.0869236407307;106.055504921518
3754;6.1944444444598;53.4149565588777
3755;6.76286332458767;25.9027777777701
3756;26.058159722219;36.100649346954
3757;72.6160173196913;25.0076839863723
3758;10.9925470375747;46.1384705658456
3759;36.1835040831065;23.0521284308161
3760;35.3972222222146;76.0437950974847
3761;57.6871787810924;24.6687950974738
3762;19.1662046187885;55.96837677445
3763;40.8967601743389;3.02370130607233
3764;49.9284271247343;95.9268974068546
3765;6.89768427009403;63.4025904786868
3766;8.60530428541097;43.123058868252
3767;5.3789676624765;33.1461108273761
3768;6.91500028373048;63.4365731589933
3769;6.82268427010058;23.1006493469649
3770;6.76814575051685;23.0645382358525
3771;62.8404710187679;3.36666666666861
3772;6.78194079689638;3.0444444444438
3773;100.044818502221;73.2023157298972
3774;18.5472222222234;14.7576839863614
3775;12.0395382358583;34.8754620478794
3776;68.6231411180161;3.0444444444438
3777;6.85787128545417;25.804256861622
3778;70.2529650768629;63.7099997162622
3779;5.42682527752913;23.0707362292014
3780;5.37849298308356;14.9297189094978
3781;6.875;35.7598124171782
3782;22.6434934105455;35.1805555555584
3783;107.008333333328;43.4668539657432
3784;78.2001906380683;35.8771284308095
3785;5.42971890950139;46.1034271247408
3786;52.3257252501753;35.1909304374567
3787;15.5080724521831;14.3235140069846
3788;105.394631743518;23.0568473403109
3789;5.41323954192194;34.42138557617
3790;8.27287156917737;43.0465728752606
3791;6.75277777777956;53.2241633539452
3792;6.84702999783985;53.0027777777759
3793;37.3526763205264;23.0603748818939
3794;6.81175354890729;23.0820415485723
3795;5.42166413325685;3.00277777777592
3796;6.84573622920288;4.80277777777519
3797;30.1615335124916;35.2557497637972
3798;69.6022055156682;15.4951806736681
3799;31.453232916494;3.0444444444438
3800;5.61696870806918;95.6089826803036
3801;42.200555555537;63.2459304374643
3802;34.9153679727315;33.8472222222299
3803;6.86537488190152;73.2465797844307
3804;38.3731129654152;3.03120490252695
3805;28.3316002488355;13.280555555546
3806;5.39292114695854;3.01666666666279
3807;5.45833333333212;76.2438020066438
3808;88.8527777777817;43.1312049025219
3809;6.19657287525843;25.4888888888927
3810;8.24787156919047;23.0826839863694
3811;5.4194444444438;5.83676045807806
3812;53.7299062085804;13.0875901949585
3813;11.9472222222248;53.1604617641424
3814;12.9134974982917;23.444444444438
3815;5.40000000000509;65.1277777777796
3816;6.8104617641402;3.0444444444438
3817;5.39509379140873;25.4521284308139
3818;39.6547323023624;35.0645382358525
3819;11.0197741051816;23.061760458073
3820;6.77499999999418;45.5138888888869
3821;5.39487762192584;33.1493506530387
3822;23.7499999999891;34.6756493469657
3823;6.86056208761147;25.5249999999942
3824;5.375;3.03546176414602
3825;23.2950937914102;73.202777777773
3826;5.375;45.2743506530314
3827;5.56650504053687;53.1604617641387
3828;75.7240773200901;65.7660173197
3829;6.78333333332921;43.320093791408
3830;6.75833333333139;53.1861111111066
3831;5.41931638107053;15.6978715691912
3832;62.0247826950617;3.01666666666279
3833;30.6743506530256;63.0937950974803
3834;6.75277777777956;13.0901875828204
3835;73.1996122440614;45.8138888888861
3836;8.24787156919047;23.0916666666635
3837;6.95000000000073;3.0444444444438
3838;5.41158658658605;43.4083333333256
3839;11.214145968479;23.2825035964488
3840;7.92890458126931;23.047222222227
3841;6.7882395419183;5.46944444442852
3842;6.2138888888876;55.445093791408
3843;6.78888888888832;3.03333333333285
3844;6.79214412319561;43.0527777777643
3845;6.77009379140145;35.3799062085709
3846;6.83953823585398;75.3442640545145
3847;8.9065290071776;45.584632027254
3848;14.1305555555628;53.2555555555336
3849;8.83823954193213;23.285281374232
3850;5.38611111111459;5.58333333333212
3851;84.056671928578;35.6111111111059
3852;6.79983445565085;33.1477777777582
3853;6.84854555401034;33.0888888888876
3854;5.60555555555038;3.0444444444438
3855;12.7521378708552;103.300649346947
3856;16.1085185052834;66.1055555555286
3857;66.0310889389366;3.03055555556057
3858;17.3965149079195;45.23528137424
3859;5.39166666665187;23.0916666666635
3860;31.3608192990541;55.8916666666628
3861;13.7682674853568;44.9150937914019
3862;35.1630591520043;33.1664862767611
3863;6.78377720349818;35.0387084989816
3864;100.441348834625;54.6264790838322
3865;17.1978810647124;76.2194444444394
3866;5.375;25.0111111111073
3867;6.88333333333139;43.0864862767594
3868;63.9446606139027;24.3583333333263
3869;6.814473969338;83.2583333333278
3870;27.4508024528332;25.434256861623
3871;59.172041832313;54.9108369297828
3872;6.83528440747614;63.6748196100889
3873;27.74935065303;86.2359307211991
3874;26.7497258186741;44.586580068175
3875;10.017321550069;24.8937950974796
3876;6.75277777777956;15.5117604580664
3877;40.7555555555555;45.433333333327
3878;51.1925018554793;25.0133333333251
3879;5.375;43.2972222222197
3880;6.87243784944803;23.1954542874519
3881;14.2733037769322;43.7888888888883
3882;173.19249168336;73.1199134015078
3883;5.40436532263993;15.6160173196913
3884;15.1817878604379;5.35555555555038
3885;166.333583865573;23.5062049025146
3886;5.375;25.5401875828175
3887;55.2078478964577;45.6138888888818
3888;36.184087428559;35.8192640545349
3889;5.39946310974483;35.0381457504955
3890;6.8305555555562;115.858982680293
3891;46.8549422883771;43.1708297368641
3892;34.2047305388369;53.1480519590805
3893;50.3728715691905;4.97703463939615
3894;23.5275297416702;24.9963924853546
3895;10.3521938467893;5.87027418131402
3896;5.41601731969058;54.8437950974658
3897;29.6873787645854;34.9563852924148
3898;5.4047258186838;3.0444444444438
3899;61.8459000825605;53.2213924853495
3900;123.15147279446;53.0805555555417
3901;21.0150937914186;75.8554617641312
3902;130.008888888871;23.1603679727305
3903;10.6720105708082;43.2037013060508
3904;6.78896054871075;53.1925901949398
3905;5.41583692979839;55.5703679727158
3906;6.33481961009602;33.0273088206995
3907;5.4068542494897;34.7694444444314
3908;7.83416307020161;23.1195382358601
3909;6.2138888888876;35.1564790838311
3910;42.3610173196903;76.0099062085683
3911;5.39005277164324;43.275923528272
3912;24.6925901949435;4.3388888888876
3913;10.8712986939463;3.00472581870054
3914;29.6250000000073;45.1780519590829
3915;6.8916666666737;33.092222222218
3916;12.6108598409555;56.0166666666591
3917;6.94722222222117;24.8472222222226
3918;71.7007088163118;25.6361111111073
3919;66.9071284307902;33.2166666666599
3920;34.2777777777774;13.0085137232236
3921;5.45277777778028;44.8416666666635
3922;12.9063066003473;23.0888888888876
3923;6.90269117928619;15.3562049025204
3924;49.5852673237132;25.2367604580722
3925;29.3027777777716;25.8583333333299
3926;30.86651628646;23.9000937914025
3927;41.9737262737181;85.8651875828145
3928;6.8026839863669;16.1256493469664
3929;5.39214034388715;54.8150937913997
3930;107.793879317403;35.3388888888876
3931;24.6545797832332;13.0188888888915
3932;5.40546895707666;43.1582395418918
3933;67.492578147805;5.76361470756092
3934;5.41444444443914;33.0970418323013
3935;20.0045743682458;63.194170263112
3936;8.26166666666904;33.0580591519938
3937;6.875;15.1577777778111
3938;6.79944444444845;44.9949999999917
3939;33.7444444444445;3.00555555555184
3940;70.4403679727038;15.1626839863675
3941;28.5640213289553;63.4463924853299
3942;19.5465948606034;24.3941702631055
3943;22.9838899708702;65.27277777774
3944;64.2194444444431;55.8582395418853
3945;5.37972581870781;23.0699999999633
3946;35.0604372520029;94.8358369297712
3947;6.875;5.29509379141018
3948;5.375;3.0444444444438
3949;45.863059152005;5.29999999999927
3950;30.2280534022029;33.2555555555446
3951;6.7944444444438;23.0444444444438
3952;54.8293302765633;25.9805555555504
3953;9.34944444444773;33.3567604580639
3954;17.8227777777392;44.4539826802829
3955;91.2125390273795;95.1533333333246
3956;6.92064934695009;33.2678715691873
3957;11.0120495650226;13.0555555555511
3958;6.7826839863701;46.0562049025211
3959;46.366572875213;86.9178715691778
3960;5.45000000000073;75.3940764717008
3961;16.7579743656352;25.5937950974767
3962;8.82763518202773;3.0444444444438
3963;5.41453075910977;45.4073160136359
3964;62.3586707941249;5.36601731970222
3965;5.38055555555547;13.0643506530359
3966;27.3839826803014;83.5908369297795
3967;6.92629869393204;45.7472222222241
3968;5.41723750890014;15.3237013060643
3969;71.5042147975546;63.1506493469642
3970;66.2325035964532;23.0993506530322
3971;83.8770346393867;33.1459235282855
3972;15.414900118878;93.5812049025117
3973;9.66740980504619;3.0444444444438
3974;8.25685424948824;4.89379509747232
3975;5.38055555555184;44.9709235282862
3976;71.6512986939306;5.91666666666424
3977;70.2429269750719;65.5209235282819
3978;5.41601731969786;66.0466666666689
3979;7.05620490252113;13.3875901949505
3980;51.1903679727257;66.1076839863636
3981;26.6098124171658;45.6410173196928
3982;29.448701306057;4.75064934696275
3983;17.5857197119039;24.7700074767563
3984;5.44771120824589;23.1370346393851
3985;16.5512146261754;15.6777777777752
3986;6.9237013060665;63.1499999999942
3987;49.4524610143271;66.049725818677
3988;5.38666666666541;53.2061185878702
3989;16.1428790459504;14.9015653984825
3990;29.5125901949468;33.1249999999891
3991;21.068795097468;15.031204902516
3992;6.76111111110731;33.0561185878651
3993;6.87287156919047;55.6005630323198
3994;6.92777777776428;3.01054807878972
3995;5.41645789152972;3.0444444444438
3996;19.883333333335;63.4388888888752
3997;39.4422296989833;75.5666666666657
3998;6.82287156919483;34.2777777777701
3999;6.75665601978108;63.2123234904029
4000;6.82573566161955;33.211024796452
4001;36.1922296989833;33.0776914631206
4002;5.40620490252695;44.6583333333365
4003;30.8178790459533;125.963802574232
4004;7.12928552642188;33.3596320272627
4005;5.41666666666788;13.4597186257597
4006;65.3938025742318;4.88342712474696
4007;38.6342944424687;45.5887950974611
4008;14.3504902060558;35.4693581297906
4009;18.1639752035371;65.0699999999888
4010;6.80108160902091;65.8833333333314
4011;5.44018758281891;33.0284271247328
4012;59.0619466541175;34.8811111111063
4013;75.8394444444275;15.3033333333296
4014;5.375;65.7087950974601
4015;6.95268398635744;3.00842712474696
4016;38.3415728752479;5.04453823585936
4017;8.06380586797241;43.3146320272717
4018;63.7169700988961;54.6207431383627
4019;54.144636668836;15.9089826803029
4020;39.2143506530228;73.5109235282762
4021;123.582020040325;24.811760458073
4022;6.91712843080677;55.7353679727239
4023;41.0265941859579;25.1411111111083
4024;62.2168599069992;45.9744444444405
4025;55.7485209161387;65.9971284307976
4026;58.114999999987;15.2506493469664
4027;30.5965728752599;45.2199062085783
4028;5.43017269576376;55.5823160136097
4029;39.0785207089575;55.7611111111109
4030;33.9301032125331;23.1694444444438
4031;28.4549062085753;3.0444444444438
4032;6.92620490252011;33.1187950974709
4033;28.3194444444416;5.57009379141164
4034;23.9971284307976;83.3839826802832
4035;5.40048772084629;83.3477777777625
4036;6.90490620858327;23.125
4037;5.37745677042039;3.03703463941565
4038;78.6838888888742;55.155555555546
4039;16.4809723028484;15.020367972742
4040;7.01879509747596;63.4049062085833
4041;7.15277777778101;23.0778715691922
4042;26.4287950975122;35.3416666666599
4043;27.3694444444482;23.0740764717011
4044;10.5653916384799;45.7184271247097
4045;5.48333333333721;55.0962986939194
4046;5.42359223787207;53.3450937914095
4047;5.43810261227554;5.28629869394717
4048;71.382286232616;15.1388888888869
4049;28.273078164013;53.1978715691839
4050;5.41046176413874;43.2262986939168
4051;6.88888888888687;35.391479083828
4052;36.3861111111073;35.353333333318
4053;32.2615728752426;63.3546320272471
4054;20.0400937913982;23.0843506530764
4055;29.7839826803029;35.9388888888825
4056;17.3559235282955;33.082128430844
4057;56.7493792798232;3.0444444444438
4058;5.42937103262739;83.6116666666494
4059;6.87120490247617;96.3046320272406
4060;6.84342712469879;14.2323160135966
4061;5.38585984094971;43.218239541955
4062;6.7944444444438;35.796666666698
4063;5.39166666666642;53.2722222222183
4064;29.4027777777737;43.2055555555453
4065;6.8904617641856;83.2685209161282
4066;6.86388888889269;24.9910173197022
4067;73.3657050213078;23.1484271247027
4068;54.61453823587;43.0916666666635
4069;6.80333333332237;23.0787013061017
4070;49.4127777778122;65.4525035964107
4071;23.6236379783259;113.268614707562
4072;18.2512049024808;75.8324098050034
4073;6.79935065303289;33.0465728752497
4074;28.0638888888825;4.9555555555562
4075;6.90750107054919;65.5904617641754
4076;6.875;75.3404617641754
4077;5.375;33.1379653605618
4078;6.83611111111168;23.3203679727594
4079;6.89194084801784;25.3805555555555
4080;84.111958442023;43.069444444438
4081;6.88833904021521;15.3410173196935
4082;71.2703679727711;43.2157431383421
4083;114.151777204861;85.1737950975003
4084;40.0055555555555;14.7759235283265
4085;57.4292814897817;45.1879653605611
4086;53.6476202990307;45.5600000000341
4087;5.40185424944866;15.1972222222248
4088;39.740300145957;35.602965360511
4089;73.8016220714853;3.01388888888687
4090;39.2947186257916;55.0317604580341
4091;8.47732584681216;43.1861111111066
4092;101.621192989474;35.2999999999884
4093;5.38604285596375;25.5518542494428
4094;80.303559503307;4.9559235283632
4095;6.83233421960904;33.1129653605603
4096;6.92685424944284;44.3379653605662
4097;69.0350349497057;5.34166666667443
4098;6.80185424944284;13.2805555555678
4099;6.93240980500923;35.3589826802927
4100;81.0243506530278;25.5944444444394
4101;30.4612986938482;43.2694444444387
4102;15.5866018512461;43.1805555555511
4103;25.114076471622;53.3027777777716
4104;56.3865610245994;5.58823954191394
4105;5.41111111112332;3.0444444444438
4106;5.40539519459708;43.058982680297
4107;5.37825145499301;53.2457431383737
4108;30.3444444444394;83.5846320272576
4109;12.1750035366567;3.00212843081681
4110;69.8324098050143;63.342965360589
4111;5.38823954192048;13.0410173197051
4112;6.80898268029705;33.1097258186783
4113;5.39444444445689;43.1478715691846
4114;5.40342712473284;5.35555555555038
4115;11.4055555555387;55.425649346962
4116;47.5589826802861;33.0354617641278
4117;6.88953823585325;15.7861111111124
4118;5.38055555555547;13.1472222222146
4119;26.081204902508;43.1722222222088
4120;6.75539354553257;33.3027777777752
4121;47.6279918456894;33.4728715691854
4122;76.5537468109615;43.2055555555562
4123;5.38055555555547;63.5055555555373
4124;20.4111111111015;13.1083333333263
4125;5.38585021271865;75.0722222222103
4126;6.97499999999127;54.9999999999891
4127;6.78888888888832;15.4277777777752
4128;8.27611139857981;3.04166666665333
4129;8.45926663592036;23.0472222222088
4130;6.77990620857963;85.456204902508
4131;33.308159722219;5.33398268028759
4132;39.0277777777665;33.3111111111029
4133;60.2495281360971;4.74231601363863
4134;6.75533302301847;23.0444444444438
4135;6.85212843081899;73.1784271247307
4136;6.98888888887814;23.0444444444511
4137;6.28268398637374;15.0562049025139
4138;122.338620365059;3.0444444444438
4139;57.8947243755356;55.0576839863606
4140;31.3967346159006;13.0138888888832
4141;41.0645382358489;66.1021284308044
4142;5.37749784668631;23.2429653605868
4143;5.44308014081616;15.6437950974796
4144;6.80813598778695;45.0756493469562
4145;6.91388888888832;5.50898268030141
4146;28.5117706497404;55.6916666666621
4147;82.3229928213732;43.1444444444423
4148;21.4104617641533;45.0784271247212
4149;102.064083104542;13.25
4150;21.5527777777679;15.5749999999935
4151;42.6225073384958;14.3583333333336
4152;5.3812049025255;13.1277777777868
4153;12.0604617641475;63.1812049025066
4154;6.22222222221899;45.7339826802672
4155;5.38888888888687;33.1818542494839
4156;77.7917087485221;25.2735209161583
4157;44.1299062085891;63.1352813742233
4158;6.78888888888105;34.9589826803094
4159;32.5861909481209;85.7012986939153
4160;78.8735209161314;83.9429653605912
4161;63.0083917464653;43.1033333333289
4162;5.40685424947878;55.0660173196993
4163;29.3694444444372;13.0262986939306
4164;6.97757789426396;45.1985209161539
4165;30.0766564981277;25.8049062085738
4166;5.375;15.6950937914262
4167;5.41388888889196;23.0910173196753
4168;20.7532746192992;13.170093791432
4169;38.0549062085738;44.9388888888825
4170;6.91388888888832;53.2083333333321
4171;10.2088051972314;23.0611111111066
4172;20.693795097468;63.222222222219
4173;6.78442292040199;4.69657287525843
4174;6.82435065301252;3.04166666666788
4175;19.0656268515377;45.1055555555504
4176;5.41666666666788;43.336760458089
4177;61.3444444444394;53.291666666657
4178;45.0575035964466;65.3673160136386
4179;5.39048129051662;23.1194444444372
4180;5.38894000123037;43.3249999999825
4181;7.30277777777519;34.5666666666511
4182;6.82842712474667;33.331204902508
4183;10.952777777773;55.052777777757
4184;6.89722222222554;45.6555555555387
4185;7.01011789948461;54.8493506530067
4186;22.6694784011997;45.6583333333256
4187;45.0490567178786;45.1235209161496
4188;33.1722030083329;15.0728715691912
4189;20.7160173196899;63.2874098050379
4190;12.8104617641329;45.5040764717123
4191;22.0748243302442;33.5124098050437
4192;6.75862830697952;55.6262986939364
4193;68.8430316103004;45.972222222219
4194;17.0666666666621;45.7861111111124
4195;5.42564934696929;35.7111111111117
4196;42.1145382358518;25.8222222222248
4197;75.8814022480474;3.0444444444438
4198;51.1419237672744;44.9027777777701
4199;86.4194444444256;25.9756493469613
4200;33.7416666666722;53.2062049025226
4201;63.8697450248728;13.0444444444402
4202;44.7013183948256;53.2972222222197
4203;47.6885490172172;25.1138888888818
4204;5.37564934696638;35.5241702631174
4205;5.41046176414602;33.2895382358438
4206;6.83520247690831;45.515836929786
4207;19.0846620692355;3.03823954191103
4208;19.4653679727307;14.3241702631276
4209;6.89999999999418;53.1361111111109
4210;58.4734816982673;45.5735209161467
4211;66.2687295497199;43.5666666666584
4212;5.43723619392767;43.3748196100787
4213;6.75566715738023;3.00277777777592
4214;41.8001634991233;65.3852813742342
4215;5.375;35.7228715691745
4216;51.5633148716952;33.4070346393928
4217;7.01980659200126;85.4923160136241
4218;6.875;25.3388888888876
4219;37.8984038344861;105.487409805039
4220;35.5769480409072;36.2070346393994
4221;5.41814575053286;43.1908369297707
4222;6.875;63.7758297368819
4223;47.0694444444416;24.9534271247467
4224;6.93765128071755;45.078607514668
4225;5.44342860292454;15.2416666666577
4226;36.443152755186;45.5138888888832
4227;23.811760458073;65.7762049025114
4228;57.2275968369213;4.98620490251415
4229;6.96731226391421;53.7478715691759
4230;23.668492129993;63.2202741813162
4231;6.76777009108264;43.2625901949395
4232;5.39224513338195;25.6645382358438
4233;8.27280643183985;55.6645382358438
4234;47.132683986365;35.5611111111066
4235;27.8604617641504;43.2812986939243
4236;39.0413776057285;25.8338888888866
4237;15.6932023672343;93.3826839863505
4238;29.8844146737865;25.097222222219
4239;48.236760458065;4.96944444444307
4240;45.530555555546;34.7500000000036
4241;38.8812049025073;55.5223160136193
4242;68.9120369661541;35.433333333327
4243;6.76399237034275;23.1416666666519
4244;27.9862640252904;23.0839826802767
4245;6.79489417165314;23.3923160136364
4246;6.78055555555693;73.8416666666635
4247;55.9555555555417;75.0117604580737
4248;39.0919465977604;3.00620490252186
4249;5.40768398638102;83.1784271247379
4250;9.31459542274388;3.03676045808606
4251;45.07132764981;15.4006493469606
4252;8.29166666665697;45.5166666666446
4253;61.7777777777665;73.6256493469555
4254;90.4052679340457;15.424999999992
4255;6.89509379140509;23.0839826802912
4256;6.75833333331684;25.9111111111124
4257;6.91601731969422;45.455555555538
4258;6.78579158174398;63.2249999999876
4259;78.2784271247219;3.0444444444438
4260;12.936760458073;95.8395382358212
4261;55.3610598279993;45.3249999999935
4262;15.6249999999854;33.0416666666679
4263;6.91295961083233;63.1222222222168
4264;61.7891258184609;5.51186144223175
4265;5.40833333333649;35.8027777777752
4266;121.766816743046;45.1242496688792
4267;69.4459981664077;35.8075830022171
4268;7.03405227865733;84.8660173196877
4269;6.75277777777592;43.3832323491806
4270;92.8874819085177;63.3381385577632
4271;6.92915587747848;33.1333333333496
4272;26.6748263888694;25.811760458073
4273;8.34722222220807;73.2637879047325
4274;47.2736003219252;24.6527777777701
4275;7.20530428540951;25.7861111111015
4276;51.5785065304844;43.2859163355388
4277;74.1688715964046;23.1111111111059
4278;16.411010126958;15.2333333333299
4279;33.4077336989394;24.9450937914153
4280;31.6714718910989;63.1895382358525
4281;11.2686941133215;5.29722222222699
4282;61.25096895147;25.1229509749392
4283;6.80307950321367;24.8964718910975
4284;84.4839826803;86.1276767936324
4285;51.7951060813684;34.7661111111047
4286;9.59055087207889;53.169350653021
4287;38.3835425202815;23.1783333333296
4288;6.76369211155543;53.2317604580712
4289;6.77483837386899;35.7472222222132
4290;6.80768398636792;53.3150937914033
4291;6.91388888887741;53.239444444429
4292;84.0690810257947;43.2178715691771
4293;5.40000000000509;23.1922222222165
4294;95.1726767936088;33.0612049025185
4295;6.83111111111066;4.99398268032746
4296;6.88546176414093;93.131111111099
4297;5.38953823585325;63.3200937914044
4298;25.1793506530303;45.4062049025379
4299;6.79388888888934;5.5965728752526
4300;37.2223338470831;45.5915728752516
4301;43.8400937914012;23.0854617641417
4302;5.4026174168248;53.1021284308044
4303;7.02219568459986;3.02092352828186
4304;24.713455750858;85.846572875249
4305;6.91463202728119;13.031204902527
4306;34.2388888888818;33.2310173196674
4307;46.882034639395;53.1299062085855
4308;6.76323954192048;44.9006493469533
4309;9.78120490252695;35.0818542494817
4310;27.1499382845359;45.0762986939262
4311;6.75277777777956;23.4254617641091
4312;29.441017319703;44.908982680292
4313;96.3140838537947;43.3805555555555
4314;5.38740980504372;13.0194444444387
4315;12.0361111111051;36.4540764717094
4316;6.875;33.2476839863339
4317;6.75979100615587;106.015187582816
4318;5.39197620816412;63.1202813742493
4319;97.6931828866836;25.4089826803029
4320;16.0328362089786;4.82435065302707
4321;47.3509207391144;15.6927777777564
4322;14.9521459814459;25.7683261403909
4323;6.875;14.8553679726938
4324;20.1559353627927;35.3312986939673
4325;28.4192512041263;33.1444444444387
4326;138.004830715257;4.76666666666279
4327;8.59166666667443;36.0000000000109
4328;43.531046912216;15.8518326706435
4329;26.1172831748445;53.3254617641142
4330;71.4839826802854;24.9573232065704
4331;6.89500000000771;3.01212123787263
4332;36.8106493469859;23.0824820176167
4333;19.7354509100114;13.0444444444438
4334;19.3777777777686;35.1570274464211
4335;5.4134001345883;25.572583001991
4336;7.12285243548104;53.1655483626091
4337;5.375;63.1874169980074
4338;15.2261776246414;13.0321500096506
4339;20.8711039181653;23.1073882262026
4340;6.80408366468691;53.2681385575161
4341;6.88758300198242;35.7670274464399
4342;8.60548928618664;23.1545454287916
4343;5.38519937188903;23.1666666666679
4344;6.84166666666715;3.0444444444438
4345;91.0864718908852;24.8527777777745
4346;6.79733173183922;13.0444444444438
4347;5.39430626057947;53.2290836646753
4348;6.9194444444438;3.02843431770089
4349;6.1694444444438;5.03173887923185
4350;6.86751811304566;43.3957503313395
4351;11.341218600468;53.2870562182397
4352;6.875;23.0437950974774
4353;5.375;35.1358441227458
4354;11.7325107894285;43.2547330116358
4355;39.5658441227497;33.1407215595245
4356;14.9228715691861;13.036111111116
4357;5.42777777777519;34.1854617641511
4358;6.83388888889021;23.055649346974
4359;33.2518051574734;35.2839826803029
4360;6.85833333333721;15.0601875828288
4361;17.6145382358591;13.0508297368724
4362;6.94137090650111;53.1888888888789
4363;19.0637152777854;33.1805555555475
4364;5.38485698580189;4.7070346393848
4365;6.75277777777956;33.74323954192
4366;6.81787156918654;43.1391846490405
4367;18.7249999999985;45.4666666666635
4368;42.5772923857403;43.3114068712603
4369;5.41583692979111;25.7611111111073
4370;6.93757533913958;4.79722222220516
4371;35.8624136300023;63.1993506530198
4372;12.2722222222183;44.7034271247539
4373;50.0677917494977;44.1561111110968
4374;15.2746248343392;63.208888888872
4375;19.7201970122478;35.1401875828342
4376;21.7123453123859;23.1492568616013
4377;37.4367604580839;25.0603679727101
4378;60.0437950974774;45.059632027278
4379;39.7912188717528;35.4949999999844
4380;73.6651875828247;43.14222222221
4381;6.1694444444438;25.90888888888
4382;6.2276839863589;35.1477777777727
4383;13.9937013060444;33.4388888888825
4384;22.6464790838145;44.8277777777694
4385;17.5580729496032;23.0839826802912
4386;6.79722222222335;85.6782395418886
4387;27.5687013060451;25.6617604580788
4388;6.17777777777519;73.2833333333292
4389;5.40333333332455;33.2244444444441
4390;33.41499999999;23.0423160136306
4391;6.875;84.9790764717291
4392;6.81979850127391;13.0154617641492
4393;6.93823954191976;35.0555555555511
4394;33.6360173196772;33.1277777777759
4395;15.1620647434756;44.8882395419241
4396;47.3721284307794;53.2512049025136
4397;60.4865901503363;13.0505555555283
4398;55.1268250379944;15.7249999999985
4399;6.800555555561;13.0583333333307
4400;95.7385443094863;55.9311111111092
4401;47.4887070558652;15.2499062085917
4402;5.43364561479757;13.0493506530365
4403;6.81814575048338;15.7972222222234
4404;62.1911111111076;35.6109235282529
4405;40.058982680297;13.180555555562
4406;18.8032395418886;85.8588888888844
4407;5.40777777777475;95.3521284308117
4408;96.9435209161456;3.01666666667006
4409;14.2440125198991;45.6216666666623
4410;6.77370130606869;43.1812986939367
4411;96.5915575954095;35.1543506530361
4412;6.82981241715243;13.0444444444438
4413;6.76592352825901;23.0626839863653
4414;93.5700937914007;35.8150937913997
4415;5.37935065303827;25.854256861614
4416;86.8058841471029;24.6762049025128
4417;6.78438245029247;75.0161111111011
4418;5.40398268030185;23.1215728752431
4419;30.7896320272739;85.2425901949573
4420;21.5872992555633;94.7518542494836
4421;8.24787156919047;15.7126839863704
4422;7.10200884039659;3.0432395419266
4423;58.3950711463367;23.0888888888876
4424;5.39657287525188;25.8123160136347
4425;24.327777777773;25.1089826803036
4426;124.846723506609;33.1812049025284
4427;20.0293506530325;3.00823954191947
4428;62.0556112270024;103.242222222201
4429;6.22620490251938;5.04527418130965
4430;137.394444444435;35.1977777777756
4431;16.3346652469045;23.1036075146403
4432;6.79092320045675;55.6166666666577
4433;5.37564934695911;66.3217532652197
4434;5.4194444444438;3.0444444444438
4435;12.0246086273801;15.5094444444549
4436;13.4962986939245;35.072128430802
4437;6.7777777777701;53.167590194942
4438;146.350367972707;43.5566666666527
4439;6.93213562365054;13.3067532652276
4440;26.0588888888851;43.3561111111048
4441;7.13444444444394;24.7823088207806
4442;38.489444444429;13.1149134014413
4443;9.76879509748323;13.3300071928425
4444;5.42611111109727;25.4738888888933
4445;44.1172239487169;5.84722222221899
4446;5.375;54.9805555555467
4447;5.37762706641661;23.0816666666542
4448;6.79137010651903;33.092784970635
4449;5.42602451255516;53.336111111108
4450;5.38500000000931;54.9161111111098
4451;6.90380229032962;3.03203463940008
4452;10.9526522037595;15.8532395419024
4453;6.75697607213078;43.1855555555485
4454;6.75771120825084;33.0794444444473
4455;6.25657287526701;33.5143506530112
4456;53.0529418046899;25.4572222222268
4457;55.9220947372851;24.7537950974838
4458;6.88907647172528;73.3994444444361
4459;14.5261111110958;33.0972222222081
4460;6.85277777777446;25.912777777783
4461;13.7625086246153;35.3978715691846
4462;28.2741632085272;45.8916738595144
4463;33.1269769803548;43.0677849706153
4464;30.6138888888818;35.5177849706051
4465;5.38873524543669;23.2677849706197
4466;7.59967025752849;34.9687950974658
4467;81.4102582921842;83.4111111110942
4468;5.45367632088164;24.9222222222306
4469;31.6106493469742;54.8933261404927
4470;5.40317585459343;53.1961039182679
4471;5.375;25.5995310430153
4472;36.742241914686;53.1699134014234
4473;68.6634248531227;5.07759738777531
4474;5.375;93.2583333333132
4475;27.2944444444402;53.1833333333198
4476;26.7504689569796;33.1472222222183
4477;27.9277777777861;55.8016594738147
4478;6.1694444444438;55.1849928071424
4479;6.82499999998254;25.2444444444445
4480;6.78333333335468;53.1523088207905
4481;21.9610992767084;5.18786437636663
4482;44.7042808674305;3.0444444444438
4483;45.0999999999804;43.213888888873
4484;39.0217532652496;83.2749999999869
4485;15.5856861108514;35.2356421541408
4486;17.6388888888869;23.0888888888876
4487;48.1709119975312;46.0399134014042
4488;6.82833333332019;45.2106421541466
4489;22.1484811036025;15.2189754874744
4490;31.6033333333289;5.12953104303597
4491;5.37755143706454;25.7550865985759
4492;43.8803751655541;55.847222222219
4493;13.0981634558557;13.2916666666679
4494;21.0107656782857;45.8939754874627
4495;5.375;75.2800865985737
4496;6.17537516554876;33.0888888888912
4497;5.44157287525013;35.8767532652491
4498;13.755308413889;43.4128643763615
4499;56.4863811383075;15.2472222222204
4500;6.80786437636198;3.0444444444438
4501;31.1286306643742;43.1246248344396
4502;8.10876860110875;15.2416666666686
4503;25.1733660130631;103.496753265237
4504;17.0532667637963;43.1784271247452
4505;6.78635562664203;55.3693506530253
4506;5.38268398636137;23.1062049025168
4507;55.2023088207934;15.1277777777759
4508;5.375;53.3117604580766
4509;6.23333333333721;44.6423160136255
4510;6.77499999999782;103.333982680291
4511;67.1401684331504;63.2089826802912
4512;5.41978888888843;43.1985209161503
4513;5.41321658004017;43.1589826802883
4514;5.38873743843214;43.1116666666567
4515;42.4867604580722;5.51481241719739
4516;40.9593394139483;114.942316013628
4517;6.75555555555547;65.1166666666795
4518;59.613595412935;43.2138888889094
4519;44.570373722494;45.1194444444336
4520;112.484382853334;23.597222222219
4521;75.1312049025109;45.033982680292
4522;13.4827777777828;63.5472222222415
4523;23.5783333333311;43.9632395419358
4524;6.78333333332921;25.797871569157
4525;8.28333333333649;4.8715728752868
4526;6.80833333335977;33.0506493469329
4527;117.353427124763;43.1416666666846
4528;82.8510322453185;23.0888888888876
4529;98.1533333333464;84.9867604580722
4530;50.0783468934824;5.54166666666788
4531;67.0812049025153;23.125
4532;6.93345628600218;54.7312986938996
4533;5.38893123733578;55.8534271247408
4534;53.0770444859081;65.163888888881
4535;85.3630965956108;53.1555555555497
4536;6.75555555555547;25.1777777777752
4537;37.6867604580402;34.8472222222517
4538;77.9078741748235;33.165836929762
4539;35.2937950974629;75.8694444444372
4540;5.375;43.2694444444387
4541;6.76453823585689;85.0950937913804
4542;7.00267502752831;53.1694444444147
4543;31.3137244757309;35.2312049025168
4544;30.597871569189;24.883333333335
4545;40.0558827995374;13.0271284308146
4546;87.5302901970463;45.7536075146927
4547;58.9448252676048;66.1771284308124
4548;6.75543491455755;13.1799062085993
4549;117.839538235847;63.628427124735
4550;5.39069975658276;63.2395382358445
4551;92.315387841114;95.5848124172153
4552;6.91710104285448;55.6111111111059
4553;39.3469642744567;95.6039826802953
4554;45.6985467629966;43.1499999999942
4555;5.40212843081463;25.9305555555547
4556;5.40490620859418;43.2138888888876
4557;29.7146269636032;33.0650937914033
4558;56.1222222222132;65.9305555555511
4559;5.37758414100972;23.0444444444438
4560;5.41259019499557;44.9619408480357
4561;27.9512627939148;24.9111111111124
4562;68.3728715691796;73.3861111111073
4563;12.1694444444365;105.253427124735
4564;23.2660173196964;53.440187582768
4565;45.0710228583157;55.3137950974742
4566;6.1694444444438;4.94777777777199
4567;51.8800691849719;15.6388888888869
4568;25.8805555555446;35.4111111111124
4569;41.8910173197;14.8722222222314
4570;15.0049062085891;35.8666666666686
4571;108.813713349518;25.0666666666693
4572;63.2226711959192;75.8499999999949
4573;78.8299062085825;25.7466666666587
4574;81.627683986364;34.4311111110983
4575;42.0907726632795;33.1012049025085
4576;7.07157287526206;55.7462049025089
4577;72.675276122678;25.0567604580719
4578;63.131385292425;34.8894444444304
4579;6.95735324158522;5.57342712472746
4580;51.5134652798479;44.0722222222139
4581;6.97326348045681;35.4005555555486
4582;81.2710394017668;3.0444444444438
4583;53.1499062085823;43.1256493469555
4584;6.18490620858574;35.2862049025243
4585;5.4038090691829;53.1577777777711
4586;54.6356612849886;35.6377777777707
4587;12.0443344884152;25.4666666666562
4588;59.5745484727559;3.03333333333649
4589;7.23888888889269;3.0444444444438
4590;16.1770348276259;105.89509379138
4591;89.1009526781199;93.3549999999886
4592;6.88639248533582;54.9272222222025
4593;6.81111111111022;4.89722222221098
4594;6.80844589429034;105.50287156917
4595;5.375;55.5194444444278
4596;142.296684318517;116.502222222192
4597;5.37760210803754;23.0638888888934
4598;5.59790245864497;24.8673160136386
4599;34.1867170608202;33.4472222222066
4600;7.70833333333212;55.5555555555547
4601;17.1767856418883;53.1993506530162
4602;6.83398268030942;43.2666666666664
4603;5.45000000000073;33.1715728752533
4604;6.96133156966243;43.0927777777979
4605;15.6299062085818;73.1038888888979
4606;12.2201278303946;54.9361111111066
4607;36.444444444438;15.0833333333285
4608;5.4137084988979;23.0400000000191
4609;5.38206971675754;24.5653679727293
4610;5.375;43.297222222227
4611;5.38333333333503;43.1777777777752
4612;36.8861111111;83.2249999999985
4613;44.6805555555475;35.7194444444431
4614;26.3933333333152;25.5276839863618
4615;6.8388888888876;34.4749062085866
4616;55.1361089406491;4.75620490252186
4617;52.1833333333307;35.8572222221956
4618;62.9498124171878;95.472222222219
4619;16.1638888888883;35.4377777777554
4620;12.0455555555709;35.5460173196734
4621;28.6711111110926;25.4361111111066
4622;34.8823119717963;24.6112049025214
4623;96.4298124171655;5.52018758282793
4624;13.4545995672161;25.4340764717163
4625;77.3723877180455;24.044538235863
4626;94.5664781167434;65.598795097445
4627;6.7636736145505;13.0888888888876
4628;87.183333333327;33.2865728752367
4629;106.73769374907;23.1554617641305
4630;6.80761378584793;55.5110173196845
4631;37.5849999999846;24.8393506530083
4632;31.5465621175754;35.0665728752429
4633;17.6514431891956;25.5118542495075
4634;6.89509379141964;35.3749062085699
4635;94.7521284308095;35.9159235282605
4636;24.7876106486619;15.1812049025211
4637;29.1199498575406;35.5415728752378
4638;19.0512049025056;45.9832395419071
4639;58.1133409195827;25.013888888876
4640;6.91364424155836;33.1361111111073
4641;6.84416573973795;43.2588888888822
4642;6.78416307019506;13.0256493469606
4643;60.1578713882409;65.2361111111059
4644;6.99036797271765;43.3887950974713
4645;5.41944444443288;63.4088888888764
4646;5.41731601364154;43.3450937913985
4647;6.91398268030389;33.1084271247419
4648;6.86919029208366;13.0549062085847
4649;9.46036797272973;35.6027777777745
4650;5.41645297114519;53.1478715691846
4651;12.3639826802973;33.2784271247474
4652;6.9056493469725;15.3555555555504
4653;7.08917662681415;54.4000937913988
4654;9.2978715691861;23.1138888888818
4655;5.375;33.1207431383773
4656;5.42287156919701;5.4764790838417
4657;6.82500000000437;3.0444444444438
4658;12.5972222222299;25.0756493469562
4659;6.96984252126276;25.0722222222248
4660;27.0620087531242;83.3492640545228
4661;5.41666666666788;33.0993506530212
4662;33.1306493469601;45.7222222222081
4663;11.7305555555577;54.3019480408984
4664;28.973520916159;3.0403679727242
4665;6.18953823584889;35.1222222222132
4666;6.24767679356592;113.219444444414
4667;6.93077157183143;33.0562049025284
4668;16.8812049025291;105.089632027259
4669;6.88055555555547;13.0861111111117
4670;15.1130543449945;13.0888888888876
4671;6.92990620858836;63.3841630702009
4672;6.88782784234718;93.2361111111059
4673;24.5652154672753;5.25740980504997
4674;5.41388888889196;43.163239541911
4675;53.5628753112214;43.4033333333246
4676;76.5048676439364;24.6542568616169
4677;76.0894444444421;35.4911111111142
4678;40.6592176357844;45.4398124171639
4679;34.6191532760604;45.2944444444438
4680;90.3768542494763;43.2555555555518
4681;5.4241817553193;56.1493506530242
4682;33.6271284308023;54.6077777777718
4683;16.5506493469657;63.2173160136335
4684;6.7660173196964;74.8571284308018
4685;91.5398681900842;126.52647908383
4686;5.4175901949493;55.6645382358511
4687;57.4647186257534;73.222871569189
4688;8.46617305460677;45.5410173196869
4689;5.375;5.38333333333139
4690;44.3052828052532;83.2666666666628
4691;27.7115856616692;25.6138888888818
4692;96.8147186257411;13.0812049025371
4693;27.317316013643;33.0444444444438
4694;6.91046176414602;73.3638888888818
4695;152.336308456644;45.9826839863563
4696;138.820363224884;35.4576839863548
4697;100.326110792183;45.3215728752439
4698;6.88823954190593;14.6124098050495
4699;49.524813316777;45.7625901949468
4700;47.8504161708042;5.50064934697002
4701;35.4076942572465;15.4534271247503
4702;6.75537988581345;5.37647908383951
4703;27.1853041149843;25.5138888888869
4704;6.7944444444438;25.6790764717152
4705;44.9799062085913;75.6173160136386
4706;176.896572875237;3.0444444444438
4707;19.8108242686794;33.128427124735
4708;117.688311140737;35.101298693935
4709;6.76111111111095;5.27222222221826
4710;45.9197329117815;33.2583333333314
4711;51.1194440141589;35.7361111111059
4712;7.27629869393058;3.03888888888105
4713;7.28152458873956;45.2277777777708
4714;5.38237880693487;43.1805555555511
4715;21.6748419597025;23.0722222222248
4716;27.8284271247358;83.440836929778
4717;27.0726001770236;4.30342712474157
4718;26.2843431201763;33.4005555555486
4719;5.42499999999927;13.0784271247467
4720;5.39166666667006;13.0444444444438
4721;6.1972222222139;85.4284271247379
4722;38.7861111111015;25.5887950974648
4723;72.0562049025102;76.0338888888691
4724;5.42637903984723;85.1256493469627
4725;5.38388888887857;13.0049062085818
4726;5.40823954191364;33.0984199319973
4727;6.79499999998734;15.1167604580842
4728;20.7144444444311;43.2646320272761
4729;6.92940912093763;23.0472222222161
4730;6.79869222519119;43.0388888888883
4731;42.1228715691868;63.2362049025287
4732;35.7971284307969;25.4277777777716
4733;6.89722222222554;45.7117604580781
4734;6.875;33.3145382358525
4735;105.051259019092;45.2339826803
4736;12.2312049025277;5.32564934697439
4737;38.522595944738;45.2283333333253
4738;25.3863582063277;93.3000937914076
4739;17.3722222222241;34.9888888888818
4740;33.3748077756063;33.2250000000022
4741;11.0049062085818;45.9382395419052
4742;47.2260687485104;25.325000000008
4743;13.6449999999932;54.939444444426
4744;6.80222140975457;65.8427777777579
4745;36.9783333333289;43.7399999999834
4746;5.38008587298464;95.6927777777491
4747;61.7950253130584;96.1005555555312
4748;44.8583632604132;5.46490620859913
4749;41.4719709520505;35.3755555555326
4750;6.92806956491404;33.0183333333443
4751;82.969636836955;84.3366666666443
4752;6.78953823585834;23.0916666666635
4753;6.20944444443012;65.3361111111117
4754;54.5185787092269;25.1212049025053
4755;32.0282208552853;45.207128430804
4756;53.7289647185571;63.7844444444236
4757;58.5428715691778;55.8978715691846
4758;6.99509379141455;55.7449062085943
4759;29.1100000000115;35.7771284308037
4760;12.9977085637765;83.5326839863592
4761;41.0653889048735;45.6065728752619
4762;18.7757862371473;4.13333333333139
4763;35.8784864447771;45.6961111111268
4764;16.7553319466278;35.6676839863794
4765;71.2050752991563;25.7694444444387
4766;52.9507540314371;14.9906493469534
4767;32.8714429225729;5.71055555556813
4768;47.2555555555518;55.7666666666519
4769;6.87474864975593;23.1176839863729
4770;17.0392568616262;54.8499999999949
4771;6.78059381253843;15.6472222222219
4772;41.7592933413034;76.2350000000079
4773;53.881664558292;33.1388888888832
4774;5.375;33.2204617641546
4775;5.38833333334333;13.1027777777745
4776;6.78120490252331;46.0466666666653
4777;11.5241551682811;43.0923160136299
4778;6.77483573289646;75.7787950974707
4779;7.23611111111313;3.00898268029778
4780;20.6027777777817;13.0444444444438
4781;37.2805555555569;13.0444444444438
4782;5.37777777777956;33.0361111111015
4783;15.5777777777694;33.2472222222241
4784;5.40833333332557;45.2400937914135
4785;23.8238888888955;46.173520916167
4786;5.375;13.1151875828255
4787;5.3903099901836;15.0833333333248
4788;6.83925686162911;75.1534271247365
4789;28.6228422058739;15.0555555555511
4790;6.78120490251604;33.0874098050444
4791;6.75277777777592;85.533982680281
4792;6.80147908384242;93.5166666666519
4793;26.9194444444329;53.1437950974723
4794;5.39722222222917;13.1153451997525
4795;38.9687950974767;13.0985436891242
4796;6.78611111112332;5.43120490250658
4797;5.43676045807297;24.9617832310614
4798;6.94099454671959;25.8450937914095
4799;20.7993278800459;105.9359945467
4800;23.8053951946058;34.1115656825277
4801;6.88333333333139;103.183333333327
4802;16.2581763762064;23.0444444444438
4803;18.6756750755994;73.2062049025117
4804;6.79935065303653;53.2006493469635
4805;6.8305555555562;5.65632146692224
4806;5.37777777777592;15.2944444444402
4807;5.41746465769393;15.0416666666642
4808;5.37831056034338;3.0361111111124
4809;19.7015728752667;43.2235209161554
4810;132.609144828086;3.0444444444438
4811;14.0361111111051;43.2400937914135
4812;34.6359945467157;46.183333333327
4813;6.95574574399507;53.395210355804
4814;58.7754405961277;73.2463924853364
4815;63.2052917419569;35.3055555555511
4816;6.95292869739569;43.1284271247423
4817;6.83185424949261;25.6617604580679
4818;43.384055060993;43.4895382358591
4819;12.472222222219;3.0444444444438
4820;11.5076172343943;33.0762986939299
4821;6.90277777777737;23.0527777777752
4822;6.48333333333721;33.0666666666621
4823;19.9666666666635;65.2818542494861
4824;91.8774481192122;35.3499999999985
4825;6.24379509748178;13.0465728752606
4826;6.87453105841996;3.01111111110731
4827;6.84398987302484;35.3687950974745
4828;62.6589826802956;33.0444444444438
4829;5.41594436737432;66.377777777765
4830;14.0220707717635;35.6027777777817
4831;6.94566952652531;103.711111111104
4832;40.292316013627;3.00490620858909
4833;37.8562049025131;45.3916666666664
4834;38.0792484648373;44.9722222222226
4835;5.37777777778683;23.0166666666737
4836;19.8598124171658;45.6699062085863
4837;6.23611111111313;75.5916666666599
4838;9.49115657505172;13.1138888888818
4839;27.5284271247438;55.7277777777817
4840;6.90019477553869;45.5838888888829
4841;99.2609489187853;55.9690764717016
4842;33.6776441114562;55.5505555555465
4843;40.882683986365;55.0884271247305
4844;23.8499999999985;55.8027777777825
4845;23.0754617641469;65.8194444444453
4846;56.3658489663176;65.1077777777646
4847;19.1194444444445;66.0727777777684
4848;6.79256174631882;43.3700937914109
4849;6.77888888887537;5.61111111111313
4850;37.1195727897793;25.4150937914055
4851;89.2233333333315;53.218239541915
4852;43.2002976077856;23.0533333333224
4853;14.6716666666689;55.5611111111066
4854;5.39422398588795;53.4151875828102
4855;5.375;13.0533333333296
4856;25.2589826802905;3.00157287525508
4857;42.5062049025109;43.1024098050366
4858;5.41804427239913;64.9329653605892
4859;48.9120687701434;55.3484271247398
4860;22.5861111111117;45.4661111111309
4861;11.6738030428096;55.7972222222124
4862;6.92590780296814;35.689444444437
4863;60.1693525650044;13.0659307211681
4864;6.17398268029137;55.0543506530521
4865;18.7088888888793;83.2012049025143
4866;7.03089215154978;15.3128715691637
4867;37.8484271247435;25.7562049025219
4868;28.5126839863842;25.4510173197159
4869;5.44166666666206;23.1722222222197
4870;59.4286275015475;55.7487950974792
4871;57.5089826802941;35.7525035964645
4872;6.91907647168773;64.5399062085999
4873;46.8341334638244;33.131572875267
4874;10.8277777777803;44.9843506530488
4875;46.8774812439369;83.2871284308312
4876;54.5262931288089;5.26471862576
4877;6.875;15.0385209161432
4878;9.1432395419215;43.0899062085955
4879;6.80191350675159;75.8199999999924
4880;6.80685424949479;33.1349062085901
4881;44.2168832060452;55.8590764717301
4882;69.1784382041078;35.5895382358576
4883;14.3405555555692;3.0444444444438
4884;45.6560173196704;85.8200937913971
4885;82.3488888889005;13.4866666666567
4886;29.2465374783897;14.5499999999993
4887;6.83368847015663;53.1916666666621
4888;60.640488985995;23.0888888888876
4889;48.6395138320331;5.06166666666104
4890;5.41965493840689;5.61666666666861
4891;8.28055555556057;55.8450937914095
4892;6.90378380175025;43.3916666666628
4893;5.37761558718921;35.4272222222316
4894;6.79722222221972;45.2134271247596
4895;59.7514112491262;64.8312049025153
4896;6.95314103036799;15.597222222219
4897;11.8087878262086;65.7011111110878
4898;107.195322976258;95.8751875828348
4899;24.1149999999798;24.8470346393733
4900;26.4964557112617;53.1138888888781
4901;33.7862615989761;45.5700937914044
4902;83.4396940891056;23.2328715692056
4903;6.89166666666279;3.0444444444438
4904;97.4713413286554;45.2946320272786
4905;28.5696542877959;75.4544444444582
4906;39.1474690143259;75.1529653606194
4907;61.4951285081006;65.7999999999884
4908;6.79743271618645;73.1138888888781
4909;25.163888888881;53.1756493469657
4910;65.1950937914007;15.5361111111051
4911;21.479906208584;13.1555555555569
4912;20.9359235282573;15.7861111111088
4913;6.88592352825799;45.1474098050676
4914;30.2604967838633;55.0884271247669
4915;68.3462986939812;55.3217604581005
4916;6.80532297365426;35.7198124171446
4917;5.375;5.38666666665813
4918;80.6157431384199;14.9496320272956
4919;20.8194444444453;43.3114790838081
4920;38.0756420031503;45.4587950974601
4921;10.2807832140206;35.7133333333368
4922;38.6505555555486;76.087316013618
4923;26.7838888888873;46.1524964034943
4924;82.6354567703784;3.02575752402117
4925;34.6467392636805;23.0876696007326
4926;5.39574313838239;35.4029509749998
4927;6.81092352827545;3.04001438559862
4928;43.7005555555406;75.577857183569
4929;77.6136843769127;43.327777777773
4930;5.4193362673941;23.0611111111066
4931;5.40822515628315;34.9689682946992
4932;25.9809235282446;45.8748918229394
4933;58.2913852923812;45.4890620861079
4934;6.1694444444438;5.68333333333067
4935;20.4748918229452;33.0527777777752
4936;26.5011196366249;35.6500000000051
4937;6.78981961013415;64.4973954194393
4938;73.4026696007204;34.4700937914095
4939;20.89933626739;34.9784271247408
4940;6.79499999999098;14.7604617641409
4941;47.0548217670548;25.5395382358474
4942;6.97173752362869;44.7583333333205
4943;44.5336448705639;63.2105555555572
4944;52.9715586191669;53.2534271247314
4945;5.39231601362917;53.0931457505067
4946;39.0018683904418;13.0403679727351
4947;80.7439571749273;55.1854617641329
4948;68.6356430202213;3.0444444444438
4949;5.41291985570206;3.7993506530438
4950;6.75277777777956;3.0444444444438
4951;52.128427124735;3.01176045806278
4952;54.4257588554137;65.5277777777592
4953;6.875;25.7534271247314
4954;19.9416666666621;33.1437950974832
4955;6.96111111111168;123.799242475961
4956;5.3916666666737;44.9666666666526
4957;6.88888888887595;3.01666666667734
4958;6.91046176414602;15.0944444444285
4959;6.78055555556421;23.1333333333314
4960;5.44509379139345;56.1305555555555
4961;38.8258337893276;35.0972222221972
4962;16.87435065303;43.086111111108
4963;6.92712843080881;93.2500000000109
4964;25.87074313837;35.888888888876
4965;52.1083333333299;45.1145382358482
4966;6.96944444443943;5.54787156920065
4967;16.3304397266329;25.0006493469227
4968;6.98361051756729;23.6722222222197
4969;6.90892893511045;83.342316013619
4970;24.8963216051234;33.0339826803065
4971;58.5521699901692;64.8985209161401
4972;6.90342712470374;25.4194444444802
4973;44.3916666666591;64.5895382358685
4974;30.6333333333314;63.1471284308245
4975;6.87197095206648;15.2771284307964
4976;15.8638573526223;53.1423160136437
4977;17.8809197861992;63.192316013643
4978;8.17842712475613;54.9562049025299
4979;34.7555555555555;3.0444444444438
4980;6.78120490253423;43.3944444444387
4981;6.81811204150654;15.057683986357
4982;23.7978715691861;3.00490620858545
4983;6.79657287525333;33.2660173196782
4984;31.243013184514;33.1305555555555
4985;6.83024831159855;36.0076839863614
4986;6.9243506530147;53.1472222222073
4987;5.39722222221826;43.0784271247539
4988;75.6312049025255;43.319444444438
4989;5.38398268030141;5.58398268031669
4990;75.3256493469744;23.248520916175
4991;47.1089826802563;45.2423160136459
4992;37.183982680257;23.0950937914095
4993;10.1526246719077;55.4491702631276
4994;6.79036797270601;55.213708498999
4995;40.8707431383955;45.3137084990049
4996;6.75277777777592;34.8375901949439
4997;41.6969334658825;3.0444444444438
4998;9.17237705898515;3.03546176413511
4999;5.37777777777956;13.2083333333248
5000;5.375;84.9241702631225
5001;7.05929215560536;53.6852813742407
5002;5.4497859320727;43.2062049025226
5003;93.587678928292;3.54999999999927
5004;52.9980334194915;3.02499999999418
5005;44.1004795332119;25.8243506530234
5006;6.75277777777592;85.1547258186729
5007;6.93120490252841;53.1206493469545
5008;10.1888888888825;35.0012049025208
5009;42.0235296241044;3.0444444444438
5010;6.88611111110731;43.0317604580669
5011;47.3916666666628;23.2289826802953
5012;17.7166666666635;73.4490764717011
5013;5.375;15.1099062085923
5014;64.5104617641264;96.158708498966
5015;32.1491702631138;93.2873160136223
5016;5.37868224941121;93.1067604580749
5017;6.75528433284126;45.3595382358471
5018;6.78648627674556;43.2262049025121
5019;12.0016271943459;24.8166666666584
5020;48.5067604580763;14.7194444444503
5021;58.0734271247347;3.02499999999418
5022;89.6266912730935;25.0994444444514
5023;88.8817604580581;53.2944444444438
5024;5.40000000000873;23.3222222222103
5025;17.7222222222226;13.2027777777803
5026;6.8136376187249;23.1166666666613
5027;5.4275573192208;25.6749999999956
5028;6.76323954192048;45.3527777777708
5029;76.0476568595259;35.2901875828247
5030;5.375;95.4645382358394
5031;11.4724798387069;43.7722222222146
5032;5.40222222221928;53.2395382358482
5033;71.9870930616416;55.0944444444394
5034;31.9354617641402;25.5978715691854
5035;6.79722222222335;65.2278715691828
5036;5.40555555555329;73.152222222212
5037;39.2694444444387;45.9195382358557
5038;39.3416666666635;3.03611111111604
5039;136.212475154527;25.2972222222234
5040;35.2442697120532;3.03620490251706
5041;45.0253272440095;24.9589826802985
5042;5.375;36.0826839863621
5043;6.88611111111095;83.281204902516
5044;11.684836739485;25.8034271247379
5045;5.37876456878439;33.0866666666589
5046;79.0307457439776;35.850555555553
5047;79.0617604580657;33.1361111111073
5048;39.8523863871778;15.5646320272645
5049;9.55540264136653;5.57287156919483
5050;5.38323954191583;13.0444444444438
5051;177.62064934694;33.0444444444438
5052;64.471572875249;24.7894444444355
5053;6.77787156918566;55.7299062085876
5054;16.3470293602695;23.1380591520174
5055;6.75741450872738;24.5764790838402
5056;26.2512049025172;5.54944444445573
5057;34.4284271247452;15.0716666666667
5058;31.5588888888888;13.1049062085804
5059;6.99330270763312;43.2431457505045
5060;28.8860173196917;3.0444444444438
5061;6.95251363262651;84.8397186257607
5062;55.7832292130624;44.9277777777716
5063;123.52562587088;5.21453823585398
5064;33.9855574524772;56.1715728752461
5065;6.96772394521031;23.0715728752439
5066;24.3068542494912;33.1514790838264
5067;5.41082520462078;33.0805555555344
5068;5.4153679727242;3.0444444444438
5069;8.28676045807879;64.6805555555511
5070;139.205630630619;23.0972222222081
5071;6.93102138524409;65.763888888876
5072;6.90342712474012;23.0283333333246
5073;5.38611111110731;3.02157287525915
5074;60.9362727372281;73.4181457504892
5075;6.76645259874203;43.2333333333372
5076;24.3660173196913;43.1527777777701
5077;79.9183920457654;34.170923528276
5078;6.89509379140873;4.91323954192194
5079;5.39984195970828;23.121666666666
5080;20.7147186257571;33.0726767935303
5081;6.79157287525595;3.00620490252186
5082;5.37752650762195;34.5233261404974
5083;62.588888888873;33.0172222222136
5084;28.6874098050503;3.0444444444438
5085;6.92667550839542;64.9499999999935
5086;6.87712843080953;13.1806493469667
5087;6.8812049025255;33.3055555555511
5088;5.38120490252186;43.2027777777766
5089;7.56711866809565;5.0888888888876
5090;6.97678049922615;24.4083333333401
5091;6.88388169605969;65.444444444438
5092;5.40842712474114;33.0615656824302
5093;35.8253980768059;13.0493506530293
5094;43.6089826802963;63.3199999999924
5095;33.145093791416;3.03620490253161
5096;6.82582973686658;33.328427124743
5097;51.8026839863487;13.2950937914102
5098;15.2054617641297;75.6549062085796
5099;5.42620490252011;13.0444444444438
5100;5.375;33.1710173197025
5101;39.0527219922878;43.3695382358637
5102;60.4986068773942;15.14777777778
5103;6.89398987312597;23.1499999999942
5104;8.24787156919047;25.5493506530256
5105;7.00277777777228;63.7543506530346
5106;10.24935065303;35.3944444444387
5107;10.4277777777752;45.6166666666577
5108;13.9789826802953;75.1049999999959
5109;6.91823954192296;53.5160173196891
5110;41.1700937914175;33.1125901949417
5111;6.8653679727322;75.043239541923
5112;5.39502359089238;45.0904617641427
5113;35.4018840891076;15.5777777777766
5114;55.8104617641366;43.3249999999898
5115;6.83611111111168;5.14036797272638
5116;6.82222222222481;33.222222222219
5117;76.5190126317211;34.8617604580613
5118;28.5540764717116;25.4805555555613
5119;68.985461764114;3.0444444444438
5120;38.3844919019793;35.7042568616089
5121;6.78243271619795;23.0410173197088
5122;27.3425043507705;64.6583333333256
5123;5.375;33.4083333333256
5124;5.42712843080881;54.8312049025335
5125;5.40342712472921;15.1083333333336
5126;5.43308274685114;53.2361111111022
5127;5.4194444444438;83.2589826802905
5128;6.80232267090832;33.5249999999869
5129;9.5839826802985;33.0555555555402
5130;29.3416666666599;33.1499999999796
5131;5.39984689413177;63.4194444444292
5132;11.738239541919;43.3589826802854
5133;22.0054036484325;13.097222222219
5134;6.75277777778319;45.3722222222023
5135;21.003121642414;14.6672222222369
5136;5.375;53.4722222222008
5137;29.5194444444278;24.8756493469664
5138;67.5354617641315;13.2639826803243
5139;6.75591704718317;5.80990620858938
5140;30.8583333333117;4.56268398636894
5141;57.6076839863563;43.2694444444387
5142;39.5361111110869;53.1762986939393
5143;34.6621632882816;65.1173160136386
5144;6.28814575048818;45.0818542494999
5145;45.39287156918;35.6605555555616
5146;63.4053829622499;75.9978715691977
5147;16.4394444444442;35.1949999999779
5148;5.44879509747625;43.1399999999703
5149;38.633982680316;43.104906208584
5150;18.9105121728608;83.2395382358663
5151;6.95370582945179;43.2832395419027
5152;28.5626595876602;43.188701306015
5153;6.7861111111124;45.0367604580715
5154;39.6335787486423;65.2695382358688
5155;12.6660173196979;33.1657431383719
5156;6.87777777777592;23.1534271247401
5157;49.916666666657;35.1261111110653
5158;114.786930490289;43.2106493470019
5159;46.400521004467;43.9145382358583
5160;68.5074098050536;53.3811111110663
5161;6.84009379140844;93.3706493469363
5162;6.91005127434255;3.01990620867218
5163;6.87453823589021;75.9117604580715
5164;22.0573160135937;23.2356493469997
5165;27.4267666413143;55.2921284308904
5166;6.82393553800648;53.1022222222527
5167;105.960734549913;43.938607514694
5168;6.8960173197047;63.6899062086268
5169;6.93342712475351;95.0642568616604
5170;118.301111111068;13.0888888888876
5171;6.76360751469838;14.9555555555562
5172;43.3458664859245;23.1111111111059
5173;5.40357811994545;23.0188888889206
5174;5.50666666671168;45.0678715692738
5175;66.1900000000751;35.2749999999942
5176;21.1699062086664;53.069444444438
5177;9.64509379140873;35.222222222219
5178;61.1683103301657;23.1283333333231
5179;5.40558076695379;14.9971284308012
5180;18.4525265076227;3.04277777776588
5181;119.236204902551;55.6916666666621
5182;30.9611111111008;35.0839826803021
5183;20.0299062085833;25.9173160136343
5184;102.329878544067;55.4506493469598
5185;6.78873842729809;55.7993506530293
5186;21.8771284308095;44.4249999999956
5187;23.5549062085884;45.2700937914051
5188;6.81099644294954;43.1888888888789
5189;6.23611111111313;25.8534271247408
5190;38.1472222222183;44.5479653606017
5191;22.2533333333304;35.2383333333419
5192;8.76999999998952;93.5027777777796
5193;35.7115091879205;43.1166666666686
5194;44.5944444444431;45.0756493469635
5195;5.375;93.3300937914173
5196;8.51970373167205;3.0444444444438
5197;22.2514153965203;53.2777777777774
5198;5.42009379141018;23.231204902524
5199;24.0671252107932;45.6088888888771
5200;42.9835528498479;75.7512049025099
5201;11.3542568616249;73.1784271247489
5202;6.21944444444671;35.1527777777701
5203;5.45277319964225;3.0444444444438
5204;93.7999181216728;63.2027777777694
5205;38.9423160136284;65.9978715691832
5206;6.77500000000509;33.1138888888781
5207;6.77703144320185;35.0728715691912
5208;53.3312049025153;5.3388888888876
5209;12.4333333333343;34.9805555555504
5210;55.1867604580766;95.6423160136219
5211;32.6388888888869;3.01879509747232
5212;21.1024938531737;5.21666666666351
5213;48.0673160136284;45.3416666666635
5214;6.17499999999563;55.4222222222088
5215;6.85963202726998;23.1202741813031
5216;56.5230519590841;25.5864718910343
5217;5.40813096857164;5.13203463938771
5218;66.7916666666533;23.1333333333314
5219;7.06572958175821;23.1031385576971
5220;6.90833333333649;43.0749999999825
5221;5.41999999998734;13.0583333333307
5222;57.6569122285291;25.5194444444496
5223;74.3444444444249;34.3661111111032
5224;107.626386595795;34.6749999999847
5225;5.375;105.496572875236
5226;12.7434343175446;14.319444444438
5227;6.75554683400696;13.0444444444438
5228;11.2750000000051;15.3141774559153
5229;5.37777777777592;33.1215728752541
5230;85.8083333333052;23.1055555555504
5231;46.1538042858047;33.0771284308066
5232;28.4861111110913;43.1527777777737
5233;77.355916335473;45.4826839863636
5234;5.375;5.72842712474448
5235;5.375;53.550649346962
5236;6.79063937938554;35.4666666666635
5237;13.7121179929891;33.2762986939269
5238;6.95506918497995;75.4262986939248
5239;18.2702383130418;35.5104617641446
5240;20.4777777777745;43.347222222219
5241;6.75533938607987;23.0805555555526
5242;5.40342712474376;4.78888888889196
5243;9.79722222221608;14.7965728752533
5244;5.41666666667152;35.6722222222088
5245;5.40426418471543;45.7874098050415
5246;47.9634974896799;33.4207431383584
5247;7.21696374877865;53.0867604580671
5248;34.7898578403438;34.6395382358423
5249;75.0225722488394;23.1034271247445
5250;30.7562049025109;15.7583333333314
5251;35.3348124171753;63.2790764716956
5252;5.375;35.7423160136314
5253;25.0482409850556;63.3833333333168
5254;37.5650477150266;4.84722222221899
5255;5.41236973639752;3.01944444444962
5256;48.8784271247387;25.7611111111073
5257;33.0874098050335;33.1222222222277
5258;5.398450035922;33.090367972738
5259;28.5534271247343;43.1431457505132
5260;46.6469422911287;25.3499999999949
5261;9.87222222223863;45.3638888888781
5262;6.78055555554965;33.3083333333307
5263;7.32284984397847;3.0444444444438
5264;21.3993679026316;54.6999999999935
5265;8.33888888888396;63.2068542494781
5266;25.804256861622;3.040187582832
5267;23.6830820631694;35.4624098050444
5268;6.88268398635046;33.206854249489
5269;6.93014851303087;3.00277777777956
5270;23.4277777777679;15.5098124171673
5271;40.1371448132049;65.7645382358387
5272;6.94101731968476;24.8527777777745
5273;58.2280577088532;35.2722222222183
5274;8.33479318095851;13.1333333333314
5275;24.7790764717138;45.932034639387
5276;6.91388888888832;105.369444444423
5277;8.24787156919047;63.2861111111015
5278;47.7718528063342;35.5472222222197
5279;9.79296536060792;13.0160173196891
5280;9.80833333333067;33.1936147075758
5281;6.90074313838704;55.1929653605985
5282;5.40555555554965;14.9546176415861
5283;5.41798724645923;43.2478715691905
5284;9.73888888888905;14.6882395419198
5285;5.375;65.3104617641329
5286;33.3700937914109;53.1173160136241
5287;24.2527777777686;25.695093791408
5288;21.9374510687485;23.1900794057328
5289;28.8034271247416;56.0456493469501
5290;6.19444444444525;83.2222222222117
5291;8.42564934696202;24.9617604580708
5292;20.2742377557661;35.2452885669882
5293;27.4972222222204;53.1472222222219
5294;6.9370490250767;23.125
5295;6.78462605144887;23.269444444446
5296;12.9743506530249;25.893701306064
5297;9.63611111111095;23.0570346393943
5298;37.5447241895818;35.1694444444402
5299;5.40326414835727;43.3111111111029
5300;5.4173160136379;25.3959235282746
5301;62.1374098050437;34.9847186257466
5302;38.5693130638974;63.9221284307896
5303;5.40590248690569;25.7666666666701
5304;44.4081558502439;5.56601731970295
5305;22.6088456575235;15.4393506530214
5306;8.11731601364227;43.1117604580795
5307;6.77222222222554;43.3950937913978
5308;37.9863550290866;33.0812049025153
5309;11.0916666666635;35.4964790838276
5310;21.4254331774973;55.6575901949327
5311;5.4269783544114;55.638888888876
5312;92.1094222839165;65.3333333333248
5313;42.7999999999956;43.1083333333263
5314;63.9526967242891;33.0638888888825
5315;6.79700132023208;55.5790764717058
5316;32.2258884838884;85.4853679727094
5317;40.3886507833122;34.8999999999942
5318;50.6000625135857;35.5714790838319
5319;5.38963202727246;13.1618470565627
5320;21.0679806265289;43.2187013060575
5321;5.3944444444387;23.0285137232313
5322;6.84018758283128;23.2972222222197
5323;5.42629869394295;55.4986147075688
5324;101.119350653011;23.1625035964571
5325;95.2298124171575;53.2937013060618
5326;22.2075901949502;23.2486147075651
5327;6.88888888888687;15.0631457505078
5328;9.08960905349522;3.00009379141193
5329;44.8027777777679;15.784523850205
5330;5.46440185765823;35.4687084989891
5331;14.5424098050462;33.8299999999981
5332;5.41805915201257;15.159523850205
5333;16.3160881148251;33.1255411699021
5334;53.0694444444307;33.1013852924298
5335;27.4194444444474;35.8575901949516
5336;5.38944444444132;13.0888888888876
5337;25.2116916595551;23.1068398638381
5338;35.0482151136093;45.3187013060633
5339;7.0112465045604;34.8305555555562
5340;17.6131313648584;33.0846176416089
5341;5.45096625042424;56.2650794057517
5342;17.6089826803072;34.8583333333372
5343;40.6297114330264;34.7262843082754
5344;34.2159235282888;23.1138888888927
5345;33.2424670355867;65.3833333333205
5346;31.3913780996918;55.1262843082768
5347;5.38517319716993;33.1916666666584
5348;6.9638888888876;13.1222222222132
5349;5.42482433025725;44.898520916151
5350;6.79806634475608;43.3506493469613
5351;7.03084329348349;23.1346320272678
5352;9.44444444444889;3.0444444444438
5353;5.37770731553974;25.097222222219
5354;33.1339826802869;53.2623954193878
5355;65.3143434602862;53.1243506530373
5356;22.4589826803021;45.7687950974723
5357;8.26240980504372;13.0888888888876
5358;20.9583333333248;33.1222222222241
5359;5.39166666666279;14.6290764717014
5360;5.4194444444438;36.031204902516
5361;6.77499999999418;33.2673160136292
5362;6.79870130605923;56.2936147075598
5363;5.44018758282618;14.8581529434196
5364;5.38823954192048;3.03055555555693
5365;59.6722222222234;43.4423160136284
5366;89.2107634992062;23.1055555555467
5367;6.80046195237082;25.4784271247408
5368;5.375;33.0312049025197
5369;12.4408369297853;53.252777777765
5370;6.97983155122347;63.2929653605934
5371;22.57030996088;33.2055555555562
5372;22.585930721194;33.0001803899177
5373;6.94229908179477;13.0444444444438
5374;6.916355870384;45.5735209161503
5375;6.75898268029778;43.2367604580722
5376;21.8213924853371;44.5882395419212
5377;7.07564934697439;35.5333333333328
5378;56.0671356237071;23.1722222222197
5379;6.80768398636428;5.5846320272758
5380;6.77287156918828;53.3944444444387
5381;5.375;33.0923160136372
5382;6.7660173196964;34.7138888888876
5383;19.7630638721785;15.7138888888876
5384;14.1354617641337;25.6450937914124
5385;45.6806595514281;5.35620490252768
5386;59.3560959152674;83.1491702631247
5387;28.2585207279262;33.1542568616132
5388;16.0718753977635;55.6818542494912
5389;6.93725430042832;53.3715728752468
5390;35.230555555554;43.2108369297894
5391;28.9881828523612;43.2237013060512
5392;6.77647908383733;123.522871569181
5393;6.75932205619392;55.7124098050481
5394;6.19639248534804;4.63463202727507
5395;5.42595082593471;15.5985209161772
5396;42.5346320272693;86.0427849706939
5397;23.3487013060621;23.2694444444423
5398;55.3778715691915;63.1359307212006
5399;34.9333333333307;45.9275973878757
5400;43.6957232656932;15.3451875828323
5401;24.2875901949446;44.7555555555555
5402;77.3491702631254;33.2987013060665
5403;39.3560534520657;105.143795097465
5404;6.75537516565601;65.281854249497
5405;14.9686772654859;23.0062986939447
5406;12.8168258883015;65.6444444444423
5407;53.9930813977226;3.01120490252288
5408;20.847871569189;16.2388888888927
5409;5.46000546777213;33.4506493469671
5410;6.875;15.3166666666621
5411;29.6125562703273;13.0277777777701
5412;40.83152414293;65.893059152022
5413;51.3999999999978;45.1931457505052
5414;6.7867604580897;24.6749999999884
5415;6.875;75.4367604580839
5416;60.9246819490654;23.0854617641453
5417;5.49787156918683;96.2972222222088
5418;13.0306493469689;63.4888888888781
5419;5.375;33.1264790838432
5420;65.9433045673395;23.0882395419285
5421;43.9510459301637;43.1882395419198
5422;5.45898268030578;86.6202741812995
5423;17.2910173196906;13.069444444438
5424;6.79509379140291;45.2125901949512
5425;57.5999999999949;4.23333333333358
5426;14.1490913657981;45.1638888888774
5427;14.1472222222146;63.2965728752533
5428;5.375;4.33546176413074
5429;33.8698747833223;55.9333333333307
5430;5.41666666666424;35.7617604580882
5431;11.6608598409439;55.2972222222343
5432;58.2568821890854;43.0555555555657
5433;7.18333333333067;3.03740980505609
5434;6.89023994384843;43.1846320272743
5435;5.39388888888061;65.7833333333401
5436;35.5724533483262;53.1777777777752
5437;33.4365868469722;74.5617604580839
5438;15.2080820631927;44.7700937913978
5439;6.81047764057439;55.3499999999876
5440;45.9448124468072;25.4651875828167
5441;6.87777777776864;13.1234271247595
5442;47.6694444444402;15.6021284308044
5443;6.875;55.0722222222139
5444;45.8846553405056;55.280555555546
5445;52.1000000000131;65.4771284308117
5446;41.810961034691;46.0472222222088
5447;15.4172914315277;53.0833333333176
5448;6.87925686159724;45.3589826802963
5449;8.94167243685297;23.2083333333321
5450;18.622871569205;35.6604617641351
5451;5.42647908382787;43.1645382358474
5452;13.328047269868;55.3805555555409
5453;31.0613910421998;33.122222222235
5454;43.8604617641431;45.2611111111219
5455;97.8348436315791;35.5478715691825
5456;52.6498190591301;43.1083333333263
5457;6.30147908382787;35.7749999999978
5458;68.2283313428015;65.4132395418965
5459;11.3187950974716;43.2132395419176
5460;6.86175200561411;25.6916666666621
5461;27.7611111110855;13.0333333333365
5462;6.75277777777956;66.4187950974665
5463;56.0189669879001;43.3194444444416
5464;63.8011977392089;3.0444444444438
5465;42.3950937914015;35.4583333333358
5466;6.83611111110804;33.1833333333307
5467;6.2138888888876;55.4950937914218
5468;39.2085474012492;85.2867604580752
5469;49.1619846073554;25.7055555555562
5470;40.2194444444431;34.9728715691854
5471;6.93614103819345;13.0416666666752
5472;37.2580136471151;24.9200937914102
5473;6.76879509746141;44.8506493469613
5474;5.43087285435467;75.0284271247365
5475;6.19379509747159;23.1423160136255
5476;74.3501335640249;4.86944444444453
5477;7.3120463225132;33.1277777777759
5478;6.91666666667879;43.1583333333292
5479;6.7534271247423;63.489350653017
5480;6.78055555555693;53.2388888888854
5481;6.83823954192485;13.0384271247567
5482;6.79343558341861;73.1498124171594
5483;25.1314503178364;35.0055555555555
5484;31.5675082380149;13.1300937914239
5485;54.4972222222168;5.72499999999491
5486;6.94278788041265;75.5993506530285
5487;6.99444444444453;73.2660173196964
5488;5.38935065301848;23.1777777777752
5489;5.38611111110731;3.0444444444438
5490;13.0436194277354;25.6160173196949
5491;8.36268398636821;75.0666666666621
5492;16.7976839863513;45.1089826802781
5493;6.81687716063971;23.7810173196885
5494;14.5728715691912;45.2666666666555
5495;70.6062274157666;73.1816666666418
5496;6.86095800524708;73.6816666666418
5497;5.46363761872999;4.89999999999418
5498;6.80647908383617;3.02499999999418
5499;37.4493377697654;54.9894444444144
5500;6.93647908381536;43.3250937913836
5501;47.9362289144992;13.0583333333307
5502;6.7534271247423;55.6845382358188
5503;5.41666666665697;33.2855555555725
5504;6.76657287523994;45.0411111111353
5505;11.1805555555438;5.1133333333637
5506;6.80804170925694;33.0756493469562
5507;6.18944444442604;73.3055555555438
5508;5.45378265805994;23.0472222222197
5509;6.90611111108956;83.2471284307831
5510;57.947603045377;25.0999999999949
5511;5.38611111111095;83.2166666666562
5512;75.3563702017309;73.5944444444431
5513;6.97101731971634;5.37287156919047
5514;27.4188888889112;15.5227777777473
5515;6.83111111108883;53.2366666666348
5516;6.87555555553263;15.0521284308088
5517;33.6559145232277;45.6394444444159
5518;16.4272222222462;85.0415728752232
5519;79.1812049025211;15.1611111111124
5520;10.761854740831;13.188239541927
5521;92.4540647669528;35.6700937913993
5522;6.80555555555475;15.8027777777752
5523;5.38333333333139;33.839538235854
5524;85.5901442676804;73.4339826802934
5525;15.5395382358474;3.0444444444438
5526;27.1845382358188;45.6617604580752
5527;5.39999999999418;43.1478715691956
5528;7.03033743409469;85.6784271247416
5529;109.759144306412;33.2638888888832
5530;16.6847688841626;63.4478715691912
5531;42.178581729393;4.60555555555038
5532;6.97074313839039;24.7583333333314
5533;7.07500000000437;13.0000000000036
5534;76.1867604580802;55.4666666666599
5535;47.9589826803021;3.01046176413729
5536;112.84193891165;65.7555555555518
5537;5.38888888888323;104.011760458085
5538;31.9749999999949;55.6388888888796
5539;43.0268287065228;33.1333333333241
5540;5.40833333334012;5.78055555554965
5541;5.39231601364008;55.4416666666548
5542;103.358982680293;23.0222222222146
5543;8.28888888888469;23.1666666666642
5544;102.339107048516;23.0833333333321
5545;40.7777777777665;35.0784271247467
5546;5.38333333332048;35.1922222222092
5547;93.8924335349984;34.812316013642
5548;5.41666666666788;43.4539826803048
5549;6.76323954190957;93.2449999999881
5550;5.377777777765;43.097222222219
5551;86.8052976077779;23.1499999999942
5552;5.39149305555111;23.1527777777701
5553;6.93333333332703;43.125
5554;6.82777777778028;25.9694444444431
5555;20.1005555555566;5.24500000000262
5556;24.7675021533105;85.76787156918
5557;45.3305555555453;15.8617604580832
5558;107.144444444424;25.4033333333391
5559;65.1251491238399;45.061666666661
5560;31.9883333333273;43.1400937914113
5561;12.8632395419154;45.6789826802997
5562;13.9673560329429;33.1629653606033
5563;6.75555555555547;35.3617604580722
5564;62.1169709520582;34.5756493469671
5565;5.41601731968694;23.1333333333314
5566;37.6357927734171;55.6561111111114
5567;6.81166666666468;33.2305555555504
5568;46.6869135639427;43.2805555555533
5569;6.78611111110513;45.7944444444402
5570;6.89444444444598;23.471572875249
5571;17.1256493469664;35.6145382358554
5572;50.4550573279521;14.875
5573;6.79000914509743;33.2305555555686
5574;78.8054617641319;43.2589826802978
5575;5.42842712473066;35.9617604580781
5576;30.5938610511548;35.9534271247467
5577;10.972222222219;35.6833333333307
5578;7.32647908384024;35.1277777777723
5579;64.1005555555494;63.4361111111102
5580;49.777394879402;43.4012986939379
5581;30.5828378433362;93.6638888888847
5582;74.5423160136306;55.8604617641358
5583;16.5359612724751;63.1867604580802
5584;5.3944444444387;44.8465728752526
5585;80.4833246464659;43.144444444446
5586;6.82564934697075;43.0444444444329
5587;6.76796536061011;75.5083333333205
5588;5.40426383707018;53.0944444444394
5589;5.375;44.7444444444336
5590;13.9006493469715;15.6286075146381
5591;5.375;63.0743506530234
5592;5.43055555555475;43.4611111111008
5593;6.92074313837657;43.0666666666584
5594;23.431354365337;3.0444444444438
5595;5.42712689131804;4.66731601363426
5596;6.83120490252622;3.03055555555693
5597;55.8138888888825;13.0034271247459
5598;6.91851516638417;23.1444444444387
5599;43.2514790838286;33.2277777777745
5600;6.76046176414093;24.2929653606043
5601;62.3069370703779;63.1916666666584
5602;19.9312049025211;35.9638888888876
5603;6.21111111111168;3.0062049025255
5604;38.436760458073;15.0861111111117
5605;6.93612502362885;34.9700937914058
5606;9.270093791416;35.5950937914058
5607;6.91086569579056;23.0583333333343
5608;6.78888888888832;15.5472222222197
5609;52.527408361886;3.0444444444438
5610;6.79999999999927;13.0444444444438
5611;6.92009379140654;24.5923160136299
5612;43.0096320272642;43.1200937914036
5613;24.0944444444394;43.2617604580773
5614;11.7987815941378;34.7833333333256
5615;39.358656351098;63.1645382358474
5616;6.79722222221972;15.1562049025233
5617;6.88120490251822;23.0773954193646
5618;5.44509379141527;5.59444444444307
5619;15.1384348114443;55.5957431383758
5620;10.5290764717174;63.2555555555518
5621;6.77127579314401;24.8818542494882
5622;42.4861313894544;35.8070346393979
5623;8.25490620858909;3.04166666666788
5624;26.4901875828255;43.2500000000073
5625;23.6096851745242;25.481298693936
5626;14.0111111110964;43.3457431383831
5627;6.85277777777446;55.1839826802934
5628;29.8369196797103;65.0624098050248
5629;5.38037014320071;55.6179653605905
5630;6.875;35.0512986939175
5631;28.6136219003311;13.064444444437
5632;30.1679653606006;14.9811111111048
5633;6.89444444444962;45.9694444444394
5634;44.9407431383624;25.222222222219
5635;6.1972222222139;3.00222222224693
5636;50.3216621393949;63.3074098050274
5637;6.83908911448088;25.0722222222248
5638;49.2851875828019;13.2129653605771
5639;5.39543410194528;4.80055555555009
5640;7.81314642345387;53.1012986939313
5641;5.40147908385916;5.80277777777519
5642;28.6862743992751;3.04092352827865
5643;43.3501712004108;36.0916666666635
5644;26.2633333333506;23.1505555555341
5645;30.4972601459922;36.0472222222197
5646;5.42444444446664;63.2548124171808
5647;57.5194444444423;3.02842712472193
5648;5.42574313838486;14.6211111111443
5649;17.0592049986517;23.0877777778078
5650;5.39777777775453;5.25074313829828
5651;55.6866666666501;23.1744444444594
5652;35.9535399267625;25.293333333364
5653;22.8149999999659;75.7244444444586
5654;5.39518758281338;53.4146320272703
5655;62.1081629475957;65.5827777777813
5656;5.41459684842994;15.6777777777752
5657;5.38342712466329;33.1603679728032
5658;10.7277777777745;55.8999999999942
5659;19.8738888889202;64.8044444444713
5660;10.4222222222197;35.686760458073
5661;22.207134913031;23.050649346962
5662;17.1873663299921;43.2250937914177
5663;5.41974872982973;25.1367604580773
5664;41.4647113373285;33.2478715691868
5665;5.41944444444744;34.0645382358489
5666;29.3658664546965;64.0284271247365
5667;8.72695276106606;26.0194444444387
5668;32.6300000000119;24.7027777777657
5669;18.2555555555518;63.2034271247467
5670;17.4895382358591;3.02296536060749
5671;9.33222222224867;15.1617604580788
5672;48.5506493469547;23.0950937914095
5673;42.5650075673075;85.9893506529988
5674;5.40833333332557;13.1269408479639
5675;20.5971284307961;23.089538235854
5676;6.82204861111313;3.02240980506758
5677;6.96379509746475;43.2400937914026
5678;6.78055555554965;44.7992568616064
5679;6.95277777777665;75.8845382358413
5680;6.91453823585471;54.863059152005
5681;30.4271303277055;4.91999999999825
5682;23.4435073084023;3.01388888888687
5683;6.22602451265993;35.1625973878836
5684;5.375;23.0720346393755
5685;5.37861470759162;35.175649346962
5686;18.1346320272751;33.0883333332931
5687;38.8625849587152;25.0888888888876
5688;62.9506739190329;73.1985209161576
5689;7.1556493469725;23.1138888888927
5690;5.43763562456661;25.1861111111066
5691;15.9997314761968;44.819444444438
5692;16.1234271247376;14.7249999999949
5693;38.1262049025172;3.0182395419215
5694;51.3592732440084;33.0500937914039
5695;5.38848453228275;13.0111111111073
5696;20.1241770419219;45.0638888888825
5697;28.9817802921134;45.1987950974762
5698;12.8757671243875;23.045649346961
5699;40.8895489608549;3.018427124749
5700;6.89999999999782;55.6710173196952
5701;6.76554079761263;24.0772222222186
5702;5.40154006227021;3.0444444444438
5703;5.45027418132304;45.2638888888869
5704;6.95000000000073;4.97222222221535
5705;20.8498243302565;43.1923160136284
5706;6.9521284308139;53.2444444444372
5707;56.9588110996665;65.8687950974709
5708;19.2253054928442;43.4444444444343
5709;6.78000000000247;43.3478715691854
5710;7.02925735333338;23.1666666666752
5711;25.5465938796697;23.0611111111066
5712;6.80333333331873;55.4277777777679
5713;6.78823954191466;43.0466666666689
5714;6.78888888888832;24.191017319692
5715;88.9499999999862;25.4194444444474
5716;6.26731601363645;13.8555555555504
5717;29.4805555555504;76.1379653605982
5718;5.375;3.01388888888323
5719;23.542222222226;25.4490764717229
5720;6.84629869394848;43.1422222222209
5721;6.82555555555882;25.8499999999949
5722;57.8133933988793;43.2222222222117
5723;47.3944444444423;13.0944444444394
5724;6.80555555555111;53.7879653606069
5725;5.39068582115578;3.01111111111823
5726;19.198145750499;15.2265728752463
5727;5.40555555554965;33.1000000000022
5728;6.78240261210522;65.0289826803055
5729;6.83055555555256;33.2453751656685
5730;7.12015541268192;45.9787084989948
5731;11.2262049025339;33.0888888888876
5732;5.43768398635075;5.7296248343373
5733;6.875;13.0448124171671
5734;6.79537516566415;33.1222222222132
5735;30.2175973878839;23.0277777777665
5736;6.875;13.0009307212131
5737;69.9955487767729;43.2657359454315
5738;29.4485209161685;55.2212915009914
5739;40.0413924853528;43.4294300588117
5740;6.7553819444438;13.6555555555497
5741;6.875;103.484054893142
5742;51.9888888888818;33.1173882264848
5743;6.90426968288375;23.1822078366022
5744;5.38702456310784;35.1055555555504
5745;16.1598124171651;13.0544300588226
5746;5.375;75.4725758093118
5747;6.90833333332557;85.0806277683914
5748;6.97380075497858;35.4500000000007
5749;5.44999999999345;15.7710967254898
5750;117.121572875232;73.5249999999942
5751;71.9314415285226;63.1827633921457
5752;10.1710967254839;3.00833333333139
5753;109.623795097454;23.1117604580832
5754;41.2346112926534;15.7817748437119
5755;6.77860786513702;23.0494300588143
5756;6.75530428539787;55.8739970659262
5757;99.037573057547;3.0444444444438
5758;10.9822078366014;23.2099856143832
5759;5.42038505386517;75.8561111111012
5760;6.88546176414093;13.0444444444438
5761;26.9688745032581;75.3744300588151
5762;36.1966522810399;45.6983477189497
5763;5.38867391687381;26.0594588300555
5764;64.0580409395552;23.0904473785122
5765;6.79600293406838;24.9406637325992
5766;5.40638919109188;45.2734415103769
5767;12.3938888888842;15.0249999999942
5768;6.875;33.2867604580788
5769;53.7248635599244;54.9164068709833
5770;140.514094520007;13.4249999999993
5771;12.8611111111022;34.7777777777737
5772;6.91544737850563;25.0235209161583
5773;16.6361111111073;35.3025179821052
5774;24.200438523756;23.0888888888876
5775;5.55928496104752;25.3055555555511
5776;5.41363761873436;23.1292568616082
5777;5.40407647171742;25.0527777777752
5778;134.767316013626;15.1138888888927
5779;20.3805555555555;43.2247402043104
5780;8.6279285891469;44.4290764717116
5781;5.375;33.2361111111059
5782;22.2546464129045;3.0444444444438
5783;13.9589826803058;45.2361111111059
5784;5.38543497513456;13.0764790838221
5785;26.3903609340487;35.4681457504848
5786;5.375;15.272871569181
5787;35.3761577477089;35.3694444444227
5788;6.78993496587282;3.02499999999418
5789;41.2555555555555;56.367316013635
5790;9.13120490252186;53.1173160136241
5791;37.7759230837328;43.2645382358533
5792;5.43373141015036;3.01536797271547
5793;5.40707426157314;33.0993506530285
5794;52.4637285279314;23.1290764717342
5795;5.39447323400964;3.0444444444438
5796;25.7790764717174;55.1632395419037
5797;21.9032301689294;23.1125901949345
5798;6.80703463937971;33.0888888888876
5799;5.41388888888832;5.8117604580948
5800;6.77823973016712;55.676298693943
5801;6.90898268031378;56.1549062085724
5802;5.43953823586344;63.4673160136408
5803;5.38546176413729;23.1235209161678
5804;30.5354617641424;53.1687950974665
5805;17.4305555555511;23.2326839863599
5806;6.79578207662416;23.1375901949323
5807;8.75552907508973;23.2562049025219
5808;57.6333995830355;45.7709235282528
5809;5.43612693076648;35.3102813742516
5810;54.62773397399;33.1271284308023
5811;24.4250519319612;43.2388888888818
5812;5.42330647055496;13.0715728752257
5813;58.0444444444329;13.0444444444438
5814;6.75277777777592;13.1333333333314
5815;13.7076839863512;65.820274181282
5816;21.6217095537177;43.1452741813046
5817;5.38472581869428;55.5750000000007
5818;6.7637173212097;76.2161111111054
5819;5.37795816764265;93.3555555555504
5820;6.75277777777956;95.8478715691745
5821;23.5549062085847;34.7562049025109
5822;15.9111111111124;35.033982680292
5823;23.4274580915626;33.2361111111022
5824;6.77157287521914;43.1645382358765
5825;21.3851575456029;5.17777777777519
5826;20.101647097199;24.7617604580737
5827;5.40620490255242;33.1784271247307
5828;5.48863761873145;63.475649346954
5829;5.39166666666279;3.0444444444438
5830;13.8898906648865;15.1383333333324
5831;144.685561869774;103.762409805036
5832;48.6449438050404;45.6728715691825
5833;34.4228715691788;34.9083333333292
5834;34.7854617641315;55.4444444444343
5835;19.463731931759;83.9124098050306
5836;20.5470448290362;65.7117604580671
5837;31.586152539563;25.0553751656407
5838;5.375;13.0352813742466
5839;7.52074313837147;25.222222222219
5840;12.6363353144588;75.1581529434188
5841;6.8838248981192;125.597871569171
5842;81.2437950974563;54.9346320272671
5843;91.4786244702846;53.2624098050292
5844;13.2839826803065;3.0346320272547
5845;6.75277777777592;33.3160173196884
5846;5.37951736990726;63.1679653606043
5847;75.7012986939335;25.6160173197168
5848;47.1722222222124;46.0681457505016
5849;69.6506493469569;25.7583333333314
5850;9.7918701302624;45.8187950974789
5851;40.4615800681677;23.1465728752592
5852;70.1339826803051;86.1158369297955
5853;54.3692522200436;55.1480519590914
5854;31.8159477794252;45.8040764717007
5855;35.8457431383795;55.7495310429367
5856;6.94083692979257;5.22889608179685
5857;6.78725899367782;35.7472222222204
5858;5.375;53.193975487382
5859;26.9119408479855;35.5115800681633
5860;70.689786831721;43.1472222222073
5861;82.1698273427937;25.7583333333314
5862;27.1407796141284;5.72435065302852
5863;87.4251797526449;33.231204902524
5864;47.8517850645076;75.6717532651564
5865;5.375;45.6277777777759
5866;61.924350653022;15.46146469827
5867;15.2539347962556;65.252777777765
5868;61.3230519590943;15.1638888888883
5869;34.2837476980603;13.1333333333314
5870;6.76564133272041;13.1138888888891
5871;13.2823766554357;75.8560245126209
5872;78.2690246221428;43.9516738595739
5873;27.402011680635;35.2972222222197
5874;6.92388169598053;64.9913130794994
5875;6.75555555556275;13.044718625777
5876;5.38315294343556;63.1222222222132
5877;53.864044762784;33.1160173196986
5878;10.8418470565703;45.4944444444445
5879;37.7799656924362;95.7697330115989
5880;5.4071284308302;14.9111111111124
5881;8.24787156919047;93.3331529434217
5882;48.6055930737639;96.0810245126195
5883;6.20241699797043;33.0565656823273
5884;5.40750359646336;15.1232323489967
5885;5.42002815259912;55.762229415137
5886;13.7438545929253;4.4194444444438
5887;24.1248196100933;25.2121212378843
5888;42.4444444444416;53.3482323489952
5889;27.647978872752;53.1038960818041
5890;16.028246734837;5.0444444444438
5891;86.8141774560463;35.9936147075641
