#TimeStamp;PodsHandledAtIStations;PodsHandledAtOStations;ActiveIStations;ActiveOStations;IStationIdleTimes;OStationIdleTimes;IStationActiveTimes;OStationActiveTimes;IStationRequests;OStationRequests;IStationBundleBacklog;OStationItemBacklog;IStationAssignedBots;OStationAssignedBots;IStationPodsHandled;OStationPodsHandled;IStationBundlesStored;OStationItemsPicked
0;0;0;6;12;0/0,1/0,2/0,3/0,4/0,5/0;0/0,1/0,2/0,3/0,4/0,5/0,6/0,7/0,8/0,9/0,10/0,11/0;0/0,1/0,2/0,3/0,4/0,5/0;0/0,1/0,2/0,3/0,4/0,5/0,6/0,7/0,8/0,9/0,10/0,11/0;0/0,1/0,2/0,3/0,4/0,5/0;0/14,1/11,2/15,3/15,4/15,5/10,6/7,7/13,8/14,9/10,10/14,11/9;0/0,1/0,2/0,3/0,4/0,5/0;0/14,1/11,2/15,3/15,4/15,5/10,6/7,7/13,8/14,9/10,10/14,11/9;0/3,1/3,2/2,3/2,4/2,5/3;0/3,1/2,2/2,3/2,4/3,5/3,6/3,7/2,8/2,9/2,10/3,11/3;0/0,1/0,2/0,3/0,4/0,5/0;0/0,1/0,2/0,3/0,4/0,5/0,6/0,7/0,8/0,9/0,10/0,11/0;0/0,1/0,2/0,3/0,4/0,5/0;0/0,1/0,2/0,3/0,4/0,5/0,6/0,7/0,8/0,9/0,10/0,11/0
59.87;0;0;6;12;0/40.75,1/54.8,2/36.79,3/59.87,4/59.87,5/59.87;0/59.87,1/59.87,2/57.63,3/59.87,4/42.13,5/59.87,6/59.87,7/59.87,8/43.72,9/49.87,10/59.87,11/55.98;0/59.87,1/59.87,2/59.87,3/59.87,4/59.87,5/59.87;0/59.87,1/59.87,2/59.87,3/59.87,4/59.87,5/59.87,6/59.87,7/59.87,8/59.87,9/59.87,10/59.87,11/59.87;0/0,1/0,2/0,3/0,4/0,5/0;0/10,1/8,2/13,3/12,4/7,5/4,6/4,7/9,8/11,9/7,10/8,11/5;0/25,1/19,2/22,3/18,4/17,5/16;0/14,1/11,2/14,3/15,4/13,5/10,6/7,7/13,8/12,9/13,10/14,11/8;0/3,1/3,2/2,3/2,4/2,5/3;0/3,1/2,2/2,3/2,4/3,5/3,6/3,7/2,8/2,9/2,10/3,11/3;0/0,1/0,2/0,3/0,4/0,5/0;0/0,1/0,2/0,3/0,4/0,5/0,6/0,7/0,8/0,9/0,10/0,11/0;0/2,1/1,2/3,3/0,4/0,5/0;0/0,1/0,2/1,3/0,4/2,5/0,6/0,7/0,8/2,9/1,10/0,11/1
119.67;0;10;6;12;0/41.33,1/55.67,2/37.06,3/68.1,4/91.13,5/73.82;0/99.67,1/109.67,2/103.1,3/89.67,4/99.67,5/98.92,6/106.05,7/119.67,8/73.68,9/61.88,10/79.23,11/79.67;0/119.67,1/119.67,2/119.67,3/119.67,4/119.67,5/119.67;0/119.67,1/119.67,2/119.67,3/119.67,4/119.67,5/119.67,6/119.67,7/119.67,8/119.67,9/119.67,10/119.67,11/119.67;0/0,1/0,2/11,3/9,4/8,5/0;0/10,1/8,2/13,3/12,4/7,5/6,6/7,7/9,8/13,9/9,10/8,11/7;0/30,1/21,2/27,3/21,4/22,5/19;0/12,1/14,2/13,3/12,4/13,5/12,6/11,7/13,8/17,9/13,10/9,11/9;0/3,1/3,2/2,3/2,4/2,5/3;0/3,1/2,2/2,3/2,4/3,5/3,6/3,7/2,8/2,9/2,10/3,11/3;0/0,1/0,2/0,3/0,4/0,5/0;0/1,1/0,2/1,3/1,4/0,5/1,6/1,7/0,8/1,9/1,10/1,11/2;0/8,1/7,2/9,3/6,4/3,5/5;0/2,1/1,2/2,3/3,4/2,5/3,6/2,7/0,8/5,9/6,10/5,11/4
179.99;6;17;6;12;0/47.05,1/61.05,2/42.83,3/73.62,4/96.72,5/85.01;0/139.99,1/136.9,2/159.99,3/149.99,4/118.89,5/102.83,6/114.59,7/139.99,8/89.99,9/79.99,10/89.99,11/139.99;0/179.99,1/179.99,2/179.99,3/179.99,4/179.99,5/179.99;0/179.99,1/179.99,2/179.99,3/179.99,4/179.99,5/179.99,6/179.99,7/179.99,8/179.99,9/179.99,10/179.99,11/179.99;0/0,1/0,2/11,3/9,4/8,5/0;0/8,1/11,2/10,3/9,4/10,5/5,6/8,7/10,8/17,9/8,10/7,11/2;0/24,1/16,2/22,3/27,4/16,5/14;0/11,1/14,2/13,3/12,4/15,5/13,6/14,7/12,8/19,9/9,10/9,11/9;0/3,1/3,2/2,3/2,4/2,5/3;0/3,1/2,2/2,3/2,4/3,5/3,6/3,7/2,8/2,9/2,10/3,11/3;0/1,1/1,2/1,3/1,4/1,5/1;0/2,1/1,2/1,3/1,4/1,5/2,6/2,7/1,8/1,9/1,10/2,11/2;0/14,1/12,2/14,3/11,4/9,5/10;0/4,1/5,2/2,3/3,4/7,5/8,6/7,7/4,8/9,9/10,10/9,11/4
239.97;6;27;6;12;0/47.52,1/61.52,2/43.76,3/74.26,4/97.19,5/85.78;0/192.73,1/169.97,2/190.4,3/209.97,4/129.97,5/102.93,6/129.97,7/199.97,8/130.88,9/129.97,10/144.34,11/165.53;0/239.97,1/239.97,2/239.97,3/239.97,4/239.97,5/239.97;0/239.97,1/239.97,2/239.97,3/239.97,4/239.97,5/239.97,6/239.97,7/239.97,8/239.97,9/239.97,10/239.97,11/239.97;0/7,1/0,2/11,3/9,4/8,5/0;0/4,1/8,2/10,3/9,4/10,5/6,6/9,7/6,8/12,9/8,10/4,11/2;0/25,1/19,2/26,3/21,4/18,5/16;0/10,1/14,2/10,3/12,4/11,5/11,6/17,7/12,8/17,9/9,10/8,11/8;0/3,1/3,2/2,3/2,4/2,5/3;0/3,1/2,2/2,3/2,4/3,5/3,6/3,7/2,8/2,9/2,10/3,11/3;0/1,1/1,2/1,3/1,4/1,5/1;0/3,1/1,2/3,3/1,4/2,5/2,6/2,7/1,8/3,9/2,10/3,11/4;0/20,1/18,2/20,3/17,4/15,5/16;0/5,1/7,2/5,3/3,4/11,5/14,6/11,7/4,8/11,9/11,10/10,11/8
299.98;9;37;6;12;0/48.13,1/67.17,2/48.77,3/121.48,4/131.35,5/91.51;0/218.87,1/173.89,2/249.98,3/239.98,4/179.98,5/139.98,6/142.08,7/259.98,8/139.98,9/185.85,10/182.13,11/165.81;0/299.98,1/299.98,2/299.98,3/299.98,4/299.98,5/299.98;0/299.98,1/299.98,2/299.98,3/299.98,4/299.98,5/299.98,6/299.98,7/299.98,8/299.98,9/299.98,10/299.98,11/299.98;0/0,1/9,2/21,3/9,4/8,5/0;0/3,1/7,2/13,3/8,4/9,5/7,6/6,7/6,8/10,9/6,10/3,11/7;0/19,1/22,2/30,3/20,4/16,5/21;0/9,1/8,2/15,3/9,4/10,5/12,6/12,7/12,8/12,9/8,10/10,11/12;0/3,1/3,2/2,3/2,4/2,5/3;0/3,1/2,2/2,3/2,4/3,5/3,6/3,7/2,8/2,9/2,10/3,11/3;0/1,1/2,2/2,3/1,4/1,5/2;0/4,1/2,2/3,3/3,4/3,5/3,6/3,7/1,8/3,9/3,10/4,11/5;0/26,1/24,2/26,3/18,4/17,5/22;0/9,1/13,2/5,3/6,4/12,5/16,6/16,7/4,8/16,9/12,10/12,11/14
360;14;46;6;12;0/53.9,1/72.21,2/49.27,3/133.52,4/159.38,5/96.91;0/222.87,1/230,2/295.58,3/300,4/230,5/153.46,6/170,7/262.74,8/185.45,9/188.42,10/182.26,11/166.34;0/360,1/360,2/360,3/360,4/360,5/360;0/360,1/360,2/360,3/360,4/360,5/360,6/360,7/360,8/360,9/360,10/360,11/360;0/10,1/10,2/11,3/5,4/7,5/10;0/6,1/5,2/11,3/7,4/2,5/5,6/6,7/7,8/8,9/7,10/3,11/7;0/24,1/27,2/24,3/20,4/19,5/26;0/13,1/11,2/13,3/9,4/9,5/7,6/9,7/12,8/10,9/10,10/8,11/9;0/3,1/3,2/2,3/2,4/2,5/3;0/3,1/2,2/2,3/2,4/3,5/3,6/3,7/2,8/2,9/2,10/3,11/3;0/2,1/3,2/2,3/2,4/2,5/3;0/5,1/2,2/4,3/3,4/4,5/4,6/4,7/3,8/4,9/4,10/4,11/5;0/31,1/29,2/32,3/23,4/21,5/27;0/14,1/13,2/7,3/6,4/13,5/21,6/19,7/10,8/18,9/18,10/18,11/20
419.99;15;57;6;12;0/54.47,1/73.12,2/62.69,3/133.88,4/171.58,5/102.39;0/223.38,1/249.99,2/337.85,3/347.76,4/283.59,5/199.99,6/215.75,7/262.97,8/199.99,9/229.99,10/182.67,11/198.66;0/419.99,1/419.99,2/419.99,3/419.99,4/419.99,5/419.99;0/419.99,1/419.99,2/419.99,3/419.99,4/419.99,5/419.99,6/419.99,7/419.99,8/419.99,9/419.99,10/419.99,11/419.99;0/0,1/0,2/19,3/5,4/7,5/0;0/10,1/5,2/9,3/10,4/2,5/7,6/4,7/8,8/8,9/3,10/7,11/6;0/18,1/21,2/28,3/14,4/15,5/21;0/14,1/11,2/11,3/12,4/8,5/9,6/7,7/12,8/12,9/9,10/15,11/9;0/3,1/3,2/2,3/2,4/2,5/3;0/3,1/2,2/2,3/2,4/3,5/3,6/3,7/2,8/2,9/2,10/3,11/3;0/2,1/3,2/3,3/2,4/2,5/3;0/6,1/3,2/5,3/5,4/5,5/5,6/5,7/3,8/5,9/4,10/5,11/6;0/37,1/35,2/36,3/29,4/25,5/32;0/20,1/17,2/9,3/8,4/14,5/22,6/21,7/16,8/22,9/19,10/24,11/23
479.98;20;64;6;12;0/59.12,1/78.3,2/63.34,3/139.78,4/178.55,5/130.3;0/249.98,1/296.02,2/389.98,3/379.98,4/283.75,5/249.98,6/232.93,7/279.98,8/219.98,9/269.02,10/182.78,11/199.98;0/479.98,1/479.98,2/479.98,3/479.98,4/479.98,5/479.98;0/479.98,1/479.98,2/479.98,3/479.98,4/479.98,5/479.98,6/479.98,7/479.98,8/479.98,9/479.98,10/479.98,11/479.98;0/9,1/6,2/11,3/13,4/7,5/7;0/6,1/4,2/8,3/10,4/1,5/3,6/6,7/8,8/6,9/4,10/6,11/7;0/21,1/21,2/22,3/16,4/18,5/24;0/11,1/9,2/11,3/10,4/6,5/10,6/9,7/11,8/8,9/10,10/9,11/11;0/3,1/3,2/2,3/2,4/2,5/3;0/3,1/2,2/2,3/2,4/3,5/3,6/3,7/2,8/2,9/2,10/3,11/3;0/3,1/4,2/3,3/3,4/3,5/4;0/6,1/4,2/5,3/5,4/6,5/6,6/6,7/3,8/6,9/5,10/5,11/7;0/43,1/41,2/42,3/35,4/31,5/36;0/23,1/19,2/9,3/10,4/20,5/23,6/25,7/20,8/26,9/22,10/30,11/28
539.96;22;73;6;12;0/64.31,1/83.12,2/93.48,3/162.15,4/212.1,5/131.08;0/300.37,1/296.72,2/429.96,3/439.96,4/299.96,5/250.58,6/259.96,7/325.58,8/279.96,9/308.55,10/183.17,11/259.96;0/539.96,1/539.96,2/539.96,3/539.96,4/539.96,5/539.96;0/539.96,1/539.96,2/539.96,3/539.96,4/539.96,5/539.96,6/539.96,7/539.96,8/539.96,9/539.96,10/539.96,11/539.96;0/9,1/9,2/22,3/11,4/16,5/0;0/6,1/9,2/8,3/7,4/5,5/5,6/8,7/8,8/5,9/7,10/7,11/2;0/25,1/24,2/30,3/19,4/25,5/18;0/10,1/15,2/9,3/10,4/11,5/11,6/11,7/13,8/8,9/14,10/8,11/11;0/3,1/3,2/2,3/2,4/2,5/3;0/3,1/2,2/2,3/2,4/3,5/3,6/3,7/2,8/2,9/2,10/3,11/3;0/4,1/5,2/3,3/3,4/3,5/4;0/7,1/4,2/6,3/5,4/7,5/8,6/7,7/4,8/6,9/6,10/6,11/7;0/48,1/47,2/45,3/38,4/33,5/42;0/24,1/25,2/11,3/10,4/24,5/29,6/28,7/22,8/26,9/24,10/36,11/28
599.84;26;82;6;12;0/64.88,1/84.29,2/108.82,3/212.5,4/214.01,5/137.1;0/341.28,1/296.84,2/489.84,3/493.68,4/359.84,5/262.62,6/319.84,7/342.35,8/319.84,9/308.73,10/229.84,11/261.47;0/599.84,1/599.84,2/599.84,3/599.84,4/599.84,5/599.84;0/599.84,1/599.84,2/599.84,3/599.84,4/599.84,5/599.84,6/599.84,7/599.84,8/599.84,9/599.84,10/599.84,11/599.84;0/6,1/9,2/11,3/6,4/7,5/0;0/6,1/11,2/5,3/7,4/1,5/3,6/3,7/12,8/5,9/7,10/6,11/1;0/25,1/18,2/25,3/18,4/19,5/21;0/10,1/13,2/9,3/9,4/11,5/6,6/11,7/18,8/10,9/11,10/12,11/10;0/3,1/3,2/2,3/2,4/2,5/3;0/3,1/2,2/2,3/2,4/3,5/3,6/3,7/2,8/2,9/2,10/3,11/3;0/4,1/5,2/4,3/4,4/4,5/5;0/8,1/5,2/6,3/6,4/7,5/9,6/7,7/5,8/7,9/6,10/7,11/9;0/54,1/53,2/50,3/39,4/39,5/47;0/26,1/31,2/11,3/11,4/24,5/34,6/28,7/26,8/28,9/30,10/37,11/34
659.94;30;94;6;12;0/70.27,1/90.58,2/122.49,3/213.13,4/223.7,5/138.29;0/359.94,1/329.94,2/539.94,3/502.04,4/369.94,5/309.94,6/349.94,7/342.42,8/332.82,9/321.64,10/252.37,11/261.86;0/659.94,1/659.94,2/659.94,3/659.94,4/659.94,5/659.94;0/659.94,1/659.94,2/659.94,3/659.94,4/659.94,5/659.94,6/659.94,7/659.94,8/659.94,9/659.94,10/659.94,11/659.94;0/6,1/10,2/19,3/13,4/13,5/8;0/5,1/10,2/5,3/6,4/4,5/5,6/3,7/12,8/5,9/6,10/8,11/1;0/19,1/23,2/28,3/19,4/20,5/23;0/13,1/11,2/11,3/9,4/13,5/12,6/13,7/12,8/8,9/7,10/16,11/11;0/3,1/3,2/2,3/2,4/2,5/3;0/3,1/2,2/2,3/2,4/3,5/3,6/3,7/2,8/2,9/2,10/3,11/3;0/5,1/6,2/5,3/4,4/5,5/5;0/9,1/5,2/7,3/7,4/10,5/9,6/8,7/6,8/9,9/7,10/8,11/9;0/60,1/58,2/55,3/45,4/44,5/53;0/30,1/33,2/12,3/16,4/30,5/35,6/31,7/32,8/33,9/34,10/41,11/40
720;34;103;6;12;0/75.1,1/96.57,2/122.85,3/219.42,4/224.53,5/144;0/371.28,1/380,2/545.72,3/550,4/370.36,5/323.86,6/354.82,7/400,8/340,9/370.74,10/252.5,11/262.5;0/720,1/720,2/720,3/720,4/720,5/720;0/720,1/720,2/720,3/720,4/720,5/720,6/720,7/720,8/720,9/720,10/720,11/720;0/9,1/10,2/11,3/25,4/16,5/8;0/4,1/8,2/4,3/8,4/3,5/4,6/4,7/10,8/7,9/7,10/9,11/5;0/23,1/28,2/22,3/25,4/23,5/17;0/11,1/12,2/7,3/12,4/18,5/11,6/10,7/14,8/10,9/9,10/13,11/15;0/3,1/3,2/2,3/2,4/2,5/3;0/3,1/2,2/2,3/2,4/3,5/3,6/3,7/2,8/2,9/2,10/3,11/3;0/6,1/7,2/5,3/5,4/5,5/6;0/10,1/6,2/8,3/7,4/10,5/10,6/10,7/6,8/9,9/8,10/9,11/10;0/65,1/63,2/61,3/51,4/50,5/59;0/35,1/34,2/18,3/17,4/35,5/40,6/37,7/32,8/38,9/35,10/47,11/46
779.92;36;111;6;12;0/75.57,1/97.04,2/129.44,3/273.53,4/273.03,5/149.6;0/389.92,1/439.92,2/576.88,3/609.92,4/370.55,5/329.92,6/379.15,7/457.9,8/349.92,9/409.92,10/269.92,11/262.98;0/779.92,1/779.92,2/779.92,3/779.92,4/779.92,5/779.92;0/779.92,1/779.92,2/779.92,3/779.92,4/779.92,5/779.92,6/779.92,7/779.92,8/779.92,9/779.92,10/779.92,11/779.92;0/15,1/0,2/19,3/6,4/16,5/7;0/4,1/8,2/5,3/7,4/3,5/5,6/6,7/10,8/10,9/4,10/8,11/3;0/23,1/22,2/25,3/25,4/22,5/19;0/7,1/12,2/9,3/12,4/14,5/9,6/11,7/13,8/11,9/7,10/9,11/11;0/3,1/3,2/2,3/2,4/2,5/3;0/3,1/2,2/2,3/2,4/3,5/3,6/3,7/2,8/2,9/2,10/3,11/3;0/6,1/7,2/6,3/5,4/5,5/7;0/10,1/6,2/9,3/7,4/11,5/11,6/11,7/7,8/10,9/8,10/10,11/11;0/71,1/69,2/66,3/51,4/51,5/64;0/39,1/34,2/21,3/17,4/41,5/45,6/41,7/33,8/43,9/37,10/51,11/52
839.93;40;123;6;12;0/80.99,1/102.47,2/129.99,3/304.32,4/296.51,5/165.96;0/420.02,1/471.26,2/577.17,3/619.93,4/370.67,5/340.79,6/389.93,7/479.93,8/409.93,9/440.54,10/329.93,11/263.27;0/839.93,1/839.93,2/839.93,3/839.93,4/839.93,5/839.93;0/839.93,1/839.93,2/839.93,3/839.93,4/839.93,5/839.93,6/839.93,7/839.93,8/839.93,9/839.93,10/839.93,11/839.93;0/0,1/0,2/15,3/6,4/7,5/7;0/3,1/9,2/7,3/10,4/3,5/6,6/5,7/10,8/7,9/5,10/5,11/3;0/17,1/22,2/26,3/22,4/18,5/22;0/7,1/11,2/11,3/10,4/8,5/8,6/12,7/12,8/11,9/8,10/8,11/7;0/3,1/3,2/2,3/2,4/2,5/3;0/3,1/2,2/2,3/2,4/3,5/3,6/3,7/2,8/2,9/2,10/3,11/3;0/7,1/8,2/6,3/6,4/6,5/7;0/12,1/8,2/9,3/9,4/11,5/12,6/11,7/8,8/10,9/10,10/11,11/12;0/77,1/75,2/72,3/54,4/55,5/68;0/42,1/37,2/27,3/22,4/47,5/50,6/45,7/36,8/43,9/40,10/52,11/58
899.98;44;128;6;12;0/105.65,1/103.16,2/165.49,3/305.08,4/310.15,5/181.72;0/465.8,1/499.98,2/600.48,3/679.98,4/370.82,5/389.98,6/426.62,7/539.98,8/430.91,9/459.98,10/379.98,11/269.98;0/899.98,1/899.98,2/899.98,3/899.98,4/899.98,5/899.98;0/899.98,1/899.98,2/899.98,3/899.98,4/899.98,5/899.98,6/899.98,7/899.98,8/899.98,9/899.98,10/899.98,11/899.98;0/5,1/8,2/15,3/15,4/7,5/0;0/3,1/11,2/7,3/7,4/5,5/4,6/4,7/7,8/8,9/5,10/4,11/3;0/19,1/24,2/24,3/25,4/20,5/17;0/10,1/12,2/9,3/10,4/10,5/7,6/9,7/12,8/15,9/6,10/8,11/7;0/3,1/3,2/2,3/2,4/2,5/3;0/3,1/2,2/2,3/2,4/3,5/3,6/3,7/2,8/2,9/2,10/3,11/3;0/8,1/8,2/7,3/6,4/7,5/8;0/13,1/8,2/10,3/9,4/12,5/12,6/12,7/8,8/11,9/10,10/11,11/12;0/80,1/81,2/74,3/60,4/60,5/73;0/44,1/40,2/30,3/22,4/53,5/51,6/48,7/36,8/47,9/44,10/52,11/63
959.97;47;138;6;12;0/106.04,1/108.93,2/166.29,3/311.18,4/310.84,5/186.86;0/466.16,1/559.97,2/639.97,3/734.25,4/400.66,5/429.97,6/429.97,7/560.96,8/430.96,9/509.97,10/397.67,11/322.07;0/959.97,1/959.97,2/959.97,3/959.97,4/959.97,5/959.97;0/959.97,1/959.97,2/959.97,3/959.97,4/959.97,5/959.97,6/959.97,7/959.97,8/959.97,9/959.97,10/959.97,11/959.97;0/5,1/0,2/8,3/15,4/15,5/8;0/3,1/9,2/4,3/7,4/2,5/4,6/7,7/7,8/8,9/6,10/3,11/3;0/20,1/19,2/18,3/19,4/22,5/20;0/9,1/12,2/9,3/9,4/10,5/7,6/13,7/10,8/11,9/10,10/7,11/6;0/3,1/3,2/2,3/2,4/2,5/3;0/3,1/2,2/2,3/2,4/3,5/3,6/3,7/2,8/2,9/2,10/3,11/3;0/8,1/9,2/7,3/7,4/7,5/9;0/13,1/8,2/10,3/10,4/13,5/14,6/13,7/9,8/11,9/11,10/13,11/13;0/86,1/86,2/80,3/66,4/66,5/78;0/50,1/40,2/32,3/23,4/56,5/53,6/53,7/40,8/53,9/45,10/57,11/64
1020;51;151;6;12;0/112.04,1/116.84,2/174.2,3/325.12,4/316.26,5/191.96;0/487.66,1/610,2/688.89,3/770,4/401.01,5/484.24,6/431.57,7/566.32,8/440,9/548.35,10/418.93,11/322.47;0/1020,1/1020,2/1020,3/1020,4/1020,5/1020;0/1020,1/1020,2/1020,3/1020,4/1020,5/1020,6/1020,7/1020,8/1020,9/1020,10/1020,11/1020;0/14,1/6,2/16,3/13,4/15,5/8;0/3,1/10,2/4,3/8,4/5,5/3,6/5,7/7,8/11,9/8,10/4,11/7;0/23,1/20,2/20,3/22,4/25,5/22;0/6,1/14,2/7,3/8,4/10,5/6,6/9,7/9,8/12,9/10,10/8,11/11;0/3,1/3,2/2,3/2,4/2,5/3;0/3,1/2,2/2,3/2,4/3,5/3,6/3,7/2,8/2,9/2,10/3,11/3;0/9,1/9,2/8,3/7,4/8,5/10;0/15,1/9,2/11,3/11,4/14,5/15,6/14,7/10,8/12,9/12,10/14,11/14;0/92,1/91,2/86,3/70,4/71,5/84;0/54,1/41,2/34,3/25,4/62,5/54,6/59,7/46,8/58,9/48,10/61,11/70
1079.97;54;157;6;12;0/127.48,1/131.02,2/186.94,3/365.56,4/354.36,5/192.72;0/499.97,1/615.83,2/719.97,3/829.97,4/409.97,5/499.97,6/439.46,7/619.97,8/499.97,9/582.79,10/419.26,11/322.69;0/1079.97,1/1079.97,2/1079.97,3/1079.97,4/1079.97,5/1079.97;0/1079.97,1/1079.97,2/1079.97,3/1079.97,4/1079.97,5/1079.97,6/1079.97,7/1079.97,8/1079.97,9/1079.97,10/1079.97,11/1079.97;0/5,1/14,2/16,3/6,4/7,5/16;0/4,1/11,2/3,3/6,4/7,5/6,6/8,7/7,8/6,9/6,10/5,11/11;0/19,1/23,2/22,3/20,4/23,5/24;0/12,1/12,2/8,3/8,4/12,5/11,6/12,7/11,8/12,9/8,10/6,11/12;0/3,1/3,2/2,3/2,4/2,5/3;0/3,1/2,2/2,3/2,4/3,5/3,6/3,7/2,8/2,9/2,10/3,11/3;0/10,1/10,2/8,3/8,4/8,5/10;0/15,1/10,2/11,3/11,4/15,5/15,6/15,7/10,8/12,9/13,10/15,11/15;0/96,1/96,2/90,3/72,4/73,5/90;0/58,1/47,2/36,3/25,4/67,5/58,6/65,7/46,8/58,9/50,10/67,11/76
1139.96;58;165;6;12;0/135.45,1/137.16,2/228.97,3/365.88,4/368.78,5/198.12;0/529.96,1/659.96,2/725.09,3/889.96,4/469.96,5/508.32,6/449.96,7/660.53,8/531.37,9/599.96,10/469.96,11/379.96;0/1139.96,1/1139.96,2/1139.96,3/1139.96,4/1139.96,5/1139.96;0/1139.96,1/1139.96,2/1139.96,3/1139.96,4/1139.96,5/1139.96,6/1139.96,7/1139.96,8/1139.96,9/1139.96,10/1139.96,11/1139.96;0/8,1/6,2/8,3/13,4/7,5/9;0/5,1/13,2/7,3/6,4/5,5/6,6/7,7/5,8/6,9/6,10/1,11/5;0/22,1/17,2/20,3/21,4/18,5/28;0/12,1/13,2/9,3/8,4/12,5/11,6/10,7/9,8/12,9/7,10/7,11/12;0/3,1/3,2/2,3/2,4/2,5/3;0/3,1/2,2/2,3/2,4/3,5/3,6/3,7/2,8/2,9/2,10/3,11/3;0/10,1/11,2/9,3/8,4/9,5/11;0/16,1/11,2/12,3/11,4/15,5/17,6/16,7/11,8/13,9/13,10/15,11/15;0/101,1/102,2/92,3/78,4/78,5/95;0/61,1/48,2/42,3/25,4/67,5/64,6/69,7/48,8/61,9/54,10/67,11/76
1199.99;64;177;6;12;0/151.48,1/142.49,2/242.79,3/371.08,4/374.65,5/211.65;0/559.47,1/719.99,2/759.99,3/908.01,4/484.13,5/548.38,6/509.99,7/660.99,8/531.43,9/649.99,10/499.99,11/415.74;0/1199.99,1/1199.99,2/1199.99,3/1199.99,4/1199.99,5/1199.99;0/1199.99,1/1199.99,2/1199.99,3/1199.99,4/1199.99,5/1199.99,6/1199.99,7/1199.99,8/1199.99,9/1199.99,10/1199.99,11/1199.99;0/16,1/10,2/17,3/23,4/15,5/9;0/3,1/11,2/6,3/5,4/5,5/2,6/3,7/7,8/10,9/6,10/0,11/5;0/25,1/22,2/24,3/25,4/20,5/23;0/10,1/13,2/9,3/8,4/11,5/12,6/10,7/11,8/14,9/8,10/9,11/9;0/3,1/3,2/2,3/2,4/2,5/3;0/3,1/2,2/2,3/2,4/3,5/3,6/3,7/2,8/2,9/2,10/3,11/3;0/11,1/12,2/10,3/9,4/10,5/12;0/17,1/11,2/13,3/13,4/17,5/18,6/16,7/12,8/14,9/14,10/16,11/16;0/106,1/107,2/97,3/84,4/84,5/100;0/65,1/48,2/44,3/30,4/72,5/66,6/69,7/54,8/67,9/55,10/70,11/79
1259.85;65;188;6;12;0/157.3,1/143.16,2/243.56,3/405.43,4/375.34,5/212.05;0/559.54,1/774.36,2/819.85,3/949.85,4/504.82,5/548.57,6/519.85,7/709.85,8/539.49,9/709.85,10/501.92,11/440.97;0/1259.85,1/1259.85,2/1259.85,3/1259.85,4/1259.85,5/1259.85;0/1259.85,1/1259.85,2/1259.85,3/1259.85,4/1259.85,5/1259.85,6/1259.85,7/1259.85,8/1259.85,9/1259.85,10/1259.85,11/1259.85;0/8,1/7,2/13,3/13,4/16,5/7;0/3,1/11,2/6,3/5,4/5,5/1,6/6,7/5,8/11,9/5,10/1,11/2;0/20,1/23,2/23,3/23,4/24,5/24;0/6,1/12,2/9,3/10,4/7,5/8,6/13,7/12,8/13,9/8,10/11,11/9;0/3,1/3,2/2,3/2,4/2,5/3;0/3,1/2,2/2,3/2,4/3,5/3,6/3,7/2,8/2,9/2,10/3,11/3;0/12,1/12,2/10,3/9,4/10,5/12;0/18,1/12,2/13,3/13,4/19,5/18,6/18,7/12,8/15,9/14,10/18,11/18;0/111,1/113,2/103,3/86,4/89,5/106;0/71,1/49,2/44,3/31,4/76,5/72,6/74,7/55,8/73,9/55,10/76,11/82
1319.8;69;201;6;12;0/162.44,1/148.15,2/288.17,3/463.57,4/435.28,5/219.88;0/559.8,1/819.8,2/834.74,3/976.65,4/529.8,5/550.5,6/541.65,7/740.7,8/549.8,9/753.38,10/502.48,11/449.8;0/1319.8,1/1319.8,2/1319.8,3/1319.8,4/1319.8,5/1319.8;0/1319.8,1/1319.8,2/1319.8,3/1319.8,4/1319.8,5/1319.8,6/1319.8,7/1319.8,8/1319.8,9/1319.8,10/1319.8,11/1319.8;0/7,1/11,2/13,3/6,4/7,5/8;0/2,1/10,2/4,3/6,4/5,5/0,6/8,7/5,8/10,9/6,10/4,11/3;0/21,1/21,2/22,3/22,4/24,5/27;0/8,1/13,2/6,3/10,4/7,5/8,6/12,7/9,8/12,9/8,10/15,11/11;0/3,1/3,2/2,3/2,4/2,5/3;0/3,1/2,2/2,3/2,4/3,5/3,6/3,7/2,8/2,9/2,10/3,11/3;0/13,1/13,2/10,3/10,4/10,5/13;0/19,1/13,2/15,3/14,4/19,5/19,6/19,7/14,8/15,9/16,10/19,11/19;0/117,1/119,2/104,3/87,4/89,5/111;0/76,1/50,2/49,3/35,4/79,5/77,6/78,7/58,8/77,9/57,10/82,11/87
1380;73;208;6;12;0/162.86,1/172.9,2/317.88,3/464.2,4/436.44,5/225.75;0/570.13,1/870.13,2/890,3/976.7,4/580,5/553.05,6/570,7/741.05,8/610,9/780,10/502.96,11/489.52;0/1380,1/1380,2/1380,3/1380,4/1380,5/1380;0/1380,1/1380,2/1380,3/1380,4/1380,5/1380,6/1380,7/1380,8/1380,9/1380,10/1380,11/1380;0/7,1/0,2/5,3/11,4/14,5/8;0/4,1/10,2/5,3/5,4/3,5/3,6/5,7/5,8/8,9/5,10/10,11/3;0/21,1/18,2/18,3/21,4/25,5/21;0/12,1/12,2/10,3/6,4/6,5/11,6/9,7/8,8/12,9/7,10/17,11/10;0/3,1/3,2/2,3/2,4/2,5/3;0/3,1/2,2/2,3/2,4/3,5/3,6/3,7/2,8/2,9/2,10/3,11/3;0/13,1/14,2/11,3/10,4/11,5/14;0/20,1/14,2/15,3/15,4/20,5/20,6/19,7/14,8/15,9/16,10/20,11/20;0/123,1/122,2/108,3/93,4/95,5/117;0/81,1/51,2/49,3/41,4/80,5/83,6/81,7/64,8/77,9/60,10/88,11/90
1439.72;76;219;6;12;0/168.24,1/173.39,2/318.95,3/469.59,4/445.11,5/226.37;0/577.51,1/889.72,2/909.72,3/1029.72,4/621.77,5/569.72,6/580.26,7/768.08,8/629.72,9/831.66,10/503.11,11/489.72;0/1439.72,1/1439.72,2/1439.72,3/1439.72,4/1439.72,5/1439.72;0/1439.72,1/1439.72,2/1439.72,3/1439.72,4/1439.72,5/1439.72,6/1439.72,7/1439.72,8/1439.72,9/1439.72,10/1439.72,11/1439.72;0/13,1/7,2/12,3/11,4/14,5/8;0/6,1/8,2/5,3/8,4/5,5/6,6/5,7/9,8/8,9/5,10/5,11/2;0/22,1/19,2/20,3/16,4/19,5/23;0/13,1/11,2/7,3/11,4/8,5/17,6/8,7/12,8/8,9/6,10/15,11/10;0/3,1/3,2/2,3/2,4/2,5/3;0/3,1/2,2/2,3/2,4/3,5/3,6/3,7/2,8/2,9/2,10/3,11/3;0/14,1/14,2/11,3/11,4/12,5/14;0/21,1/15,2/16,3/15,4/22,5/20,6/20,7/15,8/17,9/17,10/20,11/21;0/128,1/128,2/113,3/98,4/101,5/123;0/87,1/55,2/53,3/41,4/82,5/87,6/86,7/68,8/81,9/61,10/94,11/95
1499.98;80;228;6;12;0/173.21,1/179.12,2/324.21,3/476.44,4/446.45,5/232.06;0/577.73,1/949.98,2/919.98,3/1042.39,4/629.98,5/579.85,6/619.98,7/789.98,8/689.98,9/879.98,10/504.02,11/490.44;0/1499.98,1/1499.98,2/1499.98,3/1499.98,4/1499.98,5/1499.98;0/1499.98,1/1499.98,2/1499.98,3/1499.98,4/1499.98,5/1499.98,6/1499.98,7/1499.98,8/1499.98,9/1499.98,10/1499.98,11/1499.98;0/13,1/5,2/21,3/11,4/14,5/13;0/6,1/8,2/7,3/5,4/5,5/7,6/5,7/13,8/4,9/6,10/5,11/5;0/22,1/18,2/23,3/19,4/21,5/23;0/9,1/11,2/8,3/8,4/7,5/17,6/8,7/17,8/8,9/6,10/12,11/12;0/3,1/3,2/2,3/2,4/2,5/3;0/3,1/2,2/2,3/2,4/3,5/3,6/3,7/2,8/2,9/2,10/3,11/3;0/15,1/15,2/12,3/11,4/12,5/15;0/22,1/15,2/17,3/16,4/23,5/21,6/21,7/15,8/17,9/18,10/21,11/22;0/134,1/134,2/119,3/103,4/106,5/128;0/93,1/55,2/58,3/46,4/87,5/93,6/88,7/71,8/81,9/62,10/100,11/101
1559.88;84;236;6;12;0/197.59,1/184.9,2/359.67,3/515.4,4/471.6,5/237.69;0/609.88,1/985.32,2/979.88,3/1099.88,4/677.76,5/579.88,6/659.88,7/849.88,8/749.88,9/939.88,10/504.54,11/490.51;0/1559.88,1/1559.88,2/1559.88,3/1559.88,4/1559.88,5/1559.88;0/1559.88,1/1559.88,2/1559.88,3/1559.88,4/1559.88,5/1559.88,6/1559.88,7/1559.88,8/1559.88,9/1559.88,10/1559.88,11/1559.88;0/0,1/11,2/12,3/15,4/14,5/0;0/5,1/6,2/4,3/4,4/3,5/7,6/6,7/8,8/4,9/4,10/4,11/5;0/19,1/19,2/21,3/25,4/17,5/17;0/7,1/8,2/8,3/10,4/7,5/11,6/12,7/17,8/8,9/6,10/10,11/10;0/3,1/3,2/2,3/2,4/2,5/3;0/3,1/2,2/2,3/2,4/3,5/3,6/3,7/2,8/2,9/2,10/3,11/3;0/15,1/16,2/12,3/12,4/13,5/16;0/22,1/17,2/17,3/16,4/25,5/22,6/22,7/15,8/17,9/18,10/22,11/23;0/137,1/139,2/121,3/106,4/110,5/134;0/95,1/58,2/58,3/46,4/89,5/99,6/90,7/71,8/81,9/62,10/106,11/107
1619.96;87;248;6;12;0/205.54,1/231.77,2/408.55,3/517.12,4/496.79,5/243.59;0/631,1/1039.96,2/1009.96,3/1111.25,4/729.96,5/580.05,6/712.59,7/869.96,8/780.43,9/989.96,10/507.52,11/490.68;0/1619.96,1/1619.96,2/1619.96,3/1619.96,4/1619.96,5/1619.96;0/1619.96,1/1619.96,2/1619.96,3/1619.96,4/1619.96,5/1619.96,6/1619.96,7/1619.96,8/1619.96,9/1619.96,10/1619.96,11/1619.96;0/7,1/5,2/12,3/15,4/14,5/7;0/3,1/8,2/4,3/4,4/2,5/8,6/6,7/9,8/5,9/4,10/9,11/4;0/20,1/18,2/19,3/20,4/21,5/19;0/8,1/13,2/9,3/7,4/9,5/15,6/11,7/16,8/8,9/7,10/14,11/6;0/3,1/3,2/2,3/2,4/2,5/3;0/3,1/2,2/2,3/2,4/3,5/3,6/3,7/2,8/2,9/2,10/3,11/3;0/16,1/16,2/13,3/12,4/13,5/17;0/24,1/17,2/18,3/17,4/25,5/23,6/23,7/16,8/19,9/19,10/23,11/24;0/143,1/140,2/123,3/111,4/113,5/139;0/99,1/58,2/61,3/51,4/89,5/104,6/91,7/75,8/84,9/63,10/112,11/113
1679.9;92;256;6;12;0/210.94,1/241.13,2/409.36,3/527.38,4/529.01,5/248.99;0/669.9,1/1064.93,2/1026.18,3/1111.63,4/749.9,5/609.9,6/713.63,7/880.29,8/809.9,9/1009.9,10/507.87,11/539.9;0/1679.9,1/1679.9,2/1679.9,3/1679.9,4/1679.9,5/1679.9;0/1679.9,1/1679.9,2/1679.9,3/1679.9,4/1679.9,5/1679.9,6/1679.9,7/1679.9,8/1679.9,9/1679.9,10/1679.9,11/1679.9;0/16,1/8,2/11,3/15,4/7,5/7;0/2,1/8,2/5,3/6,4/5,5/8,6/7,7/6,8/3,9/7,10/5,11/5;0/24,1/20,2/19,3/22,4/18,5/20;0/8,1/11,2/6,3/8,4/13,5/17,6/12,7/13,8/7,9/8,10/12,11/10;0/3,1/3,2/2,3/2,4/2,5/3;0/3,1/2,2/2,3/2,4/3,5/3,6/3,7/2,8/2,9/2,10/3,11/3;0/17,1/17,2/13,3/13,4/14,5/18;0/24,1/18,2/19,3/18,4/26,5/23,6/25,7/17,8/19,9/20,10/23,11/24;0/148,1/146,2/129,3/116,4/116,5/145;0/101,1/62,2/66,3/57,4/93,5/107,6/97,7/80,8/87,9/67,10/118,11/114
1739.8;95;264;6;12;0/217.25,1/246.31,2/450.48,3/587.29,4/534.78,5/249.88;0/689.8,1/1065.52,2/1079.8,3/1149.8,4/759.56,5/623.42,6/729.8,7/919.8,8/850.33,9/1069.8,10/532.76,11/559.8;0/1739.8,1/1739.8,2/1739.8,3/1739.8,4/1739.8,5/1739.8;0/1739.8,1/1739.8,2/1739.8,3/1739.8,4/1739.8,5/1739.8,6/1739.8,7/1739.8,8/1739.8,9/1739.8,10/1739.8,11/1739.8;0/7,1/14,2/11,3/6,4/13,5/14;0/4,1/10,2/5,3/5,4/5,5/9,6/6,7/6,8/4,9/3,10/5,11/4;0/26,1/21,2/18,3/22,4/18,5/21;0/9,1/12,2/11,3/10,4/8,5/16,6/8,7/11,8/8,9/8,10/12,11/8;0/3,1/3,2/2,3/2,4/2,5/3;0/3,1/2,2/2,3/2,4/3,5/3,6/3,7/2,8/2,9/2,10/3,11/3;0/18,1/18,2/13,3/13,4/15,5/18;0/25,1/19,2/19,3/18,4/27,5/24,6/26,7/17,8/20,9/20,10/24,11/25;0/154,1/151,2/130,3/116,4/122,5/151;0/105,1/68,2/66,3/59,4/99,5/112,6/101,7/82,8/89,9/67,10/121,11/118
1799.81;99;277;6;12;0/249.3,1/251.29,2/503.95,3/620.24,4/537.52,5/278.65;0/703.95,1/1118.36,2/1101.78,3/1199.23,4/769.81,5/623.45,6/779.81,7/979.81,8/895.49,9/1089.81,10/532.99,11/572.85;0/1799.81,1/1799.81,2/1799.81,3/1799.81,4/1799.81,5/1799.81;0/1799.81,1/1799.81,2/1799.81,3/1799.81,4/1799.81,5/1799.81,6/1799.81,7/1799.81,8/1799.81,9/1799.81,10/1799.81,11/1799.81;0/7,1/17,2/5,3/6,4/15,5/13;0/5,1/10,2/5,3/4,4/6,5/9,6/4,7/5,8/3,9/5,10/7,11/9;0/24,1/24,2/17,3/19,4/21,5/24;0/8,1/11,2/10,3/8,4/10,5/10,6/9,7/11,8/7,9/10,10/10,11/12;0/3,1/3,2/2,3/2,4/2,5/3;0/3,1/2,2/2,3/2,4/3,5/3,6/3,7/2,8/2,9/2,10/3,11/3;0/18,1/19,2/14,3/14,4/15,5/19;0/27,1/20,2/20,3/19,4/28,5/25,6/27,7/17,8/21,9/21,10/25,11/27;0/156,1/157,2/131,3/119,4/127,5/154;0/110,1/69,2/70,3/61,4/103,5/118,6/102,7/82,8/91,9/71,10/127,11/123
1859.98;104;288;6;12;0/261.27,1/270.2,2/504.43,3/626.47,4/558.6,5/284.89;0/740.69,1/1159.98,2/1112.73,3/1203.32,4/829.98,5/669.98,6/786.65,7/980.83,8/909.98,9/1099.98,10/559.98,11/619.98;0/1859.98,1/1859.98,2/1859.98,3/1859.98,4/1859.98,5/1859.98;0/1859.98,1/1859.98,2/1859.98,3/1859.98,4/1859.98,5/1859.98,6/1859.98,7/1859.98,8/1859.98,9/1859.98,10/1859.98,11/1859.98;0/5,1/15,2/15,3/12,4/13,5/7;0/3,1/9,2/5,3/9,4/4,5/7,6/3,7/8,8/9,9/5,10/7,11/4;0/24,1/26,2/21,3/19,4/23,5/19;0/8,1/12,2/6,3/11,4/10,5/9,6/11,7/10,8/9,9/6,10/9,11/12;0/3,1/3,2/2,3/2,4/2,5/3;0/3,1/2,2/2,3/2,4/3,5/3,6/3,7/2,8/2,9/2,10/3,11/3;0/19,1/20,2/14,3/15,4/16,5/20;0/28,1/20,2/21,3/20,4/28,5/26,6/29,7/19,8/22,9/22,10/26,11/27;0/161,1/161,2/137,3/125,4/131,5/159;0/112,1/70,2/75,3/66,4/103,5/119,6/108,7/88,8/95,9/76,10/130,11/124
1919.97;107;292;6;12;0/266.91,1/293.26,2/515.24,3/626.93,4/583.19,5/285.34;0/759.97,1/1189.97,2/1139.97,3/1239.97,4/859.97,5/729.97,6/786.75,7/999.97,8/969.97,9/1159.97,10/619.97,11/638.13;0/1919.97,1/1919.97,2/1919.97,3/1919.97,4/1919.97,5/1919.97;0/1919.97,1/1919.97,2/1919.97,3/1919.97,4/1919.97,5/1919.97,6/1919.97,7/1919.97,8/1919.97,9/1919.97,10/1919.97,11/1919.97;0/5,1/9,2/21,3/12,4/13,5/9;0/5,1/8,2/10,3/8,4/13,5/6,6/3,7/8,8/6,9/3,10/6,11/6;0/18,1/23,2/22,3/23,4/19,5/22;0/9,1/12,2/18,3/12,4/22,5/9,6/9,7/9,8/9,9/6,10/9,11/10;0/3,1/3,2/2,3/2,4/2,5/3;0/3,1/2,2/2,3/2,4/3,5/3,6/3,7/2,8/2,9/2,10/3,11/3;0/20,1/20,2/15,3/15,4/17,5/20;0/28,1/21,2/21,3/20,4/29,5/26,6/30,7/19,8/22,9/22,10/26,11/28;0/167,1/164,2/142,3/131,4/135,5/165;0/116,1/73,2/78,3/68,4/106,5/119,6/114,7/92,8/95,9/76,10/130,11/129
1979.99;110;305;6;12;0/267.34,1/301.73,2/561.61,3/634.95,4/583.76,5/291.19;0/789.99,1/1249.99,2/1199.99,3/1276.14,4/865.93,5/769.99,6/792.8,7/1059.99,8/1027,9/1209.99,10/649.99,11/640.89;0/1979.99,1/1979.99,2/1979.99,3/1979.99,4/1979.99,5/1979.99;0/1979.99,1/1979.99,2/1979.99,3/1979.99,4/1979.99,5/1979.99,6/1979.99,7/1979.99,8/1979.99,9/1979.99,10/1979.99,11/1979.99;0/6,1/17,2/6,3/19,4/15,5/9;0/5,1/7,2/9,3/5,4/10,5/6,6/5,7/6,8/6,9/2,10/6,11/8;0/18,1/25,2/21,3/25,4/22,5/23;0/14,1/12,2/18,3/9,4/18,5/9,6/10,7/9,8/8,9/7,10/9,11/10;0/3,1/3,2/2,3/2,4/2,5/3;0/3,1/2,2/2,3/2,4/3,5/3,6/3,7/2,8/2,9/2,10/3,11/3;0/20,1/21,2/15,3/16,4/17,5/21;0/29,1/21,2/21,3/21,4/30,5/28,6/31,7/19,8/23,9/23,10/29,11/30;0/173,1/170,2/143,3/136,4/141,5/171;0/119,1/73,2/78,3/71,4/112,5/121,6/119,7/92,8/96,9/77,10/133,11/134
2039.99;115;317;6;12;0/284.31,1/307.43,2/594.68,3/636,4/589.18,5/319.04;0/807.41,1/1269.99,2/1222.51,3/1297.62,4/878.6,5/799.99,6/801.78,7/1109.99,8/1059.99,9/1243.56,10/679.99,11/689.99;0/2039.99,1/2039.99,2/2039.99,3/2039.99,4/2039.99,5/2039.99;0/2039.99,1/2039.99,2/2039.99,3/2039.99,4/2039.99,5/2039.99,6/2039.99,7/2039.99,8/2039.99,9/2039.99,10/2039.99,11/2039.99;0/13,1/18,2/11,3/13,4/15,5/0;0/5,1/7,2/9,3/4,4/11,5/8,6/5,7/6,8/7,9/4,10/7,11/2;0/21,1/29,2/23,3/19,4/24,5/20;0/11,1/9,2/17,3/7,4/16,5/16,6/10,7/8,8/7,9/10,10/9,11/9;0/3,1/3,2/2,3/2,4/2,5/3;0/3,1/2,2/2,3/2,4/3,5/3,6/3,7/2,8/2,9/2,10/3,11/3;0/21,1/22,2/16,3/16,4/18,5/22;0/30,1/22,2/22,3/22,4/32,5/29,6/32,7/20,8/24,9/24,10/30,11/30;0/177,1/175,2/146,3/142,4/146,5/174;0/124,1/77,2/82,3/75,4/117,5/124,6/124,7/93,8/98,9/80,10/136,11/135
2099.97;118;327;6;12;0/289.1,1/312.23,2/594.94,3/689.43,4/629.44,5/329.36;0/807.54,1/1279.97,2/1222.58,3/1299.97,4/879.97,5/822.62,6/819.97,7/1149.97,8/1119.97,9/1243.78,10/720.11,11/730.81;0/2099.97,1/2099.97,2/2099.97,3/2099.97,4/2099.97,5/2099.97;0/2099.97,1/2099.97,2/2099.97,3/2099.97,4/2099.97,5/2099.97,6/2099.97,7/2099.97,8/2099.97,9/2099.97,10/2099.97,11/2099.97;0/15,1/15,2/11,3/7,4/15,5/9;0/1,1/10,2/9,3/7,4/9,5/6,6/5,7/6,8/5,9/6,10/5,11/2;0/24,1/29,2/17,3/19,4/22,5/24;0/8,1/11,2/11,3/9,4/11,5/12,6/10,7/9,8/7,9/11,10/11,11/7;0/3,1/3,2/2,3/2,4/2,5/3;0/3,1/2,2/2,3/2,4/3,5/3,6/3,7/2,8/2,9/2,10/3,11/3;0/22,1/23,2/16,3/16,4/18,5/23;0/31,1/23,2/23,3/22,4/32,5/31,6/32,7/21,8/24,9/25,10/31,11/32;0/183,1/181,2/152,3/142,4/148,5/179;0/130,1/82,2/88,3/80,4/122,5/128,6/128,7/95,8/98,9/86,10/138,11/137
2159.98;121;337;6;12;0/294.97,1/314.42,2/600.25,3/724.31,4/689.46,5/330.14;0/836.36,1/1339.98,2/1259.98,3/1356.13,4/929.98,5/830.46,6/839.98,7/1204.25,8/1171.55,9/1250.98,10/731.94,11/731.18;0/2159.98,1/2159.98,2/2159.98,3/2159.98,4/2159.98,5/2159.98;0/2159.98,1/2159.98,2/2159.98,3/2159.98,4/2159.98,5/2159.98,6/2159.98,7/2159.98,8/2159.98,9/2159.98,10/2159.98,11/2159.98;0/15,1/9,2/19,3/13,4/6,5/7;0/1,1/6,2/8,3/5,4/7,5/5,6/5,7/5,8/5,9/8,10/7,11/3;0/25,1/24,2/19,3/22,4/22,5/25;0/8,1/11,2/10,3/8,4/13,5/9,6/11,7/8,8/6,9/10,10/11,11/9;0/3,1/3,2/2,3/2,4/2,5/3;0/3,1/2,2/2,3/2,4/3,5/3,6/3,7/2,8/2,9/2,10/3,11/3;0/23,1/23,2/17,3/17,4/18,5/23;0/32,1/23,2/23,3/23,4/33,5/32,6/33,7/22,8/25,9/26,10/32,11/33;0/188,1/186,2/158,3/145,4/148,5/185;0/133,1/82,2/90,3/81,4/123,5/133,6/132,7/96,8/99,9/91,10/143,11/143
2219.91;125;347;6;12;0/311.73,1/318,2/651.92,3/729.76,4/705.98,5/336.96;0/839.62,1/1359.91,2/1319.91,3/1399.91,4/930.34,5/852.12,6/859,7/1204.87,8/1202.3,9/1289.91,10/749.91,11/769.91;0/2219.91,1/2219.91,2/2219.91,3/2219.91,4/2219.91,5/2219.91;0/2219.91,1/2219.91,2/2219.91,3/2219.91,4/2219.91,5/2219.91,6/2219.91,7/2219.91,8/2219.91,9/2219.91,10/2219.91,11/2219.91;0/9,1/7,2/11,3/19,4/11,5/7;0/0,1/6,2/7,3/5,4/7,5/6,6/5,7/4,8/6,9/5,10/10,11/3;0/21,1/25,2/19,3/22,4/22,5/26;0/7,1/12,2/10,3/12,4/10,5/10,6/12,7/7,8/8,9/8,10/12,11/9;0/3,1/3,2/2,3/2,4/2,5/3;0/3,1/2,2/2,3/2,4/3,5/3,6/3,7/2,8/2,9/2,10/3,11/3;0/23,1/24,2/17,3/18,4/19,5/24;0/33,1/24,2/23,3/23,4/35,5/33,6/35,7/23,8/26,9/26,10/33,11/33;0/192,1/192,2/158,3/151,4/153,5/190;0/139,1/86,2/90,3/82,4/129,5/137,6/137,7/102,8/102,9/93,10/147,11/145
2279.97;130;356;6;12;0/316.34,1/323.22,2/653.65,3/750.16,4/711.79,5/345.7;0/840.16,1/1371.25,2/1349.97,3/1436.62,4/969.97,5/869.97,6/869.97,7/1219.97,8/1249.97,9/1302.5,10/805.34,11/786.77;0/2279.97,1/2279.97,2/2279.97,3/2279.97,4/2279.97,5/2279.97;0/2279.97,1/2279.97,2/2279.97,3/2279.97,4/2279.97,5/2279.97,6/2279.97,7/2279.97,8/2279.97,9/2279.97,10/2279.97,11/2279.97;0/9,1/15,2/12,3/13,4/5,5/7;0/3,1/5,2/8,3/4,4/3,5/4,6/5,7/9,8/5,9/5,10/7,11/3;0/23,1/27,2/19,3/19,4/17,5/21;0/10,1/11,2/8,3/9,4/10,5/8,6/8,7/10,8/7,9/8,10/11,11/10;0/3,1/3,2/2,3/2,4/2,5/3;0/3,1/2,2/2,3/2,4/3,5/3,6/3,7/2,8/2,9/2,10/3,11/3;0/24,1/25,2/18,3/18,4/20,5/25;0/33,1/25,2/25,3/24,4/35,5/34,6/35,7/24,8/26,9/27,10/34,11/34;0/198,1/198,2/164,3/154,4/158,5/195;0/144,1/91,2/93,3/85,4/131,5/141,6/141,7/106,8/103,9/98,10/148,11/150
2339.99;134;373;6;12;0/322.24,1/327.92,2/671.98,3/788.89,4/712.29,5/346.61;0/840.36,1/1402.8,2/1399.99,3/1437.28,4/989.5,5/889.99,6/904.45,7/1260.04,8/1273.75,9/1321.66,10/829.99,11/799.99;0/2339.99,1/2339.99,2/2339.99,3/2339.99,4/2339.99,5/2339.99;0/2339.99,1/2339.99,2/2339.99,3/2339.99,4/2339.99,5/2339.99,6/2339.99,7/2339.99,8/2339.99,9/2339.99,10/2339.99,11/2339.99;0/13,1/7,2/13,3/13,4/11,5/6;0/6,1/4,2/6,3/4,4/3,5/3,6/5,7/5,8/6,9/3,10/7,11/6;0/21,1/22,2/21,3/22,4/17,5/21;0/10,1/12,2/9,3/8,4/10,5/10,6/8,7/10,8/8,9/7,10/8,11/11;0/3,1/3,2/2,3/2,4/2,5/3;0/3,1/2,2/2,3/2,4/3,5/3,6/3,7/2,8/2,9/2,10/3,11/3;0/25,1/26,2/19,3/19,4/20,5/25;0/34,1/26,2/26,3/25,4/38,5/35,6/37,7/25,8/28,9/28,10/36,11/35;0/204,1/203,2/169,3/157,4/164,5/201;0/150,1/94,2/94,3/91,4/136,5/145,6/144,7/108,8/107,9/102,10/152,11/154
2399.97;137;380;6;12;0/327.99,1/328.53,2/702.84,3/810.61,4/745.06,5/351.55;0/842.56,1/1402.89,2/1430.85,3/1437.85,4/995.47,5/949.97,6/929.98,7/1279.07,8/1299.97,9/1359.97,10/866.52,11/803.84;0/2399.97,1/2399.97,2/2399.97,3/2399.97,4/2399.97,5/2399.97;0/2399.97,1/2399.97,2/2399.97,3/2399.97,4/2399.97,5/2399.97,6/2399.97,7/2399.97,8/2399.97,9/2399.97,10/2399.97,11/2399.97;0/8,1/7,2/6,3/13,4/20,5/12;0/6,1/5,2/5,3/11,4/8,5/2,6/4,7/5,8/6,9/4,10/8,11/3;0/20,1/24,2/19,3/19,4/23,5/21;0/12,1/9,2/7,3/13,4/13,5/10,6/6,7/8,8/7,9/11,10/13,11/9;0/3,1/3,2/2,3/2,4/2,5/3;0/3,1/2,2/2,3/2,4/3,5/3,6/3,7/2,8/2,9/2,10/3,11/3;0/26,1/26,2/19,3/19,4/21,5/26;0/35,1/26,2/27,3/25,4/39,5/35,6/38,7/26,8/28,9/28,10/37,11/36;0/209,1/209,2/171,3/160,4/167,5/207;0/156,1/100,2/97,3/97,4/141,5/145,6/147,7/113,8/110,9/104,10/154,11/160
2459.87;141;389;6;12;0/351.73,1/333.72,2/717.09,3/870.51,4/771.14,5/376.44;0/881.41,1/1403.12,2/1479.87,3/1482.32,4/1009.87,5/953.66,6/969.87,7/1319.87,8/1359.87,9/1412.14,10/874.54,11/804.08;0/2459.87,1/2459.87,2/2459.87,3/2459.87,4/2459.87,5/2459.87;0/2459.87,1/2459.87,2/2459.87,3/2459.87,4/2459.87,5/2459.87,6/2459.87,7/2459.87,8/2459.87,9/2459.87,10/2459.87,11/2459.87;0/7,1/7,2/12,3/7,4/11,5/14;0/6,1/7,2/6,3/7,4/5,5/3,6/2,7/4,8/4,9/3,10/7,11/4;0/23,1/25,2/20,3/19,4/20,5/26;0/12,1/8,2/12,3/13,4/11,5/8,6/9,7/9,8/7,9/10,10/12,11/7;0/3,1/3,2/2,3/2,4/2,5/3;0/3,1/2,2/2,3/2,4/3,5/3,6/3,7/2,8/2,9/2,10/3,11/3;0/27,1/27,2/20,3/19,4/21,5/27;0/36,1/27,2/27,3/26,4/39,5/37,6/39,7/26,8/28,9/29,10/38,11/37;0/213,1/215,2/176,3/160,4/170,5/210;0/158,1/106,2/98,3/98,4/145,5/151,6/149,7/114,8/110,9/105,10/159,11/166
2519.89;145;398;6;12;0/352.83,1/339,2/741.01,3/877.94,4/810.72,5/377.36;0/881.57,1/1449.89,2/1523.3,3/1482.79,4/1049.4,5/954.31,6/985.13,7/1379.89,8/1396.57,9/1412.4,10/893.3,11/829.89;0/2519.89,1/2519.89,2/2519.89,3/2519.89,4/2519.89,5/2519.89;0/2519.89,1/2519.89,2/2519.89,3/2519.89,4/2519.89,5/2519.89,6/2519.89,7/2519.89,8/2519.89,9/2519.89,10/2519.89,11/2519.89;0/7,1/12,2/19,3/12,4/10,5/13;0/6,1/6,2/5,3/3,4/9,5/4,6/2,7/4,8/5,9/4,10/7,11/8;0/17,1/25,2/23,3/18,4/22,5/27;0/11,1/9,2/11,3/11,4/13,5/6,6/8,7/9,8/6,9/8,10/11,11/11;0/3,1/3,2/2,3/2,4/2,5/3;0/3,1/2,2/2,3/2,4/3,5/3,6/3,7/2,8/2,9/2,10/3,11/3;0/27,1/28,2/21,3/20,4/22,5/27;0/37,1/27,2/28,3/26,4/40,5/38,6/40,7/26,8/30,9/29,10/39,11/38;0/219,1/220,2/180,3/166,4/173,5/216;0/164,1/107,2/100,3/104,4/148,5/157,6/154,7/114,8/113,9/111,10/163,11/169
2579.98;148;407;6;12;0/358.46,1/339.93,2/754.17,3/883.28,4/811.29,5/392.9;0/929.98,1/1470.73,2/1524.87,3/1497.63,4/1069.98,5/999.98,6/989.98,7/1381.78,8/1429.98,9/1412.84,10/930.88,11/889.98;0/2579.98,1/2579.98,2/2579.98,3/2579.98,4/2579.98,5/2579.98;0/2579.98,1/2579.98,2/2579.98,3/2579.98,4/2579.98,5/2579.98,6/2579.98,7/2579.98,8/2579.98,9/2579.98,10/2579.98,11/2579.98;0/13,1/7,2/12,3/12,4/14,5/13;0/4,1/7,2/5,3/2,4/5,5/5,6/4,7/4,8/4,9/7,10/6,11/5;0/18,1/19,2/19,3/22,4/20,5/22;0/11,1/11,2/6,3/7,4/11,5/11,6/9,7/6,8/8,9/9,10/9,11/11;0/3,1/3,2/2,3/2,4/2,5/3;0/3,1/2,2/2,3/2,4/3,5/3,6/3,7/2,8/2,9/2,10/3,11/3;0/28,1/28,2/21,3/21,4/22,5/28;0/37,1/28,2/29,3/27,4/41,5/38,6/41,7/28,8/30,9/30,10/40,11/38;0/224,1/226,2/184,3/171,4/179,5/221;0/165,1/111,2/106,3/109,4/151,5/158,6/159,7/120,8/115,9/117,10/165,11/169
2639.83;153;419;6;12;0/365.11,1/345.5,2/792.17,3/931.33,4/832.26,5/398.63;0/937.46,1/1470.94,2/1549.83,3/1509.83,4/1090.25,5/1007.96,6/999.83,7/1399.83,8/1489.46,9/1448.82,10/939.83,11/909.46;0/2639.83,1/2639.83,2/2639.83,3/2639.83,4/2639.83,5/2639.83;0/2639.83,1/2639.83,2/2639.83,3/2639.83,4/2639.83,5/2639.83,6/2639.83,7/2639.83,8/2639.83,9/2639.83,10/2639.83,11/2639.83;0/13,1/7,2/13,3/18,4/9,5/14;0/5,1/8,2/7,3/7,4/5,5/5,6/1,7/4,8/3,9/5,10/7,11/5;0/19,1/18,2/23,3/27,4/17,5/24;0/7,1/8,2/10,3/12,4/12,5/8,6/8,7/10,8/7,9/6,10/12,11/7;0/3,1/3,2/2,3/2,4/2,5/3;0/3,1/2,2/2,3/2,4/3,5/3,6/3,7/2,8/2,9/2,10/3,11/3;0/29,1/29,2/22,3/21,4/23,5/29;0/39,1/29,2/29,3/27,4/42,5/40,6/42,7/28,8/31,9/31,10/41,11/40;0/229,1/232,2/187,3/172,4/182,5/226;0/171,1/117,2/109,3/113,4/155,5/164,6/164,7/124,8/116,9/120,10/170,11/174
2699.98;156;429;6;12;0/425.26,1/357.98,2/804.88,3/952.19,4/856.63,5/417.91;0/973.37,1/1529.98,2/1590.88,3/1523.15,4/1090.46,5/1012.22,6/1039.77,7/1459.98,8/1489.98,9/1499.98,10/991.18,11/929.98;0/2699.98,1/2699.98,2/2699.98,3/2699.98,4/2699.98,5/2699.98;0/2699.98,1/2699.98,2/2699.98,3/2699.98,4/2699.98,5/2699.98,6/2699.98,7/2699.98,8/2699.98,9/2699.98,10/2699.98,11/2699.98;0/6,1/13,2/13,3/12,4/15,5/7;0/3,1/5,2/5,3/6,4/4,5/6,6/5,7/3,8/3,9/5,10/4,11/6;0/19,1/20,2/19,3/23,4/19,5/20;0/6,1/8,2/8,3/10,4/9,5/10,6/11,7/10,8/7,9/6,10/11,11/7;0/3,1/3,2/2,3/2,4/2,5/3;0/3,1/2,2/2,3/2,4/3,5/3,6/3,7/2,8/2,9/2,10/3,11/3;0/29,1/30,2/22,3/22,4/24,5/29;0/40,1/29,2/30,3/28,4/44,5/41,6/43,7/28,8/32,9/31,10/42,11/41;0/229,1/236,2/191,3/176,4/186,5/230;0/173,1/117,2/111,3/118,4/161,5/169,6/167,7/124,8/121,9/120,10/171,11/177
2760;161;436;6;12;0/430.22,1/373.92,2/821.32,3/957.57,4/872.37,5/419.6;0/1000,1/1580,2/1631.29,3/1550,4/1090.67,5/1050,6/1040,7/1477.17,8/1490.35,9/1550,10/1008.29,11/990;0/2760,1/2760,2/2760,3/2760,4/2760,5/2760;0/2760,1/2760,2/2760,3/2760,4/2760,5/2760,6/2760,7/2760,8/2760,9/2760,10/2760,11/2760;0/6,1/13,2/18,3/17,4/17,5/10;0/5,1/7,2/5,3/5,4/7,5/6,6/3,7/4,8/7,9/6,10/4,11/4;0/20,1/21,2/19,3/22,4/21,5/24;0/12,1/11,2/9,3/9,4/14,5/12,6/9,7/10,8/12,9/8,10/9,11/7;0/3,1/3,2/2,3/2,4/2,5/3;0/3,1/2,2/2,3/2,4/3,5/3,6/3,7/2,8/2,9/2,10/3,11/3;0/30,1/31,2/23,3/23,4/24,5/30;0/40,1/30,2/31,3/28,4/44,5/42,6/44,7/29,8/32,9/32,10/43,11/41;0/235,1/241,2/196,3/182,4/190,5/236;0/176,1/118,2/113,3/121,4/167,5/171,6/173,7/129,8/127,9/121,10/176,11/177
2819.92;165;448;6;12;0/435.77,1/390.38,2/864.93,3/961.94,4/909.05,5/425.24;0/1019.21,1/1589.92,2/1659.92,3/1579.92,4/1090.83,5/1075.96,6/1040.27,7/1477.6,8/1520.23,9/1589.92,10/1008.63,11/1039.92;0/2819.92,1/2819.92,2/2819.92,3/2819.92,4/2819.92,5/2819.92;0/2819.92,1/2819.92,2/2819.92,3/2819.92,4/2819.92,5/2819.92,6/2819.92,7/2819.92,8/2819.92,9/2819.92,10/2819.92,11/2819.92;0/13,1/13,2/18,3/17,4/11,5/16;0/10,1/9,2/5,3/5,4/5,5/7,6/3,7/4,8/9,9/7,10/6,11/4;0/21,1/23,2/23,3/24,4/18,5/24;0/17,1/11,2/8,3/8,4/9,5/11,6/8,7/6,8/13,9/8,10/13,11/9;0/3,1/3,2/2,3/2,4/2,5/3;0/3,1/2,2/2,3/2,4/3,5/3,6/3,7/2,8/2,9/2,10/3,11/3;0/31,1/32,2/23,3/23,4/25,5/31;0/42,1/31,2/31,3/29,4/45,5/43,6/45,7/30,8/33,9/33,10/44,11/42;0/241,1/245,2/197,3/187,4/193,5/242;0/181,1/123,2/116,3/124,4/173,5/175,6/178,7/135,8/130,9/123,10/182,11/178
2879.76;170;456;6;12;0/440.83,1/395.3,2/910.75,3/1021.79,4/946.82,5/430.61;0/1049.76,1/1646.6,2/1679.76,3/1639.76,4/1122.34,5/1088.93,6/1040.46,7/1499.76,8/1549.76,9/1649.76,10/1020.81,11/1071.26;0/2879.76,1/2879.76,2/2879.76,3/2879.76,4/2879.76,5/2879.76;0/2879.76,1/2879.76,2/2879.76,3/2879.76,4/2879.76,5/2879.76,6/2879.76,7/2879.76,8/2879.76,9/2879.76,10/2879.76,11/2879.76;0/13,1/14,2/12,3/12,4/11,5/4;0/9,1/6,2/11,3/4,4/2,5/6,6/6,7/11,8/6,9/4,10/3,11/3;0/24,1/24,2/21,3/24,4/22,5/19;0/15,1/10,2/13,3/8,4/9,5/9,6/11,7/12,8/12,9/8,10/11,11/8;0/3,1/3,2/2,3/2,4/2,5/3;0/3,1/2,2/2,3/2,4/3,5/3,6/3,7/2,8/2,9/2,10/3,11/3;0/32,1/33,2/24,3/23,4/26,5/32;0/42,1/32,2/32,3/29,4/47,5/44,6/45,7/30,8/33,9/33,10/45,11/44;0/246,1/251,2/199,3/187,4/195,5/247;0/183,1/124,2/120,3/124,4/176,5/180,6/184,7/138,8/133,9/123,10/186,11/181
2939.99;173;463;6;12;0/466.07,1/408.85,2/916.19,3/1027.75,4/953.22,5/435.92;0/1071.04,1/1669.99,2/1739.99,3/1669.99,4/1122.69,5/1109.99,6/1066.71,7/1559.99,8/1574.44,9/1699.99,10/1021.27,11/1109.99;0/2939.99,1/2939.99,2/2939.99,3/2939.99,4/2939.99,5/2939.99;0/2939.99,1/2939.99,2/2939.99,3/2939.99,4/2939.99,5/2939.99,6/2939.99,7/2939.99,8/2939.99,9/2939.99,10/2939.99,11/2939.99;0/13,1/22,2/17,3/18,4/16,5/9;0/6,1/7,2/7,3/7,4/3,5/8,6/7,7/6,8/6,9/4,10/4,11/2;0/28,1/28,2/21,3/24,4/22,5/18;0/13,1/10,2/13,3/12,4/11,5/10,6/9,7/12,8/8,9/7,10/8,11/9;0/3,1/3,2/2,3/2,4/2,5/3;0/3,1/2,2/2,3/2,4/3,5/3,6/3,7/2,8/2,9/2,10/3,11/3;0/32,1/33,2/25,3/24,4/26,5/33;0/43,1/32,2/32,3/30,4/47,5/45,6/46,7/30,8/34,9/34,10/46,11/44;0/249,1/255,2/204,3/193,4/200,5/253;0/187,1/127,2/120,3/127,4/182,5/183,6/188,7/138,8/137,9/124,10/192,11/183
2999.88;177;476;6;12;0/490.17,1/468.74,2/935.69,3/1033.17,4/998.99,5/449.29;0/1096.85,1/1679.88,2/1790.58,3/1679.88,4/1122.91,5/1169.88,6/1069.88,7/1584.02,8/1626.59,9/1729.88,10/1021.63,11/1129.54;0/2999.88,1/2999.88,2/2999.88,3/2999.88,4/2999.88,5/2999.88;0/2999.88,1/2999.88,2/2999.88,3/2999.88,4/2999.88,5/2999.88,6/2999.88,7/2999.88,8/2999.88,9/2999.88,10/2999.88,11/2999.88;0/7,1/15,2/17,3/18,4/10,5/9;0/6,1/7,2/7,3/7,4/3,5/4,6/7,7/7,8/5,9/3,10/6,11/3;0/24,1/28,2/23,3/19,4/20,5/19;0/10,1/11,2/12,3/10,4/6,5/10,6/8,7/12,8/7,9/6,10/8,11/7;0/3,1/3,2/2,3/2,4/2,5/3;0/3,1/2,2/2,3/2,4/3,5/3,6/3,7/2,8/2,9/2,10/3,11/3;0/33,1/33,2/25,3/25,4/27,5/34;0/45,1/33,2/33,3/31,4/48,5/45,6/47,7/31,8/35,9/35,10/47,11/46;0/253,1/255,2/208,3/198,4/202,5/257;0/191,1/132,2/121,3/132,4/188,5/183,6/193,7/142,8/138,9/127,10/198,11/188
3060;179;485;6;12;0/506.55,1/516.07,2/995.81,3/1082.92,4/1013.74,5/454.73;0/1110,1/1740,2/1791.06,3/1713.05,4/1139.06,5/1186.06,6/1120,7/1594.28,8/1670,9/1773.01,10/1080,11/1147.59;0/3060,1/3060,2/3060,3/3060,4/3060,5/3060;0/3060,1/3060,2/3060,3/3060,4/3060,5/3060,6/3060,7/3060,8/3060,9/3060,10/3060,11/3060;0/13,1/15,2/12,3/12,4/16,5/9;0/9,1/6,2/9,3/5,4/2,5/5,6/7,7/10,8/4,9/5,10/10,11/7;0/26,1/26,2/23,3/25,4/22,5/18;0/18,1/11,2/12,3/10,4/8,5/8,6/9,7/13,8/8,9/7,10/14,11/10;0/3,1/3,2/2,3/2,4/2,5/3;0/3,1/2,2/2,3/2,4/3,5/3,6/3,7/2,8/2,9/2,10/3,11/3;0/33,1/34,2/25,3/25,4/27,5/35;0/45,1/33,2/33,3/32,4/50,5/47,6/48,7/32,8/35,9/36,10/47,11/47;0/257,1/257,2/208,3/199,4/206,5/263;0/195,1/132,2/127,3/135,4/193,5/188,6/194,7/147,8/139,9/129,10/198,11/192
3119.98;182;491;6;12;0/521.76,1/519.69,2/1006.39,3/1142.9,4/1037.55,5/469.95;0/1169.98,1/1760.65,2/1819.98,3/1750.91,4/1139.69,5/1216.75,6/1179.98,7/1619.98,8/1699.98,9/1789.98,10/1119.98,11/1189.98;0/3119.98,1/3119.98,2/3119.98,3/3119.98,4/3119.98,5/3119.98;0/3119.98,1/3119.98,2/3119.98,3/3119.98,4/3119.98,5/3119.98,6/3119.98,7/3119.98,8/3119.98,9/3119.98,10/3119.98,11/3119.98;0/6,1/20,2/20,3/12,4/20,5/11;0/7,1/6,2/9,3/4,4/10,5/6,6/6,7/9,8/4,9/7,10/9,11/3;0/21,1/26,2/26,3/25,4/22,5/20;0/18,1/9,2/9,3/10,4/14,5/12,6/9,7/10,8/9,9/8,10/12,11/12;0/3,1/3,2/2,3/2,4/2,5/3;0/3,1/2,2/2,3/2,4/3,5/3,6/3,7/2,8/2,9/2,10/3,11/3;0/34,1/34,2/26,3/25,4/28,5/35;0/45,1/34,2/33,3/33,4/51,5/48,6/48,7/32,8/36,9/36,10/48,11/47;0/262,1/262,2/213,3/199,4/210,5/267;0/195,1/136,2/130,3/137,4/199,5/191,6/194,7/150,8/142,9/133,10/200,11/193
3179.97;186;501;6;12;0/527.96,1/579.69,2/1013.02,3/1146.7,4/1074.24,5/480.43;0/1183.19,1/1787.1,2/1879.97,3/1759.97,4/1159.97,5/1249.97,6/1227.14,7/1679.97,8/1745.59,9/1839.97,10/1149.97,11/1200.01;0/3179.97,1/3179.97,2/3179.97,3/3179.97,4/3179.97,5/3179.97;0/3179.97,1/3179.97,2/3179.97,3/3179.97,4/3179.97,5/3179.97,6/3179.97,7/3179.97,8/3179.97,9/3179.97,10/3179.97,11/3179.97;0/12,1/7,2/20,3/12,4/15,5/12;0/7,1/8,2/6,3/10,4/7,5/4,6/6,7/7,8/6,9/6,10/8,11/5;0/22,1/26,2/28,3/19,4/20,5/21;0/13,1/10,2/9,3/15,4/15,5/11,6/9,7/10,8/10,9/8,10/12,11/11;0/3,1/3,2/2,3/2,4/2,5/3;0/3,1/2,2/2,3/2,4/3,5/3,6/3,7/2,8/2,9/2,10/3,11/3;0/35,1/34,2/27,3/26,4/28,5/36;0/46,1/35,2/33,3/33,4/51,5/48,6/50,7/32,8/37,9/37,10/50,11/49;0/267,1/262,2/219,3/205,4/212,5/272;0/200,1/140,2/130,3/142,4/202,5/193,6/196,7/150,8/144,9/134,10/203,11/198
3239.94;191;512;6;12;0/538.06,1/583.3,2/1066.25,3/1152.89,4/1104.32,5/500.6;0/1183.33,1/1829.94,2/1939.94,3/1786.14,4/1179.94,5/1274.27,6/1242.36,7/1729.94,8/1749.66,9/1895.15,10/1194.49,11/1200.19;0/3239.94,1/3239.94,2/3239.94,3/3239.94,4/3239.94,5/3239.94;0/3239.94,1/3239.94,2/3239.94,3/3239.94,4/3239.94,5/3239.94,6/3239.94,7/3239.94,8/3239.94,9/3239.94,10/3239.94,11/3239.94;0/11,1/13,2/12,3/25,4/19,5/16;0/4,1/6,2/6,3/8,4/6,5/3,6/7,7/6,8/4,9/6,10/6,11/4;0/22,1/26,2/28,3/26,4/24,5/21;0/8,1/10,2/9,3/11,4/11,5/8,6/12,7/11,8/8,9/7,10/10,11/9;0/3,1/3,2/2,3/2,4/2,5/3;0/3,1/2,2/2,3/2,4/3,5/3,6/3,7/2,8/2,9/2,10/3,11/3;0/36,1/35,2/27,3/27,4/29,5/37;0/48,1/35,2/33,3/34,4/52,5/49,6/51,7/33,8/38,9/38,10/51,11/50;0/272,1/268,2/219,3/211,4/216,5/276;0/206,1/141,2/130,3/146,4/206,5/197,6/200,7/151,8/150,9/135,10/205,11/204
3299.96;195;523;6;12;0/547.65,1/601.01,2/1071.64,3/1193.82,4/1143.91,5/510.79;0/1229.96,1/1839.96,2/1969.96,3/1829.96,4/1199.96,5/1290.17,6/1252.57,7/1749.25,8/1769.96,9/1939.96,10/1204.84,11/1215.72;0/3299.96,1/3299.96,2/3299.96,3/3299.96,4/3299.96,5/3299.96;0/3299.96,1/3299.96,2/3299.96,3/3299.96,4/3299.96,5/3299.96,6/3299.96,7/3299.96,8/3299.96,9/3299.96,10/3299.96,11/3299.96;0/11,1/6,2/16,3/11,4/19,5/16;0/2,1/6,2/7,3/4,4/6,5/5,6/6,7/8,8/5,9/6,10/6,11/4;0/22,1/22,2/26,3/25,4/22,5/22;0/12,1/9,2/7,3/10,4/10,5/10,6/8,7/8,8/9,9/8,10/10,11/11;0/3,1/3,2/2,3/2,4/2,5/3;0/3,1/2,2/2,3/2,4/3,5/3,6/3,7/2,8/2,9/2,10/3,11/3;0/36,1/36,2/28,3/27,4/30,5/38;0/48,1/36,2/35,3/34,4/53,5/50,6/52,7/35,8/38,9/39,10/52,11/51;0/277,1/272,2/225,3/212,4/218,5/281;0/207,1/146,2/133,3/147,4/210,5/201,6/205,7/156,8/153,9/136,10/210,11/209
3359.76;199;531;6;12;0/569.99,1/606.79,2/1077.12,3/1216.83,4/1164.51,5/570.58;0/1237.56,1/1899.76,2/2029.76,3/1882.39,4/1226.76,5/1296.76,6/1291.71,7/1799.76,8/1811.71,9/1969.76,10/1249.76,11/1216.09;0/3359.76,1/3359.76,2/3359.76,3/3359.76,4/3359.76,5/3359.76;0/3359.76,1/3359.76,2/3359.76,3/3359.76,4/3359.76,5/3359.76,6/3359.76,7/3359.76,8/3359.76,9/3359.76,10/3359.76,11/3359.76;0/5,1/6,2/16,3/11,4/20,5/6;0/2,1/4,2/4,3/4,4/5,5/3,6/9,7/5,8/6,9/6,10/5,11/4;0/18,1/23,2/21,3/21,4/26,5/22;0/9,1/9,2/7,3/9,4/8,5/8,6/13,7/9,8/9,9/8,10/12,11/7;0/3,1/3,2/2,3/2,4/2,5/3;0/3,1/2,2/2,3/2,4/3,5/3,6/3,7/2,8/2,9/2,10/3,11/3;0/37,1/37,2/29,3/28,4/30,5/38;0/49,1/36,2/35,3/35,4/54,5/51,6/53,7/35,8/39,9/40,10/52,11/52;0/281,1/278,2/230,3/216,4/221,5/281;0/213,1/146,2/133,3/148,4/214,5/207,6/207,7/156,8/155,9/139,10/211,11/215
3419.99;204;541;6;12;0/576.1,1/611.41,2/1087.22,3/1223.27,4/1175.34,5/584.69;0/1238.23,1/1901.33,2/2078.23,3/1909.78,4/1259.99,5/1319.02,6/1329.4,7/1849.99,8/1849.99,9/2029.99,10/1279.99,11/1236.99;0/3419.99,1/3419.99,2/3419.99,3/3419.99,4/3419.99,5/3419.99;0/3419.99,1/3419.99,2/3419.99,3/3419.99,4/3419.99,5/3419.99,6/3419.99,7/3419.99,8/3419.99,9/3419.99,10/3419.99,11/3419.99;0/14,1/12,2/16,3/18,4/20,5/11;0/6,1/6,2/4,3/5,4/5,5/4,6/6,7/5,8/5,9/3,10/5,11/3;0/21,1/24,2/21,3/22,4/26,5/22;0/12,1/11,2/5,3/10,4/8,5/11,6/12,7/10,8/8,9/8,10/11,11/10;0/3,1/3,2/2,3/2,4/2,5/3;0/3,1/2,2/2,3/2,4/3,5/3,6/3,7/2,8/2,9/2,10/3,11/3;0/38,1/38,2/29,3/29,4/31,5/39;0/50,1/37,2/36,3/36,4/55,5/52,6/54,7/36,8/39,9/40,10/53,11/53;0/287,1/283,2/235,3/222,4/226,5/286;0/219,1/152,2/135,3/152,4/216,5/211,6/210,7/157,8/157,9/139,10/214,11/219
3479.98;209;553;6;12;0/581.2,1/616.76,2/1132.92,3/1234.81,4/1194.93,5/590.16;0/1239.98,1/1916.18,2/2097.87,3/1909.98,4/1297.03,5/1320.65,6/1334.7,7/1864.87,8/1867.03,9/2047.51,10/1323.05,11/1271.02;0/3479.98,1/3479.98,2/3479.98,3/3479.98,4/3479.98,5/3479.98;0/3479.98,1/3479.98,2/3479.98,3/3479.98,4/3479.98,5/3479.98,6/3479.98,7/3479.98,8/3479.98,9/3479.98,10/3479.98,11/3479.98;0/15,1/16,2/9,3/18,4/24,5/14;0/2,1/5,2/5,3/10,4/1,5/6,6/5,7/15,8/6,9/4,10/4,11/2;0/22,1/22,2/19,3/25,4/25,5/19;0/9,1/10,2/7,3/11,4/10,5/13,6/7,7/16,8/9,9/8,10/11,11/11;0/3,1/3,2/2,3/2,4/2,5/3;0/3,1/2,2/2,3/2,4/3,5/3,6/3,7/2,8/2,9/2,10/3,11/3;0/39,1/39,2/30,3/29,4/32,5/40;0/51,1/38,2/37,3/36,4/56,5/53,6/55,7/37,8/40,9/41,10/55,11/54;0/292,1/289,2/237,3/226,4/231,5/292;0/224,1/157,2/139,3/157,4/219,5/216,6/215,7/162,8/162,9/144,10/216,11/221
3539.94;213;562;6;12;0/587.02,1/617.49,2/1138.62,3/1279.6,4/1235.31,5/595.36;0/1277.95,1/1916.35,2/2128.79,3/1943.32,4/1297.45,5/1320.76,6/1335.19,7/1919.94,8/1889.94,9/2047.65,10/1323.16,11/1271.6;0/3539.94,1/3539.94,2/3539.94,3/3539.94,4/3539.94,5/3539.94;0/3539.94,1/3539.94,2/3539.94,3/3539.94,4/3539.94,5/3539.94,6/3539.94,7/3539.94,8/3539.94,9/3539.94,10/3539.94,11/3539.94;0/14,1/16,2/16,3/12,4/16,5/11;0/4,1/7,2/7,3/6,4/3,5/4,6/8,7/9,8/7,9/6,10/6,11/3;0/21,1/22,2/21,3/23,4/24,5/20;0/9,1/9,2/11,3/11,4/9,5/9,6/12,7/17,8/7,9/8,10/12,11/11;0/3,1/3,2/2,3/2,4/2,5/3;0/3,1/2,2/2,3/2,4/3,5/3,6/3,7/2,8/2,9/2,10/3,11/3;0/40,1/39,2/31,3/30,4/32,5/41;0/52,1/39,2/38,3/37,4/57,5/54,6/56,7/37,8/41,9/42,10/55,11/54;0/298,1/295,2/242,3/228,4/232,5/297;0/227,1/163,2/142,3/160,4/225,5/222,6/221,7/162,8/165,9/150,10/222,11/227
3599.96;217;569;6;12;0/591.69,1/646.48,2/1148.12,3/1285.17,4/1253.98,5/650.46;0/1281.55,1/1949.96,2/2149.96,3/1959.96,4/1297.68,5/1323.16,6/1369.96,7/1926.96,8/1949.96,9/2089.96,10/1369.96,11/1271.8;0/3599.96,1/3599.96,2/3599.96,3/3599.96,4/3599.96,5/3599.96;0/3599.96,1/3599.96,2/3599.96,3/3599.96,4/3599.96,5/3599.96,6/3599.96,7/3599.96,8/3599.96,9/3599.96,10/3599.96,11/3599.96;0/9,1/10,2/13,3/19,4/16,5/6;0/1,1/5,2/5,3/6,4/6,5/4,6/7,7/10,8/5,9/8,10/9,11/3;0/23,1/19,2/20,3/25,4/24,5/19;0/8,1/7,2/10,3/7,4/11,5/12,6/14,7/15,8/7,9/11,10/18,11/8;0/3,1/3,2/2,3/2,4/2,5/3;0/3,1/2,2/2,3/2,4/3,5/3,6/3,7/2,8/2,9/2,10/3,11/3;0/41,1/40,2/31,3/30,4/33,5/42;0/53,1/39,2/38,3/37,4/58,5/55,6/56,7/38,8/41,9/42,10/56,11/56;0/303,1/298,2/247,3/233,4/237,5/298;0/232,1/165,2/145,3/164,4/231,5/228,6/223,7/168,8/165,9/151,10/223,11/233
3659.96;222;579;6;12;0/608.83,1/652.72,2/1192.58,3/1316.12,4/1262.82,5/652.63;0/1286.96,1/1996.04,2/2203.43,3/2009.96,4/1329.96,5/1326.87,6/1399.96,7/1936.8,8/1999.96,9/2137.92,10/1383.8,11/1279.96;0/3659.96,1/3659.96,2/3659.96,3/3659.96,4/3659.96,5/3659.96;0/3659.96,1/3659.96,2/3659.96,3/3659.96,4/3659.96,5/3659.96,6/3659.96,7/3659.96,8/3659.96,9/3659.96,10/3659.96,11/3659.96;0/16,1/12,2/8,3/19,4/16,5/13;0/2,1/4,2/3,3/7,4/2,5/4,6/7,7/10,8/6,9/7,10/8,11/7;0/25,1/20,2/18,3/22,4/19,5/21;0/8,1/5,2/9,3/8,4/14,5/10,6/13,7/10,8/8,9/9,10/15,11/10;0/3,1/3,2/2,3/2,4/2,5/3;0/3,1/2,2/2,3/2,4/3,5/3,6/3,7/2,8/2,9/2,10/3,11/3;0/42,1/41,2/32,3/31,4/34,5/42;0/54,1/40,2/39,3/38,4/58,5/56,6/57,7/39,8/42,9/43,10/57,11/56;0/308,1/303,2/249,3/236,4/242,5/303;0/238,1/167,2/146,3/165,4/233,5/234,6/226,7/173,8/166,9/153,10/228,11/238
3719.98;227;588;6;12;0/613.68,1/658.06,2/1198.1,3/1345.68,4/1286.12,5/661.56;0/1309.98,1/2039.78,2/2203.81,3/2069.98,4/1345.62,5/1332,6/1431.11,7/1989.98,8/2029.98,9/2179.98,10/1395.36,11/1319.98;0/3719.98,1/3719.98,2/3719.98,3/3719.98,4/3719.98,5/3719.98;0/3719.98,1/3719.98,2/3719.98,3/3719.98,4/3719.98,5/3719.98,6/3719.98,7/3719.98,8/3719.98,9/3719.98,10/3719.98,11/3719.98;0/9,1/12,2/13,3/20,4/8,5/13;0/3,1/7,2/6,3/4,4/3,5/3,6/6,7/9,8/6,9/6,10/7,11/1;0/20,1/20,2/17,3/25,4/20,5/19;0/9,1/11,2/10,3/8,4/12,5/9,6/10,7/10,8/10,9/8,10/10,11/9;0/3,1/3,2/2,3/2,4/2,5/3;0/3,1/2,2/2,3/2,4/3,5/3,6/3,7/2,8/2,9/2,10/3,11/3;0/43,1/42,2/33,3/31,4/34,5/44;0/54,1/41,2/40,3/38,4/59,5/57,6/58,7/39,8/43,9/43,10/59,11/57;0/313,1/309,2/255,3/239,4/245,5/309;0/241,1/169,2/152,3/165,4/238,5/239,6/229,7/173,8/169,9/154,10/233,11/240
3779.99;228;598;6;12;0/619.43,1/693.08,2/1209.05,3/1405.69,4/1346.13,5/693.48;0/1336.99,1/2049.99,2/2219.99,3/2099.99,4/1345.81,5/1369.99,6/1431.68,7/2039.99,8/2065.28,9/2229.99,10/1409.99,11/1355.81;0/3779.99,1/3779.99,2/3779.99,3/3779.99,4/3779.99,5/3779.99;0/3779.99,1/3779.99,2/3779.99,3/3779.99,4/3779.99,5/3779.99,6/3779.99,7/3779.99,8/3779.99,9/3779.99,10/3779.99,11/3779.99;0/11,1/12,2/14,3/13,4/8,5/13;0/3,1/4,2/5,3/5,4/5,5/2,6/7,7/10,8/9,9/5,10/8,11/2;0/20,1/23,2/18,3/25,4/20,5/23;0/9,1/8,2/7,3/8,4/11,5/9,6/12,7/14,8/11,9/7,10/12,11/10;0/3,1/3,2/2,3/2,4/2,5/3;0/3,1/2,2/2,3/2,4/3,5/3,6/3,7/2,8/2,9/2,10/3,11/3;0/44,1/42,2/33,3/31,4/34,5/44;0/55,1/41,2/40,3/39,4/61,5/57,6/60,7/40,8/44,9/44,10/59,11/58;0/319,1/311,2/259,3/239,4/245,5/311;0/245,1/173,2/156,3/168,4/244,5/241,6/235,7/174,8/172,9/155,10/237,11/243
3839.91;233;610;6;12;0/621.29,1/704.34,2/1268.98,3/1406.86,4/1347.89,5/709.27;0/1337.29,1/2089.61,2/2279.91,3/2129.91,4/1346.04,5/1389.91,6/1449.91,7/2097.92,8/2108.75,9/2274.62,10/1452.24,11/1356.04;0/3839.91,1/3839.91,2/3839.91,3/3839.91,4/3839.91,5/3839.91;0/3839.91,1/3839.91,2/3839.91,3/3839.91,4/3839.91,5/3839.91,6/3839.91,7/3839.91,8/3839.91,9/3839.91,10/3839.91,11/3839.91;0/9,1/10,2/9,3/17,4/14,5/13;0/4,1/3,2/4,3/4,4/4,5/5,6/9,7/10,8/6,9/5,10/4,11/7;0/19,1/22,2/18,3/23,4/20,5/22;0/10,1/8,2/7,3/9,4/7,5/11,6/16,7/13,8/9,9/7,10/11,11/14;0/3,1/3,2/2,3/2,4/2,5/3;0/3,1/2,2/2,3/2,4/3,5/3,6/3,7/2,8/2,9/2,10/3,11/3;0/44,1/43,2/33,3/32,4/35,5/46;0/56,1/42,2/40,3/40,4/61,5/59,6/60,7/41,8/45,9/46,10/61,11/59;0/324,1/316,2/259,3/245,4/251,5/316;0/251,1/176,2/156,3/171,4/250,5/246,6/239,7/175,8/174,9/157,10/239,11/249
3899.96;238;617;6;12;0/643.69,1/710.85,2/1289.8,3/1413.29,4/1353.37,5/714.33;0/1349.96,1/2103.81,2/2319.96,3/2189.96,4/1364.48,5/1390.07,6/1509.96,7/2119.96,8/2109.96,9/2289.96,10/1452.41,11/1356.65;0/3899.96,1/3899.96,2/3899.96,3/3899.96,4/3899.96,5/3899.96;0/3899.96,1/3899.96,2/3899.96,3/3899.96,4/3899.96,5/3899.96,6/3899.96,7/3899.96,8/3899.96,9/3899.96,10/3899.96,11/3899.96;0/9,1/10,2/14,3/18,4/19,5/13;0/4,1/3,2/4,3/3,4/6,5/6,6/8,7/9,8/7,9/3,10/5,11/8;0/19,1/20,2/19,3/22,4/19,5/24;0/9,1/6,2/8,3/9,4/10,5/11,6/16,7/10,8/8,9/9,10/9,11/13;0/3,1/3,2/2,3/2,4/2,5/3;0/3,1/2,2/2,3/2,4/3,5/3,6/3,7/2,8/2,9/2,10/3,11/3;0/45,1/44,2/34,3/33,4/36,5/46;0/57,1/43,2/41,3/40,4/62,5/60,6/60,7/41,8/45,9/46,10/62,11/60;0/328,1/322,2/263,3/251,4/257,5/321;0/255,1/180,2/158,3/171,4/254,5/251,6/239,7/178,8/179,9/161,10/245,11/255
3959.79;243;628;6;12;0/650.79,1/737.88,2/1304.93,3/1456.73,4/1406.93,5/734.46;0/1368.51,1/2129.79,2/2349.79,3/2204.51,4/1383.68,5/1429.79,6/1511.43,7/2169.79,8/2159.79,9/2292.29,10/1453.3,11/1359.79;0/3959.79,1/3959.79,2/3959.79,3/3959.79,4/3959.79,5/3959.79;0/3959.79,1/3959.79,2/3959.79,3/3959.79,4/3959.79,5/3959.79,6/3959.79,7/3959.79,8/3959.79,9/3959.79,10/3959.79,11/3959.79;0/14,1/11,2/14,3/13,4/13,5/13;0/4,1/1,2/4,3/4,4/4,5/3,6/9,7/8,8/7,9/6,10/8,11/5;0/18,1/22,2/19,3/21,4/19,5/24;0/8,1/7,2/6,3/7,4/6,5/11,6/12,7/9,8/10,9/8,10/14,11/11;0/3,1/3,2/2,3/2,4/2,5/3;0/3,1/2,2/2,3/2,4/3,5/3,6/3,7/2,8/2,9/2,10/3,11/3;0/46,1/45,2/35,3/34,4/36,5/47;0/58,1/43,2/42,3/41,4/63,5/60,6/63,7/42,8/46,9/47,10/63,11/60;0/334,1/325,2/268,3/252,4/257,5/325;0/260,1/183,2/161,3/176,4/258,5/253,6/245,7/179,8/180,9/167,10/251,11/260
4019.8;249;636;6;12;0/689.88,1/743.28,2/1358.7,3/1481.21,4/1415.54,5/754.68;0/1419.8,1/2137.86,2/2409.8,3/2213.27,4/1431.94,5/1479.8,6/1539.8,7/2219.8,8/2169.8,9/2339.8,10/1508.25,11/1394.49;0/4019.8,1/4019.8,2/4019.8,3/4019.8,4/4019.8,5/4019.8;0/4019.8,1/4019.8,2/4019.8,3/4019.8,4/4019.8,5/4019.8,6/4019.8,7/4019.8,8/4019.8,9/4019.8,10/4019.8,11/4019.8;0/13,1/16,2/9,3/13,4/13,5/8;0/4,1/2,2/3,3/5,4/3,5/2,6/7,7/7,8/7,9/1,10/6,11/5;0/20,1/21,2/18,3/22,4/18,5/21;0/13,1/7,2/6,3/6,4/5,5/12,6/9,7/10,8/9,9/9,10/13,11/11;0/3,1/3,2/2,3/2,4/2,5/3;0/3,1/2,2/2,3/2,4/3,5/3,6/3,7/2,8/2,9/2,10/3,11/3;0/47,1/46,2/36,3/35,4/37,5/48;0/58,1/44,2/42,3/42,4/64,5/61,6/63,7/43,8/47,9/47,10/64,11/61;0/336,1/331,2/269,3/256,4/263,5/330;0/260,1/189,2/161,3/181,4/259,5/254,6/248,7/180,8/185,9/168,10/252,11/263
4079.92;254;645;6;12;0/696.12,1/748.82,2/1370.59,3/1486.28,4/1459.8,5/763.77;0/1433.25,1/2146.92,2/2449.92,3/2259.92,4/1449.92,5/1493.69,6/1599.92,7/2279.92,8/2209.92,9/2364.2,10/1508.33,11/1424.81;0/4079.92,1/4079.92,2/4079.92,3/4079.92,4/4079.92,5/4079.92;0/4079.92,1/4079.92,2/4079.92,3/4079.92,4/4079.92,5/4079.92,6/4079.92,7/4079.92,8/4079.92,9/4079.92,10/4079.92,11/4079.92;0/17,1/20,2/15,3/20,4/13,5/12;0/5,1/6,2/4,3/4,4/6,5/2,6/6,7/5,8/9,9/1,10/6,11/4;0/23,1/25,2/20,3/23,4/17,5/20;0/12,1/10,2/8,3/7,4/7,5/10,6/9,7/10,8/12,9/9,10/10,11/8;0/3,1/3,2/2,3/2,4/2,5/3;0/3,1/2,2/2,3/2,4/3,5/3,6/3,7/2,8/2,9/2,10/3,11/3;0/48,1/47,2/36,3/36,4/38,5/49;0/59,1/45,2/43,3/42,4/66,5/62,6/63,7/43,8/48,9/48,10/64,11/62;0/341,1/336,2/273,3/262,4/264,5/335;0/265,1/194,2/163,3/182,4/264,5/259,6/248,7/180,8/187,9/172,10/258,11/266
4139.97;258;658;6;12;0/705.09,1/773.08,2/1409.39,3/1507.39,4/1477.99,5/772.29;0/1449.24,1/2149.97,2/2469.97,3/2309.97,4/1489.97,5/1494.13,6/1635.18,7/2309.97,8/2267.47,9/2364.57,10/1533.08,11/1449.97;0/4139.97,1/4139.97,2/4139.97,3/4139.97,4/4139.97,5/4139.97;0/4139.97,1/4139.97,2/4139.97,3/4139.97,4/4139.97,5/4139.97,6/4139.97,7/4139.97,8/4139.97,9/4139.97,10/4139.97,11/4139.97;0/17,1/9,2/15,3/20,4/13,5/11;0/7,1/8,2/4,3/9,4/3,5/4,6/7,7/7,8/6,9/2,10/8,11/8;0/26,1/21,2/23,3/25,4/22,5/20;0/11,1/11,2/9,3/13,4/8,5/10,6/7,7/12,8/11,9/7,10/11,11/12;0/3,1/3,2/2,3/2,4/2,5/3;0/3,1/2,2/2,3/2,4/3,5/3,6/3,7/2,8/2,9/2,10/3,11/3;0/49,1/48,2/37,3/36,4/38,5/50;0/61,1/45,2/44,3/43,4/66,5/63,6/66,7/44,8/49,9/49,10/65,11/63;0/346,1/340,2/276,3/265,4/268,5/340;0/270,1/199,2/167,3/183,4/265,5/265,6/251,7/183,8/188,9/178,10/261,11/269
4199.95;261;663;6;12;0/732.75,1/793.82,2/1441.12,3/1567.38,4/1537.97,5/777.09;0/1449.39,1/2209.95,2/2521.05,3/2329.3,4/1524.07,5/1494.41,6/1689.95,7/2320.79,8/2299.95,9/2364.87,10/1539.95,11/1509.95;0/4199.95,1/4199.95,2/4199.95,3/4199.95,4/4199.95,5/4199.95;0/4199.95,1/4199.95,2/4199.95,3/4199.95,4/4199.95,5/4199.95,6/4199.95,7/4199.95,8/4199.95,9/4199.95,10/4199.95,11/4199.95;0/9,1/13,2/15,3/13,4/8,5/9;0/5,1/4,2/3,3/8,4/7,5/8,6/6,7/11,8/7,9/5,10/10,11/3;0/27,1/21,2/21,3/25,4/22,5/21;0/9,1/11,2/8,3/11,4/10,5/11,6/8,7/12,8/14,9/10,10/11,11/12;0/3,1/3,2/2,3/2,4/2,5/3;0/3,1/2,2/2,3/2,4/3,5/3,6/3,7/2,8/2,9/2,10/3,11/3;0/50,1/49,2/37,3/36,4/38,5/51;0/61,1/45,2/45,3/44,4/67,5/63,6/66,7/45,8/49,9/49,10/66,11/63;0/350,1/344,2/278,3/265,4/268,5/345;0/276,1/199,2/168,3/188,4/268,5/271,6/251,7/188,8/190,9/184,10/266,11/269
4259.96;266;674;6;12;0/733.45,1/799.32,2/1470.33,3/1584.62,4/1564.66,5/781.71;0/1479.96,1/2228.34,2/2521.27,3/2349.96,4/1556.94,5/1529.96,6/1749.96,7/2379.96,8/2303.88,9/2370.37,10/1583.38,11/1529.96;0/4259.96,1/4259.96,2/4259.96,3/4259.96,4/4259.96,5/4259.96;0/4259.96,1/4259.96,2/4259.96,3/4259.96,4/4259.96,5/4259.96,6/4259.96,7/4259.96,8/4259.96,9/4259.96,10/4259.96,11/4259.96;0/9,1/13,2/14,3/18,4/16,5/16;0/5,1/4,2/4,3/8,4/7,5/5,6/5,7/8,8/6,9/8,10/7,11/5;0/22,1/19,2/22,3/25,4/26,5/22;0/10,1/7,2/7,3/8,4/13,5/12,6/8,7/12,8/11,9/13,10/13,11/12;0/3,1/3,2/2,3/2,4/2,5/3;0/3,1/2,2/2,3/2,4/3,5/3,6/3,7/2,8/2,9/2,10/3,11/3;0/50,1/50,2/38,3/37,4/39,5/52;0/62,1/46,2/46,3/45,4/69,5/64,6/66,7/45,8/50,9/50,10/67,11/64;0/355,1/349,2/282,3/270,4/272,5/351;0/278,1/204,2/174,3/191,4/271,5/273,6/251,7/188,8/196,9/189,10/268,11/273
4319.98;270;685;6;12;0/738.7,1/825.88,2/1475.58,3/1590.42,4/1568.61,5/818.82;0/1499.98,1/2259.31,2/2529.98,3/2409.98,4/1557.22,5/1570.19,6/1764.63,7/2389.98,8/2346.3,9/2383.78,10/1597.72,11/1535.07;0/4319.98,1/4319.98,2/4319.98,3/4319.98,4/4319.98,5/4319.98;0/4319.98,1/4319.98,2/4319.98,3/4319.98,4/4319.98,5/4319.98,6/4319.98,7/4319.98,8/4319.98,9/4319.98,10/4319.98,11/4319.98;0/9,1/8,2/19,3/24,4/16,5/9;0/4,1/4,2/3,3/4,4/5,5/5,6/6,7/6,8/6,9/12,10/10,11/6;0/21,1/22,2/22,3/26,4/21,5/25;0/8,1/5,2/9,3/8,4/11,5/12,6/7,7/11,8/9,9/18,10/14,11/12;0/3,1/3,2/2,3/2,4/2,5/3;0/3,1/2,2/2,3/2,4/3,5/3,6/3,7/2,8/2,9/2,10/3,11/3;0/51,1/50,2/39,3/38,4/39,5/53;0/63,1/47,2/46,3/45,4/69,5/65,6/68,7/46,8/51,9/51,10/68,11/66;0/361,1/352,2/287,3/275,4/277,5/353;0/282,1/207,2/179,3/191,4/277,5/275,6/256,7/193,8/198,9/194,10/273,11/279
4379.99;274;691;6;12;0/743.74,1/851.41,2/1502.53,3/1628.51,4/1579.01,5/836.59;0/1556.36,1/2279.99,2/2587.17,3/2469.99,4/1589.99,5/1629.99,6/1789.99,7/2402.66,8/2369.99,9/2384.13,10/1610.97,11/1555.79;0/4379.99,1/4379.99,2/4379.99,3/4379.99,4/4379.99,5/4379.99;0/4379.99,1/4379.99,2/4379.99,3/4379.99,4/4379.99,5/4379.99,6/4379.99,7/4379.99,8/4379.99,9/4379.99,10/4379.99,11/4379.99;0/15,1/13,2/14,3/18,4/12,5/12;0/2,1/4,2/2,3/4,4/3,5/3,6/4,7/5,8/6,9/9,10/10,11/3;0/25,1/23,2/19,3/24,4/20,5/24;0/7,1/8,2/8,3/8,4/10,5/12,6/12,7/9,8/10,9/13,10/15,11/8;0/3,1/3,2/2,3/2,4/2,5/3;0/3,1/2,2/2,3/2,4/3,5/3,6/3,7/2,8/2,9/2,10/3,11/3;0/52,1/52,2/39,3/38,4/40,5/53;0/64,1/47,2/47,3/45,4/69,5/65,6/69,7/47,8/51,9/51,10/69,11/67;0/367,1/356,2/290,3/277,4/282,5/357;0/283,1/210,2/180,3/191,4/279,5/275,6/259,7/198,8/201,9/200,10/277,11/283
4439.89;278;701;6;12;0/748.6,1/856.71,2/1547.46,3/1672.08,4/1638.91,5/849.43;0/1563.81,1/2339.89,2/2589.89,3/2473.97,4/1595.78,5/1655.78,6/1849.89,7/2420.81,8/2403.21,9/2439.89,10/1619.89,11/1596.52;0/4439.89,1/4439.89,2/4439.89,3/4439.89,4/4439.89,5/4439.89;0/4439.89,1/4439.89,2/4439.89,3/4439.89,4/4439.89,5/4439.89,6/4439.89,7/4439.89,8/4439.89,9/4439.89,10/4439.89,11/4439.89;0/15,1/13,2/12,3/12,4/8,5/10;0/2,1/3,2/2,3/8,4/6,5/3,6/4,7/6,8/7,9/9,10/8,11/2;0/20,1/22,2/20,3/22,4/20,5/22;0/8,1/8,2/8,3/9,4/13,5/10,6/12,7/8,8/9,9/13,10/13,11/10;0/3,1/3,2/2,3/2,4/2,5/3;0/3,1/2,2/2,3/2,4/3,5/3,6/3,7/2,8/2,9/2,10/3,11/3;0/53,1/52,2/40,3/39,4/40,5/54;0/65,1/47,2/47,3/47,4/71,5/66,6/69,7/48,8/52,9/51,10/70,11/68;0/372,1/361,2/292,3/279,4/282,5/362;0/288,1/210,2/185,3/197,4/285,5/279,6/259,7/202,8/204,9/200,10/282,11/285
4499.97;282;713;6;12;0/754.99,1/867.14,2/1572.7,3/1689.21,4/1675.45,5/855.78;0/1564.1,1/2351.55,2/2591.22,3/2529.97,4/1621.31,5/1655.91,6/1860.16,7/2439.97,8/2449.97,9/2459.97,10/1649.97,11/1596.69;0/4499.97,1/4499.97,2/4499.97,3/4499.97,4/4499.97,5/4499.97;0/4499.97,1/4499.97,2/4499.97,3/4499.97,4/4499.97,5/4499.97,6/4499.97,7/4499.97,8/4499.97,9/4499.97,10/4499.97,11/4499.97;0/21,1/13,2/19,3/16,4/13,5/11;0/4,1/5,2/2,3/6,4/5,5/4,6/6,7/4,8/4,9/9,10/7,11/2;0/27,1/21,2/24,3/22,4/22,5/20;0/7,1/8,2/6,3/9,4/11,5/7,6/14,7/8,8/8,9/15,10/10,11/8;0/3,1/3,2/2,3/2,4/2,5/3;0/3,1/2,2/2,3/2,4/3,5/3,6/3,7/2,8/2,9/2,10/3,11/3;0/54,1/53,2/40,3/39,4/41,5/55;0/66,1/49,2/48,3/47,4/72,5/68,6/72,7/48,8/52,9/52,10/71,11/68;0/377,1/366,2/295,3/283,4/285,5/368;0/294,1/215,2/191,3/197,4/288,5/285,6/264,7/206,8/205,9/204,10/285,11/291
4559.99;286;721;6;12;0/815.01,1/887.43,2/1588.34,3/1709.49,4/1679.4,5/862.27;0/1579.49,1/2351.72,2/2619.99,3/2559.99,4/1629.99,5/1656.4,6/1860.41,7/2486.65,8/2479.99,9/2490.05,10/1689.99,11/1629.99;0/4559.99,1/4559.99,2/4559.99,3/4559.99,4/4559.99,5/4559.99;0/4559.99,1/4559.99,2/4559.99,3/4559.99,4/4559.99,5/4559.99,6/4559.99,7/4559.99,8/4559.99,9/4559.99,10/4559.99,11/4559.99;0/16,1/13,2/16,3/17,4/13,5/7;0/4,1/5,2/4,3/5,4/8,5/4,6/8,7/3,8/8,9/7,10/6,11/1;0/27,1/21,2/19,3/22,4/17,5/15;0/8,1/6,2/10,3/8,4/17,5/10,6/12,7/6,8/13,9/13,10/12,11/8;0/3,1/3,2/2,3/2,4/2,5/3;0/3,1/2,2/2,3/2,4/3,5/3,6/3,7/2,8/2,9/2,10/3,11/3;0/54,1/54,2/41,3/40,4/41,5/56;0/67,1/49,2/48,3/48,4/72,5/68,6/73,7/49,8/53,9/53,10/72,11/69;0/377,1/370,2/300,3/288,4/290,5/373;0/299,1/221,2/194,3/200,4/293,5/291,6/270,7/208,8/208,9/207,10/287,11/293
4619.91;292;730;6;12;0/833.23,1/910.16,2/1612.96,3/1723.81,4/1699.51,5/877.92;0/1602.41,1/2405.83,2/2623.41,3/2600.75,4/1667.34,5/1699.91,6/1899.91,7/2519.91,8/2517.87,9/2501.65,10/1710.45,11/1641.65;0/4619.91,1/4619.91,2/4619.91,3/4619.91,4/4619.91,5/4619.91;0/4619.91,1/4619.91,2/4619.91,3/4619.91,4/4619.91,5/4619.91,6/4619.91,7/4619.91,8/4619.91,9/4619.91,10/4619.91,11/4619.91;0/10,1/9,2/16,3/23,4/17,5/13;0/4,1/5,2/5,3/4,4/5,5/4,6/4,7/4,8/11,9/5,10/4,11/2;0/22,1/17,2/21,3/24,4/17,5/17;0/8,1/8,2/8,3/9,4/14,5/9,6/10,7/8,8/14,9/9,10/8,11/7;0/3,1/3,2/2,3/2,4/2,5/3;0/3,1/2,2/2,3/2,4/3,5/3,6/3,7/2,8/2,9/2,10/3,11/3;0/55,1/55,2/42,3/41,4/42,5/57;0/68,1/50,2/49,3/49,4/73,5/68,6/73,7/49,8/54,9/54,10/73,11/70;0/382,1/374,2/303,3/292,4/294,5/377;0/302,1/222,2/200,3/202,4/296,5/292,6/272,7/210,8/211,9/212,10/291,11/298
4679.95;296;741;6;12;0/838.73,1/927.6,2/1656.7,3/1770.01,4/1759.56,5/898.24;0/1635.29,1/2406.29,2/2659.95,3/2604.09,4/1667.43,5/1718.79,6/1921.25,7/2524.92,8/2540.66,9/2539.95,10/1731.88,11/1657.72;0/4679.95,1/4679.95,2/4679.95,3/4679.95,4/4679.95,5/4679.95;0/4679.95,1/4679.95,2/4679.95,3/4679.95,4/4679.95,5/4679.95,6/4679.95,7/4679.95,8/4679.95,9/4679.95,10/4679.95,11/4679.95;0/14,1/18,2/16,3/18,4/9,5/13;0/3,1/5,2/6,3/3,4/6,5/3,6/3,7/7,8/8,9/5,10/8,11/2;0/21,1/22,2/26,3/23,4/17,5/20;0/11,1/8,2/8,3/5,4/11,5/6,6/8,7/8,8/11,9/11,10/11,11/10;0/3,1/3,2/2,3/2,4/2,5/3;0/3,1/2,2/2,3/2,4/3,5/3,6/3,7/2,8/2,9/2,10/3,11/3;0/56,1/56,2/43,3/41,4/42,5/58;0/69,1/50,2/49,3/50,4/74,5/70,6/74,7/50,8/55,9/54,10/75,11/71;0/387,1/378,2/305,3/293,4/294,5/381;0/305,1/228,2/202,3/208,4/302,5/297,6/276,7/216,8/214,9/214,10/295,11/303
4739.98;301;750;6;12;0/844.18,1/947.75,2/1683.52,3/1788.87,4/1796.49,5/918.57;0/1636.05,1/2429.98,2/2689.98,3/2649.98,4/1681.39,5/1735.31,6/1938.39,7/2553.91,8/2569.98,9/2555.11,10/1779.98,11/1658.05;0/4739.98,1/4739.98,2/4739.98,3/4739.98,4/4739.98,5/4739.98;0/4739.98,1/4739.98,2/4739.98,3/4739.98,4/4739.98,5/4739.98,6/4739.98,7/4739.98,8/4739.98,9/4739.98,10/4739.98,11/4739.98;0/21,1/13,2/16,3/17,4/15,5/12;0/3,1/7,2/6,3/6,4/8,5/2,6/3,7/4,8/6,9/3,10/7,11/5;0/26,1/24,2/23,3/22,4/20,5/22;0/9,1/8,2/7,3/13,4/14,5/6,6/6,7/8,8/8,9/6,10/16,11/11;0/3,1/3,2/2,3/2,4/2,5/3;0/3,1/2,2/2,3/2,4/3,5/3,6/3,7/2,8/2,9/2,10/3,11/3;0/57,1/57,2/43,3/42,4/43,5/59;0/70,1/51,2/50,3/50,4/75,5/71,6/76,7/51,8/55,9/55,10/75,11/71;0/393,1/382,2/308,3/298,4/297,5/385;0/311,1/231,2/205,3/209,4/306,5/301,6/281,7/219,8/217,9/219,10/296,11/309
4799.99;307;756;6;12;0/880.21,1/1000.17,2/1688.52,3/1801.48,4/1804.67,5/948.62;0/1649.07,1/2489.99,2/2741.81,3/2657.66,4/1699.99,5/1749.99,6/1938.63,7/2579.99,8/2629.99,9/2599.99,10/1810.79,11/1659.99;0/4799.99,1/4799.99,2/4799.99,3/4799.99,4/4799.99,5/4799.99;0/4799.99,1/4799.99,2/4799.99,3/4799.99,4/4799.99,5/4799.99,6/4799.99,7/4799.99,8/4799.99,9/4799.99,10/4799.99,11/4799.99;0/14,1/8,2/16,3/21,4/26,5/12;0/4,1/3,2/5,3/7,4/7,5/5,6/8,7/4,8/5,9/4,10/8,11/4;0/24,1/23,2/23,3/22,4/26,5/23;0/8,1/8,2/6,3/12,4/10,5/8,6/13,7/8,8/8,9/9,10/16,11/9;0/3,1/3,2/2,3/2,4/2,5/3;0/3,1/2,2/2,3/2,4/3,5/3,6/3,7/2,8/2,9/2,10/3,11/3;0/58,1/58,2/44,3/43,4/44,5/60;0/71,1/51,2/51,3/51,4/75,5/71,6/76,7/51,8/55,9/55,10/77,11/72;0/395,1/383,2/314,3/302,4/302,5/388;0/316,1/231,2/206,3/215,4/310,5/305,6/287,7/222,8/217,9/220,10/299,11/314
4859.73;309;769;6;12;0/905.91,1/1005.77,2/1733.43,3/1850.5,4/1860.15,5/970.71;0/1669.73,1/2539.73,2/2799.73,3/2682.47,4/1737.76,5/1776.46,6/1956.06,7/2598.1,8/2653.9,9/2603.13,10/1810.89,11/1679.73;0/4859.73,1/4859.73,2/4859.73,3/4859.73,4/4859.73,5/4859.73;0/4859.73,1/4859.73,2/4859.73,3/4859.73,4/4859.73,5/4859.73,6/4859.73,7/4859.73,8/4859.73,9/4859.73,10/4859.73,11/4859.73;0/14,1/14,2/16,3/13,4/15,5/10;0/3,1/3,2/5,3/10,4/7,5/2,6/6,7/10,8/5,9/4,10/6,11/4;0/25,1/23,2/22,3/21,4/26,5/23;0/8,1/9,2/8,3/14,4/11,5/9,6/12,7/11,8/6,9/7,10/12,11/11;0/3,1/3,2/2,3/2,4/2,5/3;0/3,1/2,2/2,3/2,4/3,5/3,6/3,7/2,8/2,9/2,10/3,11/3;0/58,1/59,2/44,3/43,4/44,5/61;0/71,1/52,2/51,3/52,4/77,5/73,6/77,7/52,8/57,9/56,10/78,11/73;0/398,1/389,2/315,3/303,4/302,5/392;0/319,1/232,2/206,3/218,4/313,5/309,6/291,7/227,8/221,9/226,10/305,11/318
4919.99;315;778;6;12;0/930.61,1/1011.17,2/1734.69,3/1897.3,4/1911.8,5/976.72;0/1694.27,1/2544.36,2/2839.99,3/2709.99,4/1759.99,5/1789.64,6/1956.16,7/2649.99,8/2689.99,9/2637.8,10/1839.99,11/1697.62;0/4919.99,1/4919.99,2/4919.99,3/4919.99,4/4919.99,5/4919.99;0/4919.99,1/4919.99,2/4919.99,3/4919.99,4/4919.99,5/4919.99,6/4919.99,7/4919.99,8/4919.99,9/4919.99,10/4919.99,11/4919.99;0/10,1/13,2/13,3/18,4/15,5/16;0/2,1/3,2/6,3/9,4/5,5/0,6/7,7/4,8/7,9/5,10/4,11/4;0/21,1/23,2/20,3/24,4/25,5/23;0/6,1/6,2/9,3/13,4/8,5/6,6/9,7/12,8/13,9/7,10/9,11/12;0/3,1/3,2/2,3/2,4/2,5/3;0/3,1/2,2/2,3/2,4/3,5/3,6/3,7/2,8/2,9/2,10/3,11/3;0/59,1/60,2/45,3/44,4/45,5/62;0/73,1/53,2/52,3/52,4/77,5/74,6/79,7/52,8/57,9/57,10/78,11/74;0/402,1/394,2/321,3/305,4/303,5/398;0/323,1/238,2/208,3/221,4/316,5/314,6/297,7/227,8/223,9/229,10/308,11/323
4979.97;319;787;6;12;0/956.49,1/1028.49,2/1774.68,3/1907.18,4/1922.14,5/982.34;0/1694.7,1/2579.97,2/2884.39,3/2747.88,4/1802.48,5/1790.03,6/1979.97,7/2660.91,8/2712.62,9/2649.97,10/1878.18,11/1697.92;0/4979.97,1/4979.97,2/4979.97,3/4979.97,4/4979.97,5/4979.97;0/4979.97,1/4979.97,2/4979.97,3/4979.97,4/4979.97,5/4979.97,6/4979.97,7/4979.97,8/4979.97,9/4979.97,10/4979.97,11/4979.97;0/13,1/15,2/17,3/22,4/19,5/15;0/2,1/8,2/12,3/8,4/4,5/0,6/7,7/4,8/8,9/5,10/5,11/5;0/21,1/25,2/22,3/23,4/24,5/23;0/10,1/13,2/14,3/12,4/6,5/7,6/11,7/10,8/14,9/6,10/9,11/11;0/3,1/3,2/2,3/2,4/2,5/3;0/3,1/2,2/2,3/2,4/3,5/3,6/3,7/2,8/2,9/2,10/3,11/3;0/59,1/60,2/46,3/45,4/46,5/63;0/73,1/53,2/53,3/53,4/78,5/75,6/79,7/53,8/58,9/57,10/80,11/75;0/405,1/398,2/323,3/310,4/308,5/403;0/329,1/240,2/210,3/224,4/318,5/319,6/300,7/232,8/227,9/233,10/311,11/329
5039.98;323;798;6;12;0/964.07,1/1076.17,2/1784.85,3/1951.29,4/1931.29,5/987.72;0/1706.41,1/2585.61,2/2929.98,3/2775.67,4/1839.98,5/1790.69,6/2035.99,7/2661.02,8/2748.61,9/2706.17,10/1878.4,11/1698.07;0/5039.98,1/5039.98,2/5039.98,3/5039.98,4/5039.98,5/5039.98;0/5039.98,1/5039.98,2/5039.98,3/5039.98,4/5039.98,5/5039.98,6/5039.98,7/5039.98,8/5039.98,9/5039.98,10/5039.98,11/5039.98;0/14,1/10,2/13,3/17,4/19,5/14;0/3,1/8,2/7,3/8,4/6,5/8,6/5,7/6,8/8,9/3,10/5,11/6;0/19,1/23,2/17,3/22,4/23,5/21;0/9,1/8,2/13,3/9,4/10,5/13,6/10,7/8,8/11,9/5,10/8,11/12;0/3,1/3,2/2,3/2,4/2,5/3;0/3,1/2,2/2,3/2,4/3,5/3,6/3,7/2,8/2,9/2,10/3,11/3;0/61,1/61,2/46,3/45,4/46,5/64;0/74,1/54,2/53,3/54,4/79,5/76,6/80,7/54,8/59,9/58,10/81,11/76;0/411,1/400,2/328,3/311,4/313,5/409;0/334,1/246,2/211,3/227,4/320,5/325,6/301,7/238,8/230,9/234,10/317,11/335
5099.94;327;805;6;12;0/990.27,1/1081.33,2/1833.36,3/1965.51,4/1991.26,5/1019.99;0/1722.3,1/2639.94,2/2933.61,3/2819.94,4/1855.91,5/1799.94,6/2036.4,7/2704.97,8/2769.94,9/2739.94,10/1929.94,11/1749.94;0/5099.94,1/5099.94,2/5099.94,3/5099.94,4/5099.94,5/5099.94;0/5099.94,1/5099.94,2/5099.94,3/5099.94,4/5099.94,5/5099.94,6/5099.94,7/5099.94,8/5099.94,9/5099.94,10/5099.94,11/5099.94;0/12,1/14,2/13,3/17,4/19,5/10;0/1,1/3,2/7,3/6,4/4,5/7,6/5,7/3,8/7,9/5,10/3,11/3;0/20,1/22,2/19,3/23,4/23,5/19;0/8,1/9,2/11,3/9,4/10,5/17,6/9,7/8,8/8,9/9,10/8,11/12;0/3,1/3,2/2,3/2,4/2,5/3;0/3,1/2,2/2,3/2,4/3,5/3,6/3,7/2,8/2,9/2,10/3,11/3;0/62,1/62,2/47,3/46,4/46,5/64;0/75,1/54,2/55,3/54,4/80,5/76,6/82,7/55,8/59,9/58,10/81,11/76;0/414,1/405,2/330,3/316,4/313,5/411;0/338,1/246,2/217,3/228,4/325,5/330,6/307,7/240,8/233,9/236,10/317,11/335
5159.98;332;817;6;12;0/1019.12,1/1087.13,2/1865.06,3/2011.46,4/2011.57,5/1030.13;0/1722.55,1/2662.4,2/2933.77,3/2879.71,4/1892.55,5/1811.19,6/2036.77,7/2730.63,8/2819.98,9/2761.58,10/1932.4,11/1762.11;0/5159.98,1/5159.98,2/5159.98,3/5159.98,4/5159.98,5/5159.98;0/5159.98,1/5159.98,2/5159.98,3/5159.98,4/5159.98,5/5159.98,6/5159.98,7/5159.98,8/5159.98,9/5159.98,10/5159.98,11/5159.98;0/8,1/19,2/9,3/16,4/18,5/14;0/5,1/3,2/9,3/6,4/4,5/8,6/4,7/7,8/7,9/3,10/3,11/3;0/20,1/25,2/17,3/26,4/23,5/23;0/11,1/5,2/11,3/8,4/13,5/15,6/9,7/13,8/11,9/7,10/8,11/9;0/3,1/3,2/2,3/2,4/2,5/3;0/3,1/2,2/2,3/2,4/3,5/3,6/3,7/2,8/2,9/2,10/3,11/3;0/63,1/63,2/47,3/47,4/47,5/65;0/76,1/55,2/55,3/55,4/81,5/78,6/82,7/56,8/60,9/59,10/83,11/77;0/417,1/411,2/332,3/318,4/317,5/416;0/344,1/250,2/223,3/229,4/327,5/335,6/313,7/243,8/234,9/240,10/323,11/340
5219.74;337;828;6;12;0/1026.65,1/1119.15,2/1884.94,3/2021.75,4/2050.13,5/1035.11;0/1730.72,1/2669.69,2/2989.74,3/2911.26,4/1900.24,5/1820.6,6/2059.74,7/2730.77,8/2870.81,9/2808.36,10/1961.17,11/1762.41;0/5219.74,1/5219.74,2/5219.74,3/5219.74,4/5219.74,5/5219.74;0/5219.74,1/5219.74,2/5219.74,3/5219.74,4/5219.74,5/5219.74,6/5219.74,7/5219.74,8/5219.74,9/5219.74,10/5219.74,11/5219.74;0/12,1/10,2/14,3/16,4/16,5/13;0/8,1/4,2/6,3/7,4/4,5/7,6/2,7/6,8/5,9/2,10/2,11/0;0/18,1/23,2/18,3/22,4/24,5/22;0/13,1/5,2/12,3/12,4/10,5/11,6/9,7/10,8/10,9/7,10/6,11/7;0/3,1/3,2/2,3/2,4/2,5/3;0/3,1/2,2/2,3/2,4/3,5/3,6/3,7/2,8/2,9/2,10/3,11/3;0/64,1/63,2/48,3/47,4/48,5/67;0/77,1/56,2/55,3/56,4/82,5/79,6/83,7/56,8/61,9/60,10/84,11/79;0/423,1/413,2/336,3/322,4/320,5/422;0/349,1/256,2/223,3/231,4/332,5/340,6/316,7/249,8/235,9/242,10/326,11/346
5279.99;341;832;6;12;0/1048.18,1/1139.55,2/1941.09,3/2052.67,4/2080.24,5/1060.58;0/1759.99,1/2709.99,2/3010.37,3/2919.99,4/1900.8,5/1839.99,6/2072.48,7/2759.99,8/2899.99,9/2808.87,10/1961.48,11/1779.99;0/5279.99,1/5279.99,2/5279.99,3/5279.99,4/5279.99,5/5279.99;0/5279.99,1/5279.99,2/5279.99,3/5279.99,4/5279.99,5/5279.99,6/5279.99,7/5279.99,8/5279.99,9/5279.99,10/5279.99,11/5279.99;0/14,1/16,2/14,3/20,4/16,5/13;0/5,1/3,2/6,3/6,4/3,5/6,6/3,7/9,8/5,9/2,10/2,11/2;0/21,1/25,2/22,3/27,4/21,5/23;0/13,1/7,2/8,3/9,4/8,5/15,6/8,7/12,8/10,9/6,10/6,11/11;0/3,1/3,2/2,3/2,4/2,5/3;0/3,1/2,2/2,3/2,4/3,5/3,6/3,7/2,8/2,9/2,10/3,11/3;0/64,1/64,2/49,3/48,4/49,5/67;0/77,1/56,2/56,3/56,4/83,5/79,6/84,7/56,8/61,9/60,10/85,11/79;0/426,1/417,2/337,3/325,4/323,5/425;0/352,1/257,2/227,3/236,4/338,5/344,6/321,7/252,8/238,9/248,10/332,11/350
5339.98;345;844;6;12;0/1078.54,1/1159.05,2/1965.46,3/2082.51,4/2082.4,5/1102.97;0/1769.2,1/2750.03,2/3039.98,3/2961.69,4/1918.28,5/1859.98,6/2075.93,7/2789.98,8/2933.4,9/2809.42,10/2007.15,11/1823.03;0/5339.98,1/5339.98,2/5339.98,3/5339.98,4/5339.98,5/5339.98;0/5339.98,1/5339.98,2/5339.98,3/5339.98,4/5339.98,5/5339.98,6/5339.98,7/5339.98,8/5339.98,9/5339.98,10/5339.98,11/5339.98;0/13,1/22,2/14,3/20,4/17,5/9;0/8,1/2,2/7,3/9,4/2,5/5,6/3,7/8,8/5,9/5,10/1,11/4;0/23,1/26,2/19,3/24,4/21,5/21;0/13,1/7,2/7,3/11,4/5,5/14,6/9,7/9,8/11,9/7,10/7,11/12;0/3,1/3,2/2,3/2,4/2,5/3;0/3,1/2,2/2,3/2,4/3,5/3,6/3,7/2,8/2,9/2,10/3,11/3;0/65,1/66,2/49,3/48,4/49,5/68;0/78,1/57,2/57,3/57,4/84,5/80,6/86,7/57,8/62,9/60,10/86,11/80;0/429,1/422,2/340,3/328,4/328,5/427;0/358,1/259,2/230,3/238,4/343,5/348,6/327,7/255,8/241,9/254,10/334,11/352
5399.92;350;853;6;12;0/1098.77,1/1170.56,2/1986.99,3/2104.49,4/2102.56,5/1108.65;0/1769.38,1/2750.28,2/3099.92,3/3008.36,4/1949.92,5/1870.52,6/2076.2,7/2844.43,8/2962.55,9/2809.92,10/2017.29,11/1836.83;0/5399.92,1/5399.92,2/5399.92,3/5399.92,4/5399.92,5/5399.92;0/5399.92,1/5399.92,2/5399.92,3/5399.92,4/5399.92,5/5399.92,6/5399.92,7/5399.92,8/5399.92,9/5399.92,10/5399.92,11/5399.92;0/15,1/15,2/14,3/18,4/18,5/19;0/9,1/3,2/4,3/3,4/4,5/3,6/5,7/5,8/4,9/11,10/2,11/2;0/26,1/27,2/20,3/25,4/22,5/25;0/10,1/10,2/7,3/10,4/12,5/9,6/12,7/8,8/11,9/11,10/11,11/9;0/3,1/3,2/2,3/2,4/2,5/3;0/3,1/2,2/2,3/2,4/3,5/3,6/3,7/2,8/2,9/2,10/3,11/3;0/66,1/66,2/50,3/49,4/50,5/69;0/79,1/58,2/57,3/58,4/84,5/81,6/86,7/58,8/63,9/61,10/87,11/81;0/433,1/426,2/344,3/332,4/332,5/433;0/364,1/265,2/230,3/240,4/345,5/353,6/333,7/256,8/244,9/259,10/339,11/357
5460;354;860;6;12;0/1124.68,1/1196.46,2/2036.1,3/2110.44,4/2162.64,5/1113.38;0/1810,1/2751,2/3143.23,3/3008.67,4/1950.29,5/1890,6/2110,7/2900,8/2970,9/2870,10/2017.46,11/1858.79;0/5460,1/5460,2/5460,3/5460,4/5460,5/5460;0/5460,1/5460,2/5460,3/5460,4/5460,5/5460,6/5460,7/5460,8/5460,9/5460,10/5460,11/5460;0/8,1/9,2/9,3/20,4/13,5/18;0/8,1/6,2/4,3/9,4/2,5/6,6/5,7/6,8/5,9/7,10/2,11/8;0/22,1/23,2/19,3/26,4/22,5/24;0/13,1/11,2/7,3/14,4/9,5/15,6/11,7/9,8/7,9/11,10/9,11/12;0/3,1/3,2/2,3/2,4/2,5/3;0/3,1/2,2/2,3/2,4/3,5/3,6/3,7/2,8/2,9/2,10/3,11/3;0/67,1/67,2/50,3/50,4/50,5/70;0/80,1/59,2/59,3/58,4/85,5/82,6/86,7/58,8/63,9/61,10/87,11/82;0/437,1/430,2/345,3/338,4/332,5/438;0/365,1/271,2/232,3/246,4/351,5/357,6/335,7/256,8/249,9/259,10/345,11/361
5519.87;361;871;6;12;0/1130.17,1/1202.41,2/2046.47,3/2137.22,4/2180.34,5/1149.79;0/1851.8,1/2751.15,2/3169.87,3/3009.01,4/1950.6,5/1934.55,6/2137.47,7/2929.87,8/3009.87,9/2909.87,10/2017.68,11/1879.87;0/5519.87,1/5519.87,2/5519.87,3/5519.87,4/5519.87,5/5519.87;0/5519.87,1/5519.87,2/5519.87,3/5519.87,4/5519.87,5/5519.87,6/5519.87,7/5519.87,8/5519.87,9/5519.87,10/5519.87,11/5519.87;0/13,1/9,2/18,3/12,4/17,5/17;0/8,1/5,2/4,3/10,4/7,5/5,6/5,7/7,8/5,9/5,10/4,11/6;0/22,1/23,2/23,3/23,4/21,5/26;0/14,1/10,2/11,3/12,4/12,5/15,6/9,7/11,8/9,9/9,10/8,11/16;0/3,1/3,2/2,3/2,4/2,5/3;0/3,1/2,2/2,3/2,4/3,5/3,6/3,7/2,8/2,9/2,10/3,11/3;0/68,1/68,2/51,3/51,4/52,5/71;0/81,1/59,2/59,3/59,4/87,5/83,6/88,7/59,8/64,9/62,10/88,11/82;0/442,1/435,2/350,3/341,4/337,5/441;0/367,1/277,2/235,3/252,4/357,5/359,6/339,7/259,8/251,9/261,10/351,11/364
5579.96;364;881;6;12;0/1155.67,1/1208.08,2/2075.44,3/2163.13,4/2193.58,5/1171.55;0/1897.25,1/2790.17,2/3191.41,3/3029.96,4/1959.96,5/1934.67,6/2179.96,7/2967.94,8/3029.13,9/2949.96,10/2018.03,11/1892.18;0/5579.96,1/5579.96,2/5579.96,3/5579.96,4/5579.96,5/5579.96;0/5579.96,1/5579.96,2/5579.96,3/5579.96,4/5579.96,5/5579.96,6/5579.96,7/5579.96,8/5579.96,9/5579.96,10/5579.96,11/5579.96;0/8,1/15,2/20,3/16,4/16,5/13;0/7,1/4,2/4,3/11,4/4,5/5,6/2,7/9,8/7,9/5,10/8,11/4;0/23,1/23,2/24,3/24,4/20,5/23;0/12,1/8,2/8,3/12,4/10,5/11,6/8,7/11,8/8,9/7,10/13,11/13;0/3,1/3,2/2,3/2,4/2,5/3;0/3,1/2,2/2,3/2,4/3,5/3,6/3,7/2,8/2,9/2,10/3,11/3;0/69,1/69,2/52,3/51,4/52,5/71;0/82,1/60,2/61,3/59,4/87,5/84,6/88,7/60,8/65,9/63,10/89,11/83;0/446,1/441,2/354,3/344,4/341,5/444;0/369,1/279,2/239,3/255,4/362,5/365,6/340,7/262,8/256,9/263,10/357,11/369
5640;367;889;6;12;0/1160.17,1/1213.49,2/2117.15,3/2197.57,4/2253.62,5/1186.61;0/1905,1/2800.61,2/3191.79,3/3071.54,4/1980,5/1934.95,6/2210,7/3010,8/3070,9/3010,10/2030,11/1892.88;0/5640,1/5640,2/5640,3/5640,4/5640,5/5640;0/5640,1/5640,2/5640,3/5640,4/5640,5/5640,6/5640,7/5640,8/5640,9/5640,10/5640,11/5640;0/12,1/15,2/20,3/12,4/12,5/13;0/9,1/4,2/3,3/6,4/5,5/3,6/2,7/6,8/6,9/4,10/6,11/5;0/22,1/22,2/23,3/21,4/20,5/22;0/14,1/6,2/5,3/11,4/8,5/12,6/8,7/10,8/7,9/7,10/9,11/13;0/3,1/3,2/2,3/2,4/2,5/3;0/3,1/2,2/2,3/2,4/3,5/3,6/3,7/2,8/2,9/2,10/3,11/3;0/69,1/70,2/52,3/52,4/52,5/72;0/83,1/61,2/61,3/60,4/88,5/85,6/89,7/60,8/65,9/63,10/90,11/84;0/451,1/446,2/355,3/347,4/341,5/449;0/374,1/284,2/245,3/257,4/366,5/371,6/343,7/263,8/257,9/263,10/361,11/375
5699.97;372;901;6;12;0/1170.59,1/1242.61,2/2147.24,3/2203.03,4/2273.94,5/1195.58;0/1905.15,1/2801.08,2/3215.37,3/3089.89,4/2030.13,5/1935.15,6/2238.25,7/3029.97,8/3119.97,9/3038.11,10/2059.97,11/1893.13;0/5699.97,1/5699.97,2/5699.97,3/5699.97,4/5699.97,5/5699.97;0/5699.97,1/5699.97,2/5699.97,3/5699.97,4/5699.97,5/5699.97,6/5699.97,7/5699.97,8/5699.97,9/5699.97,10/5699.97,11/5699.97;0/18,1/14,2/20,3/17,4/18,5/17;0/8,1/4,2/4,3/8,4/2,5/8,6/1,7/6,8/7,9/5,10/4,11/4;0/23,1/22,2/25,3/20,4/22,5/21;0/12,1/7,2/5,3/10,4/7,5/18,6/5,7/8,8/8,9/8,10/8,11/12;0/3,1/3,2/2,3/2,4/2,5/3;0/3,1/2,2/2,3/2,4/3,5/3,6/3,7/2,8/2,9/2,10/3,11/3;0/70,1/70,2/53,3/53,4/53,5/73;0/84,1/61,2/62,3/61,4/89,5/86,6/90,7/61,8/66,9/65,10/91,11/85;0/456,1/449,2/358,3/353,4/345,5/454;0/380,1/290,2/249,3/262,4/367,5/377,6/347,7/267,8/258,9/267,10/364,11/381
5759.97;377;907;6;12;0/1180.87,1/1262.76,2/2206.44,3/2223.82,4/2328.16,5/1212.5;0/1941.35,1/2839.97,2/3269.97,3/3119.97,4/2046.97,5/1935.18,6/2249.97,7/3089.97,8/3149.97,9/3059.97,10/2119.97,11/1908.42;0/5759.97,1/5759.97,2/5759.97,3/5759.97,4/5759.97,5/5759.97;0/5759.97,1/5759.97,2/5759.97,3/5759.97,4/5759.97,5/5759.97,6/5759.97,7/5759.97,8/5759.97,9/5759.97,10/5759.97,11/5759.97;0/16,1/14,2/20,3/18,4/19,5/13;0/6,1/4,2/3,3/7,4/6,5/5,6/8,7/4,8/9,9/6,10/2,11/6;0/24,1/23,2/24,3/23,4/27,5/22;0/10,1/7,2/7,3/8,4/12,5/12,6/13,7/8,8/10,9/10,10/8,11/13;0/3,1/3,2/2,3/2,4/2,5/3;0/3,1/2,2/2,3/2,4/3,5/3,6/3,7/2,8/2,9/2,10/3,11/3;0/71,1/71,2/54,3/53,4/54,5/74;0/85,1/61,2/62,3/61,4/90,5/87,6/91,7/61,8/67,9/65,10/91,11/86;0/461,1/453,2/359,3/356,4/346,5/458;0/382,1/292,2/249,3/264,4/372,5/383,6/351,7/267,8/261,9/270,10/364,11/386
5819.95;381;919;6;12;0/1227.27,1/1302.66,2/2217.64,3/2279.85,4/2333.57,5/1272.48;0/1979.95,1/2859.95,2/3303.16,3/3169.95,4/2068.72,5/1935.34,6/2282.79,7/3122.92,8/3189.95,9/3099.09,10/2135,11/1908.72;0/5819.95,1/5819.95,2/5819.95,3/5819.95,4/5819.95,5/5819.95;0/5819.95,1/5819.95,2/5819.95,3/5819.95,4/5819.95,5/5819.95,6/5819.95,7/5819.95,8/5819.95,9/5819.95,10/5819.95,11/5819.95;0/21,1/19,2/19,3/12,4/25,5/9;0/5,1/10,2/3,3/7,4/7,5/4,6/3,7/3,8/4,9/8,10/2,11/7;0/27,1/25,2/24,3/22,4/27,5/22;0/12,1/12,2/8,3/9,4/14,5/10,6/14,7/7,8/8,9/11,10/7,11/10;0/3,1/3,2/2,3/2,4/2,5/3;0/3,1/2,2/2,3/2,4/3,5/3,6/3,7/2,8/2,9/2,10/3,11/3;0/72,1/72,2/54,3/54,4/55,5/74;0/85,1/62,2/63,3/62,4/91,5/88,6/92,7/62,8/68,9/66,10/93,11/87;0/463,1/456,2/363,3/357,4/352,5/458;0/384,1/296,2/252,3/265,4/376,5/389,6/354,7/270,8/264,9/273,10/369,11/392
5879.98;386;927;6;12;0/1232.93,1/1313.23,2/2233.06,3/2285.08,4/2364.59,5/1298.29;0/2000.33,1/2904.54,2/3305.1,3/3229.98,4/2068.85,5/1959.01,6/2283.1,7/3129.98,8/3199.98,9/3119.98,10/2135.55,11/1939.98;0/5879.98,1/5879.98,2/5879.98,3/5879.98,4/5879.98,5/5879.98;0/5879.98,1/5879.98,2/5879.98,3/5879.98,4/5879.98,5/5879.98,6/5879.98,7/5879.98,8/5879.98,9/5879.98,10/5879.98,11/5879.98;0/19,1/18,2/18,3/15,4/19,5/14;0/5,1/5,2/4,3/4,4/7,5/6,6/3,7/3,8/4,9/5,10/2,11/7;0/26,1/24,2/24,3/20,4/25,5/23;0/12,1/14,2/8,3/9,4/11,5/13,6/9,7/6,8/7,9/8,10/9,11/11;0/3,1/3,2/2,3/2,4/2,5/3;0/3,1/2,2/2,3/2,4/3,5/3,6/3,7/2,8/2,9/2,10/3,11/3;0/73,1/73,2/55,3/55,4/55,5/75;0/86,1/63,2/64,3/62,4/92,5/89,6/94,7/62,8/68,9/66,10/94,11/87;0/468,1/461,2/368,3/362,4/354,5/462;0/388,1/298,2/258,3/265,4/382,5/393,6/360,7/275,8/268,9/276,10/375,11/394
5939.98;392;936;6;12;0/1275.05,1/1331.23,2/2280.73,3/2290.82,4/2413.23,5/1303.21;0/2000.68,1/2904.69,2/3329.98,3/3252.62,4/2079.98,5/1959.09,6/2283.29,7/3134.82,8/3232.21,9/3146.66,10/2136.04,11/1974.82;0/5939.98,1/5939.98,2/5939.98,3/5939.98,4/5939.98,5/5939.98;0/5939.98,1/5939.98,2/5939.98,3/5939.98,4/5939.98,5/5939.98,6/5939.98,7/5939.98,8/5939.98,9/5939.98,10/5939.98,11/5939.98;0/15,1/13,2/13,3/18,4/17,5/18;0/6,1/6,2/5,3/7,4/5,5/2,6/5,7/3,8/7,9/4,10/5,11/4;0/24,1/26,2/23,3/22,4/27,5/22;0/14,1/9,2/9,3/14,4/9,5/10,6/10,7/8,8/11,9/6,10/12,11/11;0/3,1/3,2/2,3/2,4/2,5/3;0/3,1/2,2/2,3/2,4/3,5/3,6/3,7/2,8/2,9/2,10/3,11/3;0/74,1/74,2/56,3/56,4/56,5/76;0/87,1/63,2/64,3/63,4/93,5/89,6/94,7/63,8/69,9/67,10/95,11/89;0/470,1/465,2/369,3/368,4/356,5/467;0/394,1/304,2/261,3/269,4/386,5/399,6/366,7/281,8/271,9/280,10/381,11/397
5999.96;394;944;6;12;0/1281.78,1/1358.34,2/2288.45,3/2304.58,4/2424.82,5/1323.76;0/2005.04,1/2929.96,2/3388.18,3/3252.91,4/2139.96,5/1996.13,6/2309.13,7/3177.76,8/3269.96,9/3175.63,10/2136.34,11/1975.14;0/5999.96,1/5999.96,2/5999.96,3/5999.96,4/5999.96,5/5999.96;0/5999.96,1/5999.96,2/5999.96,3/5999.96,4/5999.96,5/5999.96,6/5999.96,7/5999.96,8/5999.96,9/5999.96,10/5999.96,11/5999.96;0/17,1/13,2/17,3/14,4/17,5/15;0/4,1/6,2/4,3/10,4/2,5/4,6/5,7/8,8/7,9/6,10/1,11/4;0/25,1/23,2/22,3/18,4/23,5/24;0/11,1/6,2/8,3/14,4/9,5/13,6/11,7/13,8/10,9/9,10/13,11/12;0/3,1/3,2/2,3/2,4/2,5/3;0/3,1/2,2/2,3/2,4/3,5/3,6/3,7/2,8/2,9/2,10/3,11/3;0/74,1/75,2/56,3/56,4/56,5/77;0/88,1/64,2/65,3/64,4/93,5/90,6/95,7/64,8/69,9/68,10/95,11/89;0/475,1/468,2/374,3/372,4/360,5/471;0/400,1/307,2/262,3/275,4/386,5/401,6/370,7/283,8/273,9/283,10/387,11/403
6060;399;950;6;12;0/1292.45,1/1364.15,2/2323.34,3/2364.62,4/2437.82,5/1383.8;0/2010,1/2990,2/3388.38,3/3270,4/2160,5/1996.35,6/2320,7/3180,8/3300,9/3200,10/2136.75,11/2000;0/6060,1/6060,2/6060,3/6060,4/6060,5/6060;0/6060,1/6060,2/6060,3/6060,4/6060,5/6060,6/6060,7/6060,8/6060,9/6060,10/6060,11/6060;0/23,1/13,2/18,3/14,4/16,5/15;0/3,1/4,2/7,3/9,4/4,5/7,6/3,7/8,8/10,9/7,10/1,11/5;0/32,1/22,2/25,3/21,4/23,5/24;0/9,1/6,2/9,3/12,4/12,5/16,6/9,7/13,8/11,9/10,10/10,11/12;0/3,1/3,2/2,3/2,4/2,5/3;0/3,1/2,2/2,3/2,4/3,5/3,6/3,7/2,8/2,9/2,10/3,11/3;0/76,1/76,2/57,3/56,4/57,5/77;0/88,1/64,2/66,3/64,4/94,5/90,6/96,7/64,8/70,9/68,10/96,11/90;0/480,1/474,2/377,3/372,4/365,5/471;0/405,1/307,2/268,3/279,4/390,5/407,6/374,7/288,8/276,9/286,10/393,11/406
6120;401;961;6;12;0/1322.55,1/1375.13,2/2358.81,3/2384.85,4/2485.34,5/1406.33;0/2056.51,1/3026.04,2/3410,3/3307.31,4/2176.91,5/1996.68,6/2349.66,7/3218.94,8/3360,9/3259.75,10/2137,11/2021.32;0/6120,1/6120,2/6120,3/6120,4/6120,5/6120;0/6120,1/6120,2/6120,3/6120,4/6120,5/6120,6/6120,7/6120,8/6120,9/6120,10/6120,11/6120;0/22,1/18,2/18,3/14,4/16,5/13;0/2,1/5,2/6,3/9,4/9,5/9,6/3,7/8,8/5,9/5,10/1,11/2;0/33,1/23,2/23,3/17,4/22,5/24;0/7,1/7,2/8,3/14,4/13,5/15,6/7,7/12,8/11,9/9,10/9,11/10;0/3,1/3,2/2,3/2,4/2,5/3;0/3,1/2,2/2,3/2,4/3,5/3,6/3,7/2,8/2,9/2,10/3,11/3;0/76,1/76,2/57,3/57,4/57,5/78;0/89,1/66,2/66,3/65,4/95,5/91,6/97,7/65,8/70,9/69,10/97,11/91;0/483,1/478,2/379,3/376,4/366,5/475;0/407,1/310,2/271,3/282,4/395,5/413,6/378,7/291,8/276,9/287,10/399,11/410
6179.99;407;972;6;12;0/1358.23,1/1385.44,2/2403.27,3/2421.56,4/2495.25,5/1420.05;0/2069.99,1/3049.99,2/3469.54,3/3326.48,4/2182.27,5/1996.8,6/2359.99,7/3249.99,8/3369.99,9/3286.32,10/2159.99,11/2030.12;0/6179.99,1/6179.99,2/6179.99,3/6179.99,4/6179.99,5/6179.99;0/6179.99,1/6179.99,2/6179.99,3/6179.99,4/6179.99,5/6179.99,6/6179.99,7/6179.99,8/6179.99,9/6179.99,10/6179.99,11/6179.99;0/18,1/17,2/16,3/14,4/16,5/13;0/4,1/5,2/4,3/14,4/9,5/9,6/1,7/6,8/5,9/5,10/1,11/2;0/30,1/22,2/25,3/20,4/20,5/21;0/7,1/6,2/7,3/17,4/14,5/11,6/9,7/10,8/10,9/11,10/7,11/8;0/3,1/3,2/2,3/2,4/2,5/3;0/3,1/2,2/2,3/2,4/3,5/3,6/3,7/2,8/2,9/2,10/3,11/3;0/77,1/77,2/58,3/58,4/58,5/79;0/90,1/66,2/67,3/66,4/97,5/93,6/97,7/65,8/71,9/70,10/98,11/92;0/486,1/483,2/381,3/379,4/372,5/480;0/411,1/313,2/272,3/286,4/400,5/419,6/382,7/293,8/281,9/290,10/403,11/415
6240;413;981;6;12;0/1363.44,1/1425.09,2/2408.53,3/2459.75,4/2514.91,5/1424.6;0/2110,1/3102.63,2/3488.07,3/3360,4/2182.58,5/2030,6/2387.8,7/3253.05,8/3374.34,9/3286.38,10/2167.73,11/2030.59;0/6240,1/6240,2/6240,3/6240,4/6240,5/6240;0/6240,1/6240,2/6240,3/6240,4/6240,5/6240,6/6240,7/6240,8/6240,9/6240,10/6240,11/6240;0/23,1/16,2/15,3/15,4/16,5/18;0/5,1/4,2/4,3/10,4/9,5/7,6/0,7/8,8/3,9/6,10/1,11/4;0/30,1/22,2/22,3/22,4/21,5/21;0/9,1/5,2/8,3/15,4/14,5/13,6/7,7/9,8/8,9/7,10/9,11/9;0/3,1/3,2/2,3/2,4/2,5/3;0/3,1/2,2/2,3/2,4/3,5/3,6/3,7/2,8/2,9/2,10/3,11/3;0/78,1/78,2/59,3/59,4/59,5/80;0/91,1/67,2/68,3/66,4/98,5/93,6/98,7/66,8/72,9/70,10/99,11/93;0/491,1/486,2/387,3/381,4/376,5/485;0/413,1/314,2/276,3/288,4/406,5/421,6/386,7/299,8/287,9/296,10/408,11/421
6299.96;418;991;6;12;0/1372,1/1448.87,2/2429.34,3/2474.28,4/2535.07,5/1454.71;0/2154.07,1/3159.96,2/3488.45,3/3373.38,4/2199.96,5/2064.11,6/2388.28,7/3306.96,8/3374.83,9/3329.96,10/2168,11/2039.96;0/6299.96,1/6299.96,2/6299.96,3/6299.96,4/6299.96,5/6299.96;0/6299.96,1/6299.96,2/6299.96,3/6299.96,4/6299.96,5/6299.96,6/6299.96,7/6299.96,8/6299.96,9/6299.96,10/6299.96,11/6299.96;0/23,1/10,2/18,3/20,4/16,5/19;0/5,1/4,2/4,3/9,4/10,5/5,6/3,7/5,8/5,9/6,10/8,11/3;0/30,1/19,2/22,3/22,4/22,5/24;0/8,1/8,2/9,3/10,4/15,5/10,6/10,7/8,8/7,9/8,10/12,11/10;0/3,1/3,2/2,3/2,4/2,5/3;0/3,1/2,2/2,3/2,4/3,5/3,6/3,7/2,8/2,9/2,10/3,11/3;0/79,1/79,2/59,3/60,4/60,5/81;0/93,1/67,2/68,3/67,4/98,5/94,6/99,7/67,8/73,9/71,10/100,11/94;0/497,1/489,2/390,3/386,4/380,5/488;0/415,1/314,2/282,3/293,4/410,5/424,6/392,7/300,8/293,9/297,10/414,11/426
6359.98;421;996;6;12;0/1413.49,1/1454.28,2/2449.74,3/2505.47,4/2576.69,5/1478.22;0/2159.98,1/3195.88,2/3488.57,3/3429.98,4/2233.73,5/2064.41,6/2388.57,7/3339.98,8/3379.98,9/3389.98,10/2168.45,11/2099.98;0/6359.98,1/6359.98,2/6359.98,3/6359.98,4/6359.98,5/6359.98;0/6359.98,1/6359.98,2/6359.98,3/6359.98,4/6359.98,5/6359.98,6/6359.98,7/6359.98,8/6359.98,9/6359.98,10/6359.98,11/6359.98;0/16,1/10,2/14,3/17,4/16,5/9;0/5,1/5,2/5,3/9,4/5,5/7,6/4,7/6,8/14,9/6,10/3,11/1;0/29,1/13,2/18,3/20,4/21,5/20;0/9,1/8,2/8,3/10,4/12,5/12,6/15,7/10,8/14,9/8,10/9,11/10;0/3,1/3,2/2,3/2,4/2,5/3;0/3,1/2,2/2,3/2,4/3,5/3,6/3,7/2,8/2,9/2,10/3,11/3;0/79,1/80,2/60,3/60,4/60,5/82;0/93,1/68,2/68,3/67,4/99,5/95,6/100,7/67,8/73,9/71,10/101,11/94;0/498,1/495,2/394,3/388,4/381,5/492;0/420,1/317,2/288,3/293,4/413,5/430,6/398,7/302,8/298,9/297,10/420,11/426
6419.9;425;1007;6;12;0/1455.44,1/1476.67,2/2509.66,3/2565.39,4/2586.96,5/1497.31;0/2203.42,1/3249.9,2/3499.85,3/3479.9,4/2238.94,5/2064.55,6/2393.93,7/3359.9,8/3439.9,9/3429.9,10/2168.64,11/2110.75;0/6419.9,1/6419.9,2/6419.9,3/6419.9,4/6419.9,5/6419.9;0/6419.9,1/6419.9,2/6419.9,3/6419.9,4/6419.9,5/6419.9,6/6419.9,7/6419.9,8/6419.9,9/6419.9,10/6419.9,11/6419.9;0/10,1/6,2/14,3/12,4/12,5/9;0/3,1/5,2/7,3/8,4/6,5/8,6/4,7/8,8/7,9/7,10/2,11/3;0/27,1/10,2/18,3/20,4/16,5/16;0/7,1/8,2/8,3/10,4/10,5/15,6/12,7/9,8/14,9/7,10/6,11/11;0/3,1/3,2/2,3/2,4/2,5/3;0/3,1/2,2/2,3/2,4/3,5/3,6/3,7/2,8/2,9/2,10/3,11/3;0/80,1/81,2/60,3/60,4/61,5/83;0/94,1/68,2/69,3/68,4/101,5/96,6/101,7/68,8/73,9/73,10/101,11/95;0/500,1/498,2/394,3/388,4/386,5/496;0/422,1/317,2/293,3/294,4/419,5/436,6/403,7/306,8/298,9/299,10/426,11/431
6479.81;432;1016;6;12;0/1460.28,1/1525.97,2/2529.76,3/2590.68,4/2644.87,5/1502.39;0/2213.29,1/3279.81,2/3529.81,3/3519.81,4/2249.81,5/2094.72,6/2394.09,7/3415.63,8/3484.76,9/3489.81,10/2189.81,11/2111.05;0/6479.81,1/6479.81,2/6479.81,3/6479.81,4/6479.81,5/6479.81;0/6479.81,1/6479.81,2/6479.81,3/6479.81,4/6479.81,5/6479.81,6/6479.81,7/6479.81,8/6479.81,9/6479.81,10/6479.81,11/6479.81;0/10,1/0,2/10,3/12,4/8,5/5;0/4,1/4,2/9,3/9,4/5,5/5,6/3,7/5,8/7,9/5,10/4,11/5;0/21,1/8,2/14,3/16,4/15,5/10;0/8,1/7,2/10,3/10,4/9,5/12,6/11,7/8,8/12,9/7,10/9,11/11;0/3,1/3,2/2,3/2,4/2,5/3;0/3,1/2,2/2,3/2,4/3,5/3,6/3,7/2,8/2,9/2,10/3,11/3;0/81,1/82,2/61,3/62,4/62,5/84;0/95,1/69,2/69,3/69,4/101,5/97,6/102,7/69,8/74,9/73,10/102,11/96;0/506,1/500,2/398,3/392,4/387,5/502;0/427,1/320,2/295,3/296,4/423,5/439,6/409,7/307,8/300,9/299,10/429,11/437
6539.86;435;1026;6;12;0/1464.04,1/1556.89,2/2558.97,3/2605.79,4/2650.02,5/1542.95;0/2238.66,1/3280.89,2/3588.97,3/3579.86,4/2295.17,5/2109.86,6/2405.04,7/3469.86,8/3485.04,9/3549.18,10/2217.72,11/2111.13;0/6539.86,1/6539.86,2/6539.86,3/6539.86,4/6539.86,5/6539.86;0/6539.86,1/6539.86,2/6539.86,3/6539.86,4/6539.86,5/6539.86,6/6539.86,7/6539.86,8/6539.86,9/6539.86,10/6539.86,11/6539.86;0/5,1/0,2/7,3/7,4/3,5/0;0/6,1/5,2/7,3/6,4/6,5/5,6/3,7/4,8/7,9/5,10/7,11/4;0/16,1/6,2/10,3/12,4/10,5/8;0/9,1/7,2/9,3/10,4/9,5/12,6/10,7/9,8/10,9/6,10/9,11/7;0/3,1/3,2/2,3/2,4/2,5/3;0/3,1/2,2/2,3/2,4/3,5/3,6/3,7/2,8/2,9/2,10/3,11/3;0/81,1/82,2/62,3/62,4/63,5/85;0/96,1/70,2/70,3/69,4/103,5/97,6/103,7/69,8/75,9/74,10/103,11/97;0/511,1/502,2/402,3/396,4/392,5/504;0/431,1/326,2/296,3/296,4/425,5/443,6/414,7/307,8/306,9/300,10/433,11/443
6599.99;439;1034;6;12;0/1466.24,1/1580.41,2/2610.26,3/2665.92,4/2672.19,5/1558.4;0/2289.99,1/3329.99,2/3629.81,3/3609.99,4/2329.99,5/2122.78,6/2405.2,7/3489.99,8/3485.43,9/3549.49,10/2262.72,11/2149.99;0/6599.99,1/6599.99,2/6599.99,3/6599.99,4/6599.99,5/6599.99;0/6599.99,1/6599.99,2/6599.99,3/6599.99,4/6599.99,5/6599.99,6/6599.99,7/6599.99,8/6599.99,9/6599.99,10/6599.99,11/6599.99;0/0,1/0,2/4,3/4,4/3,5/0;0/4,1/4,2/6,3/8,4/1,5/4,6/5,7/4,8/4,9/7,10/4,11/5;0/10,1/2,2/10,3/12,4/6,5/4;0/13,1/6,2/11,3/10,4/9,5/9,6/10,7/8,8/10,9/8,10/8,11/10;0/3,1/3,2/2,3/2,4/2,5/3;0/3,1/2,2/2,3/2,4/3,5/3,6/3,7/2,8/2,9/2,10/3,11/3;0/82,1/83,2/62,3/62,4/64,5/86;0/96,1/70,2/71,3/70,4/103,5/98,6/104,7/70,8/75,9/75,10/104,11/98;0/517,1/506,2/402,3/396,4/396,5/508;0/431,1/327,2/298,3/299,4/427,5/448,6/420,7/311,8/312,9/306,10/434,11/445
6659.88;442;1049;6;12;0/1488.8,1/1617.46,2/2640.26,3/2675.97,4/2697.68,5/1576.41;0/2296.59,1/3369.79,2/3639.88,3/3631.79,4/2335.31,5/2123.29,6/2415.67,7/3528.36,8/3513.29,9/3599.79,10/2276.88,11/2195.94;0/6659.88,1/6659.88,2/6659.88,3/6659.88,4/6659.88,5/6659.88;0/6659.88,1/6659.88,2/6659.88,3/6659.88,4/6659.88,5/6659.88,6/6659.88,7/6659.88,8/6659.88,9/6659.88,10/6659.88,11/6659.88;0/0,1/0,2/0,3/4,4/0,5/0;0/4,1/4,2/6,3/6,4/3,5/9,6/4,7/2,8/5,9/6,10/3,11/5;0/6,1/0,2/7,3/7,4/3,5/0;0/9,1/7,2/10,3/10,4/14,5/13,6/6,7/6,8/9,9/7,10/6,11/11;0/3,1/0,2/3,3/3,4/3,5/0;0/3,1/3,2/2,3/3,4/3,5/3,6/3,7/2,8/2,9/3,10/3,11/3;0/83,1/83,2/63,3/63,4/64,5/86;0/98,1/72,2/71,3/71,4/105,5/100,6/105,7/71,8/76,9/76,10/105,11/99;0/521,1/508,2/405,3/401,4/399,5/512;0/437,1/330,2/302,3/303,4/433,5/454,6/425,7/314,8/315,9/307,10/439,11/447
6719.98;446;1057;6;12;0/1527.17,1/1677.56,2/2675.62,3/2706.32,4/2743.62,5/1636.51;0/2296.76,1/3409.98,2/3689.73,3/3675.04,4/2335.55,5/2139.98,6/2459.98,7/3529.98,8/3519.98,9/3645.66,10/2301.37,11/2196.39;0/6719.98,1/6719.98,2/6719.98,3/6719.98,4/6719.98,5/6719.98;0/6719.98,1/6719.98,2/6719.98,3/6719.98,4/6719.98,5/6719.98,6/6719.98,7/6719.98,8/6719.98,9/6719.98,10/6719.98,11/6719.98;0/0,1/0,2/0,3/0,4/0,5/0;0/6,1/3,2/5,3/5,4/3,5/10,6/7,7/2,8/8,9/3,10/5,11/5;0/4,1/0,2/4,3/4,4/1,5/0;0/7,1/7,2/10,3/8,4/13,5/14,6/11,7/11,8/9,9/8,10/12,11/7;0/3,1/0,2/3,3/3,4/3,5/0;0/3,1/3,2/2,3/3,4/3,5/3,6/3,7/2,8/2,9/3,10/3,11/3;0/84,1/83,2/64,3/64,4/65,5/86;0/99,1/72,2/72,3/72,4/106,5/100,6/105,7/71,8/76,9/77,10/106,11/101;0/523,1/508,2/408,3/404,4/401,5/512;0/443,1/331,2/304,3/305,4/439,5/458,6/426,7/319,8/320,9/308,10/442,11/453
6779.96;447;1068;6;12;0/1545.56,1/1737.54,2/2690.76,3/2766.3,4/2787.91,5/1696.48;0/2339.96,1/3412.26,2/3689.96,3/3709.96,4/2335.79,5/2176.97,6/2509.96,7/3537.8,8/3578.08,9/3689.18,10/2301.47,11/2229.96;0/6779.96,1/6779.96,2/6779.96,3/6779.96,4/6779.96,5/6779.96;0/6779.96,1/6779.96,2/6779.96,3/6779.96,4/6779.96,5/6779.96,6/6779.96,7/6779.96,8/6779.96,9/6779.96,10/6779.96,11/6779.96;0/0,1/0,2/0,3/0,4/0,5/0;0/4,1/5,2/7,3/10,4/4,5/11,6/7,7/1,8/6,9/5,10/4,11/7;0/0,1/0,2/0,3/4,4/0,5/0;0/6,1/8,2/10,3/15,4/13,5/14,6/10,7/7,8/8,9/11,10/9,11/9;0/0,1/0,2/4,3/3,4/0,5/0;0/3,1/3,2/3,3/3,4/3,5/4,6/3,7/3,8/3,9/3,10/3,11/4;0/84,1/83,2/65,3/64,4/65,5/86;0/99,1/74,2/73,3/73,4/106,5/102,6/106,7/72,8/77,9/78,10/107,11/101;0/527,1/508,2/412,3/404,4/402,5/512;0/444,1/337,2/310,3/307,4/445,5/461,6/427,7/325,8/321,9/310,10/448,11/455
6839.86;448;1078;6;12;0/1605.46,1/1797.44,2/2750.66,3/2786.37,4/2847.81,5/1756.38;0/2389.86,1/3449.86,2/3714.1,3/3735.97,4/2344.84,5/2199.72,6/2539.86,7/3538.29,8/3609.86,9/3689.86,10/2329.86,11/2284.66;0/6839.86,1/6839.86,2/6839.86,3/6839.86,4/6839.86,5/6839.86;0/6839.86,1/6839.86,2/6839.86,3/6839.86,4/6839.86,5/6839.86,6/6839.86,7/6839.86,8/6839.86,9/6839.86,10/6839.86,11/6839.86;0/0,1/0,2/0,3/0,4/0,5/0;0/5,1/2,2/4,3/9,4/3,5/7,6/7,7/0,8/6,9/6,10/3,11/4;0/0,1/0,2/0,3/0,4/0,5/0;0/11,1/7,2/7,3/15,4/10,5/14,6/8,7/7,8/10,9/11,10/9,11/8;0/0,1/0,2/0,3/4,4/0,5/0;0/4,1/3,2/3,3/3,4/4,5/4,6/3,7/3,8/3,9/3,10/4,11/4;0/84,1/83,2/65,3/65,4/65,5/86;0/100,1/74,2/74,3/74,4/107,5/103,6/108,7/73,8/77,9/79,10/107,11/102;0/527,1/508,2/412,3/408,4/402,5/512;0/445,1/339,2/313,3/311,4/450,5/465,6/430,7/331,8/323,9/315,10/451,11/456
6899.9;448;1090;6;12;0/1665.5,1/1857.48,2/2810.7,3/2846.41,4/2907.85,5/1816.42;0/2398.7,1/3469.9,2/3749.9,3/3750.92,4/2345.19,5/2199.9,6/2599.9,7/3538.61,8/3659.9,9/3724.24,10/2349.9,11/2312.95;0/6899.9,1/6899.9,2/6899.9,3/6899.9,4/6899.9,5/6899.9;0/6899.9,1/6899.9,2/6899.9,3/6899.9,4/6899.9,5/6899.9,6/6899.9,7/6899.9,8/6899.9,9/6899.9,10/6899.9,11/6899.9;0/0,1/0,2/0,3/0,4/0,5/0;0/7,1/2,2/4,3/9,4/2,5/8,6/3,7/1,8/4,9/2,10/2,11/4;0/0,1/0,2/0,3/0,4/0,5/0;0/13,1/9,2/7,3/11,4/7,5/15,6/8,7/7,8/10,9/8,10/7,11/7;0/0,1/0,2/0,3/0,4/0,5/0;0/4,1/4,2/3,3/4,4/4,5/4,6/4,7/3,8/3,9/4,10/4,11/4;0/84,1/83,2/65,3/65,4/65,5/86;0/101,1/76,2/75,3/75,4/108,5/104,6/108,7/73,8/78,9/80,10/108,11/104;0/527,1/508,2/412,3/408,4/402,5/512;0/451,1/343,2/315,3/315,4/456,5/471,6/430,7/337,8/324,9/318,10/455,11/459
6959.93;448;1110;6;12;0/1725.53,1/1917.51,2/2870.73,3/2906.44,4/2967.88,5/1876.45;0/2406.78,1/3471.24,2/3769.93,3/3789.93,4/2369.93,5/2224.87,6/2617,7/3539.93,8/3669.93,9/3724.87,10/2361.29,11/2326.91;0/6959.93,1/6959.93,2/6959.93,3/6959.93,4/6959.93,5/6959.93;0/6959.93,1/6959.93,2/6959.93,3/6959.93,4/6959.93,5/6959.93,6/6959.93,7/6959.93,8/6959.93,9/6959.93,10/6959.93,11/6959.93;0/0,1/0,2/0,3/0,4/0,5/0;0/6,1/5,2/5,3/6,4/2,5/6,6/3,7/3,8/3,9/6,10/2,11/9;0/0,1/0,2/0,3/0,4/0,5/0;0/12,1/13,2/9,3/9,4/11,5/12,6/8,7/11,8/8,9/13,10/8,11/12;0/0,1/0,2/0,3/0,4/0,5/0;0/4,1/4,2/3,3/4,4/4,5/4,6/4,7/3,8/3,9/4,10/4,11/4;0/84,1/83,2/65,3/65,4/65,5/86;0/104,1/78,2/76,3/76,4/109,5/105,6/111,7/74,8/80,9/81,10/111,11/105;0/527,1/508,2/412,3/408,4/402,5/512;0/456,1/349,2/319,3/317,4/459,5/474,6/435,7/342,8/330,9/324,10/460,11/464
7019.94;448;1119;6;12;0/1785.55,1/1977.52,2/2930.75,3/2966.46,4/3027.9,5/1936.47;0/2419.94,1/3475.54,2/3809.81,3/3849.94,4/2407.66,5/2249.94,6/2622.18,7/3547.83,8/3681.74,9/3725.14,10/2361.92,11/2379.94;0/7019.94,1/7019.94,2/7019.94,3/7019.94,4/7019.94,5/7019.94;0/7019.94,1/7019.94,2/7019.94,3/7019.94,4/7019.94,5/7019.94,6/7019.94,7/7019.94,8/7019.94,9/7019.94,10/7019.94,11/7019.94;0/0,1/0,2/0,3/0,4/0,5/0;0/4,1/3,2/3,3/3,4/5,5/6,6/4,7/1,8/1,9/6,10/2,11/1;0/0,1/0,2/0,3/0,4/0,5/0;0/15,1/12,2/8,3/9,4/13,5/12,6/9,7/9,8/7,9/13,10/8,11/14;0/0,1/0,2/0,3/0,4/0,5/0;0/4,1/4,2/3,3/4,4/4,5/4,6/4,7/3,8/3,9/4,10/4,11/4;0/84,1/83,2/65,3/65,4/65,5/86;0/104,1/79,2/77,3/76,4/110,5/106,6/113,7/75,8/81,9/82,10/111,11/105;0/527,1/508,2/412,3/408,4/402,5/512;0/460,1/355,2/322,3/317,4/462,5/477,6/440,7/348,8/334,9/330,10/466,11/464
7080;448;1138;6;12;0/1845.6,1/2037.58,2/2990.8,3/3026.51,4/3087.95,5/1996.52;0/2458.49,1/3475.69,2/3819.91,3/3856.46,4/2407.95,5/2279.86,6/2650,7/3557.81,8/3682.02,9/3727.33,10/2369.46,11/2404;0/7080,1/7080,2/7080,3/7080,4/7080,5/7080;0/7080,1/7080,2/7080,3/7080,4/7080,5/7080,6/7080,7/7080,8/7080,9/7080,10/7080,11/7080;0/0,1/0,2/0,3/0,4/0,5/0;0/7,1/5,2/6,3/3,4/3,5/5,6/2,7/3,8/3,9/6,10/5,11/2;0/0,1/0,2/0,3/0,4/0,5/0;0/16,1/10,2/13,3/7,4/13,5/12,6/10,7/10,8/7,9/10,10/9,11/13;0/0,1/0,2/0,3/0,4/0,5/0;0/4,1/4,2/3,3/4,4/4,5/4,6/4,7/3,8/3,9/4,10/4,11/4;0/84,1/83,2/65,3/65,4/65,5/86;0/106,1/80,2/79,3/79,4/111,5/108,6/113,7/76,8/82,9/84,10/113,11/107;0/527,1/508,2/412,3/408,4/402,5/512;0/463,1/361,2/327,3/323,4/468,5/481,6/443,7/353,8/340,9/336,10/472,11/468
7139.96;448;1149;6;12;0/1905.57,1/2097.54,2/3050.77,3/3086.48,4/3147.91,5/2056.49;0/2458.66,1/3476.52,2/3820.46,3/3856.77,4/2408.16,5/2298.43,6/2659.67,7/3558.38,8/3694.93,9/3749.96,10/2387.48,11/2404.25;0/7139.96,1/7139.96,2/7139.96,3/7139.96,4/7139.96,5/7139.96;0/7139.96,1/7139.96,2/7139.96,3/7139.96,4/7139.96,5/7139.96,6/7139.96,7/7139.96,8/7139.96,9/7139.96,10/7139.96,11/7139.96;0/0,1/0,2/0,3/0,4/0,5/0;0/3,1/5,2/3,3/4,4/0,5/2,6/1,7/5,8/5,9/5,10/5,11/2;0/0,1/0,2/0,3/0,4/0,5/0;0/12,1/10,2/13,3/9,4/9,5/10,6/10,7/13,8/11,9/12,10/11,11/9;0/0,1/0,2/0,3/0,4/0,5/0;0/4,1/4,2/3,3/4,4/4,5/4,6/4,7/3,8/3,9/4,10/4,11/4;0/84,1/83,2/65,3/65,4/65,5/86;0/106,1/81,2/79,3/79,4/113,5/109,6/114,7/77,8/83,9/85,10/115,11/108;0/527,1/508,2/412,3/408,4/402,5/512;0/469,1/367,2/332,3/329,4/474,5/485,6/449,7/359,8/345,9/339,10/476,11/474
7199.97;448;1165;6;12;0/1965.57,1/2157.55,2/3110.78,3/3146.49,4/3207.92,5/2116.5;0/2459.97,1/3504.01,2/3854.51,3/3859.97,4/2408.54,5/2298.77,6/2659.97,7/3558.54,8/3695.02,9/3799.97,10/2389.97,11/2404.46;0/7199.97,1/7199.97,2/7199.97,3/7199.97,4/7199.97,5/7199.97;0/7199.97,1/7199.97,2/7199.97,3/7199.97,4/7199.97,5/7199.97,6/7199.97,7/7199.97,8/7199.97,9/7199.97,10/7199.97,11/7199.97;0/0,1/0,2/0,3/0,4/0,5/0;0/2,1/2,2/2,3/3,4/7,5/6,6/0,7/4,8/4,9/4,10/1,11/2;0/0,1/0,2/0,3/0,4/0,5/0;0/11,1/7,2/12,3/9,4/18,5/15,6/6,7/10,8/5,9/12,10/9,11/6;0/0,1/0,2/0,3/0,4/0,5/0;0/4,1/4,2/3,3/4,4/4,5/4,6/4,7/3,8/3,9/4,10/4,11/4;0/84,1/83,2/65,3/65,4/65,5/86;0/108,1/82,2/80,3/81,4/114,5/111,6/116,7/78,8/84,9/86,10/116,11/109;0/527,1/508,2/412,3/408,4/402,5/512;0/474,1/370,2/335,3/334,4/480,5/491,6/455,7/365,8/351,9/340,10/481,11/480
7259.96;448;1175;6;12;0/2025.56,1/2217.54,2/3170.76,3/3206.47,4/3267.91,5/2176.48;0/2476.51,1/3504.45,2/3854.64,3/3863.32,4/2408.69,5/2299.15,6/2660.65,7/3569.96,8/3749.96,9/3834.45,10/2415.98,11/2429.96;0/7259.96,1/7259.96,2/7259.96,3/7259.96,4/7259.96,5/7259.96;0/7259.96,1/7259.96,2/7259.96,3/7259.96,4/7259.96,5/7259.96,6/7259.96,7/7259.96,8/7259.96,9/7259.96,10/7259.96,11/7259.96;0/0,1/0,2/0,3/0,4/0,5/0;0/1,1/3,2/5,3/7,4/5,5/7,6/3,7/8,8/5,9/3,10/4,11/1;0/0,1/0,2/0,3/0,4/0,5/0;0/9,1/7,2/14,3/13,4/17,5/18,6/10,7/13,8/9,9/11,10/14,11/7;0/0,1/0,2/0,3/0,4/0,5/0;0/4,1/4,2/3,3/4,4/4,5/4,6/4,7/3,8/3,9/4,10/4,11/4;0/84,1/83,2/65,3/65,4/65,5/86;0/109,1/83,2/81,3/82,4/114,5/112,6/117,7/78,8/84,9/88,10/117,11/110;0/527,1/508,2/412,3/408,4/402,5/512;0/479,1/376,2/341,3/340,4/486,5/497,6/460,7/369,8/351,9/343,10/485,11/483
7319.93;448;1189;6;12;0/2085.53,1/2277.51,2/3230.73,3/3266.45,4/3327.88,5/2236.46;0/2476.72,1/3504.87,2/3854.83,3/3907.71,4/2409.2,5/2299.24,6/2677.71,7/3589.93,8/3779.93,9/3834.74,10/2416.25,11/2452.46;0/7319.93,1/7319.93,2/7319.93,3/7319.93,4/7319.93,5/7319.93;0/7319.93,1/7319.93,2/7319.93,3/7319.93,4/7319.93,5/7319.93,6/7319.93,7/7319.93,8/7319.93,9/7319.93,10/7319.93,11/7319.93;0/0,1/0,2/0,3/0,4/0,5/0;0/1,1/13,2/6,3/6,4/5,5/6,6/5,7/4,8/4,9/2,10/6,11/0;0/0,1/0,2/0,3/0,4/0,5/0;0/7,1/16,2/11,3/13,4/14,5/12,6/14,7/11,8/8,9/7,10/12,11/7;0/0,1/0,2/0,3/0,4/0,5/0;0/4,1/4,2/3,3/4,4/4,5/4,6/4,7/3,8/3,9/4,10/4,11/4;0/84,1/83,2/65,3/65,4/65,5/86;0/110,1/85,2/82,3/83,4/116,5/113,6/118,7/79,8/85,9/89,10/118,11/111;0/527,1/508,2/412,3/408,4/402,5/512;0/485,1/382,2/347,3/342,4/492,5/503,6/465,7/373,8/354,9/349,10/491,11/487
7379.99;448;1205;6;12;0/2145.6,1/2337.57,2/3290.8,3/3326.51,4/3387.94,5/2296.52;0/2477.23,1/3523.97,2/3854.98,3/3907.87,4/2409.42,5/2299.99,6/2688.59,7/3593.25,8/3828.96,9/3835.04,10/2416.38,11/2452.72;0/7379.99,1/7379.99,2/7379.99,3/7379.99,4/7379.99,5/7379.99;0/7379.99,1/7379.99,2/7379.99,3/7379.99,4/7379.99,5/7379.99,6/7379.99,7/7379.99,8/7379.99,9/7379.99,10/7379.99,11/7379.99;0/0,1/0,2/0,3/0,4/0,5/0;0/6,1/6,2/4,3/4,4/3,5/8,6/4,7/2,8/5,9/14,10/6,11/4;0/0,1/0,2/0,3/0,4/0,5/0;0/10,1/16,2/7,3/12,4/14,5/14,6/12,7/8,8/9,9/19,10/9,11/10;0/0,1/0,2/0,3/0,4/0,5/0;0/4,1/4,2/3,3/4,4/4,5/4,6/4,7/3,8/3,9/4,10/4,11/4;0/84,1/83,2/65,3/65,4/65,5/86;0/111,1/86,2/83,3/85,4/117,5/114,6/119,7/80,8/87,9/91,10/119,11/113;0/527,1/508,2/412,3/408,4/402,5/512;0/491,1/386,2/353,3/348,4/498,5/508,6/470,7/379,8/356,9/355,10/497,11/493
7439.97;448;1217;6;12;0/2205.57,1/2397.55,2/3350.77,3/3386.48,4/3447.92,5/2356.49;0/2489.97,1/3530.73,2/3876.48,3/3908,4/2409.76,5/2349.97,6/2699.97,7/3600.23,8/3839.97,9/3848.7,10/2449.97,11/2453.1;0/7439.97,1/7439.97,2/7439.97,3/7439.97,4/7439.97,5/7439.97;0/7439.97,1/7439.97,2/7439.97,3/7439.97,4/7439.97,5/7439.97,6/7439.97,7/7439.97,8/7439.97,9/7439.97,10/7439.97,11/7439.97;0/0,1/0,2/0,3/0,4/0,5/0;0/7,1/5,2/4,3/1,4/2,5/7,6/4,7/2,8/3,9/6,10/2,11/4;0/0,1/0,2/0,3/0,4/0,5/0;0/12,1/12,2/6,3/10,4/14,5/17,6/10,7/8,8/7,9/14,10/10,11/12;0/0,1/0,2/0,3/0,4/0,5/0;0/4,1/4,2/3,3/4,4/4,5/4,6/4,7/3,8/3,9/4,10/4,11/4;0/84,1/83,2/65,3/65,4/65,5/86;0/113,1/87,2/84,3/86,4/118,5/115,6/120,7/81,8/87,9/92,10/120,11/114;0/527,1/508,2/412,3/408,4/402,5/512;0/495,1/391,2/357,3/354,4/504,5/509,6/474,7/384,8/360,9/360,10/499,11/499
7499.98;448;1231;6;12;0/2265.58,1/2457.56,2/3410.78,3/3446.5,4/3507.93,5/2416.51;0/2527.12,1/3539.98,2/3899.98,3/3908.32,4/2409.98,5/2361.9,6/2704.94,7/3600.5,8/3865.97,9/3848.97,10/2469.98,11/2453.42;0/7499.98,1/7499.98,2/7499.98,3/7499.98,4/7499.98,5/7499.98;0/7499.98,1/7499.98,2/7499.98,3/7499.98,4/7499.98,5/7499.98,6/7499.98,7/7499.98,8/7499.98,9/7499.98,10/7499.98,11/7499.98;0/0,1/0,2/0,3/0,4/0,5/0;0/4,1/6,2/8,3/1,4/1,5/5,6/5,7/2,8/5,9/7,10/4,11/4;0/0,1/0,2/0,3/0,4/0,5/0;0/9,1/12,2/11,3/11,4/12,5/14,6/12,7/8,8/10,9/14,10/10,11/11;0/0,1/0,2/0,3/0,4/0,5/0;0/4,1/4,2/3,3/4,4/4,5/4,6/4,7/3,8/3,9/4,10/4,11/4;0/84,1/83,2/65,3/65,4/65,5/86;0/114,1/88,2/85,3/86,4/120,5/116,6/122,7/82,8/88,9/92,10/122,11/116;0/527,1/508,2/412,3/408,4/402,5/512;0/498,1/396,2/360,3/360,4/509,5/514,6/480,7/390,8/364,9/366,10/503,11/505
7559.97;448;1245;6;12;0/2325.57,1/2517.55,2/3470.77,3/3506.48,4/3567.92,5/2476.49;0/2527.28,1/3579.97,2/3932.42,3/3908.53,4/2410.23,5/2362.04,6/2751.78,7/3620,8/3866.33,9/3849.15,10/2509.86,11/2469.97;0/7559.97,1/7559.97,2/7559.97,3/7559.97,4/7559.97,5/7559.97;0/7559.97,1/7559.97,2/7559.97,3/7559.97,4/7559.97,5/7559.97,6/7559.97,7/7559.97,8/7559.97,9/7559.97,10/7559.97,11/7559.97;0/0,1/0,2/0,3/0,4/0,5/0;0/4,1/2,2/5,3/1,4/0,5/5,6/1,7/5,8/3,9/6,10/2,11/2;0/0,1/0,2/0,3/0,4/0,5/0;0/9,1/13,2/9,3/10,4/7,5/16,6/13,7/10,8/8,9/11,10/9,11/9;0/0,1/0,2/0,3/0,4/0,5/0;0/4,1/4,2/3,3/4,4/4,5/4,6/4,7/3,8/3,9/4,10/4,11/4;0/84,1/83,2/65,3/65,4/65,5/86;0/115,1/89,2/86,3/87,4/120,5/118,6/123,7/83,8/90,9/94,10/124,11/116;0/527,1/508,2/412,3/408,4/402,5/512;0/504,1/398,2/363,3/366,4/515,5/520,6/481,7/394,8/370,9/372,10/506,11/509
7620;448;1260;6;12;0/2385.6,1/2577.58,2/3530.8,3/3566.51,4/3627.95,5/2536.52;0/2550,1/3588.99,2/3960,3/3908.69,4/2410.6,5/2362.6,6/2751.92,7/3620.46,8/3900,9/3853.5,10/2510.07,11/2490.96;0/7620,1/7620,2/7620,3/7620,4/7620,5/7620;0/7620,1/7620,2/7620,3/7620,4/7620,5/7620,6/7620,7/7620,8/7620,9/7620,10/7620,11/7620;0/0,1/0,2/0,3/0,4/0,5/0;0/0,1/1,2/4,3/4,4/2,5/5,6/1,7/4,8/3,9/3,10/3,11/5;0/0,1/0,2/0,3/0,4/0,5/0;0/10,1/8,2/10,3/10,4/9,5/12,6/10,7/13,8/6,9/7,10/9,11/10;0/0,1/0,2/0,3/0,4/0,5/0;0/4,1/4,2/3,3/4,4/4,5/4,6/4,7/3,8/3,9/4,10/4,11/4;0/84,1/83,2/65,3/65,4/65,5/86;0/117,1/91,2/87,3/88,4/121,5/119,6/124,7/84,8/91,9/95,10/124,11/119;0/527,1/508,2/412,3/408,4/402,5/512;0/507,1/404,2/366,3/372,4/521,5/526,6/487,7/400,8/372,9/377,10/511,11/513
7679.99;448;1273;6;12;0/2445.59,1/2637.57,2/3590.79,3/3626.5,4/3687.94,5/2596.51;0/2596.06,1/3589.36,2/3993.79,3/3909.04,4/2410.91,5/2373.59,6/2752.14,7/3629.08,8/3943.59,9/3879.99,10/2510.62,11/2506.02;0/7679.99,1/7679.99,2/7679.99,3/7679.99,4/7679.99,5/7679.99;0/7679.99,1/7679.99,2/7679.99,3/7679.99,4/7679.99,5/7679.99,6/7679.99,7/7679.99,8/7679.99,9/7679.99,10/7679.99,11/7679.99;0/0,1/0,2/0,3/0,4/0,5/0;0/0,1/2,2/3,3/5,4/4,5/4,6/1,7/7,8/4,9/7,10/4,11/2;0/0,1/0,2/0,3/0,4/0,5/0;0/8,1/10,2/9,3/13,4/11,5/11,6/9,7/12,8/9,9/10,10/9,11/10;0/0,1/0,2/0,3/0,4/0,5/0;0/4,1/4,2/3,3/4,4/4,5/4,6/4,7/3,8/3,9/4,10/4,11/4;0/84,1/83,2/65,3/65,4/65,5/86;0/118,1/92,2/88,3/89,4/122,5/120,6/125,7/85,8/92,9/96,10/126,11/120;0/527,1/508,2/412,3/408,4/402,5/512;0/509,1/410,2/369,3/378,4/527,5/531,6/493,7/406,8/374,9/380,10/517,11/518
7739.98;448;1287;6;12;0/2505.58,1/2697.56,2/3650.78,3/3686.49,4/3747.93,5/2656.5;0/2596.89,1/3589.59,2/4019.98,3/3909.13,4/2421.91,5/2379.98,6/2752.54,7/3649.02,8/3961.49,9/3919.98,10/2541.25,11/2506.35;0/7739.98,1/7739.98,2/7739.98,3/7739.98,4/7739.98,5/7739.98;0/7739.98,1/7739.98,2/7739.98,3/7739.98,4/7739.98,5/7739.98,6/7739.98,7/7739.98,8/7739.98,9/7739.98,10/7739.98,11/7739.98;0/0,1/0,2/0,3/0,4/0,5/0;0/0,1/5,2/3,3/5,4/2,5/3,6/3,7/8,8/4,9/0,10/5,11/2;0/0,1/0,2/0,3/0,4/0,5/0;0/7,1/15,2/11,3/9,4/10,5/11,6/11,7/15,8/12,9/11,10/10,11/9;0/0,1/0,2/0,3/0,4/0,5/0;0/4,1/4,2/3,3/4,4/4,5/4,6/4,7/3,8/3,9/4,10/4,11/4;0/84,1/83,2/65,3/65,4/65,5/86;0/118,1/94,2/89,3/91,4/124,5/121,6/126,7/86,8/93,9/97,10/127,11/121;0/527,1/508,2/412,3/408,4/402,5/512;0/515,1/416,2/372,3/384,4/532,5/536,6/499,7/410,8/378,9/382,10/520,11/524
7799.96;448;1300;6;12;0/2565.56,1/2757.54,2/3710.76,3/3746.47,4/3807.91,5/2716.48;0/2597.14,1/3589.8,2/4038.42,3/3909.53,4/2422.16,5/2387.25,6/2764.14,7/3649.16,8/3968.55,9/3934.96,10/2544.66,11/2506.83;0/7799.96,1/7799.96,2/7799.96,3/7799.96,4/7799.96,5/7799.96;0/7799.96,1/7799.96,2/7799.96,3/7799.96,4/7799.96,5/7799.96,6/7799.96,7/7799.96,8/7799.96,9/7799.96,10/7799.96,11/7799.96;0/0,1/0,2/0,3/0,4/0,5/0;0/1,1/8,2/7,3/6,4/1,5/2,6/7,7/8,8/5,9/1,10/3,11/2;0/0,1/0,2/0,3/0,4/0,5/0;0/7,1/16,2/15,3/10,4/7,5/7,6/16,7/11,8/13,9/12,10/8,11/11;0/0,1/0,2/0,3/0,4/0,5/0;0/4,1/4,2/3,3/4,4/4,5/4,6/4,7/3,8/3,9/4,10/4,11/4;0/84,1/83,2/65,3/65,4/65,5/86;0/120,1/95,2/90,3/92,4/125,5/122,6/127,7/86,8/95,9/98,10/128,11/122;0/527,1/508,2/412,3/408,4/402,5/512;0/521,1/422,2/377,3/390,4/538,5/542,6/504,7/416,8/384,9/387,10/526,11/530
7859.97;448;1312;6;12;0/2625.57,1/2817.55,2/3770.77,3/3806.49,4/3867.92,5/2776.5;0/2600.68,1/3599.6,2/4038.69,3/3932.72,4/2422.63,5/2399.97,6/2790.27,7/3679.97,8/3968.69,9/3935.26,10/2570.68,11/2507.17;0/7859.97,1/7859.97,2/7859.97,3/7859.97,4/7859.97,5/7859.97;0/7859.97,1/7859.97,2/7859.97,3/7859.97,4/7859.97,5/7859.97,6/7859.97,7/7859.97,8/7859.97,9/7859.97,10/7859.97,11/7859.97;0/0,1/0,2/0,3/0,4/0,5/0;0/3,1/4,2/11,3/3,4/3,5/0,6/5,7/5,8/2,9/2,10/2,11/2;0/0,1/0,2/0,3/0,4/0,5/0;0/13,1/11,2/17,3/14,4/10,5/10,6/13,7/11,8/10,9/12,10/9,11/11;0/0,1/0,2/0,3/0,4/0,5/0;0/4,1/4,2/3,3/4,4/4,5/4,6/4,7/3,8/3,9/4,10/4,11/4;0/84,1/83,2/65,3/65,4/65,5/86;0/121,1/96,2/91,3/94,4/126,5/123,6/128,7/87,8/95,9/99,10/129,11/123;0/527,1/508,2/412,3/408,4/402,5/512;0/526,1/427,2/383,3/393,4/544,5/546,6/507,7/418,8/390,9/393,10/529,11/536
7919.96;448;1324;6;12;0/2685.56,1/2877.54,2/3830.76,3/3866.47,4/3927.91,5/2836.48;0/2600.78,1/3620.58,2/4038.82,3/3932.88,4/2445.02,5/2420.78,6/2790.3,7/3715.85,8/3968.91,9/3935.61,10/2582.48,11/2507.48;0/7919.96,1/7919.96,2/7919.96,3/7919.96,4/7919.96,5/7919.96;0/7919.96,1/7919.96,2/7919.96,3/7919.96,4/7919.96,5/7919.96,6/7919.96,7/7919.96,8/7919.96,9/7919.96,10/7919.96,11/7919.96;0/0,1/0,2/0,3/0,4/0,5/0;0/0,1/3,2/10,3/8,4/3,5/0,6/1,7/5,8/2,9/2,10/3,11/1;0/0,1/0,2/0,3/0,4/0,5/0;0/9,1/12,2/15,3/15,4/9,5/8,6/7,7/9,8/8,9/10,10/9,11/7;0/0,1/0,2/0,3/0,4/0,5/0;0/4,1/4,2/3,3/4,4/4,5/4,6/4,7/3,8/3,9/4,10/4,11/4;0/84,1/83,2/65,3/65,4/65,5/86;0/122,1/97,2/92,3/94,4/127,5/124,6/129,7/88,8/96,9/100,10/131,11/124;0/527,1/508,2/412,3/408,4/402,5/512;0/532,1/430,2/389,3/399,4/548,5/550,6/513,7/421,8/396,9/399,10/534,11/542
7979.95;448;1338;6;12;0/2745.56,1/2937.53,2/3890.76,3/3926.47,4/3987.9,5/2896.48;0/2601.27,1/3620.6,2/4072.31,3/3939.95,4/2454.7,5/2421.08,6/2800.2,7/3748.74,8/3969.26,9/3936.02,10/2591.45,11/2512.61;0/7979.95,1/7979.95,2/7979.95,3/7979.95,4/7979.95,5/7979.95;0/7979.95,1/7979.95,2/7979.95,3/7979.95,4/7979.95,5/7979.95,6/7979.95,7/7979.95,8/7979.95,9/7979.95,10/7979.95,11/7979.95;0/0,1/0,2/0,3/0,4/0,5/0;0/5,1/3,2/8,3/4,4/1,5/1,6/4,7/3,8/1,9/3,10/1,11/2;0/0,1/0,2/0,3/0,4/0,5/0;0/16,1/6,2/13,3/13,4/11,5/9,6/11,7/7,8/6,9/13,10/12,11/10;0/0,1/0,2/0,3/0,4/0,5/0;0/4,1/4,2/3,3/4,4/4,5/4,6/4,7/3,8/3,9/4,10/4,11/4;0/84,1/83,2/65,3/65,4/65,5/86;0/122,1/98,2/93,3/96,4/129,5/126,6/130,7/89,8/97,9/101,10/132,11/125;0/527,1/508,2/412,3/408,4/402,5/512;0/538,1/436,2/391,3/404,4/553,5/556,6/518,7/424,8/402,9/405,10/539,11/547
8039.98;448;1352;6;12;0/2805.59,1/2997.56,2/3950.79,3/3986.5,4/4047.93,5/2956.51;0/2601.32,1/3621.12,2/4099.98,3/3949.98,4/2454.99,5/2443.69,6/2800.29,7/3779.98,8/3999.98,9/3936.22,10/2591.81,11/2512.97;0/8039.98,1/8039.98,2/8039.98,3/8039.98,4/8039.98,5/8039.98;0/8039.98,1/8039.98,2/8039.98,3/8039.98,4/8039.98,5/8039.98,6/8039.98,7/8039.98,8/8039.98,9/8039.98,10/8039.98,11/8039.98;0/0,1/0,2/0,3/0,4/0,5/0;0/4,1/2,2/7,3/4,4/2,5/0,6/3,7/1,8/2,9/6,10/0,11/1;0/0,1/0,2/0,3/0,4/0,5/0;0/10,1/6,2/10,3/18,4/12,5/10,6/8,7/9,8/10,9/16,10/12,11/12;0/0,1/0,2/0,3/0,4/0,5/0;0/4,1/4,2/3,3/4,4/4,5/4,6/4,7/3,8/3,9/4,10/4,11/4;0/84,1/83,2/65,3/65,4/65,5/86;0/124,1/100,2/94,3/97,4/130,5/127,6/132,7/90,8/97,9/102,10/132,11/127;0/527,1/508,2/412,3/408,4/402,5/512;0/544,1/442,2/394,3/409,4/559,5/560,6/524,7/426,8/404,9/411,10/545,11/553
8099.95;448;1363;6;12;0/2865.56,1/3057.53,2/4010.76,3/4046.47,4/4107.9,5/3016.48;0/2601.66,1/3659.95,2/4139.95,3/3977.46,4/2455.59,5/2444.06,6/2835.59,7/3820.02,8/4032.64,9/3936.51,10/2592.02,11/2549.95;0/8099.95,1/8099.95,2/8099.95,3/8099.95,4/8099.95,5/8099.95;0/8099.95,1/8099.95,2/8099.95,3/8099.95,4/8099.95,5/8099.95,6/8099.95,7/8099.95,8/8099.95,9/8099.95,10/8099.95,11/8099.95;0/0,1/0,2/0,3/0,4/0,5/0;0/7,1/3,2/6,3/2,4/3,5/7,6/5,7/0,8/1,9/4,10/1,11/0;0/0,1/0,2/0,3/0,4/0,5/0;0/19,1/13,2/11,3/14,4/13,5/21,6/12,7/7,8/10,9/15,10/11,11/10;0/0,1/0,2/0,3/0,4/0,5/0;0/4,1/4,2/3,3/4,4/4,5/4,6/4,7/3,8/3,9/4,10/4,11/4;0/84,1/83,2/65,3/65,4/65,5/86;0/124,1/100,2/95,3/98,4/131,5/127,6/133,7/92,8/98,9/104,10/134,11/127;0/527,1/508,2/412,3/408,4/402,5/512;0/550,1/444,2/396,3/413,4/565,5/566,6/527,7/428,8/407,9/417,10/551,11/555
8159.88;448;1373;6;12;0/2925.48,1/3117.46,2/4070.68,3/4106.39,4/4167.83,5/3076.4;0/2601.76,1/3681.11,2/4169.88,3/3977.54,4/2455.95,5/2444.28,6/2859.88,7/3820.49,8/4033.16,9/3936.59,10/2592.13,11/2557.25;0/8159.88,1/8159.88,2/8159.88,3/8159.88,4/8159.88,5/8159.88;0/8159.88,1/8159.88,2/8159.88,3/8159.88,4/8159.88,5/8159.88,6/8159.88,7/8159.88,8/8159.88,9/8159.88,10/8159.88,11/8159.88;0/0,1/0,2/0,3/0,4/0,5/0;0/5,1/3,2/5,3/6,4/2,5/8,6/5,7/1,8/4,9/3,10/5,11/0;0/0,1/0,2/0,3/0,4/0,5/0;0/13,1/11,2/8,3/15,4/13,5/19,6/14,7/8,8/10,9/9,10/15,11/11;0/0,1/0,2/0,3/0,4/0,5/0;0/4,1/4,2/3,3/4,4/4,5/4,6/4,7/3,8/3,9/4,10/4,11/4;0/84,1/83,2/65,3/65,4/65,5/86;0/125,1/102,2/96,3/98,4/132,5/129,6/134,7/92,8/98,9/105,10/134,11/128;0/527,1/508,2/412,3/408,4/402,5/512;0/556,1/448,2/399,3/419,4/571,5/572,6/530,7/434,8/413,9/423,10/557,11/561
8219.97;448;1387;6;12;0/2985.57,1/3177.55,2/4130.77,3/4166.48,4/4227.92,5/3136.49;0/2601.89,1/3681.25,2/4209.97,3/3977.92,4/2456.27,5/2450.33,6/2868.22,7/3820.72,8/4033.69,9/3936.92,10/2592.29,11/2558;0/8219.97,1/8219.97,2/8219.97,3/8219.97,4/8219.97,5/8219.97;0/8219.97,1/8219.97,2/8219.97,3/8219.97,4/8219.97,5/8219.97,6/8219.97,7/8219.97,8/8219.97,9/8219.97,10/8219.97,11/8219.97;0/0,1/0,2/0,3/0,4/0,5/0;0/3,1/3,2/3,3/9,4/2,5/6,6/3,7/6,8/6,9/0,10/3,11/2;0/0,1/0,2/0,3/0,4/0,5/0;0/9,1/7,2/7,3/15,4/11,5/19,6/9,7/14,8/10,9/8,10/13,11/14;0/0,1/0,2/0,3/0,4/0,5/0;0/4,1/4,2/3,3/4,4/4,5/4,6/4,7/3,8/3,9/4,10/4,11/4;0/84,1/83,2/65,3/65,4/65,5/86;0/127,1/103,2/97,3/100,4/133,5/130,6/135,7/92,8/100,9/106,10/135,11/129;0/527,1/508,2/412,3/408,4/402,5/512;0/562,1/454,2/401,3/425,4/577,5/577,6/536,7/440,8/419,9/429,10/563,11/567
8279.96;448;1399;6;12;0/3045.57,1/3237.54,2/4190.77,3/4226.48,4/4287.91,5/3196.49;0/2605.91,1/3699.96,2/4219.96,3/3978.01,4/2456.86,5/2450.56,6/2878.01,7/3820.99,8/4059.96,9/3937.54,10/2592.94,11/2558.35;0/8279.96,1/8279.96,2/8279.96,3/8279.96,4/8279.96,5/8279.96;0/8279.96,1/8279.96,2/8279.96,3/8279.96,4/8279.96,5/8279.96,6/8279.96,7/8279.96,8/8279.96,9/8279.96,10/8279.96,11/8279.96;0/0,1/0,2/0,3/0,4/0,5/0;0/2,1/3,2/5,3/3,4/0,5/6,6/4,7/8,8/4,9/6,10/4,11/2;0/0,1/0,2/0,3/0,4/0,5/0;0/7,1/10,2/8,3/13,4/10,5/19,6/7,7/13,8/8,9/14,10/17,11/12;0/0,1/0,2/0,3/0,4/0,5/0;0/4,1/4,2/3,3/4,4/4,5/4,6/4,7/3,8/3,9/4,10/4,11/4;0/84,1/83,2/65,3/65,4/65,5/86;0/128,1/104,2/99,3/101,4/133,5/130,6/137,7/94,8/100,9/107,10/136,11/130;0/527,1/508,2/412,3/408,4/402,5/512;0/568,1/458,2/406,3/431,4/583,5/583,6/541,7/446,8/422,9/435,10/569,11/573
8339.8;448;1411;6;12;0/3105.4,1/3297.38,2/4250.6,3/4286.31,4/4347.75,5/3256.32;0/2630.18,1/3728.03,2/4239.8,3/4004.56,4/2457.29,5/2450.68,6/2878.68,7/3829.8,8/4089.8,9/3937.68,10/2592.99,11/2559.04;0/8339.8,1/8339.8,2/8339.8,3/8339.8,4/8339.8,5/8339.8;0/8339.8,1/8339.8,2/8339.8,3/8339.8,4/8339.8,5/8339.8,6/8339.8,7/8339.8,8/8339.8,9/8339.8,10/8339.8,11/8339.8;0/0,1/0,2/0,3/0,4/0,5/0;0/0,1/4,2/6,3/2,4/1,5/6,6/5,7/6,8/5,9/7,10/4,11/5;0/0,1/0,2/0,3/0,4/0,5/0;0/9,1/9,2/8,3/10,4/10,5/14,6/11,7/10,8/9,9/14,10/12,11/14;0/0,1/0,2/0,3/0,4/0,5/0;0/4,1/4,2/3,3/4,4/4,5/4,6/4,7/3,8/3,9/4,10/4,11/4;0/84,1/83,2/65,3/65,4/65,5/86;0/129,1/106,2/100,3/102,4/134,5/131,6/138,7/94,8/101,9/108,10/137,11/131;0/527,1/508,2/412,3/408,4/402,5/512;0/571,1/462,2/410,3/434,4/589,5/589,6/547,7/451,8/425,9/441,10/575,11/579
8399.96;448;1424;6;12;0/3165.57,1/3357.54,2/4310.77,3/4346.48,4/4407.91,5/3316.49;0/2630.43,1/3746.46,2/4289.96,3/4004.84,4/2457.43,5/2450.76,6/2879.96,7/3870.47,8/4139.96,9/3937.8,10/2593.12,11/2559.1;0/8399.96,1/8399.96,2/8399.96,3/8399.96,4/8399.96,5/8399.96;0/8399.96,1/8399.96,2/8399.96,3/8399.96,4/8399.96,5/8399.96,6/8399.96,7/8399.96,8/8399.96,9/8399.96,10/8399.96,11/8399.96;0/0,1/0,2/0,3/0,4/0,5/0;0/4,1/7,2/5,3/3,4/1,5/5,6/7,7/2,8/5,9/6,10/3,11/1;0/0,1/0,2/0,3/0,4/0,5/0;0/11,1/10,2/10,3/9,4/7,5/8,6/9,7/8,8/13,9/10,10/7,11/10;0/0,1/0,2/0,3/0,4/0,5/0;0/4,1/4,2/3,3/4,4/4,5/4,6/4,7/3,8/3,9/4,10/4,11/4;0/84,1/83,2/65,3/65,4/65,5/86;0/130,1/108,2/101,3/103,4/135,5/132,6/139,7/95,8/102,9/110,10/137,11/132;0/527,1/508,2/412,3/408,4/402,5/512;0/577,1/466,2/411,3/440,4/595,5/595,6/552,7/453,8/426,9/447,10/581,11/585
8459.96;448;1437;6;12;0/3225.56,1/3417.54,2/4370.76,3/4406.48,4/4467.91,5/3376.48;0/2630.62,1/3779.96,2/4305.41,3/4029.96,4/2457.78,5/2479.96,6/2929.81,7/3870.75,8/4149.96,9/3979.96,10/2619.96,11/2561.95;0/8459.96,1/8459.96,2/8459.96,3/8459.96,4/8459.96,5/8459.96;0/8459.96,1/8459.96,2/8459.96,3/8459.96,4/8459.96,5/8459.96,6/8459.96,7/8459.96,8/8459.96,9/8459.96,10/8459.96,11/8459.96;0/0,1/0,2/0,3/0,4/0,5/0;0/4,1/2,2/6,3/2,4/1,5/4,6/4,7/6,8/8,9/1,10/5,11/2;0/0,1/0,2/0,3/0,4/0,5/0;0/8,1/8,2/8,3/10,4/10,5/8,6/10,7/10,8/12,9/11,10/17,11/10;0/0,1/0,2/0,3/0,4/0,5/0;0/4,1/4,2/3,3/4,4/4,5/4,6/4,7/3,8/3,9/4,10/4,11/4;0/84,1/83,2/65,3/65,4/65,5/86;0/131,1/108,2/103,3/104,4/136,5/133,6/141,7/96,8/103,9/110,10/139,11/133;0/527,1/508,2/412,3/408,4/402,5/512;0/583,1/468,2/416,3/443,4/601,5/598,6/554,7/459,8/431,9/448,10/584,11/590
8519.95;448;1452;6;12;0/3285.55,1/3477.53,2/4430.75,3/4466.47,4/4527.9,5/3436.47;0/2659.95,1/3829.44,2/4339.95,3/4039.79,4/2470.91,5/2509.95,6/2945.12,7/3875.81,8/4209.01,9/3991.87,10/2631.67,11/2567.96;0/8519.95,1/8519.95,2/8519.95,3/8519.95,4/8519.95,5/8519.95;0/8519.95,1/8519.95,2/8519.95,3/8519.95,4/8519.95,5/8519.95,6/8519.95,7/8519.95,8/8519.95,9/8519.95,10/8519.95,11/8519.95;0/0,1/0,2/0,3/0,4/0,5/0;0/3,1/3,2/6,3/0,4/2,5/3,6/2,7/7,8/4,9/1,10/2,11/2;0/0,1/0,2/0,3/0,4/0,5/0;0/11,1/10,2/10,3/9,4/12,5/9,6/10,7/8,8/11,9/8,10/14,11/9;0/0,1/0,2/0,3/0,4/0,5/0;0/4,1/4,2/3,3/4,4/4,5/4,6/4,7/3,8/3,9/4,10/4,11/4;0/84,1/83,2/65,3/65,4/65,5/86;0/132,1/109,2/103,3/106,4/138,5/134,6/142,7/97,8/104,9/112,10/140,11/135;0/527,1/508,2/412,3/408,4/402,5/512;0/586,1/470,2/418,3/449,4/605,5/601,6/558,7/465,8/432,9/453,10/589,11/596
8579.97;448;1466;6;12;0/3345.57,1/3537.55,2/4490.77,3/4526.48,4/4587.92,5/3496.49;0/2679.97,1/3829.71,2/4369.97,3/4045.09,4/2471.05,5/2549.97,6/2945.29,7/3929.97,8/4209.11,9/3992.13,10/2631.88,11/2568.26;0/8579.97,1/8579.97,2/8579.97,3/8579.97,4/8579.97,5/8579.97;0/8579.97,1/8579.97,2/8579.97,3/8579.97,4/8579.97,5/8579.97,6/8579.97,7/8579.97,8/8579.97,9/8579.97,10/8579.97,11/8579.97;0/0,1/0,2/0,3/0,4/0,5/0;0/5,1/3,2/4,3/3,4/4,5/4,6/1,7/4,8/6,9/0,10/2,11/1;0/0,1/0,2/0,3/0,4/0,5/0;0/13,1/8,2/11,3/11,4/12,5/13,6/8,7/8,8/9,9/7,10/9,11/7;0/0,1/0,2/0,3/0,4/0,5/0;0/4,1/4,2/3,3/4,4/4,5/4,6/4,7/3,8/3,9/4,10/4,11/4;0/84,1/83,2/65,3/65,4/65,5/86;0/134,1/111,2/104,3/107,4/139,5/136,6/143,7/97,8/105,9/113,10/141,11/136;0/527,1/508,2/412,3/408,4/402,5/512;0/590,1/476,2/421,3/454,4/611,5/603,6/564,7/465,8/438,9/459,10/595,11/602
8639.8;448;1480;6;12;0/3405.41,1/3597.38,2/4550.61,3/4586.32,4/4647.75,5/3556.33;0/2705.71,1/3832.02,2/4384.13,3/4045.26,4/2471.32,5/2553.26,6/2945.57,7/3963.9,8/4209.8,9/3992.89,10/2649.6,11/2568.54;0/8639.8,1/8639.8,2/8639.8,3/8639.8,4/8639.8,5/8639.8;0/8639.8,1/8639.8,2/8639.8,3/8639.8,4/8639.8,5/8639.8,6/8639.8,7/8639.8,8/8639.8,9/8639.8,10/8639.8,11/8639.8;0/0,1/0,2/0,3/0,4/0,5/0;0/7,1/3,2/4,3/1,4/0,5/7,6/3,7/3,8/7,9/0,10/4,11/0;0/0,1/0,2/0,3/0,4/0,5/0;0/14,1/7,2/9,3/8,4/9,5/14,6/10,7/7,8/9,9/8,10/8,11/10;0/0,1/0,2/0,3/0,4/0,5/0;0/4,1/4,2/3,3/4,4/4,5/4,6/4,7/3,8/3,9/4,10/4,11/4;0/84,1/83,2/65,3/65,4/65,5/86;0/135,1/113,2/105,3/108,4/139,5/137,6/144,7/99,8/106,9/114,10/143,11/137;0/527,1/508,2/412,3/408,4/402,5/512;0/594,1/481,2/426,3/460,4/617,5/609,6/570,7/468,8/443,9/465,10/600,11/608
8699.98;448;1493;6;12;0/3465.59,1/3657.56,2/4610.79,3/4646.5,4/4707.93,5/3616.51;0/2705.84,1/3835.72,2/4384.29,3/4045.84,4/2478.77,5/2559.98,6/2953.35,7/3969.98,8/4261.18,9/3993.22,10/2649.94,11/2596.88;0/8699.98,1/8699.98,2/8699.98,3/8699.98,4/8699.98,5/8699.98;0/8699.98,1/8699.98,2/8699.98,3/8699.98,4/8699.98,5/8699.98,6/8699.98,7/8699.98,8/8699.98,9/8699.98,10/8699.98,11/8699.98;0/0,1/0,2/0,3/0,4/0,5/0;0/6,1/3,2/4,3/6,4/0,5/11,6/0,7/5,8/3,9/0,10/2,11/0;0/0,1/0,2/0,3/0,4/0,5/0;0/12,1/8,2/6,3/14,4/9,5/18,6/6,7/9,8/8,9/9,10/13,11/9;0/0,1/0,2/0,3/0,4/0,5/0;0/4,1/4,2/3,3/4,4/4,5/4,6/4,7/3,8/3,9/4,10/4,11/4;0/84,1/83,2/65,3/65,4/65,5/86;0/137,1/114,2/106,3/108,4/140,5/139,6/145,7/100,8/107,9/115,10/144,11/138;0/527,1/508,2/412,3/408,4/402,5/512;0/600,1/487,2/432,3/466,4/623,5/614,6/575,7/473,8/444,9/471,10/606,11/611
8759.99;448;1504;6;12;0/3525.59,1/3717.57,2/4670.79,3/4706.51,4/4767.94,5/3676.51;0/2706.09,1/3856.36,2/4399.99,3/4046.04,4/2478.95,5/2605.45,6/2953.99,7/4002.42,8/4301.65,9/3993.41,10/2650.24,11/2597.36;0/8759.99,1/8759.99,2/8759.99,3/8759.99,4/8759.99,5/8759.99;0/8759.99,1/8759.99,2/8759.99,3/8759.99,4/8759.99,5/8759.99,6/8759.99,7/8759.99,8/8759.99,9/8759.99,10/8759.99,11/8759.99;0/0,1/0,2/0,3/0,4/0,5/0;0/8,1/3,2/4,3/8,4/0,5/2,6/2,7/3,8/4,9/0,10/3,11/0;0/0,1/0,2/0,3/0,4/0,5/0;0/12,1/6,2/7,3/15,4/11,5/16,6/12,7/9,8/11,9/7,10/13,11/6;0/0,1/0,2/0,3/0,4/0,5/0;0/4,1/4,2/3,3/4,4/4,5/4,6/4,7/3,8/3,9/4,10/4,11/4;0/84,1/83,2/65,3/65,4/65,5/86;0/138,1/115,2/107,3/109,4/141,5/140,6/146,7/101,8/108,9/116,10/144,11/139;0/527,1/508,2/412,3/408,4/402,5/512;0/606,1/491,2/436,3/472,4/629,5/616,6/581,7/476,8/446,9/477,10/611,11/617
8819.98;448;1519;6;12;0/3585.59,1/3777.56,2/4730.79,3/4766.5,4/4827.93,5/3736.51;0/2719.98,1/3869.98,2/4439.98,3/4046.23,4/2479.18,5/2605.69,6/2963.18,7/4021.14,8/4302.09,9/3993.9,10/2657.37,11/2597.77;0/8819.98,1/8819.98,2/8819.98,3/8819.98,4/8819.98,5/8819.98;0/8819.98,1/8819.98,2/8819.98,3/8819.98,4/8819.98,5/8819.98,6/8819.98,7/8819.98,8/8819.98,9/8819.98,10/8819.98,11/8819.98;0/0,1/0,2/0,3/0,4/0,5/0;0/7,1/6,2/4,3/7,4/2,5/2,6/2,7/2,8/9,9/0,10/10,11/6;0/0,1/0,2/0,3/0,4/0,5/0;0/10,1/14,2/10,3/12,4/11,5/11,6/8,7/11,8/12,9/8,10/18,11/13;0/0,1/0,2/0,3/0,4/0,5/0;0/4,1/4,2/3,3/4,4/4,5/4,6/4,7/3,8/3,9/4,10/4,11/4;0/84,1/83,2/65,3/65,4/65,5/86;0/139,1/117,2/108,3/111,4/142,5/141,6/147,7/102,8/109,9/117,10/146,11/140;0/527,1/508,2/412,3/408,4/402,5/512;0/610,1/495,2/438,3/478,4/635,5/622,6/586,7/480,8/452,9/483,10/617,11/623
8879.97;448;1530;6;12;0/3645.57,1/3837.55,2/4790.77,3/4826.49,4/4887.92,5/3796.5;0/2774.04,1/3884.18,2/4451.72,3/4069.97,4/2479.97,5/2605.85,6/2963.44,7/4030.32,8/4319.97,9/3997.43,10/2657.52,11/2616.3;0/8879.97,1/8879.97,2/8879.97,3/8879.97,4/8879.97,5/8879.97;0/8879.97,1/8879.97,2/8879.97,3/8879.97,4/8879.97,5/8879.97,6/8879.97,7/8879.97,8/8879.97,9/8879.97,10/8879.97,11/8879.97;0/0,1/0,2/0,3/0,4/0,5/0;0/6,1/1,2/3,3/7,4/2,5/1,6/4,7/2,8/4,9/0,10/5,11/1;0/0,1/0,2/0,3/0,4/0,5/0;0/9,1/10,2/8,3/15,4/15,5/7,6/7,7/11,8/11,9/7,10/13,11/18;0/0,1/0,2/0,3/0,4/0,5/0;0/4,1/4,2/3,3/4,4/4,5/4,6/4,7/3,8/3,9/4,10/4,11/4;0/84,1/83,2/65,3/65,4/65,5/86;0/140,1/118,2/110,3/112,4/143,5/141,6/148,7/103,8/109,9/118,10/147,11/141;0/527,1/508,2/412,3/408,4/402,5/512;0/611,1/500,2/443,3/481,4/640,5/628,6/592,7/485,8/456,9/489,10/623,11/627
8939.87;448;1546;6;12;0/3705.47,1/3897.45,2/4850.68,3/4886.39,4/4947.82,5/3856.4;0/2799.87,1/3884.47,2/4457.01,3/4075.48,4/2487.6,5/2606.2,6/2982.55,7/4030.43,8/4335.85,9/4015.71,10/2666.16,11/2616.54;0/8939.87,1/8939.87,2/8939.87,3/8939.87,4/8939.87,5/8939.87;0/8939.87,1/8939.87,2/8939.87,3/8939.87,4/8939.87,5/8939.87,6/8939.87,7/8939.87,8/8939.87,9/8939.87,10/8939.87,11/8939.87;0/0,1/0,2/0,3/0,4/0,5/0;0/5,1/2,2/8,3/4,4/3,5/1,6/3,7/1,8/3,9/0,10/8,11/2;0/0,1/0,2/0,3/0,4/0,5/0;0/14,1/7,2/13,3/13,4/13,5/6,6/8,7/7,8/8,9/9,10/15,11/17;0/0,1/0,2/0,3/0,4/0,5/0;0/4,1/4,2/3,3/4,4/4,5/4,6/4,7/3,8/3,9/4,10/4,11/4;0/84,1/83,2/65,3/65,4/65,5/86;0/142,1/119,2/111,3/114,4/145,5/143,6/150,7/103,8/110,9/120,10/148,11/141;0/527,1/508,2/412,3/408,4/402,5/512;0/614,1/506,2/449,3/487,4/646,5/634,6/596,7/491,8/461,9/493,10/628,11/633
8999.89;448;1557;6;12;0/3765.5,1/3957.47,2/4910.7,3/4946.41,4/5007.84,5/3916.42;0/2820.58,1/3891.09,2/4469.89,3/4075.77,4/2488.01,5/2616.59,6/2999.89,7/4041.26,8/4336.21,9/4015.97,10/2670.93,11/2616.8;0/8999.89,1/8999.89,2/8999.89,3/8999.89,4/8999.89,5/8999.89;0/8999.89,1/8999.89,2/8999.89,3/8999.89,4/8999.89,5/8999.89,6/8999.89,7/8999.89,8/8999.89,9/8999.89,10/8999.89,11/8999.89;0/0,1/0,2/0,3/0,4/0,5/0;0/4,1/5,2/7,3/6,4/3,5/2,6/2,7/3,8/4,9/1,10/5,11/3;0/0,1/0,2/0,3/0,4/0,5/0;0/14,1/12,2/9,3/18,4/13,5/8,6/10,7/10,8/12,9/12,10/13,11/16;0/0,1/0,2/0,3/0,4/0,5/0;0/4,1/4,2/3,3/4,4/4,5/4,6/4,7/3,8/3,9/4,10/4,11/4;0/84,1/83,2/65,3/65,4/65,5/86;0/143,1/121,2/111,3/116,4/145,5/144,6/151,7/105,8/111,9/120,10/149,11/141;0/527,1/508,2/412,3/408,4/402,5/512;0/618,1/511,2/453,3/493,4/652,5/639,6/600,7/496,8/467,9/499,10/633,11/639
9059.75;448;1568;6;12;0/3825.35,1/4017.33,2/4970.55,3/5006.26,4/5067.7,5/3976.27;0/2828.79,1/3919.75,2/4519.75,3/4075.86,4/2488.07,5/2629.75,6/3020.82,7/4041.68,8/4336.41,9/4016.19,10/2679.75,11/2617.04;0/9059.75,1/9059.75,2/9059.75,3/9059.75,4/9059.75,5/9059.75;0/9059.75,1/9059.75,2/9059.75,3/9059.75,4/9059.75,5/9059.75,6/9059.75,7/9059.75,8/9059.75,9/9059.75,10/9059.75,11/9059.75;0/0,1/0,2/0,3/0,4/0,5/0;0/4,1/2,2/6,3/3,4/6,5/4,6/3,7/6,8/4,9/5,10/5,11/3;0/0,1/0,2/0,3/0,4/0,5/0;0/10,1/14,2/11,3/12,4/14,5/9,6/13,7/13,8/11,9/15,10/14,11/12;0/0,1/0,2/0,3/0,4/0,5/0;0/4,1/4,2/3,3/4,4/4,5/4,6/4,7/3,8/3,9/4,10/4,11/4;0/84,1/83,2/65,3/65,4/65,5/86;0/145,1/121,2/112,3/116,4/145,5/145,6/152,7/105,8/113,9/121,10/150,11/143;0/527,1/508,2/412,3/408,4/402,5/512;0/624,1/514,2/454,3/499,4/658,5/643,6/604,7/502,8/473,9/505,10/638,11/645
9120;448;1581;6;12;0/3885.6,1/4077.58,2/5030.8,3/5066.51,4/5127.95,5/4036.52;0/2828.94,1/3930,2/4540,3/4076.32,4/2488.4,5/2661.27,6/3021.01,7/4041.89,8/4336.68,9/4016.32,10/2685.11,11/2617.19;0/9120,1/9120,2/9120,3/9120,4/9120,5/9120;0/9120,1/9120,2/9120,3/9120,4/9120,5/9120,6/9120,7/9120,8/9120,9/9120,10/9120,11/9120;0/0,1/0,2/0,3/0,4/0,5/0;0/4,1/1,2/5,3/1,4/8,5/1,6/3,7/6,8/5,9/1,10/3,11/4;0/0,1/0,2/0,3/0,4/0,5/0;0/9,1/10,2/13,3/7,4/13,5/6,6/9,7/10,8/9,9/10,10/8,11/9;0/0,1/0,2/0,3/0,4/0,5/0;0/4,1/4,2/3,3/4,4/4,5/4,6/4,7/3,8/3,9/4,10/4,11/4;0/84,1/83,2/65,3/65,4/65,5/86;0/146,1/122,2/113,3/118,4/147,5/146,6/154,7/106,8/113,9/122,10/151,11/143;0/527,1/508,2/412,3/408,4/402,5/512;0/630,1/519,2/458,3/505,4/664,5/646,6/610,7/508,8/479,9/511,10/644,11/651
9179.99;448;1599;6;12;0/3945.59,1/4137.57,2/5090.79,3/5126.51,4/5187.94,5/4096.51;0/2829.99,1/3935,2/4569.01,3/4076.55,4/2488.6,5/2661.48,6/3021.48,7/4056.46,8/4384.62,9/4016.74,10/2689.99,11/2627.11;0/9179.99,1/9179.99,2/9179.99,3/9179.99,4/9179.99,5/9179.99;0/9179.99,1/9179.99,2/9179.99,3/9179.99,4/9179.99,5/9179.99,6/9179.99,7/9179.99,8/9179.99,9/9179.99,10/9179.99,11/9179.99;0/0,1/0,2/0,3/0,4/0,5/0;0/5,1/2,2/4,3/2,4/4,5/3,6/6,7/7,8/3,9/5,10/7,11/2;0/0,1/0,2/0,3/0,4/0,5/0;0/12,1/10,2/11,3/9,4/12,5/10,6/11,7/9,8/8,9/12,10/13,11/9;0/0,1/0,2/0,3/0,4/0,5/0;0/4,1/4,2/3,3/4,4/4,5/4,6/4,7/3,8/3,9/4,10/4,11/4;0/84,1/83,2/65,3/65,4/65,5/86;0/147,1/124,2/114,3/119,4/148,5/148,6/155,7/108,8/114,9/124,10/153,11/145;0/527,1/508,2/412,3/408,4/402,5/512;0/635,1/525,2/462,3/511,4/670,5/652,6/616,7/513,8/480,9/517,10/649,11/656
9239.99;448;1609;6;12;0/4005.59,1/4197.57,2/5150.79,3/5186.5,4/5247.94,5/4156.51;0/2861.37,1/3936.59,2/4569.99,3/4076.81,4/2509.99,5/2661.78,6/3049.99,7/4099.99,8/4389.99,9/4016.9,10/2702.03,11/2627.52;0/9239.99,1/9239.99,2/9239.99,3/9239.99,4/9239.99,5/9239.99;0/9239.99,1/9239.99,2/9239.99,3/9239.99,4/9239.99,5/9239.99,6/9239.99,7/9239.99,8/9239.99,9/9239.99,10/9239.99,11/9239.99;0/0,1/0,2/0,3/0,4/0,5/0;0/4,1/5,2/3,3/1,4/1,5/11,6/5,7/4,8/6,9/2,10/3,11/1;0/0,1/0,2/0,3/0,4/0,5/0;0/12,1/13,2/10,3/7,4/10,5/14,6/14,7/10,8/13,9/9,10/13,11/8;0/0,1/0,2/0,3/0,4/0,5/0;0/4,1/4,2/3,3/4,4/4,5/4,6/4,7/3,8/3,9/4,10/4,11/4;0/84,1/83,2/65,3/65,4/65,5/86;0/148,1/125,2/115,3/120,4/150,5/149,6/155,7/108,8/115,9/125,10/154,11/145;0/527,1/508,2/412,3/408,4/402,5/512;0/638,1/531,2/467,3/517,4/674,5/658,6/619,7/514,8/485,9/523,10/654,11/662
9299.99;448;1628;6;12;0/4065.6,1/4257.58,2/5210.8,3/5246.51,4/5307.95,5/4216.52;0/2869.99,1/3936.95,2/4582.31,3/4077.25,4/2510.15,5/2705.2,6/3068.76,7/4114.45,8/4391.03,9/4051.16,10/2702.25,11/2627.98;0/9299.99,1/9299.99,2/9299.99,3/9299.99,4/9299.99,5/9299.99;0/9299.99,1/9299.99,2/9299.99,3/9299.99,4/9299.99,5/9299.99,6/9299.99,7/9299.99,8/9299.99,9/9299.99,10/9299.99,11/9299.99;0/0,1/0,2/0,3/0,4/0,5/0;0/7,1/3,2/3,3/4,4/1,5/2,6/6,7/5,8/5,9/4,10/6,11/8;0/0,1/0,2/0,3/0,4/0,5/0;0/13,1/10,2/7,3/11,4/10,5/13,6/13,7/10,8/9,9/12,10/14,11/11;0/0,1/0,2/0,3/0,4/0,5/0;0/4,1/4,2/3,3/4,4/4,5/4,6/4,7/3,8/3,9/4,10/4,11/4;0/84,1/83,2/65,3/65,4/65,5/86;0/150,1/126,2/116,3/123,4/151,5/150,6/158,7/110,8/116,9/126,10/155,11/147;0/527,1/508,2/412,3/408,4/402,5/512;0/643,1/537,2/472,3/523,4/679,5/660,6/624,7/519,8/491,9/525,10/660,11/668
9359.88;448;1638;6;12;0/4125.48,1/4317.46,2/5270.68,3/5306.39,4/5367.83,5/4276.4;0/2897.24,1/3938.09,2/4609.88,3/4077.46,4/2510.46,5/2705.62,6/3068.9,7/4114.79,8/4419.88,9/4051.34,10/2710.9,11/2642.96;0/9359.88,1/9359.88,2/9359.88,3/9359.88,4/9359.88,5/9359.88;0/9359.88,1/9359.88,2/9359.88,3/9359.88,4/9359.88,5/9359.88,6/9359.88,7/9359.88,8/9359.88,9/9359.88,10/9359.88,11/9359.88;0/0,1/0,2/0,3/0,4/0,5/0;0/3,1/2,2/5,3/5,4/4,5/4,6/6,7/5,8/5,9/3,10/5,11/4;0/0,1/0,2/0,3/0,4/0,5/0;0/11,1/8,2/14,3/15,4/11,5/17,6/10,7/7,8/9,9/11,10/12,11/14;0/0,1/0,2/0,3/0,4/0,5/0;0/4,1/4,2/3,3/4,4/4,5/4,6/4,7/3,8/3,9/4,10/4,11/4;0/84,1/83,2/65,3/65,4/65,5/86;0/152,1/127,2/117,3/123,4/151,5/151,6/159,7/111,8/116,9/126,10/157,11/148;0/527,1/508,2/412,3/408,4/402,5/512;0/647,1/543,2/475,3/529,4/685,5/666,6/630,7/525,8/494,9/531,10/665,11/672
9419.99;448;1651;6;12;0/4185.59,1/4377.57,2/5330.79,3/5366.51,4/5427.94,5/4336.52;0/2933.93,1/3938.44,2/4650.46,3/4102.92,4/2510.68,5/2705.76,6/3094.07,7/4139.99,8/4439.99,9/4051.77,10/2711.02,11/2643.12;0/9419.99,1/9419.99,2/9419.99,3/9419.99,4/9419.99,5/9419.99;0/9419.99,1/9419.99,2/9419.99,3/9419.99,4/9419.99,5/9419.99,6/9419.99,7/9419.99,8/9419.99,9/9419.99,10/9419.99,11/9419.99;0/0,1/0,2/0,3/0,4/0,5/0;0/4,1/2,2/2,3/2,4/4,5/4,6/0,7/8,8/3,9/6,10/3,11/2;0/0,1/0,2/0,3/0,4/0,5/0;0/16,1/9,2/12,3/12,4/14,5/13,6/8,7/15,8/9,9/16,10/7,11/11;0/0,1/0,2/0,3/0,4/0,5/0;0/4,1/4,2/3,3/4,4/4,5/4,6/4,7/3,8/3,9/4,10/4,11/4;0/84,1/83,2/65,3/65,4/65,5/86;0/153,1/128,2/118,3/124,4/153,5/152,6/160,7/111,8/118,9/128,10/158,11/148;0/527,1/508,2/412,3/408,4/402,5/512;0/649,1/549,2/477,3/532,4/691,5/672,6/633,7/528,8/498,9/537,10/671,11/678
9479.96;448;1662;6;12;0/4245.56,1/4437.54,2/5390.76,3/5426.48,4/5487.91,5/4396.49;0/2933.99,1/3938.57,2/4650.88,3/4103.08,4/2526.96,5/2706.03,6/3114.66,7/4171.94,8/4499.96,9/4051.87,10/2739.96,11/2643.36;0/9479.96,1/9479.96,2/9479.96,3/9479.96,4/9479.96,5/9479.96;0/9479.96,1/9479.96,2/9479.96,3/9479.96,4/9479.96,5/9479.96,6/9479.96,7/9479.96,8/9479.96,9/9479.96,10/9479.96,11/9479.96;0/0,1/0,2/0,3/0,4/0,5/0;0/5,1/3,2/4,3/1,4/4,5/5,6/0,7/7,8/1,9/8,10/5,11/1;0/0,1/0,2/0,3/0,4/0,5/0;0/13,1/8,2/15,3/7,4/13,5/11,6/6,7/14,8/9,9/13,10/9,11/12;0/0,1/0,2/0,3/0,4/0,5/0;0/4,1/4,2/3,3/4,4/4,5/4,6/4,7/3,8/3,9/4,10/4,11/4;0/84,1/83,2/65,3/65,4/65,5/86;0/154,1/129,2/118,3/125,4/154,5/153,6/161,7/112,8/118,9/129,10/159,11/150;0/527,1/508,2/412,3/408,4/402,5/512;0/655,1/555,2/483,3/538,4/696,5/678,6/637,7/531,8/498,9/543,10/674,11/684
9539.98;448;1676;6;12;0/4305.58,1/4497.56,2/5450.78,3/5486.49,4/5547.93,5/4456.5;0/2934.1,1/3959.98,2/4650.93,3/4103.53,4/2527.1,5/2709.98,6/3115.07,7/4187.84,8/4501.23,9/4059.98,10/2757.46,11/2643.46;0/9539.98,1/9539.98,2/9539.98,3/9539.98,4/9539.98,5/9539.98;0/9539.98,1/9539.98,2/9539.98,3/9539.98,4/9539.98,5/9539.98,6/9539.98,7/9539.98,8/9539.98,9/9539.98,10/9539.98,11/9539.98;0/0,1/0,2/0,3/0,4/0,5/0;0/3,1/5,2/4,3/1,4/2,5/1,6/6,7/5,8/2,9/2,10/2,11/0;0/0,1/0,2/0,3/0,4/0,5/0;0/9,1/9,2/9,3/7,4/11,5/14,6/12,7/10,8/10,9/14,10/9,11/8;0/0,1/0,2/0,3/0,4/0,5/0;0/4,1/4,2/3,3/4,4/4,5/4,6/4,7/3,8/3,9/4,10/4,11/4;0/84,1/83,2/65,3/65,4/65,5/86;0/155,1/130,2/119,3/126,4/155,5/154,6/163,7/113,8/119,9/130,10/161,11/151;0/527,1/508,2/412,3/408,4/402,5/512;0/661,1/558,2/489,3/544,4/702,5/683,6/643,7/536,8/504,9/548,10/679,11/690
9599.97;448;1691;6;12;0/4365.57,1/4557.55,2/5510.77,3/5546.49,4/5607.92,5/4516.49;0/2934.23,1/3999.97,2/4651.49,3/4109.97,4/2527.76,5/2754.72,6/3115.62,7/4193.1,8/4501.45,9/4088.6,10/2777.71,11/2659.18;0/9599.97,1/9599.97,2/9599.97,3/9599.97,4/9599.97,5/9599.97;0/9599.97,1/9599.97,2/9599.97,3/9599.97,4/9599.97,5/9599.97,6/9599.97,7/9599.97,8/9599.97,9/9599.97,10/9599.97,11/9599.97;0/0,1/0,2/0,3/0,4/0,5/0;0/5,1/2,2/7,3/0,4/2,5/0,6/2,7/6,8/3,9/5,10/2,11/6;0/0,1/0,2/0,3/0,4/0,5/0;0/9,1/10,2/11,3/9,4/11,5/12,6/11,7/9,8/12,9/14,10/11,11/14;0/0,1/0,2/0,3/0,4/0,5/0;0/4,1/4,2/3,3/4,4/4,5/4,6/4,7/3,8/3,9/4,10/4,11/4;0/84,1/83,2/65,3/65,4/65,5/86;0/156,1/131,2/120,3/127,4/157,5/155,6/164,7/115,8/120,9/131,10/162,11/153;0/527,1/508,2/412,3/408,4/402,5/512;0/667,1/560,2/495,3/549,4/708,5/685,6/649,7/541,8/510,9/552,10/683,11/695
9659.98;448;1702;6;12;0/4425.58,1/4617.56,2/5570.78,3/5606.49,4/5667.93,5/4576.5;0/2949.32,1/4019.28,2/4663.04,3/4120.08,4/2527.93,5/2754.96,6/3116.08,7/4219.02,8/4501.65,9/4088.72,10/2777.93,11/2659.98;0/9659.98,1/9659.98,2/9659.98,3/9659.98,4/9659.98,5/9659.98;0/9659.98,1/9659.98,2/9659.98,3/9659.98,4/9659.98,5/9659.98,6/9659.98,7/9659.98,8/9659.98,9/9659.98,10/9659.98,11/9659.98;0/0,1/0,2/0,3/0,4/0,5/0;0/5,1/2,2/7,3/0,4/1,5/1,6/1,7/8,8/4,9/4,10/1,11/2;0/0,1/0,2/0,3/0,4/0,5/0;0/8,1/8,2/9,3/5,4/8,5/11,6/8,7/10,8/12,9/13,10/11,11/14;0/0,1/0,2/0,3/0,4/0,5/0;0/4,1/4,2/3,3/4,4/4,5/4,6/4,7/3,8/3,9/4,10/4,11/4;0/84,1/83,2/65,3/65,4/65,5/86;0/158,1/132,2/121,3/128,4/157,5/156,6/164,7/116,8/121,9/133,10/163,11/153;0/527,1/508,2/412,3/408,4/402,5/512;0/672,1/565,2/500,3/554,4/714,5/691,6/655,7/545,8/516,9/558,10/689,11/700
9719.97;448;1715;6;12;0/4485.58,1/4677.55,2/5630.78,3/5666.49,4/5727.92,5/4636.5;0/2989.2,1/4019.97,2/4711.89,3/4120.78,4/2528.15,5/2755.32,6/3116.66,7/4259.97,8/4501.85,9/4094.57,10/2779.97,11/2675.88;0/9719.97,1/9719.97,2/9719.97,3/9719.97,4/9719.97,5/9719.97;0/9719.97,1/9719.97,2/9719.97,3/9719.97,4/9719.97,5/9719.97,6/9719.97,7/9719.97,8/9719.97,9/9719.97,10/9719.97,11/9719.97;0/0,1/0,2/0,3/0,4/0,5/0;0/3,1/2,2/5,3/6,4/3,5/2,6/1,7/7,8/4,9/4,10/1,11/2;0/0,1/0,2/0,3/0,4/0,5/0;0/7,1/7,2/10,3/16,4/10,5/10,6/7,7/9,8/9,9/13,10/10,11/13;0/0,1/0,2/0,3/0,4/0,5/0;0/4,1/4,2/3,3/4,4/4,5/4,6/4,7/3,8/3,9/4,10/4,11/4;0/84,1/83,2/65,3/65,4/65,5/86;0/159,1/134,2/122,3/129,4/158,5/156,6/166,7/116,8/122,9/134,10/164,11/155;0/527,1/508,2/412,3/408,4/402,5/512;0/674,1/570,2/501,3/560,4/720,5/697,6/661,7/546,8/522,9/563,10/694,11/705
9780;448;1728;6;12;0/4545.6,1/4737.58,2/5690.8,3/5726.51,4/5787.95,5/4696.52;0/3020,1/4020.4,2/4712.07,3/4121.25,4/2528.7,5/2755.84,6/3116.91,7/4300,8/4510,9/4094.75,10/2794.97,11/2676.26;0/9780,1/9780,2/9780,3/9780,4/9780,5/9780;0/9780,1/9780,2/9780,3/9780,4/9780,5/9780,6/9780,7/9780,8/9780,9/9780,10/9780,11/9780;0/0,1/0,2/0,3/0,4/0,5/0;0/5,1/2,2/5,3/3,4/2,5/4,6/9,7/6,8/2,9/3,10/1,11/0;0/0,1/0,2/0,3/0,4/0,5/0;0/11,1/8,2/7,3/15,4/11,5/11,6/12,7/7,8/9,9/11,10/11,11/11;0/0,1/0,2/0,3/0,4/0,5/0;0/4,1/4,2/3,3/4,4/4,5/4,6/4,7/3,8/3,9/4,10/4,11/4;0/84,1/83,2/65,3/65,4/65,5/86;0/159,1/135,2/123,3/129,4/160,5/158,6/167,7/118,8/123,9/135,10/165,11/156;0/527,1/508,2/412,3/408,4/402,5/512;0/676,1/576,2/507,3/566,4/726,5/703,6/667,7/548,8/527,9/569,10/699,11/711
9840;448;1742;6;12;0/4605.6,1/4797.58,2/5750.8,3/5786.51,4/5847.95,5/4756.52;0/3056.39,1/4052.39,2/4756.08,3/4121.41,4/2528.89,5/2756.13,6/3150,7/4350,8/4530,9/4110,10/2810,11/2680;0/9840,1/9840,2/9840,3/9840,4/9840,5/9840;0/9840,1/9840,2/9840,3/9840,4/9840,5/9840,6/9840,7/9840,8/9840,9/9840,10/9840,11/9840;0/0,1/0,2/0,3/0,4/0,5/0;0/4,1/0,2/3,3/1,4/0,5/7,6/3,7/4,8/5,9/7,10/7,11/0;0/0,1/0,2/0,3/0,4/0,5/0;0/13,1/10,2/10,3/12,4/11,5/15,6/12,7/8,8/11,9/18,10/22,11/11;0/0,1/0,2/0,3/0,4/0,5/0;0/4,1/4,2/3,3/4,4/4,5/4,6/4,7/3,8/3,9/4,10/4,11/4;0/84,1/83,2/65,3/65,4/65,5/86;0/162,1/137,2/124,3/131,4/161,5/159,6/167,7/119,8/124,9/136,10/166,11/156;0/527,1/508,2/412,3/408,4/402,5/512;0/679,1/579,2/509,3/572,4/732,5/709,6/669,7/549,8/531,9/573,10/703,11/716
9899.99;448;1752;6;12;0/4665.59,1/4857.57,2/5810.79,3/5846.51,4/5907.94,5/4816.52;0/3069.99,1/4053.17,2/4789.99,3/4121.48,4/2529.04,5/2809.99,6/3163.59,7/4382.41,8/4545.58,9/4113.17,10/2826.82,11/2689.85;0/9899.99,1/9899.99,2/9899.99,3/9899.99,4/9899.99,5/9899.99;0/9899.99,1/9899.99,2/9899.99,3/9899.99,4/9899.99,5/9899.99,6/9899.99,7/9899.99,8/9899.99,9/9899.99,10/9899.99,11/9899.99;0/0,1/0,2/0,3/0,4/0,5/0;0/7,1/3,2/2,3/2,4/3,5/7,6/2,7/3,8/5,9/6,10/3,11/1;0/0,1/0,2/0,3/0,4/0,5/0;0/14,1/13,2/10,3/8,4/13,5/15,6/10,7/7,8/10,9/12,10/18,11/12;0/0,1/0,2/0,3/0,4/0,5/0;0/4,1/4,2/3,3/4,4/4,5/4,6/4,7/3,8/3,9/4,10/4,11/4;0/84,1/83,2/65,3/65,4/65,5/86;0/162,1/137,2/125,3/132,4/161,5/159,6/168,7/121,8/125,9/137,10/167,11/158;0/527,1/508,2/412,3/408,4/402,5/512;0/683,1/585,2/511,3/578,4/738,5/709,6/674,7/552,8/536,9/579,10/708,11/722
9959.95;448;1770;6;12;0/4725.55,1/4917.53,2/5870.75,3/5906.46,4/5967.9,5/4876.47;0/3075.51,1/4053.35,2/4791.72,3/4121.86,4/2529.31,5/2811.23,6/3164.1,7/4412.68,8/4551.61,9/4127.72,10/2826.9,11/2690.3;0/9959.95,1/9959.95,2/9959.95,3/9959.95,4/9959.95,5/9959.95;0/9959.95,1/9959.95,2/9959.95,3/9959.95,4/9959.95,5/9959.95,6/9959.95,7/9959.95,8/9959.95,9/9959.95,10/9959.95,11/9959.95;0/0,1/0,2/0,3/0,4/0,5/0;0/5,1/6,2/4,3/4,4/4,5/5,6/1,7/4,8/3,9/7,10/3,11/1;0/0,1/0,2/0,3/0,4/0,5/0;0/12,1/13,2/11,3/13,4/13,5/11,6/8,7/9,8/8,9/11,10/12,11/13;0/0,1/0,2/0,3/0,4/0,5/0;0/4,1/4,2/3,3/4,4/4,5/4,6/4,7/3,8/3,9/4,10/4,11/4;0/84,1/83,2/65,3/65,4/65,5/86;0/163,1/139,2/126,3/134,4/162,5/161,6/170,7/122,8/126,9/140,10/168,11/159;0/527,1/508,2/412,3/408,4/402,5/512;0/689,1/591,2/517,3/584,4/744,5/715,6/680,7/555,8/541,9/584,10/714,11/727
10019.95;448;1782;6;12;0/4785.56,1/4977.53,2/5930.76,3/5966.47,4/6027.9,5/4936.48;0/3075.76,1/4053.84,2/4799.27,3/4121.99,4/2529.95,5/2823.55,6/3164.46,7/4424.19,8/4579.95,9/4169.95,10/2827.08,11/2690.58;0/10019.95,1/10019.95,2/10019.95,3/10019.95,4/10019.95,5/10019.95;0/10019.95,1/10019.95,2/10019.95,3/10019.95,4/10019.95,5/10019.95,6/10019.95,7/10019.95,8/10019.95,9/10019.95,10/10019.95,11/10019.95;0/0,1/0,2/0,3/0,4/0,5/0;0/4,1/9,2/6,3/3,4/6,5/6,6/1,7/5,8/3,9/3,10/2,11/1;0/0,1/0,2/0,3/0,4/0,5/0;0/13,1/17,2/9,3/13,4/15,5/12,6/8,7/11,8/10,9/10,10/7,11/12;0/0,1/0,2/0,3/0,4/0,5/0;0/4,1/4,2/3,3/4,4/4,5/4,6/4,7/3,8/3,9/4,10/4,11/4;0/84,1/83,2/65,3/65,4/65,5/86;0/164,1/140,2/127,3/134,4/164,5/163,6/171,7/123,8/126,9/140,10/170,11/160;0/527,1/508,2/412,3/408,4/402,5/512;0/695,1/597,2/523,3/590,4/750,5/720,6/686,7/560,8/544,9/585,10/720,11/733
10079.91;448;1793;6;12;0/4845.51,1/5037.49,2/5990.71,3/6026.42,4/6087.86,5/4996.43;0/3075.94,1/4099.91,2/4818.85,3/4122.33,4/2530.09,5/2823.76,6/3164.7,7/4459.91,8/4617.42,9/4174.14,10/2836.5,11/2690.98;0/10079.91,1/10079.91,2/10079.91,3/10079.91,4/10079.91,5/10079.91;0/10079.91,1/10079.91,2/10079.91,3/10079.91,4/10079.91,5/10079.91,6/10079.91,7/10079.91,8/10079.91,9/10079.91,10/10079.91,11/10079.91;0/0,1/0,2/0,3/0,4/0,5/0;0/4,1/4,2/2,3/3,4/1,5/4,6/3,7/3,8/3,9/3,10/1,11/2;0/0,1/0,2/0,3/0,4/0,5/0;0/13,1/16,2/8,3/10,4/12,5/14,6/10,7/9,8/10,9/8,10/8,11/13;0/0,1/0,2/0,3/0,4/0,5/0;0/4,1/4,2/3,3/4,4/4,5/4,6/4,7/3,8/3,9/4,10/4,11/4;0/84,1/83,2/65,3/65,4/65,5/86;0/165,1/140,2/129,3/135,4/165,5/164,6/172,7/123,8/127,9/142,10/171,11/160;0/527,1/508,2/412,3/408,4/402,5/512;0/701,1/598,2/527,3/596,4/755,5/726,6/692,7/562,8/547,9/591,10/725,11/739
10139.91;448;1809;6;12;0/4905.51,1/5097.49,2/6050.71,3/6086.42,4/6147.86,5/5056.43;0/3076.03,1/4122.42,2/4819.91,3/4122.48,4/2530.34,5/2824.01,6/3179.91,7/4477.08,8/4617.52,9/4209.62,10/2861.18,11/2691.22;0/10139.91,1/10139.91,2/10139.91,3/10139.91,4/10139.91,5/10139.91;0/10139.91,1/10139.91,2/10139.91,3/10139.91,4/10139.91,5/10139.91,6/10139.91,7/10139.91,8/10139.91,9/10139.91,10/10139.91,11/10139.91;0/0,1/0,2/0,3/0,4/0,5/0;0/6,1/3,2/3,3/7,4/0,5/4,6/3,7/2,8/4,9/3,10/0,11/3;0/0,1/0,2/0,3/0,4/0,5/0;0/11,1/12,2/10,3/13,4/8,5/14,6/14,7/7,8/7,9/8,10/8,11/11;0/0,1/0,2/0,3/0,4/0,5/0;0/4,1/4,2/3,3/4,4/4,5/4,6/4,7/3,8/3,9/4,10/4,11/4;0/84,1/83,2/65,3/65,4/65,5/86;0/166,1/141,2/129,3/137,4/166,5/165,6/173,7/125,8/128,9/144,10/173,11/162;0/527,1/508,2/412,3/408,4/402,5/512;0/707,1/602,2/532,3/602,4/761,5/732,6/696,7/567,8/553,9/594,10/728,11/745
10199.98;448;1821;6;12;0/4965.58,1/5157.56,2/6110.78,3/6146.5,4/6207.93,5/5116.5;0/3079.98,1/4126.73,2/4843.66,3/4129.43,4/2530.72,5/2824.39,6/3199.98,7/4479.98,8/4618.1,9/4229.93,10/2861.43,11/2691.43;0/10199.98,1/10199.98,2/10199.98,3/10199.98,4/10199.98,5/10199.98;0/10199.98,1/10199.98,2/10199.98,3/10199.98,4/10199.98,5/10199.98,6/10199.98,7/10199.98,8/10199.98,9/10199.98,10/10199.98,11/10199.98;0/0,1/0,2/0,3/0,4/0,5/0;0/6,1/5,2/2,3/5,4/0,5/3,6/3,7/4,8/7,9/2,10/2,11/2;0/0,1/0,2/0,3/0,4/0,5/0;0/12,1/10,2/8,3/9,4/8,5/14,6/13,7/11,8/8,9/8,10/9,11/7;0/0,1/0,2/0,3/0,4/0,5/0;0/4,1/4,2/3,3/4,4/4,5/4,6/4,7/3,8/3,9/4,10/4,11/4;0/84,1/83,2/65,3/65,4/65,5/86;0/167,1/143,2/131,3/138,4/167,5/166,6/174,7/125,8/129,9/145,10/173,11/163;0/527,1/508,2/412,3/408,4/402,5/512;0/712,1/608,2/536,3/608,4/767,5/738,6/700,7/572,8/559,9/598,10/734,11/751
10259.89;448;1835;6;12;0/5025.49,1/5217.47,2/6170.69,3/6206.41,4/6267.84,5/5176.41;0/3103.98,1/4137.03,2/4844.24,3/4137.12,4/2531.24,5/2824.49,6/3203.79,7/4523.65,8/4669.54,9/4230.17,10/2862.83,11/2708.89;0/10259.89,1/10259.89,2/10259.89,3/10259.89,4/10259.89,5/10259.89;0/10259.89,1/10259.89,2/10259.89,3/10259.89,4/10259.89,5/10259.89,6/10259.89,7/10259.89,8/10259.89,9/10259.89,10/10259.89,11/10259.89;0/0,1/0,2/0,3/0,4/0,5/0;0/4,1/1,2/2,3/4,4/0,5/4,6/0,7/4,8/4,9/4,10/4,11/0;0/0,1/0,2/0,3/0,4/0,5/0;0/12,1/12,2/10,3/8,4/5,5/11,6/11,7/12,8/7,9/10,10/8,11/5;0/0,1/0,2/0,3/0,4/0,5/0;0/4,1/4,2/3,3/4,4/4,5/4,6/4,7/3,8/3,9/4,10/4,11/4;0/84,1/83,2/65,3/65,4/65,5/86;0/168,1/144,2/132,3/140,4/168,5/167,6/175,7/126,8/130,9/146,10/175,11/164;0/527,1/508,2/412,3/408,4/402,5/512;0/716,1/613,2/542,3/613,4/773,5/744,6/706,7/574,8/560,9/603,10/740,11/756
10319.99;448;1849;6;12;0/5085.59,1/5277.57,2/6230.79,3/6266.51,4/6327.94,5/5236.52;0/3109.99,1/4148.33,2/4869.99,3/4146.99,4/2531.94,5/2824.87,6/3203.96,7/4523.83,8/4693.04,9/4239.99,10/2879.99,11/2709.25;0/10319.99,1/10319.99,2/10319.99,3/10319.99,4/10319.99,5/10319.99;0/10319.99,1/10319.99,2/10319.99,3/10319.99,4/10319.99,5/10319.99,6/10319.99,7/10319.99,8/10319.99,9/10319.99,10/10319.99,11/10319.99;0/0,1/0,2/0,3/0,4/0,5/0;0/4,1/0,2/3,3/9,4/3,5/4,6/0,7/1,8/3,9/4,10/3,11/6;0/0,1/0,2/0,3/0,4/0,5/0;0/9,1/9,2/10,3/15,4/10,5/10,6/7,7/8,8/7,9/11,10/11,11/11;0/0,1/0,2/0,3/0,4/0,5/0;0/4,1/4,2/3,3/4,4/4,5/4,6/4,7/3,8/3,9/4,10/4,11/4;0/84,1/83,2/65,3/65,4/65,5/86;0/170,1/145,2/132,3/141,4/169,5/169,6/176,7/127,8/131,9/148,10/176,11/165;0/527,1/508,2/412,3/408,4/402,5/512;0/721,1/618,2/545,3/618,4/779,5/750,6/712,7/580,8/563,9/609,10/744,11/762
10379.83;448;1859;6;12;0/5145.44,1/5337.41,2/6290.64,3/6326.35,4/6387.78,5/5296.36;0/3119.83,1/4153.05,2/4871.3,3/4189.83,4/2569.83,5/2832.76,6/3204.38,7/4524.03,8/4713.95,9/4240.5,10/2920.91,11/2725.74;0/10379.83,1/10379.83,2/10379.83,3/10379.83,4/10379.83,5/10379.83;0/10379.83,1/10379.83,2/10379.83,3/10379.83,4/10379.83,5/10379.83,6/10379.83,7/10379.83,8/10379.83,9/10379.83,10/10379.83,11/10379.83;0/0,1/0,2/0,3/0,4/0,5/0;0/8,1/1,2/4,3/3,4/1,5/1,6/2,7/5,8/3,9/5,10/2,11/5;0/0,1/0,2/0,3/0,4/0,5/0;0/14,1/11,2/9,3/14,4/13,5/9,6/13,7/14,8/8,9/16,10/9,11/13;0/0,1/0,2/0,3/0,4/0,5/0;0/4,1/4,2/3,3/4,4/4,5/4,6/4,7/3,8/3,9/4,10/4,11/4;0/84,1/83,2/65,3/65,4/65,5/86;0/171,1/147,2/133,3/141,4/169,5/170,6/177,7/127,8/132,9/149,10/177,11/166;0/527,1/508,2/412,3/408,4/402,5/512;0/726,1/623,2/551,3/619,4/781,5/755,6/718,7/586,8/567,9/614,10/746,11/766
10439.64;448;1872;6;12;0/5205.24,1/5397.22,2/6350.44,3/6386.15,4/6447.59,5/5356.16;0/3179.64,1/4153.28,2/4875.78,3/4205.36,4/2575.45,5/2869.35,6/3204.59,7/4524.21,8/4759.64,9/4241.06,10/2921.06,11/2737.23;0/10439.64,1/10439.64,2/10439.64,3/10439.64,4/10439.64,5/10439.64;0/10439.64,1/10439.64,2/10439.64,3/10439.64,4/10439.64,5/10439.64,6/10439.64,7/10439.64,8/10439.64,9/10439.64,10/10439.64,11/10439.64;0/0,1/0,2/0,3/0,4/0,5/0;0/4,1/3,2/5,3/4,4/0,5/3,6/3,7/5,8/3,9/8,10/2,11/2;0/0,1/0,2/0,3/0,4/0,5/0;0/14,1/11,2/11,3/14,4/9,5/11,6/12,7/10,8/10,9/22,10/5,11/8;0/0,1/0,2/0,3/0,4/0,5/0;0/4,1/4,2/3,3/4,4/4,5/4,6/4,7/3,8/3,9/4,10/4,11/4;0/84,1/83,2/65,3/65,4/65,5/86;0/171,1/147,2/135,3/143,4/171,5/171,6/178,7/128,8/132,9/150,10/178,11/168;0/527,1/508,2/412,3/408,4/402,5/512;0/726,1/629,2/557,3/624,4/787,5/758,6/724,7/592,8/568,9/620,10/752,11/771
10499.91;448;1889;6;12;0/5265.51,1/5457.49,2/6410.71,3/6446.42,4/6507.86,5/5416.43;0/3180.22,1/4153.58,2/4895.31,3/4205.58,4/2575.82,5/2869.69,6/3205.58,7/4524.78,8/4769.37,9/4241.24,10/2930.54,11/2739.91;0/10499.91,1/10499.91,2/10499.91,3/10499.91,4/10499.91,5/10499.91;0/10499.91,1/10499.91,2/10499.91,3/10499.91,4/10499.91,5/10499.91,6/10499.91,7/10499.91,8/10499.91,9/10499.91,10/10499.91,11/10499.91;0/0,1/0,2/0,3/0,4/0,5/0;0/6,1/3,2/1,3/3,4/0,5/2,6/2,7/5,8/4,9/6,10/4,11/2;0/0,1/0,2/0,3/0,4/0,5/0;0/13,1/9,2/10,3/12,4/7,5/11,6/6,7/11,8/7,9/18,10/7,11/7;0/0,1/0,2/0,3/0,4/0,5/0;0/4,1/4,2/3,3/4,4/4,5/4,6/4,7/3,8/3,9/4,10/4,11/4;0/84,1/83,2/65,3/65,4/65,5/86;0/174,1/148,2/136,3/145,4/172,5/173,6/179,7/129,8/134,9/150,10/180,11/169;0/527,1/508,2/412,3/408,4/402,5/512;0/732,1/635,2/561,3/630,4/793,5/764,6/730,7/598,8/574,9/626,10/757,11/776
10559.98;448;1898;6;12;0/5325.59,1/5517.56,2/6470.79,3/6506.5,4/6567.93,5/5476.51;0/3180.68,1/4167.09,2/4895.67,3/4205.85,4/2576.34,5/2870.03,6/3219.98,7/4569.98,8/4780.12,9/4241.33,10/2979.98,11/2799.98;0/10559.98,1/10559.98,2/10559.98,3/10559.98,4/10559.98,5/10559.98;0/10559.98,1/10559.98,2/10559.98,3/10559.98,4/10559.98,5/10559.98,6/10559.98,7/10559.98,8/10559.98,9/10559.98,10/10559.98,11/10559.98;0/0,1/0,2/0,3/0,4/0,5/0;0/4,1/1,2/2,3/2,4/1,5/1,6/6,7/3,8/2,9/6,10/3,11/0;0/0,1/0,2/0,3/0,4/0,5/0;0/13,1/9,2/8,3/9,4/8,5/11,6/10,7/17,8/7,9/12,10/7,11/7;0/0,1/0,2/0,3/0,4/0,5/0;0/4,1/4,2/3,3/4,4/4,5/4,6/4,7/3,8/3,9/4,10/4,11/4;0/84,1/83,2/65,3/65,4/65,5/86;0/175,1/150,2/136,3/145,4/174,5/173,6/180,7/129,8/135,9/152,10/180,11/169;0/527,1/508,2/412,3/408,4/402,5/512;0/738,1/640,2/567,3/636,4/799,5/769,6/734,7/599,8/578,9/632,10/758,11/776
10620;448;1913;6;12;0/5385.6,1/5577.58,2/6530.8,3/6566.51,4/6627.95,5/5536.52;0/3190,1/4167.62,2/4899.07,3/4208.36,4/2576.86,5/2881.07,6/3250,7/4587.06,8/4780.65,9/4245.44,10/3010,11/2800.46;0/10620,1/10620,2/10620,3/10620,4/10620,5/10620;0/10620,1/10620,2/10620,3/10620,4/10620,5/10620,6/10620,7/10620,8/10620,9/10620,10/10620,11/10620;0/0,1/0,2/0,3/0,4/0,5/0;0/4,1/5,2/9,3/5,4/0,5/1,6/3,7/3,8/3,9/5,10/2,11/6;0/0,1/0,2/0,3/0,4/0,5/0;0/11,1/11,2/16,3/11,4/6,5/15,6/13,7/15,8/13,9/8,10/9,11/9;0/0,1/0,2/0,3/0,4/0,5/0;0/4,1/4,2/3,3/4,4/4,5/4,6/4,7/3,8/3,9/4,10/4,11/4;0/84,1/83,2/65,3/65,4/65,5/86;0/175,1/151,2/137,3/147,4/174,5/175,6/181,7/130,8/137,9/153,10/182,11/171;0/527,1/508,2/412,3/408,4/402,5/512;0/743,1/646,2/573,3/642,4/805,5/774,6/737,7/604,8/584,9/638,10/761,11/782
10679.85;448;1927;6;12;0/5445.46,1/5637.43,2/6590.66,3/6626.37,4/6687.8,5/5596.38;0/3195.66,1/4169.01,2/4899.43,3/4208.81,4/2577.09,5/2881.38,6/3256.62,7/4587.27,8/4781.51,9/4265.51,10/3038.06,11/2829.85;0/10679.85,1/10679.85,2/10679.85,3/10679.85,4/10679.85,5/10679.85;0/10679.85,1/10679.85,2/10679.85,3/10679.85,4/10679.85,5/10679.85,6/10679.85,7/10679.85,8/10679.85,9/10679.85,10/10679.85,11/10679.85;0/0,1/0,2/0,3/0,4/0,5/0;0/7,1/6,2/11,3/7,4/2,5/0,6/2,7/3,8/1,9/2,10/2,11/1;0/0,1/0,2/0,3/0,4/0,5/0;0/11,1/9,2/15,3/15,4/10,5/10,6/11,7/12,8/9,9/9,10/9,11/13;0/0,1/0,2/0,3/0,4/0,5/0;0/4,1/4,2/3,3/4,4/4,5/4,6/4,7/3,8/3,9/4,10/4,11/4;0/84,1/83,2/65,3/65,4/65,5/86;0/177,1/153,2/138,3/148,4/175,5/175,6/182,7/131,8/138,9/154,10/184,11/172;0/527,1/508,2/412,3/408,4/402,5/512;0/749,1/652,2/579,3/648,4/811,5/780,6/743,7/610,8/590,9/642,10/765,11/785
10739.98;448;1941;6;12;0/5505.58,1/5697.56,2/6650.78,3/6686.49,4/6747.93,5/5656.5;0/3209.98,1/4177.6,2/4919.02,3/4219.35,4/2577.36,5/2881.56,6/3256.98,7/4587.4,8/4781.73,9/4284.36,10/3038.41,11/2857.64;0/10739.98,1/10739.98,2/10739.98,3/10739.98,4/10739.98,5/10739.98;0/10739.98,1/10739.98,2/10739.98,3/10739.98,4/10739.98,5/10739.98,6/10739.98,7/10739.98,8/10739.98,9/10739.98,10/10739.98,11/10739.98;0/0,1/0,2/0,3/0,4/0,5/0;0/4,1/6,2/4,3/5,4/4,5/0,6/1,7/3,8/3,9/0,10/3,11/0;0/0,1/0,2/0,3/0,4/0,5/0;0/15,1/12,2/12,3/13,4/13,5/9,6/8,7/10,8/9,9/7,10/12,11/10;0/0,1/0,2/0,3/0,4/0,5/0;0/4,1/4,2/3,3/4,4/4,5/4,6/4,7/3,8/3,9/4,10/4,11/4;0/84,1/83,2/65,3/65,4/65,5/86;0/178,1/154,2/140,3/149,4/177,5/176,6/183,7/132,8/138,9/156,10/185,11/173;0/527,1/508,2/412,3/408,4/402,5/512;0/753,1/657,2/583,3/653,4/817,5/786,6/749,7/616,8/596,9/646,10/771,11/789
10799.91;448;1952;6;12;0/5565.52,1/5757.49,2/6710.72,3/6746.43,4/6807.86,5/5716.44;0/3238.88,1/4208.19,2/4929.91,3/4239.91,4/2579.91,5/2882.17,6/3259.87,7/4587.65,8/4791.8,9/4284.8,10/3046.8,11/2864.64;0/10799.91,1/10799.91,2/10799.91,3/10799.91,4/10799.91,5/10799.91;0/10799.91,1/10799.91,2/10799.91,3/10799.91,4/10799.91,5/10799.91,6/10799.91,7/10799.91,8/10799.91,9/10799.91,10/10799.91,11/10799.91;0/0,1/0,2/0,3/0,4/0,5/0;0/4,1/2,2/4,3/7,4/6,5/1,6/5,7/4,8/1,9/0,10/2,11/5;0/0,1/0,2/0,3/0,4/0,5/0;0/15,1/11,2/11,3/14,4/18,5/8,6/11,7/9,8/9,9/7,10/15,11/14;0/0,1/0,2/0,3/0,4/0,5/0;0/4,1/4,2/3,3/4,4/4,5/4,6/4,7/3,8/3,9/4,10/4,11/4;0/84,1/83,2/65,3/65,4/65,5/86;0/179,1/155,2/140,3/150,4/177,5/177,6/185,7/133,8/139,9/157,10/186,11/174;0/527,1/508,2/412,3/408,4/402,5/512;0/757,1/660,2/587,3/656,4/822,5/792,6/755,7/622,8/601,9/652,10/776,11/794
10859.96;448;1963;6;12;0/5625.56,1/5817.54,2/6770.76,3/6806.48,4/6867.91,5/5776.48;0/3239.21,1/4208.52,2/4950.83,3/4283.59,4/2586.4,5/2882.47,6/3260.08,7/4587.98,8/4811.35,9/4323.87,10/3046.96,11/2865.3;0/10859.96,1/10859.96,2/10859.96,3/10859.96,4/10859.96,5/10859.96;0/10859.96,1/10859.96,2/10859.96,3/10859.96,4/10859.96,5/10859.96,6/10859.96,7/10859.96,8/10859.96,9/10859.96,10/10859.96,11/10859.96;0/0,1/0,2/0,3/0,4/0,5/0;0/3,1/5,2/2,3/4,4/6,5/4,6/3,7/5,8/1,9/0,10/4,11/6;0/0,1/0,2/0,3/0,4/0,5/0;0/11,1/14,2/7,3/12,4/14,5/10,6/14,7/8,8/7,9/7,10/13,11/19;0/0,1/0,2/0,3/0,4/0,5/0;0/4,1/4,2/3,3/4,4/4,5/4,6/4,7/3,8/3,9/4,10/4,11/4;0/84,1/83,2/65,3/65,4/65,5/86;0/180,1/156,2/142,3/151,4/179,5/178,6/185,7/133,8/140,9/158,10/186,11/175;0/527,1/508,2/412,3/408,4/402,5/512;0/763,1/666,2/591,3/658,4/828,5/798,6/760,7/628,8/605,9/654,10/782,11/800
10919.8;448;1974;6;12;0/5685.4,1/5877.38,2/6830.6,3/6866.32,4/6927.75,5/5836.33;0/3239.29,1/4208.62,2/4951.16,3/4283.95,4/2590.11,5/2919.8,6/3260.15,7/4619.8,8/4837.22,9/4324.33,10/3047.05,11/2865.77;0/10919.8,1/10919.8,2/10919.8,3/10919.8,4/10919.8,5/10919.8;0/10919.8,1/10919.8,2/10919.8,3/10919.8,4/10919.8,5/10919.8,6/10919.8,7/10919.8,8/10919.8,9/10919.8,10/10919.8,11/10919.8;0/0,1/0,2/0,3/0,4/0,5/0;0/2,1/4,2/2,3/2,4/4,5/2,6/2,7/1,8/1,9/2,10/3,11/6;0/0,1/0,2/0,3/0,4/0,5/0;0/6,1/8,2/7,3/11,4/13,5/12,6/8,7/7,8/8,9/10,10/9,11/18;0/0,1/0,2/0,3/0,4/0,5/0;0/4,1/4,2/3,3/4,4/4,5/4,6/4,7/3,8/3,9/4,10/4,11/4;0/84,1/83,2/65,3/65,4/65,5/86;0/181,1/157,2/142,3/153,4/180,5/178,6/186,7/134,8/141,9/158,10/188,11/176;0/527,1/508,2/412,3/408,4/402,5/512;0/769,1/672,2/597,3/664,4/833,5/800,6/766,7/630,8/609,9/660,10/788,11/806
10979.98;448;1989;6;12;0/5745.58,1/5937.56,2/6890.78,3/6926.49,4/6987.93,5/5896.5;0/3239.57,1/4229.73,2/4965.02,3/4284.44,4/2609.78,5/2947.11,6/3260.39,7/4641.48,8/4837.57,9/4324.52,10/3047.24,11/2865.87;0/10979.98,1/10979.98,2/10979.98,3/10979.98,4/10979.98,5/10979.98;0/10979.98,1/10979.98,2/10979.98,3/10979.98,4/10979.98,5/10979.98,6/10979.98,7/10979.98,8/10979.98,9/10979.98,10/10979.98,11/10979.98;0/0,1/0,2/0,3/0,4/0,5/0;0/3,1/3,2/1,3/4,4/1,5/1,6/2,7/1,8/1,9/2,10/6,11/7;0/0,1/0,2/0,3/0,4/0,5/0;0/9,1/11,2/5,3/14,4/8,5/12,6/9,7/5,8/6,9/9,10/11,11/16;0/0,1/0,2/0,3/0,4/0,5/0;0/4,1/4,2/3,3/4,4/4,5/4,6/4,7/3,8/3,9/4,10/4,11/4;0/84,1/83,2/65,3/65,4/65,5/86;0/182,1/159,2/143,3/153,4/181,5/180,6/187,7/135,8/142,9/160,10/190,11/177;0/527,1/508,2/412,3/408,4/402,5/512;0/775,1/676,2/602,3/670,4/838,5/804,6/772,7/634,8/615,9/666,10/794,11/812
11039.92;448;2001;6;12;0/5805.52,1/5997.5,2/6950.72,3/6986.43,4/7047.87,5/5956.44;0/3259.92,1/4229.87,2/4967.21,3/4284.61,4/2610.04,5/2947.26,6/3264.45,7/4670.04,8/4838.23,9/4324.83,10/3059.92,11/2872.17;0/11039.92,1/11039.92,2/11039.92,3/11039.92,4/11039.92,5/11039.92;0/11039.92,1/11039.92,2/11039.92,3/11039.92,4/11039.92,5/11039.92,6/11039.92,7/11039.92,8/11039.92,9/11039.92,10/11039.92,11/11039.92;0/0,1/0,2/0,3/0,4/0,5/0;0/2,1/2,2/5,3/4,4/2,5/1,6/2,7/2,8/8,9/1,10/3,11/7;0/0,1/0,2/0,3/0,4/0,5/0;0/8,1/9,2/10,3/11,4/11,5/9,6/10,7/7,8/14,9/8,10/7,11/11;0/0,1/0,2/0,3/0,4/0,5/0;0/4,1/4,2/3,3/4,4/4,5/4,6/4,7/3,8/3,9/4,10/4,11/4;0/84,1/83,2/65,3/65,4/65,5/86;0/183,1/160,2/144,3/154,4/181,5/181,6/189,7/136,8/143,9/161,10/190,11/179;0/527,1/508,2/412,3/408,4/402,5/512;0/778,1/682,2/608,3/676,4/843,5/810,6/778,7/637,8/621,9/672,10/798,11/817
11099.99;448;2014;6;12;0/5865.59,1/6057.57,2/7010.79,3/7046.5,4/7107.94,5/6016.51;0/3269.04,1/4229.99,2/4969.41,3/4284.75,4/2610.33,5/2947.54,6/3279.99,7/4670.42,8/4838.7,9/4329.77,10/3089.99,11/2899.99;0/11099.99,1/11099.99,2/11099.99,3/11099.99,4/11099.99,5/11099.99;0/11099.99,1/11099.99,2/11099.99,3/11099.99,4/11099.99,5/11099.99,6/11099.99,7/11099.99,8/11099.99,9/11099.99,10/11099.99,11/11099.99;0/0,1/0,2/0,3/0,4/0,5/0;0/5,1/1,2/5,3/6,4/2,5/2,6/3,7/3,8/3,9/4,10/5,11/5;0/0,1/0,2/0,3/0,4/0,5/0;0/12,1/6,2/8,3/14,4/8,5/15,6/9,7/11,8/11,9/10,10/9,11/8;0/0,1/0,2/0,3/0,4/0,5/0;0/4,1/4,2/3,3/4,4/4,5/4,6/4,7/3,8/3,9/4,10/4,11/4;0/84,1/83,2/65,3/65,4/65,5/86;0/185,1/161,2/146,3/155,4/182,5/182,6/189,7/137,8/144,9/162,10/192,11/179;0/527,1/508,2/412,3/408,4/402,5/512;0/784,1/688,2/614,3/682,4/849,5/816,6/782,7/643,8/627,9/678,10/801,11/820
11159.71;448;2028;6;12;0/5925.31,1/6117.29,2/7070.51,3/7106.23,4/7167.66,5/6076.24;0/3269.58,1/4259.37,2/4969.71,3/4286.61,4/2610.51,5/2955.28,6/3309.71,7/4670.78,8/4839.07,9/4330.33,10/3119.71,11/2949.71;0/11159.71,1/11159.71,2/11159.71,3/11159.71,4/11159.71,5/11159.71;0/11159.71,1/11159.71,2/11159.71,3/11159.71,4/11159.71,5/11159.71,6/11159.71,7/11159.71,8/11159.71,9/11159.71,10/11159.71,11/11159.71;0/0,1/0,2/0,3/0,4/0,5/0;0/4,1/2,2/10,3/3,4/1,5/0,6/2,7/2,8/3,9/5,10/2,11/3;0/0,1/0,2/0,3/0,4/0,5/0;0/9,1/12,2/11,3/10,4/7,5/13,6/11,7/7,8/11,9/14,10/11,11/9;0/0,1/0,2/0,3/0,4/0,5/0;0/4,1/4,2/3,3/4,4/4,5/4,6/4,7/3,8/3,9/4,10/4,11/4;0/84,1/83,2/65,3/65,4/65,5/86;0/187,1/163,2/146,3/157,4/183,5/183,6/191,7/138,8/144,9/163,10/193,11/180;0/527,1/508,2/412,3/408,4/402,5/512;0/790,1/691,2/619,3/688,4/855,5/821,6/785,7/649,8/633,9/683,10/804,11/821
11219.99;448;2040;6;12;0/5985.59,1/6177.57,2/7130.79,3/7166.51,4/7227.94,5/6136.51;0/3299.99,1/4259.54,2/5027.77,3/4301.59,4/2610.96,5/2955.97,6/3360.26,7/4699.99,8/4839.28,9/4363.01,10/3124.87,11/2967.77;0/11219.99,1/11219.99,2/11219.99,3/11219.99,4/11219.99,5/11219.99;0/11219.99,1/11219.99,2/11219.99,3/11219.99,4/11219.99,5/11219.99,6/11219.99,7/11219.99,8/11219.99,9/11219.99,10/11219.99,11/11219.99;0/0,1/0,2/0,3/0,4/0,5/0;0/2,1/4,2/4,3/3,4/3,5/0,6/0,7/0,8/2,9/4,10/2,11/3;0/0,1/0,2/0,3/0,4/0,5/0;0/11,1/14,2/10,3/8,4/10,5/11,6/10,7/7,8/9,9/13,10/9,11/9;0/0,1/0,2/0,3/0,4/0,5/0;0/4,1/4,2/3,3/4,4/4,5/4,6/4,7/3,8/3,9/4,10/4,11/4;0/84,1/83,2/65,3/65,4/65,5/86;0/187,1/163,2/147,3/159,4/185,5/184,6/192,7/138,8/145,9/164,10/194,11/182;0/527,1/508,2/412,3/408,4/402,5/512;0/792,1/697,2/620,3/692,4/861,5/827,6/786,7/652,8/639,9/686,10/810,11/826
11279.8;448;2053;6;12;0/6045.4,1/6237.38,2/7190.6,3/7226.31,4/7287.75,5/6196.32;0/3315.56,1/4265.78,2/5049.8,3/4301.72,4/2619.8,5/2956.08,6/3360.64,7/4701.81,8/4856.04,9/4363.19,10/3125.15,11/2983.64;0/11279.8,1/11279.8,2/11279.8,3/11279.8,4/11279.8,5/11279.8;0/11279.8,1/11279.8,2/11279.8,3/11279.8,4/11279.8,5/11279.8,6/11279.8,7/11279.8,8/11279.8,9/11279.8,10/11279.8,11/11279.8;0/0,1/0,2/0,3/0,4/0,5/0;0/5,1/4,2/4,3/4,4/8,5/2,6/1,7/6,8/4,9/4,10/2,11/0;0/0,1/0,2/0,3/0,4/0,5/0;0/12,1/13,2/9,3/8,4/14,5/8,6/12,7/12,8/12,9/9,10/8,11/10;0/0,1/0,2/0,3/0,4/0,5/0;0/4,1/4,2/3,3/4,4/4,5/4,6/4,7/3,8/3,9/4,10/4,11/4;0/84,1/83,2/65,3/65,4/65,5/86;0/188,1/164,2/147,3/160,4/186,5/185,6/193,7/139,8/146,9/165,10/196,11/184;0/527,1/508,2/412,3/408,4/402,5/512;0/797,1/702,2/623,3/698,4/866,5/833,6/792,7/658,8/643,9/692,10/816,11/830
11339.95;448;2066;6;12;0/6105.55,1/6297.53,2/7250.75,3/7286.47,4/7347.9,5/6256.48;0/3315.8,1/4265.97,2/5070.98,3/4339.95,4/2635.5,5/2956.76,6/3360.75,7/4702.01,8/4856.39,9/4374.92,10/3139.13,11/2983.76;0/11339.95,1/11339.95,2/11339.95,3/11339.95,4/11339.95,5/11339.95;0/11339.95,1/11339.95,2/11339.95,3/11339.95,4/11339.95,5/11339.95,6/11339.95,7/11339.95,8/11339.95,9/11339.95,10/11339.95,11/11339.95;0/0,1/0,2/0,3/0,4/0,5/0;0/3,1/2,2/3,3/5,4/3,5/3,6/0,7/4,8/4,9/6,10/6,11/1;0/0,1/0,2/0,3/0,4/0,5/0;0/12,1/8,2/9,3/14,4/9,5/8,6/8,7/10,8/10,9/13,10/12,11/9;0/0,1/0,2/0,3/0,4/0,5/0;0/4,1/4,2/3,3/4,4/4,5/4,6/4,7/3,8/3,9/4,10/4,11/4;0/84,1/83,2/65,3/65,4/65,5/86;0/190,1/166,2/149,3/160,4/188,5/185,6/193,7/140,8/147,9/167,10/197,11/184;0/527,1/508,2/412,3/408,4/402,5/512;0/803,1/708,2/627,3/700,4/871,5/839,6/798,7/664,8/649,9/697,10/821,11/836
11399.81;448;2081;6;12;0/6165.41,1/6357.39,2/7310.61,3/7346.32,4/7407.76,5/6316.33;0/3316.17,1/4270.33,2/5071.27,3/4341.27,4/2689.81,5/2957.53,6/3361.1,7/4730.01,8/4856.53,9/4375.06,10/3139.81,11/2984.1;0/11399.81,1/11399.81,2/11399.81,3/11399.81,4/11399.81,5/11399.81;0/11399.81,1/11399.81,2/11399.81,3/11399.81,4/11399.81,5/11399.81,6/11399.81,7/11399.81,8/11399.81,9/11399.81,10/11399.81,11/11399.81;0/0,1/0,2/0,3/0,4/0,5/0;0/5,1/2,2/6,3/4,4/2,5/2,6/0,7/3,8/4,9/5,10/6,11/7;0/0,1/0,2/0,3/0,4/0,5/0;0/13,1/11,2/9,3/12,4/10,5/9,6/5,7/11,8/11,9/12,10/14,11/16;0/0,1/0,2/0,3/0,4/0,5/0;0/4,1/4,2/3,3/4,4/4,5/4,6/4,7/3,8/3,9/4,10/4,11/4;0/84,1/83,2/65,3/65,4/65,5/86;0/191,1/167,2/151,3/162,4/188,5/187,6/195,7/141,8/148,9/168,10/197,11/186;0/527,1/508,2/412,3/408,4/402,5/512;0/809,1/713,2/633,3/706,4/871,5/845,6/804,7/667,8/655,9/703,10/826,11/842
11459.97;448;2093;6;12;0/6225.58,1/6417.55,2/7370.78,3/7406.49,4/7467.93,5/6376.5;0/3316.31,1/4277.37,2/5099.97,3/4341.47,4/2701.95,5/2957.74,6/3361.86,7/4730.35,8/4877.02,9/4375.23,10/3164.27,11/3006.31;0/11459.97,1/11459.97,2/11459.97,3/11459.97,4/11459.97,5/11459.97;0/11459.97,1/11459.97,2/11459.97,3/11459.97,4/11459.97,5/11459.97,6/11459.97,7/11459.97,8/11459.97,9/11459.97,10/11459.97,11/11459.97;0/0,1/0,2/0,3/0,4/0,5/0;0/4,1/1,2/5,3/2,4/1,5/2,6/0,7/3,8/3,9/5,10/7,11/3;0/0,1/0,2/0,3/0,4/0,5/0;0/10,1/14,2/9,3/14,4/7,5/8,6/5,7/9,8/14,9/8,10/13,11/14;0/0,1/0,2/0,3/0,4/0,5/0;0/4,1/4,2/3,3/4,4/4,5/4,6/4,7/3,8/3,9/4,10/4,11/4;0/84,1/83,2/65,3/65,4/65,5/86;0/192,1/168,2/151,3/163,4/189,5/188,6/196,7/141,8/149,9/170,10/199,11/187;0/527,1/508,2/412,3/408,4/402,5/512;0/815,1/719,2/636,3/712,4/876,5/851,6/810,7/673,8/659,9/709,10/830,11/846
11519.94;448;2105;6;12;0/6285.54,1/6477.52,2/7430.74,3/7466.46,4/7527.89,5/6436.47;0/3319.1,1/4277.47,2/5159.94,3/4341.92,4/2702.47,5/2969.94,6/3362.52,7/4739.55,8/4877.33,9/4414.88,10/3164.68,11/3006.55;0/11519.94,1/11519.94,2/11519.94,3/11519.94,4/11519.94,5/11519.94;0/11519.94,1/11519.94,2/11519.94,3/11519.94,4/11519.94,5/11519.94,6/11519.94,7/11519.94,8/11519.94,9/11519.94,10/11519.94,11/11519.94;0/0,1/0,2/0,3/0,4/0,5/0;0/3,1/0,2/3,3/2,4/2,5/1,6/4,7/5,8/2,9/1,10/5,11/2;0/0,1/0,2/0,3/0,4/0,5/0;0/6,1/8,2/9,3/15,4/9,5/8,6/17,7/11,8/12,9/8,10/12,11/14;0/0,1/0,2/0,3/0,4/0,5/0;0/4,1/4,2/3,3/4,4/4,5/4,6/4,7/3,8/3,9/4,10/4,11/4;0/84,1/83,2/65,3/65,4/65,5/86;0/194,1/170,2/151,3/164,4/190,5/189,6/196,7/143,8/150,9/171,10/200,11/187;0/527,1/508,2/412,3/408,4/402,5/512;0/821,1/725,2/636,3/718,4/882,5/855,6/816,7/679,8/665,9/711,10/836,11/852
11579.87;448;2118;6;12;0/6345.47,1/6537.45,2/7490.67,3/7526.39,4/7587.82,5/6496.4;0/3349.87,1/4277.68,2/5170.83,3/4342.12,4/2702.78,5/2984.54,6/3392.9,7/4739.83,8/4877.54,9/4415.13,10/3214.74,11/3018.61;0/11579.87,1/11579.87,2/11579.87,3/11579.87,4/11579.87,5/11579.87;0/11579.87,1/11579.87,2/11579.87,3/11579.87,4/11579.87,5/11579.87,6/11579.87,7/11579.87,8/11579.87,9/11579.87,10/11579.87,11/11579.87;0/0,1/0,2/0,3/0,4/0,5/0;0/3,1/2,2/4,3/2,4/4,5/7,6/1,7/2,8/2,9/1,10/4,11/2;0/0,1/0,2/0,3/0,4/0,5/0;0/9,1/10,2/7,3/15,4/8,5/12,6/14,7/8,8/7,9/8,10/11,11/9;0/0,1/0,2/0,3/0,4/0,5/0;0/4,1/4,2/3,3/4,4/4,5/4,6/4,7/3,8/3,9/4,10/4,11/4;0/84,1/83,2/65,3/65,4/65,5/86;0/194,1/170,2/153,3/165,4/192,5/191,6/198,7/143,8/151,9/171,10/201,11/189;0/527,1/508,2/412,3/408,4/402,5/512;0/823,1/731,2/641,3/724,4/888,5/860,6/819,7/685,8/671,9/717,10/837,11/857
11639.98;448;2132;6;12;0/6405.58,1/6597.56,2/7550.78,3/7586.5,4/7647.93,5/6556.51;0/3378.52,1/4277.94,2/5171.06,3/4342.49,4/2703.06,5/3009.98,6/3393.01,7/4751.98,8/4879.98,9/4429.39,10/3214.93,11/3021.64;0/11639.98,1/11639.98,2/11639.98,3/11639.98,4/11639.98,5/11639.98;0/11639.98,1/11639.98,2/11639.98,3/11639.98,4/11639.98,5/11639.98,6/11639.98,7/11639.98,8/11639.98,9/11639.98,10/11639.98,11/11639.98;0/0,1/0,2/0,3/0,4/0,5/0;0/2,1/2,2/6,3/3,4/3,5/6,6/0,7/2,8/6,9/2,10/7,11/1;0/0,1/0,2/0,3/0,4/0,5/0;0/8,1/12,2/8,3/13,4/11,5/22,6/8,7/8,8/9,9/7,10/10,11/10;0/0,1/0,2/0,3/0,4/0,5/0;0/4,1/4,2/3,3/4,4/4,5/4,6/4,7/3,8/3,9/4,10/4,11/4;0/84,1/83,2/65,3/65,4/65,5/86;0/196,1/171,2/154,3/166,4/193,5/191,6/199,7/145,8/151,9/173,10/203,11/190;0/527,1/508,2/412,3/408,4/402,5/512;0/827,1/737,2/647,3/730,4/894,5/863,6/825,7/689,8/676,9/722,10/843,11/862
11699.98;448;2140;6;12;0/6465.58,1/6657.56,2/7610.78,3/7646.5,4/7707.93,5/6616.51;0/3378.82,1/4299.98,2/5219.98,3/4342.67,4/2724.96,5/3012.76,6/3393.25,7/4759.98,8/4899.98,9/4429.98,10/3219.98,11/3040.96;0/11699.98,1/11699.98,2/11699.98,3/11699.98,4/11699.98,5/11699.98;0/11699.98,1/11699.98,2/11699.98,3/11699.98,4/11699.98,5/11699.98,6/11699.98,7/11699.98,8/11699.98,9/11699.98,10/11699.98,11/11699.98;0/0,1/0,2/0,3/0,4/0,5/0;0/2,1/4,2/5,3/2,4/7,5/7,6/3,7/5,8/3,9/3,10/8,11/6;0/0,1/0,2/0,3/0,4/0,5/0;0/11,1/16,2/12,3/12,4/14,5/20,6/9,7/12,8/10,9/14,10/12,11/13;0/0,1/0,2/0,3/0,4/0,5/0;0/4,1/4,2/3,3/4,4/4,5/4,6/4,7/3,8/3,9/4,10/4,11/4;0/84,1/83,2/65,3/65,4/65,5/86;0/197,1/172,2/154,3/166,4/194,5/192,6/199,7/145,8/152,9/174,10/204,11/191;0/527,1/508,2/412,3/408,4/402,5/512;0/833,1/740,2/648,3/736,4/898,5/869,6/831,7/694,8/680,9/727,10/848,11/866
11759.79;448;2154;6;12;0/6525.39,1/6717.37,2/7670.59,3/7706.31,4/7767.74,5/6676.31;0/3399.79,1/4332.38,2/5220.24,3/4342.81,4/2739.79,5/3013.04,6/3400.91,7/4785.72,8/4918.38,9/4448.66,10/3279.79,11/3041.34;0/11759.79,1/11759.79,2/11759.79,3/11759.79,4/11759.79,5/11759.79;0/11759.79,1/11759.79,2/11759.79,3/11759.79,4/11759.79,5/11759.79,6/11759.79,7/11759.79,8/11759.79,9/11759.79,10/11759.79,11/11759.79;0/0,1/0,2/0,3/0,4/0,5/0;0/6,1/2,2/6,3/3,4/4,5/7,6/3,7/4,8/5,9/2,10/4,11/2;0/0,1/0,2/0,3/0,4/0,5/0;0/19,1/13,2/10,3/8,4/11,5/17,6/10,7/11,8/8,9/15,10/12,11/9;0/0,1/0,2/0,3/0,4/0,5/0;0/4,1/4,2/3,3/4,4/4,5/4,6/4,7/3,8/3,9/4,10/4,11/4;0/84,1/83,2/65,3/65,4/65,5/86;0/198,1/173,2/156,3/167,4/195,5/193,6/201,7/146,8/153,9/176,10/204,11/192;0/527,1/508,2/412,3/408,4/402,5/512;0/836,1/743,2/654,3/742,4/903,5/875,6/836,7/698,8/685,9/732,10/848,11/872
11819.99;448;2167;6;12;0/6585.59,1/6777.57,2/7730.79,3/7766.51,4/7827.94,5/6736.52;0/3403.11,1/4332.48,2/5257.28,3/4343.04,4/2739.99,5/3013.15,6/3421.11,7/4786.02,8/4929.99,9/4448.78,10/3302.75,11/3080.78;0/11819.99,1/11819.99,2/11819.99,3/11819.99,4/11819.99,5/11819.99;0/11819.99,1/11819.99,2/11819.99,3/11819.99,4/11819.99,5/11819.99,6/11819.99,7/11819.99,8/11819.99,9/11819.99,10/11819.99,11/11819.99;0/0,1/0,2/0,3/0,4/0,5/0;0/4,1/2,2/5,3/5,4/3,5/8,6/2,7/6,8/7,9/0,10/4,11/0;0/0,1/0,2/0,3/0,4/0,5/0;0/14,1/7,2/12,3/9,4/9,5/15,6/13,7/11,8/9,9/9,10/9,11/9;0/0,1/0,2/0,3/0,4/0,5/0;0/4,1/4,2/3,3/4,4/4,5/4,6/4,7/3,8/3,9/4,10/4,11/4;0/84,1/83,2/65,3/65,4/65,5/86;0/199,1/174,2/157,3/169,4/196,5/194,6/202,7/147,8/154,9/177,10/205,11/193;0/527,1/508,2/412,3/408,4/402,5/512;0/842,1/749,2/657,3/748,4/909,5/881,6/840,7/704,8/689,9/738,10/852,11/874
11879.7;448;2183;6;12;0/6645.3,1/6837.28,2/7790.5,3/7826.21,4/7887.65,5/6796.22;0/3403.31,1/4332.9,2/5269.7,3/4374.99,4/2740.41,5/3019.7,6/3425.18,7/4786.26,8/4980.55,9/4448.97,10/3303.03,11/3080.98;0/11879.7,1/11879.7,2/11879.7,3/11879.7,4/11879.7,5/11879.7;0/11879.7,1/11879.7,2/11879.7,3/11879.7,4/11879.7,5/11879.7,6/11879.7,7/11879.7,8/11879.7,9/11879.7,10/11879.7,11/11879.7;0/0,1/0,2/0,3/0,4/0,5/0;0/7,1/3,2/8,3/2,4/0,5/6,6/1,7/5,8/5,9/1,10/7,11/1;0/0,1/0,2/0,3/0,4/0,5/0;0/14,1/9,2/12,3/11,4/8,5/14,6/9,7/11,8/8,9/8,10/10,11/12;0/0,1/0,2/0,3/0,4/0,5/0;0/4,1/4,2/3,3/4,4/4,5/4,6/4,7/3,8/3,9/4,10/4,11/4;0/84,1/83,2/65,3/65,4/65,5/86;0/201,1/175,2/157,3/170,4/198,5/195,6/203,7/148,8/155,9/178,10/208,11/195;0/527,1/508,2/412,3/408,4/402,5/512;0/848,1/755,2/661,3/751,4/914,5/886,6/846,7/710,8/690,9/744,10/858,11/880
11939.78;448;2197;6;12;0/6705.38,1/6897.36,2/7850.58,3/7886.3,4/7947.73,5/6856.3;0/3403.35,1/4333.09,2/5307.36,3/4375.23,4/2740.78,5/3039.3,6/3425.48,7/4787.46,8/4990.69,9/4449.21,10/3349.78,11/3081.36;0/11939.78,1/11939.78,2/11939.78,3/11939.78,4/11939.78,5/11939.78;0/11939.78,1/11939.78,2/11939.78,3/11939.78,4/11939.78,5/11939.78,6/11939.78,7/11939.78,8/11939.78,9/11939.78,10/11939.78,11/11939.78;0/0,1/0,2/0,3/0,4/0,5/0;0/5,1/2,2/5,3/2,4/1,5/5,6/1,7/4,8/8,9/5,10/5,11/2;0/0,1/0,2/0,3/0,4/0,5/0;0/8,1/8,2/9,3/9,4/7,5/9,6/7,7/8,8/10,9/13,10/16,11/11;0/0,1/0,2/0,3/0,4/0,5/0;0/4,1/4,2/3,3/4,4/4,5/4,6/4,7/3,8/3,9/4,10/4,11/4;0/84,1/83,2/65,3/65,4/65,5/86;0/202,1/176,2/158,3/171,4/199,5/197,6/204,7/149,8/157,9/180,10/208,11/196;0/527,1/508,2/412,3/408,4/402,5/512;0/854,1/761,2/664,3/757,4/920,5/891,6/852,7/716,8/695,9/750,10/859,11/886
11999.97;448;2206;6;12;0/6765.57,1/6957.55,2/7910.77,3/7946.48,4/8007.92,5/6916.49;0/3430.34,1/4359.97,2/5309.97,3/4390.25,4/2741.45,5/3079.97,6/3426.29,7/4809.97,8/5029.97,9/4449.61,10/3379.65,11/3081.53;0/11999.97,1/11999.97,2/11999.97,3/11999.97,4/11999.97,5/11999.97;0/11999.97,1/11999.97,2/11999.97,3/11999.97,4/11999.97,5/11999.97,6/11999.97,7/11999.97,8/11999.97,9/11999.97,10/11999.97,11/11999.97;0/0,1/0,2/0,3/0,4/0,5/0;0/4,1/4,2/10,3/1,4/1,5/6,6/0,7/2,8/5,9/4,10/4,11/1;0/0,1/0,2/0,3/0,4/0,5/0;0/9,1/11,2/13,3/8,4/8,5/11,6/7,7/9,8/14,9/14,10/15,11/7;0/0,1/0,2/0,3/0,4/0,5/0;0/4,1/4,2/3,3/4,4/4,5/4,6/4,7/3,8/3,9/4,10/4,11/4;0/84,1/83,2/65,3/65,4/65,5/86;0/203,1/177,2/159,3/172,4/200,5/197,6/205,7/150,8/157,9/181,10/209,11/196;0/527,1/508,2/412,3/408,4/402,5/512;0/857,1/764,2/669,3/761,4/926,5/892,6/858,7/719,8/697,9/756,10/863,11/892
12059.74;448;2216;6;12;0/6825.34,1/7017.32,2/7970.54,3/8006.26,4/8067.69,5/6976.26;0/3459.74,1/4401.85,2/5369.74,3/4390.45,4/2779.56,5/3094.81,6/3465.15,7/4849.74,8/5072.09,9/4449.74,10/3379.69,11/3082.18;0/12059.74,1/12059.74,2/12059.74,3/12059.74,4/12059.74,5/12059.74;0/12059.74,1/12059.74,2/12059.74,3/12059.74,4/12059.74,5/12059.74,6/12059.74,7/12059.74,8/12059.74,9/12059.74,10/12059.74,11/12059.74;0/0,1/0,2/0,3/0,4/0,5/0;0/3,1/2,2/6,3/7,4/5,5/5,6/0,7/2,8/5,9/6,10/4,11/3;0/0,1/0,2/0,3/0,4/0,5/0;0/8,1/12,2/13,3/19,4/11,5/8,6/6,7/9,8/12,9/16,10/9,11/12;0/0,1/0,2/0,3/0,4/0,5/0;0/4,1/4,2/3,3/4,4/4,5/4,6/4,7/3,8/3,9/4,10/4,11/4;0/84,1/83,2/65,3/65,4/65,5/86;0/203,1/178,2/159,3/172,4/201,5/199,6/206,7/152,8/158,9/181,10/210,11/197;0/527,1/508,2/412,3/408,4/402,5/512;0/860,1/766,2/669,3/767,4/929,5/897,6/860,7/721,8/699,9/762,10/869,11/898
12119.93;448;2237;6;12;0/6885.53,1/7077.51,2/8030.73,3/8066.44,4/8127.88,5/7036.45;0/3479.47,1/4402.26,2/5379.93,3/4390.54,4/2779.83,5/3095.05,6/3465.54,7/4854.46,8/5072.26,9/4449.83,10/3379.78,11/3082.54;0/12119.93,1/12119.93,2/12119.93,3/12119.93,4/12119.93,5/12119.93;0/12119.93,1/12119.93,2/12119.93,3/12119.93,4/12119.93,5/12119.93,6/12119.93,7/12119.93,8/12119.93,9/12119.93,10/12119.93,11/12119.93;0/0,1/0,2/0,3/0,4/0,5/0;0/2,1/5,2/6,3/10,4/7,5/6,6/0,7/2,8/5,9/6,10/4,11/1;0/0,1/0,2/0,3/0,4/0,5/0;0/9,1/14,2/8,3/18,4/16,5/7,6/12,7/8,8/10,9/14,10/6,11/11;0/0,1/0,2/0,3/0,4/0,5/0;0/4,1/4,2/3,3/4,4/4,5/4,6/4,7/3,8/3,9/4,10/4,11/4;0/84,1/83,2/65,3/65,4/65,5/86;0/206,1/180,2/161,3/174,4/202,5/201,6/207,7/153,8/160,9/183,10/212,11/198;0/527,1/508,2/412,3/408,4/402,5/512;0/865,1/772,2/674,3/773,4/935,5/903,6/866,7/727,8/705,9/768,10/875,11/904
12179.95;448;2246;6;12;0/6945.55,1/7137.53,2/8090.75,3/8126.46,4/8187.9,5/7096.47;0/3483.24,1/4402.38,2/5419.95,3/4390.91,4/2779.95,5/3149.95,6/3480.29,7/4869.95,8/5099.95,9/4449.95,10/3402.05,11/3083.75;0/12179.95,1/12179.95,2/12179.95,3/12179.95,4/12179.95,5/12179.95;0/12179.95,1/12179.95,2/12179.95,3/12179.95,4/12179.95,5/12179.95,6/12179.95,7/12179.95,8/12179.95,9/12179.95,10/12179.95,11/12179.95;0/0,1/0,2/0,3/0,4/0,5/0;0/3,1/3,2/4,3/11,4/4,5/1,6/1,7/10,8/4,9/6,10/6,11/0;0/0,1/0,2/0,3/0,4/0,5/0;0/10,1/11,2/9,3/20,4/12,5/9,6/16,7/18,8/9,9/15,10/10,11/10;0/0,1/0,2/0,3/0,4/0,5/0;0/4,1/4,2/3,3/4,4/4,5/4,6/4,7/3,8/3,9/4,10/4,11/4;0/84,1/83,2/65,3/65,4/65,5/86;0/207,1/180,2/162,3/175,4/203,5/201,6/209,7/153,8/160,9/184,10/213,11/199;0/527,1/508,2/412,3/408,4/402,5/512;0/870,1/778,2/676,3/779,4/941,5/903,6/870,7/731,8/708,9/773,10/878,11/910
12239.82;448;2258;6;12;0/7005.42,1/7197.4,2/8150.62,3/8186.33,4/8247.77,5/7156.34;0/3483.48,1/4416.22,2/5435.63,3/4394.72,4/2783.13,5/3157.38,6/3480.44,7/4883.09,8/5119.82,9/4469.82,10/3429.82,11/3086.18;0/12239.82,1/12239.82,2/12239.82,3/12239.82,4/12239.82,5/12239.82;0/12239.82,1/12239.82,2/12239.82,3/12239.82,4/12239.82,5/12239.82,6/12239.82,7/12239.82,8/12239.82,9/12239.82,10/12239.82,11/12239.82;0/0,1/0,2/0,3/0,4/0,5/0;0/4,1/5,2/2,3/6,4/4,5/5,6/1,7/10,8/3,9/2,10/6,11/7;0/0,1/0,2/0,3/0,4/0,5/0;0/10,1/10,2/9,3/14,4/11,5/14,6/14,7/18,8/6,9/11,10/12,11/17;0/0,1/0,2/0,3/0,4/0,5/0;0/4,1/4,2/3,3/4,4/4,5/4,6/4,7/3,8/3,9/4,10/4,11/4;0/84,1/83,2/65,3/65,4/65,5/86;0/207,1/181,2/164,3/176,4/204,5/203,6/209,7/154,8/161,9/185,10/214,11/200;0/527,1/508,2/412,3/408,4/402,5/512;0/876,1/783,2/681,3/785,4/946,5/909,6/876,7/736,8/712,9/777,10/881,11/916
12299.92;448;2276;6;12;0/7065.53,1/7257.5,2/8210.73,3/8246.44,4/8307.87,5/7216.45;0/3495.42,1/4420.71,2/5435.85,3/4394.84,4/2788.59,5/3157.56,6/3480.67,7/4889.92,8/5148.19,9/4484.95,10/3459.92,11/3086.34;0/12299.92,1/12299.92,2/12299.92,3/12299.92,4/12299.92,5/12299.92;0/12299.92,1/12299.92,2/12299.92,3/12299.92,4/12299.92,5/12299.92,6/12299.92,7/12299.92,8/12299.92,9/12299.92,10/12299.92,11/12299.92;0/0,1/0,2/0,3/0,4/0,5/0;0/3,1/7,2/4,3/4,4/8,5/3,6/3,7/9,8/2,9/3,10/2,11/7;0/0,1/0,2/0,3/0,4/0,5/0;0/9,1/10,2/10,3/10,4/13,5/12,6/15,7/14,8/7,9/9,10/11,11/18;0/0,1/0,2/0,3/0,4/0,5/0;0/4,1/4,2/3,3/4,4/4,5/4,6/4,7/3,8/3,9/4,10/4,11/4;0/84,1/83,2/65,3/65,4/65,5/86;0/209,1/183,2/165,3/177,4/206,5/204,6/210,7/155,8/163,9/187,10/215,11/202;0/527,1/508,2/412,3/408,4/402,5/512;0/881,1/788,2/687,3/791,4/952,5/915,6/882,7/741,8/716,9/782,10/884,11/922
12359.97;448;2289;6;12;0/7125.58,1/7317.55,2/8270.78,3/8306.49,4/8367.92,5/7276.5;0/3528.67,1/4449.97,2/5436.16,3/4409.97,4/2799.32,5/3157.69,6/3480.77,7/4909.97,8/5148.67,9/4501.26,10/3460.52,11/3086.5;0/12359.97,1/12359.97,2/12359.97,3/12359.97,4/12359.97,5/12359.97;0/12359.97,1/12359.97,2/12359.97,3/12359.97,4/12359.97,5/12359.97,6/12359.97,7/12359.97,8/12359.97,9/12359.97,10/12359.97,11/12359.97;0/0,1/0,2/0,3/0,4/0,5/0;0/2,1/3,2/4,3/5,4/3,5/3,6/0,7/6,8/1,9/0,10/2,11/9;0/0,1/0,2/0,3/0,4/0,5/0;0/10,1/10,2/9,3/13,4/9,5/10,6/10,7/13,8/7,9/6,10/8,11/18;0/0,1/0,2/0,3/0,4/0,5/0;0/4,1/4,2/3,3/4,4/4,5/4,6/4,7/3,8/3,9/4,10/4,11/4;0/84,1/83,2/65,3/65,4/65,5/86;0/210,1/184,2/165,3/178,4/208,5/205,6/211,7/156,8/164,9/188,10/217,11/203;0/527,1/508,2/412,3/408,4/402,5/512;0/884,1/791,2/693,3/795,4/957,5/921,6/888,7/745,8/722,9/786,10/890,11/928
12419.98;448;2304;6;12;0/7185.58,1/7377.56,2/8330.78,3/8366.5,4/8427.93,5/7336.51;0/3529.04,1/4492.92,2/5443.28,3/4434.08,4/2799.56,5/3165.72,6/3481.01,7/4963.23,8/5188.11,9/4508.99,10/3460.75,11/3096.17;0/12419.98,1/12419.98,2/12419.98,3/12419.98,4/12419.98,5/12419.98;0/12419.98,1/12419.98,2/12419.98,3/12419.98,4/12419.98,5/12419.98,6/12419.98,7/12419.98,8/12419.98,9/12419.98,10/12419.98,11/12419.98;0/0,1/0,2/0,3/0,4/0,5/0;0/1,1/2,2/3,3/4,4/1,5/6,6/4,7/6,8/2,9/2,10/6,11/9;0/0,1/0,2/0,3/0,4/0,5/0;0/11,1/8,2/8,3/9,4/9,5/15,6/15,7/12,8/11,9/8,10/8,11/16;0/0,1/0,2/0,3/0,4/0,5/0;0/4,1/4,2/3,3/4,4/4,5/4,6/4,7/3,8/3,9/4,10/4,11/4;0/84,1/83,2/65,3/65,4/65,5/86;0/211,1/186,2/166,3/179,4/208,5/207,6/212,7/157,8/165,9/190,10/219,11/204;0/527,1/508,2/412,3/408,4/402,5/512;0/890,1/793,2/698,3/799,4/963,5/926,6/894,7/746,8/724,9/792,10/896,11/933
12479.95;448;2314;6;12;0/7245.55,1/7437.53,2/8390.75,3/8426.46,4/8487.9,5/7396.47;0/3529.41,1/4493.19,2/5478.71,3/4449.95,4/2801.65,5/3199.95,6/3481.21,7/4963.95,8/5188.28,9/4509.32,10/3483.49,11/3096.47;0/12479.95,1/12479.95,2/12479.95,3/12479.95,4/12479.95,5/12479.95;0/12479.95,1/12479.95,2/12479.95,3/12479.95,4/12479.95,5/12479.95,6/12479.95,7/12479.95,8/12479.95,9/12479.95,10/12479.95,11/12479.95;0/0,1/0,2/0,3/0,4/0,5/0;0/4,1/4,2/4,3/3,4/1,5/4,6/4,7/10,8/1,9/0,10/6,11/3;0/0,1/0,2/0,3/0,4/0,5/0;0/13,1/11,2/10,3/9,4/6,5/17,6/18,7/16,8/7,9/11,10/10,11/14;0/0,1/0,2/0,3/0,4/0,5/0;0/4,1/4,2/3,3/4,4/4,5/4,6/4,7/3,8/3,9/4,10/4,11/4;0/84,1/83,2/65,3/65,4/65,5/86;0/212,1/187,2/167,3/180,4/210,5/207,6/213,7/158,8/165,9/191,10/220,11/204;0/527,1/508,2/412,3/408,4/402,5/512;0/896,1/799,2/701,3/803,4/968,5/928,6/900,7/752,8/730,9/798,10/900,11/939
12539.96;448;2328;6;12;0/7305.56,1/7497.54,2/8450.76,3/8486.47,4/8547.91,5/7456.48;0/3529.67,1/4500.45,2/5479.96,3/4479.62,4/2802.32,5/3219.96,6/3481.32,7/4975.41,8/5188.84,9/4509.53,10/3518.46,11/3099.84;0/12539.96,1/12539.96,2/12539.96,3/12539.96,4/12539.96,5/12539.96;0/12539.96,1/12539.96,2/12539.96,3/12539.96,4/12539.96,5/12539.96,6/12539.96,7/12539.96,8/12539.96,9/12539.96,10/12539.96,11/12539.96;0/0,1/0,2/0,3/0,4/0,5/0;0/2,1/5,2/5,3/4,4/5,5/3,6/4,7/6,8/3,9/1,10/2,11/7;0/0,1/0,2/0,3/0,4/0,5/0;0/13,1/15,2/9,3/7,4/17,5/17,6/13,7/14,8/8,9/13,10/7,11/16;0/0,1/0,2/0,3/0,4/0,5/0;0/4,1/4,2/3,3/4,4/4,5/4,6/4,7/3,8/3,9/4,10/4,11/4;0/84,1/83,2/65,3/65,4/65,5/86;0/213,1/189,2/167,3/182,4/211,5/208,6/214,7/159,8/166,9/192,10/221,11/206;0/527,1/508,2/412,3/408,4/402,5/512;0/902,1/804,2/706,3/807,4/974,5/932,6/906,7/757,8/736,9/804,10/903,11/945
12599.91;448;2339;6;12;0/7365.51,1/7557.49,2/8510.71,3/8546.43,4/8607.86,5/7516.44;0/3529.91,1/4509.91,2/5497.43,3/4518.32,4/2802.45,5/3226.54,6/3481.48,7/5001.66,8/5189.37,9/4509.71,10/3539.91,11/3101.2;0/12599.91,1/12599.91,2/12599.91,3/12599.91,4/12599.91,5/12599.91;0/12599.91,1/12599.91,2/12599.91,3/12599.91,4/12599.91,5/12599.91,6/12599.91,7/12599.91,8/12599.91,9/12599.91,10/12599.91,11/12599.91;0/0,1/0,2/0,3/0,4/0,5/0;0/7,1/2,2/3,3/2,4/1,5/2,6/9,7/6,8/6,9/3,10/1,11/5;0/0,1/0,2/0,3/0,4/0,5/0;0/20,1/12,2/7,3/7,4/12,5/11,6/16,7/15,8/10,9/16,10/8,11/12;0/0,1/0,2/0,3/0,4/0,5/0;0/4,1/4,2/3,3/4,4/4,5/4,6/4,7/3,8/3,9/4,10/4,11/4;0/84,1/83,2/65,3/65,4/65,5/86;0/214,1/189,2/169,3/183,4/212,5/209,6/215,7/160,8/167,9/192,10/222,11/207;0/527,1/508,2/412,3/408,4/402,5/512;0/907,1/809,2/711,3/809,4/980,5/938,6/912,7/760,8/742,9/810,10/906,11/950
12659.94;448;2351;6;12;0/7425.54,1/7617.52,2/8570.74,3/8606.45,4/8667.89,5/7576.46;0/3530.04,1/4519.94,2/5498.13,3/4518.65,4/2802.81,5/3226.85,6/3481.57,7/5039.94,8/5239.94,9/4509.94,10/3546.44,11/3101.53;0/12659.94,1/12659.94,2/12659.94,3/12659.94,4/12659.94,5/12659.94;0/12659.94,1/12659.94,2/12659.94,3/12659.94,4/12659.94,5/12659.94,6/12659.94,7/12659.94,8/12659.94,9/12659.94,10/12659.94,11/12659.94;0/0,1/0,2/0,3/0,4/0,5/0;0/7,1/5,2/5,3/4,4/1,5/7,6/8,7/4,8/4,9/3,10/1,11/7;0/0,1/0,2/0,3/0,4/0,5/0;0/14,1/12,2/8,3/9,4/11,5/14,6/10,7/15,8/13,9/13,10/6,11/13;0/0,1/0,2/0,3/0,4/0,5/0;0/4,1/4,2/3,3/4,4/4,5/4,6/4,7/3,8/3,9/4,10/4,11/4;0/84,1/83,2/65,3/65,4/65,5/86;0/215,1/191,2/169,3/185,4/212,5/210,6/217,7/160,8/167,9/193,10/224,11/208;0/527,1/508,2/412,3/408,4/402,5/512;0/913,1/815,2/717,3/815,4/986,5/944,6/918,7/762,8/742,9/816,10/912,11/956
12719.96;448;2365;6;12;0/7485.56,1/7677.54,2/8630.76,3/8666.48,4/8727.91,5/7636.49;0/3530.25,1/4520.25,2/5499.79,3/4530.92,4/2803.12,5/3227.11,6/3529.96,7/5041.5,8/5271.63,9/4510.16,10/3546.96,11/3109.96;0/12719.96,1/12719.96,2/12719.96,3/12719.96,4/12719.96,5/12719.96;0/12719.96,1/12719.96,2/12719.96,3/12719.96,4/12719.96,5/12719.96,6/12719.96,7/12719.96,8/12719.96,9/12719.96,10/12719.96,11/12719.96;0/0,1/0,2/0,3/0,4/0,5/0;0/4,1/5,2/6,3/6,4/1,5/7,6/4,7/4,8/3,9/2,10/1,11/3;0/0,1/0,2/0,3/0,4/0,5/0;0/10,1/15,2/8,3/20,4/12,5/15,6/10,7/12,8/12,9/9,10/11,11/8;0/0,1/0,2/0,3/0,4/0,5/0;0/4,1/4,2/3,3/4,4/4,5/4,6/4,7/3,8/3,9/4,10/4,11/4;0/84,1/83,2/65,3/65,4/65,5/86;0/216,1/192,2/171,3/186,4/213,5/212,6/217,7/162,8/169,9/194,10/225,11/208;0/527,1/508,2/412,3/408,4/402,5/512;0/919,1/820,2/723,3/819,4/992,5/950,6/919,7/768,8/745,9/821,10/918,11/961
12779.98;448;2377;6;12;0/7545.58,1/7737.56,2/8690.78,3/8726.49,4/8787.93,5/7696.5;0/3539.98,1/4525.97,2/5519.98,3/4569.98,4/2806.32,5/3227.24,6/3563.97,7/5041.7,8/5271.75,9/4510.51,10/3547.29,11/3123.53;0/12779.98,1/12779.98,2/12779.98,3/12779.98,4/12779.98,5/12779.98;0/12779.98,1/12779.98,2/12779.98,3/12779.98,4/12779.98,5/12779.98,6/12779.98,7/12779.98,8/12779.98,9/12779.98,10/12779.98,11/12779.98;0/0,1/0,2/0,3/0,4/0,5/0;0/5,1/5,2/2,3/4,4/1,5/6,6/3,7/5,8/6,9/2,10/1,11/1;0/0,1/0,2/0,3/0,4/0,5/0;0/12,1/10,2/9,3/18,4/15,5/11,6/7,7/12,8/11,9/9,10/10,11/7;0/0,1/0,2/0,3/0,4/0,5/0;0/4,1/4,2/3,3/4,4/4,5/4,6/4,7/3,8/3,9/4,10/4,11/4;0/84,1/83,2/65,3/65,4/65,5/86;0/217,1/193,2/171,3/187,4/215,5/213,6/218,7/162,8/169,9/196,10/225,11/211;0/527,1/508,2/412,3/408,4/402,5/512;0/924,1/826,2/726,3/821,4/998,5/956,6/922,7/774,8/751,9/827,10/924,11/966
12839.93;448;2392;6;12;0/7605.53,1/7797.51,2/8750.73,3/8786.44,4/8847.88,5/7756.45;0/3569.39,1/4573.73,2/5548.56,3/4585.26,4/2806.66,5/3234.05,6/3564.19,7/5060.07,8/5279.1,9/4510.83,10/3547.69,11/3134.26;0/12839.93,1/12839.93,2/12839.93,3/12839.93,4/12839.93,5/12839.93;0/12839.93,1/12839.93,2/12839.93,3/12839.93,4/12839.93,5/12839.93,6/12839.93,7/12839.93,8/12839.93,9/12839.93,10/12839.93,11/12839.93;0/0,1/0,2/0,3/0,4/0,5/0;0/3,1/4,2/2,3/3,4/2,5/6,6/1,7/6,8/5,9/0,10/0,11/4;0/0,1/0,2/0,3/0,4/0,5/0;0/10,1/9,2/7,3/13,4/14,5/11,6/8,7/12,8/12,9/10,10/11,11/11;0/0,1/0,2/0,3/0,4/0,5/0;0/4,1/4,2/3,3/4,4/4,5/4,6/4,7/3,8/3,9/4,10/4,11/4;0/84,1/83,2/65,3/65,4/65,5/86;0/218,1/194,2/173,3/188,4/216,5/214,6/220,7/163,8/171,9/196,10/227,11/212;0/527,1/508,2/412,3/408,4/402,5/512;0/928,1/827,2/730,3/826,4/1004,5/961,6/928,7/778,8/757,9/833,10/930,11/971
12900;448;2404;6;12;0/7665.6,1/7857.58,2/8810.8,3/8846.51,4/8907.95,5/7816.52;0/3582.29,1/4598.15,2/5549.16,3/4585.59,4/2807,5/3260,6/3581.37,7/5060.54,8/5279.38,9/4521.76,10/3547.83,11/3140;0/12900,1/12900,2/12900,3/12900,4/12900,5/12900;0/12900,1/12900,2/12900,3/12900,4/12900,5/12900,6/12900,7/12900,8/12900,9/12900,10/12900,11/12900;0/0,1/0,2/0,3/0,4/0,5/0;0/4,1/1,2/4,3/2,4/0,5/7,6/0,7/4,8/6,9/1,10/0,11/7;0/0,1/0,2/0,3/0,4/0,5/0;0/9,1/9,2/7,3/9,4/12,5/16,6/7,7/9,8/12,9/11,10/7,11/19;0/0,1/0,2/0,3/0,4/0,5/0;0/4,1/4,2/3,3/4,4/4,5/4,6/4,7/3,8/3,9/4,10/4,11/4;0/84,1/83,2/65,3/65,4/65,5/86;0/220,1/196,2/173,3/189,4/216,5/215,6/222,7/164,8/171,9/198,10/228,11/212;0/527,1/508,2/412,3/408,4/402,5/512;0/932,1/831,2/736,3/832,4/1010,5/964,6/932,7/784,8/763,9/838,10/936,11/976
12959.92;448;2418;6;12;0/7725.52,1/7917.5,2/8870.72,3/8906.43,4/8967.87,5/7876.44;0/3582.5,1/4598.36,2/5563.6,3/4585.78,4/2807.22,5/3288.96,6/3581.82,7/5080.64,8/5282.23,9/4521.91,10/3548.32,11/3146.55;0/12959.92,1/12959.92,2/12959.92,3/12959.92,4/12959.92,5/12959.92;0/12959.92,1/12959.92,2/12959.92,3/12959.92,4/12959.92,5/12959.92,6/12959.92,7/12959.92,8/12959.92,9/12959.92,10/12959.92,11/12959.92;0/0,1/0,2/0,3/0,4/0,5/0;0/4,1/1,2/1,3/2,4/0,5/6,6/0,7/5,8/3,9/1,10/0,11/3;0/0,1/0,2/0,3/0,4/0,5/0;0/8,1/10,2/6,3/9,4/7,5/15,6/6,7/12,8/7,9/10,10/7,11/15;0/0,1/0,2/0,3/0,4/0,5/0;0/4,1/4,2/3,3/4,4/4,5/4,6/4,7/3,8/3,9/4,10/4,11/4;0/84,1/83,2/65,3/65,4/65,5/86;0/221,1/197,2/174,3/190,4/217,5/216,6/223,7/165,8/173,9/199,10/230,11/213;0/527,1/508,2/412,3/408,4/402,5/512;0/938,1/837,2/740,3/838,4/1016,5/968,6/938,7/788,8/768,9/844,10/942,11/982
13019.85;448;2430;6;12;0/7785.45,1/7977.43,2/8930.66,3/8966.37,4/9027.8,5/7936.38;0/3589.85,1/4598.99,2/5579.85,3/4585.99,4/2807.43,5/3289.29,6/3582.19,7/5082.94,8/5282.72,9/4522.1,10/3548.99,11/3146.81;0/13019.85,1/13019.85,2/13019.85,3/13019.85,4/13019.85,5/13019.85;0/13019.85,1/13019.85,2/13019.85,3/13019.85,4/13019.85,5/13019.85,6/13019.85,7/13019.85,8/13019.85,9/13019.85,10/13019.85,11/13019.85;0/0,1/0,2/0,3/0,4/0,5/0;0/8,1/6,2/1,3/3,4/2,5/7,6/4,7/5,8/4,9/0,10/1,11/5;0/0,1/0,2/0,3/0,4/0,5/0;0/11,1/14,2/7,3/9,4/8,5/11,6/13,7/7,8/13,9/8,10/12,11/16;0/0,1/0,2/0,3/0,4/0,5/0;0/4,1/4,2/3,3/4,4/4,5/4,6/4,7/3,8/3,9/4,10/4,11/4;0/84,1/83,2/65,3/65,4/65,5/86;0/222,1/198,2/175,3/191,4/218,5/217,6/225,7/166,8/173,9/201,10/230,11/214;0/527,1/508,2/412,3/408,4/402,5/512;0/943,1/843,2/744,3/844,4/1022,5/974,6/944,7/794,8/774,9/850,10/948,11/988
13079.97;448;2442;6;12;0/7845.57,1/8037.55,2/8990.77,3/9026.48,4/9087.92,5/7996.49;0/3639.97,1/4599.09,2/5589.97,3/4589.97,4/2808.02,5/3300.87,6/3589.97,7/5101.31,8/5285.54,9/4522.34,10/3549.52,11/3147.5;0/13079.97,1/13079.97,2/13079.97,3/13079.97,4/13079.97,5/13079.97;0/13079.97,1/13079.97,2/13079.97,3/13079.97,4/13079.97,5/13079.97,6/13079.97,7/13079.97,8/13079.97,9/13079.97,10/13079.97,11/13079.97;0/0,1/0,2/0,3/0,4/0,5/0;0/3,1/7,2/3,3/2,4/6,5/7,6/4,7/3,8/3,9/3,10/4,11/5;0/0,1/0,2/0,3/0,4/0,5/0;0/11,1/15,2/8,3/10,4/18,5/11,6/14,7/9,8/8,9/13,10/13,11/16;0/0,1/0,2/0,3/0,4/0,5/0;0/4,1/4,2/3,3/4,4/4,5/4,6/4,7/3,8/3,9/4,10/4,11/4;0/84,1/83,2/65,3/65,4/65,5/86;0/223,1/199,2/176,3/192,4/219,5/219,6/225,7/167,8/175,9/201,10/231,11/215;0/527,1/508,2/412,3/408,4/402,5/512;0/944,1/849,2/749,3/849,4/1028,5/978,6/949,7/798,8/780,9/856,10/954,11/994
13139.97;448;2455;6;12;0/7905.57,1/8097.55,2/9050.77,3/9086.49,4/9147.92,5/8056.5;0/3699.97,1/4599.29,2/5609.76,3/4592.03,4/2845.49,5/3344.71,6/3594.97,7/5139.05,8/5299.97,9/4522.59,10/3549.76,11/3147.72;0/13139.97,1/13139.97,2/13139.97,3/13139.97,4/13139.97,5/13139.97;0/13139.97,1/13139.97,2/13139.97,3/13139.97,4/13139.97,5/13139.97,6/13139.97,7/13139.97,8/13139.97,9/13139.97,10/13139.97,11/13139.97;0/0,1/0,2/0,3/0,4/0,5/0;0/0,1/4,2/1,3/1,4/4,5/5,6/1,7/4,8/5,9/6,10/1,11/6;0/0,1/0,2/0,3/0,4/0,5/0;0/11,1/11,2/7,3/5,4/16,5/11,6/12,7/10,8/9,9/20,10/10,11/17;0/0,1/0,2/0,3/0,4/0,5/0;0/4,1/4,2/3,3/4,4/4,5/4,6/4,7/3,8/3,9/4,10/4,11/4;0/84,1/83,2/65,3/65,4/65,5/86;0/223,1/200,2/177,3/194,4/220,5/220,6/227,7/168,8/175,9/202,10/233,11/216;0/527,1/508,2/412,3/408,4/402,5/512;0/944,1/855,2/754,3/855,4/1030,5/980,6/955,7/801,8/784,9/862,10/960,11/1000
13199.98;448;2468;6;12;0/7965.58,1/8157.56,2/9110.78,3/9146.5,4/9207.93,5/8116.5;0/3703.58,1/4599.47,2/5617.98,3/4592.54,4/2845.74,5/3364.93,6/3595.42,7/5139.21,8/5359.98,9/4522.75,10/3550.04,11/3147.85;0/13199.98,1/13199.98,2/13199.98,3/13199.98,4/13199.98,5/13199.98;0/13199.98,1/13199.98,2/13199.98,3/13199.98,4/13199.98,5/13199.98,6/13199.98,7/13199.98,8/13199.98,9/13199.98,10/13199.98,11/13199.98;0/0,1/0,2/0,3/0,4/0,5/0;0/0,1/7,2/4,3/4,4/6,5/3,6/4,7/6,8/4,9/6,10/5,11/6;0/0,1/0,2/0,3/0,4/0,5/0;0/7,1/11,2/11,3/11,4/17,5/9,6/13,7/10,8/9,9/15,10/13,11/14;0/0,1/0,2/0,3/0,4/0,5/0;0/4,1/4,2/3,3/4,4/4,5/4,6/4,7/3,8/3,9/4,10/4,11/4;0/84,1/83,2/65,3/65,4/65,5/86;0/224,1/201,2/178,3/196,4/220,5/222,6/228,7/170,8/175,9/203,10/234,11/217;0/527,1/508,2/412,3/408,4/402,5/512;0/950,1/861,2/759,3/861,4/1036,5/984,6/961,7/807,8/784,9/868,10/965,11/1006
13259.97;448;2481;6;12;0/8025.57,1/8217.55,2/9170.77,3/9206.48,4/9267.92,5/8176.49;0/3704.13,1/4619.97,2/5639.18,3/4629.97,4/2845.93,5/3365.48,6/3595.53,7/5139.97,8/5369.97,9/4522.86,10/3550.96,11/3148.01;0/13259.97,1/13259.97,2/13259.97,3/13259.97,4/13259.97,5/13259.97;0/13259.97,1/13259.97,2/13259.97,3/13259.97,4/13259.97,5/13259.97,6/13259.97,7/13259.97,8/13259.97,9/13259.97,10/13259.97,11/13259.97;0/0,1/0,2/0,3/0,4/0,5/0;0/3,1/1,2/6,3/2,4/3,5/8,6/4,7/5,8/6,9/5,10/7,11/6;0/0,1/0,2/0,3/0,4/0,5/0;0/9,1/8,2/16,3/12,4/13,5/15,6/10,7/8,8/7,9/12,10/13,11/12;0/0,1/0,2/0,3/0,4/0,5/0;0/4,1/4,2/3,3/4,4/4,5/4,6/4,7/3,8/3,9/4,10/4,11/4;0/84,1/83,2/65,3/65,4/65,5/86;0/227,1/202,2/179,3/196,4/221,5/223,6/229,7/170,8/177,9/204,10/235,11/218;0/527,1/508,2/412,3/408,4/402,5/512;0/956,1/864,2/763,3/863,4/1042,5/990,6/967,7/812,8/789,9/874,10/971,11/1012
13319.94;448;2495;6;12;0/8085.55,1/8277.52,2/9230.75,3/9266.46,4/9327.89,5/8236.47;0/3709.94,1/4622.93,2/5639.3,3/4638.55,4/2846.09,5/3391.48,6/3595.92,7/5186.18,8/5413.73,9/4531.61,10/3559.94,11/3149.94;0/13319.94,1/13319.94,2/13319.94,3/13319.94,4/13319.94,5/13319.94;0/13319.94,1/13319.94,2/13319.94,3/13319.94,4/13319.94,5/13319.94,6/13319.94,7/13319.94,8/13319.94,9/13319.94,10/13319.94,11/13319.94;0/0,1/0,2/0,3/0,4/0,5/0;0/3,1/4,2/6,3/1,4/5,5/7,6/6,7/2,8/3,9/6,10/8,11/5;0/0,1/0,2/0,3/0,4/0,5/0;0/11,1/8,2/12,3/10,4/13,5/19,6/14,7/6,8/7,9/12,10/17,11/8;0/0,1/0,2/0,3/0,4/0,5/0;0/4,1/4,2/3,3/4,4/4,5/4,6/4,7/3,8/3,9/4,10/4,11/4;0/84,1/83,2/65,3/65,4/65,5/86;0/227,1/204,2/179,3/198,4/222,5/224,6/230,7/171,8/178,9/206,10/236,11/220;0/527,1/508,2/412,3/408,4/402,5/512;0/961,1/870,2/769,3/869,4/1048,5/993,6/973,7/814,8/791,9/879,10/976,11/1017
13379.94;448;2510;6;12;0/8145.54,1/8337.52,2/9290.74,3/9326.45,4/9387.89,5/8296.46;0/3748.93,1/4629.94,2/5639.46,3/4640,4/2846.3,5/3391.52,6/3629.94,7/5209.94,8/5468.8,9/4531.77,10/3595.49,11/3189.94;0/13379.94,1/13379.94,2/13379.94,3/13379.94,4/13379.94,5/13379.94;0/13379.94,1/13379.94,2/13379.94,3/13379.94,4/13379.94,5/13379.94,6/13379.94,7/13379.94,8/13379.94,9/13379.94,10/13379.94,11/13379.94;0/0,1/0,2/0,3/0,4/0,5/0;0/5,1/2,2/8,3/2,4/3,5/5,6/4,7/4,8/2,9/3,10/7,11/5;0/0,1/0,2/0,3/0,4/0,5/0;0/14,1/9,2/10,3/9,4/11,5/15,6/13,7/10,8/6,9/9,10/17,11/9;0/0,1/0,2/0,3/0,4/0,5/0;0/4,1/4,2/3,3/4,4/4,5/4,6/4,7/3,8/3,9/4,10/4,11/4;0/84,1/83,2/65,3/65,4/65,5/86;0/228,1/205,2/181,3/200,4/224,5/225,6/231,7/172,8/179,9/207,10/237,11/221;0/527,1/508,2/412,3/408,4/402,5/512;0/964,1/875,2/775,3/874,4/1054,5/999,6/975,7/817,8/792,9/885,10/979,11/1019
13440;448;2523;6;12;0/8205.6,1/8397.58,2/9350.8,3/9386.51,4/9447.95,5/8356.52;0/3749.17,1/4647.79,2/5660,3/4643.45,4/2846.54,5/3391.54,6/3639.54,7/5223.03,8/5469.01,9/4590,10/3595.66,11/3233.34;0/13440,1/13440,2/13440,3/13440,4/13440,5/13440;0/13440,1/13440,2/13440,3/13440,4/13440,5/13440,6/13440,7/13440,8/13440,9/13440,10/13440,11/13440;0/0,1/0,2/0,3/0,4/0,5/0;0/7,1/0,2/6,3/2,4/0,5/4,6/5,7/2,8/4,9/1,10/9,11/3;0/0,1/0,2/0,3/0,4/0,5/0;0/16,1/6,2/12,3/6,4/8,5/9,6/10,7/8,8/8,9/11,10/16,11/10;0/0,1/0,2/0,3/0,4/0,5/0;0/4,1/4,2/3,3/4,4/4,5/4,6/4,7/3,8/3,9/4,10/4,11/4;0/84,1/83,2/65,3/65,4/65,5/86;0/230,1/207,2/181,3/201,4/225,5/226,6/233,7/173,8/179,9/207,10/238,11/223;0/527,1/508,2/412,3/408,4/402,5/512;0/970,1/880,2/778,3/880,4/1060,5/1005,6/981,7/822,8/798,9/885,10/985,11/1021
13499.97;448;2537;6;12;0/8265.57,1/8457.55,2/9410.77,3/9446.48,4/9507.92,5/8416.49;0/3749.35,1/4667.58,2/5691.6,3/4655.68,4/2846.97,5/3409.97,6/3644.89,7/5259.97,8/5469.3,9/4615.02,10/3597.58,11/3239.97;0/13499.97,1/13499.97,2/13499.97,3/13499.97,4/13499.97,5/13499.97;0/13499.97,1/13499.97,2/13499.97,3/13499.97,4/13499.97,5/13499.97,6/13499.97,7/13499.97,8/13499.97,9/13499.97,10/13499.97,11/13499.97;0/0,1/0,2/0,3/0,4/0,5/0;0/6,1/3,2/4,3/5,4/0,5/5,6/5,7/3,8/7,9/1,10/5,11/4;0/0,1/0,2/0,3/0,4/0,5/0;0/13,1/12,2/9,3/11,4/6,5/13,6/10,7/8,8/9,9/8,10/15,11/14;0/0,1/0,2/0,3/0,4/0,5/0;0/4,1/4,2/3,3/4,4/4,5/4,6/4,7/3,8/3,9/4,10/4,11/4;0/84,1/83,2/65,3/65,4/65,5/86;0/230,1/208,2/182,3/203,4/226,5/227,6/234,7/174,8/181,9/208,10/240,11/224;0/527,1/508,2/412,3/408,4/402,5/512;0/976,1/884,2/781,3/885,4/1066,5/1009,6/986,7/824,8/804,9/889,10/991,11/1026
13559.62;448;2549;6;12;0/8325.22,1/8517.2,2/9470.43,3/9506.14,4/9567.57,5/8476.15;0/3749.62,1/4667.73,2/5695.65,3/4658.9,4/2847.49,5/3423.68,6/3659.62,7/5269.62,8/5519.62,9/4615.36,10/3597.98,11/3242.87;0/13559.62,1/13559.62,2/13559.62,3/13559.62,4/13559.62,5/13559.62;0/13559.62,1/13559.62,2/13559.62,3/13559.62,4/13559.62,5/13559.62,6/13559.62,7/13559.62,8/13559.62,9/13559.62,10/13559.62,11/13559.62;0/0,1/0,2/0,3/0,4/0,5/0;0/8,1/5,2/4,3/4,4/0,5/1,6/5,7/4,8/3,9/1,10/2,11/4;0/0,1/0,2/0,3/0,4/0,5/0;0/12,1/14,2/9,3/9,4/8,5/10,6/11,7/11,8/9,9/11,10/15,11/9;0/0,1/0,2/0,3/0,4/0,5/0;0/4,1/4,2/3,3/4,4/4,5/4,6/4,7/3,8/3,9/4,10/4,11/4;0/84,1/83,2/65,3/65,4/65,5/86;0/231,1/208,2/184,3/204,4/227,5/228,6/235,7/175,8/181,9/210,10/241,11/225;0/527,1/508,2/412,3/408,4/402,5/512;0/981,1/890,2/787,3/891,4/1072,5/1014,6/990,7/829,8/804,9/895,10/997,11/1032
13619.81;448;2562;6;12;0/8385.41,1/8577.39,2/9530.61,3/9566.32,4/9627.76,5/8536.33;0/3808.96,1/4667.94,2/5709.81,3/4659.54,4/2847.99,5/3424.23,6/3681.23,7/5294.74,8/5555.92,9/4615.8,10/3598.25,11/3243.32;0/13619.81,1/13619.81,2/13619.81,3/13619.81,4/13619.81,5/13619.81;0/13619.81,1/13619.81,2/13619.81,3/13619.81,4/13619.81,5/13619.81,6/13619.81,7/13619.81,8/13619.81,9/13619.81,10/13619.81,11/13619.81;0/0,1/0,2/0,3/0,4/0,5/0;0/5,1/5,2/8,3/4,4/2,5/5,6/1,7/3,8/3,9/3,10/4,11/9;0/0,1/0,2/0,3/0,4/0,5/0;0/11,1/9,2/15,3/8,4/10,5/14,6/9,7/9,8/6,9/11,10/15,11/16;0/0,1/0,2/0,3/0,4/0,5/0;0/4,1/4,2/3,3/4,4/4,5/4,6/4,7/3,8/3,9/4,10/4,11/4;0/84,1/83,2/65,3/65,4/65,5/86;0/232,1/209,2/184,3/206,4/228,5/229,6/236,7/176,8/182,9/212,10/241,11/227;0/527,1/508,2/412,3/408,4/402,5/512;0/982,1/896,2/791,3/897,4/1078,5/1020,6/994,7/833,8/807,9/901,10/1003,11/1038
13679.98;448;2574;6;12;0/8445.58,1/8637.56,2/9590.78,3/9626.49,4/9687.93,5/8596.5;0/3811.47,1/4669.98,2/5769.98,3/4679.98,4/2848.33,5/3424.32,6/3681.42,7/5313.01,8/5571.1,9/4629.98,10/3598.38,11/3259.98;0/13679.98,1/13679.98,2/13679.98,3/13679.98,4/13679.98,5/13679.98;0/13679.98,1/13679.98,2/13679.98,3/13679.98,4/13679.98,5/13679.98,6/13679.98,7/13679.98,8/13679.98,9/13679.98,10/13679.98,11/13679.98;0/0,1/0,2/0,3/0,4/0,5/0;0/5,1/12,2/7,3/0,4/2,5/4,6/1,7/3,8/7,9/1,10/4,11/7;0/0,1/0,2/0,3/0,4/0,5/0;0/9,1/13,2/15,3/11,4/11,5/9,6/6,7/8,8/9,9/10,10/11,11/17;0/0,1/0,2/0,3/0,4/0,5/0;0/4,1/4,2/3,3/4,4/4,5/4,6/4,7/3,8/3,9/4,10/4,11/4;0/84,1/83,2/65,3/65,4/65,5/86;0/234,1/211,2/184,3/206,4/229,5/230,6/238,7/177,8/184,9/212,10/242,11/227;0/527,1/508,2/412,3/408,4/402,5/512;0/987,1/901,2/791,3/900,4/1084,5/1026,6/1000,7/837,8/811,9/905,10/1009,11/1042
13739.86;448;2588;6;12;0/8505.46,1/8697.44,2/9650.66,3/9686.38,4/9747.81,5/8656.38;0/3823.62,1/4729.86,2/5776.81,3/4701.94,4/2867.83,5/3439.86,6/3689.86,7/5314.7,8/5609.86,9/4639.86,10/3598.72,11/3269.5;0/13739.86,1/13739.86,2/13739.86,3/13739.86,4/13739.86,5/13739.86;0/13739.86,1/13739.86,2/13739.86,3/13739.86,4/13739.86,5/13739.86,6/13739.86,7/13739.86,8/13739.86,9/13739.86,10/13739.86,11/13739.86;0/0,1/0,2/0,3/0,4/0,5/0;0/7,1/2,2/8,3/0,4/2,5/2,6/1,7/2,8/4,9/3,10/3,11/7;0/0,1/0,2/0,3/0,4/0,5/0;0/13,1/13,2/16,3/11,4/13,5/11,6/9,7/8,8/7,9/12,10/8,11/12;0/0,1/0,2/0,3/0,4/0,5/0;0/4,1/4,2/3,3/4,4/4,5/4,6/4,7/3,8/3,9/4,10/4,11/4;0/84,1/83,2/65,3/65,4/65,5/86;0/236,1/211,2/186,3/207,4/230,5/231,6/239,7/178,8/184,9/213,10/244,11/229;0/527,1/508,2/412,3/408,4/402,5/512;0/992,1/901,2/797,3/904,4/1088,5/1030,6/1005,7/843,8/813,9/910,10/1015,11/1048
13799.89;448;2601;6;12;0/8565.49,1/8757.47,2/9710.69,3/9746.4,4/9807.84,5/8716.41;0/3823.8,1/4741.21,2/5776.84,3/4702.17,4/2868.11,5/3476.08,6/3709.75,7/5319.52,8/5659.89,9/4646.26,10/3629.89,11/3269.61;0/13799.89,1/13799.89,2/13799.89,3/13799.89,4/13799.89,5/13799.89;0/13799.89,1/13799.89,2/13799.89,3/13799.89,4/13799.89,5/13799.89,6/13799.89,7/13799.89,8/13799.89,9/13799.89,10/13799.89,11/13799.89;0/0,1/0,2/0,3/0,4/0,5/0;0/5,1/2,2/6,3/1,4/2,5/1,6/5,7/1,8/4,9/3,10/4,11/6;0/0,1/0,2/0,3/0,4/0,5/0;0/11,1/8,2/10,3/11,4/12,5/8,6/14,7/5,8/6,9/10,10/12,11/8;0/0,1/0,2/0,3/0,4/0,5/0;0/4,1/4,2/3,3/4,4/4,5/4,6/4,7/3,8/3,9/4,10/4,11/4;0/84,1/83,2/65,3/65,4/65,5/86;0/237,1/212,2/187,3/208,4/231,5/233,6/240,7/179,8/185,9/215,10/244,11/230;0/527,1/508,2/412,3/408,4/402,5/512;0/998,1/906,2/803,3/910,4/1094,5/1033,6/1010,7/849,8/814,9/916,10/1017,11/1054
13859.97;448;2617;6;12;0/8625.58,1/8817.55,2/9770.78,3/9806.49,4/9867.92,5/8776.5;0/3869.97,1/4743.56,2/5809.97,3/4702.58,4/2868.29,5/3476.39,6/3709.97,7/5339.97,8/5679.97,9/4673.18,10/3646.3,11/3299.97;0/13859.97,1/13859.97,2/13859.97,3/13859.97,4/13859.97,5/13859.97;0/13859.97,1/13859.97,2/13859.97,3/13859.97,4/13859.97,5/13859.97,6/13859.97,7/13859.97,8/13859.97,9/13859.97,10/13859.97,11/13859.97;0/0,1/0,2/0,3/0,4/0,5/0;0/7,1/3,2/5,3/2,4/4,5/3,6/4,7/2,8/4,9/1,10/2,11/2;0/0,1/0,2/0,3/0,4/0,5/0;0/16,1/10,2/9,3/9,4/12,5/10,6/14,7/9,8/7,9/11,10/12,11/10;0/0,1/0,2/0,3/0,4/0,5/0;0/4,1/4,2/3,3/4,4/4,5/4,6/4,7/3,8/3,9/4,10/4,11/4;0/84,1/83,2/65,3/65,4/65,5/86;0/238,1/215,2/188,3/209,4/233,5/234,6/241,7/179,8/187,9/216,10/246,11/231;0/527,1/508,2/412,3/408,4/402,5/512;0/999,1/912,2/805,3/916,4/1100,5/1039,6/1016,7/852,8/818,9/919,10/1022,11/1056
13919.98;448;2627;6;12;0/8685.58,1/8877.56,2/9830.78,3/9866.49,4/9927.93,5/8836.5;0/3892.02,1/4743.71,2/5869.35,3/4702.99,4/2868.44,5/3489.98,6/3710.12,7/5363.94,8/5712.37,9/4673.4,10/3646.52,11/3349.19;0/13919.98,1/13919.98,2/13919.98,3/13919.98,4/13919.98,5/13919.98;0/13919.98,1/13919.98,2/13919.98,3/13919.98,4/13919.98,5/13919.98,6/13919.98,7/13919.98,8/13919.98,9/13919.98,10/13919.98,11/13919.98;0/0,1/0,2/0,3/0,4/0,5/0;0/6,1/1,2/4,3/0,4/2,5/6,6/5,7/2,8/4,9/2,10/4,11/3;0/0,1/0,2/0,3/0,4/0,5/0;0/13,1/8,2/8,3/6,4/9,5/12,6/16,7/8,8/7,9/9,10/14,11/12;0/0,1/0,2/0,3/0,4/0,5/0;0/4,1/4,2/3,3/4,4/4,5/4,6/4,7/3,8/3,9/4,10/4,11/4;0/84,1/83,2/65,3/65,4/65,5/86;0/239,1/215,2/189,3/210,4/233,5/235,6/242,7/180,8/188,9/217,10/247,11/232;0/527,1/508,2/412,3/408,4/402,5/512;0/1003,1/918,2/806,3/922,4/1106,5/1043,6/1021,7/856,8/821,9/925,10/1028,11/1058
13979.84;448;2639;6;12;0/8745.45,1/8937.42,2/9890.65,3/9926.36,4/9987.79,5/8896.37;0/3892.33,1/4752.54,2/5891.71,3/4704.08,4/2868.69,5/3509.84,6/3710.29,7/5384.93,8/5729.84,9/4673.67,10/3646.57,11/3349.37;0/13979.84,1/13979.84,2/13979.84,3/13979.84,4/13979.84,5/13979.84;0/13979.84,1/13979.84,2/13979.84,3/13979.84,4/13979.84,5/13979.84,6/13979.84,7/13979.84,8/13979.84,9/13979.84,10/13979.84,11/13979.84;0/0,1/0,2/0,3/0,4/0,5/0;0/5,1/1,2/4,3/2,4/2,5/7,6/6,7/4,8/4,9/3,10/1,11/2;0/0,1/0,2/0,3/0,4/0,5/0;0/8,1/11,2/8,3/8,4/8,5/16,6/13,7/9,8/11,9/11,10/9,11/7;0/0,1/0,2/0,3/0,4/0,5/0;0/4,1/4,2/3,3/4,4/4,5/4,6/4,7/3,8/3,9/4,10/4,11/4;0/84,1/83,2/65,3/65,4/65,5/86;0/240,1/217,2/191,3/211,4/234,5/236,6/243,7/181,8/189,9/217,10/247,11/233;0/527,1/508,2/412,3/408,4/402,5/512;0/1009,1/923,2/809,3/928,4/1112,5/1047,6/1027,7/860,8/825,9/931,10/1034,11/1064
14039.97;448;2656;6;12;0/8805.57,1/8997.55,2/9950.77,3/9986.48,4/10047.92,5/8956.49;0/3909.7,1/4752.64,2/5899.47,3/4704.45,4/2869.52,5/3514.45,6/3710.39,7/5385.57,8/5753.45,9/4673.92,10/3646.92,11/3357.43;0/14039.97,1/14039.97,2/14039.97,3/14039.97,4/14039.97,5/14039.97;0/14039.97,1/14039.97,2/14039.97,3/14039.97,4/14039.97,5/14039.97,6/14039.97,7/14039.97,8/14039.97,9/14039.97,10/14039.97,11/14039.97;0/0,1/0,2/0,3/0,4/0,5/0;0/5,1/0,2/8,3/1,4/4,5/3,6/6,7/10,8/4,9/3,10/1,11/5;0/0,1/0,2/0,3/0,4/0,5/0;0/10,1/7,2/14,3/9,4/11,5/10,6/10,7/18,8/10,9/13,10/8,11/9;0/0,1/0,2/0,3/0,4/0,5/0;0/4,1/4,2/3,3/4,4/4,5/4,6/4,7/3,8/3,9/4,10/4,11/4;0/84,1/83,2/65,3/65,4/65,5/86;0/243,1/217,2/192,3/212,4/236,5/237,6/245,7/182,8/190,9/218,10/249,11/235;0/527,1/508,2/412,3/408,4/402,5/512;0/1014,1/929,2/815,3/934,4/1118,5/1053,6/1033,7/866,8/829,9/937,10/1040,11/1069
14099.97;448;2668;6;12;0/8865.57,1/9057.55,2/10010.77,3/10046.49,4/10107.92,5/9016.5;0/3910.21,1/4769.97,2/5899.55,3/4704.8,4/2872.6,5/3515.59,6/3739.97,7/5385.63,8/5768.84,9/4674.34,10/3654.8,11/3399.97;0/14099.97,1/14099.97,2/14099.97,3/14099.97,4/14099.97,5/14099.97;0/14099.97,1/14099.97,2/14099.97,3/14099.97,4/14099.97,5/14099.97,6/14099.97,7/14099.97,8/14099.97,9/14099.97,10/14099.97,11/14099.97;0/0,1/0,2/0,3/0,4/0,5/0;0/12,1/4,2/9,3/4,4/1,5/5,6/4,7/9,8/4,9/4,10/3,11/3;0/0,1/0,2/0,3/0,4/0,5/0;0/16,1/11,2/11,3/15,4/9,5/12,6/11,7/12,8/6,9/11,10/9,11/12;0/0,1/0,2/0,3/0,4/0,5/0;0/4,1/4,2/3,3/4,4/4,5/4,6/4,7/3,8/3,9/4,10/4,11/4;0/84,1/83,2/65,3/65,4/65,5/86;0/243,1/218,2/193,3/214,4/237,5/239,6/245,7/183,8/191,9/220,10/250,11/235;0/527,1/508,2/412,3/408,4/402,5/512;0/1019,1/933,2/821,3/940,4/1123,5/1059,6/1036,7/872,8/834,9/943,10/1045,11/1070
14159.98;448;2678;6;12;0/8925.58,1/9117.56,2/10070.78,3/10106.5,4/10167.93,5/9076.5;0/3959.98,1/4770.32,2/5915.02,3/4705.25,4/2873.08,5/3536.55,6/3755.48,7/5385.83,8/5799.98,9/4709.98,10/3679.98,11/3427.78;0/14159.98,1/14159.98,2/14159.98,3/14159.98,4/14159.98,5/14159.98;0/14159.98,1/14159.98,2/14159.98,3/14159.98,4/14159.98,5/14159.98,6/14159.98,7/14159.98,8/14159.98,9/14159.98,10/14159.98,11/14159.98;0/0,1/0,2/0,3/0,4/0,5/0;0/8,1/5,2/7,3/2,4/2,5/4,6/3,7/9,8/3,9/3,10/0,11/2;0/0,1/0,2/0,3/0,4/0,5/0;0/18,1/10,2/12,3/13,4/12,5/11,6/8,7/12,8/13,9/10,10/11,11/10;0/0,1/0,2/0,3/0,4/0,5/0;0/4,1/4,2/3,3/4,4/4,5/4,6/4,7/3,8/3,9/4,10/4,11/4;0/84,1/83,2/65,3/65,4/65,5/86;0/244,1/220,2/194,3/214,4/238,5/240,6/246,7/184,8/192,9/220,10/250,11/236;0/527,1/508,2/412,3/408,4/402,5/512;0/1020,1/939,2/825,3/946,4/1129,5/1063,6/1041,7/878,8/836,9/945,10/1048,11/1074
14219.98;448;2695;6;12;0/8985.59,1/9177.56,2/10130.79,3/10166.5,4/10227.94,5/9136.51;0/3990.72,1/4779.98,2/5931.53,3/4705.65,4/2873.42,5/3547.38,6/3772.4,7/5401.57,8/5810.04,9/4743.5,10/3684.52,11/3427.94;0/14219.98,1/14219.98,2/14219.98,3/14219.98,4/14219.98,5/14219.98;0/14219.98,1/14219.98,2/14219.98,3/14219.98,4/14219.98,5/14219.98,6/14219.98,7/14219.98,8/14219.98,9/14219.98,10/14219.98,11/14219.98;0/0,1/0,2/0,3/0,4/0,5/0;0/6,1/4,2/7,3/4,4/1,5/4,6/2,7/10,8/2,9/2,10/0,11/1;0/0,1/0,2/0,3/0,4/0,5/0;0/15,1/9,2/9,3/11,4/11,5/7,6/10,7/12,8/8,9/7,10/7,11/5;0/0,1/0,2/0,3/0,4/0,5/0;0/4,1/4,2/3,3/4,4/4,5/4,6/4,7/3,8/3,9/4,10/4,11/4;0/84,1/83,2/65,3/65,4/65,5/86;0/245,1/221,2/195,3/215,4/239,5/242,6/248,7/186,8/194,9/221,10/251,11/238;0/527,1/508,2/412,3/408,4/402,5/512;0/1023,1/944,2/829,3/952,4/1135,5/1068,6/1045,7/882,8/841,9/948,10/1054,11/1080
14279.81;448;2709;6;12;0/9045.41,1/9237.39,2/10190.61,3/10226.32,4/10287.76,5/9196.33;0/3990.9,1/4799.81,2/5969.81,3/4705.89,4/2873.82,5/3579.81,6/3772.93,7/5439.81,8/5819.81,9/4749.72,10/3684.78,11/3428.58;0/14279.81,1/14279.81,2/14279.81,3/14279.81,4/14279.81,5/14279.81;0/14279.81,1/14279.81,2/14279.81,3/14279.81,4/14279.81,5/14279.81,6/14279.81,7/14279.81,8/14279.81,9/14279.81,10/14279.81,11/14279.81;0/0,1/0,2/0,3/0,4/0,5/0;0/6,1/0,2/8,3/4,4/3,5/2,6/3,7/6,8/3,9/2,10/0,11/3;0/0,1/0,2/0,3/0,4/0,5/0;0/11,1/11,2/16,3/14,4/12,5/10,6/12,7/10,8/7,9/5,10/9,11/9;0/0,1/0,2/0,3/0,4/0,5/0;0/4,1/4,2/3,3/4,4/4,5/4,6/4,7/3,8/3,9/4,10/4,11/4;0/84,1/83,2/65,3/65,4/65,5/86;0/246,1/222,2/196,3/217,4/240,5/242,6/250,7/186,8/194,9/224,10/253,11/239;0/527,1/508,2/412,3/408,4/402,5/512;0/1029,1/948,2/831,3/958,4/1141,5/1070,6/1051,7/884,8/846,9/954,10/1060,11/1086
14339.79;448;2722;6;12;0/9105.39,1/9297.37,2/10250.59,3/10286.3,4/10347.74,5/9256.31;0/4029.79,1/4809.48,2/5993.33,3/4718.16,4/2873.97,5/3593.89,6/3773.19,7/5489.79,8/5840.95,9/4750.33,10/3685.07,11/3428.99;0/14339.79,1/14339.79,2/14339.79,3/14339.79,4/14339.79,5/14339.79;0/14339.79,1/14339.79,2/14339.79,3/14339.79,4/14339.79,5/14339.79,6/14339.79,7/14339.79,8/14339.79,9/14339.79,10/14339.79,11/14339.79;0/0,1/0,2/0,3/0,4/0,5/0;0/6,1/0,2/8,3/2,4/5,5/1,6/1,7/6,8/2,9/1,10/1,11/9;0/0,1/0,2/0,3/0,4/0,5/0;0/12,1/7,2/15,3/10,4/14,5/8,6/9,7/9,8/5,9/12,10/9,11/11;0/0,1/0,2/0,3/0,4/0,5/0;0/4,1/4,2/3,3/4,4/4,5/4,6/4,7/3,8/3,9/4,10/4,11/4;0/84,1/83,2/65,3/65,4/65,5/86;0/247,1/223,2/197,3/218,4/241,5/244,6/251,7/187,8/196,9/224,10/254,11/240;0/527,1/508,2/412,3/408,4/402,5/512;0/1031,1/954,2/835,3/963,4/1147,5/1075,6/1057,7/885,8/850,9/959,10/1066,11/1092
14399.99;448;2736;6;12;0/9165.59,1/9357.57,2/10310.79,3/10346.51,4/10407.94,5/9316.52;0/4032.6,1/4809.99,2/5993.45,3/4718.45,4/2889.99,5/3594.23,6/3773.45,7/5519.99,8/5877.92,9/4750.82,10/3689.99,11/3469.99;0/14399.99,1/14399.99,2/14399.99,3/14399.99,4/14399.99,5/14399.99;0/14399.99,1/14399.99,2/14399.99,3/14399.99,4/14399.99,5/14399.99,6/14399.99,7/14399.99,8/14399.99,9/14399.99,10/14399.99,11/14399.99;0/0,1/0,2/0,3/0,4/0,5/0;0/5,1/2,2/10,3/1,4/4,5/1,6/4,7/4,8/1,9/3,10/2,11/7;0/0,1/0,2/0,3/0,4/0,5/0;0/10,1/15,2/12,3/9,4/14,5/7,6/16,7/7,8/6,9/13,10/10,11/16;0/0,1/0,2/0,3/0,4/0,5/0;0/4,1/4,2/3,3/4,4/4,5/4,6/4,7/3,8/3,9/4,10/4,11/4;0/84,1/83,2/65,3/65,4/65,5/86;0/248,1/224,2/199,3/219,4/242,5/245,6/252,7/189,8/197,9/226,10/254,11/241;0/527,1/508,2/412,3/408,4/402,5/512;0/1037,1/959,2/841,3/969,4/1151,5/1081,6/1063,7/888,8/853,9/965,10/1071,11/1093
14459.99;448;2750;6;12;0/9225.59,1/9417.57,2/10370.79,3/10406.51,4/10467.94,5/9376.51;0/4059.99,1/4810.3,2/6039.99,3/4735.21,4/2897.37,5/3594.67,6/3802.21,7/5579.99,8/5878.36,9/4751.01,10/3698.41,11/3485.39;0/14459.99,1/14459.99,2/14459.99,3/14459.99,4/14459.99,5/14459.99;0/14459.99,1/14459.99,2/14459.99,3/14459.99,4/14459.99,5/14459.99,6/14459.99,7/14459.99,8/14459.99,9/14459.99,10/14459.99,11/14459.99;0/0,1/0,2/0,3/0,4/0,5/0;0/6,1/2,2/6,3/0,4/3,5/3,6/3,7/3,8/2,9/2,10/7,11/5;0/0,1/0,2/0,3/0,4/0,5/0;0/13,1/13,2/12,3/7,4/9,5/9,6/13,7/7,8/9,9/8,10/13,11/11;0/0,1/0,2/0,3/0,4/0,5/0;0/4,1/4,2/3,3/4,4/4,5/4,6/4,7/3,8/3,9/4,10/4,11/4;0/84,1/83,2/65,3/65,4/65,5/86;0/250,1/225,2/199,3/220,4/243,5/247,6/253,7/189,8/199,9/227,10/256,11/242;0/527,1/508,2/412,3/408,4/402,5/512;0/1040,1/965,2/842,3/973,4/1157,5/1087,6/1066,7/888,8/859,9/971,10/1077,11/1098
14519.97;448;2762;6;12;0/9285.57,1/9477.55,2/10430.77,3/10466.48,4/10527.92,5/9436.49;0/4069.97,1/4810.46,2/6065.49,3/4735.49,4/2899.45,5/3606.54,6/3802.41,7/5609.97,8/5879.12,9/4751.31,10/3698.65,11/3493.5;0/14519.97,1/14519.97,2/14519.97,3/14519.97,4/14519.97,5/14519.97;0/14519.97,1/14519.97,2/14519.97,3/14519.97,4/14519.97,5/14519.97,6/14519.97,7/14519.97,8/14519.97,9/14519.97,10/14519.97,11/14519.97;0/0,1/0,2/0,3/0,4/0,5/0;0/6,1/2,2/6,3/3,4/4,5/0,6/3,7/4,8/4,9/1,10/1,11/6;0/0,1/0,2/0,3/0,4/0,5/0;0/14,1/12,2/8,3/12,4/8,5/8,6/12,7/8,8/13,9/12,10/11,11/10;0/0,1/0,2/0,3/0,4/0,5/0;0/4,1/4,2/3,3/4,4/4,5/4,6/4,7/3,8/3,9/4,10/4,11/4;0/84,1/83,2/65,3/65,4/65,5/86;0/251,1/226,2/200,3/221,4/245,5/248,6/253,7/190,8/199,9/228,10/257,11/244;0/527,1/508,2/412,3/408,4/402,5/512;0/1046,1/971,2/846,3/979,4/1163,5/1092,6/1072,7/891,8/865,9/977,10/1083,11/1103
14579.9;448;2776;6;12;0/9345.51,1/9537.48,2/10490.71,3/10526.42,4/10587.85,5/9496.43;0/4102.76,1/4810.73,2/6079.9,3/4737.8,4/2909.9,5/3606.81,6/3802.63,7/5622.22,8/5899.9,9/4760.26,10/3708.06,11/3493.77;0/14579.9,1/14579.9,2/14579.9,3/14579.9,4/14579.9,5/14579.9;0/14579.9,1/14579.9,2/14579.9,3/14579.9,4/14579.9,5/14579.9,6/14579.9,7/14579.9,8/14579.9,9/14579.9,10/14579.9,11/14579.9;0/0,1/0,2/0,3/0,4/0,5/0;0/6,1/4,2/7,3/3,4/4,5/1,6/6,7/7,8/0,9/0,10/3,11/6;0/0,1/0,2/0,3/0,4/0,5/0;0/14,1/14,2/11,3/12,4/9,5/9,6/10,7/10,8/10,9/9,10/11,11/10;0/0,1/0,2/0,3/0,4/0,5/0;0/4,1/4,2/3,3/4,4/4,5/4,6/4,7/3,8/3,9/4,10/4,11/4;0/84,1/83,2/65,3/65,4/65,5/86;0/252,1/227,2/202,3/223,4/246,5/249,6/254,7/192,8/199,9/229,10/258,11/245;0/527,1/508,2/412,3/408,4/402,5/512;0/1048,1/977,2/850,3/985,4/1167,5/1098,6/1078,7/896,8/868,9/982,10/1088,11/1109
14639.96;448;2785;6;12;0/9405.57,1/9597.54,2/10550.77,3/10586.48,4/10647.91,5/9556.49;0/4102.94,1/4810.85,2/6139.96,3/4738.01,4/2929.96,5/3607.49,6/3802.7,7/5649.96,8/5904.65,9/4766.89,10/3726.32,11/3529.96;0/14639.96,1/14639.96,2/14639.96,3/14639.96,4/14639.96,5/14639.96;0/14639.96,1/14639.96,2/14639.96,3/14639.96,4/14639.96,5/14639.96,6/14639.96,7/14639.96,8/14639.96,9/14639.96,10/14639.96,11/14639.96;0/0,1/0,2/0,3/0,4/0,5/0;0/6,1/4,2/3,3/4,4/2,5/2,6/6,7/7,8/0,9/1,10/4,11/6;0/0,1/0,2/0,3/0,4/0,5/0;0/13,1/12,2/11,3/16,4/11,5/10,6/9,7/11,8/11,9/9,10/13,11/10;0/0,1/0,2/0,3/0,4/0,5/0;0/4,1/4,2/3,3/4,4/4,5/4,6/4,7/3,8/3,9/4,10/4,11/4;0/84,1/83,2/65,3/65,4/65,5/86;0/253,1/228,2/202,3/223,4/247,5/250,6/256,7/192,8/200,9/230,10/259,11/245;0/527,1/508,2/412,3/408,4/402,5/512;0/1054,1/983,2/850,3/991,4/1171,5/1104,6/1084,7/899,8/874,9/988,10/1092,11/1111
14699.78;448;2801;6;12;0/9465.38,1/9657.36,2/10610.58,3/10646.3,4/10707.73,5/9616.31;0/4103.04,1/4811.02,2/6140.47,3/4738.48,4/2942.5,5/3609.48,6/3859.78,7/5669.78,8/5904.74,9/4767.15,10/3726.54,11/3558.88;0/14699.78,1/14699.78,2/14699.78,3/14699.78,4/14699.78,5/14699.78;0/14699.78,1/14699.78,2/14699.78,3/14699.78,4/14699.78,5/14699.78,6/14699.78,7/14699.78,8/14699.78,9/14699.78,10/14699.78,11/14699.78;0/0,1/0,2/0,3/0,4/0,5/0;0/5,1/3,2/5,3/3,4/3,5/4,6/6,7/7,8/0,9/1,10/3,11/4;0/0,1/0,2/0,3/0,4/0,5/0;0/9,1/8,2/9,3/12,4/12,5/11,6/13,7/12,8/6,9/11,10/11,11/9;0/0,1/0,2/0,3/0,4/0,5/0;0/4,1/4,2/3,3/4,4/4,5/4,6/4,7/3,8/3,9/4,10/4,11/4;0/84,1/83,2/65,3/65,4/65,5/86;0/254,1/229,2/204,3/224,4/249,5/252,6/256,7/193,8/201,9/231,10/260,11/248;0/527,1/508,2/412,3/408,4/402,5/512;0/1060,1/989,2/856,3/997,4/1176,5/1110,6/1084,7/903,8/880,9/994,10/1098,11/1115
14759.97;448;2815;6;12;0/9525.57,1/9717.55,2/10670.77,3/10706.48,4/10767.92,5/9676.49;0/4103.47,1/4829.97,2/6141.09,3/4738.51,4/2942.59,5/3610.03,6/3879.97,7/5698.47,8/5905.51,9/4778.09,10/3727.01,11/3559.39;0/14759.97,1/14759.97,2/14759.97,3/14759.97,4/14759.97,5/14759.97;0/14759.97,1/14759.97,2/14759.97,3/14759.97,4/14759.97,5/14759.97,6/14759.97,7/14759.97,8/14759.97,9/14759.97,10/14759.97,11/14759.97;0/0,1/0,2/0,3/0,4/0,5/0;0/5,1/5,2/7,3/2,4/2,5/3,6/7,7/2,8/0,9/3,10/7,11/5;0/0,1/0,2/0,3/0,4/0,5/0;0/11,1/11,2/14,3/6,4/9,5/14,6/14,7/11,8/8,9/15,10/11,11/10;0/0,1/0,2/0,3/0,4/0,5/0;0/4,1/4,2/3,3/4,4/4,5/4,6/4,7/3,8/3,9/4,10/4,11/4;0/84,1/83,2/65,3/65,4/65,5/86;0/255,1/230,2/205,3/225,4/250,5/253,6/258,7/194,8/202,9/233,10/261,11/249;0/527,1/508,2/412,3/408,4/402,5/512;0/1066,1/993,2/862,3/1003,4/1182,5/1115,6/1088,7/907,8/886,9/999,10/1104,11/1121
14819.96;448;2826;6;12;0/9585.57,1/9777.54,2/10730.77,3/10766.48,4/10827.92,5/9736.49;0/4109.99,1/4846.96,2/6157.46,3/4738.95,4/2942.75,5/3632.29,6/3894.95,7/5698.66,8/5906.34,9/4778.17,10/3749.96,11/3579.96;0/14819.96,1/14819.96,2/14819.96,3/14819.96,4/14819.96,5/14819.96;0/14819.96,1/14819.96,2/14819.96,3/14819.96,4/14819.96,5/14819.96,6/14819.96,7/14819.96,8/14819.96,9/14819.96,10/14819.96,11/14819.96;0/0,1/0,2/0,3/0,4/0,5/0;0/7,1/2,2/5,3/3,4/1,5/2,6/5,7/3,8/1,9/4,10/5,11/4;0/0,1/0,2/0,3/0,4/0,5/0;0/11,1/10,2/11,3/6,4/7,5/14,6/15,7/8,8/11,9/13,10/12,11/10;0/0,1/0,2/0,3/0,4/0,5/0;0/4,1/4,2/3,3/4,4/4,5/4,6/4,7/3,8/3,9/4,10/4,11/4;0/84,1/83,2/65,3/65,4/65,5/86;0/257,1/231,2/206,3/227,4/250,5/254,6/260,7/195,8/202,9/233,10/262,11/249;0/527,1/508,2/412,3/408,4/402,5/512;0/1071,1/998,2/867,3/1009,4/1188,5/1119,6/1093,7/913,8/892,9/1005,10/1107,11/1124
14879.96;448;2842;6;12;0/9645.57,1/9837.54,2/10790.77,3/10826.48,4/10887.92,5/9796.49;0/4129.96,1/4869.26,2/6169.96,3/4769.96,4/2948.41,5/3632.41,6/3895.02,7/5699.3,8/5937.81,9/4778.37,10/3760.89,11/3593.25;0/14879.96,1/14879.96,2/14879.96,3/14879.96,4/14879.96,5/14879.96;0/14879.96,1/14879.96,2/14879.96,3/14879.96,4/14879.96,5/14879.96,6/14879.96,7/14879.96,8/14879.96,9/14879.96,10/14879.96,11/14879.96;0/0,1/0,2/0,3/0,4/0,5/0;0/3,1/2,2/6,3/2,4/3,5/1,6/4,7/3,8/2,9/5,10/1,11/8;0/0,1/0,2/0,3/0,4/0,5/0;0/9,1/7,2/16,3/10,4/10,5/13,6/9,7/6,8/10,9/10,10/10,11/14;0/0,1/0,2/0,3/0,4/0,5/0;0/4,1/4,2/3,3/4,4/4,5/4,6/4,7/3,8/3,9/4,10/4,11/4;0/84,1/83,2/65,3/65,4/65,5/86;0/258,1/232,2/207,3/228,4/253,5/255,6/260,7/196,8/203,9/235,10/264,11/251;0/527,1/508,2/412,3/408,4/402,5/512;0/1075,1/1002,2/871,3/1011,4/1194,5/1125,6/1099,7/919,8/895,9/1011,10/1112,11/1129
14940;448;2855;6;12;0/9705.6,1/9897.58,2/10850.8,3/10886.51,4/10947.95,5/9856.52;0/4160.86,1/4870,2/6200,3/4808.97,4/2948.69,5/3632.8,6/3895.62,7/5710,8/5938.6,9/4790,10/3761.49,11/3600;0/14940,1/14940,2/14940,3/14940,4/14940,5/14940;0/14940,1/14940,2/14940,3/14940,4/14940,5/14940,6/14940,7/14940,8/14940,9/14940,10/14940,11/14940;0/0,1/0,2/0,3/0,4/0,5/0;0/3,1/6,2/5,3/3,4/3,5/4,6/4,7/3,8/5,9/2,10/1,11/13;0/0,1/0,2/0,3/0,4/0,5/0;0/11,1/11,2/14,3/11,4/12,5/13,6/8,7/9,8/16,9/8,10/8,11/17;0/0,1/0,2/0,3/0,4/0,5/0;0/4,1/4,2/3,3/4,4/4,5/4,6/4,7/3,8/3,9/4,10/4,11/4;0/84,1/83,2/65,3/65,4/65,5/86;0/259,1/234,2/208,3/229,4/254,5/256,6/262,7/196,8/204,9/236,10/265,11/252;0/527,1/508,2/412,3/408,4/402,5/512;0/1078,1/1007,2/874,3/1014,4/1200,5/1131,6/1105,7/923,8/901,9/1015,10/1118,11/1134
14999.9;448;2867;6;12;0/9765.5,1/9957.48,2/10910.7,3/10946.42,4/11007.85,5/9916.43;0/4208.43,1/4916.7,2/6203.35,3/4809.19,4/2970.52,5/3635.73,6/3939.9,7/5745.02,8/5938.98,9/4794.24,10/3761.76,11/3619.9;0/14999.9,1/14999.9,2/14999.9,3/14999.9,4/14999.9,5/14999.9;0/14999.9,1/14999.9,2/14999.9,3/14999.9,4/14999.9,5/14999.9,6/14999.9,7/14999.9,8/14999.9,9/14999.9,10/14999.9,11/14999.9;0/0,1/0,2/0,3/0,4/0,5/0;0/4,1/1,2/5,3/2,4/1,5/0,6/7,7/2,8/4,9/2,10/0,11/8;0/0,1/0,2/0,3/0,4/0,5/0;0/19,1/10,2/11,3/12,4/11,5/11,6/13,7/8,8/13,9/8,10/12,11/16;0/0,1/0,2/0,3/0,4/0,5/0;0/4,1/4,2/3,3/4,4/4,5/4,6/4,7/3,8/3,9/4,10/4,11/4;0/84,1/83,2/65,3/65,4/65,5/86;0/260,1/235,2/209,3/230,4/255,5/257,6/263,7/197,8/205,9/237,10/266,11/253;0/527,1/508,2/412,3/408,4/402,5/512;0/1080,1/1009,2/880,3/1020,4/1203,5/1137,6/1106,7/926,8/907,9/1021,10/1124,11/1138
15059.99;448;2883;6;12;0/9825.6,1/10017.57,2/10970.8,3/11006.51,4/11067.94,5/9976.52;0/4208.67,1/4916.99,2/6209.99,3/4825.27,4/2970.9,5/3636.06,6/3970.19,7/5745.44,8/5939.23,9/4809.99,10/3762.64,11/3646.06;0/15059.99,1/15059.99,2/15059.99,3/15059.99,4/15059.99,5/15059.99;0/15059.99,1/15059.99,2/15059.99,3/15059.99,4/15059.99,5/15059.99,6/15059.99,7/15059.99,8/15059.99,9/15059.99,10/15059.99,11/15059.99;0/0,1/0,2/0,3/0,4/0,5/0;0/8,1/1,2/5,3/1,4/3,5/0,6/5,7/2,8/4,9/4,10/0,11/7;0/0,1/0,2/0,3/0,4/0,5/0;0/19,1/9,2/7,3/11,4/15,5/7,6/14,7/6,8/8,9/12,10/9,11/12;0/0,1/0,2/0,3/0,4/0,5/0;0/4,1/4,2/3,3/4,4/4,5/4,6/4,7/3,8/3,9/4,10/4,11/4;0/84,1/83,2/65,3/65,4/65,5/86;0/262,1/236,2/210,3/232,4/256,5/258,6/265,7/198,8/206,9/239,10/267,11/254;0/527,1/508,2/412,3/408,4/402,5/512;0/1086,1/1015,2/885,3/1024,4/1209,5/1143,6/1109,7/932,8/913,9/1025,10/1130,11/1142
15119.96;448;2895;6;12;0/9885.57,1/10077.54,2/11030.77,3/11066.48,4/11127.92,5/10036.49;0/4208.95,1/4918.84,2/6239.96,3/4825.42,4/2971.09,5/3636.67,6/3970.38,7/5746,8/5939.96,9/4816.5,10/3762.84,11/3654.83;0/15119.96,1/15119.96,2/15119.96,3/15119.96,4/15119.96,5/15119.96;0/15119.96,1/15119.96,2/15119.96,3/15119.96,4/15119.96,5/15119.96,6/15119.96,7/15119.96,8/15119.96,9/15119.96,10/15119.96,11/15119.96;0/0,1/0,2/0,3/0,4/0,5/0;0/5,1/3,2/5,3/1,4/4,5/1,6/2,7/4,8/7,9/2,10/1,11/7;0/0,1/0,2/0,3/0,4/0,5/0;0/17,1/13,2/9,3/9,4/15,5/13,6/10,7/6,8/12,9/9,10/9,11/8;0/0,1/0,2/0,3/0,4/0,5/0;0/4,1/4,2/3,3/4,4/4,5/4,6/4,7/3,8/3,9/4,10/4,11/4;0/84,1/83,2/65,3/65,4/65,5/86;0/262,1/238,2/211,3/233,4/257,5/259,6/265,7/199,8/206,9/240,10/268,11/257;0/527,1/508,2/412,3/408,4/402,5/512;0/1092,1/1021,2/888,3/1030,4/1215,5/1149,6/1115,7/938,8/918,9/1031,10/1136,11/1147
15179.9;448;2906;6;12;0/9945.5,1/10137.48,2/11090.7,3/11126.42,4/11187.85,5/10096.43;0/4209.01,1/4919.01,2/6284.23,3/4826.23,4/2971.19,5/3637.32,6/3970.65,7/5779.9,8/5969.9,9/4824.11,10/3773.23,11/3689.9;0/15179.9,1/15179.9,2/15179.9,3/15179.9,4/15179.9,5/15179.9;0/15179.9,1/15179.9,2/15179.9,3/15179.9,4/15179.9,5/15179.9,6/15179.9,7/15179.9,8/15179.9,9/15179.9,10/15179.9,11/15179.9;0/0,1/0,2/0,3/0,4/0,5/0;0/5,1/2,2/2,3/2,4/4,5/3,6/6,7/2,8/5,9/2,10/4,11/1;0/0,1/0,2/0,3/0,4/0,5/0;0/11,1/9,2/7,3/11,4/13,5/12,6/11,7/12,8/12,9/6,10/17,11/10;0/0,1/0,2/0,3/0,4/0,5/0;0/4,1/4,2/3,3/4,4/4,5/4,6/4,7/3,8/3,9/4,10/4,11/4;0/84,1/83,2/65,3/65,4/65,5/86;0/263,1/238,2/212,3/234,4/258,5/260,6/267,7/199,8/207,9/242,10/269,11/257;0/527,1/508,2/412,3/408,4/402,5/512;0/1098,1/1027,2/890,3/1036,4/1221,5/1155,6/1121,7/940,8/921,9/1036,10/1141,11/1149
15239.95;448;2919;6;12;0/10005.55,1/10197.53,2/11150.75,3/11186.46,4/11247.9,5/10156.47;0/4209.12,1/4949.95,2/6288.46,3/4826.49,4/2971.26,5/3637.87,6/3984.87,7/5797.68,8/5976.66,9/4825.46,10/3776.61,11/3724.11;0/15239.95,1/15239.95,2/15239.95,3/15239.95,4/15239.95,5/15239.95;0/15239.95,1/15239.95,2/15239.95,3/15239.95,4/15239.95,5/15239.95,6/15239.95,7/15239.95,8/15239.95,9/15239.95,10/15239.95,11/15239.95;0/0,1/0,2/0,3/0,4/0,5/0;0/4,1/4,2/5,3/2,4/3,5/1,6/4,7/6,8/7,9/4,10/4,11/2;0/0,1/0,2/0,3/0,4/0,5/0;0/8,1/11,2/11,3/8,4/7,5/10,6/9,7/13,8/19,9/6,10/14,11/12;0/0,1/0,2/0,3/0,4/0,5/0;0/4,1/4,2/3,3/4,4/4,5/4,6/4,7/3,8/3,9/4,10/4,11/4;0/84,1/83,2/65,3/65,4/65,5/86;0/265,1/239,2/214,3/235,4/258,5/261,6/268,7/200,8/208,9/243,10/270,11/258;0/527,1/508,2/412,3/408,4/402,5/512;0/1104,1/1029,2/896,3/1042,4/1227,5/1161,6/1126,7/945,8/927,9/1042,10/1147,11/1152
15299.78;448;2932;6;12;0/10065.38,1/10257.36,2/11210.58,3/11246.29,4/11307.73,5/10216.3;0/4218.98,1/4957.76,2/6288.75,3/4829.78,4/2971.56,5/3646.69,6/4008.94,7/5798.15,8/5976.73,9/4869.37,10/3776.69,11/3724.4;0/15299.78,1/15299.78,2/15299.78,3/15299.78,4/15299.78,5/15299.78;0/15299.78,1/15299.78,2/15299.78,3/15299.78,4/15299.78,5/15299.78,6/15299.78,7/15299.78,8/15299.78,9/15299.78,10/15299.78,11/15299.78;0/0,1/0,2/0,3/0,4/0,5/0;0/7,1/6,2/2,3/3,4/9,5/1,6/3,7/5,8/7,9/6,10/3,11/0;0/0,1/0,2/0,3/0,4/0,5/0;0/12,1/15,2/7,3/11,4/11,5/12,6/11,7/10,8/15,9/11,10/11,11/11;0/0,1/0,2/0,3/0,4/0,5/0;0/4,1/4,2/3,3/4,4/4,5/4,6/4,7/3,8/3,9/4,10/4,11/4;0/84,1/83,2/65,3/65,4/65,5/86;0/266,1/241,2/214,3/236,4/260,5/262,6/269,7/201,8/209,9/244,10/271,11/259;0/527,1/508,2/412,3/408,4/402,5/512;0/1109,1/1035,2/902,3/1047,4/1233,5/1166,6/1130,7/951,8/933,9/1044,10/1153,11/1158
15359.98;448;2945;6;12;0/10125.58,1/10317.56,2/11270.78,3/11306.49,4/11367.93,5/10276.5;0/4253.63,1/4958.01,2/6307.77,3/4869.62,4/2999.98,5/3646.89,6/4014.23,7/5798.39,8/5976.84,9/4886.62,10/3776.89,11/3724.59;0/15359.98,1/15359.98,2/15359.98,3/15359.98,4/15359.98,5/15359.98;0/15359.98,1/15359.98,2/15359.98,3/15359.98,4/15359.98,5/15359.98,6/15359.98,7/15359.98,8/15359.98,9/15359.98,10/15359.98,11/15359.98;0/0,1/0,2/0,3/0,4/0,5/0;0/5,1/4,2/2,3/4,4/4,5/0,6/1,7/5,8/4,9/4,10/2,11/0;0/0,1/0,2/0,3/0,4/0,5/0;0/10,1/15,2/8,3/13,4/13,5/10,6/10,7/11,8/9,9/10,10/9,11/9;0/0,1/0,2/0,3/0,4/0,5/0;0/4,1/4,2/3,3/4,4/4,5/4,6/4,7/3,8/3,9/4,10/4,11/4;0/84,1/83,2/65,3/65,4/65,5/86;0/267,1/242,2/215,3/237,4/261,5/262,6/271,7/202,8/209,9/246,10/273,11/260;0/527,1/508,2/412,3/408,4/402,5/512;0/1111,1/1041,2/906,3/1050,4/1236,5/1172,6/1135,7/957,8/939,9/1048,10/1159,11/1164
15419.98;448;2957;6;12;0/10185.58,1/10377.56,2/11330.78,3/11366.49,4/11427.93,5/10336.5;0/4269.98,1/4958.22,2/6307.96,3/4869.89,4/3049.93,5/3647.22,6/4016.21,7/5809.98,8/5988.69,9/4904.29,10/3776.98,11/3725.65;0/15419.98,1/15419.98,2/15419.98,3/15419.98,4/15419.98,5/15419.98;0/15419.98,1/15419.98,2/15419.98,3/15419.98,4/15419.98,5/15419.98,6/15419.98,7/15419.98,8/15419.98,9/15419.98,10/15419.98,11/15419.98;0/0,1/0,2/0,3/0,4/0,5/0;0/4,1/3,2/3,3/4,4/3,5/0,6/3,7/5,8/5,9/5,10/1,11/1;0/0,1/0,2/0,3/0,4/0,5/0;0/12,1/11,2/7,3/14,4/13,5/7,6/12,7/11,8/9,9/11,10/9,11/10;0/0,1/0,2/0,3/0,4/0,5/0;0/4,1/4,2/3,3/4,4/4,5/4,6/4,7/3,8/3,9/4,10/4,11/4;0/84,1/83,2/65,3/65,4/65,5/86;0/268,1/244,2/215,3/238,4/262,5/263,6/272,7/203,8/211,9/247,10/273,11/261;0/527,1/508,2/412,3/408,4/402,5/512;0/1115,1/1047,2/912,3/1056,4/1238,5/1178,6/1141,7/961,8/944,9/1052,10/1165,11/1170
15479.99;448;2969;6;12;0/10245.59,1/10437.57,2/11390.79,3/11426.51,4/11487.94,5/10396.52;0/4299.48,1/4958.49,2/6308.29,3/4869.9,4/3049.95,5/3647.64,6/4016.62,7/5851.46,8/6019.99,9/4904.38,10/3791.99,11/3725.95;0/15479.99,1/15479.99,2/15479.99,3/15479.99,4/15479.99,5/15479.99;0/15479.99,1/15479.99,2/15479.99,3/15479.99,4/15479.99,5/15479.99,6/15479.99,7/15479.99,8/15479.99,9/15479.99,10/15479.99,11/15479.99;0/0,1/0,2/0,3/0,4/0,5/0;0/4,1/6,2/5,3/1,4/3,5/2,6/3,7/4,8/5,9/4,10/3,11/3;0/0,1/0,2/0,3/0,4/0,5/0;0/10,1/11,2/12,3/8,4/7,5/7,6/10,7/9,8/9,9/11,10/11,11/12;0/0,1/0,2/0,3/0,4/0,5/0;0/4,1/4,2/3,3/4,4/4,5/4,6/4,7/3,8/3,9/4,10/4,11/4;0/84,1/83,2/65,3/65,4/65,5/86;0/270,1/244,2/216,3/239,4/263,5/265,6/272,7/204,8/211,9/248,10/275,11/262;0/527,1/508,2/412,3/408,4/402,5/512;0/1119,1/1053,2/918,3/1062,4/1244,5/1184,6/1147,7/963,8/946,9/1058,10/1169,11/1176
15539.96;448;2981;6;12;0/10305.57,1/10497.54,2/11450.77,3/11486.48,4/11547.92,5/10456.49;0/4299.96,1/4959.96,2/6308.55,3/4879.96,4/3050.35,5/3648.02,6/4032.38,7/5855.92,8/6079.96,9/4914.2,10/3795.03,11/3726.38;0/15539.96,1/15539.96,2/15539.96,3/15539.96,4/15539.96,5/15539.96;0/15539.96,1/15539.96,2/15539.96,3/15539.96,4/15539.96,5/15539.96,6/15539.96,7/15539.96,8/15539.96,9/15539.96,10/15539.96,11/15539.96;0/0,1/0,2/0,3/0,4/0,5/0;0/3,1/5,2/9,3/5,4/2,5/2,6/3,7/4,8/3,9/4,10/2,11/3;0/0,1/0,2/0,3/0,4/0,5/0;0/7,1/15,2/13,3/13,4/8,5/14,6/8,7/6,8/9,9/14,10/10,11/15;0/0,1/0,2/0,3/0,4/0,5/0;0/4,1/4,2/3,3/4,4/4,5/4,6/4,7/3,8/3,9/4,10/4,11/4;0/84,1/83,2/65,3/65,4/65,5/86;0/271,1/245,2/217,3/240,4/265,5/265,6/274,7/205,8/211,9/249,10/276,11/263;0/527,1/508,2/412,3/408,4/402,5/512;0/1124,1/1058,2/924,3/1066,4/1249,5/1190,6/1151,7/969,8/946,9/1063,10/1175,11/1182
15599.83;448;2994;6;12;0/10365.43,1/10557.41,2/11510.63,3/11546.35,4/11607.78,5/10516.35;0/4329.83,1/4981.57,2/6309.83,3/4892.23,4/3097.83,5/3648.33,6/4039.83,7/5869.83,8/6089.17,9/4914.66,10/3795.28,11/3726.53;0/15599.83,1/15599.83,2/15599.83,3/15599.83,4/15599.83,5/15599.83;0/15599.83,1/15599.83,2/15599.83,3/15599.83,4/15599.83,5/15599.83,6/15599.83,7/15599.83,8/15599.83,9/15599.83,10/15599.83,11/15599.83;0/0,1/0,2/0,3/0,4/0,5/0;0/2,1/2,2/10,3/3,4/3,5/4,6/5,7/6,8/3,9/5,10/0,11/4;0/0,1/0,2/0,3/0,4/0,5/0;0/8,1/13,2/12,3/9,4/12,5/20,6/15,7/7,8/6,9/11,10/6,11/13;0/0,1/0,2/0,3/0,4/0,5/0;0/4,1/4,2/3,3/4,4/4,5/4,6/4,7/3,8/3,9/4,10/4,11/4;0/84,1/83,2/65,3/65,4/65,5/86;0/272,1/246,2/218,3/241,4/266,5/266,6/275,7/206,8/214,9/249,10/277,11/264;0/527,1/508,2/412,3/408,4/402,5/512;0/1127,1/1062,2/929,3/1071,4/1251,5/1196,6/1156,7/973,8/952,9/1069,10/1181,11/1188
15659.95;448;3003;6;12;0/10425.55,1/10617.53,2/11570.75,3/11606.47,4/11667.9,5/10576.48;0/4350.24,1/4987.27,2/6369.95,3/4899.95,4/3097.9,5/3648.59,6/4099.95,7/5929.95,8/6099.95,9/4914.91,10/3818.41,11/3726.68;0/15659.95,1/15659.95,2/15659.95,3/15659.95,4/15659.95,5/15659.95;0/15659.95,1/15659.95,2/15659.95,3/15659.95,4/15659.95,5/15659.95,6/15659.95,7/15659.95,8/15659.95,9/15659.95,10/15659.95,11/15659.95;0/0,1/0,2/0,3/0,4/0,5/0;0/1,1/0,2/8,3/5,4/1,5/4,6/2,7/3,8/4,9/8,10/0,11/2;0/0,1/0,2/0,3/0,4/0,5/0;0/9,1/9,2/12,3/9,4/6,5/16,6/14,7/7,8/9,9/11,10/5,11/11;0/0,1/0,2/0,3/0,4/0,5/0;0/4,1/4,2/3,3/4,4/4,5/4,6/4,7/3,8/3,9/4,10/4,11/4;0/84,1/83,2/65,3/65,4/65,5/86;0/273,1/247,2/218,3/243,4/266,5/267,6/276,7/206,8/214,9/251,10/278,11/264;0/527,1/508,2/412,3/408,4/402,5/512;0/1131,1/1068,2/929,3/1076,4/1257,5/1202,6/1157,7/973,8/956,9/1075,10/1185,11/1194
15719.87;448;3018;6;12;0/10485.48,1/10677.45,2/11630.68,3/11666.39,4/11727.82,5/10636.4;0/4350.5,1/4987.59,2/6383.16,3/4929.87,4/3098.56,5/3648.66,6/4100.05,7/5956.79,8/6149.87,9/4949.87,10/3829.29,11/3726.83;0/15719.87,1/15719.87,2/15719.87,3/15719.87,4/15719.87,5/15719.87;0/15719.87,1/15719.87,2/15719.87,3/15719.87,4/15719.87,5/15719.87,6/15719.87,7/15719.87,8/15719.87,9/15719.87,10/15719.87,11/15719.87;0/0,1/0,2/0,3/0,4/0,5/0;0/2,1/0,2/10,3/4,4/6,5/3,6/1,7/4,8/2,9/3,10/2,11/5;0/0,1/0,2/0,3/0,4/0,5/0;0/9,1/9,2/12,3/12,4/13,5/10,6/11,7/7,8/8,9/10,10/11,11/13;0/0,1/0,2/0,3/0,4/0,5/0;0/4,1/4,2/3,3/4,4/4,5/4,6/4,7/3,8/3,9/4,10/4,11/4;0/84,1/83,2/65,3/65,4/65,5/86;0/274,1/248,2/220,3/244,4/268,5/268,6/277,7/208,8/215,9/252,10/279,11/265;0/527,1/508,2/412,3/408,4/402,5/512;0/1137,1/1074,2/934,3/1079,4/1263,5/1208,6/1162,7/977,8/957,9/1077,10/1190,11/1200
15779.93;448;3031;6;12;0/10545.53,1/10737.51,2/11690.73,3/11726.45,4/11787.88,5/10696.46;0/4370.79,1/4988.24,2/6419.93,3/4949.93,4/3098.76,5/3648.72,6/4100.33,7/5969.93,8/6169.93,9/4992.52,10/3829.58,11/3727.19;0/15779.93,1/15779.93,2/15779.93,3/15779.93,4/15779.93,5/15779.93;0/15779.93,1/15779.93,2/15779.93,3/15779.93,4/15779.93,5/15779.93,6/15779.93,7/15779.93,8/15779.93,9/15779.93,10/15779.93,11/15779.93;0/0,1/0,2/0,3/0,4/0,5/0;0/3,1/4,2/9,3/3,4/3,5/3,6/0,7/4,8/8,9/2,10/1,11/9;0/0,1/0,2/0,3/0,4/0,5/0;0/10,1/11,2/12,3/11,4/12,5/9,6/8,7/6,8/19,9/10,10/13,11/16;0/0,1/0,2/0,3/0,4/0,5/0;0/4,1/4,2/3,3/4,4/4,5/4,6/4,7/3,8/3,9/4,10/4,11/4;0/84,1/83,2/65,3/65,4/65,5/86;0/275,1/249,2/221,3/245,4/269,5/269,6/277,7/209,8/216,9/254,10/281,11/266;0/527,1/508,2/412,3/408,4/402,5/512;0/1141,1/1080,2/936,3/1083,4/1269,5/1214,6/1168,7/981,8/961,9/1079,10/1196,11/1206
15839.88;448;3042;6;12;0/10605.48,1/10797.46,2/11750.68,3/11786.39,4/11847.83,5/10756.4;0/4378.4,1/4988.54,2/6466.23,3/4951.28,4/3125.41,5/3667.3,6/4100.92,7/6019.17,8/6189.26,9/4992.81,10/3830.02,11/3729.88;0/15839.88,1/15839.88,2/15839.88,3/15839.88,4/15839.88,5/15839.88;0/15839.88,1/15839.88,2/15839.88,3/15839.88,4/15839.88,5/15839.88,6/15839.88,7/15839.88,8/15839.88,9/15839.88,10/15839.88,11/15839.88;0/0,1/0,2/0,3/0,4/0,5/0;0/2,1/7,2/3,3/3,4/4,5/2,6/1,7/3,8/7,9/2,10/1,11/8;0/0,1/0,2/0,3/0,4/0,5/0;0/10,1/17,2/10,3/8,4/12,5/11,6/13,7/7,8/16,9/9,10/12,11/16;0/0,1/0,2/0,3/0,4/0,5/0;0/4,1/4,2/3,3/4,4/4,5/4,6/4,7/3,8/3,9/4,10/4,11/4;0/84,1/83,2/65,3/65,4/65,5/86;0/276,1/250,2/222,3/246,4/270,5/270,6/279,7/210,8/217,9/254,10/281,11/267;0/527,1/508,2/412,3/408,4/402,5/512;0/1147,1/1086,2/938,3/1089,4/1272,5/1218,6/1174,7/983,8/966,9/1085,10/1201,11/1211
15899.97;448;3056;6;12;0/10665.58,1/10857.55,2/11810.78,3/11846.49,4/11907.92,5/10816.5;0/4378.6,1/4988.8,2/6471.25,3/4960.87,4/3125.63,5/3667.43,6/4101.14,7/6019.51,8/6189.78,9/4993.45,10/3869.97,11/3757.43;0/15899.97,1/15899.97,2/15899.97,3/15899.97,4/15899.97,5/15899.97;0/15899.97,1/15899.97,2/15899.97,3/15899.97,4/15899.97,5/15899.97,6/15899.97,7/15899.97,8/15899.97,9/15899.97,10/15899.97,11/15899.97;0/0,1/0,2/0,3/0,4/0,5/0;0/2,1/4,2/5,3/4,4/2,5/3,6/3,7/5,8/8,9/2,10/1,11/5;0/0,1/0,2/0,3/0,4/0,5/0;0/8,1/17,2/9,3/12,4/11,5/11,6/15,7/6,8/13,9/12,10/13,11/12;0/0,1/0,2/0,3/0,4/0,5/0;0/4,1/4,2/3,3/4,4/4,5/4,6/4,7/3,8/3,9/4,10/4,11/4;0/84,1/83,2/65,3/65,4/65,5/86;0/277,1/251,2/223,3/247,4/272,5/271,6/280,7/212,8/218,9/256,10/281,11/268;0/527,1/508,2/412,3/408,4/402,5/512;0/1153,1/1092,2/943,3/1094,4/1278,5/1224,6/1180,7/989,8/972,9/1091,10/1203,11/1215
15959.97;448;3070;6;12;0/10725.57,1/10917.55,2/11870.77,3/11906.48,4/11967.92,5/10876.49;0/4389.92,1/4995.63,2/6479.97,3/4961.24,4/3126.23,5/3667.88,6/4101.28,7/6049.97,8/6189.97,9/4993.93,10/3874.16,11/3757.88;0/15959.97,1/15959.97,2/15959.97,3/15959.97,4/15959.97,5/15959.97;0/15959.97,1/15959.97,2/15959.97,3/15959.97,4/15959.97,5/15959.97,6/15959.97,7/15959.97,8/15959.97,9/15959.97,10/15959.97,11/15959.97;0/0,1/0,2/0,3/0,4/0,5/0;0/3,1/4,2/4,3/5,4/2,5/1,6/0,7/5,8/8,9/1,10/4,11/7;0/0,1/0,2/0,3/0,4/0,5/0;0/9,1/14,2/9,3/12,4/7,5/10,6/10,7/8,8/8,9/11,10/16,11/18;0/0,1/0,2/0,3/0,4/0,5/0;0/4,1/4,2/3,3/4,4/4,5/4,6/4,7/3,8/3,9/4,10/4,11/4;0/84,1/83,2/65,3/65,4/65,5/86;0/278,1/252,2/224,3/249,4/273,5/273,6/280,7/212,8/219,9/257,10/283,11/270;0/527,1/508,2/412,3/408,4/402,5/512;0/1158,1/1097,2/948,3/1100,4/1284,5/1230,6/1186,7/991,8/978,9/1097,10/1209,11/1221
16019.99;448;3081;6;12;0/10785.59,1/10977.57,2/11930.79,3/11966.51,4/12027.94,5/10936.52;0/4390.12,1/4995.84,2/6508.77,3/4961.48,4/3126.5,5/3684.35,6/4101.48,7/6089.99,8/6239.99,9/4994.35,10/3874.35,11/3758.07;0/16019.99,1/16019.99,2/16019.99,3/16019.99,4/16019.99,5/16019.99;0/16019.99,1/16019.99,2/16019.99,3/16019.99,4/16019.99,5/16019.99,6/16019.99,7/16019.99,8/16019.99,9/16019.99,10/16019.99,11/16019.99;0/0,1/0,2/0,3/0,4/0,5/0;0/4,1/2,2/9,3/5,4/3,5/0,6/0,7/4,8/5,9/0,10/4,11/4;0/0,1/0,2/0,3/0,4/0,5/0;0/8,1/12,2/15,3/13,4/8,5/8,6/12,7/6,8/11,9/12,10/15,11/13;0/0,1/0,2/0,3/0,4/0,5/0;0/4,1/4,2/3,3/4,4/4,5/4,6/4,7/3,8/3,9/4,10/4,11/4;0/84,1/83,2/65,3/65,4/65,5/86;0/279,1/253,2/225,3/250,4/274,5/274,6/281,7/213,8/219,9/258,10/284,11/271;0/527,1/508,2/412,3/408,4/402,5/512;0/1163,1/1103,2/952,3/1106,4/1290,5/1234,6/1192,7/993,8/978,9/1103,10/1215,11/1227
16079.91;448;3094;6;12;0/10845.51,1/11037.49,2/11990.71,3/12026.43,4/12087.86,5/10996.44;0/4409.91,1/4996.49,2/6518.32,3/4979.91,4/3140.08,5/3684.79,6/4101.79,7/6119.91,8/6285.04,9/4994.46,10/3877.29,11/3758.15;0/16079.91,1/16079.91,2/16079.91,3/16079.91,4/16079.91,5/16079.91;0/16079.91,1/16079.91,2/16079.91,3/16079.91,4/16079.91,5/16079.91,6/16079.91,7/16079.91,8/16079.91,9/16079.91,10/16079.91,11/16079.91;0/0,1/0,2/0,3/0,4/0,5/0;0/2,1/3,2/8,3/8,4/0,5/2,6/0,7/4,8/4,9/0,10/4,11/2;0/0,1/0,2/0,3/0,4/0,5/0;0/9,1/12,2/12,3/16,4/7,5/9,6/11,7/7,8/9,9/7,10/14,11/7;0/0,1/0,2/0,3/0,4/0,5/0;0/4,1/4,2/3,3/4,4/4,5/4,6/4,7/3,8/3,9/4,10/4,11/4;0/84,1/83,2/65,3/65,4/65,5/86;0/280,1/254,2/226,3/251,4/275,5/275,6/283,7/215,8/220,9/259,10/285,11/271;0/527,1/508,2/412,3/408,4/402,5/512;0/1167,1/1109,2/957,3/1110,4/1294,5/1240,6/1198,7/996,8/980,9/1109,10/1221,11/1233
16139.99;448;3109;6;12;0/10905.59,1/11097.57,2/12050.79,3/12086.51,4/12147.94,5/11056.52;0/4426.03,1/4996.95,2/6554.5,3/4991.78,4/3140.72,5/3687.59,6/4102.12,7/6177.68,8/6288.56,9/4995.08,10/3877.41,11/3770.86;0/16139.99,1/16139.99,2/16139.99,3/16139.99,4/16139.99,5/16139.99;0/16139.99,1/16139.99,2/16139.99,3/16139.99,4/16139.99,5/16139.99,6/16139.99,7/16139.99,8/16139.99,9/16139.99,10/16139.99,11/16139.99;0/0,1/0,2/0,3/0,4/0,5/0;0/3,1/1,2/10,3/6,4/0,5/0,6/0,7/2,8/5,9/2,10/3,11/4;0/0,1/0,2/0,3/0,4/0,5/0;0/7,1/9,2/15,3/11,4/5,5/9,6/11,7/6,8/8,9/11,10/9,11/10;0/0,1/0,2/0,3/0,4/0,5/0;0/4,1/4,2/3,3/4,4/4,5/4,6/4,7/3,8/3,9/4,10/4,11/4;0/84,1/83,2/65,3/65,4/65,5/86;0/281,1/255,2/227,3/253,4/276,5/277,6/283,7/216,8/222,9/260,10/286,11/273;0/527,1/508,2/412,3/408,4/402,5/512;0/1172,1/1115,2/959,3/1115,4/1300,5/1246,6/1204,7/997,8/986,9/1115,10/1227,11/1237
16199.97;448;3120;6;12;0/10965.58,1/11157.55,2/12110.78,3/12146.49,4/12207.92,5/11116.5;0/4449.97,1/4997.15,2/6575.27,3/4992.18,4/3145.18,5/3687.91,6/4102.25,7/6209.97,8/6299.97,9/4995.7,10/3889.97,11/3778.48;0/16199.97,1/16199.97,2/16199.97,3/16199.97,4/16199.97,5/16199.97;0/16199.97,1/16199.97,2/16199.97,3/16199.97,4/16199.97,5/16199.97,6/16199.97,7/16199.97,8/16199.97,9/16199.97,10/16199.97,11/16199.97;0/0,1/0,2/0,3/0,4/0,5/0;0/4,1/0,2/8,3/5,4/8,5/2,6/2,7/6,8/9,9/1,10/2,11/3;0/0,1/0,2/0,3/0,4/0,5/0;0/13,1/6,2/13,3/13,4/14,5/9,6/8,7/10,8/10,9/13,10/9,11/9;0/0,1/0,2/0,3/0,4/0,5/0;0/4,1/4,2/3,3/4,4/4,5/4,6/4,7/3,8/3,9/4,10/4,11/4;0/84,1/83,2/65,3/65,4/65,5/86;0/283,1/257,2/228,3/254,4/277,5/277,6/284,7/216,8/222,9/261,10/287,11/274;0/527,1/508,2/412,3/408,4/402,5/512;0/1175,1/1121,2/963,3/1121,4/1306,5/1252,6/1210,7/999,8/990,9/1121,10/1231,11/1243
16259.95;448;3132;6;12;0/11025.56,1/11217.53,2/12170.76,3/12206.47,4/12267.9,5/11176.48;0/4468.42,1/4997.43,2/6598.51,3/4992.33,4/3147.8,5/3688.28,6/4102.8,7/6219.95,8/6359.95,9/4995.96,10/3917.37,11/3801.14;0/16259.95,1/16259.95,2/16259.95,3/16259.95,4/16259.95,5/16259.95;0/16259.95,1/16259.95,2/16259.95,3/16259.95,4/16259.95,5/16259.95,6/16259.95,7/16259.95,8/16259.95,9/16259.95,10/16259.95,11/16259.95;0/0,1/0,2/0,3/0,4/0,5/0;0/3,1/4,2/6,3/5,4/0,5/2,6/6,7/3,8/5,9/4,10/0,11/4;0/0,1/0,2/0,3/0,4/0,5/0;0/10,1/10,2/12,3/10,4/13,5/9,6/12,7/10,8/10,9/14,10/9,11/9;0/0,1/0,2/0,3/0,4/0,5/0;0/4,1/4,2/3,3/4,4/4,5/4,6/4,7/3,8/3,9/4,10/4,11/4;0/84,1/83,2/65,3/65,4/65,5/86;0/284,1/258,2/229,3/255,4/278,5/278,6/285,7/218,8/222,9/262,10/288,11/275;0/527,1/508,2/412,3/408,4/402,5/512;0/1180,1/1127,2/967,3/1127,4/1312,5/1258,6/1216,7/1004,8/990,9/1127,10/1235,11/1246
16319.82;448;3148;6;12;0/11085.43,1/11277.4,2/12230.63,3/12266.34,4/12327.78,5/11236.35;0/4468.57,1/4997.73,2/6598.73,3/4992.53,4/3148.31,5/3706.18,6/4109.82,7/6258.35,8/6376.26,9/4996.26,10/3929.82,11/3811.68;0/16319.82,1/16319.82,2/16319.82,3/16319.82,4/16319.82,5/16319.82;0/16319.82,1/16319.82,2/16319.82,3/16319.82,4/16319.82,5/16319.82,6/16319.82,7/16319.82,8/16319.82,9/16319.82,10/16319.82,11/16319.82;0/0,1/0,2/0,3/0,4/0,5/0;0/6,1/5,2/11,3/4,4/0,5/1,6/2,7/2,8/5,9/4,10/2,11/6;0/0,1/0,2/0,3/0,4/0,5/0;0/10,1/13,2/15,3/6,4/10,5/11,6/12,7/7,8/9,9/13,10/11,11/11;0/0,1/0,2/0,3/0,4/0,5/0;0/4,1/4,2/3,3/4,4/4,5/4,6/4,7/3,8/3,9/4,10/4,11/4;0/84,1/83,2/65,3/65,4/65,5/86;0/286,1/259,2/230,3/256,4/279,5/280,6/286,7/219,8/224,9/263,10/289,11/277;0/527,1/508,2/412,3/408,4/402,5/512;0/1186,1/1133,2/973,3/1133,4/1318,5/1262,6/1221,7/1007,8/995,9/1133,10/1239,11/1251
16379.96;448;3163;6;12;0/11145.56,1/11337.54,2/12290.76,3/12326.47,4/12387.91,5/11296.48;0/4475.79,1/4997.88,2/6609.96,3/5029.42,4/3148.5,5/3729.46,6/4129.03,7/6258.58,8/6386.78,9/4996.5,10/3931.45,11/3819.96;0/16379.96,1/16379.96,2/16379.96,3/16379.96,4/16379.96,5/16379.96;0/16379.96,1/16379.96,2/16379.96,3/16379.96,4/16379.96,5/16379.96,6/16379.96,7/16379.96,8/16379.96,9/16379.96,10/16379.96,11/16379.96;0/0,1/0,2/0,3/0,4/0,5/0;0/3,1/4,2/10,3/4,4/1,5/1,6/1,7/3,8/8,9/6,10/0,11/3;0/0,1/0,2/0,3/0,4/0,5/0;0/10,1/9,2/11,3/10,4/10,5/12,6/11,7/5,8/13,9/10,10/10,11/12;0/0,1/0,2/0,3/0,4/0,5/0;0/4,1/4,2/3,3/4,4/4,5/4,6/4,7/3,8/3,9/4,10/4,11/4;0/84,1/83,2/65,3/65,4/65,5/86;0/287,1/260,2/231,3/258,4/280,5/281,6/287,7/221,8/225,9/265,10/290,11/278;0/527,1/508,2/412,3/408,4/402,5/512;0/1191,1/1139,2/977,3/1136,4/1324,5/1266,6/1226,7/1013,8/1000,9/1139,10/1245,11/1256
16439.91;448;3174;6;12;0/11205.52,1/11397.5,2/12350.72,3/12386.43,4/12447.87,5/11356.44;0/4489.87,1/5020.59,2/6659.91,3/5029.56,4/3148.9,5/3729.78,6/4129.43,7/6269.91,8/6416.1,9/5004.92,10/3931.92,11/3875.22;0/16439.91,1/16439.91,2/16439.91,3/16439.91,4/16439.91,5/16439.91;0/16439.91,1/16439.91,2/16439.91,3/16439.91,4/16439.91,5/16439.91,6/16439.91,7/16439.91,8/16439.91,9/16439.91,10/16439.91,11/16439.91;0/0,1/0,2/0,3/0,4/0,5/0;0/4,1/5,2/9,3/1,4/0,5/1,6/2,7/2,8/5,9/6,10/0,11/1;0/0,1/0,2/0,3/0,4/0,5/0;0/10,1/12,2/13,3/11,4/13,5/12,6/10,7/8,8/13,9/11,10/13,11/11;0/0,1/0,2/0,3/0,4/0,5/0;0/4,1/4,2/3,3/4,4/4,5/4,6/4,7/3,8/3,9/4,10/4,11/4;0/84,1/83,2/65,3/65,4/65,5/86;0/288,1/262,2/232,3/258,4/281,5/282,6/288,7/221,8/226,9/266,10/291,11/279;0/527,1/508,2/412,3/408,4/402,5/512;0/1196,1/1142,2/978,3/1142,4/1330,5/1272,6/1232,7/1017,8/1003,9/1144,10/1251,11/1257
16499.94;448;3188;6;12;0/11265.54,1/11457.52,2/12410.74,3/12446.46,4/12507.89,5/11416.47;0/4504.57,1/5020.92,2/6703.59,3/5029.78,4/3149.12,5/3729.94,6/4129.78,7/6301.08,8/6416.14,9/5019.94,10/3932.11,11/3876.14;0/16499.94,1/16499.94,2/16499.94,3/16499.94,4/16499.94,5/16499.94;0/16499.94,1/16499.94,2/16499.94,3/16499.94,4/16499.94,5/16499.94,6/16499.94,7/16499.94,8/16499.94,9/16499.94,10/16499.94,11/16499.94;0/0,1/0,2/0,3/0,4/0,5/0;0/3,1/5,2/6,3/1,4/3,5/2,6/4,7/2,8/3,9/3,10/0,11/2;0/0,1/0,2/0,3/0,4/0,5/0;0/13,1/14,2/11,3/13,4/13,5/13,6/9,7/7,8/7,9/8,10/10,11/8;0/0,1/0,2/0,3/0,4/0,5/0;0/4,1/4,2/3,3/4,4/4,5/4,6/4,7/3,8/3,9/4,10/4,11/4;0/84,1/83,2/65,3/65,4/65,5/86;0/290,1/262,2/233,3/260,4/282,5/283,6/290,7/222,8/227,9/267,10/292,11/280;0/527,1/508,2/412,3/408,4/402,5/512;0/1200,1/1148,2/980,3/1148,4/1336,5/1278,6/1238,7/1020,8/1009,9/1148,10/1257,11/1263
16559.96;448;3198;6;12;0/11325.56,1/11517.54,2/12470.76,3/12506.47,4/12567.91,5/11476.48;0/4504.9,1/5021.01,2/6708.42,3/5029.96,4/3149.36,5/3730.23,6/4149.96,7/6314.59,8/6438.81,9/5039.96,10/3932.3,11/3876.38;0/16559.96,1/16559.96,2/16559.96,3/16559.96,4/16559.96,5/16559.96;0/16559.96,1/16559.96,2/16559.96,3/16559.96,4/16559.96,5/16559.96,6/16559.96,7/16559.96,8/16559.96,9/16559.96,10/16559.96,11/16559.96;0/0,1/0,2/0,3/0,4/0,5/0;0/5,1/5,2/6,3/0,4/2,5/3,6/2,7/3,8/3,9/2,10/0,11/7;0/0,1/0,2/0,3/0,4/0,5/0;0/14,1/10,2/6,3/11,4/11,5/14,6/9,7/8,8/9,9/7,10/12,11/15;0/0,1/0,2/0,3/0,4/0,5/0;0/4,1/4,2/3,3/4,4/4,5/4,6/4,7/3,8/3,9/4,10/4,11/4;0/84,1/83,2/65,3/65,4/65,5/86;0/291,1/264,2/235,3/260,4/283,5/283,6/290,7/223,8/228,9/268,10/292,11/281;0/527,1/508,2/412,3/408,4/402,5/512;0/1206,1/1154,2/986,3/1154,4/1342,5/1283,6/1241,7/1025,8/1013,9/1152,10/1263,11/1269
16619.98;448;3213;6;12;0/11385.58,1/11577.56,2/12530.78,3/12566.5,4/12627.93,5/11536.5;0/4505.07,1/5021.31,2/6759.98,3/5030.14,4/3149.58,5/3730.45,6/4166.98,7/6315.07,8/6439.17,9/5052.57,10/3932.57,11/3876.79;0/16619.98,1/16619.98,2/16619.98,3/16619.98,4/16619.98,5/16619.98;0/16619.98,1/16619.98,2/16619.98,3/16619.98,4/16619.98,5/16619.98,6/16619.98,7/16619.98,8/16619.98,9/16619.98,10/16619.98,11/16619.98;0/0,1/0,2/0,3/0,4/0,5/0;0/6,1/3,2/4,3/0,4/0,5/6,6/2,7/8,8/5,9/4,10/0,11/3;0/0,1/0,2/0,3/0,4/0,5/0;0/13,1/11,2/11,3/9,4/9,5/15,6/6,7/13,8/9,9/9,10/10,11/11;0/0,1/0,2/0,3/0,4/0,5/0;0/4,1/4,2/3,3/4,4/4,5/4,6/4,7/3,8/3,9/4,10/4,11/4;0/84,1/83,2/65,3/65,4/65,5/86;0/291,1/265,2/235,3/261,4/285,5/285,6/292,7/224,8/229,9/270,10/293,11/283;0/527,1/508,2/412,3/408,4/402,5/512;0/1212,1/1160,2/986,3/1159,4/1348,5/1289,6/1246,7/1031,8/1019,9/1157,10/1269,11/1275
16679.97;448;3226;6;12;0/11445.57,1/11637.55,2/12590.77,3/12626.48,4/12687.92,5/11596.49;0/4508.54,1/5029.97,2/6794.38,3/5030.66,4/3170.14,5/3730.66,6/4198.45,7/6338.16,8/6459.33,9/5070.14,10/3932.83,11/3877.25;0/16679.97,1/16679.97,2/16679.97,3/16679.97,4/16679.97,5/16679.97;0/16679.97,1/16679.97,2/16679.97,3/16679.97,4/16679.97,5/16679.97,6/16679.97,7/16679.97,8/16679.97,9/16679.97,10/16679.97,11/16679.97;0/0,1/0,2/0,3/0,4/0,5/0;0/6,1/5,2/5,3/3,4/1,5/4,6/1,7/5,8/5,9/4,10/0,11/6;0/0,1/0,2/0,3/0,4/0,5/0;0/10,1/12,2/13,3/9,4/9,5/14,6/9,7/9,8/9,9/9,10/7,11/14;0/0,1/0,2/0,3/0,4/0,5/0;0/4,1/4,2/3,3/4,4/4,5/4,6/4,7/3,8/3,9/4,10/4,11/4;0/84,1/83,2/65,3/65,4/65,5/86;0/293,1/266,2/236,3/262,4/286,5/286,6/293,7/225,8/230,9/272,10/293,11/284;0/527,1/508,2/412,3/408,4/402,5/512;0/1218,1/1165,2/989,3/1165,4/1351,5/1295,6/1249,7/1035,8/1023,9/1161,10/1275,11/1281
16739.96;448;3239;6;12;0/11505.56,1/11697.54,2/12650.76,3/12686.48,4/12747.91,5/11656.49;0/4519.96,1/5037.39,2/6794.53,3/5030.88,4/3179.96,5/3730.83,6/4214.17,7/6339.96,8/6459.96,9/5089.96,10/3933.38,11/3896.69;0/16739.96,1/16739.96,2/16739.96,3/16739.96,4/16739.96,5/16739.96;0/16739.96,1/16739.96,2/16739.96,3/16739.96,4/16739.96,5/16739.96,6/16739.96,7/16739.96,8/16739.96,9/16739.96,10/16739.96,11/16739.96;0/0,1/0,2/0,3/0,4/0,5/0;0/9,1/5,2/5,3/0,4/2,5/4,6/1,7/5,8/7,9/3,10/0,11/4;0/0,1/0,2/0,3/0,4/0,5/0;0/12,1/11,2/8,3/7,4/12,5/15,6/9,7/7,8/8,9/12,10/10,11/13;0/0,1/0,2/0,3/0,4/0,5/0;0/4,1/4,2/3,3/4,4/4,5/4,6/4,7/3,8/3,9/4,10/4,11/4;0/84,1/83,2/65,3/65,4/65,5/86;0/294,1/268,2/238,3/263,4/286,5/286,6/294,7/226,8/231,9/273,10/294,11/286;0/527,1/508,2/412,3/408,4/402,5/512;0/1222,1/1171,2/995,3/1171,4/1356,5/1301,6/1253,7/1040,8/1028,9/1165,10/1281,11/1285
16799.97;448;3249;6;12;0/11565.57,1/11757.55,2/12710.77,3/12746.48,4/12807.92,5/11716.49;0/4577.43,1/5059.97,2/6819.97,3/5059.14,4/3189.14,5/3731.05,6/4234.09,7/6389.97,8/6496.83,9/5116.35,10/3933.99,11/3896.83;0/16799.97,1/16799.97,2/16799.97,3/16799.97,4/16799.97,5/16799.97;0/16799.97,1/16799.97,2/16799.97,3/16799.97,4/16799.97,5/16799.97,6/16799.97,7/16799.97,8/16799.97,9/16799.97,10/16799.97,11/16799.97;0/0,1/0,2/0,3/0,4/0,5/0;0/3,1/4,2/3,3/0,4/3,5/5,6/1,7/3,8/4,9/0,10/0,11/4;0/0,1/0,2/0,3/0,4/0,5/0;0/11,1/13,2/10,3/5,4/10,5/11,6/9,7/8,8/7,9/10,10/10,11/10;0/0,1/0,2/0,3/0,4/0,5/0;0/4,1/4,2/3,3/4,4/4,5/4,6/4,7/3,8/3,9/4,10/4,11/4;0/84,1/83,2/65,3/65,4/65,5/86;0/295,1/268,2/238,3/264,4/288,5/287,6/296,7/227,8/232,9/274,10/294,11/286;0/527,1/508,2/412,3/408,4/402,5/512;0/1223,1/1174,2/998,3/1175,4/1362,5/1307,6/1257,7/1041,8/1031,9/1169,10/1287,11/1291
16859.99;448;3263;6;12;0/11625.59,1/11817.57,2/12770.79,3/12806.5,4/12867.94,5/11776.51;0/4577.71,1/5061.44,2/6878.82,3/5059.99,4/3189.27,5/3731.14,6/4239.99,7/6428.45,8/6519.99,9/5116.99,10/3934.19,11/3909.91;0/16859.99,1/16859.99,2/16859.99,3/16859.99,4/16859.99,5/16859.99;0/16859.99,1/16859.99,2/16859.99,3/16859.99,4/16859.99,5/16859.99,6/16859.99,7/16859.99,8/16859.99,9/16859.99,10/16859.99,11/16859.99;0/0,1/0,2/0,3/0,4/0,5/0;0/5,1/2,2/3,3/5,4/4,5/6,6/0,7/2,8/4,9/0,10/4,11/4;0/0,1/0,2/0,3/0,4/0,5/0;0/11,1/12,2/9,3/16,4/10,5/12,6/8,7/7,8/7,9/8,10/11,11/10;0/0,1/0,2/0,3/0,4/0,5/0;0/4,1/4,2/3,3/4,4/4,5/4,6/4,7/3,8/3,9/4,10/4,11/4;0/84,1/83,2/65,3/65,4/65,5/86;0/296,1/271,2/239,3/264,4/289,5/289,6/296,7/228,8/232,9/275,10/296,11/288;0/527,1/508,2/412,3/408,4/402,5/512;0/1229,1/1180,2/999,3/1180,4/1368,5/1313,6/1262,7/1044,8/1034,9/1175,10/1293,11/1296
16919.96;448;3276;6;12;0/11685.56,1/11877.54,2/12830.76,3/12866.48,4/12927.91,5/11836.49;0/4577.82,1/5061.59,2/6879.16,3/5110.04,4/3189.68,5/3739.72,6/4259.96,7/6429.03,8/6534.45,9/5117.38,10/3934.59,11/3925.53;0/16919.96,1/16919.96,2/16919.96,3/16919.96,4/16919.96,5/16919.96;0/16919.96,1/16919.96,2/16919.96,3/16919.96,4/16919.96,5/16919.96,6/16919.96,7/16919.96,8/16919.96,9/16919.96,10/16919.96,11/16919.96;0/0,1/0,2/0,3/0,4/0,5/0;0/3,1/1,2/4,3/3,4/3,5/4,6/1,7/2,8/5,9/0,10/1,11/5;0/0,1/0,2/0,3/0,4/0,5/0;0/6,1/9,2/9,3/15,4/10,5/13,6/14,7/7,8/7,9/6,10/9,11/12;0/0,1/0,2/0,3/0,4/0,5/0;0/4,1/4,2/3,3/4,4/4,5/4,6/4,7/3,8/3,9/4,10/4,11/4;0/84,1/83,2/65,3/65,4/65,5/86;0/298,1/271,2/240,3/265,4/290,5/290,6/297,7/229,8/234,9/276,10/297,11/289;0/527,1/508,2/412,3/408,4/402,5/512;0/1235,1/1186,2/1005,3/1181,4/1374,5/1319,6/1266,7/1050,8/1039,9/1181,10/1299,11/1300
16979.9;448;3287;6;12;0/11745.5,1/11937.48,2/12890.7,3/12926.41,4/12987.85,5/11896.42;0/4619.9,1/5061.87,2/6879.33,3/5111.09,4/3209.9,5/3767.47,6/4269.28,7/6429.33,8/6559.9,9/5117.73,10/3934.86,11/3925.88;0/16979.9,1/16979.9,2/16979.9,3/16979.9,4/16979.9,5/16979.9;0/16979.9,1/16979.9,2/16979.9,3/16979.9,4/16979.9,5/16979.9,6/16979.9,7/16979.9,8/16979.9,9/16979.9,10/16979.9,11/16979.9;0/0,1/0,2/0,3/0,4/0,5/0;0/1,1/3,2/9,3/5,4/6,5/3,6/7,7/2,8/4,9/2,10/3,11/5;0/0,1/0,2/0,3/0,4/0,5/0;0/9,1/9,2/10,3/15,4/16,5/10,6/19,7/8,8/9,9/7,10/13,11/18;0/0,1/0,2/0,3/0,4/0,5/0;0/4,1/4,2/3,3/4,4/4,5/4,6/4,7/3,8/3,9/4,10/4,11/4;0/84,1/83,2/65,3/65,4/65,5/86;0/298,1/273,2/241,3/266,4/291,5/291,6/299,7/230,8/234,9/277,10/297,11/290;0/527,1/508,2/412,3/408,4/402,5/512;0/1236,1/1192,2/1011,3/1187,4/1377,5/1322,6/1272,7/1056,8/1042,9/1187,10/1305,11/1306
17039.96;448;3299;6;12;0/11805.57,1/11997.54,2/12950.77,3/12986.48,4/13047.91,5/11956.49;0/4640.95,1/5062.36,2/6929.96,3/5111.22,4/3229.96,5/3767.7,6/4299.96,7/6430.07,8/6576.03,9/5133.5,10/3935.02,11/3926.03;0/17039.96,1/17039.96,2/17039.96,3/17039.96,4/17039.96,5/17039.96;0/17039.96,1/17039.96,2/17039.96,3/17039.96,4/17039.96,5/17039.96,6/17039.96,7/17039.96,8/17039.96,9/17039.96,10/17039.96,11/17039.96;0/0,1/0,2/0,3/0,4/0,5/0;0/2,1/3,2/6,3/5,4/4,5/2,6/4,7/1,8/4,9/8,10/3,11/4;0/0,1/0,2/0,3/0,4/0,5/0;0/10,1/14,2/14,3/14,4/17,5/9,6/19,7/14,8/8,9/19,10/16,11/14;0/0,1/0,2/0,3/0,4/0,5/0;0/4,1/4,2/3,3/4,4/4,5/4,6/4,7/3,8/3,9/4,10/4,11/4;0/84,1/83,2/65,3/65,4/65,5/86;0/299,1/274,2/241,3/267,4/292,5/292,6/299,7/230,8/236,9/278,10/299,11/292;0/527,1/508,2/412,3/408,4/402,5/512;0/1240,1/1198,2/1011,3/1193,4/1381,5/1328,6/1274,7/1061,8/1047,9/1191,10/1311,11/1312
17099.98;448;3310;6;12;0/11865.58,1/12057.56,2/13010.78,3/13046.5,4/13107.93,5/12016.51;0/4641.41,1/5089.98,2/6937.9,3/5111.41,4/3230.23,5/3782.45,6/4306.27,7/6458.81,8/6599.98,9/5133.62,10/3935.18,11/3926.17;0/17099.98,1/17099.98,2/17099.98,3/17099.98,4/17099.98,5/17099.98;0/17099.98,1/17099.98,2/17099.98,3/17099.98,4/17099.98,5/17099.98,6/17099.98,7/17099.98,8/17099.98,9/17099.98,10/17099.98,11/17099.98;0/0,1/0,2/0,3/0,4/0,5/0;0/4,1/2,2/7,3/2,4/3,5/1,6/3,7/1,8/3,9/4,10/4,11/3;0/0,1/0,2/0,3/0,4/0,5/0;0/14,1/11,2/12,3/10,4/13,5/8,6/13,7/11,8/8,9/15,10/18,11/9;0/0,1/0,2/0,3/0,4/0,5/0;0/4,1/4,2/3,3/4,4/4,5/4,6/4,7/3,8/3,9/4,10/4,11/4;0/84,1/83,2/65,3/65,4/65,5/86;0/300,1/274,2/242,3/268,4/293,5/294,6/300,7/231,8/236,9/279,10/300,11/293;0/527,1/508,2/412,3/408,4/402,5/512;0/1246,1/1201,2/1017,3/1199,4/1387,5/1332,6/1280,7/1065,8/1050,9/1197,10/1317,11/1318
17159.97;448;3322;6;12;0/11925.57,1/12117.55,2/13070.77,3/13106.48,4/13167.92,5/12076.49;0/4641.56,1/5098.19,2/6939.97,3/5111.65,4/3230.77,5/3783.13,6/4306.71,7/6460.22,8/6602.24,9/5133.75,10/3935.33,11/3926.71;0/17159.97,1/17159.97,2/17159.97,3/17159.97,4/17159.97,5/17159.97;0/17159.97,1/17159.97,2/17159.97,3/17159.97,4/17159.97,5/17159.97,6/17159.97,7/17159.97,8/17159.97,9/17159.97,10/17159.97,11/17159.97;0/0,1/0,2/0,3/0,4/0,5/0;0/4,1/6,2/8,3/1,4/1,5/0,6/1,7/1,8/3,9/5,10/2,11/0;0/0,1/0,2/0,3/0,4/0,5/0;0/11,1/11,2/15,3/8,4/10,5/6,6/13,7/13,8/5,9/13,10/14,11/13;0/0,1/0,2/0,3/0,4/0,5/0;0/4,1/4,2/3,3/4,4/4,5/4,6/4,7/3,8/3,9/4,10/4,11/4;0/84,1/83,2/65,3/65,4/65,5/86;0/301,1/275,2/243,3/268,4/294,5/294,6/301,7/232,8/238,9/281,10/301,11/294;0/527,1/508,2/412,3/408,4/402,5/512;0/1252,1/1207,2/1022,3/1205,4/1393,5/1338,6/1286,7/1070,8/1056,9/1203,10/1323,11/1324
17219.99;448;3335;6;12;0/11985.59,1/12177.57,2/13130.79,3/13166.5,4/13227.94,5/12136.51;0/4641.86,1/5098.41,2/6949.99,3/5111.99,4/3230.94,5/3783.44,6/4306.9,7/6460.4,8/6631.94,9/5133.94,10/3935.55,11/3927.48;0/17219.99,1/17219.99,2/17219.99,3/17219.99,4/17219.99,5/17219.99;0/17219.99,1/17219.99,2/17219.99,3/17219.99,4/17219.99,5/17219.99,6/17219.99,7/17219.99,8/17219.99,9/17219.99,10/17219.99,11/17219.99;0/0,1/0,2/0,3/0,4/0,5/0;0/7,1/5,2/8,3/9,4/1,5/5,6/3,7/1,8/9,9/0,10/2,11/0;0/0,1/0,2/0,3/0,4/0,5/0;0/11,1/11,2/12,3/16,4/8,5/11,6/14,7/10,8/12,9/8,10/11,11/12;0/0,1/0,2/0,3/0,4/0,5/0;0/4,1/4,2/3,3/4,4/4,5/4,6/4,7/3,8/3,9/4,10/4,11/4;0/84,1/83,2/65,3/65,4/65,5/86;0/302,1/277,2/244,3/270,4/295,5/295,6/303,7/232,8/239,9/281,10/302,11/295;0/527,1/508,2/412,3/408,4/402,5/512;0/1258,1/1213,2/1027,3/1211,4/1399,5/1344,6/1292,7/1076,8/1059,9/1209,10/1329,11/1330
17279.9;448;3345;6;12;0/12045.51,1/12237.48,2/13190.71,3/13226.42,4/13287.85,5/12196.43;0/4669.9,1/5098.7,2/6969.9,3/5112.24,4/3231.25,5/3795.2,6/4307.23,7/6460.58,8/6669.9,9/5134.29,10/3935.67,11/3928.17;0/17279.9,1/17279.9,2/17279.9,3/17279.9,4/17279.9,5/17279.9;0/17279.9,1/17279.9,2/17279.9,3/17279.9,4/17279.9,5/17279.9,6/17279.9,7/17279.9,8/17279.9,9/17279.9,10/17279.9,11/17279.9;0/0,1/0,2/0,3/0,4/0,5/0;0/1,1/4,2/5,3/7,4/2,5/4,6/2,7/5,8/6,9/0,10/4,11/1;0/0,1/0,2/0,3/0,4/0,5/0;0/11,1/15,2/9,3/16,4/10,5/14,6/14,7/15,8/10,9/8,10/13,11/12;0/0,1/0,2/0,3/0,4/0,5/0;0/4,1/4,2/3,3/4,4/4,5/4,6/4,7/3,8/3,9/4,10/4,11/4;0/84,1/83,2/65,3/65,4/65,5/86;0/303,1/278,2/245,3/271,4/296,5/297,6/303,7/233,8/239,9/283,10/302,11/295;0/527,1/508,2/412,3/408,4/402,5/512;0/1261,1/1219,2/1031,3/1217,4/1405,5/1349,6/1298,7/1082,8/1061,9/1215,10/1335,11/1336
17340;448;3357;6;12;0/12105.6,1/12297.58,2/13250.8,3/13286.52,4/13347.95,5/12256.52;0/4676.33,1/5115.06,2/7005.15,3/5160,4/3231.6,5/3800,6/4307.49,7/6461.02,8/6685.29,9/5135.1,10/3938.75,11/3928.42;0/17340,1/17340,2/17340,3/17340,4/17340,5/17340;0/17340,1/17340,2/17340,3/17340,4/17340,5/17340,6/17340,7/17340,8/17340,9/17340,10/17340,11/17340;0/0,1/0,2/0,3/0,4/0,5/0;0/1,1/4,2/7,3/7,4/1,5/3,6/3,7/6,8/5,9/1,10/4,11/4;0/0,1/0,2/0,3/0,4/0,5/0;0/13,1/13,2/12,3/18,4/7,5/14,6/15,7/13,8/8,9/11,10/10,11/11;0/0,1/0,2/0,3/0,4/0,5/0;0/4,1/4,2/3,3/4,4/4,5/4,6/4,7/3,8/3,9/4,10/4,11/4;0/84,1/83,2/65,3/65,4/65,5/86;0/304,1/279,2/246,3/272,4/297,5/297,6/304,7/234,8/240,9/284,10/304,11/296;0/527,1/508,2/412,3/408,4/402,5/512;0/1267,1/1223,2/1034,3/1218,4/1411,5/1354,6/1304,7/1088,8/1066,9/1221,10/1341,11/1342
17399.95;448;3370;6;12;0/12165.55,1/12357.53,2/13310.75,3/13346.46,4/13407.9,5/12316.47;0/4676.52,1/5115.14,2/7005.33,3/5161.37,4/3239.95,5/3801.76,6/4307.78,7/6461.22,8/6703.61,9/5149.23,10/3939.15,11/3928.59;0/17399.95,1/17399.95,2/17399.95,3/17399.95,4/17399.95,5/17399.95;0/17399.95,1/17399.95,2/17399.95,3/17399.95,4/17399.95,5/17399.95,6/17399.95,7/17399.95,8/17399.95,9/17399.95,10/17399.95,11/17399.95;0/0,1/0,2/0,3/0,4/0,5/0;0/3,1/3,2/7,3/4,4/2,5/3,6/3,7/4,8/5,9/4,10/0,11/4;0/0,1/0,2/0,3/0,4/0,5/0;0/14,1/7,2/9,3/12,4/11,5/13,6/11,7/9,8/6,9/11,10/9,11/7;0/0,1/0,2/0,3/0,4/0,5/0;0/4,1/4,2/3,3/4,4/4,5/4,6/4,7/3,8/3,9/4,10/4,11/4;0/84,1/83,2/65,3/65,4/65,5/86;0/304,1/280,2/247,3/273,4/298,5/298,6/305,7/235,8/242,9/285,10/305,11/298;0/527,1/508,2/412,3/408,4/402,5/512;0/1273,1/1229,2/1040,3/1224,4/1416,5/1360,6/1310,7/1094,8/1070,9/1226,10/1347,11/1348
17459.96;448;3383;6;12;0/12225.56,1/12417.54,2/13370.76,3/13406.47,4/13467.91,5/12376.48;0/4677.1,1/5120.53,2/7005.53,3/5161.65,4/3253.02,5/3802.24,6/4308.06,7/6489.96,8/6749.96,9/5149.48,10/3939.57,11/3949.96;0/17459.96,1/17459.96,2/17459.96,3/17459.96,4/17459.96,5/17459.96;0/17459.96,1/17459.96,2/17459.96,3/17459.96,4/17459.96,5/17459.96,6/17459.96,7/17459.96,8/17459.96,9/17459.96,10/17459.96,11/17459.96;0/0,1/0,2/0,3/0,4/0,5/0;0/5,1/3,2/9,3/6,4/8,5/3,6/1,7/3,8/3,9/3,10/0,11/3;0/0,1/0,2/0,3/0,4/0,5/0;0/16,1/8,2/10,3/12,4/17,5/10,6/8,7/8,8/8,9/8,10/9,11/9;0/0,1/0,2/0,3/0,4/0,5/0;0/4,1/4,2/3,3/4,4/4,5/4,6/4,7/3,8/3,9/4,10/4,11/4;0/84,1/83,2/65,3/65,4/65,5/86;0/306,1/281,2/248,3/274,4/300,5/300,6/306,7/235,8/242,9/287,10/306,11/298;0/527,1/508,2/412,3/408,4/402,5/512;0/1279,1/1234,2/1046,3/1230,4/1421,5/1366,6/1316,7/1097,8/1071,9/1232,10/1353,11/1351
17519.95;448;3396;6;12;0/12285.55,1/12477.53,2/13430.75,3/13466.47,4/13527.9,5/12436.48;0/4677.33,1/5150.9,2/7059.95,3/5179.95,4/3253.12,5/3802.41,6/4339.95,7/6518.41,8/6789.03,9/5154.46,10/3939.95,11/4004.19;0/17519.95,1/17519.95,2/17519.95,3/17519.95,4/17519.95,5/17519.95;0/17519.95,1/17519.95,2/17519.95,3/17519.95,4/17519.95,5/17519.95,6/17519.95,7/17519.95,8/17519.95,9/17519.95,10/17519.95,11/17519.95;0/0,1/0,2/0,3/0,4/0,5/0;0/4,1/1,2/8,3/3,4/4,5/5,6/1,7/4,8/5,9/1,10/1,11/2;0/0,1/0,2/0,3/0,4/0,5/0;0/14,1/8,2/10,3/10,4/13,5/13,6/12,7/10,8/9,9/6,10/8,11/8;0/0,1/0,2/0,3/0,4/0,5/0;0/4,1/4,2/3,3/4,4/4,5/4,6/4,7/3,8/3,9/4,10/4,11/4;0/84,1/83,2/65,3/65,4/65,5/86;0/306,1/282,2/248,3/276,4/301,5/301,6/307,7/237,8/244,9/288,10/307,11/299;0/527,1/508,2/412,3/408,4/402,5/512;0/1285,1/1237,2/1046,3/1234,4/1427,5/1372,6/1318,7/1101,8/1074,9/1237,10/1358,11/1352
17580;448;3407;6;12;0/12345.6,1/12537.58,2/13490.8,3/13526.51,4/13587.95,5/12496.52;0/4677.65,1/5163.51,2/7110,3/5196.22,4/3253.47,5/3812.47,6/4348.12,7/6570,8/6789.26,9/5166.76,10/3940.43,11/4004.86;0/17580,1/17580,2/17580,3/17580,4/17580,5/17580;0/17580,1/17580,2/17580,3/17580,4/17580,5/17580,6/17580,7/17580,8/17580,9/17580,10/17580,11/17580;0/0,1/0,2/0,3/0,4/0,5/0;0/12,1/2,2/7,3/2,4/4,5/4,6/1,7/3,8/6,9/6,10/5,11/3;0/0,1/0,2/0,3/0,4/0,5/0;0/19,1/10,2/9,3/8,4/13,5/10,6/11,7/12,8/11,9/11,10/13,11/11;0/0,1/0,2/0,3/0,4/0,5/0;0/4,1/4,2/3,3/4,4/4,5/4,6/4,7/3,8/3,9/4,10/4,11/4;0/84,1/83,2/65,3/65,4/65,5/86;0/307,1/284,2/249,3/277,4/302,5/302,6/308,7/237,8/245,9/289,10/307,11/300;0/527,1/508,2/412,3/408,4/402,5/512;0/1291,1/1242,2/1047,3/1239,4/1433,5/1377,6/1324,7/1101,8/1080,9/1242,10/1364,11/1358
17639.97;448;3421;6;12;0/12405.58,1/12597.55,2/13550.78,3/13586.49,4/13647.92,5/12556.5;0/4677.77,1/5177.26,2/7151.93,3/5219.97,4/3253.61,5/3812.8,6/4348.26,7/6578.22,8/6806.35,9/5181.01,10/3940.77,11/4005.02;0/17639.97,1/17639.97,2/17639.97,3/17639.97,4/17639.97,5/17639.97;0/17639.97,1/17639.97,2/17639.97,3/17639.97,4/17639.97,5/17639.97,6/17639.97,7/17639.97,8/17639.97,9/17639.97,10/17639.97,11/17639.97;0/0,1/0,2/0,3/0,4/0,5/0;0/7,1/7,2/5,3/3,4/3,5/2,6/0,7/2,8/4,9/4,10/7,11/4;0/0,1/0,2/0,3/0,4/0,5/0;0/16,1/15,2/7,3/14,4/8,5/7,6/7,7/9,8/8,9/13,10/21,11/10;0/0,1/0,2/0,3/0,4/0,5/0;0/4,1/4,2/3,3/4,4/4,5/4,6/4,7/3,8/3,9/4,10/4,11/4;0/84,1/83,2/65,3/65,4/65,5/86;0/309,1/285,2/251,3/278,4/303,5/303,6/309,7/238,8/246,9/290,10/308,11/301;0/527,1/508,2/412,3/408,4/402,5/512;0/1297,1/1247,2/1049,3/1242,4/1439,5/1383,6/1330,7/1107,8/1084,9/1246,10/1370,11/1364
17699.97;448;3436;6;12;0/12465.58,1/12657.55,2/13610.78,3/13646.49,4/13707.92,5/12616.5;0/4697.32,1/5184.45,2/7185.4,3/5232.72,4/3259.25,5/3813.2,6/4348.52,7/6578.48,8/6810.33,9/5190.51,10/3940.94,11/4009.97;0/17699.97,1/17699.97,2/17699.97,3/17699.97,4/17699.97,5/17699.97;0/17699.97,1/17699.97,2/17699.97,3/17699.97,4/17699.97,5/17699.97,6/17699.97,7/17699.97,8/17699.97,9/17699.97,10/17699.97,11/17699.97;0/0,1/0,2/0,3/0,4/0,5/0;0/7,1/6,2/3,3/4,4/4,5/4,6/2,7/3,8/6,9/3,10/6,11/6;0/0,1/0,2/0,3/0,4/0,5/0;0/17,1/15,2/8,3/14,4/10,5/11,6/7,7/10,8/11,9/10,10/17,11/11;0/0,1/0,2/0,3/0,4/0,5/0;0/4,1/4,2/3,3/4,4/4,5/4,6/4,7/3,8/3,9/4,10/4,11/4;0/84,1/83,2/65,3/65,4/65,5/86;0/310,1/287,2/252,3/279,4/305,5/305,6/310,7/239,8/247,9/291,10/309,11/302;0/527,1/508,2/412,3/408,4/402,5/512;0/1301,1/1252,2/1052,3/1247,4/1445,5/1389,6/1336,7/1113,8/1089,9/1251,10/1376,11/1369
17759.76;448;3445;6;12;0/12525.36,1/12717.34,2/13670.56,3/13706.28,4/13767.71,5/12676.28;0/4699.76,1/5184.63,2/7197.3,3/5232.93,4/3259.71,5/3843.31,6/4359.76,7/6578.64,8/6839.76,9/5190.64,10/3941.31,11/4062.49;0/17759.76,1/17759.76,2/17759.76,3/17759.76,4/17759.76,5/17759.76;0/17759.76,1/17759.76,2/17759.76,3/17759.76,4/17759.76,5/17759.76,6/17759.76,7/17759.76,8/17759.76,9/17759.76,10/17759.76,11/17759.76;0/0,1/0,2/0,3/0,4/0,5/0;0/7,1/6,2/8,3/2,4/7,5/4,6/4,7/1,8/5,9/3,10/6,11/4;0/0,1/0,2/0,3/0,4/0,5/0;0/17,1/13,2/9,3/9,4/12,5/10,6/13,7/6,8/10,9/8,10/16,11/10;0/0,1/0,2/0,3/0,4/0,5/0;0/4,1/4,2/3,3/4,4/4,5/4,6/4,7/3,8/3,9/4,10/4,11/4;0/84,1/83,2/65,3/65,4/65,5/86;0/310,1/287,2/253,3/280,4/306,5/306,6/311,7/240,8/247,9/293,10/309,11/303;0/527,1/508,2/412,3/408,4/402,5/512;0/1306,1/1258,2/1057,3/1253,4/1451,5/1392,6/1340,7/1119,8/1092,9/1257,10/1382,11/1370
17819.92;448;3458;6;12;0/12585.53,1/12777.5,2/13730.73,3/13766.44,4/13827.87,5/12736.45;0/4715.29,1/5184.94,2/7237.02,3/5233.21,4/3259.92,5/3843.71,6/4370.83,7/6599.92,8/6855.63,9/5229.52,10/3941.68,11/4062.81;0/17819.92,1/17819.92,2/17819.92,3/17819.92,4/17819.92,5/17819.92;0/17819.92,1/17819.92,2/17819.92,3/17819.92,4/17819.92,5/17819.92,6/17819.92,7/17819.92,8/17819.92,9/17819.92,10/17819.92,11/17819.92;0/0,1/0,2/0,3/0,4/0,5/0;0/7,1/4,2/3,3/2,4/4,5/5,6/8,7/3,8/7,9/4,10/7,11/3;0/0,1/0,2/0,3/0,4/0,5/0;0/13,1/13,2/11,3/9,4/9,5/11,6/21,7/11,8/10,9/12,10/14,11/10;0/0,1/0,2/0,3/0,4/0,5/0;0/4,1/4,2/3,3/4,4/4,5/4,6/4,7/3,8/3,9/4,10/4,11/4;0/84,1/83,2/65,3/65,4/65,5/86;0/312,1/288,2/254,3/282,4/307,5/306,6/312,7/240,8/249,9/294,10/310,11/304;0/527,1/508,2/412,3/408,4/402,5/512;0/1311,1/1264,2/1059,3/1259,4/1456,5/1398,6/1345,7/1122,8/1097,9/1260,10/1388,11/1376
17879.97;448;3472;6;12;0/12645.57,1/12837.55,2/13790.78,3/13826.49,4/13887.92,5/12796.5;0/4715.5,1/5185.19,2/7239.97,3/5236.65,4/3299.84,5/3853.17,6/4370.94,7/6615.73,8/6904.25,9/5229.93,10/3941.74,11/4070.08;0/17879.97,1/17879.97,2/17879.97,3/17879.97,4/17879.97,5/17879.97;0/17879.97,1/17879.97,2/17879.97,3/17879.97,4/17879.97,5/17879.97,6/17879.97,7/17879.97,8/17879.97,9/17879.97,10/17879.97,11/17879.97;0/0,1/0,2/0,3/0,4/0,5/0;0/2,1/4,2/3,3/1,4/8,5/6,6/8,7/4,8/2,9/3,10/6,11/0;0/0,1/0,2/0,3/0,4/0,5/0;0/12,1/8,2/8,3/8,4/13,5/11,6/17,7/11,8/10,9/12,10/8,11/6;0/0,1/0,2/0,3/0,4/0,5/0;0/4,1/4,2/3,3/4,4/4,5/4,6/4,7/3,8/3,9/4,10/4,11/4;0/84,1/83,2/65,3/65,4/65,5/86;0/313,1/289,2/254,3/283,4/309,5/308,6/313,7/242,8/250,9/294,10/311,11/306;0/527,1/508,2/412,3/408,4/402,5/512;0/1317,1/1270,2/1064,3/1265,4/1459,5/1403,6/1351,7/1127,8/1098,9/1266,10/1394,11/1381
17939.96;448;3487;6;12;0/12705.56,1/12897.54,2/13850.76,3/13886.47,4/13947.91,5/12856.48;0/4758.74,1/5209.96,2/7246.68,3/5237.24,4/3300.1,5/3879.96,6/4371.06,7/6616.11,8/6910.06,9/5230.06,10/3969.96,11/4070.56;0/17939.96,1/17939.96,2/17939.96,3/17939.96,4/17939.96,5/17939.96;0/17939.96,1/17939.96,2/17939.96,3/17939.96,4/17939.96,5/17939.96,6/17939.96,7/17939.96,8/17939.96,9/17939.96,10/17939.96,11/17939.96;0/0,1/0,2/0,3/0,4/0,5/0;0/1,1/2,2/6,3/2,4/4,5/2,6/8,7/2,8/2,9/2,10/7,11/2;0/0,1/0,2/0,3/0,4/0,5/0;0/10,1/8,2/9,3/6,4/12,5/12,6/15,7/9,8/9,9/9,10/13,11/9;0/0,1/0,2/0,3/0,4/0,5/0;0/4,1/4,2/3,3/4,4/4,5/4,6/4,7/3,8/3,9/4,10/4,11/4;0/84,1/83,2/65,3/65,4/65,5/86;0/314,1/290,2/255,3/285,4/310,5/309,6/314,7/243,8/251,9/296,10/313,11/307;0/527,1/508,2/412,3/408,4/402,5/512;0/1319,1/1273,2/1070,3/1271,4/1464,5/1406,6/1357,7/1133,8/1103,9/1271,10/1397,11/1387
17999.98;448;3500;6;12;0/12765.58,1/12957.56,2/13910.78,3/13946.49,4/14007.93,5/12916.5;0/4759.12,1/5260.15,2/7269.98,3/5237.98,4/3329.25,5/3902.95,6/4379.98,7/6616.54,8/6910.33,9/5230.72,10/3997.84,11/4070.77;0/17999.98,1/17999.98,2/17999.98,3/17999.98,4/17999.98,5/17999.98;0/17999.98,1/17999.98,2/17999.98,3/17999.98,4/17999.98,5/17999.98,6/17999.98,7/17999.98,8/17999.98,9/17999.98,10/17999.98,11/17999.98;0/0,1/0,2/0,3/0,4/0,5/0;0/3,1/0,2/3,3/5,4/2,5/0,6/5,7/6,8/4,9/3,10/4,11/3;0/0,1/0,2/0,3/0,4/0,5/0;0/12,1/7,2/10,3/12,4/17,5/10,6/11,7/13,8/12,9/11,10/11,11/10;0/0,1/0,2/0,3/0,4/0,5/0;0/4,1/4,2/3,3/4,4/4,5/4,6/4,7/3,8/3,9/4,10/4,11/4;0/84,1/83,2/65,3/65,4/65,5/86;0/315,1/291,2/256,3/286,4/312,5/310,6/315,7/244,8/252,9/297,10/314,11/308;0/527,1/508,2/412,3/408,4/402,5/512;0/1325,1/1274,2/1073,3/1277,4/1468,5/1410,6/1362,7/1139,8/1109,9/1277,10/1401,11/1393
18059.99;448;3512;6;12;0/12825.59,1/13017.57,2/13970.79,3/14006.51,4/14067.94,5/12976.51;0/4760.17,1/5260.66,2/7281.68,3/5238.17,4/3329.48,5/3903.25,6/4399.99,7/6616.94,8/6910.66,9/5234.19,10/4016.04,11/4079.99;0/18059.99,1/18059.99,2/18059.99,3/18059.99,4/18059.99,5/18059.99;0/18059.99,1/18059.99,2/18059.99,3/18059.99,4/18059.99,5/18059.99,6/18059.99,7/18059.99,8/18059.99,9/18059.99,10/18059.99,11/18059.99;0/0,1/0,2/0,3/0,4/0,5/0;0/2,1/4,2/2,3/3,4/3,5/0,6/13,7/8,8/3,9/1,10/5,11/4;0/0,1/0,2/0,3/0,4/0,5/0;0/13,1/14,2/7,3/8,4/13,5/10,6/16,7/13,8/9,9/7,10/12,11/12;0/0,1/0,2/0,3/0,4/0,5/0;0/4,1/4,2/3,3/4,4/4,5/4,6/4,7/3,8/3,9/4,10/4,11/4;0/84,1/83,2/65,3/65,4/65,5/86;0/316,1/292,2/257,3/287,4/312,5/311,6/317,7/244,8/253,9/298,10/316,11/309;0/527,1/508,2/412,3/408,4/402,5/512;0/1330,1/1280,2/1078,3/1283,4/1474,5/1416,6/1366,7/1145,8/1115,9/1283,10/1405,11/1398
18119.81;448;3527;6;12;0/12885.42,1/13077.39,2/14030.62,3/14066.33,4/14127.76,5/13036.34;0/4760.47,1/5260.76,2/7282.05,3/5238.6,4/3329.68,5/3903.47,6/4439.81,7/6645.43,8/6911.14,9/5238.3,10/4016.13,11/4084.81;0/18119.81,1/18119.81,2/18119.81,3/18119.81,4/18119.81,5/18119.81;0/18119.81,1/18119.81,2/18119.81,3/18119.81,4/18119.81,5/18119.81,6/18119.81,7/18119.81,8/18119.81,9/18119.81,10/18119.81,11/18119.81;0/0,1/0,2/0,3/0,4/0,5/0;0/5,1/4,2/2,3/5,4/2,5/2,6/7,7/6,8/4,9/2,10/7,11/1;0/0,1/0,2/0,3/0,4/0,5/0;0/14,1/10,2/9,3/14,4/10,5/8,6/16,7/11,8/11,9/6,10/10,11/8;0/0,1/0,2/0,3/0,4/0,5/0;0/4,1/4,2/3,3/4,4/4,5/4,6/4,7/3,8/3,9/4,10/4,11/4;0/84,1/83,2/65,3/65,4/65,5/86;0/317,1/294,2/258,3/288,4/314,5/312,6/318,7/246,8/254,9/299,10/317,11/310;0/527,1/508,2/412,3/408,4/402,5/512;0/1336,1/1286,2/1084,3/1289,4/1480,5/1422,6/1368,7/1148,8/1121,9/1289,10/1411,11/1404
18179.92;448;3538;6;12;0/12945.52,1/13137.5,2/14090.72,3/14126.43,4/14187.87,5/13096.44;0/4760.59,1/5260.94,2/7287.02,3/5238.86,4/3329.92,5/3909.92,6/4470.54,7/6666.89,8/6915.8,9/5238.82,10/4047.02,11/4085.17;0/18179.92,1/18179.92,2/18179.92,3/18179.92,4/18179.92,5/18179.92;0/18179.92,1/18179.92,2/18179.92,3/18179.92,4/18179.92,5/18179.92,6/18179.92,7/18179.92,8/18179.92,9/18179.92,10/18179.92,11/18179.92;0/0,1/0,2/0,3/0,4/0,5/0;0/1,1/1,2/7,3/6,4/2,5/2,6/6,7/4,8/12,9/11,10/8,11/3;0/0,1/0,2/0,3/0,4/0,5/0;0/9,1/8,2/12,3/12,4/10,5/10,6/13,7/10,8/15,9/14,10/14,11/8;0/0,1/0,2/0,3/0,4/0,5/0;0/4,1/4,2/3,3/4,4/4,5/4,6/4,7/3,8/3,9/4,10/4,11/4;0/84,1/83,2/65,3/65,4/65,5/86;0/317,1/294,2/259,3/289,4/315,5/313,6/319,7/247,8/255,9/300,10/319,11/311;0/527,1/508,2/412,3/408,4/402,5/512;0/1342,1/1292,2/1090,3/1295,4/1486,5/1427,6/1371,7/1152,8/1127,9/1295,10/1414,11/1410
18239.99;448;3556;6;12;0/13005.6,1/13197.57,2/14150.8,3/14186.51,4/14247.94,5/13156.52;0/4760.82,1/5265.2,2/7287.16,3/5239.05,4/3330.13,5/3920.27,6/4470.65,7/6679.99,8/6940.27,9/5272.31,10/4047.16,11/4088.47;0/18239.99,1/18239.99,2/18239.99,3/18239.99,4/18239.99,5/18239.99;0/18239.99,1/18239.99,2/18239.99,3/18239.99,4/18239.99,5/18239.99,6/18239.99,7/18239.99,8/18239.99,9/18239.99,10/18239.99,11/18239.99;0/0,1/0,2/0,3/0,4/0,5/0;0/7,1/2,2/7,3/8,4/2,5/2,6/6,7/7,8/7,9/3,10/8,11/2;0/0,1/0,2/0,3/0,4/0,5/0;0/14,1/13,2/11,3/13,4/10,5/11,6/8,7/14,8/16,9/13,10/15,11/9;0/0,1/0,2/0,3/0,4/0,5/0;0/4,1/4,2/3,3/4,4/4,5/4,6/4,7/3,8/3,9/4,10/4,11/4;0/84,1/83,2/65,3/65,4/65,5/86;0/319,1/295,2/260,3/291,4/316,5/316,6/321,7/247,8/256,9/302,10/320,11/313;0/527,1/508,2/412,3/408,4/402,5/512;0/1348,1/1298,2/1096,3/1301,4/1491,5/1432,6/1377,7/1156,8/1130,9/1297,10/1420,11/1416
18299.98;448;3568;6;12;0/13065.58,1/13257.56,2/14210.78,3/14246.5,4/14307.93,5/13216.51;0/4761.06,1/5265.43,2/7290.09,3/5239.98,4/3330.34,5/3920.47,6/4509.98,7/6688.89,8/6940.38,9/5279.15,10/4047.27,11/4107.36;0/18299.98,1/18299.98,2/18299.98,3/18299.98,4/18299.98,5/18299.98;0/18299.98,1/18299.98,2/18299.98,3/18299.98,4/18299.98,5/18299.98,6/18299.98,7/18299.98,8/18299.98,9/18299.98,10/18299.98,11/18299.98;0/0,1/0,2/0,3/0,4/0,5/0;0/3,1/4,2/9,3/6,4/1,5/1,6/6,7/4,8/5,9/8,10/7,11/3;0/0,1/0,2/0,3/0,4/0,5/0;0/11,1/11,2/10,3/12,4/11,5/6,6/13,7/8,8/11,9/18,10/12,11/10;0/0,1/0,2/0,3/0,4/0,5/0;0/4,1/4,2/3,3/4,4/4,5/4,6/4,7/3,8/3,9/4,10/4,11/4;0/84,1/83,2/65,3/65,4/65,5/86;0/320,1/296,2/261,3/292,4/317,5/316,6/322,7/249,8/256,9/303,10/322,11/314;0/527,1/508,2/412,3/408,4/402,5/512;0/1354,1/1304,2/1101,3/1306,4/1497,5/1438,6/1379,7/1162,8/1136,9/1303,10/1426,11/1420
18359.96;448;3580;6;12;0/13125.56,1/13317.54,2/14270.76,3/14306.48,4/14367.91,5/13276.49;0/4778.03,1/5265.62,2/7306.77,3/5281.55,4/3330.6,5/3927.78,6/4569.96,7/6729.96,8/6940.47,9/5279.29,10/4047.48,11/4114.87;0/18359.96,1/18359.96,2/18359.96,3/18359.96,4/18359.96,5/18359.96;0/18359.96,1/18359.96,2/18359.96,3/18359.96,4/18359.96,5/18359.96,6/18359.96,7/18359.96,8/18359.96,9/18359.96,10/18359.96,11/18359.96;0/0,1/0,2/0,3/0,4/0,5/0;0/6,1/0,2/6,3/4,4/2,5/5,6/2,7/2,8/4,9/9,10/7,11/4;0/0,1/0,2/0,3/0,4/0,5/0;0/11,1/8,2/12,3/13,4/14,5/13,6/13,7/8,8/7,9/15,10/10,11/9;0/0,1/0,2/0,3/0,4/0,5/0;0/4,1/4,2/3,3/4,4/4,5/4,6/4,7/3,8/3,9/4,10/4,11/4;0/84,1/83,2/65,3/65,4/65,5/86;0/322,1/297,2/262,3/293,4/318,5/317,6/322,7/249,8/258,9/304,10/323,11/315;0/527,1/508,2/412,3/408,4/402,5/512;0/1359,1/1310,2/1106,3/1308,4/1503,5/1444,6/1379,7/1163,8/1142,9/1309,10/1432,11/1425
18419.98;448;3595;6;12;0/13185.58,1/13377.56,2/14330.78,3/14366.49,4/14427.93,5/13336.5;0/4790.36,1/5265.91,2/7317.22,3/5281.68,4/3335.47,5/3928.19,6/4591.84,7/6741.43,8/6964.43,9/5289.98,10/4059.98,11/4130.94;0/18419.98,1/18419.98,2/18419.98,3/18419.98,4/18419.98,5/18419.98;0/18419.98,1/18419.98,2/18419.98,3/18419.98,4/18419.98,5/18419.98,6/18419.98,7/18419.98,8/18419.98,9/18419.98,10/18419.98,11/18419.98;0/0,1/0,2/0,3/0,4/0,5/0;0/2,1/1,2/7,3/6,4/1,5/5,6/4,7/4,8/3,9/7,10/3,11/3;0/0,1/0,2/0,3/0,4/0,5/0;0/13,1/7,2/10,3/10,4/10,5/9,6/17,7/9,8/10,9/16,10/9,11/9;0/0,1/0,2/0,3/0,4/0,5/0;0/4,1/4,2/3,3/4,4/4,5/4,6/4,7/3,8/3,9/4,10/4,11/4;0/84,1/83,2/65,3/65,4/65,5/86;0/323,1/299,2/264,3/295,4/319,5/318,6/324,7/250,8/259,9/305,10/323,11/316;0/527,1/508,2/412,3/408,4/402,5/512;0/1363,1/1316,2/1111,3/1314,4/1509,5/1450,6/1383,7/1168,8/1146,9/1313,10/1436,11/1429
18480;448;3607;6;12;0/13245.6,1/13437.58,2/14390.8,3/14426.51,4/14487.95,5/13396.52;0/4791.84,1/5266.46,2/7340,3/5281.8,4/3335.71,5/3952.17,6/4592.03,7/6741.71,8/6964.8,9/5311.8,10/4083.04,11/4150;0/18480,1/18480,2/18480,3/18480,4/18480,5/18480;0/18480,1/18480,2/18480,3/18480,4/18480,5/18480,6/18480,7/18480,8/18480,9/18480,10/18480,11/18480;0/0,1/0,2/0,3/0,4/0,5/0;0/2,1/4,2/7,3/2,4/0,5/4,6/6,7/7,8/5,9/3,10/5,11/4;0/0,1/0,2/0,3/0,4/0,5/0;0/10,1/9,2/9,3/8,4/6,5/11,6/14,7/10,8/10,9/12,10/12,11/9;0/0,1/0,2/0,3/0,4/0,5/0;0/4,1/4,2/3,3/4,4/4,5/4,6/4,7/3,8/3,9/4,10/4,11/4;0/84,1/83,2/65,3/65,4/65,5/86;0/324,1/300,2/264,3/295,4/319,5/320,6/325,7/252,8/260,9/306,10/325,11/317;0/527,1/508,2/412,3/408,4/402,5/512;0/1369,1/1322,2/1114,3/1320,4/1515,5/1453,6/1389,7/1174,8/1152,9/1317,10/1440,11/1433
18539.97;448;3620;6;12;0/13305.57,1/13497.55,2/14450.77,3/14486.49,4/14547.92,5/13456.5;0/4792.25,1/5269.97,2/7375.96,3/5288.83,4/3336.38,5/3952.25,6/4594.4,7/6789.97,8/6969.97,9/5312,10/4090.01,11/4179.97;0/18539.97,1/18539.97,2/18539.97,3/18539.97,4/18539.97,5/18539.97;0/18539.97,1/18539.97,2/18539.97,3/18539.97,4/18539.97,5/18539.97,6/18539.97,7/18539.97,8/18539.97,9/18539.97,10/18539.97,11/18539.97;0/0,1/0,2/0,3/0,4/0,5/0;0/2,1/0,2/3,3/4,4/5,5/1,6/5,7/5,8/7,9/4,10/3,11/2;0/0,1/0,2/0,3/0,4/0,5/0;0/9,1/8,2/7,3/11,4/16,5/7,6/11,7/11,8/13,9/13,10/10,11/10;0/0,1/0,2/0,3/0,4/0,5/0;0/4,1/4,2/3,3/4,4/4,5/4,6/4,7/3,8/3,9/4,10/4,11/4;0/84,1/83,2/65,3/65,4/65,5/86;0/324,1/301,2/265,3/297,4/321,5/321,6/326,7/252,8/261,9/307,10/327,11/318;0/527,1/508,2/412,3/408,4/402,5/512;0/1375,1/1327,2/1117,3/1326,4/1521,5/1459,6/1395,7/1175,8/1157,9/1323,10/1445,11/1436
18599.97;448;3636;6;12;0/13365.57,1/13557.55,2/14510.77,3/14546.49,4/14607.92,5/13516.5;0/4792.53,1/5301.31,2/7389.97,3/5288.84,4/3336.79,5/3969.97,6/4594.58,7/6813.36,8/6989.97,9/5312.13,10/4090.93,11/4199.65;0/18599.97,1/18599.97,2/18599.97,3/18599.97,4/18599.97,5/18599.97;0/18599.97,1/18599.97,2/18599.97,3/18599.97,4/18599.97,5/18599.97,6/18599.97,7/18599.97,8/18599.97,9/18599.97,10/18599.97,11/18599.97;0/0,1/0,2/0,3/0,4/0,5/0;0/5,1/0,2/5,3/3,4/3,5/1,6/6,7/4,8/4,9/5,10/3,11/2;0/0,1/0,2/0,3/0,4/0,5/0;0/10,1/7,2/14,3/5,4/11,5/9,6/9,7/10,8/13,9/15,10/11,11/11;0/0,1/0,2/0,3/0,4/0,5/0;0/4,1/4,2/3,3/4,4/4,5/4,6/4,7/3,8/3,9/4,10/4,11/4;0/84,1/83,2/65,3/65,4/65,5/86;0/326,1/302,2/266,3/298,4/322,5/321,6/328,7/253,8/262,9/309,10/328,11/321;0/527,1/508,2/412,3/408,4/402,5/512;0/1381,1/1330,2/1121,3/1332,4/1527,5/1463,6/1401,7/1179,8/1161,9/1329,10/1451,11/1441
18659.94;448;3648;6;12;0/13425.54,1/13617.52,2/14570.74,3/14606.45,4/14667.89,5/13576.46;0/4795.59,1/5302.45,2/7405.2,3/5298.29,4/3336.91,5/3983.29,6/4619.94,7/6829.89,8/7001.01,9/5316.85,10/4110.41,11/4199.89;0/18659.94,1/18659.94,2/18659.94,3/18659.94,4/18659.94,5/18659.94;0/18659.94,1/18659.94,2/18659.94,3/18659.94,4/18659.94,5/18659.94,6/18659.94,7/18659.94,8/18659.94,9/18659.94,10/18659.94,11/18659.94;0/0,1/0,2/0,3/0,4/0,5/0;0/10,1/6,2/3,3/4,4/2,5/0,6/5,7/4,8/3,9/4,10/3,11/5;0/0,1/0,2/0,3/0,4/0,5/0;0/16,1/14,2/10,3/8,4/8,5/8,6/8,7/9,8/10,9/11,10/11,11/16;0/0,1/0,2/0,3/0,4/0,5/0;0/4,1/4,2/3,3/4,4/4,5/4,6/4,7/3,8/3,9/4,10/4,11/4;0/84,1/83,2/65,3/65,4/65,5/86;0/327,1/302,2/267,3/300,4/323,5/323,6/329,7/254,8/263,9/310,10/329,11/321;0/527,1/508,2/412,3/408,4/402,5/512;0/1387,1/1336,2/1126,3/1337,4/1533,5/1468,6/1404,7/1184,8/1166,9/1335,10/1455,11/1447
18719.98;448;3659;6;12;0/13485.58,1/13677.56,2/14630.78,3/14666.5,4/14727.93,5/13636.51;0/4829.98,1/5302.7,2/7416.7,3/5319.98,4/3345.9,5/3983.57,6/4679.98,7/6830.14,8/7004.48,9/5319.98,10/4111.56,11/4219.75;0/18719.98,1/18719.98,2/18719.98,3/18719.98,4/18719.98,5/18719.98;0/18719.98,1/18719.98,2/18719.98,3/18719.98,4/18719.98,5/18719.98,6/18719.98,7/18719.98,8/18719.98,9/18719.98,10/18719.98,11/18719.98;0/0,1/0,2/0,3/0,4/0,5/0;0/6,1/4,2/3,3/0,4/4,5/0,6/1,7/5,8/4,9/3,10/5,11/5;0/0,1/0,2/0,3/0,4/0,5/0;0/17,1/16,2/6,3/7,4/12,5/6,6/8,7/8,8/8,9/6,10/13,11/12;0/0,1/0,2/0,3/0,4/0,5/0;0/4,1/4,2/3,3/4,4/4,5/4,6/4,7/3,8/3,9/4,10/4,11/4;0/84,1/83,2/65,3/65,4/65,5/86;0/327,1/303,2/268,3/301,4/324,5/324,6/329,7/255,8/264,9/311,10/330,11/323;0/527,1/508,2/412,3/408,4/402,5/512;0/1389,1/1342,2/1131,3/1340,4/1538,5/1474,6/1404,7/1189,8/1172,9/1340,10/1461,11/1451
18779.88;448;3675;6;12;0/13545.48,1/13737.46,2/14690.68,3/14726.4,4/14787.83,5/13696.41;0/4833.04,1/5308.64,2/7448.5,3/5360.18,4/3346.48,5/3983.94,6/4684.17,7/6869.48,8/7010.67,9/5358.36,10/4118.26,11/4219.88;0/18779.88,1/18779.88,2/18779.88,3/18779.88,4/18779.88,5/18779.88;0/18779.88,1/18779.88,2/18779.88,3/18779.88,4/18779.88,5/18779.88,6/18779.88,7/18779.88,8/18779.88,9/18779.88,10/18779.88,11/18779.88;0/0,1/0,2/0,3/0,4/0,5/0;0/5,1/4,2/4,3/0,4/5,5/6,6/1,7/4,8/10,9/5,10/6,11/3;0/0,1/0,2/0,3/0,4/0,5/0;0/11,1/12,2/7,3/7,4/13,5/16,6/9,7/7,8/13,9/8,10/11,11/9;0/0,1/0,2/0,3/0,4/0,5/0;0/4,1/4,2/3,3/4,4/4,5/4,6/4,7/3,8/3,9/4,10/4,11/4;0/84,1/83,2/65,3/65,4/65,5/86;0/329,1/305,2/269,3/302,4/325,5/324,6/331,7/256,8/265,9/313,10/332,11/324;0/527,1/508,2/412,3/408,4/402,5/512;0/1395,1/1348,2/1134,3/1342,4/1544,5/1480,6/1410,7/1192,8/1177,9/1343,10/1467,11/1457
18839.99;448;3686;6;12;0/13605.6,1/13797.57,2/14750.8,3/14786.51,4/14847.94,5/13756.52;0/4839.99,1/5308.69,2/7463.87,3/5361.24,4/3346.63,5/3984.22,6/4684.43,7/6875.17,8/7039.99,9/5379.99,10/4129.99,11/4220.02;0/18839.99,1/18839.99,2/18839.99,3/18839.99,4/18839.99,5/18839.99;0/18839.99,1/18839.99,2/18839.99,3/18839.99,4/18839.99,5/18839.99,6/18839.99,7/18839.99,8/18839.99,9/18839.99,10/18839.99,11/18839.99;0/0,1/0,2/0,3/0,4/0,5/0;0/4,1/2,2/2,3/6,4/5,5/8,6/2,7/3,8/9,9/3,10/4,11/2;0/0,1/0,2/0,3/0,4/0,5/0;0/6,1/6,2/5,3/13,4/11,5/16,6/9,7/7,8/13,9/10,10/8,11/6;0/0,1/0,2/0,3/0,4/0,5/0;0/4,1/4,2/3,3/4,4/4,5/4,6/4,7/3,8/3,9/4,10/4,11/4;0/84,1/83,2/65,3/65,4/65,5/86;0/330,1/306,2/270,3/303,4/326,5/325,6/332,7/257,8/266,9/314,10/332,11/325;0/527,1/508,2/412,3/408,4/402,5/512;0/1400,1/1354,2/1138,3/1348,4/1550,5/1486,6/1416,7/1197,8/1180,9/1346,10/1471,11/1462
18899.91;448;3702;6;12;0/13665.52,1/13857.49,2/14810.72,3/14846.43,4/14907.86,5/13816.44;0/4883.04,1/5326.19,2/7509.91,3/5364.55,4/3346.74,5/3984.46,6/4684.9,7/6919.91,8/7085.04,9/5389.91,10/4149.42,11/4229.91;0/18899.91,1/18899.91,2/18899.91,3/18899.91,4/18899.91,5/18899.91;0/18899.91,1/18899.91,2/18899.91,3/18899.91,4/18899.91,5/18899.91,6/18899.91,7/18899.91,8/18899.91,9/18899.91,10/18899.91,11/18899.91;0/0,1/0,2/0,3/0,4/0,5/0;0/2,1/1,2/1,3/6,4/5,5/6,6/2,7/3,8/7,9/2,10/6,11/2;0/0,1/0,2/0,3/0,4/0,5/0;0/7,1/11,2/9,3/12,4/8,5/17,6/9,7/9,8/11,9/6,10/14,11/11;0/0,1/0,2/0,3/0,4/0,5/0;0/4,1/4,2/3,3/4,4/4,5/4,6/4,7/3,8/3,9/4,10/4,11/4;0/84,1/83,2/65,3/65,4/65,5/86;0/332,1/307,2/270,3/305,4/327,5/327,6/334,7/257,8/267,9/316,10/334,11/326;0/527,1/508,2/412,3/408,4/402,5/512;0/1402,1/1358,2/1139,3/1354,4/1556,5/1492,6/1422,7/1198,8/1182,9/1352,10/1476,11/1467
18959.99;448;3716;6;12;0/13725.59,1/13917.57,2/14870.79,3/14906.51,4/14967.94,5/13876.51;0/4893.02,1/5342.67,2/7520.61,3/5409.99,4/3347.05,5/4004.34,6/4685.19,7/6936.21,8/7098.19,9/5409.99,10/4149.66,11/4251.38;0/18959.99,1/18959.99,2/18959.99,3/18959.99,4/18959.99,5/18959.99;0/18959.99,1/18959.99,2/18959.99,3/18959.99,4/18959.99,5/18959.99,6/18959.99,7/18959.99,8/18959.99,9/18959.99,10/18959.99,11/18959.99;0/0,1/0,2/0,3/0,4/0,5/0;0/2,1/2,2/2,3/4,4/4,5/5,6/7,7/2,8/7,9/1,10/8,11/2;0/0,1/0,2/0,3/0,4/0,5/0;0/12,1/11,2/8,3/17,4/6,5/15,6/14,7/7,8/10,9/6,10/13,11/11;0/0,1/0,2/0,3/0,4/0,5/0;0/4,1/4,2/3,3/4,4/4,5/4,6/4,7/3,8/3,9/4,10/4,11/4;0/84,1/83,2/65,3/65,4/65,5/86;0/333,1/309,2/272,3/305,4/329,5/328,6/335,7/258,8/268,9/317,10/335,11/327;0/527,1/508,2/412,3/408,4/402,5/512;0/1407,1/1362,2/1144,3/1355,4/1562,5/1496,6/1428,7/1203,8/1187,9/1355,10/1482,11/1471
19019.97;448;3728;6;12;0/13785.58,1/13977.56,2/14930.78,3/14966.49,4/15027.93,5/13936.5;0/4893.33,1/5342.89,2/7521.45,3/5422.5,4/3372.5,5/4004.38,6/4699.97,7/6936.67,8/7129.97,9/5424.66,10/4159.97,11/4251.79;0/19019.97,1/19019.97,2/19019.97,3/19019.97,4/19019.97,5/19019.97;0/19019.97,1/19019.97,2/19019.97,3/19019.97,4/19019.97,5/19019.97,6/19019.97,7/19019.97,8/19019.97,9/19019.97,10/19019.97,11/19019.97;0/0,1/0,2/0,3/0,4/0,5/0;0/1,1/1,2/8,3/9,4/5,5/4,6/5,7/2,8/5,9/0,10/6,11/5;0/0,1/0,2/0,3/0,4/0,5/0;0/11,1/8,2/19,3/19,4/9,5/9,6/14,7/9,8/9,9/7,10/11,11/13;0/0,1/0,2/0,3/0,4/0,5/0;0/4,1/4,2/3,3/4,4/4,5/4,6/4,7/3,8/3,9/4,10/4,11/4;0/84,1/83,2/65,3/65,4/65,5/86;0/335,1/309,2/273,3/307,4/330,5/329,6/335,7/259,8/269,9/318,10/336,11/328;0/527,1/508,2/412,3/408,4/402,5/512;0/1413,1/1368,2/1150,3/1360,4/1565,5/1502,6/1432,7/1209,8/1189,9/1360,10/1486,11/1477
19080;448;3741;6;12;0/13845.6,1/14037.58,2/14990.8,3/15026.51,4/15087.95,5/13996.52;0/4893.47,1/5354.42,2/7521.7,3/5422.6,4/3390,5/4004.87,6/4736.45,7/6936.84,8/7170,9/5432.95,10/4173.17,11/4251.89;0/19080,1/19080,2/19080,3/19080,4/19080,5/19080;0/19080,1/19080,2/19080,3/19080,4/19080,5/19080,6/19080,7/19080,8/19080,9/19080,10/19080,11/19080;0/0,1/0,2/0,3/0,4/0,5/0;0/0,1/2,2/8,3/11,4/6,5/5,6/4,7/4,8/4,9/0,10/4,11/3;0/0,1/0,2/0,3/0,4/0,5/0;0/7,1/7,2/15,3/21,4/13,5/11,6/13,7/8,8/9,9/10,10/9,11/8;0/0,1/0,2/0,3/0,4/0,5/0;0/4,1/4,2/3,3/4,4/4,5/4,6/4,7/3,8/3,9/4,10/4,11/4;0/84,1/83,2/65,3/65,4/65,5/86;0/335,1/310,2/274,3/308,4/331,5/331,6/336,7/260,8/270,9/320,10/337,11/329;0/527,1/508,2/412,3/408,4/402,5/512;0/1419,1/1373,2/1156,3/1366,4/1569,5/1508,6/1435,7/1215,8/1191,9/1365,10/1491,11/1483
19140;448;3755;6;12;0/13905.6,1/14097.58,2/15050.8,3/15086.51,4/15147.95,5/14056.52;0/4893.98,1/5354.84,2/7521.76,3/5422.69,4/3430,5/4030.08,6/4740.03,7/6950,8/7196.58,9/5436.17,10/4173.56,11/4280;0/19140,1/19140,2/19140,3/19140,4/19140,5/19140;0/19140,1/19140,2/19140,3/19140,4/19140,5/19140,6/19140,7/19140,8/19140,9/19140,10/19140,11/19140;0/0,1/0,2/0,3/0,4/0,5/0;0/2,1/0,2/3,3/12,4/4,5/4,6/4,7/3,8/4,9/5,10/5,11/3;0/0,1/0,2/0,3/0,4/0,5/0;0/8,1/6,2/10,3/19,4/14,5/8,6/10,7/8,8/10,9/16,10/8,11/11;0/0,1/0,2/0,3/0,4/0,5/0;0/4,1/4,2/3,3/4,4/4,5/4,6/4,7/3,8/3,9/4,10/4,11/4;0/84,1/83,2/65,3/65,4/65,5/86;0/336,1/311,2/274,3/309,4/332,5/332,6/338,7/261,8/272,9/321,10/339,11/330;0/527,1/508,2/412,3/408,4/402,5/512;0/1425,1/1379,2/1162,3/1372,4/1571,5/1511,6/1440,7/1219,8/1195,9/1371,10/1497,11/1486
19199.96;448;3769;6;12;0/13965.56,1/14157.54,2/15110.76,3/15146.48,4/15207.91,5/14116.49;0/4894.35,1/5366.96,2/7539.83,3/5426.7,4/3431.05,5/4059.96,6/4740.23,7/7009.96,8/7205.32,9/5436.29,10/4176.38,11/4294.93;0/19199.96,1/19199.96,2/19199.96,3/19199.96,4/19199.96,5/19199.96;0/19199.96,1/19199.96,2/19199.96,3/19199.96,4/19199.96,5/19199.96,6/19199.96,7/19199.96,8/19199.96,9/19199.96,10/19199.96,11/19199.96;0/0,1/0,2/0,3/0,4/0,5/0;0/4,1/6,2/10,3/12,4/6,5/5,6/2,7/1,8/4,9/3,10/7,11/4;0/0,1/0,2/0,3/0,4/0,5/0;0/10,1/16,2/16,3/20,4/13,5/13,6/10,7/8,8/7,9/11,10/9,11/11;0/0,1/0,2/0,3/0,4/0,5/0;0/4,1/4,2/3,3/4,4/4,5/4,6/4,7/3,8/3,9/4,10/4,11/4;0/84,1/83,2/65,3/65,4/65,5/86;0/337,1/312,2/275,3/311,4/334,5/333,6/338,7/261,8/273,9/322,10/341,11/332;0/527,1/508,2/412,3/408,4/402,5/512;0/1431,1/1384,2/1167,3/1378,4/1577,5/1514,6/1446,7/1219,8/1200,9/1377,10/1503,11/1491
19259.91;448;3782;6;12;0/14025.52,1/14217.49,2/15170.72,3/15206.43,4/15267.87,5/14176.44;0/4899.91,1/5367.26,2/7554.38,3/5427.66,4/3431.4,5/4109.91,6/4740.52,7/7012.78,8/7235.41,9/5436.55,10/4209.91,11/4326.55;0/19259.91,1/19259.91,2/19259.91,3/19259.91,4/19259.91,5/19259.91;0/19259.91,1/19259.91,2/19259.91,3/19259.91,4/19259.91,5/19259.91,6/19259.91,7/19259.91,8/19259.91,9/19259.91,10/19259.91,11/19259.91;0/0,1/0,2/0,3/0,4/0,5/0;0/5,1/5,2/5,3/11,4/1,5/4,6/1,7/2,8/7,9/2,10/3,11/2;0/0,1/0,2/0,3/0,4/0,5/0;0/10,1/13,2/12,3/14,4/13,5/15,6/9,7/6,8/9,9/9,10/9,11/10;0/0,1/0,2/0,3/0,4/0,5/0;0/4,1/4,2/3,3/4,4/4,5/4,6/4,7/3,8/3,9/4,10/4,11/4;0/84,1/83,2/65,3/65,4/65,5/86;0/338,1/313,2/276,3/312,4/335,5/334,6/340,7/263,8/274,9/323,10/341,11/333;0/527,1/508,2/412,3/408,4/402,5/512;0/1436,1/1390,2/1171,3/1384,4/1583,5/1515,6/1452,7/1225,8/1203,9/1383,10/1505,11/1494
19320;448;3796;6;12;0/14085.6,1/14277.58,2/15230.8,3/15266.51,4/15327.95,5/14236.52;0/4920,1/5373.8,2/7554.75,3/5454.6,4/3433.8,5/4117.37,6/4740.71,7/7013.58,8/7260,9/5478.63,10/4243.29,11/4330;0/19320,1/19320,2/19320,3/19320,4/19320,5/19320;0/19320,1/19320,2/19320,3/19320,4/19320,5/19320,6/19320,7/19320,8/19320,9/19320,10/19320,11/19320;0/0,1/0,2/0,3/0,4/0,5/0;0/4,1/4,2/4,3/5,4/0,5/7,6/1,7/4,8/7,9/5,10/3,11/4;0/0,1/0,2/0,3/0,4/0,5/0;0/12,1/8,2/13,3/11,4/9,5/18,6/6,7/10,8/11,9/14,10/10,11/9;0/0,1/0,2/0,3/0,4/0,5/0;0/4,1/4,2/3,3/4,4/4,5/4,6/4,7/3,8/3,9/4,10/4,11/4;0/84,1/83,2/65,3/65,4/65,5/86;0/340,1/315,2/278,3/313,4/336,5/335,6/340,7/264,8/274,9/324,10/343,11/334;0/527,1/508,2/412,3/408,4/402,5/512;0/1440,1/1395,2/1177,3/1387,4/1589,5/1521,6/1458,7/1231,8/1206,9/1385,10/1508,11/1499
19379.99;448;3813;6;12;0/14145.59,1/14337.57,2/15290.79,3/15326.5,4/15387.94,5/14296.51;0/4934.98,1/5399.25,2/7554.98,3/5485.33,4/3434.14,5/4121.79,6/4741.27,7/7021.98,8/7279.99,9/5478.85,10/4250.52,11/4369.99;0/19379.99,1/19379.99,2/19379.99,3/19379.99,4/19379.99,5/19379.99;0/19379.99,1/19379.99,2/19379.99,3/19379.99,4/19379.99,5/19379.99,6/19379.99,7/19379.99,8/19379.99,9/19379.99,10/19379.99,11/19379.99;0/0,1/0,2/0,3/0,4/0,5/0;0/2,1/4,2/4,3/6,4/5,5/6,6/2,7/5,8/7,9/3,10/4,11/7;0/0,1/0,2/0,3/0,4/0,5/0;0/12,1/12,2/11,3/10,4/13,5/14,6/6,7/7,8/8,9/13,10/16,11/13;0/0,1/0,2/0,3/0,4/0,5/0;0/4,1/4,2/3,3/4,4/4,5/4,6/4,7/3,8/3,9/4,10/4,11/4;0/84,1/83,2/65,3/65,4/65,5/86;0/342,1/316,2/278,3/315,4/337,5/337,6/342,7/265,8/276,9/325,10/345,11/335;0/527,1/508,2/412,3/408,4/402,5/512;0/1445,1/1399,2/1183,3/1390,4/1595,5/1526,6/1464,7/1236,8/1210,9/1391,10/1513,11/1501
19439.84;448;3822;6;12;0/14205.45,1/14397.42,2/15350.65,3/15386.36,4/15447.79,5/14356.37;0/4939.84,1/5399.53,2/7555.09,3/5519.84,4/3435.04,5/4124.09,6/4751.42,7/7059.84,8/7339.84,9/5479.39,10/4269.84,11/4375.97;0/19439.84,1/19439.84,2/19439.84,3/19439.84,4/19439.84,5/19439.84;0/19439.84,1/19439.84,2/19439.84,3/19439.84,4/19439.84,5/19439.84,6/19439.84,7/19439.84,8/19439.84,9/19439.84,10/19439.84,11/19439.84;0/0,1/0,2/0,3/0,4/0,5/0;0/1,1/2,2/3,3/5,4/11,5/4,6/3,7/5,8/3,9/6,10/2,11/4;0/0,1/0,2/0,3/0,4/0,5/0;0/7,1/12,2/5,3/11,4/20,5/13,6/11,7/6,8/8,9/14,10/14,11/8;0/0,1/0,2/0,3/0,4/0,5/0;0/4,1/4,2/3,3/4,4/4,5/4,6/4,7/3,8/3,9/4,10/4,11/4;0/84,1/83,2/65,3/65,4/65,5/86;0/342,1/317,2/280,3/315,4/339,5/338,6/343,7/266,8/276,9/325,10/345,11/336;0/527,1/508,2/412,3/408,4/402,5/512;0/1450,1/1405,2/1189,3/1392,4/1601,5/1532,6/1469,7/1238,8/1210,9/1397,10/1517,11/1507
19499.95;448;3838;6;12;0/14265.55,1/14457.53,2/15410.75,3/15446.47,4/15507.9,5/14416.48;0/4947.28,1/5399.95,2/7580.65,3/5528.58,4/3440.65,5/4145.28,6/4783.3,7/7119.95,8/7379.95,9/5479.57,10/4284.28,11/4398.58;0/19499.95,1/19499.95,2/19499.95,3/19499.95,4/19499.95,5/19499.95;0/19499.95,1/19499.95,2/19499.95,3/19499.95,4/19499.95,5/19499.95,6/19499.95,7/19499.95,8/19499.95,9/19499.95,10/19499.95,11/19499.95;0/0,1/0,2/0,3/0,4/0,5/0;0/1,1/2,2/3,3/6,4/6,5/2,6/0,7/3,8/6,9/10,10/1,11/3;0/0,1/0,2/0,3/0,4/0,5/0;0/6,1/9,2/7,3/11,4/17,5/9,6/10,7/6,8/13,9/15,10/11,11/13;0/0,1/0,2/0,3/0,4/0,5/0;0/4,1/4,2/3,3/4,4/4,5/4,6/4,7/3,8/3,9/4,10/4,11/4;0/84,1/83,2/65,3/65,4/65,5/86;0/344,1/319,2/281,3/317,4/340,5/339,6/345,7/266,8/277,9/326,10/346,11/338;0/527,1/508,2/412,3/408,4/402,5/512;0/1456,1/1411,2/1192,3/1398,4/1606,5/1536,6/1472,7/1238,8/1212,9/1403,10/1522,11/1511
19559.97;448;3852;6;12;0/14325.57,1/14517.55,2/15470.77,3/15506.49,4/15567.92,5/14476.5;0/4957.1,1/5400.06,2/7599.97,3/5539.97,4/3440.81,5/4156.94,6/4783.56,7/7159.97,8/7394.39,9/5479.76,10/4284.48,11/4398.88;0/19559.97,1/19559.97,2/19559.97,3/19559.97,4/19559.97,5/19559.97;0/19559.97,1/19559.97,2/19559.97,3/19559.97,4/19559.97,5/19559.97,6/19559.97,7/19559.97,8/19559.97,9/19559.97,10/19559.97,11/19559.97;0/0,1/0,2/0,3/0,4/0,5/0;0/3,1/1,2/2,3/7,4/5,5/1,6/3,7/3,8/8,9/4,10/4,11/4;0/0,1/0,2/0,3/0,4/0,5/0;0/9,1/6,2/7,3/10,4/16,5/9,6/18,7/8,8/13,9/10,10/12,11/12;0/0,1/0,2/0,3/0,4/0,5/0;0/4,1/4,2/3,3/4,4/4,5/4,6/4,7/3,8/3,9/4,10/4,11/4;0/84,1/83,2/65,3/65,4/65,5/86;0/346,1/320,2/281,3/318,4/341,5/341,6/346,7/268,8/279,9/328,10/346,11/338;0/527,1/508,2/412,3/408,4/402,5/512;0/1461,1/1416,2/1196,3/1402,4/1612,5/1541,6/1478,7/1240,8/1217,9/1409,10/1528,11/1517
19619.98;448;3865;6;12;0/14385.58,1/14577.56,2/15530.78,3/15566.5,4/15627.93,5/14536.51;0/4957.34,1/5400.32,2/7608.5,3/5589.98,4/3442.32,5/4157.11,6/4783.92,7/7183.16,8/7394.48,9/5479.98,10/4285.05,11/4404.54;0/19619.98,1/19619.98,2/19619.98,3/19619.98,4/19619.98,5/19619.98;0/19619.98,1/19619.98,2/19619.98,3/19619.98,4/19619.98,5/19619.98,6/19619.98,7/19619.98,8/19619.98,9/19619.98,10/19619.98,11/19619.98;0/0,1/0,2/0,3/0,4/0,5/0;0/5,1/0,2/5,3/4,4/5,5/3,6/11,7/4,8/5,9/4,10/5,11/4;0/0,1/0,2/0,3/0,4/0,5/0;0/13,1/6,2/12,3/11,4/14,5/9,6/27,7/11,8/9,9/11,10/14,11/14;0/0,1/0,2/0,3/0,4/0,5/0;0/4,1/4,2/3,3/4,4/4,5/4,6/4,7/3,8/3,9/4,10/4,11/4;0/84,1/83,2/65,3/65,4/65,5/86;0/347,1/321,2/283,3/319,4/342,5/341,6/347,7/269,8/280,9/329,10/347,11/340;0/527,1/508,2/412,3/408,4/402,5/512;0/1467,1/1422,2/1202,3/1403,4/1618,5/1547,6/1484,7/1244,8/1223,9/1414,10/1534,11/1522
19679.95;448;3875;6;12;0/14445.55,1/14637.53,2/15590.75,3/15626.46,4/15687.9,5/14596.47;0/4986.9,1/5430.15,2/7629.95,3/5609.73,4/3442.43,5/4157.62,6/4784.02,7/7183.71,8/7439.95,9/5480.41,10/4285.35,11/4404.61;0/19679.95,1/19679.95,2/19679.95,3/19679.95,4/19679.95,5/19679.95;0/19679.95,1/19679.95,2/19679.95,3/19679.95,4/19679.95,5/19679.95,6/19679.95,7/19679.95,8/19679.95,9/19679.95,10/19679.95,11/19679.95;0/0,1/0,2/0,3/0,4/0,5/0;0/2,1/4,2/6,3/3,4/6,5/7,6/8,7/7,8/3,9/1,10/6,11/1;0/0,1/0,2/0,3/0,4/0,5/0;0/12,1/11,2/12,3/10,4/13,5/13,6/23,7/11,8/8,9/10,10/11,11/10;0/0,1/0,2/0,3/0,4/0,5/0;0/4,1/4,2/3,3/4,4/4,5/4,6/4,7/3,8/3,9/4,10/4,11/4;0/84,1/83,2/65,3/65,4/65,5/86;0/348,1/322,2/283,3/320,4/343,5/343,6/347,7/270,8/280,9/330,10/349,11/340;0/527,1/508,2/412,3/408,4/402,5/512;0/1470,1/1425,2/1205,3/1408,4/1624,5/1553,6/1490,7/1250,8/1224,9/1420,10/1540,11/1528
19739.98;448;3890;6;12;0/14505.59,1/14697.56,2/15650.79,3/15686.5,4/15747.93,5/14656.51;0/4987.13,1/5450.86,2/7639.98,3/5610.05,4/3442.63,5/4157.75,6/4784.26,7/7199.98,8/7469.98,9/5507.13,10/4285.47,11/4404.85;0/19739.98,1/19739.98,2/19739.98,3/19739.98,4/19739.98,5/19739.98;0/19739.98,1/19739.98,2/19739.98,3/19739.98,4/19739.98,5/19739.98,6/19739.98,7/19739.98,8/19739.98,9/19739.98,10/19739.98,11/19739.98;0/0,1/0,2/0,3/0,4/0,5/0;0/4,1/3,2/6,3/2,4/1,5/5,6/8,7/8,8/4,9/2,10/5,11/4;0/0,1/0,2/0,3/0,4/0,5/0;0/14,1/11,2/11,3/7,4/10,5/8,6/23,7/9,8/9,9/13,10/12,11/12;0/0,1/0,2/0,3/0,4/0,5/0;0/4,1/4,2/3,3/4,4/4,5/4,6/4,7/3,8/3,9/4,10/4,11/4;0/84,1/83,2/65,3/65,4/65,5/86;0/349,1/323,2/284,3/322,4/345,5/344,6/348,7/271,8/281,9/331,10/350,11/342;0/527,1/508,2/412,3/408,4/402,5/512;0/1476,1/1429,2/1210,3/1413,4/1630,5/1559,6/1496,7/1254,8/1227,9/1424,10/1546,11/1534
19799.87;448;3902;6;12;0/14565.47,1/14757.45,2/15710.67,3/15746.39,4/15807.82,5/14716.4;0/4987.35,1/5451,2/7665.94,3/5614.35,4/3444.35,5/4181.13,6/4784.35,7/7259.87,8/7490.37,9/5507.28,10/4299.87,11/4405.24;0/19799.87,1/19799.87,2/19799.87,3/19799.87,4/19799.87,5/19799.87;0/19799.87,1/19799.87,2/19799.87,3/19799.87,4/19799.87,5/19799.87,6/19799.87,7/19799.87,8/19799.87,9/19799.87,10/19799.87,11/19799.87;0/0,1/0,2/0,3/0,4/0,5/0;0/10,1/2,2/4,3/5,4/3,5/2,6/5,7/5,8/4,9/2,10/8,11/3;0/0,1/0,2/0,3/0,4/0,5/0;0/21,1/8,2/7,3/11,4/13,5/10,6/17,7/9,8/8,9/11,10/14,11/12;0/0,1/0,2/0,3/0,4/0,5/0;0/4,1/4,2/3,3/4,4/4,5/4,6/4,7/3,8/3,9/4,10/4,11/4;0/84,1/83,2/65,3/65,4/65,5/86;0/349,1/324,2/285,3/324,4/346,5/345,6/349,7/271,8/283,9/332,10/351,11/343;0/527,1/508,2/412,3/408,4/402,5/512;0/1482,1/1435,2/1214,3/1419,4/1636,5/1562,6/1502,7/1254,8/1231,9/1430,10/1550,11/1540
19859.99;448;3917;6;12;0/14625.59,1/14817.57,2/15770.79,3/15806.51,4/15867.94,5/14776.52;0/4987.4,1/5451.35,2/7679.99,3/5629.99,4/3478.53,5/4219.99,6/4784.46,7/7288.47,8/7539.99,9/5507.4,10/4304.76,11/4405.32;0/19859.99,1/19859.99,2/19859.99,3/19859.99,4/19859.99,5/19859.99;0/19859.99,1/19859.99,2/19859.99,3/19859.99,4/19859.99,5/19859.99,6/19859.99,7/19859.99,8/19859.99,9/19859.99,10/19859.99,11/19859.99;0/0,1/0,2/0,3/0,4/0,5/0;0/8,1/6,2/4,3/2,4/3,5/1,6/5,7/5,8/3,9/2,10/8,11/3;0/0,1/0,2/0,3/0,4/0,5/0;0/18,1/8,2/9,3/11,4/15,5/11,6/11,7/7,8/10,9/9,10/12,11/10;0/0,1/0,2/0,3/0,4/0,5/0;0/4,1/4,2/3,3/4,4/4,5/4,6/4,7/3,8/3,9/4,10/4,11/4;0/84,1/83,2/65,3/65,4/65,5/86;0/351,1/326,2/286,3/324,4/347,5/346,6/350,7/274,8/283,9/333,10/353,11/344;0/527,1/508,2/412,3/408,4/402,5/512;0/1488,1/1441,2/1218,3/1423,4/1639,5/1564,6/1508,7/1258,8/1232,9/1436,10/1556,11/1546
19919.97;448;3930;6;12;0/14685.57,1/14877.55,2/15830.77,3/15866.48,4/15927.92,5/14836.49;0/4987.77,1/5499.97,2/7712.96,3/5663.86,4/3478.77,5/4225.01,6/4790.42,7/7319.97,8/7548.81,9/5507.82,10/4329.97,11/4405.9;0/19919.97,1/19919.97,2/19919.97,3/19919.97,4/19919.97,5/19919.97;0/19919.97,1/19919.97,2/19919.97,3/19919.97,4/19919.97,5/19919.97,6/19919.97,7/19919.97,8/19919.97,9/19919.97,10/19919.97,11/19919.97;0/0,1/0,2/0,3/0,4/0,5/0;0/6,1/3,2/5,3/0,4/2,5/1,6/4,7/4,8/4,9/5,10/6,11/4;0/0,1/0,2/0,3/0,4/0,5/0;0/19,1/12,2/11,3/8,4/13,5/8,6/10,7/10,8/10,9/11,10/9,11/12;0/0,1/0,2/0,3/0,4/0,5/0;0/4,1/4,2/3,3/4,4/4,5/4,6/4,7/3,8/3,9/4,10/4,11/4;0/84,1/83,2/65,3/65,4/65,5/86;0/352,1/326,2/287,3/325,4/348,5/347,6/351,7/274,8/285,9/335,10/354,11/346;0/527,1/508,2/412,3/408,4/402,5/512;0/1494,1/1442,2/1221,3/1426,4/1645,5/1570,6/1513,7/1260,8/1238,9/1442,10/1559,11/1552
19979.97;448;3946;6;12;0/14745.57,1/14937.55,2/15890.77,3/15926.48,4/15987.92,5/14896.49;0/4987.8,1/5518.17,2/7713.45,3/5664.69,4/3479.04,5/4225.3,6/4809.97,7/7350.45,8/7549.04,9/5512.64,10/4374.58,11/4419.97;0/19979.97,1/19979.97,2/19979.97,3/19979.97,4/19979.97,5/19979.97;0/19979.97,1/19979.97,2/19979.97,3/19979.97,4/19979.97,5/19979.97,6/19979.97,7/19979.97,8/19979.97,9/19979.97,10/19979.97,11/19979.97;0/0,1/0,2/0,3/0,4/0,5/0;0/5,1/3,2/7,3/0,4/4,5/3,6/4,7/7,8/6,9/6,10/4,11/0;0/0,1/0,2/0,3/0,4/0,5/0;0/13,1/10,2/10,3/7,4/12,5/11,6/10,7/14,8/10,9/13,10/7,11/9;0/0,1/0,2/0,3/0,4/0,5/0;0/4,1/4,2/3,3/4,4/4,5/4,6/4,7/3,8/3,9/4,10/4,11/4;0/84,1/83,2/65,3/65,4/65,5/86;0/353,1/329,2/288,3/327,4/349,5/349,6/352,7/275,8/286,9/336,10/356,11/346;0/527,1/508,2/412,3/408,4/402,5/512;0/1500,1/1447,2/1227,3/1432,4/1651,5/1576,6/1517,7/1263,8/1244,9/1447,10/1561,11/1556
20039.67;448;3956;6;12;0/14805.28,1/14997.25,2/15950.48,3/15986.19,4/16047.62,5/14956.2;0/4987.97,1/5532.69,2/7713.83,3/5665.59,4/3479.37,5/4225.55,6/4812.97,7/7399.63,8/7559.67,9/5545.97,10/4409.67,11/4434.29;0/20039.67,1/20039.67,2/20039.67,3/20039.67,4/20039.67,5/20039.67;0/20039.67,1/20039.67,2/20039.67,3/20039.67,4/20039.67,5/20039.67,6/20039.67,7/20039.67,8/20039.67,9/20039.67,10/20039.67,11/20039.67;0/0,1/0,2/0,3/0,4/0,5/0;0/5,1/0,2/5,3/0,4/4,5/3,6/4,7/7,8/6,9/8,10/5,11/0;0/0,1/0,2/0,3/0,4/0,5/0;0/8,1/10,2/8,3/6,4/10,5/14,6/11,7/12,8/10,9/16,10/9,11/8;0/0,1/0,2/0,3/0,4/0,5/0;0/4,1/4,2/3,3/4,4/4,5/4,6/4,7/3,8/3,9/4,10/4,11/4;0/84,1/83,2/65,3/65,4/65,5/86;0/353,1/330,2/289,3/327,4/350,5/350,6/353,7/276,8/286,9/337,10/357,11/348;0/527,1/508,2/412,3/408,4/402,5/512;0/1506,1/1451,2/1233,3/1438,4/1657,5/1582,6/1523,7/1265,8/1248,9/1450,10/1563,11/1561
20099.84;448;3970;6;12;0/14865.44,1/15057.42,2/16010.65,3/16046.36,4/16107.79,5/15016.37;0/5029.84,1/5533.05,2/7763.68,3/5665.94,4/3479.66,5/4225.79,6/4819.84,7/7399.75,8/7587.89,9/5546.06,10/4420.76,11/4434.64;0/20099.84,1/20099.84,2/20099.84,3/20099.84,4/20099.84,5/20099.84;0/20099.84,1/20099.84,2/20099.84,3/20099.84,4/20099.84,5/20099.84,6/20099.84,7/20099.84,8/20099.84,9/20099.84,10/20099.84,11/20099.84;0/0,1/0,2/0,3/0,4/0,5/0;0/4,1/2,2/5,3/5,4/9,5/4,6/9,7/4,8/6,9/6,10/3,11/0;0/0,1/0,2/0,3/0,4/0,5/0;0/9,1/16,2/10,3/17,4/17,5/11,6/14,7/9,8/12,9/10,10/12,11/9;0/0,1/0,2/0,3/0,4/0,5/0;0/4,1/4,2/3,3/4,4/4,5/4,6/4,7/3,8/3,9/4,10/4,11/4;0/84,1/83,2/65,3/65,4/65,5/86;0/354,1/330,2/290,3/328,4/351,5/351,6/354,7/277,8/288,9/338,10/360,11/349;0/527,1/508,2/412,3/408,4/402,5/512;0/1507,1/1457,2/1234,3/1444,4/1663,5/1588,6/1528,7/1271,8/1252,9/1456,10/1568,11/1567
20159.85;448;3985;6;12;0/14925.46,1/15117.43,2/16070.66,3/16106.37,4/16167.8,5/15076.38;0/5048.1,1/5533.62,2/7763.79,3/5692.36,4/3511.16,5/4226.08,6/4845.91,7/7405.22,8/7628.31,9/5549.85,10/4421.07,11/4434.81;0/20159.85,1/20159.85,2/20159.85,3/20159.85,4/20159.85,5/20159.85;0/20159.85,1/20159.85,2/20159.85,3/20159.85,4/20159.85,5/20159.85,6/20159.85,7/20159.85,8/20159.85,9/20159.85,10/20159.85,11/20159.85;0/0,1/0,2/0,3/0,4/0,5/0;0/0,1/4,2/5,3/6,4/5,5/4,6/11,7/2,8/3,9/10,10/5,11/0;0/0,1/0,2/0,3/0,4/0,5/0;0/7,1/18,2/8,3/17,4/20,5/11,6/14,7/6,8/11,9/12,10/16,11/10;0/0,1/0,2/0,3/0,4/0,5/0;0/4,1/4,2/3,3/4,4/4,5/4,6/4,7/3,8/3,9/4,10/4,11/4;0/84,1/83,2/65,3/65,4/65,5/86;0/356,1/332,2/290,3/329,4/352,5/353,6/356,7/278,8/289,9/340,10/360,11/350;0/527,1/508,2/412,3/408,4/402,5/512;0/1512,1/1463,2/1240,3/1447,4/1665,5/1594,6/1532,7/1276,8/1254,9/1461,10/1574,11/1573
20219.73;448;3997;6;12;0/14985.33,1/15177.31,2/16130.53,3/16166.24,4/16227.68,5/15136.25;0/5049.73,1/5533.78,2/7799.73,3/5692.51,4/3511.26,5/4230.29,6/4879.73,7/7409.73,8/7628.55,9/5599.73,10/4435.66,11/4435.34;0/20219.73,1/20219.73,2/20219.73,3/20219.73,4/20219.73,5/20219.73;0/20219.73,1/20219.73,2/20219.73,3/20219.73,4/20219.73,5/20219.73,6/20219.73,7/20219.73,8/20219.73,9/20219.73,10/20219.73,11/20219.73;0/0,1/0,2/0,3/0,4/0,5/0;0/6,1/4,2/4,3/4,4/5,5/4,6/6,7/3,8/1,9/6,10/5,11/5;0/0,1/0,2/0,3/0,4/0,5/0;0/11,1/13,2/12,3/15,4/14,5/9,6/16,7/9,8/12,9/14,10/11,11/14;0/0,1/0,2/0,3/0,4/0,5/0;0/4,1/4,2/3,3/4,4/4,5/4,6/4,7/3,8/3,9/4,10/4,11/4;0/84,1/83,2/65,3/65,4/65,5/86;0/357,1/332,2/291,3/330,4/353,5/355,6/357,7/279,8/290,9/341,10/361,11/351;0/527,1/508,2/412,3/408,4/402,5/512;0/1517,1/1469,2/1242,3/1453,4/1671,5/1599,6/1534,7/1281,8/1260,9/1462,10/1579,11/1579
20279.98;448;4010;6;12;0/15045.58,1/15237.56,2/16190.78,3/16226.5,4/16287.93,5/15196.5;0/5089.98,1/5533.89,2/7824.27,3/5692.55,4/3511.27,5/4230.44,6/4903.38,7/7416.35,8/7628.81,9/5600.06,10/4436.15,11/4435.55;0/20279.98,1/20279.98,2/20279.98,3/20279.98,4/20279.98,5/20279.98;0/20279.98,1/20279.98,2/20279.98,3/20279.98,4/20279.98,5/20279.98,6/20279.98,7/20279.98,8/20279.98,9/20279.98,10/20279.98,11/20279.98;0/0,1/0,2/0,3/0,4/0,5/0;0/0,1/5,2/2,3/3,4/3,5/3,6/4,7/5,8/1,9/4,10/3,11/2;0/0,1/0,2/0,3/0,4/0,5/0;0/11,1/10,2/9,3/10,4/8,5/5,6/12,7/11,8/9,9/8,10/7,11/12;0/0,1/0,2/0,3/0,4/0,5/0;0/4,1/4,2/3,3/4,4/4,5/4,6/4,7/3,8/3,9/4,10/4,11/4;0/84,1/83,2/65,3/65,4/65,5/86;0/358,1/333,2/292,3/331,4/354,5/356,6/358,7/280,8/290,9/343,10/363,11/352;0/527,1/508,2/412,3/408,4/402,5/512;0/1519,1/1475,2/1246,3/1459,4/1677,5/1605,6/1538,7/1287,8/1266,9/1468,10/1585,11/1585
20339.98;448;4023;6;12;0/15105.59,1/15297.56,2/16250.79,3/16286.5,4/16347.93,5/15256.51;0/5094.02,1/5534.24,2/7825.05,3/5692.84,4/3519.98,5/4259.98,6/4909.29,7/7443.23,8/7632.44,9/5600.36,10/4489.98,11/4435.85;0/20339.98,1/20339.98,2/20339.98,3/20339.98,4/20339.98,5/20339.98;0/20339.98,1/20339.98,2/20339.98,3/20339.98,4/20339.98,5/20339.98,6/20339.98,7/20339.98,8/20339.98,9/20339.98,10/20339.98,11/20339.98;0/0,1/0,2/0,3/0,4/0,5/0;0/2,1/4,2/6,3/1,4/4,5/2,6/4,7/3,8/3,9/2,10/1,11/3;0/0,1/0,2/0,3/0,4/0,5/0;0/12,1/8,2/13,3/6,4/9,5/7,6/10,7/10,8/10,9/8,10/9,11/14;0/0,1/0,2/0,3/0,4/0,5/0;0/4,1/4,2/3,3/4,4/4,5/4,6/4,7/3,8/3,9/4,10/4,11/4;0/84,1/83,2/65,3/65,4/65,5/86;0/360,1/335,2/293,3/332,4/355,5/356,6/360,7/281,8/291,9/344,10/363,11/353;0/527,1/508,2/412,3/408,4/402,5/512;0/1525,1/1481,2/1252,3/1465,4/1682,5/1608,6/1544,7/1290,8/1271,9/1474,10/1585,11/1591
20399.77;448;4036;6;12;0/15165.38,1/15357.35,2/16310.58,3/16346.29,4/16407.73,5/15316.3;0/5094.26,1/5585.61,2/7869.77,3/5719.77,4/3568.61,5/4298.77,6/4913.51,7/7443.39,8/7632.67,9/5605.24,10/4506.39,11/4439.77;0/20399.77,1/20399.77,2/20399.77,3/20399.77,4/20399.77,5/20399.77;0/20399.77,1/20399.77,2/20399.77,3/20399.77,4/20399.77,5/20399.77,6/20399.77,7/20399.77,8/20399.77,9/20399.77,10/20399.77,11/20399.77;0/0,1/0,2/0,3/0,4/0,5/0;0/2,1/1,2/2,3/1,4/4,5/2,6/4,7/5,8/6,9/2,10/1,11/3;0/0,1/0,2/0,3/0,4/0,5/0;0/14,1/9,2/13,3/13,4/10,5/8,6/12,7/9,8/12,9/9,10/10,11/12;0/0,1/0,2/0,3/0,4/0,5/0;0/4,1/4,2/3,3/4,4/4,5/4,6/4,7/3,8/3,9/4,10/4,11/4;0/84,1/83,2/65,3/65,4/65,5/86;0/361,1/336,2/293,3/333,4/357,5/358,6/361,7/282,8/292,9/345,10/365,11/353;0/527,1/508,2/412,3/408,4/402,5/512;0/1531,1/1482,2/1253,3/1468,4/1684,5/1611,6/1549,7/1296,8/1277,9/1480,10/1590,11/1596
20459.97;448;4049;6;12;0/15225.58,1/15417.55,2/16370.78,3/16406.49,4/16467.92,5/15376.5;0/5094.59,1/5590.01,2/7878.74,3/5727.13,4/3568.79,5/4298.97,6/4937.06,7/7460.97,8/7659.97,9/5609.97,10/4519.97,11/4441.92;0/20459.97,1/20459.97,2/20459.97,3/20459.97,4/20459.97,5/20459.97;0/20459.97,1/20459.97,2/20459.97,3/20459.97,4/20459.97,5/20459.97,6/20459.97,7/20459.97,8/20459.97,9/20459.97,10/20459.97,11/20459.97;0/0,1/0,2/0,3/0,4/0,5/0;0/1,1/2,2/3,3/0,4/6,5/2,6/6,7/3,8/3,9/6,10/7,11/4;0/0,1/0,2/0,3/0,4/0,5/0;0/13,1/10,2/12,3/9,4/10,5/6,6/19,7/7,8/11,9/14,10/13,11/12;0/0,1/0,2/0,3/0,4/0,5/0;0/4,1/4,2/3,3/4,4/4,5/4,6/4,7/3,8/3,9/4,10/4,11/4;0/84,1/83,2/65,3/65,4/65,5/86;0/362,1/338,2/294,3/334,4/358,5/359,6/362,7/283,8/292,9/346,10/366,11/355;0/527,1/508,2/412,3/408,4/402,5/512;0/1537,1/1487,2/1259,3/1474,4/1690,5/1617,6/1553,7/1300,8/1280,9/1485,10/1594,11/1602
20519.98;448;4061;6;12;0/15285.59,1/15477.56,2/16430.79,3/16466.5,4/16527.93,5/15436.51;0/5094.79,1/5590.17,2/7878.96,3/5727.76,4/3609.98,5/4309.98,6/4937.23,7/7499.98,8/7660.34,9/5612.78,10/4535.14,11/4455.92;0/20519.98,1/20519.98,2/20519.98,3/20519.98,4/20519.98,5/20519.98;0/20519.98,1/20519.98,2/20519.98,3/20519.98,4/20519.98,5/20519.98,6/20519.98,7/20519.98,8/20519.98,9/20519.98,10/20519.98,11/20519.98;0/0,1/0,2/0,3/0,4/0,5/0;0/2,1/1,2/5,3/3,4/5,5/2,6/8,7/4,8/3,9/4,10/3,11/3;0/0,1/0,2/0,3/0,4/0,5/0;0/13,1/8,2/11,3/14,4/12,5/10,6/18,7/10,8/7,9/13,10/13,11/12;0/0,1/0,2/0,3/0,4/0,5/0;0/4,1/4,2/3,3/4,4/4,5/4,6/4,7/3,8/3,9/4,10/4,11/4;0/84,1/83,2/65,3/65,4/65,5/86;0/363,1/338,2/296,3/335,4/359,5/360,6/362,7/283,8/294,9/348,10/367,11/356;0/527,1/508,2/412,3/408,4/402,5/512;0/1543,1/1493,2/1265,3/1480,4/1691,5/1621,6/1559,7/1302,8/1286,9/1491,10/1599,11/1607
20579.97;448;4072;6;12;0/15345.57,1/15537.55,2/16490.77,3/16526.49,4/16587.92,5/15496.5;0/5094.87,1/5590.54,2/7879.3,3/5727.99,4/3632.54,5/4339.97,6/4937.33,7/7524.54,8/7660.54,9/5634.79,10/4569.93,11/4464.45;0/20579.97,1/20579.97,2/20579.97,3/20579.97,4/20579.97,5/20579.97;0/20579.97,1/20579.97,2/20579.97,3/20579.97,4/20579.97,5/20579.97,6/20579.97,7/20579.97,8/20579.97,9/20579.97,10/20579.97,11/20579.97;0/0,1/0,2/0,3/0,4/0,5/0;0/0,1/0,2/3,3/5,4/3,5/2,6/11,7/3,8/3,9/6,10/6,11/2;0/0,1/0,2/0,3/0,4/0,5/0;0/7,1/7,2/8,3/12,4/8,5/13,6/18,7/8,8/7,9/13,10/14,11/8;0/0,1/0,2/0,3/0,4/0,5/0;0/4,1/4,2/3,3/4,4/4,5/4,6/4,7/3,8/3,9/4,10/4,11/4;0/84,1/83,2/65,3/65,4/65,5/86;0/364,1/339,2/296,3/336,4/360,5/361,6/363,7/285,8/294,9/349,10/368,11/357;0/527,1/508,2/412,3/408,4/402,5/512;0/1549,1/1499,2/1271,3/1486,4/1695,5/1624,6/1565,7/1306,8/1292,9/1495,10/1602,11/1612
20639.99;448;4084;6;12;0/15405.59,1/15597.57,2/16550.79,3/16586.5,4/16647.94,5/15556.51;0/5095.55,1/5590.88,2/7899.36,3/5728.27,4/3637.55,5/4362.98,6/4937.41,7/7559.99,8/7689.99,9/5634.88,10/4570.02,11/4479.99;0/20639.99,1/20639.99,2/20639.99,3/20639.99,4/20639.99,5/20639.99;0/20639.99,1/20639.99,2/20639.99,3/20639.99,4/20639.99,5/20639.99,6/20639.99,7/20639.99,8/20639.99,9/20639.99,10/20639.99,11/20639.99;0/0,1/0,2/0,3/0,4/0,5/0;0/3,1/3,2/6,3/8,4/3,5/1,6/9,7/2,8/3,9/6,10/4,11/4;0/0,1/0,2/0,3/0,4/0,5/0;0/13,1/9,2/10,3/13,4/5,5/13,6/12,7/8,8/9,9/9,10/13,11/10;0/0,1/0,2/0,3/0,4/0,5/0;0/4,1/4,2/3,3/4,4/4,5/4,6/4,7/3,8/3,9/4,10/4,11/4;0/84,1/83,2/65,3/65,4/65,5/86;0/365,1/340,2/297,3/337,4/362,5/362,6/364,7/285,8/295,9/350,10/369,11/358;0/527,1/508,2/412,3/408,4/402,5/512;0/1555,1/1505,2/1275,3/1492,4/1701,5/1628,6/1571,7/1308,8/1295,9/1501,10/1607,11/1616
20699.98;448;4099;6;12;0/15465.58,1/15657.56,2/16610.78,3/16646.49,4/16707.93,5/15616.5;0/5108.74,1/5591.66,2/7916.61,3/5739.98,4/3669.98,5/4378.79,6/4979.98,7/7569.98,8/7693.94,9/5669.98,10/4570.38,11/4486.41;0/20699.98,1/20699.98,2/20699.98,3/20699.98,4/20699.98,5/20699.98;0/20699.98,1/20699.98,2/20699.98,3/20699.98,4/20699.98,5/20699.98,6/20699.98,7/20699.98,8/20699.98,9/20699.98,10/20699.98,11/20699.98;0/0,1/0,2/0,3/0,4/0,5/0;0/0,1/4,2/5,3/6,4/3,5/5,6/8,7/4,8/4,9/5,10/5,11/7;0/0,1/0,2/0,3/0,4/0,5/0;0/10,1/8,2/13,3/11,4/10,5/15,6/11,7/9,8/10,9/9,10/19,11/14;0/0,1/0,2/0,3/0,4/0,5/0;0/4,1/4,2/3,3/4,4/4,5/4,6/4,7/3,8/3,9/4,10/4,11/4;0/84,1/83,2/65,3/65,4/65,5/86;0/366,1/342,2/298,3/338,4/363,5/363,6/365,7/286,8/296,9/351,10/371,11/360;0/527,1/508,2/412,3/408,4/402,5/512;0/1560,1/1511,2/1279,3/1496,4/1703,5/1633,6/1572,7/1313,8/1301,9/1503,10/1613,11/1622
20759.85;448;4115;6;12;0/15525.46,1/15717.43,2/16670.66,3/16706.37,4/16767.8,5/15676.38;0/5118.79,1/5620.57,2/7916.81,3/5753.46,4/3723.01,5/4378.99,6/5009.85,7/7589.85,8/7700.53,9/5689.68,10/4570.53,11/4497.92;0/20759.85,1/20759.85,2/20759.85,3/20759.85,4/20759.85,5/20759.85;0/20759.85,1/20759.85,2/20759.85,3/20759.85,4/20759.85,5/20759.85,6/20759.85,7/20759.85,8/20759.85,9/20759.85,10/20759.85,11/20759.85;0/0,1/0,2/0,3/0,4/0,5/0;0/0,1/3,2/5,3/7,4/1,5/4,6/6,7/4,8/4,9/6,10/5,11/6;0/0,1/0,2/0,3/0,4/0,5/0;0/7,1/13,2/14,3/11,4/9,5/14,6/10,7/7,8/9,9/10,10/17,11/13;0/0,1/0,2/0,3/0,4/0,5/0;0/4,1/4,2/3,3/4,4/4,5/4,6/4,7/3,8/3,9/4,10/4,11/4;0/84,1/83,2/65,3/65,4/65,5/86;0/367,1/344,2/299,3/340,4/364,5/364,6/367,7/287,8/297,9/353,10/372,11/361;0/527,1/508,2/412,3/408,4/402,5/512;0/1565,1/1514,2/1285,3/1501,4/1704,5/1639,6/1575,7/1317,8/1306,9/1508,10/1619,11/1627
20819.96;448;4127;6;12;0/15585.56,1/15777.54,2/16730.76,3/16766.48,4/16827.91,5/15736.48;0/5119.28,1/5620.66,2/7929.96,3/5768.39,4/3723.41,5/4379.28,6/5037,7/7609.96,8/7709.96,9/5699.96,10/4573.96,11/4499.42;0/20819.96,1/20819.96,2/20819.96,3/20819.96,4/20819.96,5/20819.96;0/20819.96,1/20819.96,2/20819.96,3/20819.96,4/20819.96,5/20819.96,6/20819.96,7/20819.96,8/20819.96,9/20819.96,10/20819.96,11/20819.96;0/0,1/0,2/0,3/0,4/0,5/0;0/0,1/2,2/5,3/4,4/1,5/3,6/4,7/6,8/3,9/4,10/4,11/5;0/0,1/0,2/0,3/0,4/0,5/0;0/8,1/7,2/10,3/10,4/7,5/9,6/6,7/10,8/8,9/11,10/14,11/8;0/0,1/0,2/0,3/0,4/0,5/0;0/4,1/4,2/3,3/4,4/4,5/4,6/4,7/3,8/3,9/4,10/4,11/4;0/84,1/83,2/65,3/65,4/65,5/86;0/368,1/344,2/299,3/341,4/365,5/365,6/369,7/289,8/298,9/354,10/373,11/362;0/527,1/508,2/412,3/408,4/402,5/512;0/1571,1/1520,2/1289,3/1506,4/1710,5/1645,6/1579,7/1321,8/1311,9/1512,10/1625,11/1633
20879.88;448;4141;6;12;0/15645.49,1/15837.46,2/16790.69,3/16826.4,4/16887.83,5/15796.41;0/5119.79,1/5621.04,2/7952.67,3/5781.04,4/3723.76,5/4379.88,6/5079.88,7/7669.88,8/7765.07,9/5718.37,10/4577.3,11/4529.88;0/20879.88,1/20879.88,2/20879.88,3/20879.88,4/20879.88,5/20879.88;0/20879.88,1/20879.88,2/20879.88,3/20879.88,4/20879.88,5/20879.88,6/20879.88,7/20879.88,8/20879.88,9/20879.88,10/20879.88,11/20879.88;0/0,1/0,2/0,3/0,4/0,5/0;0/3,1/2,2/5,3/5,4/5,5/5,6/5,7/2,8/1,9/1,10/3,11/3;0/0,1/0,2/0,3/0,4/0,5/0;0/10,1/6,2/7,3/11,4/9,5/10,6/8,7/10,8/7,9/8,10/11,11/13;0/0,1/0,2/0,3/0,4/0,5/0;0/4,1/4,2/3,3/4,4/4,5/4,6/4,7/3,8/3,9/4,10/4,11/4;0/84,1/83,2/65,3/65,4/65,5/86;0/369,1/345,2/300,3/343,4/367,5/366,6/370,7/289,8/299,9/356,10/374,11/363;0/527,1/508,2/412,3/408,4/402,5/512;0/1577,1/1526,2/1293,3/1510,4/1716,5/1650,6/1580,7/1321,8/1312,9/1517,10/1631,11/1635
20939.97;448;4152;6;12;0/15705.58,1/15897.55,2/16850.78,3/16886.49,4/16947.93,5/15856.5;0/5120.18,1/5621.47,2/7979.97,3/5784.93,4/3739.97,5/4419.97,6/5117.85,7/7677.81,8/7765.51,9/5719.97,10/4577.52,11/4569.97;0/20939.97,1/20939.97,2/20939.97,3/20939.97,4/20939.97,5/20939.97;0/20939.97,1/20939.97,2/20939.97,3/20939.97,4/20939.97,5/20939.97,6/20939.97,7/20939.97,8/20939.97,9/20939.97,10/20939.97,11/20939.97;0/0,1/0,2/0,3/0,4/0,5/0;0/8,1/1,2/3,3/6,4/2,5/7,6/2,7/2,8/0,9/2,10/4,11/3;0/0,1/0,2/0,3/0,4/0,5/0;0/22,1/7,2/10,3/11,4/12,5/15,6/7,7/8,8/7,9/9,10/9,11/15;0/0,1/0,2/0,3/0,4/0,5/0;0/4,1/4,2/3,3/4,4/4,5/4,6/4,7/3,8/3,9/4,10/4,11/4;0/84,1/83,2/65,3/65,4/65,5/86;0/369,1/347,2/301,3/344,4/367,5/367,6/371,7/291,8/299,9/357,10/375,11/364;0/527,1/508,2/412,3/408,4/402,5/512;0/1582,1/1532,2/1296,3/1516,4/1720,5/1652,6/1583,7/1327,8/1318,9/1522,10/1637,11/1637
20999.99;448;4165;6;12;0/15765.59,1/15957.57,2/16910.79,3/16946.5,4/17007.94,5/15916.51;0/5120.32,1/5641.41,2/8039.99,3/5799.99,4/3751.41,5/4437.08,6/5131.23,7/7678.24,8/7766.28,9/5749.99,10/4604.23,11/4583.27;0/20999.99,1/20999.99,2/20999.99,3/20999.99,4/20999.99,5/20999.99;0/20999.99,1/20999.99,2/20999.99,3/20999.99,4/20999.99,5/20999.99,6/20999.99,7/20999.99,8/20999.99,9/20999.99,10/20999.99,11/20999.99;0/0,1/0,2/0,3/0,4/0,5/0;0/6,1/0,2/2,3/2,4/0,5/4,6/2,7/2,8/5,9/3,10/0,11/2;0/0,1/0,2/0,3/0,4/0,5/0;0/17,1/6,2/10,3/9,4/10,5/11,6/8,7/5,8/14,9/9,10/8,11/13;0/0,1/0,2/0,3/0,4/0,5/0;0/4,1/4,2/3,3/4,4/4,5/4,6/4,7/3,8/3,9/4,10/4,11/4;0/84,1/83,2/65,3/65,4/65,5/86;0/370,1/348,2/301,3/345,4/368,5/369,6/372,7/292,8/301,9/358,10/376,11/365;0/527,1/508,2/412,3/408,4/402,5/512;0/1588,1/1536,2/1296,3/1520,4/1725,5/1657,6/1587,7/1333,8/1324,9/1525,10/1640,11/1642
21059.95;448;4179;6;12;0/15825.55,1/16017.53,2/16970.75,3/17006.46,4/17067.9,5/15976.47;0/5120.37,1/5642.07,2/8066.9,3/5827.25,4/3751.61,5/4437.29,6/5145.96,7/7709.95,8/7766.51,9/5762.24,10/4604.61,11/4593.33;0/21059.95,1/21059.95,2/21059.95,3/21059.95,4/21059.95,5/21059.95;0/21059.95,1/21059.95,2/21059.95,3/21059.95,4/21059.95,5/21059.95,6/21059.95,7/21059.95,8/21059.95,9/21059.95,10/21059.95,11/21059.95;0/0,1/0,2/0,3/0,4/0,5/0;0/6,1/3,2/2,3/1,4/0,5/3,6/4,7/3,8/4,9/1,10/1,11/1;0/0,1/0,2/0,3/0,4/0,5/0;0/11,1/11,2/7,3/9,4/9,5/12,6/9,7/9,8/14,9/9,10/8,11/9;0/0,1/0,2/0,3/0,4/0,5/0;0/4,1/4,2/3,3/4,4/4,5/4,6/4,7/3,8/3,9/4,10/4,11/4;0/84,1/83,2/65,3/65,4/65,5/86;0/371,1/349,2/302,3/347,4/369,5/370,6/374,7/292,8/302,9/359,10/377,11/367;0/527,1/508,2/412,3/408,4/402,5/512;0/1594,1/1542,2/1300,3/1524,4/1731,5/1663,6/1592,7/1335,8/1330,9/1530,10/1646,11/1647
21119.97;448;4191;6;12;0/15885.58,1/16077.55,2/17030.78,3/17066.49,4/17127.92,5/16036.5;0/5149.97,1/5642.28,2/8067.32,3/5839.97,4/3755.29,5/4437.87,6/5199.97,7/7732.42,8/7766.64,9/5768.48,10/4604.93,11/4593.48;0/21119.97,1/21119.97,2/21119.97,3/21119.97,4/21119.97,5/21119.97;0/21119.97,1/21119.97,2/21119.97,3/21119.97,4/21119.97,5/21119.97,6/21119.97,7/21119.97,8/21119.97,9/21119.97,10/21119.97,11/21119.97;0/0,1/0,2/0,3/0,4/0,5/0;0/4,1/0,2/5,3/0,4/0,5/5,6/3,7/2,8/3,9/3,10/4,11/2;0/0,1/0,2/0,3/0,4/0,5/0;0/10,1/7,2/6,3/7,4/7,5/15,6/10,7/11,8/14,9/11,10/9,11/11;0/0,1/0,2/0,3/0,4/0,5/0;0/4,1/4,2/3,3/4,4/4,5/4,6/4,7/3,8/3,9/4,10/4,11/4;0/84,1/83,2/65,3/65,4/65,5/86;0/372,1/350,2/304,3/347,4/370,5/371,6/374,7/293,8/303,9/361,10/378,11/368;0/527,1/508,2/412,3/408,4/402,5/512;0/1597,1/1548,2/1306,3/1528,4/1737,5/1669,6/1592,7/1339,8/1336,9/1536,10/1652,11/1653
21179.96;448;4205;6;12;0/15945.57,1/16137.54,2/17090.77,3/17126.48,4/17187.91,5/16096.49;0/5189.96,1/5653.39,2/8099.96,3/5845.31,4/3755.59,5/4438.03,6/5216.34,7/7745.77,8/7766.83,9/5769.4,10/4605.31,11/4594.15;0/21179.96,1/21179.96,2/21179.96,3/21179.96,4/21179.96,5/21179.96;0/21179.96,1/21179.96,2/21179.96,3/21179.96,4/21179.96,5/21179.96,6/21179.96,7/21179.96,8/21179.96,9/21179.96,10/21179.96,11/21179.96;0/0,1/0,2/0,3/0,4/0,5/0;0/4,1/2,2/4,3/4,4/0,5/7,6/1,7/3,8/5,9/0,10/8,11/3;0/0,1/0,2/0,3/0,4/0,5/0;0/11,1/11,2/8,3/11,4/6,5/16,6/7,7/11,8/15,9/10,10/17,11/13;0/0,1/0,2/0,3/0,4/0,5/0;0/4,1/4,2/3,3/4,4/4,5/4,6/4,7/3,8/3,9/4,10/4,11/4;0/84,1/83,2/65,3/65,4/65,5/86;0/373,1/352,2/304,3/349,4/371,5/373,6/376,7/294,8/303,9/362,10/379,11/369;0/527,1/508,2/412,3/408,4/402,5/512;0/1599,1/1553,2/1308,3/1534,4/1743,5/1675,6/1597,7/1344,8/1342,9/1542,10/1658,11/1659
21239.96;448;4220;6;12;0/16005.56,1/16197.54,2/17150.76,3/17186.48,4/17247.91,5/16156.49;0/5194.81,1/5653.91,2/8121.95,3/5864.51,4/3759.96,5/4438.3,6/5224.86,7/7746.13,8/7766.96,9/5783.91,10/4605.52,11/4613.55;0/21239.96,1/21239.96,2/21239.96,3/21239.96,4/21239.96,5/21239.96;0/21239.96,1/21239.96,2/21239.96,3/21239.96,4/21239.96,5/21239.96,6/21239.96,7/21239.96,8/21239.96,9/21239.96,10/21239.96,11/21239.96;0/0,1/0,2/0,3/0,4/0,5/0;0/2,1/1,2/3,3/1,4/0,5/13,6/0,7/4,8/5,9/0,10/6,11/5;0/0,1/0,2/0,3/0,4/0,5/0;0/9,1/10,2/8,3/13,4/9,5/18,6/6,7/9,8/10,9/8,10/17,11/17;0/0,1/0,2/0,3/0,4/0,5/0;0/4,1/4,2/3,3/4,4/4,5/4,6/4,7/3,8/3,9/4,10/4,11/4;0/84,1/83,2/65,3/65,4/65,5/86;0/375,1/353,2/305,3/351,4/372,5/374,6/378,7/295,8/304,9/363,10/380,11/370;0/527,1/508,2/412,3/408,4/402,5/512;0/1605,1/1559,2/1312,3/1538,4/1748,5/1681,6/1602,7/1350,8/1348,9/1546,10/1664,11/1663
21299.9;448;4233;6;12;0/16065.5,1/16257.48,2/17210.7,3/17246.41,4/17307.85,5/16216.42;0/5194.99,1/5654.42,2/8122.12,3/5864.81,4/3769.9,5/4459.9,6/5229.29,7/7769.9,8/7767.19,9/5784.72,10/4605.82,11/4613.65;0/21299.9,1/21299.9,2/21299.9,3/21299.9,4/21299.9,5/21299.9;0/21299.9,1/21299.9,2/21299.9,3/21299.9,4/21299.9,5/21299.9,6/21299.9,7/21299.9,8/21299.9,9/21299.9,10/21299.9,11/21299.9;0/0,1/0,2/0,3/0,4/0,5/0;0/6,1/2,2/4,3/4,4/0,5/4,6/4,7/2,8/6,9/3,10/8,11/5;0/0,1/0,2/0,3/0,4/0,5/0;0/11,1/8,2/8,3/17,4/8,5/15,6/15,7/9,8/8,9/14,10/14,11/11;0/0,1/0,2/0,3/0,4/0,5/0;0/4,1/4,2/3,3/4,4/4,5/4,6/4,7/3,8/3,9/4,10/4,11/4;0/84,1/83,2/65,3/65,4/65,5/86;0/376,1/355,2/307,3/352,4/373,5/375,6/379,7/295,8/305,9/364,10/382,11/370;0/527,1/508,2/412,3/408,4/402,5/512;0/1611,1/1565,2/1318,3/1544,4/1753,5/1684,6/1608,7/1353,8/1354,9/1552,10/1670,11/1669
21359.96;448;4241;6;12;0/16125.56,1/16317.54,2/17270.76,3/17306.47,4/17367.91,5/16276.48;0/5219.96,1/5654.79,2/8149.96,3/5864.96,4/3780.42,5/4506.59,6/5229.39,7/7799.96,8/7809.96,9/5784.91,10/4606.09,11/4623.82;0/21359.96,1/21359.96,2/21359.96,3/21359.96,4/21359.96,5/21359.96;0/21359.96,1/21359.96,2/21359.96,3/21359.96,4/21359.96,5/21359.96,6/21359.96,7/21359.96,8/21359.96,9/21359.96,10/21359.96,11/21359.96;0/0,1/0,2/0,3/0,4/0,5/0;0/5,1/3,2/5,3/3,4/0,5/3,6/2,7/1,8/4,9/2,10/4,11/5;0/0,1/0,2/0,3/0,4/0,5/0;0/14,1/8,2/10,3/12,4/10,5/13,6/10,7/9,8/9,9/14,10/12,11/7;0/0,1/0,2/0,3/0,4/0,5/0;0/4,1/4,2/3,3/4,4/4,5/4,6/4,7/3,8/3,9/4,10/4,11/4;0/84,1/83,2/65,3/65,4/65,5/86;0/377,1/356,2/307,3/352,4/374,5/376,6/379,7/296,8/305,9/365,10/382,11/372;0/527,1/508,2/412,3/408,4/402,5/512;0/1614,1/1571,2/1321,3/1550,4/1758,5/1686,6/1614,7/1356,8/1355,9/1558,10/1676,11/1674
21419.9;448;4257;6;12;0/16185.51,1/16377.48,2/17330.71,3/17366.42,4/17427.85,5/16336.43;0/5234.79,1/5659.9,2/8182.06,3/5865.13,4/3780.89,5/4506.82,6/5239.46,7/7809.82,8/7834.15,9/5785.04,10/4652.84,11/4659.9;0/21419.9,1/21419.9,2/21419.9,3/21419.9,4/21419.9,5/21419.9;0/21419.9,1/21419.9,2/21419.9,3/21419.9,4/21419.9,5/21419.9,6/21419.9,7/21419.9,8/21419.9,9/21419.9,10/21419.9,11/21419.9;0/0,1/0,2/0,3/0,4/0,5/0;0/2,1/1,2/4,3/4,4/2,5/3,6/2,7/4,8/5,9/4,10/2,11/6;0/0,1/0,2/0,3/0,4/0,5/0;0/9,1/6,2/8,3/10,4/14,5/9,6/7,7/9,8/8,9/12,10/11,11/11;0/0,1/0,2/0,3/0,4/0,5/0;0/4,1/4,2/3,3/4,4/4,5/4,6/4,7/3,8/3,9/4,10/4,11/4;0/84,1/83,2/65,3/65,4/65,5/86;0/378,1/357,2/309,3/354,4/375,5/377,6/381,7/298,8/307,9/365,10/383,11/373;0/527,1/508,2/412,3/408,4/402,5/512;0/1619,1/1576,2/1324,3/1556,4/1764,5/1692,6/1619,7/1362,8/1359,9/1564,10/1677,11/1676
21479.98;448;4270;6;12;0/16245.58,1/16437.56,2/17390.79,3/17426.5,4/17487.93,5/16396.51;0/5247.96,1/5660.54,2/8185.82,3/5865.32,4/3781.23,5/4507.11,6/5239.98,7/7819.98,8/7850.93,9/5785.28,10/4653.06,11/4674.11;0/21479.98,1/21479.98,2/21479.98,3/21479.98,4/21479.98,5/21479.98;0/21479.98,1/21479.98,2/21479.98,3/21479.98,4/21479.98,5/21479.98,6/21479.98,7/21479.98,8/21479.98,9/21479.98,10/21479.98,11/21479.98;0/0,1/0,2/0,3/0,4/0,5/0;0/3,1/3,2/5,3/1,4/3,5/4,6/1,7/5,8/7,9/7,10/4,11/3;0/0,1/0,2/0,3/0,4/0,5/0;0/10,1/8,2/7,3/9,4/17,5/8,6/5,7/12,8/10,9/15,10/14,11/10;0/0,1/0,2/0,3/0,4/0,5/0;0/4,1/4,2/3,3/4,4/4,5/4,6/4,7/3,8/3,9/4,10/4,11/4;0/84,1/83,2/65,3/65,4/65,5/86;0/380,1/359,2/310,3/355,4/376,5/378,6/382,7/298,8/308,9/367,10/383,11/374;0/527,1/508,2/412,3/408,4/402,5/512;0/1624,1/1582,2/1330,3/1562,4/1770,5/1698,6/1625,7/1366,8/1363,9/1570,10/1683,11/1681
21539.98;448;4284;6;12;0/16305.58,1/16497.56,2/17450.78,3/17486.5,4/17547.93,5/16456.51;0/5248.66,1/5689.98,2/8189.98,3/5881.2,4/3781.34,5/4525.9,6/5251.57,7/7829.44,8/7895.06,9/5789.62,10/4653.2,11/4689.66;0/21539.98,1/21539.98,2/21539.98,3/21539.98,4/21539.98,5/21539.98;0/21539.98,1/21539.98,2/21539.98,3/21539.98,4/21539.98,5/21539.98,6/21539.98,7/21539.98,8/21539.98,9/21539.98,10/21539.98,11/21539.98;0/0,1/0,2/0,3/0,4/0,5/0;0/5,1/7,2/5,3/0,4/4,5/6,6/5,7/6,8/4,9/7,10/4,11/3;0/0,1/0,2/0,3/0,4/0,5/0;0/13,1/18,2/11,3/7,4/14,5/14,6/11,7/10,8/13,9/13,10/12,11/7;0/0,1/0,2/0,3/0,4/0,5/0;0/4,1/4,2/3,3/4,4/4,5/4,6/4,7/3,8/3,9/4,10/4,11/4;0/84,1/83,2/65,3/65,4/65,5/86;0/381,1/360,2/311,3/356,4/377,5/380,6/383,7/299,8/309,9/368,10/385,11/375;0/527,1/508,2/412,3/408,4/402,5/512;0/1630,1/1585,2/1335,3/1566,4/1776,5/1702,6/1629,7/1372,8/1365,9/1576,10/1689,11/1686
21599.99;448;4295;6;12;0/16365.59,1/16557.57,2/17510.79,3/17546.5,4/17607.94,5/16516.51;0/5248.91,1/5706.09,2/8223.55,3/5881.63,4/3781.49,5/4526.21,6/5272.07,7/7839.99,8/7903.87,9/5789.66,10/4653.29,11/4699.99;0/21599.99,1/21599.99,2/21599.99,3/21599.99,4/21599.99,5/21599.99;0/21599.99,1/21599.99,2/21599.99,3/21599.99,4/21599.99,5/21599.99,6/21599.99,7/21599.99,8/21599.99,9/21599.99,10/21599.99,11/21599.99;0/0,1/0,2/0,3/0,4/0,5/0;0/8,1/4,2/3,3/4,4/4,5/3,6/7,7/5,8/4,9/7,10/5,11/2;0/0,1/0,2/0,3/0,4/0,5/0;0/18,1/13,2/9,3/20,4/14,5/12,6/12,7/9,8/11,9/9,10/13,11/6;0/0,1/0,2/0,3/0,4/0,5/0;0/4,1/4,2/3,3/4,4/4,5/4,6/4,7/3,8/3,9/4,10/4,11/4;0/84,1/83,2/65,3/65,4/65,5/86;0/382,1/361,2/312,3/357,4/377,5/380,6/384,7/300,8/310,9/369,10/386,11/377;0/527,1/508,2/412,3/408,4/402,5/512;0/1636,1/1590,2/1338,3/1572,4/1782,5/1708,6/1633,7/1376,8/1370,9/1582,10/1695,11/1690
21659.98;448;4308;6;12;0/16425.59,1/16617.56,2/17570.79,3/17606.5,4/17667.93,5/16576.51;0/5252.82,1/5706.2,2/8224.31,3/5881.79,4/3781.65,5/4529.98,6/5292.28,7/7854.72,8/7912.1,9/5829.98,10/4653.59,11/4734.41;0/21659.98,1/21659.98,2/21659.98,3/21659.98,4/21659.98,5/21659.98;0/21659.98,1/21659.98,2/21659.98,3/21659.98,4/21659.98,5/21659.98,6/21659.98,7/21659.98,8/21659.98,9/21659.98,10/21659.98,11/21659.98;0/0,1/0,2/0,3/0,4/0,5/0;0/8,1/4,2/4,3/6,4/4,5/2,6/6,7/10,8/5,9/4,10/5,11/6;0/0,1/0,2/0,3/0,4/0,5/0;0/13,1/8,2/7,3/18,4/9,5/10,6/10,7/11,8/9,9/9,10/9,11/9;0/0,1/0,2/0,3/0,4/0,5/0;0/4,1/4,2/3,3/4,4/4,5/4,6/4,7/3,8/3,9/4,10/4,11/4;0/84,1/83,2/65,3/65,4/65,5/86;0/383,1/362,2/313,3/357,4/379,5/381,6/385,7/302,8/311,9/370,10/387,11/378;0/527,1/508,2/412,3/408,4/402,5/512;0/1641,1/1596,2/1344,3/1578,4/1788,5/1713,6/1637,7/1381,8/1375,9/1583,10/1701,11/1693
21719.97;448;4326;6;12;0/16485.57,1/16677.55,2/17630.77,3/17666.48,4/17727.92,5/16636.49;0/5259.97,1/5706.34,2/8229.97,3/5882.45,4/3787.82,5/4534.89,6/5311.08,7/7906.13,8/7940.98,9/5835.11,10/4653.98,11/4779.43;0/21719.97,1/21719.97,2/21719.97,3/21719.97,4/21719.97,5/21719.97;0/21719.97,1/21719.97,2/21719.97,3/21719.97,4/21719.97,5/21719.97,6/21719.97,7/21719.97,8/21719.97,9/21719.97,10/21719.97,11/21719.97;0/0,1/0,2/0,3/0,4/0,5/0;0/9,1/4,2/8,3/6,4/2,5/0,6/5,7/5,8/3,9/5,10/7,11/8;0/0,1/0,2/0,3/0,4/0,5/0;0/11,1/8,2/9,3/13,4/9,5/7,6/13,7/10,8/8,9/10,10/9,11/15;0/0,1/0,2/0,3/0,4/0,5/0;0/4,1/4,2/3,3/4,4/4,5/4,6/4,7/3,8/3,9/4,10/4,11/4;0/84,1/83,2/65,3/65,4/65,5/86;0/385,1/364,2/314,3/359,4/380,5/382,6/387,7/303,8/312,9/372,10/389,11/379;0/527,1/508,2/412,3/408,4/402,5/512;0/1646,1/1602,2/1349,3/1584,4/1794,5/1719,6/1641,7/1382,8/1378,9/1589,10/1707,11/1695
21779.8;448;4337;6;12;0/16545.41,1/16737.38,2/17690.61,3/17726.32,4/17787.75,5/16696.33;0/5313.16,1/5733.86,2/8289.8,3/5882.7,4/3798.04,5/4539.8,6/5319.8,7/7909.8,8/7946.47,9/5849.8,10/4709.8,11/4793.05;0/21779.8,1/21779.8,2/21779.8,3/21779.8,4/21779.8,5/21779.8;0/21779.8,1/21779.8,2/21779.8,3/21779.8,4/21779.8,5/21779.8,6/21779.8,7/21779.8,8/21779.8,9/21779.8,10/21779.8,11/21779.8;0/0,1/0,2/0,3/0,4/0,5/0;0/5,1/2,2/3,3/5,4/2,5/8,6/5,7/4,8/8,9/4,10/3,11/5;0/0,1/0,2/0,3/0,4/0,5/0;0/10,1/8,2/9,3/14,4/8,5/12,6/10,7/8,8/13,9/16,10/12,11/18;0/0,1/0,2/0,3/0,4/0,5/0;0/4,1/4,2/3,3/4,4/4,5/4,6/4,7/3,8/3,9/4,10/4,11/4;0/84,1/83,2/65,3/65,4/65,5/86;0/386,1/365,2/314,3/360,4/381,5/384,6/387,7/304,8/314,9/373,10/389,11/380;0/527,1/508,2/412,3/408,4/402,5/512;0/1647,1/1605,2/1349,3/1590,4/1799,5/1725,6/1646,7/1387,8/1384,9/1593,10/1707,11/1699
21839.94;448;4355;6;12;0/16605.54,1/16797.52,2/17750.74,3/17786.46,4/17847.89,5/16756.46;0/5340.19,1/5756.71,2/8305.31,3/5896.89,4/3798.53,5/4542.31,6/5343.39,7/7966.06,8/7959.94,9/5859.94,10/4730.31,11/4793.12;0/21839.94,1/21839.94,2/21839.94,3/21839.94,4/21839.94,5/21839.94;0/21839.94,1/21839.94,2/21839.94,3/21839.94,4/21839.94,5/21839.94,6/21839.94,7/21839.94,8/21839.94,9/21839.94,10/21839.94,11/21839.94;0/0,1/0,2/0,3/0,4/0,5/0;0/4,1/3,2/3,3/4,4/2,5/5,6/5,7/1,8/5,9/3,10/3,11/4;0/0,1/0,2/0,3/0,4/0,5/0;0/7,1/7,2/7,3/9,4/10,5/17,6/8,7/7,8/10,9/17,10/11,11/12;0/0,1/0,2/0,3/0,4/0,5/0;0/4,1/4,2/3,3/4,4/4,5/4,6/4,7/3,8/3,9/4,10/4,11/4;0/84,1/83,2/65,3/65,4/65,5/86;0/388,1/366,2/316,3/362,4/382,5/386,6/389,7/305,8/314,9/374,10/392,11/381;0/527,1/508,2/412,3/408,4/402,5/512;0/1650,1/1609,2/1354,3/1595,4/1805,5/1730,6/1650,7/1388,8/1388,9/1598,10/1711,11/1705
21900;448;4371;6;12;0/16665.6,1/16857.58,2/17810.8,3/17846.51,4/17907.95,5/16816.52;0/5350,1/5757.09,2/8309.51,3/5910,4/3803.97,5/4542.46,6/5372.79,7/7966.33,8/7965.33,9/5866.33,10/4730.49,11/4793.3;0/21900,1/21900,2/21900,3/21900,4/21900,5/21900;0/21900,1/21900,2/21900,3/21900,4/21900,5/21900,6/21900,7/21900,8/21900,9/21900,10/21900,11/21900;0/0,1/0,2/0,3/0,4/0,5/0;0/6,1/5,2/6,3/1,4/4,5/1,6/3,7/3,8/2,9/1,10/1,11/2;0/0,1/0,2/0,3/0,4/0,5/0;0/10,1/10,2/9,3/9,4/14,5/11,6/12,7/8,8/10,9/15,10/8,11/8;0/0,1/0,2/0,3/0,4/0,5/0;0/4,1/4,2/3,3/4,4/4,5/4,6/4,7/3,8/3,9/4,10/4,11/4;0/84,1/83,2/65,3/65,4/65,5/86;0/389,1/368,2/317,3/362,4/384,5/387,6/391,7/306,8/316,9/375,10/393,11/383;0/527,1/508,2/412,3/408,4/402,5/512;0/1655,1/1615,2/1360,3/1599,4/1810,5/1736,6/1653,7/1394,8/1394,9/1604,10/1717,11/1711
21959.91;448;4379;6;12;0/16725.52,1/16917.49,2/17870.72,3/17906.43,4/17967.86,5/16876.44;0/5409.91,1/5780.49,2/8309.91,3/5948.49,4/3804.19,5/4542.59,6/5373.01,7/7969.91,8/7965.52,9/5866.48,10/4759.91,11/4793.69;0/21959.91,1/21959.91,2/21959.91,3/21959.91,4/21959.91,5/21959.91;0/21959.91,1/21959.91,2/21959.91,3/21959.91,4/21959.91,5/21959.91,6/21959.91,7/21959.91,8/21959.91,9/21959.91,10/21959.91,11/21959.91;0/0,1/0,2/0,3/0,4/0,5/0;0/0,1/4,2/10,3/0,4/1,5/0,6/3,7/4,8/3,9/0,10/2,11/4;0/0,1/0,2/0,3/0,4/0,5/0;0/10,1/11,2/13,3/7,4/9,5/10,6/10,7/7,8/7,9/11,10/15,11/10;0/0,1/0,2/0,3/0,4/0,5/0;0/4,1/4,2/3,3/4,4/4,5/4,6/4,7/3,8/3,9/4,10/4,11/4;0/84,1/83,2/65,3/65,4/65,5/86;0/389,1/369,2/318,3/363,4/384,5/387,6/392,7/307,8/317,9/376,10/393,11/384;0/527,1/508,2/412,3/408,4/402,5/512;0/1655,1/1618,2/1365,3/1602,4/1816,5/1742,6/1659,7/1399,8/1400,9/1610,10/1720,11/1717
22019.94;448;4393;6;12;0/16785.54,1/16977.52,2/17930.74,3/17966.45,4/18027.89,5/16936.46;0/5427.48,1/5799.94,2/8356.61,3/5948.78,4/3804.72,5/4542.73,6/5373.33,7/8029.94,8/7965.76,9/5866.89,10/4763.56,11/4799.94;0/22019.94,1/22019.94,2/22019.94,3/22019.94,4/22019.94,5/22019.94;0/22019.94,1/22019.94,2/22019.94,3/22019.94,4/22019.94,5/22019.94,6/22019.94,7/22019.94,8/22019.94,9/22019.94,10/22019.94,11/22019.94;0/0,1/0,2/0,3/0,4/0,5/0;0/0,1/3,2/6,3/2,4/2,5/0,6/4,7/4,8/6,9/0,10/2,11/4;0/0,1/0,2/0,3/0,4/0,5/0;0/7,1/9,2/11,3/9,4/11,5/6,6/15,7/7,8/13,9/8,10/14,11/7;0/0,1/0,2/0,3/0,4/0,5/0;0/4,1/4,2/3,3/4,4/4,5/4,6/4,7/3,8/3,9/4,10/4,11/4;0/84,1/83,2/65,3/65,4/65,5/86;0/391,1/370,2/319,3/365,4/385,5/388,6/394,7/307,8/318,9/377,10/394,11/385;0/527,1/508,2/412,3/408,4/402,5/512;0/1660,1/1622,2/1367,3/1608,4/1822,5/1748,6/1665,7/1399,8/1406,9/1616,10/1726,11/1722
22079.99;448;4409;6;12;0/16845.59,1/17037.57,2/17990.79,3/18026.5,4/18087.94,5/16996.51;0/5428.01,1/5809.17,2/8381.15,3/5949.13,4/3804.94,5/4543.32,6/5382.53,7/8059.99,8/7971.15,9/5867.23,10/4763.75,11/4839.99;0/22079.99,1/22079.99,2/22079.99,3/22079.99,4/22079.99,5/22079.99;0/22079.99,1/22079.99,2/22079.99,3/22079.99,4/22079.99,5/22079.99,6/22079.99,7/22079.99,8/22079.99,9/22079.99,10/22079.99,11/22079.99;0/0,1/0,2/0,3/0,4/0,5/0;0/7,1/1,2/6,3/3,4/3,5/0,6/6,7/3,8/6,9/0,10/5,11/2;0/0,1/0,2/0,3/0,4/0,5/0;0/15,1/10,2/8,3/8,4/10,5/8,6/15,7/7,8/8,9/6,10/13,11/7;0/0,1/0,2/0,3/0,4/0,5/0;0/4,1/4,2/3,3/4,4/4,5/4,6/4,7/3,8/3,9/4,10/4,11/4;0/84,1/83,2/65,3/65,4/65,5/86;0/393,1/372,2/321,3/366,4/386,5/389,6/395,7/309,8/319,9/378,10/395,11/386;0/527,1/508,2/412,3/408,4/402,5/512;0/1666,1/1628,2/1370,3/1614,4/1828,5/1754,6/1670,7/1402,8/1411,9/1622,10/1732,11/1724
22139.94;448;4421;6;12;0/16905.54,1/17097.52,2/18050.74,3/18086.45,4/18147.89,5/17056.46;0/5459.94,1/5809.62,2/8419.94,3/5966.22,4/3809.34,5/4543.75,6/5382.64,7/8086.27,8/8009.94,9/5867.57,10/4763.98,11/4846.22;0/22139.94,1/22139.94,2/22139.94,3/22139.94,4/22139.94,5/22139.94;0/22139.94,1/22139.94,2/22139.94,3/22139.94,4/22139.94,5/22139.94,6/22139.94,7/22139.94,8/22139.94,9/22139.94,10/22139.94,11/22139.94;0/0,1/0,2/0,3/0,4/0,5/0;0/7,1/1,2/3,3/4,4/3,5/1,6/4,7/3,8/5,9/6,10/4,11/2;0/0,1/0,2/0,3/0,4/0,5/0;0/16,1/7,2/6,3/8,4/10,5/6,6/9,7/8,8/7,9/14,10/13,11/8;0/0,1/0,2/0,3/0,4/0,5/0;0/4,1/4,2/3,3/4,4/4,5/4,6/4,7/3,8/3,9/4,10/4,11/4;0/84,1/83,2/65,3/65,4/65,5/86;0/393,1/373,2/321,3/368,4/388,5/390,6/395,7/310,8/320,9/379,10/396,11/388;0/527,1/508,2/412,3/408,4/402,5/512;0/1668,1/1634,2/1372,3/1618,4/1834,5/1760,6/1676,7/1406,8/1413,9/1628,10/1738,11/1730
22200;448;4436;6;12;0/16965.6,1/17157.58,2/18110.8,3/18146.51,4/18207.95,5/17116.52;0/5461.41,1/5810,2/8458.82,3/5980,4/3820,5/4552.45,6/5403.98,7/8140,8/8066.82,9/5868.03,10/4764.36,11/4860;0/22200,1/22200,2/22200,3/22200,4/22200,5/22200;0/22200,1/22200,2/22200,3/22200,4/22200,5/22200,6/22200,7/22200,8/22200,9/22200,10/22200,11/22200;0/0,1/0,2/0,3/0,4/0,5/0;0/4,1/2,2/4,3/9,4/1,5/3,6/5,7/1,8/3,9/6,10/5,11/8;0/0,1/0,2/0,3/0,4/0,5/0;0/13,1/7,2/6,3/15,4/9,5/12,6/13,7/10,8/6,9/14,10/14,11/13;0/0,1/0,2/0,3/0,4/0,5/0;0/4,1/4,2/3,3/4,4/4,5/4,6/4,7/3,8/3,9/4,10/4,11/4;0/84,1/83,2/65,3/65,4/65,5/86;0/395,1/374,2/324,3/369,4/388,5/391,6/397,7/310,8/321,9/380,10/398,11/389;0/527,1/508,2/412,3/408,4/402,5/512;0/1674,1/1640,2/1375,3/1622,4/1838,5/1765,6/1680,7/1406,8/1414,9/1634,10/1744,11/1734
22259.93;448;4451;6;12;0/17025.53,1/17217.51,2/18170.73,3/18206.44,4/18267.88,5/17176.45;0/5465.08,1/5826.62,2/8499.93,3/6009.93,4/3831.13,5/4571.13,6/5404.16,7/8144.12,8/8099.93,9/5869.93,10/4764.46,11/4870.32;0/22259.93,1/22259.93,2/22259.93,3/22259.93,4/22259.93,5/22259.93;0/22259.93,1/22259.93,2/22259.93,3/22259.93,4/22259.93,5/22259.93,6/22259.93,7/22259.93,8/22259.93,9/22259.93,10/22259.93,11/22259.93;0/0,1/0,2/0,3/0,4/0,5/0;0/2,1/1,2/3,3/2,4/5,5/2,6/4,7/6,8/7,9/8,10/4,11/5;0/0,1/0,2/0,3/0,4/0,5/0;0/10,1/7,2/8,3/14,4/14,5/13,6/11,7/14,8/13,9/20,10/12,11/12;0/0,1/0,2/0,3/0,4/0,5/0;0/4,1/4,2/3,3/4,4/4,5/4,6/4,7/3,8/3,9/4,10/4,11/4;0/84,1/83,2/65,3/65,4/65,5/86;0/397,1/375,2/324,3/370,4/390,5/393,6/398,7/311,8/322,9/381,10/399,11/391;0/527,1/508,2/412,3/408,4/402,5/512;0/1680,1/1644,2/1376,3/1625,4/1843,5/1769,6/1686,7/1412,8/1416,9/1639,10/1750,11/1739
22320;448;4465;6;12;0/17085.6,1/17277.58,2/18230.8,3/18266.51,4/18327.95,5/17236.52;0/5465.45,1/5827,2/8530,3/6012.73,4/3831.32,5/4571.53,6/5404.28,7/8144.28,8/8138.41,9/5877.45,10/4783.28,11/4891.53;0/22320,1/22320,2/22320,3/22320,4/22320,5/22320;0/22320,1/22320,2/22320,3/22320,4/22320,5/22320,6/22320,7/22320,8/22320,9/22320,10/22320,11/22320;0/0,1/0,2/0,3/0,4/0,5/0;0/4,1/2,2/4,3/2,4/8,5/5,6/2,7/7,8/6,9/7,10/5,11/0;0/0,1/0,2/0,3/0,4/0,5/0;0/9,1/10,2/9,3/10,4/14,5/16,6/9,7/11,8/12,9/17,10/12,11/9;0/0,1/0,2/0,3/0,4/0,5/0;0/4,1/4,2/3,3/4,4/4,5/4,6/4,7/3,8/3,9/4,10/4,11/4;0/84,1/83,2/65,3/65,4/65,5/86;0/397,1/377,2/325,3/372,4/391,5/394,6/400,7/312,8/323,9/382,10/400,11/392;0/527,1/508,2/412,3/408,4/402,5/512;0/1686,1/1650,2/1379,3/1631,4/1849,5/1775,6/1692,7/1418,8/1419,9/1645,10/1754,11/1743
22379.94;448;4476;6;12;0/17145.54,1/17337.52,2/18290.74,3/18326.45,4/18387.89,5/17296.46;0/5472.34,1/5838.67,2/8533.89,3/6013.13,4/3849.94,5/4571.72,6/5408.5,7/8169.94,8/8159.94,9/5877.6,10/4783.5,11/4891.67;0/22379.94,1/22379.94,2/22379.94,3/22379.94,4/22379.94,5/22379.94;0/22379.94,1/22379.94,2/22379.94,3/22379.94,4/22379.94,5/22379.94,6/22379.94,7/22379.94,8/22379.94,9/22379.94,10/22379.94,11/22379.94;0/0,1/0,2/0,3/0,4/0,5/0;0/3,1/2,2/4,3/0,4/1,5/2,6/0,7/8,8/4,9/6,10/4,11/0;0/0,1/0,2/0,3/0,4/0,5/0;0/9,1/8,2/8,3/7,4/10,5/15,6/11,7/13,8/9,9/12,10/10,11/10;0/0,1/0,2/0,3/0,4/0,5/0;0/4,1/4,2/3,3/4,4/4,5/4,6/4,7/3,8/3,9/4,10/4,11/4;0/84,1/83,2/65,3/65,4/65,5/86;0/399,1/378,2/326,3/373,4/392,5/394,6/401,7/313,8/323,9/383,10/401,11/393;0/527,1/508,2/412,3/408,4/402,5/512;0/1691,1/1655,2/1385,3/1637,4/1853,5/1781,6/1698,7/1421,8/1422,9/1651,10/1760,11/1749
22439.97;448;4490;6;12;0/17205.57,1/17397.55,2/18350.77,3/18386.49,4/18447.92,5/17356.5;0/5472.69,1/5854.21,2/8534.17,3/6013.57,4/3875.05,5/4572.07,6/5408.76,7/8229.97,8/8161.48,9/5877.73,10/4808.05,11/4892.64;0/22439.97,1/22439.97,2/22439.97,3/22439.97,4/22439.97,5/22439.97;0/22439.97,1/22439.97,2/22439.97,3/22439.97,4/22439.97,5/22439.97,6/22439.97,7/22439.97,8/22439.97,9/22439.97,10/22439.97,11/22439.97;0/0,1/0,2/0,3/0,4/0,5/0;0/5,1/2,2/8,3/0,4/2,5/5,6/3,7/5,8/5,9/5,10/1,11/1;0/0,1/0,2/0,3/0,4/0,5/0;0/16,1/9,2/14,3/9,4/9,5/15,6/15,7/13,8/6,9/8,10/9,11/13;0/0,1/0,2/0,3/0,4/0,5/0;0/4,1/4,2/3,3/4,4/4,5/4,6/4,7/3,8/3,9/4,10/4,11/4;0/84,1/83,2/65,3/65,4/65,5/86;0/400,1/379,2/327,3/373,4/394,5/395,6/401,7/313,8/325,9/385,10/403,11/395;0/527,1/508,2/412,3/408,4/402,5/512;0/1697,1/1659,2/1391,3/1643,4/1857,5/1787,6/1704,7/1421,8/1428,9/1657,10/1764,11/1755
22499.64;448;4501;6;12;0/17265.24,1/17457.22,2/18410.44,3/18446.15,4/18507.59,5/17416.16;0/5484.54,1/5887.67,2/8565.59,3/6014.05,4/3889.64,5/4572.32,6/5409.02,7/8252.58,8/8219.64,9/5909.64,10/4825.01,11/4892.85;0/22499.64,1/22499.64,2/22499.64,3/22499.64,4/22499.64,5/22499.64;0/22499.64,1/22499.64,2/22499.64,3/22499.64,4/22499.64,5/22499.64,6/22499.64,7/22499.64,8/22499.64,9/22499.64,10/22499.64,11/22499.64;0/0,1/0,2/0,3/0,4/0,5/0;0/8,1/2,2/5,3/2,4/1,5/2,6/5,7/5,8/3,9/4,10/2,11/1;0/0,1/0,2/0,3/0,4/0,5/0;0/20,1/10,2/13,3/13,4/9,5/10,6/15,7/11,8/9,9/10,10/10,11/12;0/0,1/0,2/0,3/0,4/0,5/0;0/4,1/4,2/3,3/4,4/4,5/4,6/4,7/3,8/3,9/4,10/4,11/4;0/84,1/83,2/65,3/65,4/65,5/86;0/401,1/381,2/328,3/374,4/395,5/396,6/402,7/314,8/325,9/386,10/404,11/395;0/527,1/508,2/412,3/408,4/402,5/512;0/1702,1/1662,2/1394,3/1649,4/1861,5/1793,6/1710,7/1425,8/1428,9/1659,10/1768,11/1761
22559.82;448;4512;6;12;0/17325.42,1/17517.4,2/18470.62,3/18506.34,4/18567.77,5/17476.35;0/5484.63,1/5887.93,2/8579.82,3/6014.2,4/3899.82,5/4572.62,6/5409.3,7/8254.2,8/8229.21,9/5969.82,10/4835.45,11/4893.06;0/22559.82,1/22559.82,2/22559.82,3/22559.82,4/22559.82,5/22559.82;0/22559.82,1/22559.82,2/22559.82,3/22559.82,4/22559.82,5/22559.82,6/22559.82,7/22559.82,8/22559.82,9/22559.82,10/22559.82,11/22559.82;0/0,1/0,2/0,3/0,4/0,5/0;0/5,1/3,2/8,3/0,4/5,5/3,6/7,7/4,8/6,9/1,10/3,11/3;0/0,1/0,2/0,3/0,4/0,5/0;0/16,1/10,2/13,3/9,4/11,5/15,6/18,7/7,8/11,9/10,10/9,11/13;0/0,1/0,2/0,3/0,4/0,5/0;0/4,1/4,2/3,3/4,4/4,5/4,6/4,7/3,8/3,9/4,10/4,11/4;0/84,1/83,2/65,3/65,4/65,5/86;0/402,1/382,2/328,3/375,4/396,5/396,6/403,7/316,8/327,9/386,10/405,11/396;0/527,1/508,2/412,3/408,4/402,5/512;0/1708,1/1668,2/1398,3/1655,4/1866,5/1799,6/1716,7/1431,8/1434,9/1659,10/1773,11/1767
22619.98;448;4526;6;12;0/17385.59,1/17577.56,2/18530.79,3/18566.5,4/18627.94,5/17536.51;0/5484.97,1/5888.73,2/8599.98,3/6014.43,4/3904.08,5/4573.28,6/5409.52,7/8289.98,8/8254.7,9/5975.91,10/4838.91,11/4893.37;0/22619.98,1/22619.98,2/22619.98,3/22619.98,4/22619.98,5/22619.98;0/22619.98,1/22619.98,2/22619.98,3/22619.98,4/22619.98,5/22619.98,6/22619.98,7/22619.98,8/22619.98,9/22619.98,10/22619.98,11/22619.98;0/0,1/0,2/0,3/0,4/0,5/0;0/5,1/11,2/6,3/0,4/4,5/3,6/4,7/5,8/7,9/2,10/3,11/4;0/0,1/0,2/0,3/0,4/0,5/0;0/16,1/20,2/11,3/6,4/11,5/15,6/14,7/12,8/12,9/8,10/9,11/15;0/0,1/0,2/0,3/0,4/0,5/0;0/4,1/4,2/3,3/4,4/4,5/4,6/4,7/3,8/3,9/4,10/4,11/4;0/84,1/83,2/65,3/65,4/65,5/86;0/402,1/383,2/329,3/376,4/398,5/398,6/404,7/316,8/328,9/388,10/407,11/397;0/527,1/508,2/412,3/408,4/402,5/512;0/1714,1/1674,2/1402,3/1661,4/1872,5/1805,6/1722,7/1433,8/1437,9/1665,10/1779,11/1773
22679.96;448;4539;6;12;0/17445.56,1/17637.54,2/18590.76,3/18626.48,4/18687.91,5/17596.49;0/5485.05,1/5888.89,2/8611.34,3/6014.97,4/3913.38,5/4573.38,6/5409.72,7/8312.13,8/8279.96,9/5976.14,10/4879.59,11/4893.76;0/22679.96,1/22679.96,2/22679.96,3/22679.96,4/22679.96,5/22679.96;0/22679.96,1/22679.96,2/22679.96,3/22679.96,4/22679.96,5/22679.96,6/22679.96,7/22679.96,8/22679.96,9/22679.96,10/22679.96,11/22679.96;0/0,1/0,2/0,3/0,4/0,5/0;0/2,1/10,2/3,3/0,4/2,5/0,6/3,7/4,8/2,9/5,10/6,11/2;0/0,1/0,2/0,3/0,4/0,5/0;0/10,1/19,2/7,3/8,4/7,5/10,6/11,7/13,8/12,9/8,10/16,11/15;0/0,1/0,2/0,3/0,4/0,5/0;0/4,1/4,2/3,3/4,4/4,5/4,6/4,7/3,8/3,9/4,10/4,11/4;0/84,1/83,2/65,3/65,4/65,5/86;0/404,1/384,2/331,3/377,4/399,5/398,6/405,7/317,8/328,9/390,10/408,11/398;0/527,1/508,2/412,3/408,4/402,5/512;0/1720,1/1680,2/1407,3/1667,4/1877,5/1811,6/1728,7/1437,8/1440,9/1671,10/1781,11/1779
22739.97;448;4547;6;12;0/17505.57,1/17697.55,2/18650.77,3/18686.49,4/18747.92,5/17656.5;0/5485.44,1/5890.46,2/8611.93,3/6015.39,4/3940.57,5/4573.76,6/5409.88,7/8339.97,8/8320.57,9/5999.97,10/4879.79,11/4894.08;0/22739.97,1/22739.97,2/22739.97,3/22739.97,4/22739.97,5/22739.97;0/22739.97,1/22739.97,2/22739.97,3/22739.97,4/22739.97,5/22739.97,6/22739.97,7/22739.97,8/22739.97,9/22739.97,10/22739.97,11/22739.97;0/0,1/0,2/0,3/0,4/0,5/0;0/0,1/8,2/5,3/1,4/3,5/2,6/3,7/3,8/1,9/5,10/5,11/4;0/0,1/0,2/0,3/0,4/0,5/0;0/11,1/14,2/9,3/13,4/9,5/15,6/10,7/10,8/10,9/15,10/14,11/17;0/0,1/0,2/0,3/0,4/0,5/0;0/4,1/4,2/3,3/4,4/4,5/4,6/4,7/3,8/3,9/4,10/4,11/4;0/84,1/83,2/65,3/65,4/65,5/86;0/405,1/386,2/331,3/377,4/400,5/399,6/405,7/318,8/329,9/390,10/408,11/399;0/527,1/508,2/412,3/408,4/402,5/512;0/1726,1/1685,2/1413,3/1673,4/1880,5/1817,6/1734,7/1440,8/1442,9/1674,10/1787,11/1785
22799.97;448;4562;6;12;0/17565.57,1/17757.55,2/18710.77,3/18746.49,4/18807.92,5/17716.5;0/5485.64,1/5909.97,2/8639.58,3/6015.55,4/3940.91,5/4574.05,6/5410.09,7/8346.3,8/8320.91,9/6005.55,10/4880.02,11/4894.29;0/22799.97,1/22799.97,2/22799.97,3/22799.97,4/22799.97,5/22799.97;0/22799.97,1/22799.97,2/22799.97,3/22799.97,4/22799.97,5/22799.97,6/22799.97,7/22799.97,8/22799.97,9/22799.97,10/22799.97,11/22799.97;0/0,1/0,2/0,3/0,4/0,5/0;0/0,1/7,2/3,3/5,4/2,5/1,6/8,7/3,8/4,9/5,10/5,11/5;0/0,1/0,2/0,3/0,4/0,5/0;0/8,1/14,2/7,3/16,4/8,5/13,6/14,7/9,8/13,9/11,10/11,11/15;0/0,1/0,2/0,3/0,4/0,5/0;0/4,1/4,2/3,3/4,4/4,5/4,6/4,7/3,8/3,9/4,10/4,11/4;0/84,1/83,2/65,3/65,4/65,5/86;0/405,1/386,2/333,3/378,4/402,5/400,6/407,7/319,8/330,9/392,10/410,11/400;0/527,1/508,2/412,3/408,4/402,5/512;0/1732,1/1689,2/1417,3/1679,4/1886,5/1823,6/1739,7/1446,8/1448,9/1680,10/1792,11/1791
22859.95;448;4578;6;12;0/17625.55,1/17817.53,2/18770.75,3/18806.47,4/18867.9,5/17776.47;0/5486.52,1/5920.69,2/8658.36,3/6015.67,4/3941.56,5/4574.15,6/5417.97,7/8360.04,8/8321.22,9/6009.95,10/4880.13,11/4894.46;0/22859.95,1/22859.95,2/22859.95,3/22859.95,4/22859.95,5/22859.95;0/22859.95,1/22859.95,2/22859.95,3/22859.95,4/22859.95,5/22859.95,6/22859.95,7/22859.95,8/22859.95,9/22859.95,10/22859.95,11/22859.95;0/0,1/0,2/0,3/0,4/0,5/0;0/0,1/4,2/4,3/4,4/5,5/1,6/4,7/3,8/6,9/7,10/7,11/1;0/0,1/0,2/0,3/0,4/0,5/0;0/9,1/9,2/8,3/14,4/12,5/9,6/12,7/11,8/17,9/9,10/10,11/10;0/0,1/0,2/0,3/0,4/0,5/0;0/4,1/4,2/3,3/4,4/4,5/4,6/4,7/3,8/3,9/4,10/4,11/4;0/84,1/83,2/65,3/65,4/65,5/86;0/407,1/389,2/334,3/379,4/403,5/401,6/408,7/321,8/331,9/393,10/411,11/401;0/527,1/508,2/412,3/408,4/402,5/512;0/1738,1/1694,2/1421,3/1685,4/1892,5/1829,6/1745,7/1450,8/1454,9/1685,10/1798,11/1797
22919.95;448;4584;6;12;0/17685.55,1/17877.53,2/18830.75,3/18866.47,4/18927.9,5/17836.47;0/5487.11,1/5939.95,2/8679.95,3/6015.87,4/3959.95,5/4574.4,6/5439.95,7/8360.29,8/8321.55,9/6059.95,10/4934.4,11/4894.69;0/22919.95,1/22919.95,2/22919.95,3/22919.95,4/22919.95,5/22919.95;0/22919.95,1/22919.95,2/22919.95,3/22919.95,4/22919.95,5/22919.95,6/22919.95,7/22919.95,8/22919.95,9/22919.95,10/22919.95,11/22919.95;0/0,1/0,2/0,3/0,4/0,5/0;0/0,1/8,2/4,3/6,4/2,5/3,6/4,7/4,8/4,9/2,10/3,11/3;0/0,1/0,2/0,3/0,4/0,5/0;0/8,1/15,2/9,3/12,4/13,5/9,6/13,7/11,8/15,9/11,10/13,11/13;0/0,1/0,2/0,3/0,4/0,5/0;0/4,1/4,2/3,3/4,4/4,5/4,6/4,7/3,8/3,9/4,10/4,11/4;0/84,1/83,2/65,3/65,4/65,5/86;0/407,1/389,2/334,3/379,4/404,5/402,6/409,7/321,8/331,9/394,10/412,11/402;0/527,1/508,2/412,3/408,4/402,5/512;0/1744,1/1698,2/1424,3/1691,4/1896,5/1835,6/1748,7/1456,8/1460,9/1686,10/1799,11/1803
22979.96;448;4597;6;12;0/17745.57,1/17937.54,2/18890.77,3/18926.48,4/18987.91,5/17896.49;0/5487.3,1/5969.96,2/8708.92,3/6029.96,4/3981.84,5/4574.72,6/5458.27,7/8389.34,8/8322.3,9/6079.96,10/4939.42,11/4895;0/22979.96,1/22979.96,2/22979.96,3/22979.96,4/22979.96,5/22979.96;0/22979.96,1/22979.96,2/22979.96,3/22979.96,4/22979.96,5/22979.96,6/22979.96,7/22979.96,8/22979.96,9/22979.96,10/22979.96,11/22979.96;0/0,1/0,2/0,3/0,4/0,5/0;0/4,1/6,2/4,3/5,4/1,5/0,6/1,7/3,8/4,9/4,10/4,11/1;0/0,1/0,2/0,3/0,4/0,5/0;0/9,1/14,2/9,3/17,4/11,5/5,6/8,7/9,8/10,9/11,10/13,11/9;0/0,1/0,2/0,3/0,4/0,5/0;0/4,1/4,2/3,3/4,4/4,5/4,6/4,7/3,8/3,9/4,10/4,11/4;0/84,1/83,2/65,3/65,4/65,5/86;0/408,1/390,2/335,3/381,4/405,5/403,6/410,7/322,8/332,9/395,10/413,11/403;0/527,1/508,2/412,3/408,4/402,5/512;0/1750,1/1701,2/1428,3/1695,4/1900,5/1841,6/1753,7/1460,8/1466,9/1690,10/1805,11/1809
23039.69;448;4614;6;12;0/17805.29,1/17997.27,2/18950.49,3/18986.2,4/19047.64,5/17956.21;0/5487.6,1/5981.38,2/8709.43,3/6030.46,4/3982.13,5/4575.13,6/5469.69,7/8389.69,8/8322.64,9/6081.38,10/4939.47,11/4895.46;0/23039.69,1/23039.69,2/23039.69,3/23039.69,4/23039.69,5/23039.69;0/23039.69,1/23039.69,2/23039.69,3/23039.69,4/23039.69,5/23039.69,6/23039.69,7/23039.69,8/23039.69,9/23039.69,10/23039.69,11/23039.69;0/0,1/0,2/0,3/0,4/0,5/0;0/4,1/5,2/4,3/3,4/2,5/1,6/2,7/5,8/2,9/3,10/4,11/4;0/0,1/0,2/0,3/0,4/0,5/0;0/10,1/11,2/6,3/12,4/8,5/6,6/9,7/9,8/8,9/11,10/9,11/13;0/0,1/0,2/0,3/0,4/0,5/0;0/4,1/4,2/3,3/4,4/4,5/4,6/4,7/3,8/3,9/4,10/4,11/4;0/84,1/83,2/65,3/65,4/65,5/86;0/408,1/392,2/337,3/383,4/406,5/405,6/411,7/323,8/333,9/397,10/415,11/404;0/527,1/508,2/412,3/408,4/402,5/512;0/1756,1/1706,2/1434,3/1701,4/1906,5/1847,6/1757,7/1465,8/1472,9/1696,10/1811,11/1815
23099.84;448;4631;6;12;0/17865.44,1/18057.42,2/19010.64,3/19046.36,4/19107.79,5/18016.37;0/5487.92,1/5989.84,2/8727.68,3/6030.56,4/3982.61,5/4575.64,6/5475.51,7/8417.73,8/8345.51,9/6082.03,10/4939.84,11/4899.84;0/23099.84,1/23099.84,2/23099.84,3/23099.84,4/23099.84,5/23099.84;0/23099.84,1/23099.84,2/23099.84,3/23099.84,4/23099.84,5/23099.84,6/23099.84,7/23099.84,8/23099.84,9/23099.84,10/23099.84,11/23099.84;0/0,1/0,2/0,3/0,4/0,5/0;0/6,1/7,2/2,3/3,4/1,5/4,6/7,7/6,8/1,9/6,10/6,11/2;0/0,1/0,2/0,3/0,4/0,5/0;0/10,1/10,2/8,3/9,4/8,5/8,6/18,7/11,8/12,9/18,10/13,11/13;0/0,1/0,2/0,3/0,4/0,5/0;0/4,1/4,2/3,3/4,4/4,5/4,6/4,7/3,8/3,9/4,10/4,11/4;0/84,1/83,2/65,3/65,4/65,5/86;0/410,1/393,2/339,3/384,4/408,5/406,6/413,7/325,8/334,9/398,10/416,11/405;0/527,1/508,2/412,3/408,4/402,5/512;0/1762,1/1711,2/1438,3/1707,4/1912,5/1853,6/1763,7/1469,8/1476,9/1702,10/1816,11/1820
23159.99;448;4641;6;12;0/17925.59,1/18117.57,2/19070.8,3/19106.51,4/19167.94,5/18076.52;0/5490.94,1/6018.78,2/8728.05,3/6068.69,4/4029.99,5/4619.99,6/5475.64,7/8429.99,8/8355.75,9/6106.52,10/4979.95,11/4919.34;0/23159.99,1/23159.99,2/23159.99,3/23159.99,4/23159.99,5/23159.99;0/23159.99,1/23159.99,2/23159.99,3/23159.99,4/23159.99,5/23159.99,6/23159.99,7/23159.99,8/23159.99,9/23159.99,10/23159.99,11/23159.99;0/0,1/0,2/0,3/0,4/0,5/0;0/3,1/6,2/2,3/2,4/0,5/1,6/5,7/4,8/0,9/2,10/4,11/3;0/0,1/0,2/0,3/0,4/0,5/0;0/14,1/12,2/7,3/10,4/13,5/11,6/13,7/9,8/11,9/15,10/13,11/18;0/0,1/0,2/0,3/0,4/0,5/0;0/4,1/4,2/3,3/4,4/4,5/4,6/4,7/3,8/3,9/4,10/4,11/4;0/84,1/83,2/65,3/65,4/65,5/86;0/411,1/395,2/339,3/385,4/408,5/406,6/414,7/325,8/335,9/400,10/417,11/406;0/527,1/508,2/412,3/408,4/402,5/512;0/1767,1/1715,2/1444,3/1710,4/1913,5/1854,6/1769,7/1473,8/1481,9/1706,10/1819,11/1825
23220;448;4655;6;12;0/17985.6,1/18177.58,2/19130.8,3/19166.51,4/19227.95,5/18136.52;0/5526.21,1/6020,2/8750,3/6068.88,4/4037.09,5/4633.85,6/5475.91,7/8445.31,8/8355.91,9/6106.63,10/4980.04,11/4919.51;0/23220,1/23220,2/23220,3/23220,4/23220,5/23220;0/23220,1/23220,2/23220,3/23220,4/23220,5/23220,6/23220,7/23220,8/23220,9/23220,10/23220,11/23220;0/0,1/0,2/0,3/0,4/0,5/0;0/2,1/5,2/6,3/3,4/1,5/1,6/8,7/8,8/1,9/2,10/3,11/2;0/0,1/0,2/0,3/0,4/0,5/0;0/16,1/11,2/12,3/7,4/13,5/8,6/14,7/9,8/6,9/13,10/10,11/15;0/0,1/0,2/0,3/0,4/0,5/0;0/4,1/4,2/3,3/4,4/4,5/4,6/4,7/3,8/3,9/4,10/4,11/4;0/84,1/83,2/65,3/65,4/65,5/86;0/412,1/396,2/340,3/387,4/410,5/408,6/415,7/327,8/335,9/400,10/418,11/407;0/527,1/508,2/412,3/408,4/402,5/512;0/1770,1/1720,2/1447,3/1716,4/1919,5/1859,6/1775,7/1478,8/1487,9/1712,10/1824,11/1831
23279.96;448;4666;6;12;0/18045.56,1/18237.54,2/19190.77,3/19226.48,4/19287.91,5/18196.49;0/5526.36,1/6056.07,2/8784.06,3/6073.94,4/4037.34,5/4636.25,6/5489.96,7/8489.96,8/8359.96,9/6106.73,10/4989.11,11/4919.53;0/23279.96,1/23279.96,2/23279.96,3/23279.96,4/23279.96,5/23279.96;0/23279.96,1/23279.96,2/23279.96,3/23279.96,4/23279.96,5/23279.96,6/23279.96,7/23279.96,8/23279.96,9/23279.96,10/23279.96,11/23279.96;0/0,1/0,2/0,3/0,4/0,5/0;0/2,1/1,2/8,3/3,4/2,5/3,6/3,7/3,8/10,9/2,10/2,11/2;0/0,1/0,2/0,3/0,4/0,5/0;0/11,1/10,2/14,3/10,4/14,5/9,6/12,7/12,8/19,9/9,10/5,11/9;0/0,1/0,2/0,3/0,4/0,5/0;0/4,1/4,2/3,3/4,4/4,5/4,6/4,7/3,8/3,9/4,10/4,11/4;0/84,1/83,2/65,3/65,4/65,5/86;0/412,1/397,2/341,3/388,4/411,5/409,6/416,7/328,8/336,9/401,10/419,11/408;0/527,1/508,2/412,3/408,4/402,5/512;0/1776,1/1723,2/1450,3/1721,4/1925,5/1865,6/1779,7/1479,8/1492,9/1718,10/1830,11/1837
23339.99;448;4678;6;12;0/18105.59,1/18297.57,2/19250.8,3/19286.51,4/19347.94,5/18256.52;0/5526.57,1/6056.52,2/8784.28,3/6090.18,4/4037.86,5/4636.61,6/5524.19,7/8543.71,8/8398.26,9/6106.91,10/4995.3,11/4919.83;0/23339.99,1/23339.99,2/23339.99,3/23339.99,4/23339.99,5/23339.99;0/23339.99,1/23339.99,2/23339.99,3/23339.99,4/23339.99,5/23339.99,6/23339.99,7/23339.99,8/23339.99,9/23339.99,10/23339.99,11/23339.99;0/0,1/0,2/0,3/0,4/0,5/0;0/3,1/0,2/8,3/9,4/3,5/0,6/2,7/2,8/8,9/2,10/3,11/5;0/0,1/0,2/0,3/0,4/0,5/0;0/11,1/8,2/13,3/19,4/12,5/9,6/10,7/11,8/19,9/6,10/8,11/11;0/0,1/0,2/0,3/0,4/0,5/0;0/4,1/4,2/3,3/4,4/4,5/4,6/4,7/3,8/3,9/4,10/4,11/4;0/84,1/83,2/65,3/65,4/65,5/86;0/413,1/398,2/342,3/389,4/411,5/410,6/417,7/329,8/337,9/402,10/421,11/409;0/527,1/508,2/412,3/408,4/402,5/512;0/1782,1/1729,2/1456,3/1725,4/1931,5/1871,6/1782,7/1480,8/1495,9/1724,10/1835,11/1843
23399.88;448;4688;6;12;0/18165.48,1/18357.46,2/19310.68,3/19346.39,4/19407.83,5/18316.4;0/5526.83,1/6056.79,2/8803.81,3/6090.32,4/4038.27,5/4639.88,6/5524.39,7/8543.99,8/8398.39,9/6107.39,10/5030.68,11/4920.01;0/23399.88,1/23399.88,2/23399.88,3/23399.88,4/23399.88,5/23399.88;0/23399.88,1/23399.88,2/23399.88,3/23399.88,4/23399.88,5/23399.88,6/23399.88,7/23399.88,8/23399.88,9/23399.88,10/23399.88,11/23399.88;0/0,1/0,2/0,3/0,4/0,5/0;0/2,1/0,2/5,3/8,4/2,5/0,6/3,7/1,8/8,9/6,10/1,11/11;0/0,1/0,2/0,3/0,4/0,5/0;0/10,1/6,2/9,3/16,4/10,5/11,6/8,7/12,8/15,9/12,10/11,11/14;0/0,1/0,2/0,3/0,4/0,5/0;0/4,1/4,2/3,3/4,4/4,5/4,6/4,7/3,8/3,9/4,10/4,11/4;0/84,1/83,2/65,3/65,4/65,5/86;0/414,1/399,2/343,3/390,4/412,5/411,6/418,7/329,8/337,9/403,10/422,11/410;0/527,1/508,2/412,3/408,4/402,5/512;0/1788,1/1735,2/1460,3/1731,4/1937,5/1876,6/1788,7/1486,8/1501,9/1730,10/1837,11/1848
23459.98;448;4706;6;12;0/18225.59,1/18417.56,2/19370.79,3/19406.5,4/19467.93,5/18376.51;0/5527.11,1/6069.98,2/8839.98,3/6099.3,4/4038.71,5/4649.03,6/5533.97,7/8544.16,8/8398.51,9/6109.98,10/5033.27,11/4969.98;0/23459.98,1/23459.98,2/23459.98,3/23459.98,4/23459.98,5/23459.98;0/23459.98,1/23459.98,2/23459.98,3/23459.98,4/23459.98,5/23459.98,6/23459.98,7/23459.98,8/23459.98,9/23459.98,10/23459.98,11/23459.98;0/0,1/0,2/0,3/0,4/0,5/0;0/1,1/6,2/5,3/8,4/5,5/0,6/7,7/1,8/8,9/4,10/0,11/2;0/0,1/0,2/0,3/0,4/0,5/0;0/10,1/18,2/7,3/11,4/16,5/7,6/11,7/8,8/11,9/11,10/10,11/13;0/0,1/0,2/0,3/0,4/0,5/0;0/4,1/4,2/3,3/4,4/4,5/4,6/4,7/3,8/3,9/4,10/4,11/4;0/84,1/83,2/65,3/65,4/65,5/86;0/416,1/400,2/344,3/392,4/414,5/412,6/420,7/331,8/339,9/404,10/424,11/410;0/527,1/508,2/412,3/408,4/402,5/512;0/1794,1/1739,2/1462,3/1737,4/1943,5/1882,6/1793,7/1492,8/1507,9/1735,10/1843,11/1849
23519.8;448;4717;6;12;0/18285.41,1/18477.38,2/19430.61,3/19466.32,4/19527.76,5/18436.33;0/5555.58,1/6087,2/8879.8,3/6119.8,4/4038.93,5/4649.37,6/5559.8,7/8544.37,8/8429.8,9/6117.37,10/5033.5,11/5004.47;0/23519.8,1/23519.8,2/23519.8,3/23519.8,4/23519.8,5/23519.8;0/23519.8,1/23519.8,2/23519.8,3/23519.8,4/23519.8,5/23519.8,6/23519.8,7/23519.8,8/23519.8,9/23519.8,10/23519.8,11/23519.8;0/0,1/0,2/0,3/0,4/0,5/0;0/0,1/5,2/3,3/8,4/1,5/4,6/4,7/1,8/4,9/4,10/2,11/4;0/0,1/0,2/0,3/0,4/0,5/0;0/8,1/15,2/7,3/17,4/13,5/12,6/10,7/11,8/12,9/17,10/11,11/15;0/0,1/0,2/0,3/0,4/0,5/0;0/4,1/4,2/3,3/4,4/4,5/4,6/4,7/3,8/3,9/4,10/4,11/4;0/84,1/83,2/65,3/65,4/65,5/86;0/417,1/402,2/345,3/393,4/414,5/413,6/421,7/331,8/339,9/406,10/424,11/412;0/527,1/508,2/412,3/408,4/402,5/512;0/1797,1/1744,2/1464,3/1740,4/1949,5/1888,6/1796,7/1498,8/1509,9/1741,10/1849,11/1852
23579.88;448;4733;6;12;0/18345.49,1/18537.46,2/19490.69,3/19526.4,4/19587.83,5/18496.41;0/5556.2,1/6087.2,2/8939.88,3/6120.98,4/4039.15,5/4659.88,6/5569.19,7/8544.7,8/8450.98,9/6117.65,10/5033.94,11/5004.66;0/23579.88,1/23579.88,2/23579.88,3/23579.88,4/23579.88,5/23579.88;0/23579.88,1/23579.88,2/23579.88,3/23579.88,4/23579.88,5/23579.88,6/23579.88,7/23579.88,8/23579.88,9/23579.88,10/23579.88,11/23579.88;0/0,1/0,2/0,3/0,4/0,5/0;0/4,1/4,2/2,3/4,4/0,5/7,6/5,7/2,8/5,9/4,10/2,11/2;0/0,1/0,2/0,3/0,4/0,5/0;0/14,1/11,2/7,3/11,4/9,5/20,6/11,7/10,8/13,9/15,10/10,11/11;0/0,1/0,2/0,3/0,4/0,5/0;0/4,1/4,2/3,3/4,4/4,5/4,6/4,7/3,8/3,9/4,10/4,11/4;0/84,1/83,2/65,3/65,4/65,5/86;0/418,1/403,2/345,3/395,4/416,5/415,6/424,7/333,8/340,9/406,10/425,11/413;0/527,1/508,2/412,3/408,4/402,5/512;0/1803,1/1750,2/1464,3/1746,4/1955,5/1892,6/1802,7/1504,8/1513,9/1747,10/1855,11/1858
23639.96;448;4745;6;12;0/18405.56,1/18597.54,2/19550.76,3/19586.48,4/19647.91,5/18556.49;0/5556.46,1/6087.49,2/8952.35,3/6136.16,4/4039.46,5/4660.44,6/5574.11,7/8545.12,8/8451.36,9/6117.74,10/5045.25,11/5004.95;0/23639.96,1/23639.96,2/23639.96,3/23639.96,4/23639.96,5/23639.96;0/23639.96,1/23639.96,2/23639.96,3/23639.96,4/23639.96,5/23639.96,6/23639.96,7/23639.96,8/23639.96,9/23639.96,10/23639.96,11/23639.96;0/0,1/0,2/0,3/0,4/0,5/0;0/6,1/6,2/4,3/3,4/3,5/12,6/3,7/10,8/6,9/4,10/0,11/2;0/0,1/0,2/0,3/0,4/0,5/0;0/17,1/14,2/8,3/9,4/10,5/21,6/15,7/18,8/14,9/10,10/8,11/11;0/0,1/0,2/0,3/0,4/0,5/0;0/4,1/4,2/3,3/4,4/4,5/4,6/4,7/3,8/3,9/4,10/4,11/4;0/84,1/83,2/65,3/65,4/65,5/86;0/419,1/403,2/346,3/396,4/417,5/416,6/425,7/333,8/341,9/408,10/427,11/414;0/527,1/508,2/412,3/408,4/402,5/512;0/1809,1/1756,2/1469,3/1751,4/1961,5/1898,6/1807,7/1510,8/1519,9/1753,10/1860,11/1864
23699.97;448;4758;6;12;0/18465.57,1/18657.55,2/19610.77,3/19646.48,4/19707.92,5/18616.49;0/5556.5,1/6087.64,2/8955.35,3/6136.46,4/4039.97,5/4660.53,6/5574.55,7/8545.44,8/8451.73,9/6118.31,10/5045.68,11/5005.31;0/23699.97,1/23699.97,2/23699.97,3/23699.97,4/23699.97,5/23699.97;0/23699.97,1/23699.97,2/23699.97,3/23699.97,4/23699.97,5/23699.97,6/23699.97,7/23699.97,8/23699.97,9/23699.97,10/23699.97,11/23699.97;0/0,1/0,2/0,3/0,4/0,5/0;0/4,1/5,2/4,3/3,4/2,5/6,6/3,7/8,8/8,9/6,10/2,11/3;0/0,1/0,2/0,3/0,4/0,5/0;0/12,1/11,2/8,3/8,4/9,5/15,6/14,7/14,8/19,9/10,10/10,11/14;0/0,1/0,2/0,3/0,4/0,5/0;0/4,1/4,2/3,3/4,4/4,5/4,6/4,7/3,8/3,9/4,10/4,11/4;0/84,1/83,2/65,3/65,4/65,5/86;0/420,1/405,2/348,3/397,4/417,5/417,6/426,7/335,8/342,9/409,10/427,11/415;0/527,1/508,2/412,3/408,4/402,5/512;0/1815,1/1762,2/1475,3/1757,4/1966,5/1904,6/1813,7/1516,8/1525,9/1759,10/1866,11/1870
23759.97;448;4770;6;12;0/18525.57,1/18717.55,2/19670.77,3/19706.49,4/19767.92,5/18676.5;0/5556.83,1/6099.97,2/8979.97,3/6169.97,4/4054.08,5/4667.2,6/5574.75,7/8559.97,8/8451.85,9/6159.97,10/5046.51,11/5015.1;0/23759.97,1/23759.97,2/23759.97,3/23759.97,4/23759.97,5/23759.97;0/23759.97,1/23759.97,2/23759.97,3/23759.97,4/23759.97,5/23759.97,6/23759.97,7/23759.97,8/23759.97,9/23759.97,10/23759.97,11/23759.97;0/0,1/0,2/0,3/0,4/0,5/0;0/6,1/4,2/8,3/3,4/3,5/5,6/2,7/7,8/6,9/2,10/6,11/4;0/0,1/0,2/0,3/0,4/0,5/0;0/12,1/8,2/14,3/8,4/9,5/12,6/11,7/13,8/13,9/11,10/12,11/15;0/0,1/0,2/0,3/0,4/0,5/0;0/4,1/4,2/3,3/4,4/4,5/4,6/4,7/3,8/3,9/4,10/4,11/4;0/84,1/83,2/65,3/65,4/65,5/86;0/421,1/406,2/348,3/398,4/419,5/418,6/426,7/335,8/343,9/409,10/430,11/417;0/527,1/508,2/412,3/408,4/402,5/512;0/1821,1/1766,2/1478,3/1759,4/1971,5/1910,6/1819,7/1520,8/1531,9/1760,10/1872,11/1875
23819.97;448;4784;6;12;0/18585.58,1/18777.55,2/19730.78,3/19766.49,4/19827.93,5/18736.5;0/5557.3,1/6129.97,2/8980.87,3/6189.97,4/4059.97,5/4688.99,6/5574.96,7/8578,8/8452.06,9/6163.81,10/5046.8,11/5015.18;0/23819.97,1/23819.97,2/23819.97,3/23819.97,4/23819.97,5/23819.97;0/23819.97,1/23819.97,2/23819.97,3/23819.97,4/23819.97,5/23819.97,6/23819.97,7/23819.97,8/23819.97,9/23819.97,10/23819.97,11/23819.97;0/0,1/0,2/0,3/0,4/0,5/0;0/5,1/7,2/7,3/1,4/1,5/4,6/2,7/5,8/5,9/4,10/4,11/3;0/0,1/0,2/0,3/0,4/0,5/0;0/13,1/13,2/8,3/8,4/16,5/12,6/10,7/8,8/10,9/13,10/12,11/9;0/0,1/0,2/0,3/0,4/0,5/0;0/4,1/4,2/3,3/4,4/4,5/4,6/4,7/3,8/3,9/4,10/4,11/4;0/84,1/83,2/65,3/65,4/65,5/86;0/423,1/408,2/350,3/399,4/420,5/419,6/427,7/337,8/343,9/411,10/430,11/417;0/527,1/508,2/412,3/408,4/402,5/512;0/1827,1/1769,2/1484,3/1763,4/1976,5/1914,6/1825,7/1525,8/1537,9/1766,10/1878,11/1881
23879.9;448;4798;6;12;0/18645.5,1/18837.48,2/19790.71,3/19826.42,4/19887.85,5/18796.43;0/5579.14,1/6153.58,2/9026.39,3/6201.77,4/4062.52,5/4708.28,6/5575.34,7/8616.23,8/8459.9,9/6163.86,10/5047.07,11/5024.14;0/23879.9,1/23879.9,2/23879.9,3/23879.9,4/23879.9,5/23879.9;0/23879.9,1/23879.9,2/23879.9,3/23879.9,4/23879.9,5/23879.9,6/23879.9,7/23879.9,8/23879.9,9/23879.9,10/23879.9,11/23879.9;0/0,1/0,2/0,3/0,4/0,5/0;0/1,1/6,2/10,3/0,4/0,5/3,6/0,7/5,8/4,9/1,10/2,11/2;0/0,1/0,2/0,3/0,4/0,5/0;0/14,1/11,2/13,3/6,4/13,5/10,6/10,7/11,8/11,9/8,10/9,11/9;0/0,1/0,2/0,3/0,4/0,5/0;0/4,1/4,2/3,3/4,4/4,5/4,6/4,7/3,8/3,9/4,10/4,11/4;0/84,1/83,2/65,3/65,4/65,5/86;0/424,1/409,2/351,3/402,4/421,5/421,6/427,7/338,8/344,9/411,10/431,11/419;0/527,1/508,2/412,3/408,4/402,5/512;0/1831,1/1773,2/1486,3/1768,4/1982,5/1918,6/1831,7/1527,8/1542,9/1772,10/1884,11/1886
23939.78;448;4812;6;12;0/18705.38,1/18897.36,2/19850.59,3/19886.3,4/19947.73,5/18856.31;0/5579.27,1/6175.68,2/9049.78,3/6209.78,4/4062.73,5/4709.78,6/5575.63,7/8616.49,8/8472.94,9/6170.95,10/5048.36,11/5045.31;0/23939.78,1/23939.78,2/23939.78,3/23939.78,4/23939.78,5/23939.78;0/23939.78,1/23939.78,2/23939.78,3/23939.78,4/23939.78,5/23939.78,6/23939.78,7/23939.78,8/23939.78,9/23939.78,10/23939.78,11/23939.78;0/0,1/0,2/0,3/0,4/0,5/0;0/3,1/2,2/9,3/3,4/1,5/1,6/1,7/4,8/4,9/1,10/0,11/4;0/0,1/0,2/0,3/0,4/0,5/0;0/14,1/11,2/10,3/13,4/10,5/14,6/9,7/8,8/8,9/7,10/7,11/13;0/0,1/0,2/0,3/0,4/0,5/0;0/4,1/4,2/3,3/4,4/4,5/4,6/4,7/3,8/3,9/4,10/4,11/4;0/84,1/83,2/65,3/65,4/65,5/86;0/425,1/410,2/353,3/402,4/422,5/421,6/429,7/339,8/345,9/413,10/433,11/420;0/527,1/508,2/412,3/408,4/402,5/512;0/1837,1/1777,2/1489,3/1773,4/1988,5/1923,6/1837,7/1533,8/1547,9/1777,10/1890,11/1890
23999.88;448;4827;6;12;0/18765.49,1/18957.46,2/19910.69,3/19946.4,4/20007.83,5/18916.41;0/5579.4,1/6181.87,2/9099.88,3/6231.02,4/4063.67,5/4714,6/5575.93,7/8616.87,8/8528.22,9/6171.6,10/5048.94,11/5045.45;0/23999.88,1/23999.88,2/23999.88,3/23999.88,4/23999.88,5/23999.88;0/23999.88,1/23999.88,2/23999.88,3/23999.88,4/23999.88,5/23999.88,6/23999.88,7/23999.88,8/23999.88,9/23999.88,10/23999.88,11/23999.88;0/0,1/0,2/0,3/0,4/0,5/0;0/2,1/2,2/7,3/3,4/3,5/0,6/2,7/6,8/3,9/0,10/2,11/6;0/0,1/0,2/0,3/0,4/0,5/0;0/11,1/8,2/9,3/12,4/12,5/12,6/12,7/12,8/8,9/12,10/11,11/12;0/0,1/0,2/0,3/0,4/0,5/0;0/4,1/4,2/3,3/4,4/4,5/4,6/4,7/3,8/3,9/4,10/4,11/4;0/84,1/83,2/65,3/65,4/65,5/86;0/426,1/412,2/354,3/404,4/423,5/423,6/430,7/340,8/346,9/415,10/433,11/421;0/527,1/508,2/412,3/408,4/402,5/512;0/1843,1/1782,2/1490,3/1777,4/1994,5/1929,6/1843,7/1539,8/1548,9/1783,10/1896,11/1896
24059.95;448;4838;6;12;0/18825.55,1/19017.53,2/19970.76,3/20006.47,4/20067.9,5/18976.48;0/5579.55,1/6189.95,2/9149.95,3/6231.42,4/4063.87,5/4714.24,6/5576.28,7/8631.73,8/8534.68,9/6171.94,10/5049.11,11/5045.61;0/24059.95,1/24059.95,2/24059.95,3/24059.95,4/24059.95,5/24059.95;0/24059.95,1/24059.95,2/24059.95,3/24059.95,4/24059.95,5/24059.95,6/24059.95,7/24059.95,8/24059.95,9/24059.95,10/24059.95,11/24059.95;0/0,1/0,2/0,3/0,4/0,5/0;0/3,1/0,2/8,3/6,4/1,5/1,6/2,7/5,8/4,9/5,10/4,11/4;0/0,1/0,2/0,3/0,4/0,5/0;0/13,1/8,2/12,3/17,4/10,5/11,6/15,7/11,8/7,9/14,10/12,11/11;0/0,1/0,2/0,3/0,4/0,5/0;0/4,1/4,2/3,3/4,4/4,5/4,6/4,7/3,8/3,9/4,10/4,11/4;0/84,1/83,2/65,3/65,4/65,5/86;0/427,1/412,2/355,3/405,4/424,5/424,6/431,7/341,8/348,9/415,10/434,11/422;0/527,1/508,2/412,3/408,4/402,5/512;0/1849,1/1787,2/1491,3/1783,4/2000,5/1935,6/1849,7/1543,8/1553,9/1789,10/1902,11/1902
24119.93;448;4851;6;12;0/18885.53,1/19077.51,2/20030.73,3/20066.45,4/20127.88,5/19036.46;0/5579.77,1/6195.95,2/9180.77,3/6253.66,4/4084.61,5/4714.35,6/5576.53,7/8631.95,8/8549.93,9/6172.69,10/5049.31,11/5054.48;0/24119.93,1/24119.93,2/24119.93,3/24119.93,4/24119.93,5/24119.93;0/24119.93,1/24119.93,2/24119.93,3/24119.93,4/24119.93,5/24119.93,6/24119.93,7/24119.93,8/24119.93,9/24119.93,10/24119.93,11/24119.93;0/0,1/0,2/0,3/0,4/0,5/0;0/6,1/0,2/7,3/2,4/0,5/0,6/2,7/3,8/6,9/2,10/7,11/2;0/0,1/0,2/0,3/0,4/0,5/0;0/12,1/11,2/9,3/18,4/8,5/6,6/12,7/10,8/12,9/16,10/10,11/8;0/0,1/0,2/0,3/0,4/0,5/0;0/4,1/4,2/3,3/4,4/4,5/4,6/4,7/3,8/3,9/4,10/4,11/4;0/84,1/83,2/65,3/65,4/65,5/86;0/428,1/413,2/356,3/406,4/425,5/425,6/432,7/342,8/348,9/416,10/436,11/424;0/527,1/508,2/412,3/408,4/402,5/512;0/1855,1/1793,2/1494,3/1787,4/2004,5/1941,6/1855,7/1549,8/1557,9/1795,10/1908,11/1907
24180;448;4866;6;12;0/18945.6,1/19137.58,2/20090.8,3/20126.51,4/20187.95,5/19096.52;0/5580.21,1/6196.38,2/9210,3/6253.76,4/4085.05,5/4720,6/5576.71,7/8632.05,8/8592.37,9/6182.2,10/5067.58,11/5054.8;0/24180,1/24180,2/24180,3/24180,4/24180,5/24180;0/24180,1/24180,2/24180,3/24180,4/24180,5/24180,6/24180,7/24180,8/24180,9/24180,10/24180,11/24180;0/0,1/0,2/0,3/0,4/0,5/0;0/6,1/4,2/10,3/2,4/4,5/8,6/0,7/5,8/4,9/3,10/3,11/4;0/0,1/0,2/0,3/0,4/0,5/0;0/14,1/14,2/10,3/12,4/14,5/14,6/12,7/8,8/12,9/14,10/11,11/7;0/0,1/0,2/0,3/0,4/0,5/0;0/4,1/4,2/3,3/4,4/4,5/4,6/4,7/3,8/3,9/4,10/4,11/4;0/84,1/83,2/65,3/65,4/65,5/86;0/429,1/415,2/358,3/407,4/426,5/426,6/434,7/343,8/349,9/417,10/437,11/425;0/527,1/508,2/412,3/408,4/402,5/512;0/1860,1/1799,2/1497,3/1793,4/2010,5/1946,6/1861,7/1555,8/1559,9/1800,10/1912,11/1913
24239.83;448;4875;6;12;0/19005.44,1/19197.41,2/20150.64,3/20186.35,4/20247.78,5/19156.36;0/5601.49,1/6196.71,2/9269.83,3/6254.15,4/4085.29,5/4735.14,6/5577.11,7/8649.83,8/8592.58,9/6184.67,10/5067.71,11/5099.83;0/24239.83,1/24239.83,2/24239.83,3/24239.83,4/24239.83,5/24239.83;0/24239.83,1/24239.83,2/24239.83,3/24239.83,4/24239.83,5/24239.83,6/24239.83,7/24239.83,8/24239.83,9/24239.83,10/24239.83,11/24239.83;0/0,1/0,2/0,3/0,4/0,5/0;0/3,1/2,2/6,3/6,4/3,5/2,6/0,7/4,8/2,9/3,10/6,11/1;0/0,1/0,2/0,3/0,4/0,5/0;0/13,1/9,2/10,3/14,4/12,5/10,6/11,7/8,8/9,9/12,10/13,11/9;0/0,1/0,2/0,3/0,4/0,5/0;0/4,1/4,2/3,3/4,4/4,5/4,6/4,7/3,8/3,9/4,10/4,11/4;0/84,1/83,2/65,3/65,4/65,5/86;0/430,1/415,2/358,3/409,4/428,5/427,6/434,7/343,8/350,9/418,10/438,11/425;0/527,1/508,2/412,3/408,4/402,5/512;0/1864,1/1805,2/1497,3/1799,4/2016,5/1951,6/1867,7/1559,8/1565,9/1806,10/1918,11/1914
24299.98;448;4891;6;12;0/19065.59,1/19257.56,2/20210.79,3/20246.5,4/20307.93,5/19216.51;0/5629.15,1/6199.85,2/9289.98,3/6254.36,4/4085.53,5/4735.31,6/5577.27,7/8689.98,8/8592.98,9/6184.91,10/5067.85,11/5116.89;0/24299.98,1/24299.98,2/24299.98,3/24299.98,4/24299.98,5/24299.98;0/24299.98,1/24299.98,2/24299.98,3/24299.98,4/24299.98,5/24299.98,6/24299.98,7/24299.98,8/24299.98,9/24299.98,10/24299.98,11/24299.98;0/0,1/0,2/0,3/0,4/0,5/0;0/1,1/5,2/6,3/3,4/2,5/1,6/0,7/2,8/3,9/2,10/5,11/2;0/0,1/0,2/0,3/0,4/0,5/0;0/9,1/10,2/7,3/11,4/12,5/7,6/8,7/9,8/10,9/10,10/12,11/7;0/0,1/0,2/0,3/0,4/0,5/0;0/4,1/4,2/3,3/4,4/4,5/4,6/4,7/3,8/3,9/4,10/4,11/4;0/84,1/83,2/65,3/65,4/65,5/86;0/431,1/417,2/361,3/409,4/429,5/428,6/435,7/344,8/351,9/420,10/439,11/427;0/527,1/508,2/412,3/408,4/402,5/512;0/1868,1/1811,2/1501,3/1805,4/2022,5/1957,6/1873,7/1561,8/1571,9/1812,10/1924,11/1919
24359.93;448;4902;6;12;0/19125.53,1/19317.51,2/20270.73,3/20306.44,4/20367.88,5/19276.45;0/5629.31,1/6205,2/9344.69,3/6255.88,4/4085.64,5/4735.83,6/5577.73,7/8692.88,8/8629.93,9/6185.21,10/5068.04,11/5117.18;0/24359.93,1/24359.93,2/24359.93,3/24359.93,4/24359.93,5/24359.93;0/24359.93,1/24359.93,2/24359.93,3/24359.93,4/24359.93,5/24359.93,6/24359.93,7/24359.93,8/24359.93,9/24359.93,10/24359.93,11/24359.93;0/0,1/0,2/0,3/0,4/0,5/0;0/4,1/3,2/5,3/2,4/1,5/2,6/2,7/4,8/4,9/4,10/2,11/0;0/0,1/0,2/0,3/0,4/0,5/0;0/10,1/7,2/6,3/10,4/10,5/9,6/11,7/12,8/15,9/9,10/9,11/9;0/0,1/0,2/0,3/0,4/0,5/0;0/4,1/4,2/3,3/4,4/4,5/4,6/4,7/3,8/3,9/4,10/4,11/4;0/84,1/83,2/65,3/65,4/65,5/86;0/432,1/418,2/362,3/411,4/430,5/429,6/436,7/345,8/351,9/420,10/441,11/427;0/527,1/508,2/412,3/408,4/402,5/512;0/1874,1/1816,2/1502,3/1811,4/2028,5/1963,6/1879,7/1567,8/1573,9/1818,10/1930,11/1925
24419.8;448;4916;6;12;0/19185.41,1/19377.38,2/20330.61,3/20366.32,4/20427.75,5/19336.33;0/5629.8,1/6239.8,2/9379.8,3/6256.39,4/4085.84,5/4741.07,6/5578.32,7/8692.98,8/8642.13,9/6209.8,10/5069.33,11/5117.78;0/24419.8,1/24419.8,2/24419.8,3/24419.8,4/24419.8,5/24419.8;0/24419.8,1/24419.8,2/24419.8,3/24419.8,4/24419.8,5/24419.8,6/24419.8,7/24419.8,8/24419.8,9/24419.8,10/24419.8,11/24419.8;0/0,1/0,2/0,3/0,4/0,5/0;0/8,1/4,2/2,3/4,4/4,5/1,6/3,7/3,8/4,9/4,10/3,11/0;0/0,1/0,2/0,3/0,4/0,5/0;0/16,1/11,2/10,3/13,4/12,5/7,6/14,7/9,8/12,9/11,10/7,11/10;0/0,1/0,2/0,3/0,4/0,5/0;0/4,1/4,2/3,3/4,4/4,5/4,6/4,7/3,8/3,9/4,10/4,11/4;0/84,1/83,2/65,3/65,4/65,5/86;0/434,1/418,2/363,3/411,4/431,5/431,6/437,7/346,8/352,9/421,10/443,11/429;0/527,1/508,2/412,3/408,4/402,5/512;0/1879,1/1818,2/1504,3/1817,4/2034,5/1968,6/1885,7/1573,8/1578,9/1821,10/1936,11/1931
24479.98;448;4931;6;12;0/19245.58,1/19437.56,2/20390.78,3/20426.5,4/20487.93,5/19396.51;0/5659.98,1/6256.59,2/9415.84,3/6256.54,4/4086.09,5/4758.64,6/5578.64,7/8693.34,8/8642.21,9/6223.09,10/5069.59,11/5129.06;0/24479.98,1/24479.98,2/24479.98,3/24479.98,4/24479.98,5/24479.98;0/24479.98,1/24479.98,2/24479.98,3/24479.98,4/24479.98,5/24479.98,6/24479.98,7/24479.98,8/24479.98,9/24479.98,10/24479.98,11/24479.98;0/0,1/0,2/0,3/0,4/0,5/0;0/6,1/6,2/2,3/5,4/3,5/2,6/6,7/4,8/6,9/1,10/6,11/0;0/0,1/0,2/0,3/0,4/0,5/0;0/14,1/10,2/10,3/13,4/9,5/10,6/16,7/6,8/10,9/9,10/8,11/9;0/0,1/0,2/0,3/0,4/0,5/0;0/4,1/4,2/3,3/4,4/4,5/4,6/4,7/3,8/3,9/4,10/4,11/4;0/84,1/83,2/65,3/65,4/65,5/86;0/434,1/420,2/365,3/413,4/432,5/432,6/438,7/347,8/353,9/423,10/444,11/430;0/527,1/508,2/412,3/408,4/402,5/512;0/1882,1/1823,2/1507,3/1823,4/2040,5/1973,6/1891,7/1579,8/1584,9/1826,10/1942,11/1936
24539.99;448;4942;6;12;0/19305.59,1/19497.57,2/20450.79,3/20486.5,4/20547.94,5/19456.51;0/5665.02,1/6289.99,2/9416.03,3/6288.5,4/4107.6,5/4758.88,6/5578.82,7/8699.99,8/8642.38,9/6246.03,10/5119.99,11/5129.26;0/24539.99,1/24539.99,2/24539.99,3/24539.99,4/24539.99,5/24539.99;0/24539.99,1/24539.99,2/24539.99,3/24539.99,4/24539.99,5/24539.99,6/24539.99,7/24539.99,8/24539.99,9/24539.99,10/24539.99,11/24539.99;0/0,1/0,2/0,3/0,4/0,5/0;0/3,1/3,2/2,3/0,4/3,5/2,6/4,7/6,8/5,9/2,10/1,11/0;0/0,1/0,2/0,3/0,4/0,5/0;0/8,1/12,2/9,3/12,4/12,5/8,6/17,7/9,8/9,9/8,10/9,11/8;0/0,1/0,2/0,3/0,4/0,5/0;0/4,1/4,2/3,3/4,4/4,5/4,6/4,7/3,8/3,9/4,10/4,11/4;0/84,1/83,2/65,3/65,4/65,5/86;0/435,1/421,2/366,3/414,4/434,5/433,6/439,7/348,8/354,9/424,10/444,11/430;0/527,1/508,2/412,3/408,4/402,5/512;0/1888,1/1825,2/1513,3/1826,4/2044,5/1979,6/1897,7/1584,8/1590,9/1830,10/1942,11/1942
24599.88;448;4958;6;12;0/19365.48,1/19557.46,2/20510.68,3/20546.39,4/20607.83,5/19516.4;0/5672.29,1/6300.12,2/9416.24,3/6288.69,4/4107.92,5/4759.24,6/5579.17,7/8749.88,8/8662.62,9/6246.57,10/5152.5,11/5129.88;0/24599.88,1/24599.88,2/24599.88,3/24599.88,4/24599.88,5/24599.88;0/24599.88,1/24599.88,2/24599.88,3/24599.88,4/24599.88,5/24599.88,6/24599.88,7/24599.88,8/24599.88,9/24599.88,10/24599.88,11/24599.88;0/0,1/0,2/0,3/0,4/0,5/0;0/2,1/3,2/2,3/3,4/3,5/7,6/3,7/4,8/6,9/5,10/1,11/0;0/0,1/0,2/0,3/0,4/0,5/0;0/7,1/12,2/7,3/13,4/12,5/11,6/13,7/10,8/8,9/11,10/9,11/8;0/0,1/0,2/0,3/0,4/0,5/0;0/4,1/4,2/3,3/4,4/4,5/4,6/4,7/3,8/3,9/4,10/4,11/4;0/84,1/83,2/65,3/65,4/65,5/86;0/437,1/423,2/367,3/414,4/435,5/435,6/440,7/349,8/355,9/425,10/447,11/431;0/527,1/508,2/412,3/408,4/402,5/512;0/1893,1/1830,2/1519,3/1832,4/2050,5/1985,6/1903,7/1585,8/1594,9/1836,10/1945,11/1948
24659.71;448;4970;6;12;0/19425.31,1/19617.29,2/20570.51,3/20606.23,4/20667.66,5/19576.24;0/5673.22,1/6300.37,2/9419.71,3/6288.93,4/4109.71,5/4759.71,6/5587.29,7/8767.85,8/8689.71,9/6261.39,10/5152.64,11/5149.67;0/24659.71,1/24659.71,2/24659.71,3/24659.71,4/24659.71,5/24659.71;0/24659.71,1/24659.71,2/24659.71,3/24659.71,4/24659.71,5/24659.71,6/24659.71,7/24659.71,8/24659.71,9/24659.71,10/24659.71,11/24659.71;0/0,1/0,2/0,3/0,4/0,5/0;0/2,1/4,2/5,3/4,4/1,5/7,6/0,7/4,8/5,9/3,10/0,11/0;0/0,1/0,2/0,3/0,4/0,5/0;0/8,1/9,2/13,3/14,4/11,5/14,6/11,7/6,8/7,9/13,10/6,11/6;0/0,1/0,2/0,3/0,4/0,5/0;0/4,1/4,2/3,3/4,4/4,5/4,6/4,7/3,8/3,9/4,10/4,11/4;0/84,1/83,2/65,3/65,4/65,5/86;0/438,1/424,2/367,3/416,4/436,5/435,6/441,7/351,8/356,9/427,10/447,11/432;0/527,1/508,2/412,3/408,4/402,5/512;0/1899,1/1836,2/1524,3/1838,4/2055,5/1990,6/1908,7/1590,8/1597,9/1840,10/1951,11/1952
24719.98;448;4986;6;12;0/19485.59,1/19677.56,2/20630.79,3/20666.5,4/20727.93,5/19636.51;0/5694.94,1/6300.57,2/9435.17,3/6289.06,4/4111.25,5/4770.75,6/5587.6,7/8789.98,8/8739.98,9/6261.52,10/5164.35,11/5150.19;0/24719.98,1/24719.98,2/24719.98,3/24719.98,4/24719.98,5/24719.98;0/24719.98,1/24719.98,2/24719.98,3/24719.98,4/24719.98,5/24719.98,6/24719.98,7/24719.98,8/24719.98,9/24719.98,10/24719.98,11/24719.98;0/0,1/0,2/0,3/0,4/0,5/0;0/2,1/3,2/4,3/3,4/3,5/7,6/1,7/4,8/4,9/6,10/5,11/0;0/0,1/0,2/0,3/0,4/0,5/0;0/12,1/7,2/11,3/12,4/12,5/9,6/11,7/7,8/8,9/17,10/14,11/10;0/0,1/0,2/0,3/0,4/0,5/0;0/4,1/4,2/3,3/4,4/4,5/4,6/4,7/3,8/3,9/4,10/4,11/4;0/84,1/83,2/65,3/65,4/65,5/86;0/440,1/426,2/368,3/417,4/438,5/437,6/442,7/351,8/357,9/428,10/449,11/433;0/527,1/508,2/412,3/408,4/402,5/512;0/1903,1/1842,2/1529,3/1844,4/2061,5/1995,6/1914,7/1593,8/1598,9/1846,10/1956,11/1957
24779.92;448;4998;6;12;0/19545.52,1/19737.5,2/20690.72,3/20726.43,4/20787.87,5/19696.44;0/5739.92,1/6339.92,2/9435.54,3/6289.25,4/4118.97,5/4809.92,6/5588.43,7/8803.41,8/8767.85,9/6272.54,10/5169.16,11/5161.78;0/24779.92,1/24779.92,2/24779.92,3/24779.92,4/24779.92,5/24779.92;0/24779.92,1/24779.92,2/24779.92,3/24779.92,4/24779.92,5/24779.92,6/24779.92,7/24779.92,8/24779.92,9/24779.92,10/24779.92,11/24779.92;0/0,1/0,2/0,3/0,4/0,5/0;0/0,1/7,2/9,3/1,4/2,5/6,6/2,7/4,8/4,9/7,10/6,11/0;0/0,1/0,2/0,3/0,4/0,5/0;0/15,1/11,2/18,3/7,4/14,5/11,6/9,7/7,8/9,9/20,10/16,11/8;0/0,1/0,2/0,3/0,4/0,5/0;0/4,1/4,2/3,3/4,4/4,5/4,6/4,7/3,8/3,9/4,10/4,11/4;0/84,1/83,2/65,3/65,4/65,5/86;0/440,1/426,2/369,3/418,4/439,5/438,6/444,7/352,8/358,9/429,10/451,11/434;0/527,1/508,2/412,3/408,4/402,5/512;0/1904,1/1844,2/1535,3/1850,4/2067,5/1997,6/1920,7/1598,8/1602,9/1851,10/1962,11/1962
24839.99;448;5009;6;12;0/19605.59,1/19797.57,2/20750.79,3/20786.5,4/20847.94,5/19756.51;0/5749.36,1/6378.59,2/9435.72,3/6290.63,4/4119.14,5/4846.6,6/5588.59,7/8839.99,8/8769.99,9/6272.6,10/5170.35,11/5162.16;0/24839.99,1/24839.99,2/24839.99,3/24839.99,4/24839.99,5/24839.99;0/24839.99,1/24839.99,2/24839.99,3/24839.99,4/24839.99,5/24839.99,6/24839.99,7/24839.99,8/24839.99,9/24839.99,10/24839.99,11/24839.99;0/0,1/0,2/0,3/0,4/0,5/0;0/0,1/10,2/10,3/7,4/1,5/2,6/0,7/3,8/6,9/4,10/3,11/0;0/0,1/0,2/0,3/0,4/0,5/0;0/11,1/12,2/17,3/13,4/10,5/8,6/8,7/7,8/8,9/14,10/14,11/9;0/0,1/0,2/0,3/0,4/0,5/0;0/4,1/4,2/3,3/4,4/4,5/4,6/4,7/3,8/3,9/4,10/4,11/4;0/84,1/83,2/65,3/65,4/65,5/86;0/442,1/429,2/370,3/419,4/439,5/439,6/444,7/353,8/359,9/429,10/452,11/434;0/527,1/508,2/412,3/408,4/402,5/512;0/1910,1/1847,2/1541,3/1855,4/2073,5/2000,6/1926,7/1600,8/1607,9/1857,10/1967,11/1968
24899.9;448;5025;6;12;0/19665.5,1/19857.48,2/20810.7,3/20846.41,4/20907.85,5/19816.42;0/5749.48,1/6407.27,2/9435.75,3/6314.09,4/4119.33,5/4858.14,6/5611.69,7/8869.9,8/8809.9,9/6272.74,10/5170.61,11/5188.29;0/24899.9,1/24899.9,2/24899.9,3/24899.9,4/24899.9,5/24899.9;0/24899.9,1/24899.9,2/24899.9,3/24899.9,4/24899.9,5/24899.9,6/24899.9,7/24899.9,8/24899.9,9/24899.9,10/24899.9,11/24899.9;0/0,1/0,2/0,3/0,4/0,5/0;0/0,1/7,2/8,3/8,4/4,5/2,6/4,7/5,8/8,9/7,10/3,11/2;0/0,1/0,2/0,3/0,4/0,5/0;0/9,1/13,2/11,3/16,4/9,5/7,6/15,7/10,8/10,9/14,10/13,11/12;0/0,1/0,2/0,3/0,4/0,5/0;0/4,1/4,2/3,3/4,4/4,5/4,6/4,7/3,8/3,9/4,10/4,11/4;0/84,1/83,2/65,3/65,4/65,5/86;0/442,1/430,2/371,3/421,4/441,5/441,6/445,7/354,8/360,9/431,10/453,11/436;0/527,1/508,2/412,3/408,4/402,5/512;0/1916,1/1850,2/1547,3/1859,4/2079,5/2005,6/1929,7/1603,8/1609,9/1863,10/1973,11/1972
24959.97;448;5036;6;12;0/19725.57,1/19917.55,2/20870.77,3/20906.48,4/20967.92,5/19876.49;0/5750.17,1/6419.97,2/9474.9,3/6314.23,4/4119.64,5/4858.72,6/5611.77,7/8928.85,8/8865.46,9/6272.96,10/5170.75,11/5188.5;0/24959.97,1/24959.97,2/24959.97,3/24959.97,4/24959.97,5/24959.97;0/24959.97,1/24959.97,2/24959.97,3/24959.97,4/24959.97,5/24959.97,6/24959.97,7/24959.97,8/24959.97,9/24959.97,10/24959.97,11/24959.97;0/0,1/0,2/0,3/0,4/0,5/0;0/2,1/4,2/8,3/11,4/5,5/2,6/3,7/4,8/4,9/8,10/4,11/2;0/0,1/0,2/0,3/0,4/0,5/0;0/10,1/11,2/9,3/18,4/10,5/8,6/9,7/9,8/9,9/16,10/14,11/13;0/0,1/0,2/0,3/0,4/0,5/0;0/4,1/4,2/3,3/4,4/4,5/4,6/4,7/3,8/3,9/4,10/4,11/4;0/84,1/83,2/65,3/65,4/65,5/86;0/443,1/430,2/372,3/422,4/442,5/443,6/446,7/355,8/361,9/432,10/454,11/436;0/527,1/508,2/412,3/408,4/402,5/512;0/1921,1/1854,2/1549,3/1865,4/2085,5/2011,6/1935,7/1604,8/1610,9/1869,10/1979,11/1978
25019.98;448;5052;6;12;0/19785.58,1/19977.56,2/20930.78,3/20966.5,4/21027.93,5/19936.51;0/5750.81,1/6435.48,2/9519.98,3/6335.9,4/4127.77,5/4859.36,6/5611.99,7/8929.11,8/8876.39,9/6299.98,10/5171.03,11/5188.66;0/25019.98,1/25019.98,2/25019.98,3/25019.98,4/25019.98,5/25019.98;0/25019.98,1/25019.98,2/25019.98,3/25019.98,4/25019.98,5/25019.98,6/25019.98,7/25019.98,8/25019.98,9/25019.98,10/25019.98,11/25019.98;0/0,1/0,2/0,3/0,4/0,5/0;0/0,1/4,2/5,3/8,4/9,5/4,6/4,7/6,8/4,9/5,10/3,11/1;0/0,1/0,2/0,3/0,4/0,5/0;0/10,1/7,2/9,3/15,4/14,5/9,6/12,7/10,8/5,9/13,10/12,11/12;0/0,1/0,2/0,3/0,4/0,5/0;0/4,1/4,2/3,3/4,4/4,5/4,6/4,7/3,8/3,9/4,10/4,11/4;0/84,1/83,2/65,3/65,4/65,5/86;0/445,1/432,2/373,3/423,4/444,5/444,6/447,7/356,8/363,9/433,10/454,11/438;0/527,1/508,2/412,3/408,4/402,5/512;0/1927,1/1859,2/1550,3/1869,4/2090,5/2017,6/1941,7/1610,8/1615,9/1872,10/1985,11/1984
25079.99;448;5065;6;12;0/19845.6,1/20037.57,2/20990.8,3/21026.51,4/21087.94,5/19996.52;0/5754.18,1/6439.99,2/9553.76,3/6349.99,4/4141.22,5/4875.48,6/5613.44,7/8929.35,8/8919.99,9/6325.48,10/5179.75,11/5189.11;0/25079.99,1/25079.99,2/25079.99,3/25079.99,4/25079.99,5/25079.99;0/25079.99,1/25079.99,2/25079.99,3/25079.99,4/25079.99,5/25079.99,6/25079.99,7/25079.99,8/25079.99,9/25079.99,10/25079.99,11/25079.99;0/0,1/0,2/0,3/0,4/0,5/0;0/1,1/6,2/5,3/9,4/5,5/3,6/2,7/5,8/2,9/4,10/3,11/1;0/0,1/0,2/0,3/0,4/0,5/0;0/14,1/9,2/8,3/17,4/13,5/11,6/11,7/12,8/10,9/9,10/8,11/10;0/0,1/0,2/0,3/0,4/0,5/0;0/4,1/4,2/3,3/4,4/4,5/4,6/4,7/3,8/3,9/4,10/4,11/4;0/84,1/83,2/65,3/65,4/65,5/86;0/446,1/433,2/375,3/424,4/445,5/445,6/448,7/357,8/363,9/435,10/456,11/438;0/527,1/508,2/412,3/408,4/402,5/512;0/1933,1/1864,2/1553,3/1873,4/2094,5/2021,6/1947,7/1616,8/1616,9/1876,10/1991,11/1990
25139.87;448;5078;6;12;0/19905.47,1/20097.45,2/21050.68,3/21086.39,4/21147.82,5/20056.4;0/5759.24,1/6489.87,2/9569.87,3/6380.31,4/4157.1,5/4880.98,6/5613.93,7/8943.72,8/8969.87,9/6339.87,10/5180.04,11/5189.29;0/25139.87,1/25139.87,2/25139.87,3/25139.87,4/25139.87,5/25139.87;0/25139.87,1/25139.87,2/25139.87,3/25139.87,4/25139.87,5/25139.87,6/25139.87,7/25139.87,8/25139.87,9/25139.87,10/25139.87,11/25139.87;0/0,1/0,2/0,3/0,4/0,5/0;0/4,1/8,2/10,3/5,4/2,5/2,6/6,7/6,8/2,9/2,10/4,11/0;0/0,1/0,2/0,3/0,4/0,5/0;0/16,1/14,2/13,3/14,4/12,5/8,6/19,7/10,8/11,9/6,10/9,11/8;0/0,1/0,2/0,3/0,4/0,5/0;0/4,1/4,2/3,3/4,4/4,5/4,6/4,7/3,8/3,9/4,10/4,11/4;0/84,1/83,2/65,3/65,4/65,5/86;0/447,1/434,2/376,3/425,4/447,5/446,6/449,7/358,8/364,9/436,10/457,11/439;0/527,1/508,2/412,3/408,4/402,5/512;0/1939,1/1865,2/1557,3/1876,4/2099,5/2026,6/1953,7/1620,8/1617,9/1880,10/1996,11/1996
25199.98;448;5093;6;12;0/19965.59,1/20157.56,2/21110.79,3/21146.5,4/21207.93,5/20116.51;0/5759.5,1/6535.29,2/9629.76,3/6380.44,4/4157.27,5/4904.53,6/5613.98,7/8959.98,8/8977.22,9/6369.98,10/5229.98,11/5199.41;0/25199.98,1/25199.98,2/25199.98,3/25199.98,4/25199.98,5/25199.98;0/25199.98,1/25199.98,2/25199.98,3/25199.98,4/25199.98,5/25199.98,6/25199.98,7/25199.98,8/25199.98,9/25199.98,10/25199.98,11/25199.98;0/0,1/0,2/0,3/0,4/0,5/0;0/7,1/3,2/7,3/5,4/1,5/3,6/5,7/7,8/2,9/4,10/2,11/1;0/0,1/0,2/0,3/0,4/0,5/0;0/19,1/14,2/12,3/10,4/10,5/8,6/13,7/11,8/11,9/11,10/12,11/6;0/0,1/0,2/0,3/0,4/0,5/0;0/4,1/4,2/3,3/4,4/4,5/4,6/4,7/3,8/3,9/4,10/4,11/4;0/84,1/83,2/65,3/65,4/65,5/86;0/448,1/435,2/377,3/427,4/447,5/448,6/450,7/359,8/366,9/438,10/458,11/440;0/527,1/508,2/412,3/408,4/402,5/512;0/1945,1/1867,2/1558,3/1882,4/2105,5/2030,6/1959,7/1624,8/1623,9/1883,10/1997,11/2001
25259.96;448;5105;6;12;0/20025.56,1/20217.54,2/21170.76,3/21206.48,4/21267.91,5/20176.49;0/5759.59,1/6535.51,2/9629.92,3/6389.96,4/4159.96,5/4916.78,6/5614.31,7/8987.35,8/8977.5,9/6396.87,10/5237.03,11/5199.96;0/25259.96,1/25259.96,2/25259.96,3/25259.96,4/25259.96,5/25259.96;0/25259.96,1/25259.96,2/25259.96,3/25259.96,4/25259.96,5/25259.96,6/25259.96,7/25259.96,8/25259.96,9/25259.96,10/25259.96,11/25259.96;0/0,1/0,2/0,3/0,4/0,5/0;0/5,1/4,2/6,3/3,4/4,5/1,6/3,7/5,8/6,9/2,10/4,11/8;0/0,1/0,2/0,3/0,4/0,5/0;0/18,1/10,2/9,3/14,4/14,5/9,6/13,7/9,8/15,9/12,10/10,11/15;0/0,1/0,2/0,3/0,4/0,5/0;0/4,1/4,2/3,3/4,4/4,5/4,6/4,7/3,8/3,9/4,10/4,11/4;0/84,1/83,2/65,3/65,4/65,5/86;0/448,1/437,2/378,3/428,4/448,5/449,6/450,7/360,8/367,9/440,10/459,11/441;0/527,1/508,2/412,3/408,4/402,5/512;0/1951,1/1873,2/1564,3/1887,4/2110,5/2035,6/1965,7/1628,8/1629,9/1887,10/2003,11/2006
25319.99;448;5117;6;12;0/20085.59,1/20277.57,2/21230.79,3/21266.5,4/21327.94,5/20236.51;0/5759.63,1/6539.99,2/9656.45,3/6418.32,4/4174.27,5/4939.16,6/5629.99,7/9029.27,8/8977.68,9/6419.99,10/5249.99,11/5230.6;0/25319.99,1/25319.99,2/25319.99,3/25319.99,4/25319.99,5/25319.99;0/25319.99,1/25319.99,2/25319.99,3/25319.99,4/25319.99,5/25319.99,6/25319.99,7/25319.99,8/25319.99,9/25319.99,10/25319.99,11/25319.99;0/0,1/0,2/0,3/0,4/0,5/0;0/4,1/3,2/3,3/0,4/2,5/3,6/4,7/4,8/7,9/3,10/3,11/5;0/0,1/0,2/0,3/0,4/0,5/0;0/14,1/11,2/7,3/12,4/10,5/9,6/14,7/8,8/13,9/16,10/10,11/15;0/0,1/0,2/0,3/0,4/0,5/0;0/4,1/4,2/3,3/4,4/4,5/4,6/4,7/3,8/3,9/4,10/4,11/4;0/84,1/83,2/65,3/65,4/65,5/86;0/449,1/438,2/379,3/429,4/449,5/450,6/451,7/362,8/367,9/440,10/461,11/442;0/527,1/508,2/412,3/408,4/402,5/512;0/1957,1/1878,2/1567,3/1891,4/2115,5/2039,6/1969,7/1630,8/1635,9/1890,10/2007,11/2009
25379.99;448;5132;6;12;0/20145.59,1/20337.57,2/21290.79,3/21326.51,4/21387.94,5/20296.52;0/5759.99,1/6583.71,2/9669.99,3/6418.56,4/4174.48,5/4939.4,6/5638.74,7/9039.99,8/9005.6,9/6428.56,10/5266.13,11/5236.94;0/25379.99,1/25379.99,2/25379.99,3/25379.99,4/25379.99,5/25379.99;0/25379.99,1/25379.99,2/25379.99,3/25379.99,4/25379.99,5/25379.99,6/25379.99,7/25379.99,8/25379.99,9/25379.99,10/25379.99,11/25379.99;0/0,1/0,2/0,3/0,4/0,5/0;0/4,1/0,2/6,3/0,4/2,5/3,6/2,7/1,8/4,9/1,10/3,11/6;0/0,1/0,2/0,3/0,4/0,5/0;0/10,1/11,2/10,3/11,4/9,5/8,6/10,7/9,8/12,9/10,10/10,11/13;0/0,1/0,2/0,3/0,4/0,5/0;0/4,1/4,2/3,3/4,4/4,5/4,6/4,7/3,8/3,9/4,10/4,11/4;0/84,1/83,2/65,3/65,4/65,5/86;0/450,1/439,2/380,3/431,4/450,5/451,6/453,7/362,8/368,9/442,10/462,11/444;0/527,1/508,2/412,3/408,4/402,5/512;0/1962,1/1880,2/1571,3/1897,4/2121,5/2045,6/1975,7/1634,8/1638,9/1896,10/2012,11/2015
25439.97;448;5144;6;12;0/20205.58,1/20397.55,2/21350.78,3/21386.49,4/21447.92,5/20356.5;0/5761.61,1/6584.04,2/9729.97,3/6422.37,4/4201.3,5/4939.88,6/5638.87,7/9067.06,8/9009.56,9/6428.78,10/5268.71,11/5237.34;0/25439.97,1/25439.97,2/25439.97,3/25439.97,4/25439.97,5/25439.97;0/25439.97,1/25439.97,2/25439.97,3/25439.97,4/25439.97,5/25439.97,6/25439.97,7/25439.97,8/25439.97,9/25439.97,10/25439.97,11/25439.97;0/0,1/0,2/0,3/0,4/0,5/0;0/3,1/1,2/3,3/4,4/1,5/6,6/3,7/1,8/4,9/1,10/2,11/5;0/0,1/0,2/0,3/0,4/0,5/0;0/9,1/13,2/10,3/13,4/8,5/7,6/7,7/6,8/7,9/12,10/8,11/9;0/0,1/0,2/0,3/0,4/0,5/0;0/4,1/4,2/3,3/4,4/4,5/4,6/4,7/3,8/3,9/4,10/4,11/4;0/84,1/83,2/65,3/65,4/65,5/86;0/452,1/440,2/380,3/432,4/451,5/453,6/453,7/363,8/369,9/442,10/464,11/445;0/527,1/508,2/412,3/408,4/402,5/512;0/1968,1/1886,2/1571,3/1902,4/2124,5/2051,6/1981,7/1638,8/1644,9/1902,10/2018,11/2021
25499.99;448;5156;6;12;0/20265.6,1/20457.57,2/21410.8,3/21446.51,4/21507.95,5/20416.52;0/5787.74,1/6584.85,2/9734.42,3/6422.63,4/4201.74,5/4989.99,6/5650.43,7/9067.5,8/9009.99,9/6428.89,10/5272.49,11/5259.99;0/25499.99,1/25499.99,2/25499.99,3/25499.99,4/25499.99,5/25499.99;0/25499.99,1/25499.99,2/25499.99,3/25499.99,4/25499.99,5/25499.99,6/25499.99,7/25499.99,8/25499.99,9/25499.99,10/25499.99,11/25499.99;0/0,1/0,2/0,3/0,4/0,5/0;0/4,1/1,2/4,3/7,4/1,5/0,6/2,7/3,8/6,9/3,10/3,11/4;0/0,1/0,2/0,3/0,4/0,5/0;0/10,1/8,2/8,3/19,4/7,5/8,6/9,7/8,8/9,9/9,10/9,11/10;0/0,1/0,2/0,3/0,4/0,5/0;0/4,1/4,2/3,3/4,4/4,5/4,6/4,7/3,8/3,9/4,10/4,11/4;0/84,1/83,2/65,3/65,4/65,5/86;0/453,1/441,2/382,3/432,4/452,5/453,6/455,7/364,8/370,9/444,10/465,11/445;0/527,1/508,2/412,3/408,4/402,5/512;0/1972,1/1892,2/1577,3/1908,4/2130,5/2051,6/1985,7/1644,8/1649,9/1908,10/2023,11/2024
25559.63;448;5170;6;12;0/20325.24,1/20517.21,2/21470.44,3/21506.15,4/21567.58,5/20476.16;0/5811.49,1/6585.04,2/9734.82,3/6422.82,4/4201.97,5/5003.45,6/5650.74,7/9067.9,8/9048.49,9/6429.54,10/5274.82,11/5292.26;0/25559.63,1/25559.63,2/25559.63,3/25559.63,4/25559.63,5/25559.63;0/25559.63,1/25559.63,2/25559.63,3/25559.63,4/25559.63,5/25559.63,6/25559.63,7/25559.63,8/25559.63,9/25559.63,10/25559.63,11/25559.63;0/0,1/0,2/0,3/0,4/0,5/0;0/1,1/1,2/4,3/2,4/1,5/0,6/2,7/5,8/3,9/3,10/5,11/5;0/0,1/0,2/0,3/0,4/0,5/0;0/8,1/8,2/8,3/14,4/8,5/7,6/10,7/16,8/7,9/13,10/11,11/10;0/0,1/0,2/0,3/0,4/0,5/0;0/4,1/4,2/3,3/4,4/4,5/4,6/4,7/3,8/3,9/4,10/4,11/4;0/84,1/83,2/65,3/65,4/65,5/86;0/454,1/442,2/383,3/433,4/453,5/455,6/456,7/365,8/371,9/445,10/466,11/447;0/527,1/508,2/412,3/408,4/402,5/512;0/1975,1/1898,2/1583,3/1914,4/2136,5/2056,6/1991,7/1650,8/1652,9/1914,10/2029,11/2027
25620;448;5182;6;12;0/20385.6,1/20577.58,2/21530.8,3/21566.52,4/21627.95,5/20536.53;0/5817.26,1/6585.43,2/9790,3/6423.21,4/4202.3,5/5014.61,6/5650.94,7/9077.58,8/9070,9/6429.76,10/5280,11/5300;0/25620,1/25620,2/25620,3/25620,4/25620,5/25620;0/25620,1/25620,2/25620,3/25620,4/25620,5/25620,6/25620,7/25620,8/25620,9/25620,10/25620,11/25620;0/0,1/0,2/0,3/0,4/0,5/0;0/3,1/2,2/2,3/5,4/1,5/0,6/4,7/4,8/8,9/8,10/6,11/3;0/0,1/0,2/0,3/0,4/0,5/0;0/14,1/9,2/11,3/16,4/8,5/5,6/11,7/11,8/14,9/13,10/12,11/12;0/0,1/0,2/0,3/0,4/0,5/0;0/4,1/4,2/3,3/4,4/4,5/4,6/4,7/3,8/3,9/4,10/4,11/4;0/84,1/83,2/65,3/65,4/65,5/86;0/456,1/443,2/383,3/434,4/454,5/456,6/457,7/366,8/372,9/446,10/467,11/448;0/527,1/508,2/412,3/408,4/402,5/512;0/1981,1/1904,2/1583,3/1920,4/2142,5/2061,6/1997,7/1655,8/1655,9/1920,10/2034,11/2032
25679.99;448;5193;6;12;0/20445.59,1/20637.57,2/21590.79,3/21626.51,4/21687.94,5/20596.51;0/5817.53,1/6585.69,2/9800.36,3/6423.4,4/4202.8,5/5014.94,6/5660.94,7/9077.8,8/9107.53,9/6429.99,10/5289.99,11/5318.61;0/25679.99,1/25679.99,2/25679.99,3/25679.99,4/25679.99,5/25679.99;0/25679.99,1/25679.99,2/25679.99,3/25679.99,4/25679.99,5/25679.99,6/25679.99,7/25679.99,8/25679.99,9/25679.99,10/25679.99,11/25679.99;0/0,1/0,2/0,3/0,4/0,5/0;0/5,1/5,2/2,3/4,4/4,5/6,6/6,7/3,8/8,9/5,10/5,11/3;0/0,1/0,2/0,3/0,4/0,5/0;0/16,1/15,2/8,3/15,4/11,5/11,6/13,7/11,8/14,9/12,10/7,11/8;0/0,1/0,2/0,3/0,4/0,5/0;0/4,1/4,2/3,3/4,4/4,5/4,6/4,7/3,8/3,9/4,10/4,11/4;0/84,1/83,2/65,3/65,4/65,5/86;0/457,1/444,2/384,3/435,4/455,5/457,6/458,7/366,8/373,9/447,10/468,11/449;0/527,1/508,2/412,3/408,4/402,5/512;0/1987,1/1910,2/1588,3/1926,4/2148,5/2067,6/2002,7/1661,8/1658,9/1926,10/2039,11/2037
25739.99;448;5205;6;12;0/20505.59,1/20697.57,2/21650.79,3/21686.5,4/21747.94,5/20656.51;0/5817.66,1/6596.33,2/9800.75,3/6423.5,4/4239.99,5/5035.77,6/5661.26,7/9078.01,8/9119.99,9/6430.23,10/5329.99,11/5319.28;0/25739.99,1/25739.99,2/25739.99,3/25739.99,4/25739.99,5/25739.99;0/25739.99,1/25739.99,2/25739.99,3/25739.99,4/25739.99,5/25739.99,6/25739.99,7/25739.99,8/25739.99,9/25739.99,10/25739.99,11/25739.99;0/0,1/0,2/0,3/0,4/0,5/0;0/4,1/5,2/2,3/2,4/3,5/4,6/8,7/4,8/6,9/6,10/5,11/5;0/0,1/0,2/0,3/0,4/0,5/0;0/10,1/12,2/8,3/9,4/9,5/18,6/15,7/10,8/10,9/11,10/11,11/10;0/0,1/0,2/0,3/0,4/0,5/0;0/4,1/4,2/3,3/4,4/4,5/4,6/4,7/3,8/3,9/4,10/4,11/4;0/84,1/83,2/65,3/65,4/65,5/86;0/457,1/446,2/385,3/436,4/455,5/458,6/459,7/367,8/373,9/448,10/470,11/451;0/527,1/508,2/412,3/408,4/402,5/512;0/1993,1/1915,2/1594,3/1932,4/2150,5/2071,6/2008,7/1667,8/1662,9/1931,10/2041,11/2043
25799.97;448;5224;6;12;0/20565.57,1/20757.55,2/21710.78,3/21746.49,4/21807.92,5/20716.5;0/5819.97,1/6626.29,2/9809.97,3/6440.93,4/4245.05,5/5042.05,6/5673.02,7/9078.23,8/9147.58,9/6442.75,10/5376.88,11/5346.2;0/25799.97,1/25799.97,2/25799.97,3/25799.97,4/25799.97,5/25799.97;0/25799.97,1/25799.97,2/25799.97,3/25799.97,4/25799.97,5/25799.97,6/25799.97,7/25799.97,8/25799.97,9/25799.97,10/25799.97,11/25799.97;0/0,1/0,2/0,3/0,4/0,5/0;0/4,1/3,2/2,3/2,4/3,5/3,6/6,7/5,8/6,9/5,10/2,11/3;0/0,1/0,2/0,3/0,4/0,5/0;0/9,1/12,2/8,3/8,4/9,5/13,6/14,7/7,8/8,9/15,10/11,11/12;0/0,1/0,2/0,3/0,4/0,5/0;0/4,1/4,2/3,3/4,4/4,5/4,6/4,7/3,8/3,9/4,10/4,11/4;0/84,1/83,2/65,3/65,4/65,5/86;0/459,1/447,2/386,3/438,4/458,5/459,6/461,7/368,8/375,9/450,10/471,11/452;0/527,1/508,2/412,3/408,4/402,5/512;0/1998,1/1918,2/1599,3/1936,4/2156,5/2076,6/2013,7/1673,8/1666,9/1936,10/2043,11/2046
25859.97;448;5236;6;12;0/20625.58,1/20817.55,2/21770.78,3/21806.49,4/21867.93,5/20776.5;0/5839.97,1/6627.38,2/9855.84,3/6446.56,4/4245.23,5/5042.59,6/5673.13,7/9079.97,8/9189.97,9/6442.93,10/5386.84,11/5362.32;0/25859.97,1/25859.97,2/25859.97,3/25859.97,4/25859.97,5/25859.97;0/25859.97,1/25859.97,2/25859.97,3/25859.97,4/25859.97,5/25859.97,6/25859.97,7/25859.97,8/25859.97,9/25859.97,10/25859.97,11/25859.97;0/0,1/0,2/0,3/0,4/0,5/0;0/2,1/3,2/5,3/3,4/2,5/3,6/8,7/7,8/1,9/4,10/3,11/2;0/0,1/0,2/0,3/0,4/0,5/0;0/12,1/8,2/10,3/11,4/5,5/10,6/13,7/8,8/8,9/10,10/8,11/11;0/0,1/0,2/0,3/0,4/0,5/0;0/4,1/4,2/3,3/4,4/4,5/4,6/4,7/3,8/3,9/4,10/4,11/4;0/84,1/83,2/65,3/65,4/65,5/86;0/460,1/448,2/387,3/439,4/459,5/460,6/462,7/369,8/376,9/450,10/473,11/453;0/527,1/508,2/412,3/408,4/402,5/512;0/2002,1/1924,2/1601,3/1942,4/2162,5/2082,6/2019,7/1678,8/1668,9/1942,10/2048,11/2050
25920;448;5251;6;12;0/20685.6,1/20877.58,2/21830.8,3/21866.52,4/21927.95,5/20836.53;0/5864.67,1/6630,2/9856.05,3/6478.14,4/4250,5/5042.87,6/5699.74,7/9140,8/9190.33,9/6459.18,10/5390.99,11/5362.52;0/25920,1/25920,2/25920,3/25920,4/25920,5/25920;0/25920,1/25920,2/25920,3/25920,4/25920,5/25920,6/25920,7/25920,8/25920,9/25920,10/25920,11/25920;0/0,1/0,2/0,3/0,4/0,5/0;0/2,1/4,2/3,3/3,4/1,5/6,6/8,7/5,8/4,9/4,10/3,11/2;0/0,1/0,2/0,3/0,4/0,5/0;0/10,1/8,2/9,3/12,4/9,5/11,6/16,7/8,8/9,9/6,10/6,11/10;0/0,1/0,2/0,3/0,4/0,5/0;0/4,1/4,2/3,3/4,4/4,5/4,6/4,7/3,8/3,9/4,10/4,11/4;0/84,1/83,2/65,3/65,4/65,5/86;0/462,1/450,2/388,3/440,4/460,5/461,6/464,7/369,8/377,9/452,10/474,11/454;0/527,1/508,2/412,3/408,4/402,5/512;0/2006,1/1929,2/1607,3/1945,4/2167,5/2088,6/2023,7/1678,8/1673,9/1947,10/2053,11/2056
25979.97;448;5264;6;12;0/20745.57,1/20937.55,2/21890.77,3/21926.48,4/21987.92,5/20896.49;0/5864.98,1/6653.93,2/9856.6,3/6478.32,4/4297.39,5/5043.1,6/5699.85,7/9191.32,8/9190.82,9/6469.97,10/5429.97,11/5362.76;0/25979.97,1/25979.97,2/25979.97,3/25979.97,4/25979.97,5/25979.97;0/25979.97,1/25979.97,2/25979.97,3/25979.97,4/25979.97,5/25979.97,6/25979.97,7/25979.97,8/25979.97,9/25979.97,10/25979.97,11/25979.97;0/0,1/0,2/0,3/0,4/0,5/0;0/2,1/1,2/1,3/2,4/2,5/6,6/5,7/4,8/4,9/5,10/2,11/2;0/0,1/0,2/0,3/0,4/0,5/0;0/11,1/11,2/9,3/9,4/10,5/13,6/10,7/7,8/7,9/9,10/9,11/11;0/0,1/0,2/0,3/0,4/0,5/0;0/4,1/4,2/3,3/4,4/4,5/4,6/4,7/3,8/3,9/4,10/4,11/4;0/84,1/83,2/65,3/65,4/65,5/86;0/463,1/451,2/389,3/442,4/462,5/462,6/465,7/370,8/378,9/453,10/474,11/455;0/527,1/508,2/412,3/408,4/402,5/512;0/2012,1/1933,2/1613,3/1951,4/2169,5/2094,6/2029,7/1679,8/1679,9/1951,10/2055,11/2062
26039.99;448;5275;6;12;0/20805.6,1/20997.57,2/21950.8,3/21986.51,4/22047.95,5/20956.52;0/5865.36,1/6682.41,2/9856.74,3/6478.65,4/4297.65,5/5075.98,6/5730.16,7/9209.49,8/9209.99,9/6529.99,10/5452.7,11/5363.16;0/26039.99,1/26039.99,2/26039.99,3/26039.99,4/26039.99,5/26039.99;0/26039.99,1/26039.99,2/26039.99,3/26039.99,4/26039.99,5/26039.99,6/26039.99,7/26039.99,8/26039.99,9/26039.99,10/26039.99,11/26039.99;0/0,1/0,2/0,3/0,4/0,5/0;0/4,1/5,2/2,3/9,4/2,5/5,6/6,7/5,8/3,9/2,10/1,11/3;0/0,1/0,2/0,3/0,4/0,5/0;0/13,1/17,2/7,3/11,4/7,5/13,6/13,7/11,8/10,9/9,10/8,11/11;0/0,1/0,2/0,3/0,4/0,5/0;0/4,1/4,2/3,3/4,4/4,5/4,6/4,7/3,8/3,9/4,10/4,11/4;0/84,1/83,2/65,3/65,4/65,5/86;0/464,1/452,2/390,3/443,4/462,5/463,6/466,7/372,8/378,9/453,10/476,11/456;0/527,1/508,2/412,3/408,4/402,5/512;0/2018,1/1936,2/1619,3/1957,4/2175,5/2097,6/2031,7/1684,8/1683,9/1951,10/2059,11/2068
26099.98;448;5289;6;12;0/20865.58,1/21057.56,2/22010.78,3/22046.5,4/22107.93,5/21016.5;0/5865.5,1/6682.5,2/9857.36,3/6525.3,4/4298.08,5/5076.06,6/5758.67,7/9239.98,8/9234.59,9/6548.28,10/5458.97,11/5386.43;0/26099.98,1/26099.98,2/26099.98,3/26099.98,4/26099.98,5/26099.98;0/26099.98,1/26099.98,2/26099.98,3/26099.98,4/26099.98,5/26099.98,6/26099.98,7/26099.98,8/26099.98,9/26099.98,10/26099.98,11/26099.98;0/0,1/0,2/0,3/0,4/0,5/0;0/4,1/7,2/5,3/2,4/2,5/5,6/5,7/4,8/2,9/2,10/5,11/2;0/0,1/0,2/0,3/0,4/0,5/0;0/13,1/16,2/9,3/14,4/10,5/7,6/10,7/10,8/8,9/7,10/15,11/8;0/0,1/0,2/0,3/0,4/0,5/0;0/4,1/4,2/3,3/4,4/4,5/4,6/4,7/3,8/3,9/4,10/4,11/4;0/84,1/83,2/65,3/65,4/65,5/86;0/465,1/452,2/391,3/444,4/464,5/464,6/468,7/372,8/380,9/454,10/478,11/457;0/527,1/508,2/412,3/408,4/402,5/512;0/2024,1/1942,2/1625,3/1958,4/2181,5/2103,6/2035,7/1686,8/1687,9/1956,10/2065,11/2072
26159.93;448;5304;6;12;0/20925.54,1/21117.51,2/22070.74,3/22106.45,4/22167.88,5/21076.46;0/5869.93,1/6682.63,2/9885.66,3/6525.62,4/4314.4,5/5076.58,6/5766.53,7/9249.93,8/9235.22,9/6548.97,10/5459.12,11/5389.93;0/26159.93,1/26159.93,2/26159.93,3/26159.93,4/26159.93,5/26159.93;0/26159.93,1/26159.93,2/26159.93,3/26159.93,4/26159.93,5/26159.93,6/26159.93,7/26159.93,8/26159.93,9/26159.93,10/26159.93,11/26159.93;0/0,1/0,2/0,3/0,4/0,5/0;0/6,1/5,2/6,3/2,4/4,5/4,6/6,7/4,8/3,9/1,10/4,11/1;0/0,1/0,2/0,3/0,4/0,5/0;0/13,1/13,2/10,3/13,4/9,5/8,6/11,7/9,8/10,9/7,10/12,11/7;0/0,1/0,2/0,3/0,4/0,5/0;0/4,1/4,2/3,3/4,4/4,5/4,6/4,7/3,8/3,9/4,10/4,11/4;0/84,1/83,2/65,3/65,4/65,5/86;0/466,1/454,2/392,3/445,4/465,5/466,6/469,7/373,8/381,9/456,10/479,11/458;0/527,1/508,2/412,3/408,4/402,5/512;0/2029,1/1948,2/1628,3/1964,4/2185,5/2109,6/2040,7/1691,8/1693,9/1962,10/2071,11/2077
26219.96;448;5314;6;12;0/20985.57,1/21177.54,2/22130.77,3/22166.48,4/22227.92,5/21136.49;0/5889.96,1/6682.77,2/9899.96,3/6525.77,4/4319.96,5/5086.4,6/5799.99,7/9279.35,8/9249.96,9/6555.73,10/5463.68,11/5412.77;0/26219.96,1/26219.96,2/26219.96,3/26219.96,4/26219.96,5/26219.96;0/26219.96,1/26219.96,2/26219.96,3/26219.96,4/26219.96,5/26219.96,6/26219.96,7/26219.96,8/26219.96,9/26219.96,10/26219.96,11/26219.96;0/0,1/0,2/0,3/0,4/0,5/0;0/3,1/2,2/4,3/3,4/8,5/5,6/4,7/4,8/3,9/0,10/3,11/0;0/0,1/0,2/0,3/0,4/0,5/0;0/9,1/9,2/8,3/11,4/17,5/15,6/9,7/8,8/10,9/5,10/9,11/6;0/0,1/0,2/0,3/0,4/0,5/0;0/4,1/4,2/3,3/4,4/4,5/4,6/4,7/3,8/3,9/4,10/4,11/4;0/84,1/83,2/65,3/65,4/65,5/86;0/467,1/455,2/392,3/446,4/466,5/467,6/470,7/374,8/381,9/457,10/480,11/459;0/527,1/508,2/412,3/408,4/402,5/512;0/2033,1/1954,2/1632,3/1970,4/2190,5/2114,6/2042,7/1695,8/1697,9/1967,10/2076,11/2081
26279.78;448;5333;6;12;0/21045.38,1/21237.36,2/22190.58,3/22226.29,4/22287.73,5/21196.3;0/5919.78,1/6682.95,2/9939.69,3/6526.02,4/4334.1,5/5086.54,6/5803.88,7/9289.78,8/9269.02,9/6578.1,10/5464.5,11/5413.3;0/26279.78,1/26279.78,2/26279.78,3/26279.78,4/26279.78,5/26279.78;0/26279.78,1/26279.78,2/26279.78,3/26279.78,4/26279.78,5/26279.78,6/26279.78,7/26279.78,8/26279.78,9/26279.78,10/26279.78,11/26279.78;0/0,1/0,2/0,3/0,4/0,5/0;0/2,1/2,2/4,3/0,4/8,5/4,6/5,7/3,8/3,9/1,10/6,11/3;0/0,1/0,2/0,3/0,4/0,5/0;0/10,1/12,2/6,3/8,4/13,5/11,6/7,7/7,8/9,9/6,10/9,11/10;0/0,1/0,2/0,3/0,4/0,5/0;0/4,1/4,2/3,3/4,4/4,5/4,6/4,7/3,8/3,9/4,10/4,11/4;0/84,1/83,2/65,3/65,4/65,5/86;0/468,1/457,2/394,3/447,4/468,5/469,6/472,7/375,8/383,9/458,10/481,11/461;0/527,1/508,2/412,3/408,4/402,5/512;0/2036,1/1960,2/1635,3/1976,4/2195,5/2120,6/2048,7/1699,8/1702,9/1971,10/2082,11/2087
26339.98;448;5344;6;12;0/21105.58,1/21297.56,2/22250.78,3/22286.49,4/22347.93,5/21256.5;0/5941.79,1/6697.59,2/9969.98,3/6526.46,4/4343.88,5/5086.8,6/5838.72,7/9310.26,8/9269.98,9/6592.71,10/5479.98,11/5418.22;0/26339.98,1/26339.98,2/26339.98,3/26339.98,4/26339.98,5/26339.98;0/26339.98,1/26339.98,2/26339.98,3/26339.98,4/26339.98,5/26339.98,6/26339.98,7/26339.98,8/26339.98,9/26339.98,10/26339.98,11/26339.98;0/0,1/0,2/0,3/0,4/0,5/0;0/9,1/1,2/2,3/3,4/7,5/3,6/3,7/2,8/4,9/1,10/6,11/12;0/0,1/0,2/0,3/0,4/0,5/0;0/16,1/9,2/7,3/11,4/10,5/11,6/10,7/8,8/11,9/9,10/13,11/20;0/0,1/0,2/0,3/0,4/0,5/0;0/4,1/4,2/3,3/4,4/4,5/4,6/4,7/3,8/3,9/4,10/4,11/4;0/84,1/83,2/65,3/65,4/65,5/86;0/470,1/458,2/394,3/448,4/469,5/470,6/473,7/376,8/383,9/459,10/482,11/462;0/527,1/508,2/412,3/408,4/402,5/512;0/2040,1/1965,2/1637,3/1982,4/2200,5/2126,6/2051,7/1703,8/1707,9/1975,10/2086,11/2093
26399.96;448;5359;6;12;0/21165.56,1/21357.54,2/22310.76,3/22346.47,4/22407.91,5/21316.48;0/5946.67,1/6699.8,2/9981.74,3/6527.07,4/4390.7,5/5087.07,6/5839.96,7/9339.98,8/9289.96,9/6613.75,10/5512.12,11/5427.29;0/26399.96,1/26399.96,2/26399.96,3/26399.96,4/26399.96,5/26399.96;0/26399.96,1/26399.96,2/26399.96,3/26399.96,4/26399.96,5/26399.96,6/26399.96,7/26399.96,8/26399.96,9/26399.96,10/26399.96,11/26399.96;0/0,1/0,2/0,3/0,4/0,5/0;0/3,1/1,2/2,3/2,4/5,5/6,6/5,7/1,8/5,9/7,10/4,11/9;0/0,1/0,2/0,3/0,4/0,5/0;0/14,1/12,2/7,3/10,4/12,5/12,6/13,7/9,8/10,9/15,10/10,11/17;0/0,1/0,2/0,3/0,4/0,5/0;0/4,1/4,2/3,3/4,4/4,5/4,6/4,7/3,8/3,9/4,10/4,11/4;0/84,1/83,2/65,3/65,4/65,5/86;0/471,1/460,2/396,3/449,4/470,5/471,6/474,7/377,8/384,9/461,10/483,11/463;0/527,1/508,2/412,3/408,4/402,5/512;0/2046,1/1971,2/1642,3/1988,4/2201,5/2132,6/2056,7/1706,8/1711,9/1979,10/2089,11/2098
26459.87;448;5372;6;12;0/21225.48,1/21417.45,2/22370.68,3/22406.39,4/22467.83,5/21376.4;0/5954.69,1/6701.2,2/9990.01,3/6562.5,4/4399.87,5/5089.87,6/5845.97,7/9343.64,8/9309.87,9/6627.08,10/5512.37,11/5427.37;0/26459.87,1/26459.87,2/26459.87,3/26459.87,4/26459.87,5/26459.87;0/26459.87,1/26459.87,2/26459.87,3/26459.87,4/26459.87,5/26459.87,6/26459.87,7/26459.87,8/26459.87,9/26459.87,10/26459.87,11/26459.87;0/0,1/0,2/0,3/0,4/0,5/0;0/3,1/0,2/0,3/3,4/4,5/3,6/7,7/2,8/2,9/10,10/7,11/3;0/0,1/0,2/0,3/0,4/0,5/0;0/15,1/11,2/5,3/13,4/11,5/11,6/14,7/12,8/7,9/24,10/12,11/11;0/0,1/0,2/0,3/0,4/0,5/0;0/4,1/4,2/3,3/4,4/4,5/4,6/4,7/3,8/3,9/4,10/4,11/4;0/84,1/83,2/65,3/65,4/65,5/86;0/472,1/461,2/397,3/450,4/471,5/472,6/476,7/378,8/385,9/462,10/484,11/464;0/527,1/508,2/412,3/408,4/402,5/512;0/2051,1/1976,2/1647,3/1990,4/2206,5/2137,6/2062,7/1712,8/1715,9/1984,10/2095,11/2104
26519.96;448;5385;6;12;0/21285.57,1/21477.54,2/22430.77,3/22466.48,4/22527.91,5/21436.49;0/5954.77,1/6701.43,2/9997.22,3/6562.63,4/4431.51,5/5127.98,6/5848.51,7/9343.81,8/9325.06,9/6627.13,10/5519.96,11/5427.62;0/26519.96,1/26519.96,2/26519.96,3/26519.96,4/26519.96,5/26519.96;0/26519.96,1/26519.96,2/26519.96,3/26519.96,4/26519.96,5/26519.96,6/26519.96,7/26519.96,8/26519.96,9/26519.96,10/26519.96,11/26519.96;0/0,1/0,2/0,3/0,4/0,5/0;0/2,1/0,2/2,3/7,4/1,5/3,6/4,7/1,8/4,9/5,10/8,11/3;0/0,1/0,2/0,3/0,4/0,5/0;0/11,1/12,2/7,3/15,4/11,5/11,6/9,7/8,8/8,9/18,10/10,11/10;0/0,1/0,2/0,3/0,4/0,5/0;0/4,1/4,2/3,3/4,4/4,5/4,6/4,7/3,8/3,9/4,10/4,11/4;0/84,1/83,2/65,3/65,4/65,5/86;0/474,1/461,2/398,3/451,4/472,5/473,6/477,7/379,8/386,9/462,10/486,11/466;0/527,1/508,2/412,3/408,4/402,5/512;0/2057,1/1982,2/1653,3/1996,4/2209,5/2140,6/2068,7/1718,8/1720,9/1990,10/2100,11/2110
26579.99;448;5399;6;12;0/21345.6,1/21537.57,2/22490.8,3/22526.51,4/22587.94,5/21496.52;0/5954.82,1/6701.73,2/10013.2,3/6562.9,4/4437.25,5/5128.11,6/5875.82,7/9344.48,8/9348.61,9/6627.36,10/5579.99,11/5427.82;0/26579.99,1/26579.99,2/26579.99,3/26579.99,4/26579.99,5/26579.99;0/26579.99,1/26579.99,2/26579.99,3/26579.99,4/26579.99,5/26579.99,6/26579.99,7/26579.99,8/26579.99,9/26579.99,10/26579.99,11/26579.99;0/0,1/0,2/0,3/0,4/0,5/0;0/0,1/3,2/3,3/1,4/3,5/2,6/6,7/2,8/5,9/6,10/5,11/5;0/0,1/0,2/0,3/0,4/0,5/0;0/7,1/12,2/9,3/10,4/11,5/11,6/15,7/11,8/8,9/17,10/10,11/12;0/0,1/0,2/0,3/0,4/0,5/0;0/4,1/4,2/3,3/4,4/4,5/4,6/4,7/3,8/3,9/4,10/4,11/4;0/84,1/83,2/65,3/65,4/65,5/86;0/475,1/462,2/399,3/452,4/474,5/474,6/479,7/380,8/388,9/464,10/486,11/466;0/527,1/508,2/412,3/408,4/402,5/512;0/2063,1/1988,2/1657,3/2002,4/2215,5/2146,6/2071,7/1724,8/1724,9/1996,10/2100,11/2116
26639.98;448;5412;6;12;0/21405.58,1/21597.56,2/22550.79,3/22586.5,4/22647.93,5/21556.51;0/5985.48,1/6702.43,2/10015.85,3/6563.29,4/4437.45,5/5129.45,6/5899.05,7/9344.8,8/9369.98,9/6627.63,10/5609.98,11/5428.34;0/26639.98,1/26639.98,2/26639.98,3/26639.98,4/26639.98,5/26639.98;0/26639.98,1/26639.98,2/26639.98,3/26639.98,4/26639.98,5/26639.98,6/26639.98,7/26639.98,8/26639.98,9/26639.98,10/26639.98,11/26639.98;0/0,1/0,2/0,3/0,4/0,5/0;0/0,1/5,2/5,3/3,4/1,5/2,6/3,7/2,8/4,9/3,10/6,11/6;0/0,1/0,2/0,3/0,4/0,5/0;0/9,1/15,2/14,3/11,4/9,5/8,6/13,7/13,8/11,9/12,10/9,11/9;0/0,1/0,2/0,3/0,4/0,5/0;0/4,1/4,2/3,3/4,4/4,5/4,6/4,7/3,8/3,9/4,10/4,11/4;0/84,1/83,2/65,3/65,4/65,5/86;0/476,1/464,2/400,3/453,4/475,5/476,6/480,7/380,8/388,9/464,10/488,11/468;0/527,1/508,2/412,3/408,4/402,5/512;0/2066,1/1994,2/1663,3/2008,4/2221,5/2152,6/2075,7/1730,8/1727,9/2002,10/2103,11/2122
26699.98;448;5424;6;12;0/21465.58,1/21657.56,2/22610.78,3/22646.5,4/22707.93,5/21616.5;0/5985.71,1/6702.7,2/10041.9,3/6563.99,4/4439.85,5/5129.7,6/5899.56,7/9344.98,8/9411,9/6627.75,10/5639.98,11/5449.98;0/26699.98,1/26699.98,2/26699.98,3/26699.98,4/26699.98,5/26699.98;0/26699.98,1/26699.98,2/26699.98,3/26699.98,4/26699.98,5/26699.98,6/26699.98,7/26699.98,8/26699.98,9/26699.98,10/26699.98,11/26699.98;0/0,1/0,2/0,3/0,4/0,5/0;0/8,1/3,2/6,3/2,4/6,5/4,6/2,7/2,8/2,9/4,10/8,11/4;0/0,1/0,2/0,3/0,4/0,5/0;0/16,1/13,2/16,3/13,4/12,5/14,6/13,7/10,8/9,9/9,10/12,11/8;0/0,1/0,2/0,3/0,4/0,5/0;0/4,1/4,2/3,3/4,4/4,5/4,6/4,7/3,8/3,9/4,10/4,11/4;0/84,1/83,2/65,3/65,4/65,5/86;0/477,1/465,2/401,3/454,4/476,5/476,6/481,7/381,8/389,9/465,10/490,11/469;0/527,1/508,2/412,3/408,4/402,5/512;0/2072,1/2000,2/1666,3/2014,4/2227,5/2158,6/2081,7/1736,8/1729,9/2008,10/2106,11/2125
26759.97;448;5435;6;12;0/21525.58,1/21717.55,2/22670.78,3/22706.49,4/22767.92,5/21676.5;0/5986.19,1/6702.87,2/10042.05,3/6564.19,4/4440.11,5/5129.89,6/5899.8,7/9345.14,8/9411.2,9/6646.93,10/5699.97,11/5499.97;0/26759.97,1/26759.97,2/26759.97,3/26759.97,4/26759.97,5/26759.97;0/26759.97,1/26759.97,2/26759.97,3/26759.97,4/26759.97,5/26759.97,6/26759.97,7/26759.97,8/26759.97,9/26759.97,10/26759.97,11/26759.97;0/0,1/0,2/0,3/0,4/0,5/0;0/3,1/6,2/3,3/0,4/7,5/2,6/1,7/6,8/3,9/7,10/4,11/1;0/0,1/0,2/0,3/0,4/0,5/0;0/16,1/11,2/12,3/9,4/15,5/14,6/10,7/10,8/8,9/15,10/12,11/9;0/0,1/0,2/0,3/0,4/0,5/0;0/4,1/4,2/3,3/4,4/4,5/4,6/4,7/3,8/3,9/4,10/4,11/4;0/84,1/83,2/65,3/65,4/65,5/86;0/478,1/465,2/402,3/455,4/477,5/477,6/482,7/382,8/390,9/467,10/490,11/470;0/527,1/508,2/412,3/408,4/402,5/512;0/2078,1/2006,2/1672,3/2020,4/2232,5/2164,6/2087,7/1742,8/1735,9/2012,10/2106,11/2126
26819.97;448;5451;6;12;0/21585.57,1/21777.55,2/22730.77,3/22766.49,4/22827.92,5/21736.5;0/5987.15,1/6703.28,2/10042.24,3/6564.49,4/4440.27,5/5129.97,6/5907.15,7/9345.45,8/9411.79,9/6654.49,10/5713.12,11/5523.23;0/26819.97,1/26819.97,2/26819.97,3/26819.97,4/26819.97,5/26819.97;0/26819.97,1/26819.97,2/26819.97,3/26819.97,4/26819.97,5/26819.97,6/26819.97,7/26819.97,8/26819.97,9/26819.97,10/26819.97,11/26819.97;0/0,1/0,2/0,3/0,4/0,5/0;0/2,1/4,2/8,3/1,4/5,5/4,6/1,7/7,8/4,9/3,10/5,11/1;0/0,1/0,2/0,3/0,4/0,5/0;0/11,1/9,2/12,3/14,4/12,5/11,6/9,7/10,8/8,9/10,10/13,11/7;0/0,1/0,2/0,3/0,4/0,5/0;0/4,1/4,2/3,3/4,4/4,5/4,6/4,7/3,8/3,9/4,10/4,11/4;0/84,1/83,2/65,3/65,4/65,5/86;0/479,1/467,2/403,3/456,4/479,5/478,6/483,7/383,8/391,9/468,10/492,11/472;0/527,1/508,2/412,3/408,4/402,5/512;0/2084,1/2012,2/1678,3/2026,4/2238,5/2170,6/2092,7/1748,8/1741,9/2017,10/2111,11/2130
26879.96;448;5462;6;12;0/21645.57,1/21837.54,2/22790.77,3/22826.48,4/22887.91,5/21796.49;0/5987.34,1/6709.96,2/10042.56,3/6564.72,4/4466.6,5/5130.22,6/5929.96,7/9369.96,8/9429.96,9/6669.96,10/5713.3,11/5523.57;0/26879.96,1/26879.96,2/26879.96,3/26879.96,4/26879.96,5/26879.96;0/26879.96,1/26879.96,2/26879.96,3/26879.96,4/26879.96,5/26879.96,6/26879.96,7/26879.96,8/26879.96,9/26879.96,10/26879.96,11/26879.96;0/0,1/0,2/0,3/0,4/0,5/0;0/7,1/3,2/4,3/2,4/1,5/5,6/0,7/7,8/5,9/4,10/8,11/1;0/0,1/0,2/0,3/0,4/0,5/0;0/14,1/10,2/14,3/18,4/8,5/14,6/8,7/8,8/9,9/13,10/15,11/6;0/0,1/0,2/0,3/0,4/0,5/0;0/4,1/4,2/3,3/4,4/4,5/4,6/4,7/3,8/3,9/4,10/4,11/4;0/84,1/83,2/65,3/65,4/65,5/86;0/480,1/468,2/403,3/457,4/480,5/479,6/484,7/384,8/391,9/469,10/494,11/473;0/527,1/508,2/412,3/408,4/402,5/512;0/2090,1/2017,2/1684,3/2032,4/2242,5/2175,6/2095,7/1751,8/1745,9/2021,10/2117,11/2136
26939.97;448;5476;6;12;0/21705.57,1/21897.55,2/22850.77,3/22886.48,4/22947.92,5/21856.49;0/5987.57,1/6728.95,2/10047.76,3/6564.97,4/4471.5,5/5130.35,6/5936.32,7/9429.97,8/9449.97,9/6677.07,10/5715.47,11/5538.02;0/26939.97,1/26939.97,2/26939.97,3/26939.97,4/26939.97,5/26939.97;0/26939.97,1/26939.97,2/26939.97,3/26939.97,4/26939.97,5/26939.97,6/26939.97,7/26939.97,8/26939.97,9/26939.97,10/26939.97,11/26939.97;0/0,1/0,2/0,3/0,4/0,5/0;0/5,1/4,2/4,3/2,4/4,5/7,6/0,7/4,8/3,9/2,10/8,11/6;0/0,1/0,2/0,3/0,4/0,5/0;0/11,1/11,2/10,3/14,4/13,5/14,6/5,7/8,8/7,9/9,10/15,11/12;0/0,1/0,2/0,3/0,4/0,5/0;0/4,1/4,2/3,3/4,4/4,5/4,6/4,7/3,8/3,9/4,10/4,11/4;0/84,1/83,2/65,3/65,4/65,5/86;0/481,1/469,2/404,3/458,4/481,5/481,6/485,7/384,8/392,9/470,10/496,11/475;0/527,1/508,2/412,3/408,4/402,5/512;0/2096,1/2022,2/1690,3/2038,4/2247,5/2181,6/2101,7/1751,8/1749,9/2027,10/2123,11/2141
26999.99;448;5488;6;12;0/21765.6,1/21957.57,2/22910.8,3/22946.51,4/23007.94,5/21916.52;0/5989.99,1/6729.06,2/10048.07,3/6565.09,4/4471.59,5/5130.43,6/5949.99,7/9448.2,8/9489.99,9/6699.99,10/5715.62,11/5538.62;0/26999.99,1/26999.99,2/26999.99,3/26999.99,4/26999.99,5/26999.99;0/26999.99,1/26999.99,2/26999.99,3/26999.99,4/26999.99,5/26999.99,6/26999.99,7/26999.99,8/26999.99,9/26999.99,10/26999.99,11/26999.99;0/0,1/0,2/0,3/0,4/0,5/0;0/6,1/3,2/4,3/4,4/2,5/1,6/6,7/4,8/1,9/4,10/9,11/7;0/0,1/0,2/0,3/0,4/0,5/0;0/13,1/8,2/8,3/16,4/10,5/8,6/19,7/7,8/7,9/12,10/14,11/17;0/0,1/0,2/0,3/0,4/0,5/0;0/4,1/4,2/3,3/4,4/4,5/4,6/4,7/3,8/3,9/4,10/4,11/4;0/84,1/83,2/65,3/65,4/65,5/86;0/482,1/470,2/405,3/459,4/483,5/481,6/486,7/387,8/393,9/471,10/496,11/475;0/527,1/508,2/412,3/408,4/402,5/512;0/2101,1/2028,2/1696,3/2044,4/2253,5/2187,6/2105,7/1756,8/1751,9/2030,10/2129,11/2147
27059.99;448;5501;6;12;0/21825.6,1/22017.57,2/22970.8,3/23006.51,4/23067.95,5/21976.52;0/6022.23,1/6766.98,2/10068.64,3/6565.32,4/4471.81,5/5135.64,6/5957.73,7/9469.99,8/9505.23,9/6713.15,10/5739.99,11/5538.73;0/27059.99,1/27059.99,2/27059.99,3/27059.99,4/27059.99,5/27059.99;0/27059.99,1/27059.99,2/27059.99,3/27059.99,4/27059.99,5/27059.99,6/27059.99,7/27059.99,8/27059.99,9/27059.99,10/27059.99,11/27059.99;0/0,1/0,2/0,3/0,4/0,5/0;0/5,1/0,2/8,3/3,4/6,5/3,6/4,7/2,8/8,9/2,10/8,11/6;0/0,1/0,2/0,3/0,4/0,5/0;0/10,1/10,2/14,3/15,4/16,5/14,6/13,7/10,8/16,9/9,10/13,11/11;0/0,1/0,2/0,3/0,4/0,5/0;0/4,1/4,2/3,3/4,4/4,5/4,6/4,7/3,8/3,9/4,10/4,11/4;0/84,1/83,2/65,3/65,4/65,5/86;0/483,1/472,2/406,3/460,4/484,5/482,6/487,7/387,8/395,9/472,10/497,11/476;0/527,1/508,2/412,3/408,4/402,5/512;0/2104,1/2030,2/1700,3/2050,4/2259,5/2193,6/2111,7/1759,8/1756,9/2035,10/2132,11/2153
27119.99;448;5515;6;12;0/21885.59,1/22077.57,2/23030.79,3/23066.51,4/23127.94,5/22036.51;0/6022.36,1/6767.28,2/10076.13,3/6565.4,4/4514.27,5/5135.81,6/5957.98,7/9529.99,8/9505.68,9/6719.99,10/5749.99,11/5538.9;0/27119.99,1/27119.99,2/27119.99,3/27119.99,4/27119.99,5/27119.99;0/27119.99,1/27119.99,2/27119.99,3/27119.99,4/27119.99,5/27119.99,6/27119.99,7/27119.99,8/27119.99,9/27119.99,10/27119.99,11/27119.99;0/0,1/0,2/0,3/0,4/0,5/0;0/5,1/7,2/7,3/0,4/2,5/1,6/4,7/1,8/6,9/2,10/7,11/6;0/0,1/0,2/0,3/0,4/0,5/0;0/11,1/19,2/12,3/9,4/15,5/11,6/10,7/10,8/13,9/6,10/11,11/10;0/0,1/0,2/0,3/0,4/0,5/0;0/4,1/4,2/3,3/4,4/4,5/4,6/4,7/3,8/3,9/4,10/4,11/4;0/84,1/83,2/65,3/65,4/65,5/86;0/485,1/473,2/407,3/460,4/485,5/483,6/489,7/387,8/396,9/473,10/499,11/478;0/527,1/508,2/412,3/408,4/402,5/512;0/2110,1/2036,2/1705,3/2056,4/2261,5/2199,6/2117,7/1759,8/1762,9/2040,10/2137,11/2159
27179.99;448;5526;6;12;0/21945.6,1/22137.57,2/23090.8,3/23126.51,4/23187.94,5/22096.52;0/6059.99,1/6767.67,2/10099.99,3/6565.97,4/4514.67,5/5136.11,6/5958.39,7/9530.67,8/9505.81,9/6724.39,10/5799.99,11/5579.37;0/27179.99,1/27179.99,2/27179.99,3/27179.99,4/27179.99,5/27179.99;0/27179.99,1/27179.99,2/27179.99,3/27179.99,4/27179.99,5/27179.99,6/27179.99,7/27179.99,8/27179.99,9/27179.99,10/27179.99,11/27179.99;0/0,1/0,2/0,3/0,4/0,5/0;0/2,1/10,2/7,3/3,4/0,5/2,6/2,7/2,8/5,9/4,10/13,11/5;0/0,1/0,2/0,3/0,4/0,5/0;0/9,1/19,2/9,3/15,4/11,5/10,6/12,7/8,8/8,9/7,10/19,11/10;0/0,1/0,2/0,3/0,4/0,5/0;0/4,1/4,2/3,3/4,4/4,5/4,6/4,7/3,8/3,9/4,10/4,11/4;0/84,1/83,2/65,3/65,4/65,5/86;0/485,1/473,2/407,3/462,4/485,5/484,6/490,7/389,8/397,9/475,10/500,11/479;0/527,1/508,2/412,3/408,4/402,5/512;0/2112,1/2042,2/1708,3/2062,4/2267,5/2205,6/2123,7/1765,8/1768,9/2046,10/2138,11/2161
27239.88;448;5538;6;12;0/22005.48,1/22197.46,2/23150.68,3/23186.39,4/23247.83,5/22156.4;0/6079.71,1/6767.87,2/10131.03,3/6566.58,4/4514.99,5/5136.86,6/5999.88,7/9530.98,8/9539.88,9/6779.88,10/5856.16,11/5614.87;0/27239.88,1/27239.88,2/27239.88,3/27239.88,4/27239.88,5/27239.88;0/27239.88,1/27239.88,2/27239.88,3/27239.88,4/27239.88,5/27239.88,6/27239.88,7/27239.88,8/27239.88,9/27239.88,10/27239.88,11/27239.88;0/0,1/0,2/0,3/0,4/0,5/0;0/2,1/8,2/4,3/4,4/6,5/2,6/1,7/2,8/4,9/2,10/7,11/3;0/0,1/0,2/0,3/0,4/0,5/0;0/8,1/15,2/8,3/17,4/14,5/12,6/13,7/5,8/8,9/10,10/18,11/9;0/0,1/0,2/0,3/0,4/0,5/0;0/4,1/4,2/3,3/4,4/4,5/4,6/4,7/3,8/3,9/4,10/4,11/4;0/84,1/83,2/65,3/65,4/65,5/86;0/487,1/475,2/409,3/463,4/486,5/485,6/490,7/390,8/397,9/475,10/501,11/480;0/527,1/508,2/412,3/408,4/402,5/512;0/2117,1/2048,2/1711,3/2068,4/2273,5/2211,6/2124,7/1771,8/1770,9/2046,10/2139,11/2163
27299.98;448;5552;6;12;0/22065.58,1/22257.56,2/23210.78,3/23246.5,4/23307.93,5/22216.5;0/6079.98,1/6789.98,2/10148.03,3/6566.67,4/4516.53,5/5137.02,6/6006.53,7/9559.98,8/9563.63,9/6780.81,10/5856.31,11/5615.59;0/27299.98,1/27299.98,2/27299.98,3/27299.98,4/27299.98,5/27299.98;0/27299.98,1/27299.98,2/27299.98,3/27299.98,4/27299.98,5/27299.98,6/27299.98,7/27299.98,8/27299.98,9/27299.98,10/27299.98,11/27299.98;0/0,1/0,2/0,3/0,4/0,5/0;0/5,1/6,2/6,3/3,4/5,5/1,6/1,7/4,8/5,9/1,10/8,11/4;0/0,1/0,2/0,3/0,4/0,5/0;0/11,1/13,2/9,3/14,4/12,5/7,6/11,7/8,8/9,9/5,10/17,11/10;0/0,1/0,2/0,3/0,4/0,5/0;0/4,1/4,2/3,3/4,4/4,5/4,6/4,7/3,8/3,9/4,10/4,11/4;0/84,1/83,2/65,3/65,4/65,5/86;0/488,1/475,2/411,3/463,4/488,5/486,6/492,7/390,8/399,9/477,10/502,11/481;0/527,1/508,2/412,3/408,4/402,5/512;0/2122,1/2051,2/1716,3/2074,4/2279,5/2217,6/2130,7/1774,8/1774,9/2052,10/2145,11/2169
27360;448;5568;6;12;0/22125.6,1/22317.58,2/23270.8,3/23306.51,4/23367.95,5/22276.52;0/6104.42,1/6800.85,2/10152.94,3/6566.83,4/4518.24,5/5137.42,6/6009.42,7/9590,8/9601.05,9/6797.1,10/5856.42,11/5615.95;0/27360,1/27360,2/27360,3/27360,4/27360,5/27360;0/27360,1/27360,2/27360,3/27360,4/27360,5/27360,6/27360,7/27360,8/27360,9/27360,10/27360,11/27360;0/0,1/0,2/0,3/0,4/0,5/0;0/2,1/4,2/7,3/6,4/5,5/3,6/3,7/3,8/4,9/7,10/6,11/8;0/0,1/0,2/0,3/0,4/0,5/0;0/8,1/15,2/9,3/13,4/12,5/11,6/10,7/10,8/8,9/11,10/12,11/12;0/0,1/0,2/0,3/0,4/0,5/0;0/4,1/4,2/3,3/4,4/4,5/4,6/4,7/3,8/3,9/4,10/4,11/4;0/84,1/83,2/65,3/65,4/65,5/86;0/489,1/477,2/412,3/465,4/489,5/487,6/493,7/391,8/400,9/479,10/503,11/483;0/527,1/508,2/412,3/408,4/402,5/512;0/2126,1/2056,2/1721,3/2080,4/2285,5/2223,6/2136,7/1777,8/1776,9/2057,10/2151,11/2175
27419.97;448;5578;6;12;0/22185.57,1/22377.55,2/23330.77,3/23366.48,4/23427.92,5/22336.49;0/6104.83,1/6808.8,2/10179.97,3/6567.06,4/4523.97,5/5137.83,6/6009.92,7/9615.91,8/9627.36,9/6819.97,10/5869.97,11/5630.66;0/27419.97,1/27419.97,2/27419.97,3/27419.97,4/27419.97,5/27419.97;0/27419.97,1/27419.97,2/27419.97,3/27419.97,4/27419.97,5/27419.97,6/27419.97,7/27419.97,8/27419.97,9/27419.97,10/27419.97,11/27419.97;0/0,1/0,2/0,3/0,4/0,5/0;0/1,1/6,2/6,3/2,4/7,5/5,6/4,7/4,8/6,9/1,10/9,11/6;0/0,1/0,2/0,3/0,4/0,5/0;0/8,1/16,2/15,3/8,4/16,5/13,6/10,7/10,8/11,9/10,10/18,11/11;0/0,1/0,2/0,3/0,4/0,5/0;0/4,1/4,2/3,3/4,4/4,5/4,6/4,7/3,8/3,9/4,10/4,11/4;0/84,1/83,2/65,3/65,4/65,5/86;0/489,1/478,2/412,3/466,4/490,5/489,6/494,7/392,8/401,9/479,10/504,11/484;0/527,1/508,2/412,3/408,4/402,5/512;0/2132,1/2062,2/1724,3/2086,4/2290,5/2229,6/2142,7/1781,8/1780,9/2060,10/2155,11/2179
27479.76;448;5590;6;12;0/22245.36,1/22437.34,2/23390.56,3/23426.27,4/23487.71,5/22396.28;0/6105.11,1/6808.82,2/10208.2,3/6580.91,4/4524.07,5/5144.53,6/6023.45,7/9619.76,8/9639.76,9/6832.49,10/5882.95,11/5635.49;0/27479.76,1/27479.76,2/27479.76,3/27479.76,4/27479.76,5/27479.76;0/27479.76,1/27479.76,2/27479.76,3/27479.76,4/27479.76,5/27479.76,6/27479.76,7/27479.76,8/27479.76,9/27479.76,10/27479.76,11/27479.76;0/0,1/0,2/0,3/0,4/0,5/0;0/3,1/4,2/9,3/2,4/6,5/3,6/5,7/5,8/5,9/0,10/5,11/9;0/0,1/0,2/0,3/0,4/0,5/0;0/10,1/10,2/19,3/8,4/12,5/10,6/11,7/10,8/7,9/7,10/13,11/12;0/0,1/0,2/0,3/0,4/0,5/0;0/4,1/4,2/3,3/4,4/4,5/4,6/4,7/3,8/3,9/4,10/4,11/4;0/84,1/83,2/65,3/65,4/65,5/86;0/491,1/479,2/413,3/467,4/491,5/490,6/495,7/393,8/401,9/480,10/505,11/485;0/527,1/508,2/412,3/408,4/402,5/512;0/2138,1/2068,2/1728,3/2090,4/2296,5/2234,6/2146,7/1786,8/1784,9/2065,10/2160,11/2185
27539.9;448;5606;6;12;0/22305.5,1/22497.48,2/23450.7,3/23486.41,4/23547.85,5/22456.42;0/6112.85,1/6809.32,2/10208.35,3/6581.23,4/4526.27,5/5159.9,6/6042.81,7/9656.09,8/9687.16,9/6833.14,10/5887.27,11/5669.9;0/27539.9,1/27539.9,2/27539.9,3/27539.9,4/27539.9,5/27539.9;0/27539.9,1/27539.9,2/27539.9,3/27539.9,4/27539.9,5/27539.9,6/27539.9,7/27539.9,8/27539.9,9/27539.9,10/27539.9,11/27539.9;0/0,1/0,2/0,3/0,4/0,5/0;0/1,1/6,2/9,3/3,4/5,5/1,6/2,7/2,8/3,9/0,10/6,11/6;0/0,1/0,2/0,3/0,4/0,5/0;0/12,1/12,2/13,3/9,4/14,5/8,6/9,7/10,8/5,9/5,10/10,11/10;0/0,1/0,2/0,3/0,4/0,5/0;0/4,1/4,2/3,3/4,4/4,5/4,6/4,7/3,8/3,9/4,10/4,11/4;0/84,1/83,2/65,3/65,4/65,5/86;0/492,1/480,2/414,3/469,4/492,5/491,6/496,7/394,8/403,9/482,10/507,11/486;0/527,1/508,2/412,3/408,4/402,5/512;0/2143,1/2074,2/1734,3/2096,4/2302,5/2238,6/2150,7/1789,8/1786,9/2071,10/2166,11/2187
27599.91;448;5621;6;12;0/22365.51,1/22557.49,2/23510.72,3/23546.43,4/23607.86,5/22516.44;0/6113.14,1/6809.63,2/10219.91,3/6627.6,4/4526.39,5/5170.86,6/6043.14,7/9669.91,8/9729.91,9/6833.38,10/5912.8,11/5689.91;0/27599.91,1/27599.91,2/27599.91,3/27599.91,4/27599.91,5/27599.91;0/27599.91,1/27599.91,2/27599.91,3/27599.91,4/27599.91,5/27599.91,6/27599.91,7/27599.91,8/27599.91,9/27599.91,10/27599.91,11/27599.91;0/0,1/0,2/0,3/0,4/0,5/0;0/1,1/4,2/7,3/2,4/3,5/0,6/4,7/4,8/2,9/1,10/6,11/4;0/0,1/0,2/0,3/0,4/0,5/0;0/9,1/9,2/9,3/12,4/9,5/6,6/10,7/13,8/8,9/12,10/9,11/7;0/0,1/0,2/0,3/0,4/0,5/0;0/4,1/4,2/3,3/4,4/4,5/4,6/4,7/3,8/3,9/4,10/4,11/4;0/84,1/83,2/65,3/65,4/65,5/86;0/493,1/482,2/415,3/470,4/493,5/493,6/498,7/394,8/404,9/483,10/508,11/488;0/527,1/508,2/412,3/408,4/402,5/512;0/2149,1/2080,2/1738,3/2098,4/2308,5/2243,6/2156,7/1793,8/1787,9/2077,10/2169,11/2191
27659.97;448;5633;6;12;0/22425.58,1/22617.55,2/23570.78,3/23606.49,4/23667.92,5/22576.5;0/6113.48,1/6839.97,2/10259.97,3/6628,4/4527.19,5/5171.41,6/6043.39,7/9678.71,8/9756.63,9/6879.97,10/5939.97,11/5736.11;0/27659.97,1/27659.97,2/27659.97,3/27659.97,4/27659.97,5/27659.97;0/27659.97,1/27659.97,2/27659.97,3/27659.97,4/27659.97,5/27659.97,6/27659.97,7/27659.97,8/27659.97,9/27659.97,10/27659.97,11/27659.97;0/0,1/0,2/0,3/0,4/0,5/0;0/4,1/4,2/5,3/3,4/7,5/0,6/3,7/2,8/3,9/2,10/5,11/4;0/0,1/0,2/0,3/0,4/0,5/0;0/11,1/11,2/7,3/15,4/14,5/6,6/5,7/9,8/10,9/15,10/12,11/10;0/0,1/0,2/0,3/0,4/0,5/0;0/4,1/4,2/3,3/4,4/4,5/4,6/4,7/3,8/3,9/4,10/4,11/4;0/84,1/83,2/65,3/65,4/65,5/86;0/495,1/482,2/416,3/471,4/495,5/494,6/499,7/395,8/405,9/483,10/509,11/489;0/527,1/508,2/412,3/408,4/402,5/512;0/2155,1/2082,2/1740,3/2104,4/2314,5/2249,6/2162,7/1799,8/1791,9/2078,10/2172,11/2193
27719.96;448;5648;6;12;0/22485.57,1/22677.54,2/23630.77,3/23666.48,4/23727.91,5/22636.49;0/6113.94,1/6864.26,2/10300.81,3/6637.81,4/4527.51,5/5179.96,6/6089.96,7/9679.45,8/9756.74,9/6881.92,10/5988.25,11/5760.46;0/27719.96,1/27719.96,2/27719.96,3/27719.96,4/27719.96,5/27719.96;0/27719.96,1/27719.96,2/27719.96,3/27719.96,4/27719.96,5/27719.96,6/27719.96,7/27719.96,8/27719.96,9/27719.96,10/27719.96,11/27719.96;0/0,1/0,2/0,3/0,4/0,5/0;0/3,1/8,2/6,3/1,4/4,5/3,6/2,7/5,8/3,9/3,10/2,11/5;0/0,1/0,2/0,3/0,4/0,5/0;0/7,1/15,2/7,3/12,4/10,5/8,6/12,7/10,8/6,9/12,10/11,11/12;0/0,1/0,2/0,3/0,4/0,5/0;0/4,1/4,2/3,3/4,4/4,5/4,6/4,7/3,8/3,9/4,10/4,11/4;0/84,1/83,2/65,3/65,4/65,5/86;0/496,1/484,2/418,3/472,4/495,5/495,6/500,7/396,8/406,9/485,10/510,11/491;0/527,1/508,2/412,3/408,4/402,5/512;0/2161,1/2086,2/1742,3/2109,4/2320,5/2254,6/2163,7/1805,8/1797,9/2084,10/2174,11/2196
27779.97;448;5660;6;12;0/22545.58,1/22737.55,2/23690.78,3/23726.49,4/23787.92,5/22696.5;0/6139.97,1/6864.44,2/10359.97,3/6637.96,4/4529.97,5/5189.97,6/6106.42,7/9681.53,8/9757.11,9/6882.4,10/5988.38,11/5760.64;0/27779.97,1/27779.97,2/27779.97,3/27779.97,4/27779.97,5/27779.97;0/27779.97,1/27779.97,2/27779.97,3/27779.97,4/27779.97,5/27779.97,6/27779.97,7/27779.97,8/27779.97,9/27779.97,10/27779.97,11/27779.97;0/0,1/0,2/0,3/0,4/0,5/0;0/3,1/5,2/2,3/1,4/7,5/6,6/3,7/7,8/9,9/3,10/0,11/5;0/0,1/0,2/0,3/0,4/0,5/0;0/15,1/11,2/8,3/10,4/11,5/9,6/11,7/14,8/12,9/10,10/7,11/10;0/0,1/0,2/0,3/0,4/0,5/0;0/4,1/4,2/3,3/4,4/4,5/4,6/4,7/3,8/3,9/4,10/4,11/4;0/84,1/83,2/65,3/65,4/65,5/86;0/496,1/486,2/418,3/473,4/497,5/496,6/502,7/397,8/407,9/486,10/511,11/491;0/527,1/508,2/412,3/408,4/402,5/512;0/2164,1/2092,2/1742,3/2115,4/2325,5/2259,6/2168,7/1810,8/1803,9/2090,10/2180,11/2202
27839.97;448;5675;6;12;0/22605.57,1/22797.55,2/23750.77,3/23786.48,4/23847.92,5/22756.49;0/6168.13,1/6864.61,2/10371.7,3/6638.13,4/4569.28,5/5229.97,6/6106.61,7/9701.14,8/9794.99,9/6882.51,10/5994.23,11/5779.97;0/27839.97,1/27839.97,2/27839.97,3/27839.97,4/27839.97,5/27839.97;0/27839.97,1/27839.97,2/27839.97,3/27839.97,4/27839.97,5/27839.97,6/27839.97,7/27839.97,8/27839.97,9/27839.97,10/27839.97,11/27839.97;0/0,1/0,2/0,3/0,4/0,5/0;0/3,1/4,2/3,3/0,4/3,5/6,6/3,7/6,8/7,9/5,10/1,11/5;0/0,1/0,2/0,3/0,4/0,5/0;0/15,1/8,2/8,3/7,4/8,5/12,6/8,7/11,8/13,9/10,10/8,11/15;0/0,1/0,2/0,3/0,4/0,5/0;0/4,1/4,2/3,3/4,4/4,5/4,6/4,7/3,8/3,9/4,10/4,11/4;0/84,1/83,2/65,3/65,4/65,5/86;0/498,1/487,2/419,3/474,4/499,5/497,6/502,7/398,8/408,9/487,10/513,11/493;0/527,1/508,2/412,3/408,4/402,5/512;0/2168,1/2098,2/1747,3/2121,4/2328,5/2261,6/2174,7/1814,8/1805,9/2096,10/2185,11/2206
27899.9;448;5693;6;12;0/22665.51,1/22857.48,2/23810.71,3/23846.42,4/23907.85,5/22816.43;0/6168.27,1/6899.42,2/10413.8,3/6638.46,4/4579.9,5/5257.66,6/6106.89,7/9710.86,8/9795.18,9/6902.82,10/5994.68,11/5793.9;0/27899.9,1/27899.9,2/27899.9,3/27899.9,4/27899.9,5/27899.9;0/27899.9,1/27899.9,2/27899.9,3/27899.9,4/27899.9,5/27899.9,6/27899.9,7/27899.9,8/27899.9,9/27899.9,10/27899.9,11/27899.9;0/0,1/0,2/0,3/0,4/0,5/0;0/3,1/3,2/1,3/0,4/4,5/3,6/5,7/4,8/6,9/2,10/3,11/4;0/0,1/0,2/0,3/0,4/0,5/0;0/9,1/7,2/7,3/5,4/9,5/9,6/8,7/8,8/10,9/10,10/14,11/10;0/0,1/0,2/0,3/0,4/0,5/0;0/4,1/4,2/3,3/4,4/4,5/4,6/4,7/3,8/3,9/4,10/4,11/4;0/84,1/83,2/65,3/65,4/65,5/86;0/499,1/489,2/421,3/475,4/500,5/498,6/505,7/399,8/409,9/489,10/514,11/495;0/527,1/508,2/412,3/408,4/402,5/512;0/2174,1/2101,2/1749,3/2127,4/2332,5/2265,6/2180,7/1819,8/1811,9/2100,10/2191,11/2211
27959.96;448;5705;6;12;0/22725.56,1/22917.54,2/23870.76,3/23906.48,4/23967.91,5/22876.49;0/6168.68,1/6919.96,2/10428.27,3/6639.05,4/4595.95,5/5265.12,6/6129.96,7/9749.96,8/9816.92,9/6903.08,10/6015.48,11/5798.63;0/27959.96,1/27959.96,2/27959.96,3/27959.96,4/27959.96,5/27959.96;0/27959.96,1/27959.96,2/27959.96,3/27959.96,4/27959.96,5/27959.96,6/27959.96,7/27959.96,8/27959.96,9/27959.96,10/27959.96,11/27959.96;0/0,1/0,2/0,3/0,4/0,5/0;0/4,1/2,2/6,3/1,4/5,5/6,6/4,7/3,8/8,9/0,10/2,11/7;0/0,1/0,2/0,3/0,4/0,5/0;0/9,1/10,2/14,3/12,4/10,5/12,6/9,7/8,8/12,9/9,10/15,11/11;0/0,1/0,2/0,3/0,4/0,5/0;0/4,1/4,2/3,3/4,4/4,5/4,6/4,7/3,8/3,9/4,10/4,11/4;0/84,1/83,2/65,3/65,4/65,5/86;0/500,1/490,2/422,3/476,4/501,5/500,6/505,7/400,8/410,9/490,10/515,11/496;0/527,1/508,2/412,3/408,4/402,5/512;0/2180,1/2104,2/1754,3/2133,4/2337,5/2270,6/2183,7/1821,8/1815,9/2106,10/2195,11/2217
28019.84;448;5718;6;12;0/22785.45,1/22977.42,2/23930.65,3/23966.36,4/24027.79,5/22936.37;0/6194.13,1/6973.38,2/10428.63,3/6659.84,4/4609.84,5/5265.35,6/6173.2,7/9762.29,8/9829.84,9/6907.84,10/6015.59,11/5819.84;0/28019.84,1/28019.84,2/28019.84,3/28019.84,4/28019.84,5/28019.84;0/28019.84,1/28019.84,2/28019.84,3/28019.84,4/28019.84,5/28019.84,6/28019.84,7/28019.84,8/28019.84,9/28019.84,10/28019.84,11/28019.84;0/0,1/0,2/0,3/0,4/0,5/0;0/2,1/0,2/9,3/4,4/5,5/4,6/6,7/6,8/8,9/9,10/2,11/3;0/0,1/0,2/0,3/0,4/0,5/0;0/8,1/9,2/17,3/17,4/10,5/14,6/10,7/9,8/10,9/17,10/10,11/11;0/0,1/0,2/0,3/0,4/0,5/0;0/4,1/4,2/3,3/4,4/4,5/4,6/4,7/3,8/3,9/4,10/4,11/4;0/84,1/83,2/65,3/65,4/65,5/86;0/501,1/491,2/423,3/476,4/503,5/501,6/506,7/401,8/411,9/492,10/516,11/497;0/527,1/508,2/412,3/408,4/402,5/512;0/2183,1/2105,2/1760,3/2136,4/2341,5/2276,6/2185,7/1826,8/1819,9/2112,10/2201,11/2220
28079.99;448;5732;6;12;0/22845.6,1/23037.57,2/23990.8,3/24026.51,4/24087.94,5/22996.52;0/6209.1,1/6973.65,2/10428.8,3/6660.13,4/4629.99,5/5288.8,6/6199.99,7/9799.99,8/9880.45,9/6920.68,10/6015.8,11/5851.89;0/28079.99,1/28079.99,2/28079.99,3/28079.99,4/28079.99,5/28079.99;0/28079.99,1/28079.99,2/28079.99,3/28079.99,4/28079.99,5/28079.99,6/28079.99,7/28079.99,8/28079.99,9/28079.99,10/28079.99,11/28079.99;0/0,1/0,2/0,3/0,4/0,5/0;0/3,1/1,2/8,3/4,4/6,5/4,6/5,7/7,8/5,9/4,10/4,11/2;0/0,1/0,2/0,3/0,4/0,5/0;0/8,1/12,2/14,3/15,4/11,5/10,6/9,7/16,8/9,9/14,10/12,11/8;0/0,1/0,2/0,3/0,4/0,5/0;0/4,1/4,2/3,3/4,4/4,5/4,6/4,7/3,8/3,9/4,10/4,11/4;0/84,1/83,2/65,3/65,4/65,5/86;0/503,1/491,2/424,3/478,4/504,5/502,6/508,7/402,8/412,9/493,10/517,11/498;0/527,1/508,2/412,3/408,4/402,5/512;0/2188,1/2111,2/1766,3/2142,4/2345,5/2280,6/2188,7/1828,8/1820,9/2116,10/2207,11/2223
28139.92;448;5743;6;12;0/22905.52,1/23097.5,2/24050.72,3/24086.43,4/24147.87,5/23056.44;0/6209.5,1/6974.03,2/10428.91,3/6660.34,4/4659.92,5/5299.92,6/6219.92,7/9811.69,8/9909.92,9/6921.21,10/6016.12,11/5852.35;0/28139.92,1/28139.92,2/28139.92,3/28139.92,4/28139.92,5/28139.92;0/28139.92,1/28139.92,2/28139.92,3/28139.92,4/28139.92,5/28139.92,6/28139.92,7/28139.92,8/28139.92,9/28139.92,10/28139.92,11/28139.92;0/0,1/0,2/0,3/0,4/0,5/0;0/3,1/2,2/7,3/6,4/4,5/2,6/3,7/9,8/8,9/6,10/1,11/2;0/0,1/0,2/0,3/0,4/0,5/0;0/7,1/12,2/11,3/16,4/11,5/7,6/7,7/16,8/12,9/15,10/8,11/6;0/0,1/0,2/0,3/0,4/0,5/0;0/4,1/4,2/3,3/4,4/4,5/4,6/4,7/3,8/3,9/4,10/4,11/4;0/84,1/83,2/65,3/65,4/65,5/86;0/503,1/492,2/425,3/478,4/505,5/503,6/509,7/403,8/413,9/494,10/518,11/500;0/527,1/508,2/412,3/408,4/402,5/512;0/2194,1/2117,2/1772,3/2148,4/2348,5/2284,6/2192,7/1833,8/1823,9/2122,10/2213,11/2229
28199.96;448;5758;6;12;0/22965.56,1/23157.54,2/24110.77,3/24146.48,4/24207.91,5/23116.49;0/6224.12,1/6974.16,2/10458.3,3/6660.58,4/4660.27,5/5318.92,6/6269.96,7/9835.3,8/9939.96,9/6921.49,10/6016.63,11/5852.97;0/28199.96,1/28199.96,2/28199.96,3/28199.96,4/28199.96,5/28199.96;0/28199.96,1/28199.96,2/28199.96,3/28199.96,4/28199.96,5/28199.96,6/28199.96,7/28199.96,8/28199.96,9/28199.96,10/28199.96,11/28199.96;0/0,1/0,2/0,3/0,4/0,5/0;0/2,1/2,2/6,3/4,4/6,5/2,6/3,7/6,8/5,9/3,10/4,11/4;0/0,1/0,2/0,3/0,4/0,5/0;0/9,1/8,2/14,3/12,4/15,5/5,6/10,7/13,8/9,9/12,10/13,11/10;0/0,1/0,2/0,3/0,4/0,5/0;0/4,1/4,2/3,3/4,4/4,5/4,6/4,7/3,8/3,9/4,10/4,11/4;0/84,1/83,2/65,3/65,4/65,5/86;0/505,1/492,2/426,3/480,4/507,5/505,6/510,7/404,8/414,9/495,10/519,11/501;0/527,1/508,2/412,3/408,4/402,5/512;0/2198,1/2123,2/1775,3/2154,4/2354,5/2289,6/2193,7/1837,8/1826,9/2128,10/2219,11/2235
28259.74;448;5776;6;12;0/23025.35,1/23217.32,2/24170.55,3/24206.26,4/24267.69,5/23176.27;0/6242.54,1/6974.39,2/10476.74,3/6660.75,4/4660.66,5/5336.07,6/6288.53,7/9849.74,8/9969.74,9/6922.08,10/6027.94,11/5853.35;0/28259.74,1/28259.74,2/28259.74,3/28259.74,4/28259.74,5/28259.74;0/28259.74,1/28259.74,2/28259.74,3/28259.74,4/28259.74,5/28259.74,6/28259.74,7/28259.74,8/28259.74,9/28259.74,10/28259.74,11/28259.74;0/0,1/0,2/0,3/0,4/0,5/0;0/2,1/6,2/5,3/4,4/6,5/1,6/2,7/6,8/5,9/1,10/0,11/3;0/0,1/0,2/0,3/0,4/0,5/0;0/8,1/10,2/15,3/8,4/13,5/8,6/8,7/10,8/8,9/8,10/11,11/6;0/0,1/0,2/0,3/0,4/0,5/0;0/4,1/4,2/3,3/4,4/4,5/4,6/4,7/3,8/3,9/4,10/4,11/4;0/84,1/83,2/65,3/65,4/65,5/86;0/506,1/494,2/427,3/482,4/509,5/506,6/512,7/405,8/415,9/496,10/521,11/503;0/527,1/508,2/412,3/408,4/402,5/512;0/2202,1/2129,2/1779,3/2160,4/2360,5/2293,6/2198,7/1841,8/1829,9/2134,10/2224,11/2241
28319.95;448;5789;6;12;0/23085.55,1/23277.53,2/24230.75,3/24266.47,4/24327.9,5/23236.48;0/6262.67,1/7019.95,2/10476.82,3/6679.95,4/4660.89,5/5369.79,6/6311.87,7/9879.79,8/10009.95,9/6922.67,10/6038.68,11/5889.79;0/28319.95,1/28319.95,2/28319.95,3/28319.95,4/28319.95,5/28319.95;0/28319.95,1/28319.95,2/28319.95,3/28319.95,4/28319.95,5/28319.95,6/28319.95,7/28319.95,8/28319.95,9/28319.95,10/28319.95,11/28319.95;0/0,1/0,2/0,3/0,4/0,5/0;0/2,1/1,2/5,3/0,4/3,5/1,6/3,7/7,8/5,9/2,10/0,11/1;0/0,1/0,2/0,3/0,4/0,5/0;0/6,1/9,2/12,3/8,4/13,5/9,6/14,7/9,8/8,9/9,10/12,11/8;0/0,1/0,2/0,3/0,4/0,5/0;0/4,1/4,2/3,3/4,4/4,5/4,6/4,7/3,8/3,9/4,10/4,11/4;0/84,1/83,2/65,3/65,4/65,5/86;0/508,1/494,2/428,3/482,4/510,5/508,6/514,7/406,8/416,9/497,10/522,11/504;0/527,1/508,2/412,3/408,4/402,5/512;0/2206,1/2130,2/1785,3/2164,4/2366,5/2296,6/2201,7/1845,8/1831,9/2140,10/2229,11/2244
28379.97;448;5805;6;12;0/23145.57,1/23337.55,2/24290.77,3/24326.48,4/24387.92,5/23296.49;0/6284.81,1/7031.21,2/10477.59,3/6702.35,4/4661.06,5/5388.67,6/6319.97,7/9922.85,8/10039.97,9/6922.89,10/6038.81,11/5911.06;0/28379.97,1/28379.97,2/28379.97,3/28379.97,4/28379.97,5/28379.97;0/28379.97,1/28379.97,2/28379.97,3/28379.97,4/28379.97,5/28379.97,6/28379.97,7/28379.97,8/28379.97,9/28379.97,10/28379.97,11/28379.97;0/0,1/0,2/0,3/0,4/0,5/0;0/5,1/1,2/13,3/3,4/4,5/2,6/4,7/4,8/6,9/0,10/1,11/3;0/0,1/0,2/0,3/0,4/0,5/0;0/10,1/9,2/23,3/10,4/9,5/10,6/15,7/9,8/9,9/7,10/12,11/11;0/0,1/0,2/0,3/0,4/0,5/0;0/4,1/4,2/3,3/4,4/4,5/4,6/4,7/3,8/3,9/4,10/4,11/4;0/84,1/83,2/65,3/65,4/65,5/86;0/509,1/497,2/429,3/485,4/511,5/509,6/514,7/407,8/417,9/498,10/523,11/506;0/527,1/508,2/412,3/408,4/402,5/512;0/2210,1/2135,2/1791,3/2168,4/2372,5/2300,6/2206,7/1846,8/1834,9/2146,10/2235,11/2247
28439.95;448;5815;6;12;0/23205.55,1/23397.53,2/24350.75,3/24386.46,4/24447.9,5/23356.47;0/6329.95,1/7046.31,2/10477.72,3/6702.76,4/4679.95,5/5389,6/6329.14,7/9929.95,8/10072.71,9/6932.67,10/6039.1,11/5911.43;0/28439.95,1/28439.95,2/28439.95,3/28439.95,4/28439.95,5/28439.95;0/28439.95,1/28439.95,2/28439.95,3/28439.95,4/28439.95,5/28439.95,6/28439.95,7/28439.95,8/28439.95,9/28439.95,10/28439.95,11/28439.95;0/0,1/0,2/0,3/0,4/0,5/0;0/1,1/3,2/9,3/4,4/8,5/9,6/7,7/5,8/1,9/0,10/3,11/2;0/0,1/0,2/0,3/0,4/0,5/0;0/11,1/14,2/21,3/15,4/13,5/18,6/16,7/15,8/7,9/7,10/14,11/8;0/0,1/0,2/0,3/0,4/0,5/0;0/4,1/4,2/3,3/4,4/4,5/4,6/4,7/3,8/3,9/4,10/4,11/4;0/84,1/83,2/65,3/65,4/65,5/86;0/509,1/498,2/430,3/485,4/512,5/509,6/516,7/408,8/419,9/499,10/523,11/507;0/527,1/508,2/412,3/408,4/402,5/512;0/2211,1/2140,2/1797,3/2174,4/2376,5/2306,6/2212,7/1851,8/1837,9/2151,10/2241,11/2253
28499.78;448;5827;6;12;0/23265.38,1/23457.36,2/24410.58,3/24446.29,4/24507.73,5/23416.3;0/6335.71,1/7046.56,2/10477.89,3/6702.85,4/4699.78,5/5389.15,6/6329.24,7/9948.63,8/10073.14,9/6933.14,10/6039.38,11/5928.2;0/28499.78,1/28499.78,2/28499.78,3/28499.78,4/28499.78,5/28499.78;0/28499.78,1/28499.78,2/28499.78,3/28499.78,4/28499.78,5/28499.78,6/28499.78,7/28499.78,8/28499.78,9/28499.78,10/28499.78,11/28499.78;0/0,1/0,2/0,3/0,4/0,5/0;0/0,1/5,2/13,3/4,4/5,5/9,6/4,7/4,8/4,9/0,10/4,11/1;0/0,1/0,2/0,3/0,4/0,5/0;0/9,1/19,2/26,3/10,4/12,5/16,6/10,7/14,8/9,9/11,10/11,11/5;0/0,1/0,2/0,3/0,4/0,5/0;0/4,1/4,2/3,3/4,4/4,5/4,6/4,7/3,8/3,9/4,10/4,11/4;0/84,1/83,2/65,3/65,4/65,5/86;0/511,1/499,2/430,3/487,4/513,5/511,6/517,7/409,8/419,9/499,10/524,11/508;0/527,1/508,2/412,3/408,4/402,5/512;0/2217,1/2146,2/1803,3/2180,4/2380,5/2312,6/2218,7/1856,8/1843,9/2157,10/2247,11/2258
28559.86;448;5839;6;12;0/23325.46,1/23517.44,2/24470.67,3/24506.38,4/24567.81,5/23476.39;0/6336.05,1/7046.62,2/10477.99,3/6703.22,4/4715.54,5/5390.82,6/6329.86,7/9948.85,8/10110.39,9/6933.68,10/6039.65,11/5929.07;0/28559.86,1/28559.86,2/28559.86,3/28559.86,4/28559.86,5/28559.86;0/28559.86,1/28559.86,2/28559.86,3/28559.86,4/28559.86,5/28559.86,6/28559.86,7/28559.86,8/28559.86,9/28559.86,10/28559.86,11/28559.86;0/0,1/0,2/0,3/0,4/0,5/0;0/6,1/5,2/13,3/7,4/8,5/4,6/4,7/3,8/2,9/0,10/3,11/6;0/0,1/0,2/0,3/0,4/0,5/0;0/12,1/13,2/20,3/13,4/15,5/12,6/13,7/11,8/15,9/8,10/7,11/12;0/0,1/0,2/0,3/0,4/0,5/0;0/4,1/4,2/3,3/4,4/4,5/4,6/4,7/3,8/3,9/4,10/4,11/4;0/84,1/83,2/65,3/65,4/65,5/86;0/511,1/500,2/430,3/488,4/514,5/512,6/519,7/410,8/420,9/500,10/526,11/509;0/527,1/508,2/412,3/408,4/402,5/512;0/2223,1/2152,2/1809,3/2186,4/2385,5/2317,6/2223,7/1862,8/1845,9/2163,10/2253,11/2264
28619.88;448;5854;6;12;0/23385.48,1/23577.46,2/24530.68,3/24566.39,4/24627.83,5/23536.4;0/6336.69,1/7046.69,2/10478.05,3/6736.83,4/4715.77,5/5396.1,6/6330.2,7/9949.24,8/10110.68,9/6934.26,10/6067.74,11/5943.1;0/28619.88,1/28619.88,2/28619.88,3/28619.88,4/28619.88,5/28619.88;0/28619.88,1/28619.88,2/28619.88,3/28619.88,4/28619.88,5/28619.88,6/28619.88,7/28619.88,8/28619.88,9/28619.88,10/28619.88,11/28619.88;0/0,1/0,2/0,3/0,4/0,5/0;0/9,1/3,2/8,3/0,4/8,5/0,6/6,7/3,8/4,9/0,10/1,11/3;0/0,1/0,2/0,3/0,4/0,5/0;0/16,1/7,2/14,3/11,4/12,5/10,6/11,7/8,8/14,9/10,10/7,11/13;0/0,1/0,2/0,3/0,4/0,5/0;0/4,1/4,2/3,3/4,4/4,5/4,6/4,7/3,8/3,9/4,10/4,11/4;0/84,1/83,2/65,3/65,4/65,5/86;0/513,1/501,2/431,3/489,4/516,5/513,6/520,7/411,8/421,9/501,10/527,11/511;0/527,1/508,2/412,3/408,4/402,5/512;0/2229,1/2158,2/1815,3/2189,4/2391,5/2323,6/2229,7/1868,8/1851,9/2169,10/2256,11/2268
28679.96;448;5866;6;12;0/23445.57,1/23637.54,2/24590.77,3/24626.48,4/24687.91,5/23596.49;0/6376.61,1/7059.96,2/10519.96,3/6753.15,4/4729.96,5/5396.4,6/6339.96,7/9949.61,8/10110.93,9/6934.96,10/6072.24,11/5943.73;0/28679.96,1/28679.96,2/28679.96,3/28679.96,4/28679.96,5/28679.96;0/28679.96,1/28679.96,2/28679.96,3/28679.96,4/28679.96,5/28679.96,6/28679.96,7/28679.96,8/28679.96,9/28679.96,10/28679.96,11/28679.96;0/0,1/0,2/0,3/0,4/0,5/0;0/3,1/3,2/6,3/0,4/4,5/1,6/6,7/4,8/8,9/3,10/3,11/1;0/0,1/0,2/0,3/0,4/0,5/0;0/14,1/11,2/14,3/12,4/11,5/12,6/13,7/11,8/14,9/13,10/13,11/14;0/0,1/0,2/0,3/0,4/0,5/0;0/4,1/4,2/3,3/4,4/4,5/4,6/4,7/3,8/3,9/4,10/4,11/4;0/84,1/83,2/65,3/65,4/65,5/86;0/514,1/502,2/432,3/490,4/517,5/515,6/521,7/412,8/422,9/501,10/528,11/512;0/527,1/508,2/412,3/408,4/402,5/512;0/2231,1/2162,2/1816,3/2193,4/2395,5/2329,6/2234,7/1874,8/1857,9/2175,10/2261,11/2274
28739.99;448;5877;6;12;0/23505.6,1/23697.57,2/24650.8,3/24686.51,4/24747.94,5/23656.52;0/6376.78,1/7081.16,2/10555.56,3/6753.38,4/4781.62,5/5396.59,6/6393.78,7/9960.17,8/10119.99,9/6935.24,10/6072.42,11/5944;0/28739.99,1/28739.99,2/28739.99,3/28739.99,4/28739.99,5/28739.99;0/28739.99,1/28739.99,2/28739.99,3/28739.99,4/28739.99,5/28739.99,6/28739.99,7/28739.99,8/28739.99,9/28739.99,10/28739.99,11/28739.99;0/0,1/0,2/0,3/0,4/0,5/0;0/3,1/6,2/5,3/1,4/3,5/2,6/4,7/3,8/9,9/4,10/3,11/2;0/0,1/0,2/0,3/0,4/0,5/0;0/9,1/11,2/15,3/13,4/10,5/14,6/12,7/8,8/12,9/12,10/10,11/15;0/0,1/0,2/0,3/0,4/0,5/0;0/4,1/4,2/3,3/4,4/4,5/4,6/4,7/3,8/3,9/4,10/4,11/4;0/84,1/83,2/65,3/65,4/65,5/86;0/515,1/504,2/434,3/490,4/518,5/515,6/522,7/413,8/422,9/502,10/530,11/512;0/527,1/508,2/412,3/408,4/402,5/512;0/2237,1/2166,2/1819,3/2199,4/2396,5/2335,6/2235,7/1878,8/1862,9/2181,10/2267,11/2280
28799.91;448;5889;6;12;0/23565.51,1/23757.49,2/24710.71,3/24746.43,4/24807.86,5/23716.43;0/6377.13,1/7081.59,2/10555.77,3/6753.84,4/4781.75,5/5396.79,6/6409.15,7/9969.91,8/10143.05,9/6935.63,10/6072.81,11/5944.33;0/28799.91,1/28799.91,2/28799.91,3/28799.91,4/28799.91,5/28799.91;0/28799.91,1/28799.91,2/28799.91,3/28799.91,4/28799.91,5/28799.91,6/28799.91,7/28799.91,8/28799.91,9/28799.91,10/28799.91,11/28799.91;0/0,1/0,2/0,3/0,4/0,5/0;0/3,1/3,2/5,3/3,4/3,5/2,6/3,7/7,8/8,9/4,10/5,11/3;0/0,1/0,2/0,3/0,4/0,5/0;0/6,1/10,2/14,3/15,4/6,5/9,6/7,7/9,8/13,9/10,10/11,11/14;0/0,1/0,2/0,3/0,4/0,5/0;0/4,1/4,2/3,3/4,4/4,5/4,6/4,7/3,8/3,9/4,10/4,11/4;0/84,1/83,2/65,3/65,4/65,5/86;0/517,1/504,2/434,3/491,4/519,5/517,6/524,7/413,8/423,9/503,10/531,11/513;0/527,1/508,2/412,3/408,4/402,5/512;0/2243,1/2172,2/1825,3/2205,4/2402,5/2341,6/2240,7/1883,8/1866,9/2187,10/2273,11/2286
