#FromID;FromX;FromY;FromIsStorage;FromIsIStation;FromIsOStation;FromIsElevator;ToID;ToX;ToY;ToIsStorage;ToIsIStation;ToIsOStation;ToIsElevator;Count;TravelTimeAvg;TravelTimeVar;TravelTimeMin;TravelTimeMax
6;23.50;3.50;False;True;False;False;92;5.50;1.50;True;False;False;False;1;20.9333333332429;0;20.9333333332429;20.9333333332429
6;23.50;3.50;False;True;False;False;100;13.50;1.50;True;False;False;False;3;14.3259259257904;0.0105349794105862;14.2666666664591;14.4444444442343
6;23.50;3.50;False;True;False;False;103;16.50;1.50;True;False;False;False;1;25.9555555551779;0;25.9555555551779;25.9555555551779
6;23.50;3.50;False;True;False;False;104;17.50;1.50;True;False;False;False;1;19.111111110833;0;19.111111110833;19.111111110833
6;23.50;3.50;False;True;False;False;106;5.50;2.50;True;False;False;False;3;16.8444444442566;0.0059259259181137;16.7999999997555;16.9333333330869
6;23.50;3.50;False;True;False;False;107;6.50;2.50;True;False;False;False;5;16.346666666596;0.0626172839464453;16.1333333334287;16.7555555554832
6;23.50;3.50;False;True;False;False;108;7.50;2.50;True;False;False;False;3;16.5481481480871;2.96362139969894;15.4666666664416;18.5333333334429
6;23.50;3.50;False;True;False;False;109;8.50;2.50;True;False;False;False;13;15.6717948716997;3.12774928757989;14.7999999997846;20.7111111108097
6;23.50;3.50;False;True;False;False;111;10.50;2.50;True;False;False;False;9;14.1432098764316;3.14951989043995;13.4666666664707;18.8444444444594
6;23.50;3.50;False;True;False;False;112;11.50;2.50;True;False;False;False;10;13.1022222222244;0.271187928620638;12.7999999998137;14.2666666664591
6;23.50;3.50;False;True;False;False;113;12.50;2.50;True;False;False;False;7;13.6253968253766;3.97686067013563;12.1333333331568;16.7555555556546
6;23.50;3.50;False;True;False;False;114;13.50;2.50;True;False;False;False;5;11.679999999901;0.165333333306511;11.4666666664998;12.3999999998196
6;23.50;3.50;False;True;False;False;116;15.50;2.50;True;False;False;False;2;10.1333333332896;2.15000784814783E-20;10.1333333331859;10.1333333333932
6;23.50;3.50;False;True;False;False;117;16.50;2.50;True;False;False;False;6;10.1333333332964;2.52760493845647;9.46666666652891;13.3777777778569
6;23.50;3.50;False;True;False;False;119;18.50;2.50;True;False;False;False;3;8.13333333336755;5.7711357362059E-22;8.13333333333981;8.13333333338142
6;23.50;3.50;False;True;False;False;134;5.50;4.50;True;False;False;False;2;20.0888888888021;21.6335802467267;16.7999999999274;23.3777777776768
6;23.50;3.50;False;True;False;False;135;6.50;4.50;True;False;False;False;3;16.192592592357;0.0105349794235617;16.1333333330986;16.3111111108738
6;23.50;3.50;False;True;False;False;136;7.50;4.50;True;False;False;False;13;15.6273504272573;0.101247230100715;15.4666666664416;16.4444444442051
6;23.50;3.50;False;True;False;False;137;8.50;4.50;True;False;False;False;11;14.8525252523986;0.0303479236700341;14.7999999997846;15.377777777554
6;23.50;3.50;False;True;False;False;139;10.50;4.50;True;False;False;False;4;13.4666666666946;4.35087954914943E-21;13.4666666666085;13.4666666667463
6;23.50;3.50;False;True;False;False;140;11.50;4.50;True;False;False;False;6;12.9703703703995;0.0856625514214811;12.7999999999938;13.5111111110527
6;23.50;3.50;False;True;False;False;141;12.50;4.50;True;False;False;False;4;12.1333333333275;1.38067947215494E-20;12.1333333331568;12.1333333334051
6;23.50;3.50;False;True;False;False;142;13.50;4.50;True;False;False;False;6;11.6148148147857;0.116674897155485;11.4666666664998;12.3111111111839
6;23.50;3.50;False;True;False;False;144;15.50;4.50;True;False;False;False;2;10.1333333333932;0;10.1333333333932;10.1333333333932
6;23.50;3.50;False;True;False;False;145;16.50;4.50;True;False;False;False;7;9.49206349202741;0.00451499117547894;9.46666666652891;9.6444444443041
6;23.50;3.50;False;True;False;False;147;18.50;4.50;True;False;False;False;1;8.1333333332982;0;8.1333333332982;8.1333333332982
6;23.50;3.50;False;True;False;False;151;8.50;5.50;True;False;False;False;2;17.6222222219658;0.00098765432095891;17.5999999997439;17.6444444441877
6;23.50;3.50;False;True;False;False;153;10.50;5.50;True;False;False;False;1;17.600000000104;0;17.600000000104;17.600000000104
6;23.50;3.50;False;True;False;False;161;18.50;5.50;True;False;False;False;2;10.955555555473;0.000987654314122541;10.9333333333281;10.977777777618
6;23.50;3.50;False;True;False;False;179;8.50;7.50;True;False;False;False;1;18.9333333330578;0;18.9333333330578;18.9333333330578
6;23.50;3.50;False;True;False;False;181;10.50;7.50;True;False;False;False;1;18.9333333330578;0;18.9333333330578;18.9333333330578
6;23.50;3.50;False;True;False;False;186;15.50;7.50;True;False;False;False;1;22.5333333330054;0;22.5333333330054;22.5333333330054
6;23.50;3.50;False;True;False;False;195;10.50;8.50;True;False;False;False;1;24.7111111107515;0;24.7111111107515;24.7111111107515
6;23.50;3.50;False;True;False;False;196;11.50;8.50;True;False;False;False;1;21.3777777774667;0;21.3777777774667;21.3777777774667
6;23.50;3.50;False;True;False;False;202;17.50;8.50;True;False;False;False;1;17.0666666667676;0;17.0666666667676;17.0666666667676
6;23.50;3.50;False;True;False;False;226;13.50;10.50;True;False;False;False;1;19.7333333330462;0;19.7333333330462;19.7333333330462
6;23.50;3.50;False;True;False;False;229;16.50;10.50;True;False;False;False;2;17.7777777777005;0.00395061725157889;17.7333333334382;17.8222222219629
6;23.50;3.50;False;True;False;False;231;18.50;10.50;True;False;False;False;1;14.266666666751;0;14.266666666751;14.266666666751
6;23.50;3.50;False;True;False;False;245;18.50;11.50;True;False;False;False;1;15.6888888889816;0;15.6888888889816;15.6888888889816
6;23.50;3.50;False;True;False;False;273;18.50;13.50;True;False;False;False;1;16.26666666643;0;16.26666666643;16.26666666643
14;23.50;9.50;False;True;False;False;105;18.50;1.50;True;False;False;False;1;15.2444444442226;0;15.2444444442226;15.2444444442226
14;23.50;9.50;False;True;False;False;118;17.50;2.50;True;False;False;False;3;17.2000000000719;0.0533333333101352;17.0666666667676;17.4666666666806
14;23.50;9.50;False;True;False;False;142;13.50;4.50;True;False;False;False;2;16.8888888889456;0.00395061729165729;16.8444444444578;16.9333333334334
14;23.50;9.50;False;True;False;False;144;15.50;4.50;True;False;False;False;1;16.2666666667628;0;16.2666666667628;16.2666666667628
14;23.50;9.50;False;True;False;False;145;16.50;4.50;True;False;False;False;2;17.7777777777922;0.0039506173001257;17.7333333332567;17.8222222223276
14;23.50;9.50;False;True;False;False;147;18.50;4.50;True;False;False;False;1;16.400000000097;0;16.400000000097;16.400000000097
14;23.50;9.50;False;True;False;False;156;13.50;5.50;True;False;False;False;4;15.7666666666801;0.111111111147895;15.5999999999326;16.2666666667628
14;23.50;9.50;False;True;False;False;158;15.50;5.50;True;False;False;False;4;15.6999999999132;0.0400000000483578;15.599999999773;16.0000000000946
14;23.50;9.50;False;True;False;False;160;17.50;5.50;True;False;False;False;1;19.0666666667794;0;19.0666666667794;19.0666666667794
14;23.50;9.50;False;True;False;False;184;13.50;7.50;True;False;False;False;5;14.5244444442915;0.180148148105276;14.2666666664591;15.2444444442226
14;23.50;9.50;False;True;False;False;186;15.50;7.50;True;False;False;False;2;16.199999999913;5.55555555440252;14.5333333334193;17.8666666664067
14;23.50;9.50;False;True;False;False;189;18.50;7.50;True;False;False;False;9;11.2641975308633;0.155610425211641;11.0666666666189;12.0444444442692
14;23.50;9.50;False;True;False;False;191;6.50;8.50;True;False;False;False;6;18.4518518516884;23.6621563788126;16.1333333330986;28.3555555554331
14;23.50;9.50;False;True;False;False;192;7.50;8.50;True;False;False;False;12;15.5037037035968;0.0164609053397244;15.4666666664416;15.9111111108796
14;23.50;9.50;False;True;False;False;193;8.50;8.50;True;False;False;False;9;15.8518518518008;8.76641975299034;14.7999999997846;23.7333333332308
14;23.50;9.50;False;True;False;False;195;10.50;8.50;True;False;False;False;4;14.9111111109975;3.07818929992388;13.4666666666085;17.0222222219745
14;23.50;9.50;False;True;False;False;196;11.50;8.50;True;False;False;False;6;13.5259259258869;0.785119341429552;12.8000000000102;15.155555555335
14;23.50;9.50;False;True;False;False;197;12.50;8.50;True;False;False;False;9;12.2419753085403;0.0326474622729632;12.1333333331568;12.6222222220385
14;23.50;9.50;False;True;False;False;198;13.50;8.50;True;False;False;False;13;11.8119658175523;1.03346627374513;10.7555556292427;14.9777777775598
14;23.50;9.50;False;True;False;False;200;15.50;8.50;True;False;False;False;1;10.8888888888976;0;10.8888888888976;10.8888888888976
14;23.50;9.50;False;True;False;False;201;16.50;8.50;True;False;False;False;3;9.46666666665806;1.25094524036394E-20;9.46666666652891;9.46666666672263
14;23.50;9.50;False;True;False;False;202;17.50;8.50;True;False;False;False;5;8.94222222220014;0.101135802427775;8.79999999996198;9.51111111097271
14;23.50;9.50;False;True;False;False;218;5.50;10.50;True;False;False;False;1;16.8000000000993;0;16.8000000000993;16.8000000000993
14;23.50;9.50;False;True;False;False;219;6.50;10.50;True;False;False;False;6;19.6888888888367;60.0778271624904;16.1333333330986;35.4222222224316
14;23.50;9.50;False;True;False;False;220;7.50;10.50;True;False;False;False;20;16.7133333333065;3.29262638088326;15.4666666664416;22.0444444445748
14;23.50;9.50;False;True;False;False;221;8.50;10.50;True;False;False;False;18;15.2765432097393;1.13564108778391;14.7999999997846;18.3555555556641
14;23.50;9.50;False;True;False;False;223;10.50;10.50;True;False;False;False;11;14.1818181817938;2.85924130205814;13.4666666664707;19.1555555556688
14;23.50;9.50;False;True;False;False;224;11.50;10.50;True;False;False;False;14;14.8603174602337;33.2297381641325;12.7999999998137;34.5333333335375
14;23.50;9.50;False;True;False;False;225;12.50;10.50;True;False;False;False;13;13.0769230769264;2.52021525793211;12.1333333331568;16.2222222221521
14;23.50;9.50;False;True;False;False;226;13.50;10.50;True;False;False;False;8;11.5944444443637;0.0595061728120749;11.4666666664998;12.088888888713
14;23.50;9.50;False;True;False;False;228;15.50;10.50;True;False;False;False;4;10.1333333332766;1.14219166932853E-20;10.1333333331859;10.1333333333932
14;23.50;9.50;False;True;False;False;229;16.50;10.50;True;False;False;False;7;10.8126984126116;4.10516166997458;9.46666666652891;13.9111111111933
14;23.50;9.50;False;True;False;False;230;17.50;10.50;True;False;False;False;2;9.51111111106275;1.01135802440581;8.80000000005202;10.2222222220735
14;23.50;9.50;False;True;False;False;231;18.50;10.50;True;False;False;False;4;8.1333333332982;3.46268144172354E-21;8.13333333321498;8.13333333333981
14;23.50;9.50;False;True;False;False;235;8.50;11.50;True;False;False;False;2;17.6444444445488;0.00395061728399733;17.600000000104;17.6888888889935
14;23.50;9.50;False;True;False;False;245;18.50;11.50;True;False;False;False;2;10.9333333332546;1.2929933189042E-20;10.9333333331742;10.933333333335
14;23.50;9.50;False;True;False;False;265;10.50;13.50;True;False;False;False;1;18.9333333334453;0;18.9333333334453;18.9333333334453
14;23.50;9.50;False;True;False;False;273;18.50;13.50;True;False;False;False;2;12.2666666664882;0;12.2666666664882;12.2666666664882
14;23.50;9.50;False;True;False;False;281;12.50;14.50;True;False;False;False;1;20.6666666667888;0;20.6666666667888;20.6666666667888
14;23.50;9.50;False;True;False;False;282;13.50;14.50;True;False;False;False;1;19.73333333345;0;19.73333333345;19.73333333345
14;23.50;9.50;False;True;False;False;284;15.50;14.50;True;False;False;False;2;18.4222222221426;0.000987654320979121;18.3999999999205;18.4444444443648
14;23.50;9.50;False;True;False;False;285;16.50;14.50;True;False;False;False;1;23.0222222221228;0;23.0222222221228;23.0222222221228
14;23.50;9.50;False;True;False;False;286;17.50;14.50;True;False;False;False;2;17.0666666666802;1.52465930505774E-20;17.0666666665929;17.0666666667676
14;23.50;9.50;False;True;False;False;287;18.50;14.50;True;False;False;False;1;13.5555555556357;0;13.5555555556357;13.5555555556357
22;0.50;6.50;False;False;True;False;92;5.50;1.50;True;False;False;False;17;13.3202614378505;0.737719680572459;12.9333333331451;16.400000000097
22;0.50;6.50;False;False;True;False;93;6.50;1.50;True;False;False;False;3;17.2740740741172;0.0638683127507852;17.0666666666802;17.5555555555695
22;0.50;6.50;False;False;True;False;94;7.50;1.50;True;False;False;False;1;18.2222222223299;0;18.2222222223299;18.2222222223299
22;0.50;6.50;False;False;True;False;95;8.50;1.50;True;False;False;False;1;18.3999999997322;0;18.3999999997322;18.3999999997322
22;0.50;6.50;False;False;True;False;106;5.50;2.50;True;False;False;False;13;12.4854700853662;0.117353592883573;12.2666666664882;13.1999999998079
22;0.50;6.50;False;False;True;False;134;5.50;4.50;True;False;False;False;28;11.0349206348516;0.0551414200738911;10.9333333331742;11.7777777776064
22;0.50;6.50;False;False;True;False;148;5.50;5.50;True;False;False;False;25;8.98666666661856;3.76263374492941;8.13333333321498;15.022222222311
22;0.50;6.50;False;False;True;False;149;6.50;5.50;True;False;False;False;17;9.37777777774076;1.44716049370224;8.79999999987194;12.7999999998137
22;0.50;6.50;False;False;True;False;150;7.50;5.50;True;False;False;False;12;9.53703703703555;0.059423868314246;9.46666666662577;10.3111111111193
22;0.50;6.50;False;False;True;False;151;8.50;5.50;True;False;False;False;15;10.927407407349;1.7458530275153;10.1333333331859;13.6888888886897
22;0.50;6.50;False;False;True;False;153;10.50;5.50;True;False;False;False;3;13.8962962962152;12.1132510288003;11.7333333333427;17.9111111110337
22;0.50;6.50;False;False;True;False;154;11.50;5.50;True;False;False;False;7;12.4253968253284;0.597107583878002;12.1333333331568;14.1777777778616
22;0.50;6.50;False;False;True;False;155;12.50;5.50;True;False;False;False;5;13.1377777778;0.217876543154507;12.8000000000757;13.7333333334145
22;0.50;6.50;False;False;True;False;156;13.50;5.50;True;False;False;False;3;13.7925925925591;0.206090535085078;13.4666666664707;14.3111111111957
22;0.50;6.50;False;False;True;False;160;17.50;5.50;True;False;False;False;1;23.2888888890266;0;23.2888888890266;23.2888888890266
22;0.50;6.50;False;False;True;False;176;5.50;7.50;True;False;False;False;33;8.89427609421856;1.94466142908442;8.13333333321498;12.6222222222968
22;0.50;6.50;False;False;True;False;177;6.50;7.50;True;False;False;False;15;9.31851851849138;0.786360964153442;8.79999999987194;12.1777777777797
22;0.50;6.50;False;False;True;False;178;7.50;7.50;True;False;False;False;18;9.59259259251085;0.0535076252840305;9.46666666652891;10.2666666667274
22;0.50;6.50;False;False;True;False;179;8.50;7.50;True;False;False;False;25;10.2773333332618;0.0961777777816526;10.1333333331859;11.1555555556215
22;0.50;6.50;False;False;True;False;181;10.50;7.50;True;False;False;False;11;11.8303030302407;0.201014590377531;11.4666666664998;12.4888888889627
22;0.50;6.50;False;False;True;False;182;11.50;7.50;True;False;False;False;4;13.299999999995;4.19341563722787;12.1333333334051;16.3555555553176
22;0.50;6.50;False;False;True;False;183;12.50;7.50;True;False;False;False;3;13.1259259258265;0.0974485597493287;12.7999999998137;13.4222222223016
22;0.50;6.50;False;False;True;False;184;13.50;7.50;True;False;False;False;2;15.4666666665844;4.56691357925091;13.9555555556381;16.9777777775307
22;0.50;6.50;False;False;True;False;186;15.50;7.50;True;False;False;False;2;14.7999999997846;0;14.7999999997846;14.7999999997846
22;0.50;6.50;False;False;True;False;187;16.50;7.50;True;False;False;False;4;15.4666666665998;3.33916269675406E-20;15.4666666664416;15.4666666667581
22;0.50;6.50;False;False;True;False;188;17.50;7.50;True;False;False;False;2;16.1333333330986;0;16.1333333330986;16.1333333330986
22;0.50;6.50;False;False;True;False;190;5.50;8.50;True;False;False;False;28;11.1857142856597;0.0623398001097238;11.0666666665056;11.9555555555039
22;0.50;6.50;False;False;True;False;193;8.50;8.50;True;False;False;False;2;14.2666666664591;0;14.2666666664591;14.2666666664591
22;0.50;6.50;False;False;True;False;195;10.50;8.50;True;False;False;False;2;14.2666666664591;0;14.2666666664591;14.2666666664591
22;0.50;6.50;False;False;True;False;218;5.50;10.50;True;False;False;False;5;13.1377777777207;2.4094814814499;12.3999999998196;15.9111111110424
22;0.50;6.50;False;False;True;False;221;8.50;10.50;True;False;False;False;4;16.7222222220587;2.74880658404331;15.599999999773;19.111111110833
22;0.50;6.50;False;False;True;False;223;10.50;10.50;True;False;False;False;2;15.5999999999326;5.09547393235728E-20;15.599999999773;15.6000000000922
22;0.50;6.50;False;False;True;False;232;5.50;11.50;True;False;False;False;7;16.4444444442051;0.0138271604934247;16.3999999997613;16.7111111108679
22;0.50;6.50;False;False;True;False;233;6.50;11.50;True;False;False;False;1;17.0666666664183;0;17.0666666664183;17.0666666664183
22;0.50;6.50;False;False;True;False;234;7.50;11.50;True;False;False;False;1;17.7333333330753;0;17.7333333330753;17.7333333330753
22;0.50;6.50;False;False;True;False;235;8.50;11.50;True;False;False;False;3;16.4444444443197;0.0948148149342914;16.26666666643;16.8000000000993
22;0.50;6.50;False;False;True;False;237;10.50;11.50;True;False;False;False;1;16.26666666643;0;16.26666666643;16.26666666643
22;0.50;6.50;False;False;True;False;260;5.50;13.50;True;False;False;False;4;16.5666666665968;0.111111111187003;16.3999999997613;17.0666666667676
22;0.50;6.50;False;False;True;False;274;5.50;14.50;True;False;False;False;2;15.9111111108796;0.00395061728383564;15.8666666664358;15.9555555553234
30;0.50;12.50;False;False;True;False;106;5.50;2.50;True;False;False;False;3;16.2666666666796;0;16.2666666666796;16.2666666666796
30;0.50;12.50;False;False;True;False;134;5.50;4.50;True;False;False;False;3;14.962962962898;0.00263374484230864;14.9333333333452;15.0222222220036
30;0.50;12.50;False;False;True;False;148;5.50;5.50;True;False;False;False;2;14.2666666664591;0;14.2666666664591;14.2666666664591
30;0.50;12.50;False;False;True;False;176;5.50;7.50;True;False;False;False;4;13.2333333332436;0.194074074118584;12.9333333331451;13.8666666666777
30;0.50;12.50;False;False;True;False;190;5.50;8.50;True;False;False;False;16;12.424999999962;0.0771604938354207;12.2666666664882;13.244444444455
30;0.50;12.50;False;False;True;False;218;5.50;10.50;True;False;False;False;15;11.1437037036385;0.0901493239732228;10.9333333331742;11.7333333334027
30;0.50;12.50;False;False;True;False;232;5.50;11.50;True;False;False;False;25;8.21866666658057;0.0508510288029659;8.13333333321498;8.93333333320334
30;0.50;12.50;False;False;True;False;233;6.50;11.50;True;False;False;False;19;9.09005847950211;0.275526676758013;8.79999999987194;10.8444444442866
30;0.50;12.50;False;False;True;False;234;7.50;11.50;True;False;False;False;17;11.4849673201949;27.1654466219559;9.46666666652891;31.199999999546
30;0.50;12.50;False;False;True;False;235;8.50;11.50;True;False;False;False;18;10.4666666666079;0.696063906989563;10.1333333331859;13.6444444442459
30;0.50;12.50;False;False;True;False;237;10.50;11.50;True;False;False;False;5;13.4133333332789;16.8833580235148;11.4666666667345;20.7555555552535
30;0.50;12.50;False;False;True;False;239;12.50;11.50;True;False;False;False;8;12.7999999999283;1.68461240188386E-20;12.7999999998137;12.8000000000757
30;0.50;12.50;False;False;True;False;240;13.50;11.50;True;False;False;False;4;13.8222222220941;0.130370370453079;13.4666666664707;14.266666666751
30;0.50;12.50;False;False;True;False;242;15.50;11.50;True;False;False;False;6;15.0148148147091;0.144131687270595;14.7999999997846;15.7333333333459
30;0.50;12.50;False;False;True;False;243;16.50;11.50;True;False;False;False;1;18.5333333330636;0;18.5333333330636;18.5333333330636
30;0.50;12.50;False;False;True;False;244;17.50;11.50;True;False;False;False;3;16.5481481479073;0.136954732506302;16.1333333330986;16.8444444441993
30;0.50;12.50;False;False;True;False;260;5.50;13.50;True;False;False;False;33;8.55757575753054;0.698776655402773;8.13333333321498;12.2222222220444
30;0.50;12.50;False;False;True;False;261;6.50;13.50;True;False;False;False;20;8.62444444812213;2.2014242534541;2.44444451825257;9.59999999995853
30;0.50;12.50;False;False;True;False;262;7.50;13.50;True;False;False;False;4;10.5888888888686;2.74880658429701;9.46666666662577;12.9777777777217
30;0.50;12.50;False;False;True;False;263;8.50;13.50;True;False;False;False;23;10.550724637644;1.01292734095042;10.1333333331859;13.6444444442459
30;0.50;12.50;False;False;True;False;265;10.50;13.50;True;False;False;False;6;11.4666666667027;2.61680525990582E-21;11.4666666666171;11.4666666667345
30;0.50;12.50;False;False;True;False;266;11.50;13.50;True;False;False;False;7;12.3111111111724;0.0981069958775622;12.1333333334051;12.8888888889651
30;0.50;12.50;False;False;True;False;267;12.50;13.50;True;False;False;False;4;14.7333333331189;3.68790123446057;12.7999999998137;16.5777777775365
30;0.50;12.50;False;False;True;False;268;13.50;13.50;True;False;False;False;8;14.4444444443646;2.78970017638071;13.4666666664707;17.2888888889911
30;0.50;12.50;False;False;True;False;270;15.50;13.50;True;False;False;False;5;15.9111111109401;6.17283950582493;14.7999999997846;20.3555555552593
30;0.50;12.50;False;False;True;False;271;16.50;13.50;True;False;False;False;3;16.8888888888189;2.08790123471586;15.8222222222348;18.5333333333481
30;0.50;12.50;False;False;True;False;272;17.50;13.50;True;False;False;False;1;16.2222222219862;0;16.2222222219862;16.2222222219862
30;0.50;12.50;False;False;True;False;274;5.50;14.50;True;False;False;False;24;11.2333333332378;0.0793988190993746;11.0666666665056;11.9555555553816
30;0.50;12.50;False;False;True;False;276;7.50;14.50;True;False;False;False;1;18.3999999997322;0;18.3999999997322;18.3999999997322
30;0.50;12.50;False;False;True;False;277;8.50;14.50;True;False;False;False;5;15.2088888889142;0.81916049373415;14.4444444444559;16.6666666665947
30;0.50;12.50;False;False;True;False;279;10.50;14.50;True;False;False;False;16;14.8083333332517;1.04828806575061;14.2666666664591;17.9999999997381
92;5.50;1.50;True;False;False;False;6;23.50;3.50;False;True;False;False;5;27.1466666666071;0.286814814959035;26.5777777779349;27.7333333334973
92;5.50;1.50;True;False;False;False;22;0.50;6.50;False;False;True;False;7;117.295238094519;2452.83057021526;29.8222222223985;165.377777775371
92;5.50;1.50;True;False;False;False;30;0.50;12.50;False;False;True;False;5;137.511111110179;2466.5758024609;67.3333333337314;193.911111112257
92;5.50;1.50;True;False;False;False;134;5.50;4.50;True;False;False;False;1;4.13333333331548;0;4.13333333331548;4.13333333331548
92;5.50;1.50;True;False;False;False;181;10.50;7.50;True;False;False;False;1;11.6000000000686;0;11.6000000000686;11.6000000000686
92;5.50;1.50;True;False;False;False;182;11.50;7.50;True;False;False;False;1;12.2666666667392;0;12.2666666667392;12.2666666667392
92;5.50;1.50;True;False;False;False;183;12.50;7.50;True;False;False;False;3;14.4592592593;1.50584362159783;13.1111111110545;15.5111111112028
92;5.50;1.50;True;False;False;False;184;13.50;7.50;True;False;False;False;2;12.9777777775889;0;12.9777777775889;12.9777777775889
92;5.50;1.50;True;False;False;False;195;10.50;8.50;True;False;False;False;2;11.9555555555071;0.193580247064137;11.644444444275;12.2666666667392
92;5.50;1.50;True;False;False;False;197;12.50;8.50;True;False;False;False;1;12.9777777777881;0;12.9777777777881;12.9777777777881
92;5.50;1.50;True;False;False;False;221;8.50;10.50;True;False;False;False;2;12.4666666664853;1.35209876539275;11.644444444275;13.2888888886955
92;5.50;1.50;True;False;False;False;225;12.50;10.50;True;False;False;False;3;16.5481481480765;0.202139917686437;16.2666666667628;17.0666666665929
92;5.50;1.50;True;False;False;False;240;13.50;11.50;True;False;False;False;1;16.0444444443751;0;16.0444444443751;16.0444444443751
92;5.50;1.50;True;False;False;False;242;15.50;11.50;True;False;False;False;1;16.9777777775307;0;16.9777777775307;16.9777777775307
93;6.50;1.50;True;False;False;False;6;23.50;3.50;False;True;False;False;2;25.5777777777814;0.522469135769192;25.0666666666866;26.0888888888763
93;6.50;1.50;True;False;False;False;22;0.50;6.50;False;False;True;False;1;181.511111111256;0;181.511111111256;181.511111111256
93;6.50;1.50;True;False;False;False;140;11.50;4.50;True;False;False;False;1;8.97777777778492;0;8.97777777778492;8.97777777778492
93;6.50;1.50;True;False;False;False;183;12.50;7.50;True;False;False;False;1;13.6888888889698;0;13.6888888889698;13.6888888889698
93;6.50;1.50;True;False;False;False;197;12.50;8.50;True;False;False;False;1;12.9333333333436;0;12.9333333333436;12.9333333333436
94;7.50;1.50;True;False;False;False;6;23.50;3.50;False;True;False;False;2;25.355555555321;1.66024691402166;24.4444444440887;26.2666666665532
94;7.50;1.50;True;False;False;False;240;13.50;11.50;True;False;False;False;1;17.0666666667676;0;17.0666666667676;17.0666666667676
95;8.50;1.50;True;False;False;False;6;23.50;3.50;False;True;False;False;1;33.1111111111375;0;33.1111111111375;33.1111111111375
95;8.50;1.50;True;False;False;False;22;0.50;6.50;False;False;True;False;1;172.488888886379;0;172.488888886379;172.488888886379
95;8.50;1.50;True;False;False;False;239;12.50;11.50;True;False;False;False;1;18.666666666395;0;18.666666666395;18.666666666395
97;10.50;1.50;True;False;False;False;30;0.50;12.50;False;False;True;False;1;198.666666666655;0;198.666666666655;198.666666666655
100;13.50;1.50;True;False;False;False;22;0.50;6.50;False;False;True;False;3;91.5703703696166;2324.06979421801;35.9111111105885;120.177777776029
100;13.50;1.50;True;False;False;False;156;13.50;5.50;True;False;False;False;1;33.6000000000267;0;33.6000000000267;33.6000000000267
100;13.50;1.50;True;False;False;False;181;10.50;7.50;True;False;False;False;1;9.99999999985448;0;9.99999999985448;9.99999999985448
100;13.50;1.50;True;False;False;False;242;15.50;11.50;True;False;False;False;1;12.8888888887013;0;12.8888888887013;12.8888888887013
103;16.50;1.50;True;False;False;False;22;0.50;6.50;False;False;True;False;1;215.68888888575;0;215.68888888575;215.68888888575
103;16.50;1.50;True;False;False;False;223;10.50;10.50;True;False;False;False;1;15.6444444442168;0;15.6444444442168;15.6444444442168
104;17.50;1.50;True;False;False;False;22;0.50;6.50;False;False;True;False;1;204.666666663688;0;204.666666663688;204.666666663688
104;17.50;1.50;True;False;False;False;240;13.50;11.50;True;False;False;False;1;13.6444444442459;0;13.6444444442459;13.6444444442459
105;18.50;1.50;True;False;False;False;22;0.50;6.50;False;False;True;False;1;146.355555553426;0;146.355555553426;146.355555553426
105;18.50;1.50;True;False;False;False;181;10.50;7.50;True;False;False;False;1;13.9111111109087;0;13.9111111109087;13.9111111109087
106;5.50;2.50;True;False;False;False;6;23.50;3.50;False;True;False;False;8;29.1222222220932;5.17234567880269;25.2000000000201;31.111111111295
106;5.50;2.50;True;False;False;False;22;0.50;6.50;False;False;True;False;9;164.597530862665;2354.45882026044;94.7999999986205;216.399999996851
106;5.50;2.50;True;False;False;False;30;0.50;12.50;False;False;True;False;2;158.844444443475;21447.5061727714;55.2888888880843;262.399999998866
106;5.50;2.50;True;False;False;False;148;5.50;5.50;True;False;False;False;1;6.13333333333821;0;6.13333333333821;6.13333333333821
106;5.50;2.50;True;False;False;False;151;8.50;5.50;True;False;False;False;1;7.64444444445053;0;7.64444444445053;7.64444444445053
106;5.50;2.50;True;False;False;False;154;11.50;5.50;True;False;False;False;1;9.6444444443041;0;9.6444444443041;9.6444444443041
106;5.50;2.50;True;False;False;False;182;11.50;7.50;True;False;False;False;2;11.5777777776093;0.719999999979045;10.977777777618;12.1777777776006
106;5.50;2.50;True;False;False;False;183;12.50;7.50;True;False;False;False;1;16.9777777778781;0;16.9777777778781;16.9777777778781
106;5.50;2.50;True;False;False;False;187;16.50;7.50;True;False;False;False;2;14.711111110897;0.319999999990687;14.3111111109029;15.1111111108912
106;5.50;2.50;True;False;False;False;191;6.50;8.50;True;False;False;False;1;8.62222222209675;0;8.62222222209675;8.62222222209675
106;5.50;2.50;True;False;False;False;196;11.50;8.50;True;False;False;False;2;20.2888888885936;9.67999999971827;18.0888888886257;22.4888888885616
106;5.50;2.50;True;False;False;False;197;12.50;8.50;True;False;False;False;1;12.9333333333436;0;12.9333333333436;12.9333333333436
106;5.50;2.50;True;False;False;False;221;8.50;10.50;True;False;False;False;1;10.977777777618;0;10.977777777618;10.977777777618
106;5.50;2.50;True;False;False;False;223;10.50;10.50;True;False;False;False;1;12.3111111111839;0;12.3111111111839;12.3111111111839
106;5.50;2.50;True;False;False;False;224;11.50;10.50;True;False;False;False;2;12.9777777776553;8.81609096859017E-21;12.9777777775889;12.9777777777217
106;5.50;2.50;True;False;False;False;225;12.50;10.50;True;False;False;False;2;20.5333333332446;18.8088888887264;17.4666666665912;23.599999999898
106;5.50;2.50;True;False;False;False;240;13.50;11.50;True;False;False;False;1;20.2222222223418;0;20.2222222223418;20.2222222223418
107;6.50;2.50;True;False;False;False;6;23.50;3.50;False;True;False;False;1;26.5333333332187;0;26.5333333332187;26.5333333332187
107;6.50;2.50;True;False;False;False;22;0.50;6.50;False;False;True;False;3;146.799999999338;1365.15753076134;105.46666666729;176.622222219652
107;6.50;2.50;True;False;False;False;30;0.50;12.50;False;False;True;False;2;103.333333332913;3387.55950625253;62.177777776873;144.488888888952
107;6.50;2.50;True;False;False;False;153;10.50;5.50;True;False;False;False;1;8.93333333329474;0;8.93333333329474;8.93333333329474
107;6.50;2.50;True;False;False;False;154;11.50;5.50;True;False;False;False;2;10.9333333333352;3.5555555552629;9.60000000005675;12.2666666666137
107;6.50;2.50;True;False;False;False;224;11.50;10.50;True;False;False;False;1;17.6444444441877;0;17.6444444441877;17.6444444441877
107;6.50;2.50;True;False;False;False;239;12.50;11.50;True;False;False;False;1;14.8888888888696;0;14.8888888888696;14.8888888888696
108;7.50;2.50;True;False;False;False;22;0.50;6.50;False;False;True;False;2;146.555555554814;226.608394995924;135.911111111915;157.199999997712
108;7.50;2.50;True;False;False;False;30;0.50;12.50;False;False;True;False;1;169.822222219751;0;169.822222219751;169.822222219751
108;7.50;2.50;True;False;False;False;153;10.50;5.50;True;False;False;False;1;8.26666666663095;0;8.26666666663095;8.26666666663095
108;7.50;2.50;True;False;False;False;183;12.50;7.50;True;False;False;False;1;14.4000000000851;0;14.4000000000851;14.4000000000851
108;7.50;2.50;True;False;False;False;237;10.50;11.50;True;False;False;False;1;14.2666666664591;0;14.2666666664591;14.2666666664591
109;8.50;2.50;True;False;False;False;22;0.50;6.50;False;False;True;False;12;140.585185184645;1338.70611299404;87.2444444440675;203.822222222384
109;8.50;2.50;True;False;False;False;30;0.50;12.50;False;False;True;False;1;126.311111110565;0;126.311111110565;126.311111110565
109;8.50;2.50;True;False;False;False;153;10.50;5.50;True;False;False;False;1;7.59999999996717;0;7.59999999996717;7.59999999996717
109;8.50;2.50;True;False;False;False;155;12.50;5.50;True;False;False;False;1;8.93333333338614;0;8.93333333338614;8.93333333338614
109;8.50;2.50;True;False;False;False;179;8.50;7.50;True;False;False;False;3;6.25185185179203;0.0796707818754564;6.08888888880028;6.57777777768206
109;8.50;2.50;True;False;False;False;181;10.50;7.50;True;False;False;False;2;9.28888888879942;0.252839506100482;8.93333333329474;9.6444444443041
109;8.50;2.50;True;False;False;False;182;11.50;7.50;True;False;False;False;1;13.6444444442459;0;13.6444444442459;13.6444444442459
109;8.50;2.50;True;False;False;False;183;12.50;7.50;True;False;False;False;3;10.4888888888786;0.148148148123524;10.2666666666223;10.9333333332861
109;8.50;2.50;True;False;False;False;184;13.50;7.50;True;False;False;False;1;10.9333333331742;0;10.9333333331742;10.9333333331742
109;8.50;2.50;True;False;False;False;197;12.50;8.50;True;False;False;False;1;14.266666666678;0;14.266666666678;14.266666666678
111;10.50;2.50;True;False;False;False;6;23.50;3.50;False;True;False;False;1;24.4888888889084;0;24.4888888889084;24.4888888889084
111;10.50;2.50;True;False;False;False;22;0.50;6.50;False;False;True;False;7;127.961904760601;1282.43517927965;71.8222222211771;174.799999999245
111;10.50;2.50;True;False;False;False;30;0.50;12.50;False;False;True;False;1;123.866666666132;0;123.866666666132;123.866666666132
111;10.50;2.50;True;False;False;False;142;13.50;4.50;True;False;False;False;1;7.60000000000605;0;7.60000000000605;7.60000000000605
111;10.50;2.50;True;False;False;False;154;11.50;5.50;True;False;False;False;1;6.79999999997062;0;6.79999999997062;6.79999999997062
111;10.50;2.50;True;False;False;False;181;10.50;7.50;True;False;False;False;1;6.08888888880028;0;6.08888888880028;6.08888888880028
111;10.50;2.50;True;False;False;False;195;10.50;8.50;True;False;False;False;1;6.75555555545725;0;6.75555555545725;6.75555555545725
111;10.50;2.50;True;False;False;False;197;12.50;8.50;True;False;False;False;1;9.5999999998603;0;9.5999999998603;9.5999999998603
111;10.50;2.50;True;False;False;False;198;13.50;8.50;True;False;False;False;1;10.2666666666223;0;10.2666666666223;10.2666666666223
111;10.50;2.50;True;False;False;False;224;11.50;10.50;True;False;False;False;2;12.0888888888367;6.32098765426637;10.3111111110666;13.8666666666068
111;10.50;2.50;True;False;False;False;240;13.50;11.50;True;False;False;False;1;14.2666666664591;0;14.2666666664591;14.2666666664591
112;11.50;2.50;True;False;False;False;14;23.50;9.50;False;True;False;False;1;26.6222222222434;0;26.6222222222434;26.6222222222434
112;11.50;2.50;True;False;False;False;22;0.50;6.50;False;False;True;False;6;90.8666666666719;1630.5720493513;28.7111111112808;139.288888886862
112;11.50;2.50;True;False;False;False;30;0.50;12.50;False;False;True;False;3;110.577777777915;3611.41925935047;43.7333333326969;160.13333333428
112;11.50;2.50;True;False;False;False;95;8.50;1.50;True;False;False;False;1;6.13333333333821;0;6.13333333333821;6.13333333333821
112;11.50;2.50;True;False;False;False;139;10.50;4.50;True;False;False;False;1;6.13333333333821;0;6.13333333333821;6.13333333333821
112;11.50;2.50;True;False;False;False;148;5.50;5.50;True;False;False;False;2;10.8444444443668;0.319999999862448;10.4444444444528;11.2444444442808
112;11.50;2.50;True;False;False;False;155;12.50;5.50;True;False;False;False;3;7.00740740740245;0.129053497972774;6.79999999990105;7.4222222222661
112;11.50;2.50;True;False;False;False;182;11.50;7.50;True;False;False;False;1;10.8000000000638;0;10.8000000000638;10.8000000000638
112;11.50;2.50;True;False;False;False;183;12.50;7.50;True;False;False;False;1;8.48888888893907;0;8.48888888893907;8.48888888893907
112;11.50;2.50;True;False;False;False;240;13.50;11.50;True;False;False;False;1;12.3111111111839;0;12.3111111111839;12.3111111111839
113;12.50;2.50;True;False;False;False;22;0.50;6.50;False;False;True;False;4;146.077777778441;1867.33613170377;95.6000000005652;198.84444444562
113;12.50;2.50;True;False;False;False;30;0.50;12.50;False;False;True;False;3;113.18518518459;2936.85794245663;73.1111111100472;174.844444444584
113;12.50;2.50;True;False;False;False;154;11.50;5.50;True;False;False;False;1;6.8000000000402;0;6.8000000000402;6.8000000000402
113;12.50;2.50;True;False;False;False;181;10.50;7.50;True;False;False;False;1;8.93333333334044;0;8.93333333334044;8.93333333334044
113;12.50;2.50;True;False;False;False;182;11.50;7.50;True;False;False;False;2;11.4000000000674;21.3422222224746;8.13333333338142;14.6666666667534
113;12.50;2.50;True;False;False;False;187;16.50;7.50;True;False;False;False;2;11.2666666665027;0.285432098757125;10.8888888887304;11.644444444275
113;12.50;2.50;True;False;False;False;225;12.50;10.50;True;False;False;False;1;12.8000000000102;0;12.8000000000102;12.8000000000102
113;12.50;2.50;True;False;False;False;240;13.50;11.50;True;False;False;False;1;15.1111111108912;0;15.1111111108912;15.1111111108912
114;13.50;2.50;True;False;False;False;22;0.50;6.50;False;False;True;False;3;156.133333331738;2266.41382718001;104.488888887368;198.26666666581
114;13.50;2.50;True;False;False;False;30;0.50;12.50;False;False;True;False;2;118.200000000016;5302.21135822796;66.7111111101403;169.688888889892
114;13.50;2.50;True;False;False;False;92;5.50;1.50;True;False;False;False;1;9.46666666672263;0;9.46666666672263;9.46666666672263
114;13.50;2.50;True;False;False;False;181;10.50;7.50;True;False;False;False;1;9.59999999995853;0;9.59999999995853;9.59999999995853
114;13.50;2.50;True;False;False;False;182;11.50;7.50;True;False;False;False;1;9.5555555554165;0;9.5555555554165;9.5555555554165
114;13.50;2.50;True;False;False;False;220;7.50;10.50;True;False;False;False;1;15.7333333331044;0;15.7333333331044;15.7333333331044
114;13.50;2.50;True;False;False;False;226;13.50;10.50;True;False;False;False;1;15.7333333331044;0;15.7333333331044;15.7333333331044
116;15.50;2.50;True;False;False;False;22;0.50;6.50;False;False;True;False;1;72.3999999989464;0;72.3999999989464;72.3999999989464
116;15.50;2.50;True;False;False;False;30;0.50;12.50;False;False;True;False;1;231.377777779146;0;231.377777779146;231.377777779146
116;15.50;2.50;True;False;False;False;183;12.50;7.50;True;False;False;False;1;15.3333333331102;0;15.3333333331102;15.3333333331102
116;15.50;2.50;True;False;False;False;184;13.50;7.50;True;False;False;False;1;8.93333333338614;0;8.93333333338614;8.93333333338614
117;16.50;2.50;True;False;False;False;6;23.50;3.50;False;True;False;False;1;28.0000000001655;0;28.0000000001655;28.0000000001655
117;16.50;2.50;True;False;False;False;22;0.50;6.50;False;False;True;False;4;133.577777776313;1223.03539085986;93.6000000005533;176.888888886315
117;16.50;2.50;True;False;False;False;30;0.50;12.50;False;False;True;False;1;173.511111112137;0;173.511111112137;173.511111112137
117;16.50;2.50;True;False;False;False;141;12.50;4.50;True;False;False;False;1;8.26666666671554;0;8.26666666671554;8.26666666671554
117;16.50;2.50;True;False;False;False;181;10.50;7.50;True;False;False;False;1;11.6000000000686;0;11.6000000000686;11.6000000000686
117;16.50;2.50;True;False;False;False;182;11.50;7.50;True;False;False;False;2;10.9333333331742;0;10.9333333331742;10.9333333331742
117;16.50;2.50;True;False;False;False;183;12.50;7.50;True;False;False;False;1;10.2666666667274;0;10.2666666667274;10.2666666667274
117;16.50;2.50;True;False;False;False;226;13.50;10.50;True;False;False;False;1;11.5999999998312;0;11.5999999998312;11.5999999998312
118;17.50;2.50;True;False;False;False;22;0.50;6.50;False;False;True;False;2;121.822222222942;1347.38172841099;95.8666666672334;147.777777778651
118;17.50;2.50;True;False;False;False;30;0.50;12.50;False;False;True;False;1;191.111111111263;0;191.111111111263;191.111111111263
118;17.50;2.50;True;False;False;False;237;10.50;11.50;True;False;False;False;1;15.5555555556475;0;15.5555555556475;15.5555555556475
118;17.50;2.50;True;False;False;False;240;13.50;11.50;True;False;False;False;1;13.6444444445251;0;13.6444444445251;13.6444444445251
118;17.50;2.50;True;False;False;False;242;15.50;11.50;True;False;False;False;1;12.9777777777881;0;12.9777777777881;12.9777777777881
119;18.50;2.50;True;False;False;False;6;23.50;3.50;False;True;False;False;1;13.7777777778592;0;13.7777777778592;13.7777777778592
119;18.50;2.50;True;False;False;False;22;0.50;6.50;False;False;True;False;2;146.844444444155;6242.1688888787;90.9777777775344;202.711111110777
119;18.50;2.50;True;False;False;False;155;12.50;5.50;True;False;False;False;1;10.888888888795;0;10.888888888795;10.888888888795
119;18.50;2.50;True;False;False;False;197;12.50;8.50;True;False;False;False;2;12.8888888889321;2.17393404736593E-21;12.8888888888991;12.8888888889651
134;5.50;4.50;True;False;False;False;6;23.50;3.50;False;True;False;False;15;29.3896296294165;6.59992004756423;23.8666666663194;35.3333333335422
134;5.50;4.50;True;False;False;False;22;0.50;6.50;False;False;True;False;14;129.349206348674;1699.18559762309;73.422222221905;209.688888889056
134;5.50;4.50;True;False;False;False;30;0.50;12.50;False;False;True;False;4;173.755555554067;2992.55901233982;119.511111110595;247.288888887821
134;5.50;4.50;True;False;False;False;150;7.50;5.50;True;False;False;False;1;5.51111111114369;0;5.51111111114369;5.51111111114369
134;5.50;4.50;True;False;False;False;151;8.50;5.50;True;False;False;False;1;6.53333333323826;0;6.53333333323826;6.53333333323826
134;5.50;4.50;True;False;False;False;154;11.50;5.50;True;False;False;False;2;9.66666666662491;4.43358024687527;8.17777777774245;11.1555555555074
134;5.50;4.50;True;False;False;False;155;12.50;5.50;True;False;False;False;1;10.2666666667274;0;10.2666666667274;10.2666666667274
134;5.50;4.50;True;False;False;False;176;5.50;7.50;True;False;False;False;1;13.911111111051;0;13.911111111051;13.911111111051
134;5.50;4.50;True;False;False;False;179;8.50;7.50;True;False;False;False;3;7.74814814806253;0.0322633745015407;7.6444444443332;7.95555555552119
134;5.50;4.50;True;False;False;False;181;10.50;7.50;True;False;False;False;3;8.97777777767775;2.81274420203647E-21;8.97777777764713;8.97777777773899
134;5.50;4.50;True;False;False;False;183;12.50;7.50;True;False;False;False;1;16.0000000000946;0;16.0000000000946;16.0000000000946
134;5.50;4.50;True;False;False;False;187;16.50;7.50;True;False;False;False;5;14.1244444442389;6.44780246894815;12.9777777775889;18.666666666395
134;5.50;4.50;True;False;False;False;196;11.50;8.50;True;False;False;False;1;10.3111111111193;0;10.3111111111193;10.3111111111193
134;5.50;4.50;True;False;False;False;197;12.50;8.50;True;False;False;False;4;12.3333333332467;1.60329218111659;10.977777777618;13.7333333333267
134;5.50;4.50;True;False;False;False;220;7.50;10.50;True;False;False;False;2;8.97777777778492;4.21903471432672E-21;8.97777777773899;8.97777777783085
134;5.50;4.50;True;False;False;False;221;8.50;10.50;True;False;False;False;1;10.4444444443525;0;10.4444444443525;10.4444444443525
134;5.50;4.50;True;False;False;False;223;10.50;10.50;True;False;False;False;1;11.5999999998312;0;11.5999999998312;11.5999999998312
134;5.50;4.50;True;False;False;False;224;11.50;10.50;True;False;False;False;2;11.9555555555274;0.193580246941193;11.6444444443941;12.2666666666607
134;5.50;4.50;True;False;False;False;225;12.50;10.50;True;False;False;False;1;12.3111111111839;0;12.3111111111839;12.3111111111839
134;5.50;4.50;True;False;False;False;239;12.50;11.50;True;False;False;False;1;15.7333333332654;0;15.7333333332654;15.7333333332654
134;5.50;4.50;True;False;False;False;240;13.50;11.50;True;False;False;False;1;15.7777777775482;0;15.7777777775482;15.7777777775482
134;5.50;4.50;True;False;False;False;277;8.50;14.50;True;False;False;False;1;12.3111111111839;0;12.3111111111839;12.3111111111839
135;6.50;4.50;True;False;False;False;22;0.50;6.50;False;False;True;False;1;132.711111111896;0;132.711111111896;132.711111111896
135;6.50;4.50;True;False;False;False;30;0.50;12.50;False;False;True;False;2;105.133333331803;144.878024687142;96.6222222208162;113.644444442791
135;6.50;4.50;True;False;False;False;192;7.50;8.50;True;False;False;False;1;9.5999999998603;0;9.5999999998603;9.5999999998603
135;6.50;4.50;True;False;False;False;195;10.50;8.50;True;False;False;False;1;11.2444444442808;0;11.2444444442808;11.2444444442808
135;6.50;4.50;True;False;False;False;223;10.50;10.50;True;False;False;False;1;10.3111111109611;0;10.3111111109611;10.3111111109611
136;7.50;4.50;True;False;False;False;6;23.50;3.50;False;True;False;False;2;29.8666666664749;75.2355555474084;23.7333333334736;35.9999999994761
136;7.50;4.50;True;False;False;False;22;0.50;6.50;False;False;True;False;6;118.577777777351;1746.91713588022;73.4222222211538;182.977777778859
136;7.50;4.50;True;False;False;False;30;0.50;12.50;False;False;True;False;6;179.69629629571;4699.78818119033;121.555555556274;311.422222224063
136;7.50;4.50;True;False;False;False;105;18.50;1.50;True;False;False;False;1;20.5777777774783;0;20.5777777774783;20.5777777774783
136;7.50;4.50;True;False;False;False;149;6.50;5.50;True;False;False;False;1;5.33333333336486;0;5.33333333336486;5.33333333336486
136;7.50;4.50;True;False;False;False;179;8.50;7.50;True;False;False;False;1;10.6666666667297;0;10.6666666667297;10.6666666667297
136;7.50;4.50;True;False;False;False;182;11.50;7.50;True;False;False;False;1;8.31111111099017;0;8.31111111099017;8.31111111099017
136;7.50;4.50;True;False;False;False;183;12.50;7.50;True;False;False;False;3;10.0740740740638;0.17053497938846;9.73333333339087;10.5333333332878
136;7.50;4.50;True;False;False;False;187;16.50;7.50;True;False;False;False;1;12.2666666664882;0;12.2666666664882;12.2666666664882
136;7.50;4.50;True;False;False;False;193;8.50;8.50;True;False;False;False;1;6.84444444448491;0;6.84444444448491;6.84444444448491
136;7.50;4.50;True;False;False;False;196;11.50;8.50;True;False;False;False;1;14.3999999997905;0;14.3999999997905;14.3999999997905
136;7.50;4.50;True;False;False;False;223;10.50;10.50;True;False;False;False;1;13.9999999997963;0;13.9999999997963;13.9999999997963
136;7.50;4.50;True;False;False;False;239;12.50;11.50;True;False;False;False;1;11.866666666494;0;11.866666666494;11.866666666494
136;7.50;4.50;True;False;False;False;240;13.50;11.50;True;False;False;False;2;13.0666666666116;0.0355555556265527;12.9333333331451;13.200000000078
136;7.50;4.50;True;False;False;False;266;11.50;13.50;True;False;False;False;1;14.444444444382;0;14.444444444382;14.444444444382
137;8.50;4.50;True;False;False;False;22;0.50;6.50;False;False;True;False;9;124.370370369609;1063.64543210854;87.6888888876128;184.48888888998
137;8.50;4.50;True;False;False;False;30;0.50;12.50;False;False;True;False;2;78.2222222210839;1195.06172836028;53.7777777769952;102.666666665173
137;8.50;4.50;True;False;False;False;106;5.50;2.50;True;False;False;False;1;7.59999999988941;0;7.59999999988941;7.59999999988941
137;8.50;4.50;True;False;False;False;112;11.50;2.50;True;False;False;False;1;6.97777777767624;0;6.97777777767624;6.97777777767624
137;8.50;4.50;True;False;False;False;113;12.50;2.50;True;False;False;False;1;7.86666666655219;0;7.86666666655219;7.86666666655219
137;8.50;4.50;True;False;False;False;114;13.50;2.50;True;False;False;False;1;8.93333333320334;0;8.93333333320334;8.93333333320334
137;8.50;4.50;True;False;False;False;181;10.50;7.50;True;False;False;False;5;7.83999999993589;2.56948148129897;6.97777777767624;10.6666666665114
137;8.50;4.50;True;False;False;False;183;12.50;7.50;True;False;False;False;2;8.97777777778515;0.00395061729212215;8.93333333329474;9.02222222227556
137;8.50;4.50;True;False;False;False;195;10.50;8.50;True;False;False;False;1;7.7333333332208;0;7.7333333332208;7.7333333332208
137;8.50;4.50;True;False;False;False;223;10.50;10.50;True;False;False;False;1;11.4666666664998;0;11.4666666664998;11.4666666664998
137;8.50;4.50;True;False;False;False;224;11.50;10.50;True;False;False;False;1;12.2666666664882;0;12.2666666664882;12.2666666664882
137;8.50;4.50;True;False;False;False;226;13.50;10.50;True;False;False;False;1;13.2888888886955;0;13.2888888886955;13.2888888886955
137;8.50;4.50;True;False;False;False;234;7.50;11.50;True;False;False;False;1;12.088888888713;0;12.088888888713;12.088888888713
137;8.50;4.50;True;False;False;False;235;8.50;11.50;True;False;False;False;2;9.82222222220207;9.48543209955893;7.6444444443332;12.0000000000709
137;8.50;4.50;True;False;False;False;260;5.50;13.50;True;False;False;False;1;16.1333333330986;0;16.1333333330986;16.1333333330986
137;8.50;4.50;True;False;False;False;274;5.50;14.50;True;False;False;False;1;12.9333333331451;0;12.9333333331451;12.9333333331451
139;10.50;4.50;True;False;False;False;22;0.50;6.50;False;False;True;False;2;140.088888889305;2.88000000201302;138.888888888885;141.288888889724
139;10.50;4.50;True;False;False;False;30;0.50;12.50;False;False;True;False;2;152.133333333379;435.452839460929;137.37777777859;166.888888888168
139;10.50;4.50;True;False;False;False;93;6.50;1.50;True;False;False;False;1;9.20000000000732;0;9.20000000000732;9.20000000000732
139;10.50;4.50;True;False;False;False;106;5.50;2.50;True;False;False;False;1;9.64444444440278;0;9.64444444440278;9.64444444440278
139;10.50;4.50;True;False;False;False;148;5.50;5.50;True;False;False;False;1;8.13333333333981;0;8.13333333333981;8.13333333333981
139;10.50;4.50;True;False;False;False;155;12.50;5.50;True;False;False;False;1;5.46666666669898;0;5.46666666669898;5.46666666669898
139;10.50;4.50;True;False;False;False;160;17.50;5.50;True;False;False;False;1;8.800000000007;0;8.800000000007;8.800000000007
139;10.50;4.50;True;False;False;False;179;8.50;7.50;True;False;False;False;1;7.60000000000605;0;7.60000000000605;7.60000000000605
139;10.50;4.50;True;False;False;False;181;10.50;7.50;True;False;False;False;1;7.37777777782139;0;7.37777777782139;7.37777777782139
139;10.50;4.50;True;False;False;False;196;11.50;8.50;True;False;False;False;1;7.46666666667261;0;7.46666666667261;7.46666666667261
139;10.50;4.50;True;False;False;False;198;13.50;8.50;True;False;False;False;2;9.68888888887534;3.79654320999975;8.31111111107521;11.0666666666755
139;10.50;4.50;True;False;False;False;260;5.50;13.50;True;False;False;False;1;14.9777777777131;0;14.9777777777131;14.9777777777131
140;11.50;4.50;True;False;False;False;22;0.50;6.50;False;False;True;False;6;115.674074074083;1010.30531686574;79.5999999988417;168.355555554828
140;11.50;4.50;True;False;False;False;97;10.50;1.50;True;False;False;False;1;6.79999999999671;0;6.79999999999671;6.79999999999671
140;11.50;4.50;True;False;False;False;106;5.50;2.50;True;False;False;False;2;9.19999999993843;0.0987654321601619;8.97777777764713;9.42222222222972
140;11.50;4.50;True;False;False;False;109;8.50;2.50;True;False;False;False;2;7.60000000002549;7.55862134114471E-22;7.60000000000605;7.60000000004493
140;11.50;4.50;True;False;False;False;113;12.50;2.50;True;False;False;False;2;5.48888888890724;0.00098765431974625;5.46666666669898;5.5111111111155
140;11.50;4.50;True;False;False;False;117;16.50;2.50;True;False;False;False;1;8.93333333320334;0;8.93333333320334;8.93333333320334
140;11.50;4.50;True;False;False;False;134;5.50;4.50;True;False;False;False;1;9.20000000005439;0;9.20000000005439;9.20000000005439
140;11.50;4.50;True;False;False;False;137;8.50;4.50;True;False;False;False;1;3.51111111106002;0;3.51111111106002;3.51111111106002
140;11.50;4.50;True;False;False;False;139;10.50;4.50;True;False;False;False;1;2.66666666666862;0;2.66666666666862;2.66666666666862
140;11.50;4.50;True;False;False;False;141;12.50;4.50;True;False;False;False;1;2.93333333333567;0;2.93333333333567;2.93333333333567
140;11.50;4.50;True;False;False;False;142;13.50;4.50;True;False;False;False;1;32.2222222222479;0;32.2222222222479;32.2222222222479
140;11.50;4.50;True;False;False;False;150;7.50;5.50;True;False;False;False;1;6.84444444444114;0;6.84444444444114;6.84444444444114
140;11.50;4.50;True;False;False;False;179;8.50;7.50;True;False;False;False;1;8.88888888889596;0;8.88888888889596;8.88888888889596
140;11.50;4.50;True;False;False;False;181;10.50;7.50;True;False;False;False;2;7.0888888889134;0.166913580268987;6.80000000000541;7.37777777782139
140;11.50;4.50;True;False;False;False;182;11.50;7.50;True;False;False;False;1;9.46666666672263;0;9.46666666672263;9.46666666672263
140;11.50;4.50;True;False;False;False;190;5.50;8.50;True;False;False;False;1;10.933333333342;0;10.933333333342;10.933333333342
140;11.50;4.50;True;False;False;False;198;13.50;8.50;True;False;False;False;1;8.84444444445148;0;8.84444444445148;8.84444444445148
140;11.50;4.50;True;False;False;False;218;5.50;10.50;True;False;False;False;1;15.7777777777903;0;15.7777777777903;15.7777777777903
140;11.50;4.50;True;False;False;False;221;8.50;10.50;True;False;False;False;1;10.8888888889533;0;10.8888888889533;10.8888888889533
140;11.50;4.50;True;False;False;False;225;12.50;10.50;True;False;False;False;1;9.42222222222972;0;9.42222222222972;9.42222222222972
140;11.50;4.50;True;False;False;False;232;5.50;11.50;True;False;False;False;1;14.933333333116;0;14.933333333116;14.933333333116
140;11.50;4.50;True;False;False;False;240;13.50;11.50;True;False;False;False;1;10.2666666666223;0;10.2666666666223;10.2666666666223
140;11.50;4.50;True;False;False;False;242;15.50;11.50;True;False;False;False;1;12.2222222222319;0;12.2222222222319;12.2222222222319
140;11.50;4.50;True;False;False;False;262;7.50;13.50;True;False;False;False;1;12.9333333333436;0;12.9333333333436;12.9333333333436
140;11.50;4.50;True;False;False;False;274;5.50;14.50;True;False;False;False;1;14.9333333333261;0;14.9333333333261;14.9333333333261
140;11.50;4.50;True;False;False;False;279;10.50;14.50;True;False;False;False;1;11.4666666666758;0;11.4666666666758;11.4666666666758
141;12.50;4.50;True;False;False;False;22;0.50;6.50;False;False;True;False;4;124.40000000055;1356.40362140511;92.3111111116568;165.955555556537
141;12.50;4.50;True;False;False;False;109;8.50;2.50;True;False;False;False;1;8.97777777783085;0;8.97777777783085;8.97777777783085
141;12.50;4.50;True;False;False;False;112;11.50;2.50;True;False;False;False;1;6.04444444448018;0;6.04444444448018;6.04444444448018
141;12.50;4.50;True;False;False;False;117;16.50;2.50;True;False;False;False;1;7.64444444448964;0;7.64444444448964;7.64444444448964
141;12.50;4.50;True;False;False;False;140;11.50;4.50;True;False;False;False;1;2.66666666666879;0;2.66666666666879;2.66666666666879
141;12.50;4.50;True;False;False;False;154;11.50;5.50;True;False;False;False;1;5.33333333336486;0;5.33333333336486;5.33333333336486
141;12.50;4.50;True;False;False;False;176;5.50;7.50;True;False;False;False;1;11.7333333331626;0;11.7333333331626;11.7333333331626
141;12.50;4.50;True;False;False;False;183;12.50;7.50;True;False;False;False;1;8.53333333320916;0;8.53333333320916;8.53333333320916
141;12.50;4.50;True;False;False;False;187;16.50;7.50;True;False;False;False;1;9.51111111116734;0;9.51111111116734;9.51111111116734
141;12.50;4.50;True;False;False;False;189;18.50;7.50;True;False;False;False;1;10.2666666667274;0;10.2666666667274;10.2666666667274
141;12.50;4.50;True;False;False;False;190;5.50;8.50;True;False;False;False;1;12.088888888713;0;12.088888888713;12.088888888713
141;12.50;4.50;True;False;False;False;221;8.50;10.50;True;False;False;False;1;11.5555555556239;0;11.5555555556239;11.5555555556239
142;13.50;4.50;True;False;False;False;6;23.50;3.50;False;True;False;False;1;32.977777777804;0;32.977777777804;32.977777777804
142;13.50;4.50;True;False;False;False;22;0.50;6.50;False;False;True;False;6;120.140740740701;2399.22047743556;70.6666666667229;173.377777778803
142;13.50;4.50;True;False;False;False;30;0.50;12.50;False;False;True;False;2;146.577777777602;3990.2222224557;101.911111109628;191.244444445575
142;13.50;4.50;True;False;False;False;117;16.50;2.50;True;False;False;False;1;7.688888888777;0;7.688888888777;7.688888888777
142;13.50;4.50;True;False;False;False;140;11.50;4.50;True;False;False;False;1;4.08888888882939;0;4.08888888882939;4.08888888882939
142;13.50;4.50;True;False;False;False;144;15.50;4.50;True;False;False;False;1;3.42222222224245;0;3.42222222224245;3.42222222224245
142;13.50;4.50;True;False;False;False;155;12.50;5.50;True;False;False;False;1;12.2222222222945;0;12.2222222222945;12.2222222222945
142;13.50;4.50;True;False;False;False;179;8.50;7.50;True;False;False;False;2;11.6000000000092;8.00000000001273;9.60000000000764;13.6000000000108
142;13.50;4.50;True;False;False;False;181;10.50;7.50;True;False;False;False;1;7.64444444445053;0;7.64444444445053;7.64444444445053
142;13.50;4.50;True;False;False;False;182;11.50;7.50;True;False;False;False;1;6.97777777767624;0;6.97777777767624;6.97777777767624
142;13.50;4.50;True;False;False;False;183;12.50;7.50;True;False;False;False;2;8.20000000004848;8.54222222232322;6.13333333336959;10.2666666667274
142;13.50;4.50;True;False;False;False;225;12.50;10.50;True;False;False;False;1;12.2666666667392;0;12.2666666667392;12.2666666667392
142;13.50;4.50;True;False;False;False;232;5.50;11.50;True;False;False;False;1;14.8888888886722;0;14.8888888886722;14.8888888886722
142;13.50;4.50;True;False;False;False;235;8.50;11.50;True;False;False;False;1;14.9777777775598;0;14.9777777775598;14.9777777775598
142;13.50;4.50;True;False;False;False;240;13.50;11.50;True;False;False;False;1;6.17777777768788;0;6.17777777768788;6.17777777768788
144;15.50;4.50;True;False;False;False;22;0.50;6.50;False;False;True;False;2;148.955555556436;6427.26024698957;92.2666666672121;205.64444444566
144;15.50;4.50;True;False;False;False;30;0.50;12.50;False;False;True;False;1;128.31111111187;0;128.31111111187;128.31111111187
144;15.50;4.50;True;False;False;False;155;12.50;5.50;True;False;False;False;1;6.13333333336959;0;6.13333333336959;6.13333333336959
144;15.50;4.50;True;False;False;False;179;8.50;7.50;True;False;False;False;1;11.5555555556239;0;11.5555555556239;11.5555555556239
144;15.50;4.50;True;False;False;False;184;13.50;7.50;True;False;False;False;1;6.97777777781903;0;6.97777777781903;6.97777777781903
145;16.50;4.50;True;False;False;False;6;23.50;3.50;False;True;False;False;1;34.2222222217242;0;34.2222222217242;34.2222222217242
145;16.50;4.50;True;False;False;False;22;0.50;6.50;False;False;True;False;6;144.607407407191;1729.81465024542;93.0666666653124;194.222222222377
145;16.50;4.50;True;False;False;False;30;0.50;12.50;False;False;True;False;1;219.200000001296;0;219.200000001296;219.200000001296
145;16.50;4.50;True;False;False;False;151;8.50;5.50;True;False;False;False;1;17.3777777777694;0;17.3777777777694;17.3777777777694
145;16.50;4.50;True;False;False;False;154;11.50;5.50;True;False;False;False;1;7.77777777782376;0;7.77777777782376;7.77777777782376
145;16.50;4.50;True;False;False;False;182;11.50;7.50;True;False;False;False;1;9.06666666653473;0;9.06666666653473;9.06666666653473
145;16.50;4.50;True;False;False;False;193;8.50;8.50;True;False;False;False;1;21.5999999996857;0;21.5999999996857;21.5999999996857
145;16.50;4.50;True;False;False;False;197;12.50;8.50;True;False;False;False;2;9.20000000000732;0.0039506172839569;9.15555555556284;9.2444444444518
145;16.50;4.50;True;False;False;False;235;8.50;11.50;True;False;False;False;1;13.6444444445251;0;13.6444444445251;13.6444444445251
145;16.50;4.50;True;False;False;False;240;13.50;11.50;True;False;False;False;1;10.9333333332861;0;10.9333333332861;10.9333333332861
145;16.50;4.50;True;False;False;False;263;8.50;13.50;True;False;False;False;1;17.2444444443699;0;17.2444444443699;17.2444444443699
147;18.50;4.50;True;False;False;False;6;23.50;3.50;False;True;False;False;1;8.1333333332982;0;8.1333333332982;8.1333333332982
147;18.50;4.50;True;False;False;False;30;0.50;12.50;False;False;True;False;1;147.911111111986;0;147.911111111986;147.911111111986
147;18.50;4.50;True;False;False;False;181;10.50;7.50;True;False;False;False;1;13.5999999999412;0;13.5999999999412;13.5999999999412
147;18.50;4.50;True;False;False;False;195;10.50;8.50;True;False;False;False;1;13.6888888889698;0;13.6888888889698;13.6888888889698
148;5.50;5.50;True;False;False;False;6;23.50;3.50;False;True;False;False;15;25.3866666665269;10.611978835682;21.2444444444404;32.044444444306
148;5.50;5.50;True;False;False;False;22;0.50;6.50;False;False;True;False;9;132.7407407395;2024.26765432613;61.0222222213342;190.355555552786
148;5.50;5.50;True;False;False;False;30;0.50;12.50;False;False;True;False;3;208.888888889055;2074.95111111441;156.35555555568;237.422222222411
148;5.50;5.50;True;False;False;False;137;8.50;4.50;True;False;False;False;2;6.44444444435067;0.0158024691353426;6.35555555546307;6.53333333323826
148;5.50;5.50;True;False;False;False;139;10.50;4.50;True;False;False;False;1;12.1333333332809;0;12.1333333332809;12.1333333332809
148;5.50;5.50;True;False;False;False;140;11.50;4.50;True;False;False;False;2;8.13333333333981;0;8.13333333333981;8.13333333333981
148;5.50;5.50;True;False;False;False;154;11.50;5.50;True;False;False;False;4;7.37777777770179;6.19456790095016;6.13333333324408;11.1111111109494
148;5.50;5.50;True;False;False;False;155;12.50;5.50;True;False;False;False;1;12.4444444442634;0;12.4444444442634;12.4444444442634
148;5.50;5.50;True;False;False;False;177;6.50;7.50;True;False;False;False;1;6.13333333324408;0;6.13333333324408;6.13333333324408
148;5.50;5.50;True;False;False;False;181;10.50;7.50;True;False;False;False;2;8.93333333329474;1.67094619638774E-20;8.93333333320334;8.93333333338614
148;5.50;5.50;True;False;False;False;182;11.50;7.50;True;False;False;False;2;12.1333333332659;4.30222222145673;10.6666666667297;13.5999999998021
148;5.50;5.50;True;False;False;False;183;12.50;7.50;True;False;False;False;1;10.8888888888418;0;10.8888888888418;10.8888888888418
148;5.50;5.50;True;False;False;False;195;10.50;8.50;True;False;False;False;1;9.59999999995853;0;9.59999999995853;9.59999999995853
148;5.50;5.50;True;False;False;False;196;11.50;8.50;True;False;False;False;4;10.1111111110822;0.0967901235029949;9.6444444443041;10.2666666666748
148;5.50;5.50;True;False;False;False;197;12.50;8.50;True;False;False;False;1;12.3555555553758;0;12.3555555553758;12.3555555553758
148;5.50;5.50;True;False;False;False;220;7.50;10.50;True;False;False;False;1;9.73333333329128;0;9.73333333329128;9.73333333329128
148;5.50;5.50;True;False;False;False;223;10.50;10.50;True;False;False;False;1;10.9333333331742;0;10.9333333331742;10.9333333331742
148;5.50;5.50;True;False;False;False;224;11.50;10.50;True;False;False;False;1;12.2222222222319;0;12.2222222222319;12.2222222222319
148;5.50;5.50;True;False;False;False;239;12.50;11.50;True;False;False;False;1;13.5555555556357;0;13.5555555556357;13.5555555556357
148;5.50;5.50;True;False;False;False;240;13.50;11.50;True;False;False;False;1;16.8888888886431;0;16.8888888886431;16.8888888886431
149;6.50;5.50;True;False;False;False;6;23.50;3.50;False;True;False;False;9;24.2172839504887;18.7054046641821;20.2666666667865;33.4666666668645
149;6.50;5.50;True;False;False;False;22;0.50;6.50;False;False;True;False;6;86.9851851851061;620.744230447412;50.6222222220035;128.755555554999
149;6.50;5.50;True;False;False;False;30;0.50;12.50;False;False;True;False;1;87.0222222218463;0;87.0222222218463;87.0222222218463
149;6.50;5.50;True;False;False;False;134;5.50;4.50;True;False;False;False;1;4.71111111104256;0;4.71111111104256;4.71111111104256
149;6.50;5.50;True;False;False;False;154;11.50;5.50;True;False;False;False;1;15.2444444445346;0;15.2444444445346;15.2444444445346
149;6.50;5.50;True;False;False;False;179;8.50;7.50;True;False;False;False;1;6.93333333330338;0;6.93333333330338;6.93333333330338
149;6.50;5.50;True;False;False;False;181;10.50;7.50;True;False;False;False;3;10.2666666665758;7.07753086369509;8.57777777782849;13.3333333331393
149;6.50;5.50;True;False;False;False;182;11.50;7.50;True;False;False;False;3;11.2592592592479;0.0796707818558548;10.933333333398;11.4222222222897
149;6.50;5.50;True;False;False;False;183;12.50;7.50;True;False;False;False;1;9.59999999995853;0;9.59999999995853;9.59999999995853
149;6.50;5.50;True;False;False;False;196;11.50;8.50;True;False;False;False;2;9.60000000005675;0;9.60000000005675;9.60000000005675
149;6.50;5.50;True;False;False;False;224;11.50;10.50;True;False;False;False;2;11.6444444443348;0.00395061729446662;11.5999999998312;11.6888888888384
149;6.50;5.50;True;False;False;False;225;12.50;10.50;True;False;False;False;1;12.9333333333354;0;12.9333333333354;12.9333333333354
149;6.50;5.50;True;False;False;False;240;13.50;11.50;True;False;False;False;2;14.7999999999361;1.58024691356659;13.911111111051;15.6888888888211
150;7.50;5.50;True;False;False;False;6;23.50;3.50;False;True;False;False;9;21.4765432098676;10.0398902606575;18.9777777776958;28.177777777656
150;7.50;5.50;True;False;False;False;30;0.50;12.50;False;False;True;False;3;155.674074074277;878.068806627733;134.355555555662;189.511111112231
150;7.50;5.50;True;False;False;False;139;10.50;4.50;True;False;False;False;1;6.13333333333821;0;6.13333333333821;6.13333333333821
150;7.50;5.50;True;False;False;False;140;11.50;4.50;True;False;False;False;1;6.84444444444114;0;6.84444444444114;6.84444444444114
150;7.50;5.50;True;False;False;False;153;10.50;5.50;True;False;False;False;1;4.13333333331548;0;4.13333333331548;4.13333333331548
150;7.50;5.50;True;False;False;False;155;12.50;5.50;True;False;False;False;1;11.4222222222897;0;11.4222222222897;11.4222222222897
150;7.50;5.50;True;False;False;False;156;13.50;5.50;True;False;False;False;1;6.84444444444989;0;6.84444444444989;6.84444444444989
150;7.50;5.50;True;False;False;False;181;10.50;7.50;True;False;False;False;1;7.59999999996717;0;7.59999999996717;7.59999999996717
150;7.50;5.50;True;False;False;False;183;12.50;7.50;True;False;False;False;1;11.9111111111815;0;11.9111111111815;11.9111111111815
150;7.50;5.50;True;False;False;False;196;11.50;8.50;True;False;False;False;1;9.0222222222294;0;9.0222222222294;9.0222222222294
150;7.50;5.50;True;False;False;False;198;13.50;8.50;True;False;False;False;1;10.8888888889533;0;10.8888888889533;10.8888888889533
150;7.50;5.50;True;False;False;False;225;12.50;10.50;True;False;False;False;1;11.5555555555056;0;11.5555555555056;11.5555555555056
150;7.50;5.50;True;False;False;False;233;6.50;11.50;True;False;False;False;1;8.79999999996198;0;8.79999999996198;8.79999999996198
150;7.50;5.50;True;False;False;False;239;12.50;11.50;True;False;False;False;2;13.022222222166;1.27999999998894;12.2222222221694;13.8222222221625
151;8.50;5.50;True;False;False;False;6;23.50;3.50;False;True;False;False;11;22.3434343433137;17.7039371491278;18.9333333333484;32.177777777968
151;8.50;5.50;True;False;False;False;22;0.50;6.50;False;False;True;False;3;127.925925925148;1614.44016466291;82.5333333321323;158.933333334273
151;8.50;5.50;True;False;False;False;30;0.50;12.50;False;False;True;False;2;179.422222220485;147.156543175605;170.844444443706;187.999999997264
151;8.50;5.50;True;False;False;False;107;6.50;2.50;True;False;False;False;1;6.97777777767624;0;6.97777777767624;6.97777777767624
151;8.50;5.50;True;False;False;False;134;5.50;4.50;True;False;False;False;1;6.13333333333429;0;6.13333333333429;6.13333333333429
151;8.50;5.50;True;False;False;False;137;8.50;4.50;True;False;False;False;1;2.04444444441469;0;2.04444444441469;2.04444444441469
151;8.50;5.50;True;False;False;False;140;11.50;4.50;True;False;False;False;1;6.75555555556093;0;6.75555555556093;6.75555555556093
151;8.50;5.50;True;False;False;False;150;7.50;5.50;True;False;False;False;1;2.00000000000159;0;2.00000000000159;2.00000000000159
151;8.50;5.50;True;False;False;False;154;11.50;5.50;True;False;False;False;2;4.91111111103965;0.0483950617269866;4.75555555548635;5.06666666659294
151;8.50;5.50;True;False;False;False;176;5.50;7.50;True;False;False;False;3;8.91851851845422;11.2994238687464;6.97777777767624;12.8000000000102
151;8.50;5.50;True;False;False;False;181;10.50;7.50;True;False;False;False;3;7.37777777772211;0.132345679039761;6.97777777767624;7.68888888885567
151;8.50;5.50;True;False;False;False;182;11.50;7.50;True;False;False;False;1;8.22222222227083;0;8.22222222227083;8.22222222227083
151;8.50;5.50;True;False;False;False;183;12.50;7.50;True;False;False;False;2;9.62222222222294;3.67506172813399;8.26666666671554;10.9777777777304
151;8.50;5.50;True;False;False;False;186;15.50;7.50;True;False;False;False;1;10.4888888887363;0;10.4888888887363;10.4888888887363
151;8.50;5.50;True;False;False;False;191;6.50;8.50;True;False;False;False;1;8.22222222210257;0;8.22222222210257;8.22222222210257
151;8.50;5.50;True;False;False;False;192;7.50;8.50;True;False;False;False;1;8.84444444445148;0;8.84444444445148;8.84444444445148
151;8.50;5.50;True;False;False;False;193;8.50;8.50;True;False;False;False;1;6.8000000000402;0;6.8000000000402;6.8000000000402
151;8.50;5.50;True;False;False;False;197;12.50;8.50;True;False;False;False;2;11.1777777776151;5.26320987639003;9.5555555554165;12.7999999998137
151;8.50;5.50;True;False;False;False;218;5.50;10.50;True;False;False;False;1;11.1111111109494;0;11.1111111109494;11.1111111109494
151;8.50;5.50;True;False;False;False;223;10.50;10.50;True;False;False;False;1;9.86666666652309;0;9.86666666652309;9.86666666652309
151;8.50;5.50;True;False;False;False;224;11.50;10.50;True;False;False;False;1;9.6000000000015;0;9.6000000000015;9.6000000000015
151;8.50;5.50;True;False;False;False;225;12.50;10.50;True;False;False;False;1;16.5777777778758;0;16.5777777778758;16.5777777778758
151;8.50;5.50;True;False;False;False;245;18.50;11.50;True;False;False;False;1;15.3777777777802;0;15.3777777777802;15.3777777777802
153;10.50;5.50;True;False;False;False;22;0.50;6.50;False;False;True;False;1;77.4222222222838;0;77.4222222222838;77.4222222222838
153;10.50;5.50;True;False;False;False;30;0.50;12.50;False;False;True;False;3;86.8592592591076;998.965596743566;50.6666666659294;109.022222222849
153;10.50;5.50;True;False;False;False;92;5.50;1.50;True;False;False;False;1;10.8888888889533;0;10.8888888889533;10.8888888889533
153;10.50;5.50;True;False;False;False;106;5.50;2.50;True;False;False;False;1;9.64444444440278;0;9.64444444440278;9.64444444440278
153;10.50;5.50;True;False;False;False;140;11.50;4.50;True;False;False;False;1;4.66666666667038;0;4.66666666667038;4.66666666667038
153;10.50;5.50;True;False;False;False;149;6.50;5.50;True;False;False;False;1;5.4222222221988;0;5.4222222221988;5.4222222221988
153;10.50;5.50;True;False;False;False;151;8.50;5.50;True;False;False;False;1;3.46666666668716;0;3.46666666668716;3.46666666668716
153;10.50;5.50;True;False;False;False;154;11.50;5.50;True;False;False;False;2;2.7111111110994;0.00395061728391648;2.66666666665515;2.75555555554365
153;10.50;5.50;True;False;False;False;179;8.50;7.50;True;False;False;False;3;6.93333333327973;1.67752228225754E-21;6.93333333323244;6.93333333330338
153;10.50;5.50;True;False;False;False;181;10.50;7.50;True;False;False;False;1;3.46666666668716;0;3.46666666668716;3.46666666668716
153;10.50;5.50;True;False;False;False;202;17.50;8.50;True;False;False;False;1;19.4222222221383;0;19.4222222221383;19.4222222221383
153;10.50;5.50;True;False;False;False;231;18.50;10.50;True;False;False;False;1;18.7555555555705;0;18.7555555555705;18.7555555555705
153;10.50;5.50;True;False;False;False;239;12.50;11.50;True;False;False;False;1;10.2222222220735;0;10.2222222220735;10.2222222220735
154;11.50;5.50;True;False;False;False;6;23.50;3.50;False;True;False;False;4;21.2222222221428;8.55769547374746;16.9333333330869;23.1111111107748
154;11.50;5.50;True;False;False;False;22;0.50;6.50;False;False;True;False;3;89.7777777767072;458.721975280699;69.1555555552568;111.911111109483
154;11.50;5.50;True;False;False;False;92;5.50;1.50;True;False;False;False;1;10.9333333332861;0;10.9333333332861;10.9333333332861
154;11.50;5.50;True;False;False;False;106;5.50;2.50;True;False;False;False;2;10.0666666666189;0.356543209699507;9.64444444450146;10.4888888887363
154;11.50;5.50;True;False;False;False;109;8.50;2.50;True;False;False;False;1;8.48888888885222;0;8.48888888885222;8.48888888885222
154;11.50;5.50;True;False;False;False;135;6.50;4.50;True;False;False;False;1;7.51111111100181;0;7.51111111100181;7.51111111100181
154;11.50;5.50;True;False;False;False;136;7.50;4.50;True;False;False;False;3;7.36296296290887;0.225843621458627;6.84444444434484;7.77777777782376
154;11.50;5.50;True;False;False;False;137;8.50;4.50;True;False;False;False;1;6.79999999990105;0;6.79999999990105;6.79999999990105
154;11.50;5.50;True;False;False;False;140;11.50;4.50;True;False;False;False;1;2.53333333329647;0;2.53333333329647;2.53333333329647
154;11.50;5.50;True;False;False;False;145;16.50;4.50;True;False;False;False;2;7.51111111104024;2.95313818439088E-21;7.51111111100181;7.51111111107866
154;11.50;5.50;True;False;False;False;148;5.50;5.50;True;False;False;False;4;9.74444444438666;40.9512757199619;6.13333333324408;19.3333333332498
154;11.50;5.50;True;False;False;False;149;6.50;5.50;True;False;False;False;1;5.46666666669898;0;5.46666666669898;5.46666666669898
154;11.50;5.50;True;False;False;False;150;7.50;5.50;True;False;False;False;3;5.08148148147378;0.613004115182412;4.17777777780248;5.55555555553156
154;11.50;5.50;True;False;False;False;153;10.50;5.50;True;False;False;False;1;3.28888888887468;0;3.28888888887468;3.28888888887468
154;11.50;5.50;True;False;False;False;155;12.50;5.50;True;False;False;False;1;2.97777777779538;0;2.97777777779538;2.97777777779538
154;11.50;5.50;True;False;False;False;156;13.50;5.50;True;False;False;False;1;3.46666666665169;0;3.46666666665169;3.46666666665169
154;11.50;5.50;True;False;False;False;176;5.50;7.50;True;False;False;False;1;10.2222222220735;0;10.2222222220735;10.2222222220735
154;11.50;5.50;True;False;False;False;178;7.50;7.50;True;False;False;False;1;10.7111111109552;0;10.7111111109552;10.7111111109552
154;11.50;5.50;True;False;False;False;179;8.50;7.50;True;False;False;False;2;7.28888888881852;0.193580246863523;6.97777777774763;7.59999999988941
154;11.50;5.50;True;False;False;False;181;10.50;7.50;True;False;False;False;1;6.13333333324408;0;6.13333333324408;6.13333333324408
154;11.50;5.50;True;False;False;False;184;13.50;7.50;True;False;False;False;1;8.93333333338614;0;8.93333333338614;8.93333333338614
154;11.50;5.50;True;False;False;False;190;5.50;8.50;True;False;False;False;3;10.4740740740617;0.129053497851481;10.2666666667274;10.8888888887304
154;11.50;5.50;True;False;False;False;195;10.50;8.50;True;False;False;False;1;6.79999999990105;0;6.79999999990105;6.79999999990105
154;11.50;5.50;True;False;False;False;196;11.50;8.50;True;False;False;False;4;5.79999999996426;6.35456790091411;4.13333333327319;9.5555555554165
154;11.50;5.50;True;False;False;False;197;12.50;8.50;True;False;False;False;1;7.7333333332208;0;7.7333333332208;7.7333333332208
154;11.50;5.50;True;False;False;False;198;13.50;8.50;True;False;False;False;2;7.79999999992378;0.522469135711027;7.2888888888574;8.31111111099017
154;11.50;5.50;True;False;False;False;220;7.50;10.50;True;False;False;False;1;11.2444444443959;0;11.2444444443959;11.2444444443959
154;11.50;5.50;True;False;False;False;221;8.50;10.50;True;False;False;False;1;15.2888888886664;0;15.2888888886664;15.2888888886664
154;11.50;5.50;True;False;False;False;226;13.50;10.50;True;False;False;False;1;8.48888888876536;0;8.48888888876536;8.48888888876536
154;11.50;5.50;True;False;False;False;232;5.50;11.50;True;False;False;False;1;16.9777777775307;0;16.9777777775307;16.9777777775307
154;11.50;5.50;True;False;False;False;233;6.50;11.50;True;False;False;False;1;12.2222222220444;0;12.2222222220444;12.2222222220444
154;11.50;5.50;True;False;False;False;234;7.50;11.50;True;False;False;False;1;10.9333333332861;0;10.9333333332861;10.9333333332861
154;11.50;5.50;True;False;False;False;235;8.50;11.50;True;False;False;False;1;10.2666666667274;0;10.2666666667274;10.2666666667274
154;11.50;5.50;True;False;False;False;237;10.50;11.50;True;False;False;False;1;8.79999999987194;0;8.79999999987194;8.79999999987194
154;11.50;5.50;True;False;False;False;242;15.50;11.50;True;False;False;False;1;11.0222222220618;0;11.0222222220618;11.0222222220618
154;11.50;5.50;True;False;False;False;260;5.50;13.50;True;False;False;False;2;14.2222222221608;4.2351647362715E-20;14.2222222220153;14.2222222223063
154;11.50;5.50;True;False;False;False;263;8.50;13.50;True;False;False;False;1;11.5999999999499;0;11.5999999999499;11.5999999999499
154;11.50;5.50;True;False;False;False;279;10.50;14.50;True;False;False;False;1;13.6444444442459;0;13.6444444442459;13.6444444442459
154;11.50;5.50;True;False;False;False;284;15.50;14.50;True;False;False;False;1;12.9333333332775;0;12.9333333332775;12.9333333332775
155;12.50;5.50;True;False;False;False;6;23.50;3.50;False;True;False;False;3;17.3629629630656;3.60559670786156;16.2666666667628;19.5555555556712
155;12.50;5.50;True;False;False;False;22;0.50;6.50;False;False;True;False;1;55.0666666669922;0;55.0666666669922;55.0666666669922
155;12.50;5.50;True;False;False;False;30;0.50;12.50;False;False;True;False;1;230.444444445807;0;230.444444445807;230.444444445807
155;12.50;5.50;True;False;False;False;106;5.50;2.50;True;False;False;False;1;12.2666666664882;0;12.2666666664882;12.2666666664882
155;12.50;5.50;True;False;False;False;108;7.50;2.50;True;False;False;False;2;10.7777777777396;1.3520987657831;9.95555555541068;11.6000000000686
155;12.50;5.50;True;False;False;False;113;12.50;2.50;True;False;False;False;1;10.0888888889485;0;10.0888888889485;10.0888888889485
155;12.50;5.50;True;False;False;False;116;15.50;2.50;True;False;False;False;1;8.57777777765295;0;8.57777777765295;8.57777777765295
155;12.50;5.50;True;False;False;False;117;16.50;2.50;True;False;False;False;1;8.31111111116024;0;8.31111111116024;8.31111111116024
155;12.50;5.50;True;False;False;False;118;17.50;2.50;True;False;False;False;1;9.42222222227792;0;9.42222222227792;9.42222222227792
155;12.50;5.50;True;False;False;False;136;7.50;4.50;True;False;False;False;2;9.53333333338969;8.54222222232322;7.46666666671081;11.6000000000686
155;12.50;5.50;True;False;False;False;137;8.50;4.50;True;False;False;False;1;7.37777777767042;0;7.37777777767042;7.37777777767042
155;12.50;5.50;True;False;False;False;140;11.50;4.50;True;False;False;False;1;5.33333333336486;0;5.33333333336486;5.33333333336486
155;12.50;5.50;True;False;False;False;141;12.50;4.50;True;False;False;False;2;2.1555555555683;0.0483950617289673;2.00000000001182;2.31111111112477
155;12.50;5.50;True;False;False;False;145;16.50;4.50;True;False;False;False;1;11.5555555556239;0;11.5555555556239;11.5555555556239
155;12.50;5.50;True;False;False;False;148;5.50;5.50;True;False;False;False;2;7.11111111108357;0.193580247002453;6.79999999990105;7.4222222222661
155;12.50;5.50;True;False;False;False;149;6.50;5.50;True;False;False;False;1;10.8000000000638;0;10.8000000000638;10.8000000000638
155;12.50;5.50;True;False;False;False;158;15.50;5.50;True;False;False;False;1;3.51111111113187;0;3.51111111113187;3.51111111113187
155;12.50;5.50;True;False;False;False;176;5.50;7.50;True;False;False;False;2;9.95555555550936;0.193580246785144;9.64444444450146;10.2666666665173
155;12.50;5.50;True;False;False;False;177;6.50;7.50;True;False;False;False;1;12.2666666667392;0;12.2666666667392;12.2666666667392
155;12.50;5.50;True;False;False;False;179;8.50;7.50;True;False;False;False;1;11.377777777845;0;11.377777777845;11.377777777845
155;12.50;5.50;True;False;False;False;184;13.50;7.50;True;False;False;False;1;5.6888888888061;0;5.6888888888061;5.6888888888061
155;12.50;5.50;True;False;False;False;189;18.50;7.50;True;False;False;False;2;11.6000000000686;3.79654320992143;10.2222222222827;12.9777777778545
155;12.50;5.50;True;False;False;False;190;5.50;8.50;True;False;False;False;3;11.7777777777728;0.95012345699029;10.9333333331742;12.8444444445204
155;12.50;5.50;True;False;False;False;192;7.50;8.50;True;False;False;False;1;9.95555555561441;0;9.95555555561441;9.95555555561441
155;12.50;5.50;True;False;False;False;198;13.50;8.50;True;False;False;False;1;6.8000000000402;0;6.8000000000402;6.8000000000402
155;12.50;5.50;True;False;False;False;218;5.50;10.50;True;False;False;False;1;12.2666666667392;0;12.2666666667392;12.2666666667392
155;12.50;5.50;True;False;False;False;220;7.50;10.50;True;False;False;False;3;13.0222222222183;1.00148148177393;11.866666666494;13.6000000000804
155;12.50;5.50;True;False;False;False;221;8.50;10.50;True;False;False;False;1;16.9333333334334;0;16.9333333334334;16.9333333334334
155;12.50;5.50;True;False;False;False;226;13.50;10.50;True;False;False;False;1;12.444444444518;0;12.444444444518;12.444444444518
155;12.50;5.50;True;False;False;False;232;5.50;11.50;True;False;False;False;2;16.5555555556534;1.50222222223998;15.6888888889816;17.4222222223252
155;12.50;5.50;True;False;False;False;233;6.50;11.50;True;False;False;False;2;13.9111111111933;2.08987654323459;12.8888888889651;14.9333333334216
155;12.50;5.50;True;False;False;False;234;7.50;11.50;True;False;False;False;2;13.4444444445239;1.35209876544809;12.6222222222968;14.266666666751
155;12.50;5.50;True;False;False;False;235;8.50;11.50;True;False;False;False;1;19.8666666667841;0;19.8666666667841;19.8666666667841
155;12.50;5.50;True;False;False;False;237;10.50;11.50;True;False;False;False;1;13.0666666667439;0;13.0666666667439;13.0666666667439
155;12.50;5.50;True;False;False;False;240;13.50;11.50;True;False;False;False;1;9.42222222227792;0;9.42222222227792;9.42222222227792
155;12.50;5.50;True;False;False;False;260;5.50;13.50;True;False;False;False;1;17.7333333334382;0;17.7333333334382;17.7333333334382
155;12.50;5.50;True;False;False;False;265;10.50;13.50;True;False;False;False;2;14.4000000000851;0.0355555555559759;14.266666666751;14.5333333334193
155;12.50;5.50;True;False;False;False;266;11.50;13.50;True;False;False;False;2;11.5333333334015;8.54222222232322;9.46666666672263;13.6000000000804
155;12.50;5.50;True;False;False;False;279;10.50;14.50;True;False;False;False;1;12.4000000000733;0;12.4000000000733;12.4000000000733
155;12.50;5.50;True;False;False;False;281;12.50;14.50;True;False;False;False;1;14.7555555556428;0;14.7555555556428;14.7555555556428
156;13.50;5.50;True;False;False;False;22;0.50;6.50;False;False;True;False;3;132.681481481397;1601.11670783366;107.911111111197;178.844444444587
156;13.50;5.50;True;False;False;False;30;0.50;12.50;False;False;True;False;4;129.622222241125;8636.21069392499;12.7555556292136;226.044444445781
156;13.50;5.50;True;False;False;False;112;11.50;2.50;True;False;False;False;1;7.60000000000605;0;7.60000000000605;7.60000000000605
156;13.50;5.50;True;False;False;False;150;7.50;5.50;True;False;False;False;1;6.75555555556093;0;6.75555555556093;6.75555555556093
156;13.50;5.50;True;False;False;False;155;12.50;5.50;True;False;False;False;1;36.3555555557705;0;36.3555555557705;36.3555555557705
156;13.50;5.50;True;False;False;False;176;5.50;7.50;True;False;False;False;1;11.2888888888979;0;11.2888888888979;11.2888888888979
156;13.50;5.50;True;False;False;False;179;8.50;7.50;True;False;False;False;1;8.31111111111773;0;8.31111111111773;8.31111111111773
156;13.50;5.50;True;False;False;False;181;10.50;7.50;True;False;False;False;1;7.60000000000605;0;7.60000000000605;7.60000000000605
156;13.50;5.50;True;False;False;False;190;5.50;8.50;True;False;False;False;2;13.2000000000105;1.42617283950844;12.3555555555654;14.0444444444556
156;13.50;5.50;True;False;False;False;192;7.50;8.50;True;False;False;False;1;10.2666666666748;0;10.2666666666748;10.2666666666748
156;13.50;5.50;True;False;False;False;196;11.50;8.50;True;False;False;False;1;6.97777777774763;0;6.97777777774763;6.97777777774763
156;13.50;5.50;True;False;False;False;197;12.50;8.50;True;False;False;False;1;6.80000000000541;0;6.80000000000541;6.80000000000541
156;13.50;5.50;True;False;False;False;218;5.50;10.50;True;False;False;False;1;12.9333333334098;0;12.9333333334098;12.9333333334098
156;13.50;5.50;True;False;False;False;260;5.50;13.50;True;False;False;False;1;15.5555555555679;0;15.5555555555679;15.5555555555679
156;13.50;5.50;True;False;False;False;272;17.50;13.50;True;False;False;False;1;12.8888888888909;0;12.8888888888909;12.8888888888909
156;13.50;5.50;True;False;False;False;274;5.50;14.50;True;False;False;False;1;16.2222222222351;0;16.2222222222351;16.2222222222351
158;15.50;5.50;True;False;False;False;22;0.50;6.50;False;False;True;False;3;131.377777777094;3290.40790131811;68.1333333323419;180.044444445509
158;15.50;5.50;True;False;False;False;151;8.50;5.50;True;False;False;False;1;8.31111111111773;0;8.31111111111773;8.31111111111773
158;15.50;5.50;True;False;False;False;179;8.50;7.50;True;False;False;False;1;43.9555555555905;0;43.9555555555905;43.9555555555905
158;15.50;5.50;True;False;False;False;234;7.50;11.50;True;False;False;False;1;16.7555555553117;0;16.7555555553117;16.7555555553117
158;15.50;5.50;True;False;False;False;240;13.50;11.50;True;False;False;False;1;9.60000000005675;0;9.60000000005675;9.60000000005675
158;15.50;5.50;True;False;False;False;261;6.50;13.50;True;False;False;False;1;15.599999999773;0;15.599999999773;15.599999999773
160;17.50;5.50;True;False;False;False;6;23.50;3.50;False;True;False;False;1;12.9333333333436;0;12.9333333333436;12.9333333333436
160;17.50;5.50;True;False;False;False;30;0.50;12.50;False;False;True;False;1;92.9333333338827;0;92.9333333338827;92.9333333338827
160;17.50;5.50;True;False;False;False;155;12.50;5.50;True;False;False;False;1;5.91111111114606;0;5.91111111114606;5.91111111114606
160;17.50;5.50;True;False;False;False;181;10.50;7.50;True;False;False;False;1;16.9777777778781;0;16.9777777778781;16.9777777778781
160;17.50;5.50;True;False;False;False;239;12.50;11.50;True;False;False;False;1;12.5333333332792;0;12.5333333332792;12.5333333332792
161;18.50;5.50;True;False;False;False;30;0.50;12.50;False;False;True;False;1;64.7111111101694;0;64.7111111101694;64.7111111101694
161;18.50;5.50;True;False;False;False;197;12.50;8.50;True;False;False;False;1;10.4888888888838;0;10.4888888888838;10.4888888888838
161;18.50;5.50;True;False;False;False;226;13.50;10.50;True;False;False;False;1;10.3111111109611;0;10.3111111109611;10.3111111109611
176;5.50;7.50;True;False;False;False;6;23.50;3.50;False;True;False;False;10;24.8133333332059;16.7444938265168;20.9333333330287;31.8222222220847
176;5.50;7.50;True;False;False;False;14;23.50;9.50;False;True;False;False;5;28.5155555554174;6.05096296181403;25.7333333333538;31.1555555551022
176;5.50;7.50;True;False;False;False;22;0.50;6.50;False;False;True;False;14;122.476190475053;2310.28009219786;54.8444444436464;261.9111111073
176;5.50;7.50;True;False;False;False;30;0.50;12.50;False;False;True;False;8;142.555555554961;2110.26737211323;77.111111109989;215.3333333302
176;5.50;7.50;True;False;False;False;154;11.50;5.50;True;False;False;False;2;10.2222222221258;5.4697318005069E-21;10.2222222220735;10.2222222221781
176;5.50;7.50;True;False;False;False;156;13.50;5.50;True;False;False;False;2;13.6444444444553;8.7269135802608;11.5555555555648;15.7333333333459
176;5.50;7.50;True;False;False;False;179;8.50;7.50;True;False;False;False;1;3.51111111111391;0;3.51111111111391;3.51111111111391
176;5.50;7.50;True;False;False;False;181;10.50;7.50;True;False;False;False;7;7.13015873013956;4.7788359787202;5.46666666658712;10.1777777776297
176;5.50;7.50;True;False;False;False;182;11.50;7.50;True;False;False;False;2;9.5555555554165;12.835555555182;7.02222222212004;12.088888888713
176;5.50;7.50;True;False;False;False;183;12.50;7.50;True;False;False;False;3;9.80740740734185;27.1334979423616;6.79999999990105;15.8222222221539
176;5.50;7.50;True;False;False;False;184;13.50;7.50;True;False;False;False;2;12.7777777778533;0.830617283960438;12.1333333334051;13.4222222223016
176;5.50;7.50;True;False;False;False;187;16.50;7.50;True;False;False;False;1;14.1777777775715;0;14.1777777775715;14.1777777775715
176;5.50;7.50;True;False;False;False;190;5.50;8.50;True;False;False;False;1;2.04444444441469;0;2.04444444441469;2.04444444441469
176;5.50;7.50;True;False;False;False;192;7.50;8.50;True;False;False;False;1;5.51111111103091;0;5.51111111103091;5.51111111103091
176;5.50;7.50;True;False;False;False;193;8.50;8.50;True;False;False;False;1;6.17777777768788;0;6.17777777768788;6.17777777768788
176;5.50;7.50;True;False;False;False;196;11.50;8.50;True;False;False;False;2;13.2888888888367;52.2469135816131;8.17777777765878;18.4000000000146
176;5.50;7.50;True;False;False;False;197;12.50;8.50;True;False;False;False;2;12.5999999998166;19.6355555549841;9.46666666652891;15.7333333331044
176;5.50;7.50;True;False;False;False;198;13.50;8.50;True;False;False;False;1;13.5999999998021;0;13.5999999998021;13.5999999998021
176;5.50;7.50;True;False;False;False;223;10.50;10.50;True;False;False;False;4;9.2222222221684;0.0809876542662371;8.97777777778492;9.51111111097271
176;5.50;7.50;True;False;False;False;224;11.50;10.50;True;False;False;False;2;10.9555555553961;3.43802469125797;9.6444444443041;12.2666666664882
176;5.50;7.50;True;False;False;False;226;13.50;10.50;True;False;False;False;2;11.7111111111803;0.0246913580249833;11.6000000000686;11.8222222222921
176;5.50;7.50;True;False;False;False;228;15.50;10.50;True;False;False;False;1;14.3111111109029;0;14.3111111109029;14.3111111109029
177;6.50;7.50;True;False;False;False;6;23.50;3.50;False;True;False;False;3;19.9851851851693;0.0994238684509106;19.6444444441586;20.2666666667865
177;6.50;7.50;True;False;False;False;14;23.50;9.50;False;True;False;False;6;27.4148148148467;5.58966255049172;25.0666666668149;31.5555555550964
177;6.50;7.50;True;False;False;False;22;0.50;6.50;False;False;True;False;4;108.888888888269;3993.24576133407;21.7777777777777;173.155555556579
177;6.50;7.50;True;False;False;False;30;0.50;12.50;False;False;True;False;2;91.6666666653327;2369.77876536313;57.2444444436114;126.088888887054
177;6.50;7.50;True;False;False;False;137;8.50;4.50;True;False;False;False;1;7.59999999988941;0;7.59999999988941;7.59999999988941
177;6.50;7.50;True;False;False;False;151;8.50;5.50;True;False;False;False;1;7.46666666655801;0;7.46666666655801;7.46666666655801
177;6.50;7.50;True;False;False;False;154;11.50;5.50;True;False;False;False;1;8.93333333320334;0;8.93333333320334;8.93333333320334
177;6.50;7.50;True;False;False;False;155;12.50;5.50;True;False;False;False;2;12.2222222222945;0.0355555555559759;12.0888888889604;12.3555555556286
177;6.50;7.50;True;False;False;False;156;13.50;5.50;True;False;False;False;1;12.7555555555575;0;12.7555555555575;12.7555555555575
177;6.50;7.50;True;False;False;False;179;8.50;7.50;True;False;False;False;1;8.13333333333981;0;8.13333333333981;8.13333333333981
177;6.50;7.50;True;False;False;False;181;10.50;7.50;True;False;False;False;1;10.2666666667274;0;10.2666666667274;10.2666666667274
177;6.50;7.50;True;False;False;False;187;16.50;7.50;True;False;False;False;1;13.6888888886897;0;13.6888888886897;13.6888888886897
177;6.50;7.50;True;False;False;False;195;10.50;8.50;True;False;False;False;2;6.86666666670726;0.00888888888899399;6.8000000000402;6.93333333337432
177;6.50;7.50;True;False;False;False;196;11.50;8.50;True;False;False;False;1;10.1333333331859;0;10.1333333331859;10.1333333331859
177;6.50;7.50;True;False;False;False;223;10.50;10.50;True;False;False;False;1;8.31111111116024;0;8.31111111116024;8.31111111116024
177;6.50;7.50;True;False;False;False;226;13.50;10.50;True;False;False;False;1;14.8888888886722;0;14.8888888886722;14.8888888886722
177;6.50;7.50;True;False;False;False;240;13.50;11.50;True;False;False;False;1;10.9777777778427;0;10.9777777778427;10.9777777778427
178;7.50;7.50;True;False;False;False;6;23.50;3.50;False;True;False;False;8;25.0499999997166;81.001728392025;18.9333333333484;45.3777777771174
178;7.50;7.50;True;False;False;False;14;23.50;9.50;False;True;False;False;3;29.3333333332257;28.391111107935;24.5333333333529;35.0666666661564
178;7.50;7.50;True;False;False;False;22;0.50;6.50;False;False;True;False;3;160.222222221243;210.57382715175;143.466666666047;168.711111111245
178;7.50;7.50;True;False;False;False;30;0.50;12.50;False;False;True;False;4;146.544444442977;7201.11456767373;66.133333332371;260.133333329548
178;7.50;7.50;True;False;False;False;154;11.50;5.50;True;False;False;False;2;14.3333333331248;45.6543209863256;9.5555555554165;19.111111110833
178;7.50;7.50;True;False;False;False;181;10.50;7.50;True;False;False;False;2;4.13333333332605;2.23571409936598E-22;4.13333333331548;4.13333333333662
178;7.50;7.50;True;False;False;False;182;11.50;7.50;True;False;False;False;1;4.80000000002838;0;4.80000000002838;4.80000000002838
178;7.50;7.50;True;False;False;False;193;8.50;8.50;True;False;False;False;1;4.71111111104256;0;4.71111111104256;4.71111111104256
178;7.50;7.50;True;False;False;False;195;10.50;8.50;True;False;False;False;2;6.17777777771948;1.99774457689213E-21;6.17777777768788;6.17777777775109
178;7.50;7.50;True;False;False;False;196;11.50;8.50;True;False;False;False;1;6.97777777774763;0;6.97777777774763;6.97777777774763
178;7.50;7.50;True;False;False;False;197;12.50;8.50;True;False;False;False;7;10.6539682538576;4.89199294512799;7.82222222210839;13.1999999998079
178;7.50;7.50;True;False;False;False;226;13.50;10.50;True;False;False;False;1;14.2222222220153;0;14.2222222220153;14.2222222220153
178;7.50;7.50;True;False;False;False;239;12.50;11.50;True;False;False;False;1;15.3333333332671;0;15.3333333332671;15.3333333332671
179;8.50;7.50;True;False;False;False;6;23.50;3.50;False;True;False;False;8;19.9999999998911;3.63513227523242;18.3111111108446;23.8666666665636
179;8.50;7.50;True;False;False;False;14;23.50;9.50;False;True;False;False;3;29.8370370368813;43.0070781860395;23.7777777776751;36.7999999994645
179;8.50;7.50;True;False;False;False;22;0.50;6.50;False;False;True;False;7;139.111111110004;2095.65366252962;75.8222222211189;193.066666663857
179;8.50;7.50;True;False;False;False;30;0.50;12.50;False;False;True;False;8;131.011111110139;3862.90666670518;49.2888888881716;258.000000000205
179;8.50;7.50;True;False;False;False;106;5.50;2.50;True;False;False;False;1;9.59999999995853;0;9.59999999995853;9.59999999995853
179;8.50;7.50;True;False;False;False;112;11.50;2.50;True;False;False;False;1;10.7555555556191;0;10.7555555556191;10.7555555556191
179;8.50;7.50;True;False;False;False;134;5.50;4.50;True;False;False;False;1;8.26666666654637;0;8.26666666654637;8.26666666654637
179;8.50;7.50;True;False;False;False;137;8.50;4.50;True;False;False;False;1;8.71111111098435;0;8.71111111098435;8.71111111098435
179;8.50;7.50;True;False;False;False;139;10.50;4.50;True;False;False;False;1;11.022222222231;0;11.022222222231;11.022222222231
179;8.50;7.50;True;False;False;False;149;6.50;5.50;True;False;False;False;1;6.93333333330338;0;6.93333333330338;6.93333333330338
179;8.50;7.50;True;False;False;False;151;8.50;5.50;True;False;False;False;1;4.08888888882939;0;4.08888888882939;4.08888888882939
179;8.50;7.50;True;False;False;False;154;11.50;5.50;True;False;False;False;3;8.4444444443496;0.950123456743778;7.59999999988941;9.51111111097271
179;8.50;7.50;True;False;False;False;155;12.50;5.50;True;False;False;False;1;8.88888888894144;0;8.88888888894144;8.88888888894144
179;8.50;7.50;True;False;False;False;176;5.50;7.50;True;False;False;False;2;9.75555555556332;42.3200000000674;5.15555555555966;14.355555555567
179;8.50;7.50;True;False;False;False;177;6.50;7.50;True;False;False;False;2;5.15555555550236;10.6824691352898;2.84444444444671;7.46666666655801
179;8.50;7.50;True;False;False;False;178;7.50;7.50;True;False;False;False;1;3.28888888889151;0;3.28888888889151;3.28888888889151
179;8.50;7.50;True;False;False;False;181;10.50;7.50;True;False;False;False;2;3.46666666663396;6.29070855846578E-22;3.46666666661622;3.46666666665169
179;8.50;7.50;True;False;False;False;182;11.50;7.50;True;False;False;False;3;9.49629629630454;8.32855967123589;7.02222222212004;12.6666666667415
179;8.50;7.50;True;False;False;False;183;12.50;7.50;True;False;False;False;2;11.3999999999508;0.024691358024478;11.2888888888401;11.5111111110614
179;8.50;7.50;True;False;False;False;187;16.50;7.50;True;False;False;False;3;10.8148148146574;7.1532510285984;7.7333333332208;12.5333333331509
179;8.50;7.50;True;False;False;False;193;8.50;8.50;True;False;False;False;1;3.64444444439141;0;3.64444444439141;3.64444444439141
179;8.50;7.50;True;False;False;False;197;12.50;8.50;True;False;False;False;1;14.4444444442343;0;14.4444444442343;14.4444444442343
179;8.50;7.50;True;False;False;False;198;13.50;8.50;True;False;False;False;2;8.13333333321498;0;8.13333333321498;8.13333333321498
179;8.50;7.50;True;False;False;False;219;6.50;10.50;True;False;False;False;1;7.24444444442088;0;7.24444444442088;7.24444444442088
179;8.50;7.50;True;False;False;False;220;7.50;10.50;True;False;False;False;2;6.86666666662029;0.0246913580477712;6.75555555545725;6.97777777778333
179;8.50;7.50;True;False;False;False;221;8.50;10.50;True;False;False;False;2;7.24444444433902;12.3891358021086;4.75555555548635;9.73333333319169
179;8.50;7.50;True;False;False;False;223;10.50;10.50;True;False;False;False;1;7.51111111100181;0;7.51111111100181;7.51111111100181
179;8.50;7.50;True;False;False;False;224;11.50;10.50;True;False;False;False;3;8.71111111101042;1.89827160479959;7.64444444441142;10.2666666665173
179;8.50;7.50;True;False;False;False;225;12.50;10.50;True;False;False;False;2;11.5555555555056;3.09728395059052;10.3111111110666;12.7999999999447
179;8.50;7.50;True;False;False;False;228;15.50;10.50;True;False;False;False;1;13.5555555553583;0;13.5555555553583;13.5555555553583
179;8.50;7.50;True;False;False;False;237;10.50;11.50;True;False;False;False;1;7.64444444448964;0;7.64444444448964;7.64444444448964
179;8.50;7.50;True;False;False;False;239;12.50;11.50;True;False;False;False;1;9.64444444450146;0;9.64444444450146;9.64444444450146
179;8.50;7.50;True;False;False;False;240;13.50;11.50;True;False;False;False;1;14.0444444445275;0;14.0444444445275;14.0444444445275
179;8.50;7.50;True;False;False;False;261;6.50;13.50;True;False;False;False;1;12.9777777777881;0;12.9777777777881;12.9777777777881
179;8.50;7.50;True;False;False;False;262;7.50;13.50;True;False;False;False;1;9.20000000000732;0;9.20000000000732;9.20000000000732
179;8.50;7.50;True;False;False;False;274;5.50;14.50;True;False;False;False;1;11.5555555553874;0;11.5555555553874;11.5555555553874
179;8.50;7.50;True;False;False;False;279;10.50;14.50;True;False;False;False;1;10.5777777777862;0;10.5777777777862;10.5777777777862
179;8.50;7.50;True;False;False;False;284;15.50;14.50;True;False;False;False;1;14.2222222222335;0;14.2222222222335;14.2222222222335
181;10.50;7.50;True;False;False;False;6;23.50;3.50;False;True;False;False;2;14.7555555922627;9.87654288139491;12.5333334069946;16.9777777775307
181;10.50;7.50;True;False;False;False;14;23.50;9.50;False;True;False;False;2;23.3999999996595;0.222222222215755;23.066666666331;23.733333332988
181;10.50;7.50;True;False;False;False;22;0.50;6.50;False;False;True;False;3;106.977777777026;453.311604894827;93.3333333334076;131.511111109197
181;10.50;7.50;True;False;False;False;30;0.50;12.50;False;False;True;False;5;109.635555555289;469.409777804408;88.4888888876012;145.200000000858
181;10.50;7.50;True;False;False;False;92;5.50;1.50;True;False;False;False;2;11.6000000000092;7.0435463134656E-21;11.5999999999499;11.6000000000686
181;10.50;7.50;True;False;False;False;93;6.50;1.50;True;False;False;False;1;11.6000000000092;0;11.6000000000092;11.6000000000092
181;10.50;7.50;True;False;False;False;94;7.50;1.50;True;False;False;False;1;9.64444444440278;0;9.64444444440278;9.64444444440278
181;10.50;7.50;True;False;False;False;95;8.50;1.50;True;False;False;False;1;9.5999999998603;0;9.5999999998603;9.5999999998603
181;10.50;7.50;True;False;False;False;106;5.50;2.50;True;False;False;False;1;10.9333333331742;0;10.9333333331742;10.9333333331742
181;10.50;7.50;True;False;False;False;107;6.50;2.50;True;False;False;False;2;9.95555555556189;0.193580246850507;9.64444444450146;10.2666666666223
181;10.50;7.50;True;False;False;False;108;7.50;2.50;True;False;False;False;1;10.2222222220735;0;10.2222222220735;10.2222222220735
181;10.50;7.50;True;False;False;False;111;10.50;2.50;True;False;False;False;1;5.46666666658712;0;5.46666666658712;5.46666666658712
181;10.50;7.50;True;False;False;False;118;17.50;2.50;True;False;False;False;1;12.2666666666764;0;12.2666666666764;12.2666666666764
181;10.50;7.50;True;False;False;False;134;5.50;4.50;True;False;False;False;6;9.45925925921027;0.38432921815193;8.97777777764713;10.5333333333956
181;10.50;7.50;True;False;False;False;136;7.50;4.50;True;False;False;False;1;8.26666666663095;0;8.26666666663095;8.26666666663095
181;10.50;7.50;True;False;False;False;137;8.50;4.50;True;False;False;False;3;7.59999999994125;8.06252943055436E-21;7.59999999988941;7.60000000004493
181;10.50;7.50;True;False;False;False;141;12.50;4.50;True;False;False;False;2;8.20000000004848;1.07555555556827;7.46666666671081;8.93333333338614
181;10.50;7.50;True;False;False;False;142;13.50;4.50;True;False;False;False;2;9.66666666661877;0.719999999756401;9.06666666672027;10.2666666665173
181;10.50;7.50;True;False;False;False;148;5.50;5.50;True;False;False;False;3;9.64444444437868;1.25037037062235;8.93333333320334;10.933333333398
181;10.50;7.50;True;False;False;False;149;6.50;5.50;True;False;False;False;1;8.26666666663095;0;8.26666666663095;8.26666666663095
181;10.50;7.50;True;False;False;False;150;7.50;5.50;True;False;False;False;1;8.22222222222877;0;8.22222222222877;8.22222222222877
181;10.50;7.50;True;False;False;False;151;8.50;5.50;True;False;False;False;5;7.26222222221518;0.112197530900851;6.93333333323244;7.64444444448964
181;10.50;7.50;True;False;False;False;153;10.50;5.50;True;False;False;False;3;7.19999999998299;31.8182716051769;3.46666666666943;13.6888888888998
181;10.50;7.50;True;False;False;False;154;11.50;5.50;True;False;False;False;1;6.13333333324408;0;6.13333333324408;6.13333333324408
181;10.50;7.50;True;False;False;False;155;12.50;5.50;True;False;False;False;1;9.42222222227792;0;9.42222222227792;9.42222222227792
181;10.50;7.50;True;False;False;False;176;5.50;7.50;True;False;False;False;9;6.02469135799887;0.217832647464452;5.46666666658712;6.71111111115079
181;10.50;7.50;True;False;False;False;177;6.50;7.50;True;False;False;False;1;7.86666666671317;0;7.86666666671317;7.86666666671317
181;10.50;7.50;True;False;False;False;178;7.50;7.50;True;False;False;False;3;4.65185185180083;0.202139917701447;4.13333333327319;4.93333333326154
181;10.50;7.50;True;False;False;False;179;8.50;7.50;True;False;False;False;2;5.8888888888805;5.55555555590925;4.22222222216078;7.55555555560022
181;10.50;7.50;True;False;False;False;182;11.50;7.50;True;False;False;False;1;4.84444444447308;0;4.84444444447308;4.84444444447308
181;10.50;7.50;True;False;False;False;186;15.50;7.50;True;False;False;False;1;10.7999999998428;0;10.7999999998428;10.7999999998428
181;10.50;7.50;True;False;False;False;189;18.50;7.50;True;False;False;False;1;12.1333333334051;0;12.1333333334051;12.1333333334051
181;10.50;7.50;True;False;False;False;190;5.50;8.50;True;False;False;False;1;8.1333333332982;0;8.1333333332982;8.1333333332982
181;10.50;7.50;True;False;False;False;191;6.50;8.50;True;False;False;False;2;7.6444444443332;0.395061728383564;7.19999999989523;8.08888888877118
181;10.50;7.50;True;False;False;False;192;7.50;8.50;True;False;False;False;1;6.80000000000541;0;6.80000000000541;6.80000000000541
181;10.50;7.50;True;False;False;False;193;8.50;8.50;True;False;False;False;3;7.03703703700648;7.19078189294019;5.46666666669898;10.1333333332896
181;10.50;7.50;True;False;False;False;196;11.50;8.50;True;False;False;False;3;5.95555555554688;2.85037037029799;4.66666666667038;7.86666666663268
181;10.50;7.50;True;False;False;False;197;12.50;8.50;True;False;False;False;4;7.22222222218571;4.93102880625007;5.46666666667102;10.4444444442925
181;10.50;7.50;True;False;False;False;198;13.50;8.50;True;False;False;False;1;16.7999999999274;0;16.7999999999274;16.7999999999274
181;10.50;7.50;True;False;False;False;202;17.50;8.50;True;False;False;False;1;11.4222222222897;0;11.4222222222897;11.4222222222897
181;10.50;7.50;True;False;False;False;218;5.50;10.50;True;False;False;False;3;10.0740740739275;1.94633744850302;8.97777777764713;11.644444444275
181;10.50;7.50;True;False;False;False;219;6.50;10.50;True;False;False;False;1;9.5555555554165;0;9.5555555554165;9.5555555554165
181;10.50;7.50;True;False;False;False;223;10.50;10.50;True;False;False;False;6;6.25925925920694;9.06146502012095;3.51111111113187;10.0888888887421
181;10.50;7.50;True;False;False;False;224;11.50;10.50;True;False;False;False;2;6.28888888879737;0.0246913580239727;6.17777777768788;6.39999999990687
181;10.50;7.50;True;False;False;False;225;12.50;10.50;True;False;False;False;2;11.5333333333079;2.77432098774523;10.3555555555108;12.711111111105
181;10.50;7.50;True;False;False;False;229;16.50;10.50;True;False;False;False;2;12.7777777778271;12.6113580251043;10.2666666666748;15.2888888889793
181;10.50;7.50;True;False;False;False;230;17.50;10.50;True;False;False;False;1;13.5555555556357;0;13.5555555556357;13.5555555556357
181;10.50;7.50;True;False;False;False;233;6.50;11.50;True;False;False;False;5;9.86666666658457;0.272592592608751;9.06666666653473;10.2222222222827
181;10.50;7.50;True;False;False;False;235;8.50;11.50;True;False;False;False;2;11.7555555554691;24.3446913561358;8.26666666671554;15.2444444442226
181;10.50;7.50;True;False;False;False;239;12.50;11.50;True;False;False;False;2;8.44444444432156;0.395061728383564;7.99999999988358;8.88888888875954
181;10.50;7.50;True;False;False;False;242;15.50;11.50;True;False;False;False;1;10.2666666665173;0;10.2666666665173;10.2666666665173
181;10.50;7.50;True;False;False;False;245;18.50;11.50;True;False;False;False;1;13.0222222222992;0;13.0222222222992;13.0222222222992
181;10.50;7.50;True;False;False;False;260;5.50;13.50;True;False;False;False;4;11.9777777777409;0.0915226337291192;11.6000000000092;12.2222222221694
181;10.50;7.50;True;False;False;False;261;6.50;13.50;True;False;False;False;4;11.8999999999891;0.474567901287692;11.5555555553874;12.9333333333802
181;10.50;7.50;True;False;False;False;263;8.50;13.50;True;False;False;False;3;11.8518518518007;15.2125102879344;9.5999999998603;16.3555555554849
181;10.50;7.50;True;False;False;False;265;10.50;13.50;True;False;False;False;3;10.2370370370584;4.53596707809867;7.77777777782376;11.4666666667345
181;10.50;7.50;True;False;False;False;268;13.50;13.50;True;False;False;False;1;12.8888888887013;0;12.8888888887013;12.8888888887013
181;10.50;7.50;True;False;False;False;271;16.50;13.50;True;False;False;False;1;12.2666666666764;0;12.2666666666764;12.2666666666764
181;10.50;7.50;True;False;False;False;274;5.50;14.50;True;False;False;False;6;12.8814814814002;0.343242798317212;12.2666666664882;13.8222222220211
181;10.50;7.50;True;False;False;False;277;8.50;14.50;True;False;False;False;1;9.64444444445212;0;9.64444444445212;9.64444444445212
182;11.50;7.50;True;False;False;False;6;23.50;3.50;False;True;False;False;2;16.6222222221536;0.193580247123557;16.3111111108738;16.9333333334334
182;11.50;7.50;True;False;False;False;14;23.50;9.50;False;True;False;False;1;25.1555555557043;0;25.1555555557043;25.1555555557043
182;11.50;7.50;True;False;False;False;22;0.50;6.50;False;False;True;False;1;126.711111109267;0;126.711111109267;126.711111109267
182;11.50;7.50;True;False;False;False;30;0.50;12.50;False;False;True;False;1;220.266666667969;0;220.266666667969;220.266666667969
182;11.50;7.50;True;False;False;False;112;11.50;2.50;True;False;False;False;1;11.4222222222897;0;11.4222222222897;11.4222222222897
182;11.50;7.50;True;False;False;False;113;12.50;2.50;True;False;False;False;1;11.6000000000686;0;11.6000000000686;11.6000000000686
182;11.50;7.50;True;False;False;False;134;5.50;4.50;True;False;False;False;1;10.2666666665173;0;10.2666666665173;10.2666666665173
182;11.50;7.50;True;False;False;False;136;7.50;4.50;True;False;False;False;2;11.4888888889568;6.16395061735683;9.73333333339087;13.2444444445227
182;11.50;7.50;True;False;False;False;140;11.50;4.50;True;False;False;False;1;12.4000000000733;0;12.4000000000733;12.4000000000733
182;11.50;7.50;True;False;False;False;141;12.50;4.50;True;False;False;False;1;8.80000000005202;0;8.80000000005202;8.80000000005202
182;11.50;7.50;True;False;False;False;148;5.50;5.50;True;False;False;False;3;10.9185185184251;5.21547325061799;9.5999999998603;13.5555555553583
182;11.50;7.50;True;False;False;False;149;6.50;5.50;True;False;False;False;2;11.8888888887159;6.80395061708593;10.0444444442983;13.7333333331335
182;11.50;7.50;True;False;False;False;151;8.50;5.50;True;False;False;False;1;8.22222222210257;0;8.22222222210257;8.22222222210257
182;11.50;7.50;True;False;False;False;154;11.50;5.50;True;False;False;False;1;3.24444444439723;0;3.24444444439723;3.24444444439723
182;11.50;7.50;True;False;False;False;156;13.50;5.50;True;False;False;False;1;8.13333333338142;0;8.13333333338142;8.13333333338142
182;11.50;7.50;True;False;False;False;176;5.50;7.50;True;False;False;False;4;12.2666666665521;19.2092181064747;6.44444444435067;17.0666666664183
182;11.50;7.50;True;False;False;False;177;6.50;7.50;True;False;False;False;1;6.08888888880028;0;6.08888888880028;6.08888888880028
182;11.50;7.50;True;False;False;False;178;7.50;7.50;True;False;False;False;1;4.79999999993015;0;4.79999999993015;4.79999999993015
182;11.50;7.50;True;False;False;False;179;8.50;7.50;True;False;False;False;2;11.7777777777096;5.7046913571613;10.0888888889485;13.4666666664707
182;11.50;7.50;True;False;False;False;181;10.50;7.50;True;False;False;False;1;3.95555555557894;0;3.95555555557894;3.95555555557894
182;11.50;7.50;True;False;False;False;184;13.50;7.50;True;False;False;False;1;9.2888888889438;0;9.2888888889438;9.2888888889438
182;11.50;7.50;True;False;False;False;186;15.50;7.50;True;False;False;False;1;10.1333333333932;0;10.1333333333932;10.1333333333932
182;11.50;7.50;True;False;False;False;187;16.50;7.50;True;False;False;False;1;11.0222222222874;0;11.0222222222874;11.0222222222874
182;11.50;7.50;True;False;False;False;190;5.50;8.50;True;False;False;False;2;8.80000000005202;0;8.80000000005202;8.80000000005202
182;11.50;7.50;True;False;False;False;191;6.50;8.50;True;False;False;False;1;8.13333333338142;0;8.13333333338142;8.13333333338142
182;11.50;7.50;True;False;False;False;192;7.50;8.50;True;False;False;False;1;8.17777777782612;0;8.17777777782612;8.17777777782612
182;11.50;7.50;True;False;False;False;193;8.50;8.50;True;False;False;False;2;9.31111111107248;0.0483950617872558;9.15555555542232;9.46666666672263
182;11.50;7.50;True;False;False;False;197;12.50;8.50;True;False;False;False;1;5.33333333325572;0;5.33333333325572;5.33333333325572
182;11.50;7.50;True;False;False;False;198;13.50;8.50;True;False;False;False;1;6.22222222213168;0;6.22222222213168;6.22222222213168
182;11.50;7.50;True;False;False;False;201;16.50;8.50;True;False;False;False;1;8.75555555560732;0;8.75555555560732;8.75555555560732
182;11.50;7.50;True;False;False;False;218;5.50;10.50;True;False;False;False;1;10.622222222285;0;10.622222222285;10.622222222285
182;11.50;7.50;True;False;False;False;219;6.50;10.50;True;False;False;False;1;9.60000000005675;0;9.60000000005675;9.60000000005675
182;11.50;7.50;True;False;False;False;220;7.50;10.50;True;False;False;False;1;9.55555555561205;0;9.55555555561205;9.55555555561205
182;11.50;7.50;True;False;False;False;221;8.50;10.50;True;False;False;False;1;11.6888888887188;0;11.6888888887188;11.6888888887188
182;11.50;7.50;True;False;False;False;223;10.50;10.50;True;False;False;False;1;6.8000000000402;0;6.8000000000402;6.8000000000402
182;11.50;7.50;True;False;False;False;224;11.50;10.50;True;False;False;False;3;12.7851851850604;206.556707811397;4.22222222224718;29.3777777773503
182;11.50;7.50;True;False;False;False;225;12.50;10.50;True;False;False;False;4;8.14444444449259;1.22518518519967;6.8000000000402;9.51111111116734
182;11.50;7.50;True;False;False;False;232;5.50;11.50;True;False;False;False;4;12.299999999821;1.18699588473912;10.755555555399;13.0666666664765
182;11.50;7.50;True;False;False;False;234;7.50;11.50;True;False;False;False;1;10.2222222222827;0;10.2222222222827;10.2222222222827
182;11.50;7.50;True;False;False;False;239;12.50;11.50;True;False;False;False;3;7.91111111104268;0.979753086241838;6.84444444448491;8.79999999987194
182;11.50;7.50;True;False;False;False;240;13.50;11.50;True;False;False;False;1;9.82222222207929;0;9.82222222207929;9.82222222207929
182;11.50;7.50;True;False;False;False;260;5.50;13.50;True;False;False;False;1;13.2444444445227;0;13.2444444445227;13.2444444445227
182;11.50;7.50;True;False;False;False;263;8.50;13.50;True;False;False;False;1;12.4888888887072;0;12.4888888887072;12.4888888887072
182;11.50;7.50;True;False;False;False;266;11.50;13.50;True;False;False;False;1;6.75555555559549;0;6.75555555559549;6.75555555559549
182;11.50;7.50;True;False;False;False;267;12.50;13.50;True;False;False;False;1;8.88888888875954;0;8.88888888875954;8.88888888875954
182;11.50;7.50;True;False;False;False;273;18.50;13.50;True;False;False;False;1;13.5555555553583;0;13.5555555553583;13.5555555553583
182;11.50;7.50;True;False;False;False;274;5.50;14.50;True;False;False;False;1;17.7333333330753;0;17.7333333330753;17.7333333330753
182;11.50;7.50;True;False;False;False;279;10.50;14.50;True;False;False;False;1;10.0888888889485;0;10.0888888889485;10.0888888889485
182;11.50;7.50;True;False;False;False;284;15.50;14.50;True;False;False;False;1;10.9777777778427;0;10.9777777778427;10.9777777778427
183;12.50;7.50;True;False;False;False;14;23.50;9.50;False;True;False;False;1;29.1555555557279;0;29.1555555557279;29.1555555557279
183;12.50;7.50;True;False;False;False;22;0.50;6.50;False;False;True;False;2;144.666666665928;2234.08987666089;111.244444442826;178.088888889031
183;12.50;7.50;True;False;False;False;92;5.50;1.50;True;False;False;False;2;15.2666666667569;0.22222222222485;14.9333333334216;15.6000000000922
183;12.50;7.50;True;False;False;False;106;5.50;2.50;True;False;False;False;2;12.755555555631;0.478024691363677;12.2666666667392;13.2444444445227
183;12.50;7.50;True;False;False;False;107;6.50;2.50;True;False;False;False;1;12.2222222221694;0;12.2222222221694;12.2222222221694
183;12.50;7.50;True;False;False;False;109;8.50;2.50;True;False;False;False;1;11.1555555555074;0;11.1555555555074;11.1555555555074
183;12.50;7.50;True;False;False;False;111;10.50;2.50;True;False;False;False;2;8.93333333329474;0;8.93333333329474;8.93333333329474
183;12.50;7.50;True;False;False;False;112;11.50;2.50;True;False;False;False;3;9.36296296293767;4.53596707764797;8.13333333338142;11.8222222220502
183;12.50;7.50;True;False;False;False;134;5.50;4.50;True;False;False;False;3;10.9333333332136;0.38716049388946;10.3111111109611;11.5555555555056
183;12.50;7.50;True;False;False;False;136;7.50;4.50;True;False;False;False;1;10.2222222221781;0;10.2222222221781;10.2222222221781
183;12.50;7.50;True;False;False;False;137;8.50;4.50;True;False;False;False;1;10.933333333398;0;10.933333333398;10.933333333398
183;12.50;7.50;True;False;False;False;140;11.50;4.50;True;False;False;False;2;7.04444444444539;0.119506172869154;6.79999999997062;7.28888888892016
183;12.50;7.50;True;False;False;False;142;13.50;4.50;True;False;False;False;1;8.79999999987194;0;8.79999999987194;8.79999999987194
183;12.50;7.50;True;False;False;False;145;16.50;4.50;True;False;False;False;1;10.3111111111721;0;10.3111111111721;10.3111111111721
183;12.50;7.50;True;False;False;False;148;5.50;5.50;True;False;False;False;2;11.8888888887809;1.35209876560662;11.0666666665056;12.7111111110562
183;12.50;7.50;True;False;False;False;149;6.50;5.50;True;False;False;False;1;12.6222222222968;0;12.6222222222968;12.6222222222968
183;12.50;7.50;True;False;False;False;150;7.50;5.50;True;False;False;False;1;8.93333333329474;0;8.93333333329474;8.93333333329474
183;12.50;7.50;True;False;False;False;154;11.50;5.50;True;False;False;False;1;16.9777777778781;0;16.9777777778781;16.9777777778781
183;12.50;7.50;True;False;False;False;155;12.50;5.50;True;False;False;False;2;3.46666666668716;0.774320987663476;2.84444444446126;4.08888888891306
183;12.50;7.50;True;False;False;False;178;7.50;7.50;True;False;False;False;1;14.0444444443838;0;14.0444444443838;14.0444444443838
183;12.50;7.50;True;False;False;False;179;8.50;7.50;True;False;False;False;3;9.8962962962211;0.445102880692076;9.51111111097271;10.6666666666206
183;12.50;7.50;True;False;False;False;188;17.50;7.50;True;False;False;False;1;4.84444444437395;0;4.84444444437395;4.84444444437395
183;12.50;7.50;True;False;False;False;189;18.50;7.50;True;False;False;False;1;6.13333333330684;0;6.13333333330684;6.13333333330684
183;12.50;7.50;True;False;False;False;190;5.50;8.50;True;False;False;False;3;12.3259259259447;12.4846090530707;8.80000000005202;15.8666666665981
183;12.50;7.50;True;False;False;False;192;7.50;8.50;True;False;False;False;1;8.1333333332982;0;8.1333333332982;8.1333333332982
183;12.50;7.50;True;False;False;False;193;8.50;8.50;True;False;False;False;1;6.8000000000402;0;6.8000000000402;6.8000000000402
183;12.50;7.50;True;False;False;False;197;12.50;8.50;True;False;False;False;2;2.66666666662786;0.774320987631785;2.04444444441469;3.28888888884103
183;12.50;7.50;True;False;False;False;198;13.50;8.50;True;False;False;False;3;4.91851851847908;0.129053497918635;4.71111111109076;5.33333333325572
183;12.50;7.50;True;False;False;False;201;16.50;8.50;True;False;False;False;1;8.53333333338378;0;8.53333333338378;8.53333333338378
183;12.50;7.50;True;False;False;False;202;17.50;8.50;True;False;False;False;1;8.75555555551773;0;8.75555555551773;8.75555555551773
183;12.50;7.50;True;False;False;False;218;5.50;10.50;True;False;False;False;1;12.4444444442634;0;12.4444444442634;12.4444444442634
183;12.50;7.50;True;False;False;False;220;7.50;10.50;True;False;False;False;1;12.2222222221694;0;12.2222222221694;12.2222222221694
183;12.50;7.50;True;False;False;False;221;8.50;10.50;True;False;False;False;2;19.2444444442567;208.987654311131;9.02222222227556;29.4666666662379
183;12.50;7.50;True;False;False;False;223;10.50;10.50;True;False;False;False;1;8.00000000004729;0;8.00000000004729;8.00000000004729
183;12.50;7.50;True;False;False;False;224;11.50;10.50;True;False;False;False;2;6.77777777777987;0.830617283862556;6.13333333336959;7.42222222219016
183;12.50;7.50;True;False;False;False;225;12.50;10.50;True;False;False;False;1;4.13333333335777;0;4.13333333335777;4.13333333335777
183;12.50;7.50;True;False;False;False;228;15.50;10.50;True;False;False;False;1;8.26666666671554;0;8.26666666671554;8.26666666671554
183;12.50;7.50;True;False;False;False;231;18.50;10.50;True;False;False;False;1;9.64444444440278;0;9.64444444440278;9.64444444440278
183;12.50;7.50;True;False;False;False;232;5.50;11.50;True;False;False;False;7;12.2603174602186;1.65098177565263;10.977777777618;14.9777777778663
183;12.50;7.50;True;False;False;False;233;6.50;11.50;True;False;False;False;1;10.3111111111721;0;10.3111111111721;10.3111111111721
183;12.50;7.50;True;False;False;False;234;7.50;11.50;True;False;False;False;1;15.9555555554866;0;15.9555555554866;15.9555555554866
183;12.50;7.50;True;False;False;False;235;8.50;11.50;True;False;False;False;1;9.5999999998603;0;9.5999999998603;9.5999999998603
183;12.50;7.50;True;False;False;False;240;13.50;11.50;True;False;False;False;2;7.80000000000473;0.166913580201068;7.51111111115551;8.08888888885394
183;12.50;7.50;True;False;False;False;260;5.50;13.50;True;False;False;False;2;14.6222222221591;0.193580246911908;14.3111111110493;14.9333333332688
183;12.50;7.50;True;False;False;False;261;6.50;13.50;True;False;False;False;2;16.0444444445393;19.9150617286305;12.8888888889651;19.2000000001135
183;12.50;7.50;True;False;False;False;263;8.50;13.50;True;False;False;False;3;12.962962962907;5.35769547320474;10.3111111110666;14.5777777777148
183;12.50;7.50;True;False;False;False;265;10.50;13.50;True;False;False;False;1;12.2222222221694;0;12.2222222221694;12.2222222221694
183;12.50;7.50;True;False;False;False;268;13.50;13.50;True;False;False;False;1;10.4000000000615;0;10.4000000000615;10.4000000000615
183;12.50;7.50;True;False;False;False;274;5.50;14.50;True;False;False;False;1;13.6000000000804;0;13.6000000000804;13.6000000000804
183;12.50;7.50;True;False;False;False;279;10.50;14.50;True;False;False;False;1;21.2888888885791;0;21.2888888885791;21.2888888885791
183;12.50;7.50;True;False;False;False;281;12.50;14.50;True;False;False;False;1;19.3777777776941;0;19.3777777776941;19.3777777776941
183;12.50;7.50;True;False;False;False;286;17.50;14.50;True;False;False;False;1;12.2666666666137;0;12.2666666666137;12.2666666666137
184;13.50;7.50;True;False;False;False;14;23.50;9.50;False;True;False;False;2;21.26666666657;0.435555555145612;20.800000000123;21.7333333330171
184;13.50;7.50;True;False;False;False;22;0.50;6.50;False;False;True;False;4;107.977777776765;954.053662525494;77.555555554427;150.044444442261
184;13.50;7.50;True;False;False;False;30;0.50;12.50;False;False;True;False;1;96.9333333339064;0;96.9333333339064;96.9333333339064
184;13.50;7.50;True;False;False;False;114;13.50;2.50;True;False;False;False;1;4.84444444447308;0;4.84444444447308;4.84444444447308
184;13.50;7.50;True;False;False;False;116;15.50;2.50;True;False;False;False;1;8.31111111116024;0;8.31111111116024;8.31111111116024
184;13.50;7.50;True;False;False;False;119;18.50;2.50;True;False;False;False;1;10.933333333398;0;10.933333333398;10.933333333398
184;13.50;7.50;True;False;False;False;135;6.50;4.50;True;False;False;False;1;10.3111111109611;0;10.3111111109611;10.3111111109611
184;13.50;7.50;True;False;False;False;142;13.50;4.50;True;False;False;False;2;5.51111111114369;8.00000000009459;3.51111111113187;7.51111111115551
184;13.50;7.50;True;False;False;False;151;8.50;5.50;True;False;False;False;1;13.7333333334145;0;13.7333333334145;13.7333333334145
184;13.50;7.50;True;False;False;False;177;6.50;7.50;True;False;False;False;1;14.3555555553467;0;14.3555555553467;14.3555555553467
184;13.50;7.50;True;False;False;False;190;5.50;8.50;True;False;False;False;3;11.4518518517822;5.76065843685262;9.99999999985448;14.2222222223063
184;13.50;7.50;True;False;False;False;192;7.50;8.50;True;False;False;False;1;8.79999999987194;0;8.79999999987194;8.79999999987194
184;13.50;7.50;True;False;False;False;197;12.50;8.50;True;False;False;False;2;5.46666666664805;0.478024691463276;4.97777777770534;5.95555555559076
184;13.50;7.50;True;False;False;False;198;13.50;8.50;True;False;False;False;1;3.28888888884103;0;3.28888888884103;3.28888888884103
184;13.50;7.50;True;False;False;False;202;17.50;8.50;True;False;False;False;1;8.08888888893671;0;8.08888888893671;8.08888888893671
184;13.50;7.50;True;False;False;False;218;5.50;10.50;True;False;False;False;1;11.0222222222874;0;11.0222222222874;11.0222222222874
184;13.50;7.50;True;False;False;False;219;6.50;10.50;True;False;False;False;1;13.6000000000804;0;13.6000000000804;13.6000000000804
184;13.50;7.50;True;False;False;False;220;7.50;10.50;True;False;False;False;1;9.64444444450146;0;9.64444444450146;9.64444444450146
184;13.50;7.50;True;False;False;False;221;8.50;10.50;True;False;False;False;1;17.5999999997439;0;17.5999999997439;17.5999999997439
184;13.50;7.50;True;False;False;False;225;12.50;10.50;True;False;False;False;2;6.88888888892961;0.568888888895615;6.35555555559313;7.4222222222661
184;13.50;7.50;True;False;False;False;226;13.50;10.50;True;False;False;False;2;3.51111111106002;0;3.51111111106002;3.51111111106002
184;13.50;7.50;True;False;False;False;229;16.50;10.50;True;False;False;False;1;8.93333333320334;0;8.93333333320334;8.93333333320334
184;13.50;7.50;True;False;False;False;232;5.50;11.50;True;False;False;False;1;15.0222222220036;0;15.0222222220036;15.0222222220036
184;13.50;7.50;True;False;False;False;234;7.50;11.50;True;False;False;False;1;13.0666666664765;0;13.0666666664765;13.0666666664765
184;13.50;7.50;True;False;False;False;239;12.50;11.50;True;False;False;False;1;7.33333333322662;0;7.33333333322662;7.33333333322662
184;13.50;7.50;True;False;False;False;260;5.50;13.50;True;False;False;False;2;15.7333333332435;9.10222222076988;13.6000000000804;17.8666666664067
184;13.50;7.50;True;False;False;False;261;6.50;13.50;True;False;False;False;1;13.5555555553583;0;13.5555555553583;13.5555555553583
184;13.50;7.50;True;False;False;False;263;8.50;13.50;True;False;False;False;1;12.2222222222945;0;12.2222222222945;12.2222222222945
184;13.50;7.50;True;False;False;False;287;18.50;14.50;True;False;False;False;1;12.2666666667392;0;12.2666666667392;12.2666666667392
186;15.50;7.50;True;False;False;False;22;0.50;6.50;False;False;True;False;2;135.355555553586;34.5372839496121;131.199999998091;139.511111109081
186;15.50;7.50;True;False;False;False;30;0.50;12.50;False;False;True;False;3;150.533333332259;173.655308680988;137.333333331335;163.688888889857
186;15.50;7.50;True;False;False;False;140;11.50;4.50;True;False;False;False;1;9.5555555554165;0;9.5555555554165;9.5555555554165
186;15.50;7.50;True;False;False;False;155;12.50;5.50;True;False;False;False;1;7.60000000004493;0;7.60000000004493;7.60000000004493
186;15.50;7.50;True;False;False;False;181;10.50;7.50;True;False;False;False;1;18.444444444176;0;18.444444444176;18.444444444176
186;15.50;7.50;True;False;False;False;197;12.50;8.50;True;False;False;False;1;6.79999999990105;0;6.79999999990105;6.79999999990105
186;15.50;7.50;True;False;False;False;224;11.50;10.50;True;False;False;False;1;10.3111111109611;0;10.3111111109611;10.3111111109611
186;15.50;7.50;True;False;False;False;240;13.50;11.50;True;False;False;False;1;8.26666666654637;0;8.26666666654637;8.26666666654637
186;15.50;7.50;True;False;False;False;245;18.50;11.50;True;False;False;False;1;8.31111111099017;0;8.31111111099017;8.31111111099017
187;16.50;7.50;True;False;False;False;6;23.50;3.50;False;True;False;False;1;12.9333333334098;0;12.9333333334098;12.9333333334098
187;16.50;7.50;True;False;False;False;14;23.50;9.50;False;True;False;False;2;19.7111111108243;3.2088888887955;18.444444444176;20.9777777774725
187;16.50;7.50;True;False;False;False;30;0.50;12.50;False;False;True;False;1;143.022222223068;0;143.022222223068;143.022222223068
187;16.50;7.50;True;False;False;False;92;5.50;1.50;True;False;False;False;1;18.9333333330578;0;18.9333333330578;18.9333333330578
187;16.50;7.50;True;False;False;False;103;16.50;1.50;True;False;False;False;1;5.51111111103091;0;5.51111111103091;5.51111111103091
187;16.50;7.50;True;False;False;False;104;17.50;1.50;True;False;False;False;1;8.93333333320334;0;8.93333333320334;8.93333333320334
187;16.50;7.50;True;False;False;False;109;8.50;2.50;True;False;False;False;1;12.311111110932;0;12.311111110932;12.311111110932
187;16.50;7.50;True;False;False;False;117;16.50;2.50;True;False;False;False;1;4.84444444437395;0;4.84444444437395;4.84444444437395
187;16.50;7.50;True;False;False;False;134;5.50;4.50;True;False;False;False;2;16.4666666665935;0.0799999998645217;16.2666666667628;16.6666666664241
187;16.50;7.50;True;False;False;False;149;6.50;5.50;True;False;False;False;1;11.644444444275;0;11.644444444275;11.644444444275
187;16.50;7.50;True;False;False;False;155;12.50;5.50;True;False;False;False;1;8.88888888894144;0;8.88888888894144;8.88888888894144
187;16.50;7.50;True;False;False;False;161;18.50;5.50;True;False;False;False;1;6.93333333323244;0;6.93333333323244;6.93333333323244
187;16.50;7.50;True;False;False;False;181;10.50;7.50;True;False;False;False;1;12.5777777775947;0;12.5777777775947;12.5777777775947
187;16.50;7.50;True;False;False;False;192;7.50;8.50;True;False;False;False;2;11.0888888887275;0.222222222215755;10.755555555399;11.422222222056
187;16.50;7.50;True;False;False;False;197;12.50;8.50;True;False;False;False;1;7.24444444433902;0;7.24444444433902;7.24444444433902
187;16.50;7.50;True;False;False;False;218;5.50;10.50;True;False;False;False;1;17.4666666664125;0;17.4666666664125;17.4666666664125
187;16.50;7.50;True;False;False;False;221;8.50;10.50;True;False;False;False;2;12.5999999998166;1.99999999994179;11.5999999998312;13.5999999998021
187;16.50;7.50;True;False;False;False;229;16.50;10.50;True;False;False;False;1;4.71111111104256;0;4.71111111104256;4.71111111104256
187;16.50;7.50;True;False;False;False;231;18.50;10.50;True;False;False;False;1;8.08888888877118;0;8.08888888877118;8.08888888877118
187;16.50;7.50;True;False;False;False;232;5.50;11.50;True;False;False;False;2;18.2888888886228;0.522469135787263;17.7777777775191;18.7999999997264
187;16.50;7.50;True;False;False;False;242;15.50;11.50;True;False;False;False;1;6.84444444434484;0;6.84444444434484;6.84444444434484
187;16.50;7.50;True;False;False;False;268;13.50;13.50;True;False;False;False;2;10.2666666666159;0.774320987386181;9.64444444450146;10.8888888887304
187;16.50;7.50;True;False;False;False;270;15.50;13.50;True;False;False;False;1;8.79999999987194;0;8.79999999987194;8.79999999987194
187;16.50;7.50;True;False;False;False;273;18.50;13.50;True;False;False;False;1;9.19999999986612;0;9.19999999986612;9.19999999986612
187;16.50;7.50;True;False;False;False;274;5.50;14.50;True;False;False;False;1;15.6444444442168;0;15.6444444442168;15.6444444442168
187;16.50;7.50;True;False;False;False;279;10.50;14.50;True;False;False;False;1;12.9333333331451;0;12.9333333331451;12.9333333331451
187;16.50;7.50;True;False;False;False;286;17.50;14.50;True;False;False;False;1;9.46666666672263;0;9.46666666672263;9.46666666672263
188;17.50;7.50;True;False;False;False;14;23.50;9.50;False;True;False;False;2;18.5777777775074;0.0355555555545208;18.444444444176;18.7111111108388
188;17.50;7.50;True;False;False;False;136;7.50;4.50;True;False;False;False;1;13.5555555553583;0;13.5555555553583;13.5555555553583
188;17.50;7.50;True;False;False;False;151;8.50;5.50;True;False;False;False;1;12.2222222220444;0;12.2222222220444;12.2222222220444
189;18.50;7.50;True;False;False;False;22;0.50;6.50;False;False;True;False;4;118.144444443849;1445.60378591366;96.0444444440295;174.799999997456
189;18.50;7.50;True;False;False;False;30;0.50;12.50;False;False;True;False;4;126.200000000365;1593.91934155969;85.5555555560613;170.266666667673
189;18.50;7.50;True;False;False;False;187;16.50;7.50;True;False;False;False;1;2.84444444446126;0;2.84444444446126;2.84444444446126
189;18.50;7.50;True;False;False;False;190;5.50;8.50;True;False;False;False;1;15.8666666667605;0;15.8666666667605;15.8666666667605
189;18.50;7.50;True;False;False;False;195;10.50;8.50;True;False;False;False;1;10.3999999998487;0;10.3999999998487;10.3999999998487
189;18.50;7.50;True;False;False;False;224;11.50;10.50;True;False;False;False;1;10.3111111111061;0;10.3111111111061;10.3111111111061
189;18.50;7.50;True;False;False;False;225;12.50;10.50;True;False;False;False;1;9.64444444444595;0;9.64444444444595;9.64444444444595
189;18.50;7.50;True;False;False;False;235;8.50;11.50;True;False;False;False;1;14.0444444445275;0;14.0444444445275;14.0444444445275
189;18.50;7.50;True;False;False;False;240;13.50;11.50;True;False;False;False;1;10.2666666667274;0;10.2666666667274;10.2666666667274
189;18.50;7.50;True;False;False;False;263;8.50;13.50;True;False;False;False;1;14.9333333332688;0;14.9333333332688;14.9333333332688
189;18.50;7.50;True;False;False;False;266;11.50;13.50;True;False;False;False;1;13.5111111110527;0;13.5111111110527;13.5111111110527
190;5.50;8.50;True;False;False;False;6;23.50;3.50;False;True;False;False;14;26.3873015871787;7.92689187420178;24.4000000001442;34.5777777779822
190;5.50;8.50;True;False;False;False;14;23.50;9.50;False;True;False;False;9;31.249382715993;6.13256515833304;29.4666666662379;37.6000000002223
190;5.50;8.50;True;False;False;False;22;0.50;6.50;False;False;True;False;12;130.666666666345;2718.48691359011;59.9999999997408;218.088888890178
190;5.50;8.50;True;False;False;False;30;0.50;12.50;False;False;True;False;9;132.177777777067;1225.83111112582;81.4222222210374;196.311111111267
190;5.50;8.50;True;False;False;False;140;11.50;4.50;True;False;False;False;1;10.3111111111193;0;10.3111111111193;10.3111111111193
190;5.50;8.50;True;False;False;False;154;11.50;5.50;True;False;False;False;2;10.3777777776268;0.0246913580239727;10.2666666665173;10.4888888887363
190;5.50;8.50;True;False;False;False;155;12.50;5.50;True;False;False;False;5;13.1377777777558;3.34182716075119;11.1555555553932;16.088888888984
190;5.50;8.50;True;False;False;False;179;8.50;7.50;True;False;False;False;1;6.17777777778269;0;6.17777777778269;6.17777777778269
190;5.50;8.50;True;False;False;False;181;10.50;7.50;True;False;False;False;7;7.86031746030108;0.186619635514819;7.51111111107866;8.44444444449437
190;5.50;8.50;True;False;False;False;182;11.50;7.50;True;False;False;False;6;9.14814814816752;0.490205761236892;8.17777777782612;10.1777777776297
190;5.50;8.50;True;False;False;False;183;12.50;7.50;True;False;False;False;4;10.133333333321;3.5529218108812;8.84444444449673;12.9333333334098
190;5.50;8.50;True;False;False;False;184;13.50;7.50;True;False;False;False;1;13.5999999998021;0;13.5999999998021;13.5999999998021
190;5.50;8.50;True;False;False;False;192;7.50;8.50;True;False;False;False;3;2.844444444417;5.83431865702461E-22;2.84444444440305;2.84444444444489
190;5.50;8.50;True;False;False;False;193;8.50;8.50;True;False;False;False;2;3.51111111109594;2.58121710147172E-21;3.51111111106002;3.51111111113187
190;5.50;8.50;True;False;False;False;195;10.50;8.50;True;False;False;False;1;10.7999999998428;0;10.7999999998428;10.7999999998428
190;5.50;8.50;True;False;False;False;196;11.50;8.50;True;False;False;False;1;14.3111111109029;0;14.3111111109029;14.3111111109029
190;5.50;8.50;True;False;False;False;197;12.50;8.50;True;False;False;False;2;9.95555555541068;28.5432098757125;6.17777777768788;13.7333333331335
190;5.50;8.50;True;False;False;False;198;13.50;8.50;True;False;False;False;3;11.8962962961958;18.8055967072876;6.88888888885913;14.3999999999378
190;5.50;8.50;True;False;False;False;223;10.50;10.50;True;False;False;False;1;8.31111111099017;0;8.31111111099017;8.31111111099017
190;5.50;8.50;True;False;False;False;224;11.50;10.50;True;False;False;False;2;9.28888888881973;0.193580246825801;8.97777777777915;9.5999999998603
190;5.50;8.50;True;False;False;False;225;12.50;10.50;True;False;False;False;1;10.0444444445038;0;10.0444444445038;10.0444444445038
191;6.50;8.50;True;False;False;False;14;23.50;9.50;False;True;False;False;2;41.3777777780224;156.448395063578;32.5333333335257;50.2222222225191
191;6.50;8.50;True;False;False;False;22;0.50;6.50;False;False;True;False;2;140.333333331291;326.54320986704;127.555555553699;153.111111108883
191;6.50;8.50;True;False;False;False;30;0.50;12.50;False;False;True;False;2;98.3333333319024;587.102222205135;81.1999999988184;115.466666664986
191;6.50;8.50;True;False;False;False;181;10.50;7.50;True;False;False;False;1;11.7777777776064;0;11.7777777776064;11.7777777776064
191;6.50;8.50;True;False;False;False;184;13.50;7.50;True;False;False;False;1;12.8888888889651;0;12.8888888889651;12.8888888889651
191;6.50;8.50;True;False;False;False;219;6.50;10.50;True;False;False;False;1;3.46666666661622;0;3.46666666661622;3.46666666661622
191;6.50;8.50;True;False;False;False;221;8.50;10.50;True;False;False;False;1;6.31111111101927;0;6.31111111101927;6.31111111101927
191;6.50;8.50;True;False;False;False;224;11.50;10.50;True;False;False;False;1;8.93333333320334;0;8.93333333320334;8.93333333320334
191;6.50;8.50;True;False;False;False;225;12.50;10.50;True;False;False;False;1;9.59999999995853;0;9.59999999995853;9.59999999995853
191;6.50;8.50;True;False;False;False;234;7.50;11.50;True;False;False;False;1;6.79999999990105;0;6.79999999990105;6.79999999990105
191;6.50;8.50;True;False;False;False;235;8.50;11.50;True;False;False;False;1;7.59999999988941;0;7.59999999988941;7.59999999988941
191;6.50;8.50;True;False;False;False;263;8.50;13.50;True;False;False;False;1;9.73333333319169;0;9.73333333319169;9.73333333319169
191;6.50;8.50;True;False;False;False;266;11.50;13.50;True;False;False;False;1;10.9333333332861;0;10.9333333332861;10.9333333332861
192;7.50;8.50;True;False;False;False;14;23.50;9.50;False;True;False;False;1;35.3333333331807;0;35.3333333331807;35.3333333331807
192;7.50;8.50;True;False;False;False;22;0.50;6.50;False;False;True;False;6;135.933333332811;2510.20069142696;74.1333333333923;219.911111112411
192;7.50;8.50;True;False;False;False;30;0.50;12.50;False;False;True;False;5;118.408888887993;510.119901213745;86.1333333320799;148.711111108947
192;7.50;8.50;True;False;False;False;94;7.50;1.50;True;False;False;False;1;10.7999999998428;0;10.7999999998428;10.7999999998428
192;7.50;8.50;True;False;False;False;113;12.50;2.50;True;False;False;False;1;10.977777777618;0;10.977777777618;10.977777777618
192;7.50;8.50;True;False;False;False;137;8.50;4.50;True;False;False;False;1;6.84444444448491;0;6.84444444448491;6.84444444448491
192;7.50;8.50;True;False;False;False;140;11.50;4.50;True;False;False;False;1;8.97777777778492;0;8.97777777778492;8.97777777778492
192;7.50;8.50;True;False;False;False;154;11.50;5.50;True;False;False;False;1;8.31111111099017;0;8.31111111099017;8.31111111099017
192;7.50;8.50;True;False;False;False;155;12.50;5.50;True;False;False;False;1;10.9777777778427;0;10.9777777778427;10.9777777778427
192;7.50;8.50;True;False;False;False;181;10.50;7.50;True;False;False;False;1;6.88888888889437;0;6.88888888889437;6.88888888889437
192;7.50;8.50;True;False;False;False;183;12.50;7.50;True;False;False;False;2;11.288888888872;2.67061728407468;10.1333333332896;12.4444444444543
192;7.50;8.50;True;False;False;False;184;13.50;7.50;True;False;False;False;1;9.5555555554165;0;9.5555555554165;9.5555555554165
192;7.50;8.50;True;False;False;False;190;5.50;8.50;True;False;False;False;3;5.65925925919695;7.39818930010177;4.08888888882939;8.79999999987194
192;7.50;8.50;True;False;False;False;195;10.50;8.50;True;False;False;False;1;14.9777777775598;0;14.9777777775598;14.9777777775598
192;7.50;8.50;True;False;False;False;218;5.50;10.50;True;False;False;False;2;6.93333333330338;1.00651336935452E-20;6.93333333323244;6.93333333337432
192;7.50;8.50;True;False;False;False;224;11.50;10.50;True;False;False;False;1;9.02222222218325;0;9.02222222218325;9.02222222218325
192;7.50;8.50;True;False;False;False;232;5.50;11.50;True;False;False;False;2;7.97777777766169;0.285432098757125;7.59999999988941;8.35555555543397
192;7.50;8.50;True;False;False;False;234;7.50;11.50;True;False;False;False;1;4.13333333327319;0;4.13333333327319;4.13333333327319
192;7.50;8.50;True;False;False;False;237;10.50;11.50;True;False;False;False;1;8.26666666654637;0;8.26666666654637;8.26666666654637
192;7.50;8.50;True;False;False;False;240;13.50;11.50;True;False;False;False;1;11.2444444442808;0;11.2444444442808;11.2444444442808
192;7.50;8.50;True;False;False;False;274;5.50;14.50;True;False;False;False;2;11.1777777776151;4.97876543195386;9.5999999998603;12.7555555553699
193;8.50;8.50;True;False;False;False;6;23.50;3.50;False;True;False;False;1;30.533333332889;0;30.533333332889;30.533333332889
193;8.50;8.50;True;False;False;False;22;0.50;6.50;False;False;True;False;5;129.751111109266;4836.59516034135;21.0666666665757;211.155555552483
193;8.50;8.50;True;False;False;False;30;0.50;12.50;False;False;True;False;5;165.164444445002;943.736691327989;128.755555556317;204.53333333245
193;8.50;8.50;True;False;False;False;135;6.50;4.50;True;False;False;False;1;8.26666666671554;0;8.26666666671554;8.26666666671554
193;8.50;8.50;True;False;False;False;148;5.50;5.50;True;False;False;False;1;8.26666666654637;0;8.26666666654637;8.26666666654637
193;8.50;8.50;True;False;False;False;151;8.50;5.50;True;False;False;False;1;3.51111111109594;0;3.51111111109594;3.51111111109594
193;8.50;8.50;True;False;False;False;154;11.50;5.50;True;False;False;False;1;10.7111111109552;0;10.7111111109552;10.7111111109552
193;8.50;8.50;True;False;False;False;178;7.50;7.50;True;False;False;False;1;4.71111111104256;0;4.71111111104256;4.71111111104256
193;8.50;8.50;True;False;False;False;179;8.50;7.50;True;False;False;False;2;2.35555555552128;0.193580246907946;2.04444444441469;2.66666666662786
193;8.50;8.50;True;False;False;False;182;11.50;7.50;True;False;False;False;2;10.2666666665868;24.0355555538912;6.8000000000402;13.7333333331335
193;8.50;8.50;True;False;False;False;183;12.50;7.50;True;False;False;False;1;10.9333333332861;0;10.9333333332861;10.9333333332861
193;8.50;8.50;True;False;False;False;186;15.50;7.50;True;False;False;False;1;8.88888888875954;0;8.88888888875954;8.88888888875954
193;8.50;8.50;True;False;False;False;190;5.50;8.50;True;False;False;False;3;5.15555555550873;1.6138271603604;4.13333333335777;6.57777777768206
193;8.50;8.50;True;False;False;False;195;10.50;8.50;True;False;False;False;1;3.99999999994179;0;3.99999999994179;3.99999999994179
193;8.50;8.50;True;False;False;False;221;8.50;10.50;True;False;False;False;2;4.02222222220553;0.00888888889978666;3.95555555549799;4.08888888891306
193;8.50;8.50;True;False;False;False;223;10.50;10.50;True;False;False;False;1;6.93333333323244;0;6.93333333323244;6.93333333323244
193;8.50;8.50;True;False;False;False;226;13.50;10.50;True;False;False;False;1;13.1111111109203;0;13.1111111109203;13.1111111109203
193;8.50;8.50;True;False;False;False;234;7.50;11.50;True;False;False;False;1;6.8000000000402;0;6.8000000000402;6.8000000000402
193;8.50;8.50;True;False;False;False;235;8.50;11.50;True;False;False;False;2;4.82222222225073;0.00888888888899399;4.75555555558367;4.88888888891779
193;8.50;8.50;True;False;False;False;239;12.50;11.50;True;False;False;False;1;10.1777777776297;0;10.1777777776297;10.1777777776297
193;8.50;8.50;True;False;False;False;240;13.50;11.50;True;False;False;False;1;12.2666666666137;0;12.2666666666137;12.2666666666137
195;10.50;8.50;True;False;False;False;14;23.50;9.50;False;True;False;False;1;25.1111111111311;0;25.1111111111311;25.1111111111311
195;10.50;8.50;True;False;False;False;22;0.50;6.50;False;False;True;False;3;121.65925925782;5919.26979399378;48.5333333336202;201.911111108173
195;10.50;8.50;True;False;False;False;30;0.50;12.50;False;False;True;False;3;59.0814814806217;530.286090519546;36.3555555550265;82.3999999988009
195;10.50;8.50;True;False;False;False;92;5.50;1.50;True;False;False;False;1;13.4666666664707;0;13.4666666664707;13.4666666664707
195;10.50;8.50;True;False;False;False;100;13.50;1.50;True;False;False;False;1;11.866666666494;0;11.866666666494;11.866666666494
195;10.50;8.50;True;False;False;False;106;5.50;2.50;True;False;False;False;1;11.5999999998312;0;11.5999999998312;11.5999999998312
195;10.50;8.50;True;False;False;False;109;8.50;2.50;True;False;False;False;1;8.97777777764713;0;8.97777777764713;8.97777777764713
195;10.50;8.50;True;False;False;False;142;13.50;4.50;True;False;False;False;1;10.9333333331742;0;10.9333333331742;10.9333333331742
195;10.50;8.50;True;False;False;False;144;15.50;4.50;True;False;False;False;1;12.6222222222968;0;12.6222222222968;12.6222222222968
195;10.50;8.50;True;False;False;False;150;7.50;5.50;True;False;False;False;1;11.5999999999499;0;11.5999999999499;11.5999999999499
195;10.50;8.50;True;False;False;False;154;11.50;5.50;True;False;False;False;1;6.17777777768788;0;6.17777777768788;6.17777777768788
195;10.50;8.50;True;False;False;False;176;5.50;7.50;True;False;False;False;1;10.5777777778403;0;10.5777777778403;10.5777777778403
195;10.50;8.50;True;False;False;False;179;8.50;7.50;True;False;False;False;1;6.75555555545725;0;6.75555555545725;6.75555555545725
195;10.50;8.50;True;False;False;False;181;10.50;7.50;True;False;False;False;2;2.44444444443798;0.320000000037253;2.04444444441469;2.84444444446126
195;10.50;8.50;True;False;False;False;182;11.50;7.50;True;False;False;False;1;5.95555555546889;0;5.95555555546889;5.95555555546889
195;10.50;8.50;True;False;False;False;184;13.50;7.50;True;False;False;False;1;6.1777777778143;0;6.1777777778143;6.1777777778143
195;10.50;8.50;True;False;False;False;190;5.50;8.50;True;False;False;False;3;7.24444444433902;6.55012345659949;5.46666666658712;10.1777777776297
195;10.50;8.50;True;False;False;False;193;8.50;8.50;True;False;False;False;2;3.7777777777228;0.193580246907946;3.46666666661622;4.08888888882939
195;10.50;8.50;True;False;False;False;196;11.50;8.50;True;False;False;False;1;2.04444444441469;0;2.04444444441469;2.04444444441469
195;10.50;8.50;True;False;False;False;221;8.50;10.50;True;False;False;False;4;7.93333333325336;5.91736625487723;6.31111111101927;11.5555555553874
195;10.50;8.50;True;False;False;False;224;11.50;10.50;True;False;False;False;2;7.91111111104215;2.46913580260242;6.79999999990105;9.02222222218325
195;10.50;8.50;True;False;False;False;234;7.50;11.50;True;False;False;False;2;8.22222222214486;0.00395061729135413;8.17777777765878;8.26666666663095
195;10.50;8.50;True;False;False;False;237;10.50;11.50;True;False;False;False;2;5.66666666670017;4.70222222227782;4.13333333335777;7.20000000004256
195;10.50;8.50;True;False;False;False;239;12.50;11.50;True;False;False;False;1;10.6666666665114;0;10.6666666665114;10.6666666665114
195;10.50;8.50;True;False;False;False;242;15.50;11.50;True;False;False;False;1;14.2222222220153;0;14.2222222220153;14.2222222220153
195;10.50;8.50;True;False;False;False;244;17.50;11.50;True;False;False;False;1;15.6444444442168;0;15.6444444442168;15.6444444442168
195;10.50;8.50;True;False;False;False;263;8.50;13.50;True;False;False;False;1;11.0666666667321;0;11.0666666667321;11.0666666667321
195;10.50;8.50;True;False;False;False;268;13.50;13.50;True;False;False;False;1;9.5999999998603;0;9.5999999998603;9.5999999998603
195;10.50;8.50;True;False;False;False;274;5.50;14.50;True;False;False;False;2;12.6666666664823;5.70469135785866;10.977777777618;14.3555555553467
196;11.50;8.50;True;False;False;False;30;0.50;12.50;False;False;True;False;7;132.171428571252;2966.32785428086;73.3333333322662;208.800000000166
196;11.50;8.50;True;False;False;False;100;13.50;1.50;True;False;False;False;1;9.6444444443041;0;9.6444444443041;9.6444444443041
196;11.50;8.50;True;False;False;False;106;5.50;2.50;True;False;False;False;1;12.2666666666764;0;12.2666666666764;12.2666666666764
196;11.50;8.50;True;False;False;False;111;10.50;2.50;True;False;False;False;1;8.800000000007;0;8.800000000007;8.800000000007
196;11.50;8.50;True;False;False;False;113;12.50;2.50;True;False;False;False;1;9.6888888888966;0;9.6888888888966;9.6888888888966
196;11.50;8.50;True;False;False;False;114;13.50;2.50;True;False;False;False;1;9.59999999996103;0;9.59999999996103;9.59999999996103
196;11.50;8.50;True;False;False;False;134;5.50;4.50;True;False;False;False;1;10.9333333332861;0;10.9333333332861;10.9333333332861
196;11.50;8.50;True;False;False;False;142;13.50;4.50;True;False;False;False;1;8.88888888889596;0;8.88888888889596;8.88888888889596
196;11.50;8.50;True;False;False;False;148;5.50;5.50;True;False;False;False;1;10.8888888888976;0;10.8888888888976;10.8888888888976
196;11.50;8.50;True;False;False;False;151;8.50;5.50;True;False;False;False;2;10.9555555553961;8.54222222197361;8.88888888875954;13.0222222220327
196;11.50;8.50;True;False;False;False;154;11.50;5.50;True;False;False;False;2;6.9111111110542;13.9861728386373;4.26666666669189;9.5555555554165
196;11.50;8.50;True;False;False;False;177;6.50;7.50;True;False;False;False;1;8.13333333321498;0;8.13333333321498;8.13333333321498
196;11.50;8.50;True;False;False;False;181;10.50;7.50;True;False;False;False;2;4.68888888888057;0.000987654319918044;4.66666666667038;4.71111111109076
196;11.50;8.50;True;False;False;False;184;13.50;7.50;True;False;False;False;1;5.51111111103091;0;5.51111111103091;5.51111111103091
196;11.50;8.50;True;False;False;False;190;5.50;8.50;True;False;False;False;2;10.4444444443402;35.6543209858102;6.22222222222717;14.6666666664532
196;11.50;8.50;True;False;False;False;192;7.50;8.50;True;False;False;False;1;9.46666666672263;0;9.46666666672263;9.46666666672263
196;11.50;8.50;True;False;False;False;195;10.50;8.50;True;False;False;False;2;2.33333333334201;0.222222222231671;2.00000000000159;2.66666666668243
196;11.50;8.50;True;False;False;False;200;15.50;8.50;True;False;False;False;1;9.4666666666742;0;9.4666666666742;9.4666666666742
196;11.50;8.50;True;False;False;False;221;8.50;10.50;True;False;False;False;1;8.93333333338614;0;8.93333333338614;8.93333333338614
196;11.50;8.50;True;False;False;False;224;11.50;10.50;True;False;False;False;1;3.7777777777228;0;3.7777777777228;3.7777777777228
196;11.50;8.50;True;False;False;False;226;13.50;10.50;True;False;False;False;1;6.31111111114842;0;6.31111111114842;6.31111111114842
196;11.50;8.50;True;False;False;False;229;16.50;10.50;True;False;False;False;1;14.3999999997905;0;14.3999999997905;14.3999999997905
196;11.50;8.50;True;False;False;False;233;6.50;11.50;True;False;False;False;1;32.8888888884103;0;32.8888888884103;32.8888888884103
196;11.50;8.50;True;False;False;False;260;5.50;13.50;True;False;False;False;3;13.4222222221157;4.65975308626308;10.9777777777304;15.0666666666016
196;11.50;8.50;True;False;False;False;261;6.50;13.50;True;False;False;False;2;10.3111111111193;0;10.3111111111193;10.3111111111193
196;11.50;8.50;True;False;False;False;263;8.50;13.50;True;False;False;False;1;10.8444444442866;0;10.8444444442866;10.8444444442866
197;12.50;8.50;True;False;False;False;22;0.50;6.50;False;False;True;False;4;154.0333333321;661.807901244914;128.355555555001;182.755555555616
197;12.50;8.50;True;False;False;False;30;0.50;12.50;False;False;True;False;6;136.622222220817;4436.31644430576;55.555555555884;219.911111107911
197;12.50;8.50;True;False;False;False;93;6.50;1.50;True;False;False;False;1;12.3111111111052;0;12.3111111111052;12.3111111111052
197;12.50;8.50;True;False;False;False;106;5.50;2.50;True;False;False;False;1;12.9333333333436;0;12.9333333333436;12.9333333333436
197;12.50;8.50;True;False;False;False;107;6.50;2.50;True;False;False;False;1;11.644444444275;0;11.644444444275;11.644444444275
197;12.50;8.50;True;False;False;False;111;10.50;2.50;True;False;False;False;1;10.2222222220735;0;10.2222222220735;10.2222222220735
197;12.50;8.50;True;False;False;False;114;13.50;2.50;True;False;False;False;1;8.79999999987194;0;8.79999999987194;8.79999999987194
197;12.50;8.50;True;False;False;False;117;16.50;2.50;True;False;False;False;1;13.6000000000804;0;13.6000000000804;13.6000000000804
197;12.50;8.50;True;False;False;False;119;18.50;2.50;True;False;False;False;1;11.6444444444537;0;11.6444444444537;11.6444444444537
197;12.50;8.50;True;False;False;False;134;5.50;4.50;True;False;False;False;2;13.3111111110218;0.166913580362655;13.0222222220327;13.6000000000108
197;12.50;8.50;True;False;False;False;139;10.50;4.50;True;False;False;False;1;16.2666666666588;0;16.2666666666588;16.2666666666588
197;12.50;8.50;True;False;False;False;140;11.50;4.50;True;False;False;False;2;7.93333333333965;0.435555555556249;7.46666666667261;8.40000000000668
197;12.50;8.50;True;False;False;False;145;16.50;4.50;True;False;False;False;3;9.8962962962521;0.0836213991331188;9.60000000000764;10.1777777776297
197;12.50;8.50;True;False;False;False;147;18.50;4.50;True;False;False;False;1;11.5555555555056;0;11.5555555555056;11.5555555555056
197;12.50;8.50;True;False;False;False;148;5.50;5.50;True;False;False;False;2;14.8666666665881;19.0824691369495;11.7777777776064;17.9555555555698
197;12.50;8.50;True;False;False;False;156;13.50;5.50;True;False;False;False;4;7.57777777777324;3.35209876562008;6.17777777768788;10.2666666667274
197;12.50;8.50;True;False;False;False;176;5.50;7.50;True;False;False;False;2;14.5333333331884;51.3422222193784;9.46666666666209;19.5999999997148
197;12.50;8.50;True;False;False;False;178;7.50;7.50;True;False;False;False;1;7.51111111111709;0;7.51111111111709;7.51111111111709
197;12.50;8.50;True;False;False;False;179;8.50;7.50;True;False;False;False;2;10.2444444442954;0.00888888888863019;10.1777777776297;10.3111111109611
197;12.50;8.50;True;False;False;False;182;11.50;7.50;True;False;False;False;1;4.71111111104256;0;4.71111111104256;4.71111111104256
197;12.50;8.50;True;False;False;False;183;12.50;7.50;True;False;False;False;1;0.533333407169266;0;0.533333407169266;0.533333407169266
197;12.50;8.50;True;False;False;False;186;15.50;7.50;True;False;False;False;2;6.48888888879446;0.193580246907946;6.17777777768788;6.79999999990105
197;12.50;8.50;True;False;False;False;189;18.50;7.50;True;False;False;False;1;9.15555555542232;0;9.15555555542232;9.15555555542232
197;12.50;8.50;True;False;False;False;190;5.50;8.50;True;False;False;False;2;7.42222222217117;6.48822377910695E-21;7.42222222211421;7.42222222222813
197;12.50;8.50;True;False;False;False;192;7.50;8.50;True;False;False;False;1;10.977777777618;0;10.977777777618;10.977777777618
197;12.50;8.50;True;False;False;False;193;8.50;8.50;True;False;False;False;1;10.1333333331859;0;10.1333333331859;10.1333333331859
197;12.50;8.50;True;False;False;False;195;10.50;8.50;True;False;False;False;1;4.08888888882939;0;4.08888888882939;4.08888888882939
197;12.50;8.50;True;False;False;False;198;13.50;8.50;True;False;False;False;4;2.46666666663077;0.270617283942741;2.04444444441469;3.11111111106584
197;12.50;8.50;True;False;False;False;223;10.50;10.50;True;False;False;False;3;7.33333333332515;0.12049382712756;6.93333333337432;7.55555555544561
197;12.50;8.50;True;False;False;False;224;11.50;10.50;True;False;False;False;5;6.25777777769927;0.0774320987592739;6.13333333324408;6.75555555545725
197;12.50;8.50;True;False;False;False;226;13.50;10.50;True;False;False;False;1;6.75555555545725;0;6.75555555545725;6.75555555545725
197;12.50;8.50;True;False;False;False;228;15.50;10.50;True;False;False;False;1;6.97777777778333;0;6.97777777778333;6.97777777778333
197;12.50;8.50;True;False;False;False;232;5.50;11.50;True;False;False;False;4;10.988888888729;0.0123456790119864;10.9333333331742;11.1555555553932
197;12.50;8.50;True;False;False;False;235;8.50;11.50;True;False;False;False;2;8.8888888888564;0.66765432119208;8.31111111099017;9.46666666672263
197;12.50;8.50;True;False;False;False;260;5.50;13.50;True;False;False;False;1;13.155555555566;0;13.155555555566;13.155555555566
197;12.50;8.50;True;False;False;False;261;6.50;13.50;True;False;False;False;2;11.3111111110355;0.16691358034492;11.0222222220618;11.6000000000092
197;12.50;8.50;True;False;False;False;274;5.50;14.50;True;False;False;False;2;13.5555555554623;2.16417590107721E-20;13.5555555553583;13.5555555555663
197;12.50;8.50;True;False;False;False;277;8.50;14.50;True;False;False;False;1;10.933333333342;0;10.933333333342;10.933333333342
197;12.50;8.50;True;False;False;False;279;10.50;14.50;True;False;False;False;2;10.3333333333378;1.0755555554022;9.60000000005675;11.0666666666189
198;13.50;8.50;True;False;False;False;14;23.50;9.50;False;True;False;False;1;23.8666666666857;0;23.8666666666857;23.8666666666857
198;13.50;8.50;True;False;False;False;22;0.50;6.50;False;False;True;False;5;143.279999998873;208.080395027043;123.155555556284;163.3777777754
198;13.50;8.50;True;False;False;False;30;0.50;12.50;False;False;True;False;7;143.244444443003;1940.93037035016;73.5111111107935;207.288888887993
198;13.50;8.50;True;False;False;False;111;10.50;2.50;True;False;False;False;1;12.2666666664882;0;12.2666666664882;12.2666666664882
198;13.50;8.50;True;False;False;False;113;12.50;2.50;True;False;False;False;1;8.80000000005202;0;8.80000000005202;8.80000000005202
198;13.50;8.50;True;False;False;False;114;13.50;2.50;True;False;False;False;1;5.55555555547471;0;5.55555555547471;5.55555555547471
198;13.50;8.50;True;False;False;False;136;7.50;4.50;True;False;False;False;1;11.7777777776064;0;11.7777777776064;11.7777777776064
198;13.50;8.50;True;False;False;False;137;8.50;4.50;True;False;False;False;1;10.8888888887304;0;10.8888888887304;10.8888888887304
198;13.50;8.50;True;False;False;False;139;10.50;4.50;True;False;False;False;2;8.31111111107521;0;8.31111111107521;8.31111111107521
198;13.50;8.50;True;False;False;False;141;12.50;4.50;True;False;False;False;1;10.9333333331742;0;10.9333333331742;10.9333333331742
198;13.50;8.50;True;False;False;False;148;5.50;5.50;True;False;False;False;1;12.2222222222319;0;12.2222222222319;12.2222222222319
198;13.50;8.50;True;False;False;False;150;7.50;5.50;True;False;False;False;2;11.9333333333343;5.5555555551574;10.2666666667274;13.5999999999412
198;13.50;8.50;True;False;False;False;158;15.50;5.50;True;False;False;False;2;6.97777777767624;0;6.97777777767624;6.97777777767624
198;13.50;8.50;True;False;False;False;181;10.50;7.50;True;False;False;False;1;8.80000000005202;0;8.80000000005202;8.80000000005202
198;13.50;8.50;True;False;False;False;184;13.50;7.50;True;False;False;False;1;4.26666666660458;0;4.26666666660458;4.26666666660458
198;13.50;8.50;True;False;False;False;186;15.50;7.50;True;False;False;False;1;5.51111111103091;0;5.51111111103091;5.51111111103091
198;13.50;8.50;True;False;False;False;190;5.50;8.50;True;False;False;False;1;8.1333333332982;0;8.1333333332982;8.1333333332982
198;13.50;8.50;True;False;False;False;196;11.50;8.50;True;False;False;False;3;7.48148148144605;12.1409053497382;3.7333333333363;10.6222222222307
198;13.50;8.50;True;False;False;False;197;12.50;8.50;True;False;False;False;3;3.19999999995343;0.0553086419736989;3.02222222217824;3.46666666661622
198;13.50;8.50;True;False;False;False;218;5.50;10.50;True;False;False;False;1;10.3111111110666;0;10.3111111110666;10.3111111110666
198;13.50;8.50;True;False;False;False;220;7.50;10.50;True;False;False;False;1;10.0444444445038;0;10.0444444445038;10.0444444445038
198;13.50;8.50;True;False;False;False;223;10.50;10.50;True;False;False;False;1;9.02222222209093;0;9.02222222209093;9.02222222209093
198;13.50;8.50;True;False;False;False;224;11.50;10.50;True;False;False;False;1;7.73333333329992;0;7.73333333329992;7.73333333329992
198;13.50;8.50;True;False;False;False;226;13.50;10.50;True;False;False;False;1;4.08888888882939;0;4.08888888882939;4.08888888882939
198;13.50;8.50;True;False;False;False;229;16.50;10.50;True;False;False;False;1;8.22222222210257;0;8.22222222210257;8.22222222210257
198;13.50;8.50;True;False;False;False;234;7.50;11.50;True;False;False;False;1;10.2666666667274;0;10.2666666667274;10.2666666667274
198;13.50;8.50;True;False;False;False;240;13.50;11.50;True;False;False;False;1;4.75555555553501;0;4.75555555553501;4.75555555553501
198;13.50;8.50;True;False;False;False;244;17.50;11.50;True;False;False;False;1;8.31111111099017;0;8.31111111099017;8.31111111099017
198;13.50;8.50;True;False;False;False;260;5.50;13.50;True;False;False;False;1;12.9333333331451;0;12.9333333331451;12.9333333331451
198;13.50;8.50;True;False;False;False;263;8.50;13.50;True;False;False;False;1;13.4666666664707;0;13.4666666664707;13.4666666664707
198;13.50;8.50;True;False;False;False;267;12.50;13.50;True;False;False;False;1;8.75555555542815;0;8.75555555542815;8.75555555542815
198;13.50;8.50;True;False;False;False;270;15.50;13.50;True;False;False;False;2;9.24444444430992;0.193580246907946;8.93333333320334;9.5555555554165
198;13.50;8.50;True;False;False;False;274;5.50;14.50;True;False;False;False;1;13.6000000000804;0;13.6000000000804;13.6000000000804
200;15.50;8.50;True;False;False;False;30;0.50;12.50;False;False;True;False;1;181.866666666811;0;181.866666666811;181.866666666811
200;15.50;8.50;True;False;False;False;178;7.50;7.50;True;False;False;False;1;18.0888888889033;0;18.0888888889033;18.0888888889033
200;15.50;8.50;True;False;False;False;197;12.50;8.50;True;False;False;False;1;4.57777777778142;0;4.57777777778142;4.57777777778142
201;16.50;8.50;True;False;False;False;14;23.50;9.50;False;True;False;False;1;32.5333333335257;0;32.5333333335257;32.5333333335257
201;16.50;8.50;True;False;False;False;30;0.50;12.50;False;False;True;False;2;125.355555554908;213.555555500696;115.022222222902;135.688888886914
201;16.50;8.50;True;False;False;False;195;10.50;8.50;True;False;False;False;1;12.0888888889604;0;12.0888888889604;12.0888888889604
201;16.50;8.50;True;False;False;False;224;11.50;10.50;True;False;False;False;1;8.93333333320334;0;8.93333333320334;8.93333333320334
201;16.50;8.50;True;False;False;False;233;6.50;11.50;True;False;False;False;1;12.9333333334098;0;12.9333333334098;12.9333333334098
202;17.50;8.50;True;False;False;False;14;23.50;9.50;False;True;False;False;1;28.6666666665428;0;28.6666666665428;28.6666666665428
202;17.50;8.50;True;False;False;False;22;0.50;6.50;False;False;True;False;2;127.688888888923;6123.55555546833;72.3555555559833;183.022222221862
202;17.50;8.50;True;False;False;False;30;0.50;12.50;False;False;True;False;3;107.407407406917;2495.68460888844;76.1333333337834;165.022222219821
202;17.50;8.50;True;False;False;False;181;10.50;7.50;True;False;False;False;1;9.46666666672263;0;9.46666666672263;9.46666666672263
202;17.50;8.50;True;False;False;False;183;12.50;7.50;True;False;False;False;2;10.5999999998842;19.0824691347723;7.51111111107866;13.6888888886897
202;17.50;8.50;True;False;False;False;224;11.50;10.50;True;False;False;False;1;10.2222222221781;0;10.2222222221781;10.2222222221781
202;17.50;8.50;True;False;False;False;233;6.50;11.50;True;False;False;False;1;13.6000000000804;0;13.6000000000804;13.6000000000804
202;17.50;8.50;True;False;False;False;263;8.50;13.50;True;False;False;False;1;15.7333333334263;0;15.7333333334263;15.7333333334263
218;5.50;10.50;True;False;False;False;6;23.50;3.50;False;True;False;False;1;39.5111111113447;0;39.5111111113447;39.5111111113447
218;5.50;10.50;True;False;False;False;14;23.50;9.50;False;True;False;False;6;32.2888888887598;8.91871605020693;29.866666666232;37.6000000002223
218;5.50;10.50;True;False;False;False;22;0.50;6.50;False;False;True;False;8;113.638888888092;1730.05343918765;63.3333333324117;177.955555556608
218;5.50;10.50;True;False;False;False;30;0.50;12.50;False;False;True;False;6;130.607407407101;1271.03104530174;69.1555555545492;176.311111112153
218;5.50;10.50;True;False;False;False;92;5.50;1.50;True;False;False;False;1;8.1333333332982;0;8.1333333332982;8.1333333332982
218;5.50;10.50;True;False;False;False;155;12.50;5.50;True;False;False;False;1;17.4666666664125;0;17.4666666664125;17.4666666664125
218;5.50;10.50;True;False;False;False;178;7.50;7.50;True;False;False;False;1;7.60000000004493;0;7.60000000004493;7.60000000004493
218;5.50;10.50;True;False;False;False;181;10.50;7.50;True;False;False;False;4;9.53333333324053;0.165267489639081;8.97777777783085;9.95555555541068
218;5.50;10.50;True;False;False;False;182;11.50;7.50;True;False;False;False;1;9.64444444450146;0;9.64444444450146;9.64444444450146
218;5.50;10.50;True;False;False;False;184;13.50;7.50;True;False;False;False;1;14.3555555556404;0;14.3555555556404;14.3555555556404
218;5.50;10.50;True;False;False;False;189;18.50;7.50;True;False;False;False;1;17.599999999924;0;17.599999999924;17.599999999924
218;5.50;10.50;True;False;False;False;192;7.50;8.50;True;False;False;False;1;7.15555555545143;0;7.15555555545143;7.15555555545143
218;5.50;10.50;True;False;False;False;197;12.50;8.50;True;False;False;False;2;10.4666666667285;1.35209876544809;9.64444444450146;11.2888888889556
218;5.50;10.50;True;False;False;False;221;8.50;10.50;True;False;False;False;1;3.64444444446599;0;3.64444444446599;3.64444444446599
218;5.50;10.50;True;False;False;False;223;10.50;10.50;True;False;False;False;1;4.8444444444483;0;4.8444444444483;4.8444444444483
218;5.50;10.50;True;False;False;False;224;11.50;10.50;True;False;False;False;2;5.51111111103091;0;5.51111111103091;5.51111111103091
218;5.50;10.50;True;False;False;False;228;15.50;10.50;True;False;False;False;1;15.7333333331044;0;15.7333333331044;15.7333333331044
218;5.50;10.50;True;False;False;False;239;12.50;11.50;True;False;False;False;1;8.84444444431574;0;8.84444444431574;8.84444444431574
218;5.50;10.50;True;False;False;False;240;13.50;11.50;True;False;False;False;1;9.51111111116734;0;9.51111111116734;9.51111111116734
218;5.50;10.50;True;False;False;False;242;15.50;11.50;True;False;False;False;1;10.8444444442866;0;10.8444444442866;10.8444444442866
219;6.50;10.50;True;False;False;False;22;0.50;6.50;False;False;True;False;3;119.199999999564;240.416790146967;101.644444442965;131.022222221656
219;6.50;10.50;True;False;False;False;30;0.50;12.50;False;False;True;False;4;122.700000000135;1037.74337454801;84.4888888876594;154.311111112023
219;6.50;10.50;True;False;False;False;154;11.50;5.50;True;False;False;False;1;13.7333333334145;0;13.7333333334145;13.7333333334145
219;6.50;10.50;True;False;False;False;155;12.50;5.50;True;False;False;False;1;14.2222222223063;0;14.2222222223063;14.2222222223063
219;6.50;10.50;True;False;False;False;181;10.50;7.50;True;False;False;False;1;9.33333333329301;0;9.33333333329301;9.33333333329301
219;6.50;10.50;True;False;False;False;183;12.50;7.50;True;False;False;False;2;11.355555555454;2.37135802489964;10.2666666665173;12.4444444443907
219;6.50;10.50;True;False;False;False;187;16.50;7.50;True;False;False;False;1;15.0666666664474;0;15.0666666664474;15.0666666664474
220;7.50;10.50;True;False;False;False;22;0.50;6.50;False;False;True;False;7;153.625396825436;4625.27134624844;66.0000000003902;268.933333333351
220;7.50;10.50;True;False;False;False;30;0.50;12.50;False;False;True;False;13;143.55897435867;3453.46648942469;41.7777777771698;230.488888890251
220;7.50;10.50;True;False;False;False;112;11.50;2.50;True;False;False;False;1;15.0222222222342;0;15.0222222222342;15.0222222222342
220;7.50;10.50;True;False;False;False;134;5.50;4.50;True;False;False;False;1;16.7555555553117;0;16.7555555553117;16.7555555553117
220;7.50;10.50;True;False;False;False;139;10.50;4.50;True;False;False;False;1;10.8888888888976;0;10.8888888888976;10.8888888888976
220;7.50;10.50;True;False;False;False;149;6.50;5.50;True;False;False;False;1;8.79999999996198;0;8.79999999996198;8.79999999996198
220;7.50;10.50;True;False;False;False;150;7.50;5.50;True;False;False;False;1;6.08888888886258;0;6.08888888886258;6.08888888886258
220;7.50;10.50;True;False;False;False;153;10.50;5.50;True;False;False;False;1;11.5999999999499;0;11.5999999999499;11.5999999999499
220;7.50;10.50;True;False;False;False;155;12.50;5.50;True;False;False;False;3;13.5555555556357;0;13.5555555556357;13.5555555556357
220;7.50;10.50;True;False;False;False;177;6.50;7.50;True;False;False;False;1;8.26666666671554;0;8.26666666671554;8.26666666671554
220;7.50;10.50;True;False;False;False;181;10.50;7.50;True;False;False;False;2;8.26666666663095;1.43085702359423E-20;8.26666666654637;8.26666666671554
220;7.50;10.50;True;False;False;False;182;11.50;7.50;True;False;False;False;1;9.55555555561205;0;9.55555555561205;9.55555555561205
220;7.50;10.50;True;False;False;False;183;12.50;7.50;True;False;False;False;3;14.3407407406802;5.67374485598797;11.5999999999499;15.9111111112052
220;7.50;10.50;True;False;False;False;184;13.50;7.50;True;False;False;False;1;10.2666666667274;0;10.2666666667274;10.2666666667274
220;7.50;10.50;True;False;False;False;191;6.50;8.50;True;False;False;False;1;6.13333333324408;0;6.13333333324408;6.13333333324408
220;7.50;10.50;True;False;False;False;192;7.50;8.50;True;False;False;False;1;4.08888888882939;0;4.08888888882939;4.08888888882939
220;7.50;10.50;True;False;False;False;233;6.50;11.50;True;False;False;False;2;5.00000000002956;0.22222222222485;4.66666666669425;5.33333333336486
220;7.50;10.50;True;False;False;False;260;5.50;13.50;True;False;False;False;3;7.80740740734139;2.06485596689963;6.97777777774763;9.46666666652891
221;8.50;10.50;True;False;False;False;6;23.50;3.50;False;True;False;False;1;30.4888888884452;0;30.4888888884452;30.4888888884452
221;8.50;10.50;True;False;False;False;22;0.50;6.50;False;False;True;False;13;133.336752135599;1831.12311486958;81.8666666654753;216.26666666352
221;8.50;10.50;True;False;False;False;30;0.50;12.50;False;False;True;False;9;124.306172838646;2053.24960217316;78.1777777766401;218.399999996822
221;8.50;10.50;True;False;False;False;92;5.50;1.50;True;False;False;False;3;12.2666666664882;0;12.2666666664882;12.2666666664882
221;8.50;10.50;True;False;False;False;106;5.50;2.50;True;False;False;False;1;10.977777777618;0;10.977777777618;10.977777777618
221;8.50;10.50;True;False;False;False;136;7.50;4.50;True;False;False;False;1;9.42222222208511;0;9.42222222208511;9.42222222208511
221;8.50;10.50;True;False;False;False;154;11.50;5.50;True;False;False;False;1;10.2222222220735;0;10.2222222220735;10.2222222220735
221;8.50;10.50;True;False;False;False;179;8.50;7.50;True;False;False;False;2;6.53333333323826;17.208888888388;3.59999999994761;9.46666666652891
221;8.50;10.50;True;False;False;False;181;10.50;7.50;True;False;False;False;5;8.96888888878211;8.92187654287689;7.59999999988941;14.3111111109029
221;8.50;10.50;True;False;False;False;182;11.50;7.50;True;False;False;False;2;10.5111111110427;10.0750617273425;8.26666666671554;12.7555555553699
221;8.50;10.50;True;False;False;False;183;12.50;7.50;True;False;False;False;3;10.0740740739884;1.51374485571449;8.93333333338614;11.3777777776122
221;8.50;10.50;True;False;False;False;184;13.50;7.50;True;False;False;False;2;12.377777777851;1.20987654322418;11.6000000000686;13.1555555556333
221;8.50;10.50;True;False;False;False;195;10.50;8.50;True;False;False;False;1;6.93333333323244;0;6.93333333323244;6.93333333323244
221;8.50;10.50;True;False;False;False;197;12.50;8.50;True;False;False;False;1;14.488888888678;0;14.488888888678;14.488888888678
221;8.50;10.50;True;False;False;False;220;7.50;10.50;True;False;False;False;2;2.97777777776173;0.193580246873992;2.66666666668243;3.28888888884103
221;8.50;10.50;True;False;False;False;223;10.50;10.50;True;False;False;False;1;2.84444444440305;0;2.84444444440305;2.84444444440305
221;8.50;10.50;True;False;False;False;225;12.50;10.50;True;False;False;False;1;4.79999999993015;0;4.79999999993015;4.79999999993015
221;8.50;10.50;True;False;False;False;232;5.50;11.50;True;False;False;False;2;6.79999999990105;0;6.79999999990105;6.79999999990105
221;8.50;10.50;True;False;False;False;235;8.50;11.50;True;False;False;False;2;2.33333333331984;0.22222222218847;2.00000000001182;2.66666666662786
221;8.50;10.50;True;False;False;False;237;10.50;11.50;True;False;False;False;1;5.51111111103091;0;5.51111111103091;5.51111111103091
221;8.50;10.50;True;False;False;False;240;13.50;11.50;True;False;False;False;2;7.51111111100181;0;7.51111111100181;7.51111111100181
221;8.50;10.50;True;False;False;False;260;5.50;13.50;True;False;False;False;1;9.19999999986612;0;9.19999999986612;9.19999999986612
221;8.50;10.50;True;False;False;False;261;6.50;13.50;True;False;False;False;1;6.97777777781903;0;6.97777777781903;6.97777777781903
221;8.50;10.50;True;False;False;False;263;8.50;13.50;True;False;False;False;1;4.13333333335777;0;4.13333333335777;4.13333333335777
221;8.50;10.50;True;False;False;False;268;13.50;13.50;True;False;False;False;1;8.97777777764713;0;8.97777777764713;8.97777777764713
221;8.50;10.50;True;False;False;False;279;10.50;14.50;True;False;False;False;1;8.26666666654637;0;8.26666666654637;8.26666666654637
223;10.50;10.50;True;False;False;False;14;23.50;9.50;False;True;False;False;1;22.5777777779113;0;22.5777777779113;22.5777777779113
223;10.50;10.50;True;False;False;False;22;0.50;6.50;False;False;True;False;5;131.057777777491;1196.00237034006;81.1111111099308;178.177777775185
223;10.50;10.50;True;False;False;False;30;0.50;12.50;False;False;True;False;7;117.073015872669;2301.72933570867;46.8444444447214;187.688888889998
223;10.50;10.50;True;False;False;False;109;8.50;2.50;True;False;False;False;1;18.2222222222367;0;18.2222222222367;18.2222222222367
223;10.50;10.50;True;False;False;False;134;5.50;4.50;True;False;False;False;1;10.9777777778427;0;10.9777777778427;10.9777777778427
223;10.50;10.50;True;False;False;False;136;7.50;4.50;True;False;False;False;1;11.5999999998312;0;11.5999999998312;11.5999999998312
223;10.50;10.50;True;False;False;False;137;8.50;4.50;True;False;False;False;1;9.5999999998603;0;9.5999999998603;9.5999999998603
223;10.50;10.50;True;False;False;False;139;10.50;4.50;True;False;False;False;1;14.0000000000828;0;14.0000000000828;14.0000000000828
223;10.50;10.50;True;False;False;False;142;13.50;4.50;True;False;False;False;1;10.2666666665173;0;10.2666666665173;10.2666666665173
223;10.50;10.50;True;False;False;False;148;5.50;5.50;True;False;False;False;2;11.2444444442808;0.193580246907946;10.9333333331742;11.5555555553874
223;10.50;10.50;True;False;False;False;151;8.50;5.50;True;False;False;False;2;10.4888888887363;1.1417283950285;9.73333333319169;11.2444444442808
223;10.50;10.50;True;False;False;False;156;13.50;5.50;True;False;False;False;1;11.6000000000092;0;11.6000000000092;11.6000000000092
223;10.50;10.50;True;False;False;False;176;5.50;7.50;True;False;False;False;1;10.4888888887363;0;10.4888888887363;10.4888888887363
223;10.50;10.50;True;False;False;False;177;6.50;7.50;True;False;False;False;1;8.31111111116024;0;8.31111111116024;8.31111111116024
223;10.50;10.50;True;False;False;False;178;7.50;7.50;True;False;False;False;2;10.3111111109611;1.74222222217152;9.37777777764131;11.2444444442808
223;10.50;10.50;True;False;False;False;179;8.50;7.50;True;False;False;False;2;7.59999999988941;0.774320987631785;6.97777777767624;8.22222222210257
223;10.50;10.50;True;False;False;False;181;10.50;7.50;True;False;False;False;3;7.79259259263866;32.8697942390718;4.13333333335777;14.4000000000851
223;10.50;10.50;True;False;False;False;182;11.50;7.50;True;False;False;False;2;9.82222222214205;27.2158024674177;6.13333333336959;13.5111111109145
223;10.50;10.50;True;False;False;False;183;12.50;7.50;True;False;False;False;1;6.97777777767624;0;6.97777777767624;6.97777777767624
223;10.50;10.50;True;False;False;False;191;6.50;8.50;True;False;False;False;2;8.88888888885413;0.252839506300005;8.53333333320916;9.24444444449909
223;10.50;10.50;True;False;False;False;192;7.50;8.50;True;False;False;False;2;8.93333333320334;3.55555555545208;7.59999999988941;10.2666666665173
223;10.50;10.50;True;False;False;False;195;10.50;8.50;True;False;False;False;1;4.44444444437977;0;4.44444444437977;4.44444444437977
223;10.50;10.50;True;False;False;False;197;12.50;8.50;True;False;False;False;1;7.73333333337905;0;7.73333333337905;7.73333333337905
223;10.50;10.50;True;False;False;False;198;13.50;8.50;True;False;False;False;1;8.97777777764713;0;8.97777777764713;8.97777777764713
223;10.50;10.50;True;False;False;False;221;8.50;10.50;True;False;False;False;2;4.02222222216369;0.00888888888863019;3.95555555549799;4.08888888882939
223;10.50;10.50;True;False;False;False;225;12.50;10.50;True;False;False;False;1;2.84444444446126;0;2.84444444446126;2.84444444446126
223;10.50;10.50;True;False;False;False;226;13.50;10.50;True;False;False;False;1;4.13333333327319;0;4.13333333327319;4.13333333327319
223;10.50;10.50;True;False;False;False;231;18.50;10.50;True;False;False;False;1;6.84444444444989;0;6.84444444444989;6.84444444444989
223;10.50;10.50;True;False;False;False;232;5.50;11.50;True;False;False;False;1;7.51111111100181;0;7.51111111100181;7.51111111100181
223;10.50;10.50;True;False;False;False;234;7.50;11.50;True;False;False;False;2;7.19999999989523;0.098765432095891;6.97777777767624;7.42222222211421
223;10.50;10.50;True;False;False;False;240;13.50;11.50;True;False;False;False;1;6.13333333336959;0;6.13333333336959;6.13333333336959
223;10.50;10.50;True;False;False;False;242;15.50;11.50;True;False;False;False;1;14.3999999997905;0;14.3999999997905;14.3999999997905
223;10.50;10.50;True;False;False;False;261;6.50;13.50;True;False;False;False;1;8.31111111116024;0;8.31111111116024;8.31111111116024
223;10.50;10.50;True;False;False;False;267;12.50;13.50;True;False;False;False;2;7.28888888878282;0.193580246907946;6.97777777767624;7.59999999988941
223;10.50;10.50;True;False;False;False;273;18.50;13.50;True;False;False;False;1;11.7777777776064;0;11.7777777776064;11.7777777776064
223;10.50;10.50;True;False;False;False;274;5.50;14.50;True;False;False;False;2;10.6888888887333;0.285432098757125;10.3111111109611;11.0666666665056
223;10.50;10.50;True;False;False;False;279;10.50;14.50;True;False;False;False;1;4.17777777780248;0;4.17777777780248;4.17777777780248
224;11.50;10.50;True;False;False;False;22;0.50;6.50;False;False;True;False;8;162.805555554416;2704.27114627103;100.133333333925;254.844444440736
224;11.50;10.50;True;False;False;False;30;0.50;12.50;False;False;True;False;7;128.101587300527;3518.69610818734;30.7111111106642;197.733333333248
224;11.50;10.50;True;False;False;False;92;5.50;1.50;True;False;False;False;2;15.2666666665693;2.0000000004411;14.2666666664591;16.2666666666796
224;11.50;10.50;True;False;False;False;107;6.50;2.50;True;False;False;False;1;13.1555555555492;0;13.1555555555492;13.1555555555492
224;11.50;10.50;True;False;False;False;109;8.50;2.50;True;False;False;False;1;11.5999999999499;0;11.5999999999499;11.5999999999499
224;11.50;10.50;True;False;False;False;134;5.50;4.50;True;False;False;False;1;12.8888888888332;0;12.8888888888332;12.8888888888332
224;11.50;10.50;True;False;False;False;137;8.50;4.50;True;False;False;False;1;11.3333333332844;0;11.3333333332844;11.3333333332844
224;11.50;10.50;True;False;False;False;148;5.50;5.50;True;False;False;False;1;12.9333333333436;0;12.9333333333436;12.9333333333436
224;11.50;10.50;True;False;False;False;153;10.50;5.50;True;False;False;False;1;12.4444444442634;0;12.4444444442634;12.4444444442634
224;11.50;10.50;True;False;False;False;156;13.50;5.50;True;False;False;False;1;8.93333333334044;0;8.93333333334044;8.93333333334044
224;11.50;10.50;True;False;False;False;176;5.50;7.50;True;False;False;False;2;13.0666666664765;2.87999999991618;11.866666666494;14.2666666664591
224;11.50;10.50;True;False;False;False;177;6.50;7.50;True;False;False;False;1;9.60000000005675;0;9.60000000005675;9.60000000005675
224;11.50;10.50;True;False;False;False;178;7.50;7.50;True;False;False;False;1;8.93333333320334;0;8.93333333320334;8.93333333320334
224;11.50;10.50;True;False;False;False;179;8.50;7.50;True;False;False;False;2;8.2666666666521;8.94285639746392E-22;8.26666666663095;8.26666666667325
224;11.50;10.50;True;False;False;False;181;10.50;7.50;True;False;False;False;3;11.4518518516852;11.2618930037875;7.7777777776646;14.3555555553467
224;11.50;10.50;True;False;False;False;182;11.50;7.50;True;False;False;False;1;25.0666666663019;0;25.0666666663019;25.0666666663019
224;11.50;10.50;True;False;False;False;183;12.50;7.50;True;False;False;False;1;6.8000000000402;0;6.8000000000402;6.8000000000402
224;11.50;10.50;True;False;False;False;188;17.50;7.50;True;False;False;False;1;10.8888888887304;0;10.8888888887304;10.8888888887304
224;11.50;10.50;True;False;False;False;189;18.50;7.50;True;False;False;False;1;11.55555555555;0;11.55555555555;11.55555555555
224;11.50;10.50;True;False;False;False;195;10.50;8.50;True;False;False;False;1;6.31111111101927;0;6.31111111101927;6.31111111101927
224;11.50;10.50;True;False;False;False;197;12.50;8.50;True;False;False;False;1;6.13333333324408;0;6.13333333324408;6.13333333324408
224;11.50;10.50;True;False;False;False;218;5.50;10.50;True;False;False;False;1;10.2666666665173;0;10.2666666665173;10.2666666665173
224;11.50;10.50;True;False;False;False;220;7.50;10.50;True;False;False;False;1;6.08888888886258;0;6.08888888886258;6.08888888886258
224;11.50;10.50;True;False;False;False;221;8.50;10.50;True;False;False;False;2;4.44444444437977;0.193580246907946;4.13333333327319;4.75555555548635
224;11.50;10.50;True;False;False;False;225;12.50;10.50;True;False;False;False;1;2.04444444443561;0;2.04444444443561;2.04444444443561
224;11.50;10.50;True;False;False;False;228;15.50;10.50;True;False;False;False;1;13.2888888886955;0;13.2888888886955;13.2888888886955
224;11.50;10.50;True;False;False;False;229;16.50;10.50;True;False;False;False;1;4.84444444437395;0;4.84444444437395;4.84444444437395
224;11.50;10.50;True;False;False;False;235;8.50;11.50;True;False;False;False;1;7.55555555544561;0;7.55555555544561;7.55555555544561
224;11.50;10.50;True;False;False;False;237;10.50;11.50;True;False;False;False;2;5.02222222214914;0.193580246907946;4.71111111104256;5.33333333325572
224;11.50;10.50;True;False;False;False;240;13.50;11.50;True;False;False;False;3;5.51111111103091;0;5.51111111103091;5.51111111103091
224;11.50;10.50;True;False;False;False;242;15.50;11.50;True;False;False;False;1;7.46666666666306;0;7.46666666666306;7.46666666666306
224;11.50;10.50;True;False;False;False;260;5.50;13.50;True;False;False;False;6;10.7481481480744;1.30877366254398;9.82222222217979;12.9777777777217
224;11.50;10.50;True;False;False;False;261;6.50;13.50;True;False;False;False;2;9.59999999990941;4.82411733240926E-21;9.5999999998603;9.59999999995853
224;11.50;10.50;True;False;False;False;263;8.50;13.50;True;False;False;False;2;7.95555555552119;0.193580246911908;7.64444444441142;8.26666666663095
224;11.50;10.50;True;False;False;False;266;11.50;13.50;True;False;False;False;1;4.3111111111366;0;4.3111111111366;4.3111111111366
224;11.50;10.50;True;False;False;False;270;15.50;13.50;True;False;False;False;1;8.31111111099017;0;8.31111111099017;8.31111111099017
224;11.50;10.50;True;False;False;False;274;5.50;14.50;True;False;False;False;2;10.3111111109611;0;10.3111111109611;10.3111111109611
224;11.50;10.50;True;False;False;False;277;8.50;14.50;True;False;False;False;2;8.62222222223068;0.193580246968781;8.31111111107521;8.93333333338614
224;11.50;10.50;True;False;False;False;279;10.50;14.50;True;False;False;False;1;6.84444444441488;0;6.84444444441488;6.84444444441488
224;11.50;10.50;True;False;False;False;285;16.50;14.50;True;False;False;False;1;10.2666666666748;0;10.2666666666748;10.2666666666748
225;12.50;10.50;True;False;False;False;22;0.50;6.50;False;False;True;False;7;136.717460317258;1880.90629034494;75.9999999996717;216.844444441289
225;12.50;10.50;True;False;False;False;30;0.50;12.50;False;False;True;False;5;178.07111111152;1945.36849387114;122.577777777248;239.200000001414
225;12.50;10.50;True;False;False;False;109;8.50;2.50;True;False;False;False;1;15.022222222311;0;15.022222222311;15.022222222311
225;12.50;10.50;True;False;False;False;111;10.50;2.50;True;False;False;False;1;10.9333333331742;0;10.9333333331742;10.9333333331742
225;12.50;10.50;True;False;False;False;134;5.50;4.50;True;False;False;False;1;12.9333333334098;0;12.9333333334098;12.9333333334098
225;12.50;10.50;True;False;False;False;145;16.50;4.50;True;False;False;False;1;10.3111111110666;0;10.3111111110666;10.3111111110666
225;12.50;10.50;True;False;False;False;149;6.50;5.50;True;False;False;False;1;13.1111111111886;0;13.1111111111886;13.1111111111886
225;12.50;10.50;True;False;False;False;153;10.50;5.50;True;False;False;False;1;16.3555555555686;0;16.3555555555686;16.3555555555686
225;12.50;10.50;True;False;False;False;156;13.50;5.50;True;False;False;False;1;7.46666666666783;0;7.46666666666783;7.46666666666783
225;12.50;10.50;True;False;False;False;176;5.50;7.50;True;False;False;False;1;10.9333333332861;0;10.9333333332861;10.9333333332861
225;12.50;10.50;True;False;False;False;178;7.50;7.50;True;False;False;False;1;10.3111111111193;0;10.3111111111193;10.3111111111193
225;12.50;10.50;True;False;False;False;179;8.50;7.50;True;False;False;False;1;11.5555555555648;0;11.5555555555648;11.5555555555648
225;12.50;10.50;True;False;False;False;181;10.50;7.50;True;False;False;False;3;7.59999999997907;0.387160493801603;6.97777777778333;8.2222222221867
225;12.50;10.50;True;False;False;False;182;11.50;7.50;True;False;False;False;1;6.8000000000402;0;6.8000000000402;6.8000000000402
225;12.50;10.50;True;False;False;False;183;12.50;7.50;True;False;False;False;2;7.11111111110472;11.0972839502922;4.75555555558367;9.46666666662577
225;12.50;10.50;True;False;False;False;187;16.50;7.50;True;False;False;False;1;8.75555555560732;0;8.75555555560732;8.75555555560732
225;12.50;10.50;True;False;False;False;190;5.50;8.50;True;False;False;False;1;9.91111111106829;0;9.91111111106829;9.91111111106829
225;12.50;10.50;True;False;False;False;193;8.50;8.50;True;False;False;False;1;8.88888888885049;0;8.88888888885049;8.88888888885049
225;12.50;10.50;True;False;False;False;197;12.50;8.50;True;False;False;False;2;3.86666666667088;0.0987654321165062;3.6444444444287;4.08888888891306
225;12.50;10.50;True;False;False;False;218;5.50;10.50;True;False;False;False;2;9.15555555555079;11.0972839501936;6.8000000000402;11.5111111110614
225;12.50;10.50;True;False;False;False;219;6.50;10.50;True;False;False;False;1;10.8444444443976;0;10.8444444443976;10.8444444443976
225;12.50;10.50;True;False;False;False;220;7.50;10.50;True;False;False;False;1;14.8444444443803;0;14.8444444443803;14.8444444443803
225;12.50;10.50;True;False;False;False;221;8.50;10.50;True;False;False;False;2;4.79999999996699;2.71356599948021E-21;4.79999999993015;4.80000000000382
225;12.50;10.50;True;False;False;False;223;10.50;10.50;True;False;False;False;1;4.08888888882939;0;4.08888888882939;4.08888888882939
225;12.50;10.50;True;False;False;False;226;13.50;10.50;True;False;False;False;1;2.75555555551546;0;2.75555555551546;2.75555555551546
225;12.50;10.50;True;False;False;False;234;7.50;11.50;True;False;False;False;1;7.46666666671081;0;7.46666666671081;7.46666666671081
225;12.50;10.50;True;False;False;False;235;8.50;11.50;True;False;False;False;1;6.8000000000402;0;6.8000000000402;6.8000000000402
225;12.50;10.50;True;False;False;False;239;12.50;11.50;True;False;False;False;2;2.35555555555902;0.193580246928885;2.04444444443561;2.66666666668243
225;12.50;10.50;True;False;False;False;242;15.50;11.50;True;False;False;False;1;11.3777777776122;0;11.3777777776122;11.3777777776122
225;12.50;10.50;True;False;False;False;244;17.50;11.50;True;False;False;False;1;8.75555555560732;0;8.75555555560732;8.75555555560732
225;12.50;10.50;True;False;False;False;261;6.50;13.50;True;False;False;False;1;9.64444444440278;0;9.64444444440278;9.64444444440278
225;12.50;10.50;True;False;False;False;262;7.50;13.50;True;False;False;False;1;10.2222222221781;0;10.2222222221781;10.2222222221781
225;12.50;10.50;True;False;False;False;263;8.50;13.50;True;False;False;False;1;10.3555555556168;0;10.3555555556168;10.3555555556168
225;12.50;10.50;True;False;False;False;265;10.50;13.50;True;False;False;False;1;7.60000000000119;0;7.60000000000119;7.60000000000119
225;12.50;10.50;True;False;False;False;266;11.50;13.50;True;False;False;False;1;6.8000000000402;0;6.8000000000402;6.8000000000402
225;12.50;10.50;True;False;False;False;268;13.50;13.50;True;False;False;False;2;6.79999999997062;0.774320987647631;6.17777777775109;7.42222222219016
225;12.50;10.50;True;False;False;False;274;5.50;14.50;True;False;False;False;1;11.6888888888384;0;11.6888888888384;11.6888888888384
225;12.50;10.50;True;False;False;False;275;6.50;14.50;True;False;False;False;1;10.3111111111061;0;10.3111111111061;10.3111111111061
225;12.50;10.50;True;False;False;False;279;10.50;14.50;True;False;False;False;1;7.64444444444564;0;7.64444444444564;7.64444444444564
226;13.50;10.50;True;False;False;False;22;0.50;6.50;False;False;True;False;5;118.711111109809;595.26123453476;87.0666666653997;148.622222220059
226;13.50;10.50;True;False;False;False;30;0.50;12.50;False;False;True;False;5;163.484444443482;3396.85590120507;100.888888887421;235.644444441015
226;13.50;10.50;True;False;False;False;134;5.50;4.50;True;False;False;False;2;14.0444444442401;0.395061728383564;13.5999999998021;14.488888888678
226;13.50;10.50;True;False;False;False;139;10.50;4.50;True;False;False;False;1;13.6888888889698;0;13.6888888889698;13.6888888889698
226;13.50;10.50;True;False;False;False;176;5.50;7.50;True;False;False;False;2;13.9111111109087;0.193580246907946;13.5999999998021;14.2222222220153
226;13.50;10.50;True;False;False;False;178;7.50;7.50;True;False;False;False;1;14.2666666664591;0;14.2666666664591;14.2666666664591
226;13.50;10.50;True;False;False;False;179;8.50;7.50;True;False;False;False;1;9.5999999998603;0;9.5999999998603;9.5999999998603
226;13.50;10.50;True;False;False;False;181;10.50;7.50;True;False;False;False;1;8.26666666671554;0;8.26666666671554;8.26666666671554
226;13.50;10.50;True;False;False;False;183;12.50;7.50;True;False;False;False;1;7.46666666671081;0;7.46666666671081;7.46666666671081
226;13.50;10.50;True;False;False;False;184;13.50;7.50;True;False;False;False;1;4.75555555548635;0;4.75555555548635;4.75555555548635
226;13.50;10.50;True;False;False;False;197;12.50;8.50;True;False;False;False;1;6.13333333324408;0;6.13333333324408;6.13333333324408
226;13.50;10.50;True;False;False;False;198;13.50;8.50;True;False;False;False;1;4.08888888882939;0;4.08888888882939;4.08888888882939
226;13.50;10.50;True;False;False;False;218;5.50;10.50;True;False;False;False;1;8.08888888893671;0;8.08888888893671;8.08888888893671
226;13.50;10.50;True;False;False;False;220;7.50;10.50;True;False;False;False;1;12.088888888713;0;12.088888888713;12.088888888713
226;13.50;10.50;True;False;False;False;223;10.50;10.50;True;False;False;False;2;4.13333333327319;0;4.13333333327319;4.13333333327319
226;13.50;10.50;True;False;False;False;233;6.50;11.50;True;False;False;False;2;9.46666666652891;0.774320987631785;8.84444444431574;10.0888888887421
226;13.50;10.50;True;False;False;False;235;8.50;11.50;True;False;False;False;2;11.2444444444059;1.91209876586556;10.2666666665173;12.2222222222945
228;15.50;10.50;True;False;False;False;30;0.50;12.50;False;False;True;False;4;124.566666666134;596.846584407718;91.5555555542232;143.511111111225
228;15.50;10.50;True;False;False;False;156;13.50;5.50;True;False;False;False;1;8.93333333334044;0;8.93333333334044;8.93333333334044
228;15.50;10.50;True;False;False;False;198;13.50;8.50;True;False;False;False;1;6.93333333337432;0;6.93333333337432;6.93333333337432
228;15.50;10.50;True;False;False;False;201;16.50;8.50;True;False;False;False;1;6.31111111101927;0;6.31111111101927;6.31111111101927
228;15.50;10.50;True;False;False;False;226;13.50;10.50;True;False;False;False;1;3.46666666661622;0;3.46666666661622;3.46666666661622
228;15.50;10.50;True;False;False;False;235;8.50;11.50;True;False;False;False;1;13.5555555553583;0;13.5555555553583;13.5555555553583
228;15.50;10.50;True;False;False;False;240;13.50;11.50;True;False;False;False;1;7.51111111100181;0;7.51111111100181;7.51111111100181
229;16.50;10.50;True;False;False;False;14;23.50;9.50;False;True;False;False;1;28.0000000000223;0;28.0000000000223;28.0000000000223
229;16.50;10.50;True;False;False;False;22;0.50;6.50;False;False;True;False;3;112.725925925083;284.605102882223;94.1777777764073;127.155555553705
229;16.50;10.50;True;False;False;False;30;0.50;12.50;False;False;True;False;5;121.839999999072;3668.83219760293;66.9777777768031;206.48888889011
229;16.50;10.50;True;False;False;False;155;12.50;5.50;True;False;False;False;1;10.8888888889533;0;10.8888888889533;10.8888888889533
229;16.50;10.50;True;False;False;False;179;8.50;7.50;True;False;False;False;1;17.6444444441877;0;17.6444444441877;17.6444444441877
229;16.50;10.50;True;False;False;False;181;10.50;7.50;True;False;False;False;1;13.3777777778569;0;13.3777777778569;13.3777777778569
229;16.50;10.50;True;False;False;False;182;11.50;7.50;True;False;False;False;1;10.2222222220735;0;10.2222222220735;10.2222222220735
229;16.50;10.50;True;False;False;False;183;12.50;7.50;True;False;False;False;1;9.55555555556316;0;9.55555555556316;9.55555555556316
229;16.50;10.50;True;False;False;False;187;16.50;7.50;True;False;False;False;1;4.75555555548635;0;4.75555555548635;4.75555555548635
229;16.50;10.50;True;False;False;False;190;5.50;8.50;True;False;False;False;1;15.4222222219978;0;15.4222222219978;15.4222222219978
229;16.50;10.50;True;False;False;False;197;12.50;8.50;True;False;False;False;2;8.26666666654637;0;8.26666666654637;8.26666666654637
230;17.50;10.50;True;False;False;False;14;23.50;9.50;False;True;False;False;1;29.288888889062;0;29.288888889062;29.288888889062
230;17.50;10.50;True;False;False;False;30;0.50;12.50;False;False;True;False;1;134.711111109151;0;134.711111109151;134.711111109151
230;17.50;10.50;True;False;False;False;155;12.50;5.50;True;False;False;False;1;11.5555555556239;0;11.5555555556239;11.5555555556239
230;17.50;10.50;True;False;False;False;195;10.50;8.50;True;False;False;False;1;10.2666666665173;0;10.2666666665173;10.2666666665173
231;18.50;10.50;True;False;False;False;14;23.50;9.50;False;True;False;False;1;7.51111111111709;0;7.51111111111709;7.51111111111709
231;18.50;10.50;True;False;False;False;22;0.50;6.50;False;False;True;False;1;108.933333332863;0;108.933333332863;108.933333332863
231;18.50;10.50;True;False;False;False;30;0.50;12.50;False;False;True;False;3;115.674074073977;2741.89497951129;76.5333333333942;175.155555556591
231;18.50;10.50;True;False;False;False;176;5.50;7.50;True;False;False;False;1;15.8222222222348;0;15.8222222222348;15.8222222222348
231;18.50;10.50;True;False;False;False;187;16.50;7.50;True;False;False;False;1;7.59999999988941;0;7.59999999988941;7.59999999988941
231;18.50;10.50;True;False;False;False;196;11.50;8.50;True;False;False;False;1;10.0444444445038;0;10.0444444445038;10.0444444445038
231;18.50;10.50;True;False;False;False;224;11.50;10.50;True;False;False;False;1;6.79999999997062;0;6.79999999997062;6.79999999997062
231;18.50;10.50;True;False;False;False;271;16.50;13.50;True;False;False;False;1;6.97777777778333;0;6.97777777778333;6.97777777778333
232;5.50;11.50;True;False;False;False;6;23.50;3.50;False;True;False;False;3;27.0666666662728;0;27.0666666662728;27.0666666662728
232;5.50;11.50;True;False;False;False;14;23.50;9.50;False;True;False;False;17;22.4915032677256;11.1480174287744;20.3111111108155;33.5999999995111
232;5.50;11.50;True;False;False;False;22;0.50;6.50;False;False;True;False;4;131.955555572908;1032.87045362149;86.7999999987369;158.62222222316
232;5.50;11.50;True;False;False;False;30;0.50;12.50;False;False;True;False;8;115.905555554217;1529.37619044766;69.0666666656616;189.111111108359
232;5.50;11.50;True;False;False;False;106;5.50;2.50;True;False;False;False;1;10.8888888887304;0;10.8888888887304;10.8888888887304
232;5.50;11.50;True;False;False;False;140;11.50;4.50;True;False;False;False;1;16.400000000097;0;16.400000000097;16.400000000097
232;5.50;11.50;True;False;False;False;142;13.50;4.50;True;False;False;False;1;13.6444444442459;0;13.6444444442459;13.6444444442459
232;5.50;11.50;True;False;False;False;155;12.50;5.50;True;False;False;False;1;26.3999999996158;0;26.3999999996158;26.3999999996158
232;5.50;11.50;True;False;False;False;181;10.50;7.50;True;False;False;False;3;7.24444446902362;26.6034563502039;1.28888896271383;10.2666666667274
232;5.50;11.50;True;False;False;False;182;11.50;7.50;True;False;False;False;4;12.4777777775962;1.3990123456383;10.9333333331742;13.7333333331335
232;5.50;11.50;True;False;False;False;183;12.50;7.50;True;False;False;False;4;12.7444444443374;3.09251028851739;11.5999999998312;15.333333333424
232;5.50;11.50;True;False;False;False;184;13.50;7.50;True;False;False;False;3;13.2148148146225;0.676213991749867;12.2666666664882;13.7333333331335
232;5.50;11.50;True;False;False;False;191;6.50;8.50;True;False;False;False;1;6.22222222213168;0;6.22222222213168;6.22222222213168
232;5.50;11.50;True;False;False;False;193;8.50;8.50;True;False;False;False;1;8.26666666671554;0;8.26666666671554;8.26666666671554
232;5.50;11.50;True;False;False;False;195;10.50;8.50;True;False;False;False;2;10.6888888887333;5.85580246896538;8.97777777764713;12.3999999998196
232;5.50;11.50;True;False;False;False;197;12.50;8.50;True;False;False;False;1;10.9333333331742;0;10.9333333331742;10.9333333331742
232;5.50;11.50;True;False;False;False;218;5.50;10.50;True;False;False;False;1;2.71111111107166;0;2.71111111107166;2.71111111107166
232;5.50;11.50;True;False;False;False;221;8.50;10.50;True;False;False;False;1;7.06666666656383;0;7.06666666656383;7.06666666656383
232;5.50;11.50;True;False;False;False;223;10.50;10.50;True;False;False;False;1;11.5111111109436;0;11.5111111109436;11.5111111109436
232;5.50;11.50;True;False;False;False;224;11.50;10.50;True;False;False;False;1;8.17777777765878;0;8.17777777765878;8.17777777765878
232;5.50;11.50;True;False;False;False;225;12.50;10.50;True;False;False;False;2;9.5555555554165;1.01135802466192;8.84444444431574;10.2666666665173
232;5.50;11.50;True;False;False;False;239;12.50;11.50;True;False;False;False;1;7.42222222211421;0;7.42222222211421;7.42222222211421
232;5.50;11.50;True;False;False;False;240;13.50;11.50;True;False;False;False;2;10.4444444443689;17.7343209862282;7.46666666671081;13.4222222220269
233;6.50;11.50;True;False;False;False;14;23.50;9.50;False;True;False;False;17;21.8405228757297;5.87877995671632;19.6000000001159;26.0888888890431
233;6.50;11.50;True;False;False;False;22;0.50;6.50;False;False;True;False;1;132.133333331411;0;132.133333331411;132.133333331411
233;6.50;11.50;True;False;False;False;30;0.50;12.50;False;False;True;False;2;199.488888889985;1641.00839509067;170.844444445288;228.133333334682
233;6.50;11.50;True;False;False;False;136;7.50;4.50;True;False;False;False;1;9.46666666672263;0;9.46666666672263;9.46666666672263
233;6.50;11.50;True;False;False;False;137;8.50;4.50;True;False;False;False;1;9.6444444443041;0;9.6444444443041;9.6444444443041
233;6.50;11.50;True;False;False;False;142;13.50;4.50;True;False;False;False;1;12.9777777778545;0;12.9777777778545;12.9777777778545
233;6.50;11.50;True;False;False;False;151;8.50;5.50;True;False;False;False;2;13.5999999998021;0.774320987631785;12.9777777775889;14.2222222220153
233;6.50;11.50;True;False;False;False;153;10.50;5.50;True;False;False;False;1;10.3111111111721;0;10.3111111111721;10.3111111111721
233;6.50;11.50;True;False;False;False;154;11.50;5.50;True;False;False;False;1;13.5999999998021;0;13.5999999998021;13.5999999998021
233;6.50;11.50;True;False;False;False;160;17.50;5.50;True;False;False;False;1;17.3333333332585;0;17.3333333332585;17.3333333332585
233;6.50;11.50;True;False;False;False;176;5.50;7.50;True;False;False;False;1;7.11111111115315;0;7.11111111115315;7.11111111115315
233;6.50;11.50;True;False;False;False;179;8.50;7.50;True;False;False;False;1;8.66666666654055;0;8.66666666654055;8.66666666654055
233;6.50;11.50;True;False;False;False;181;10.50;7.50;True;False;False;False;1;8.97777777764713;0;8.97777777764713;8.97777777764713
233;6.50;11.50;True;False;False;False;182;11.50;7.50;True;False;False;False;1;10.0888888889485;0;10.0888888889485;10.0888888889485
233;6.50;11.50;True;False;False;False;183;12.50;7.50;True;False;False;False;2;13.3111111111166;1.99999999973079;12.3111111111839;14.3111111110493
233;6.50;11.50;True;False;False;False;196;11.50;8.50;True;False;False;False;1;8.97777777764713;0;8.97777777764713;8.97777777764713
233;6.50;11.50;True;False;False;False;221;8.50;10.50;True;False;False;False;1;5.51111111103091;0;5.51111111103091;5.51111111103091
233;6.50;11.50;True;False;False;False;223;10.50;10.50;True;False;False;False;1;6.8000000000402;0;6.8000000000402;6.8000000000402
233;6.50;11.50;True;False;False;False;239;12.50;11.50;True;False;False;False;1;6.13333333330684;0;6.13333333330684;6.13333333330684
233;6.50;11.50;True;False;False;False;240;13.50;11.50;True;False;False;False;2;9.48888888894498;14.4602469137512;6.8000000000402;12.1777777778498
234;7.50;11.50;True;False;False;False;14;23.50;9.50;False;True;False;False;9;23.0271604937431;8.7281207126322;18.9333333334453;28.1777777773677
234;7.50;11.50;True;False;False;False;22;0.50;6.50;False;False;True;False;2;121.799999998228;3868.08987643063;77.8222222210898;165.777777775365
234;7.50;11.50;True;False;False;False;30;0.50;12.50;False;False;True;False;7;145.498412697832;1764.10384482438;99.6444444450335;220.177777779079
234;7.50;11.50;True;False;False;False;140;11.50;4.50;True;False;False;False;1;10.9777777778427;0;10.9777777778427;10.9777777778427
234;7.50;11.50;True;False;False;False;153;10.50;5.50;True;False;False;False;1;10.5777777777321;0;10.5777777777321;10.5777777777321
234;7.50;11.50;True;False;False;False;155;12.50;5.50;True;False;False;False;1;10.9777777778427;0;10.9777777778427;10.9777777778427
234;7.50;11.50;True;False;False;False;179;8.50;7.50;True;False;False;False;1;7.46666666671081;0;7.46666666671081;7.46666666671081
234;7.50;11.50;True;False;False;False;181;10.50;7.50;True;False;False;False;1;15.0666666667557;0;15.0666666667557;15.0666666667557
234;7.50;11.50;True;False;False;False;182;11.50;7.50;True;False;False;False;2;11.1111111111768;0.0355555555559759;10.9777777778427;11.2444444445109
234;7.50;11.50;True;False;False;False;183;12.50;7.50;True;False;False;False;1;15.5555555554884;0;15.5555555554884;15.5555555554884
234;7.50;11.50;True;False;False;False;184;13.50;7.50;True;False;False;False;1;20.2666666663717;0;20.2666666663717;20.2666666663717
234;7.50;11.50;True;False;False;False;187;16.50;7.50;True;False;False;False;1;20.3111111108155;0;20.3111111108155;20.3111111108155
234;7.50;11.50;True;False;False;False;192;7.50;8.50;True;False;False;False;1;3.51111111106002;0;3.51111111106002;3.51111111106002
234;7.50;11.50;True;False;False;False;195;10.50;8.50;True;False;False;False;1;9.02222222209093;0;9.02222222209093;9.02222222209093
234;7.50;11.50;True;False;False;False;197;12.50;8.50;True;False;False;False;1;8.97777777764713;0;8.97777777764713;8.97777777764713
234;7.50;11.50;True;False;False;False;198;13.50;8.50;True;False;False;False;1;10.7555555555091;0;10.7555555555091;10.7555555555091
234;7.50;11.50;True;False;False;False;223;10.50;10.50;True;False;False;False;2;6.24444444435358;0.00888888888863019;6.17777777768788;6.31111111101927
234;7.50;11.50;True;False;False;False;225;12.50;10.50;True;False;False;False;1;18.7999999997264;0;18.7999999997264;18.7999999997264
234;7.50;11.50;True;False;False;False;239;12.50;11.50;True;False;False;False;1;5.46666666669898;0;5.46666666669898;5.46666666669898
235;8.50;11.50;True;False;False;False;14;23.50;9.50;False;True;False;False;17;21.7333333332569;16.7782716051991;18.2666666667747;33.6444444446433
235;8.50;11.50;True;False;False;False;30;0.50;12.50;False;False;True;False;6;134.377777776813;1064.81679015668;96.7111111116828;193.688888890034
235;8.50;11.50;True;False;False;False;141;12.50;4.50;True;False;False;False;1;13.1111111111886;0;13.1111111111886;13.1111111111886
235;8.50;11.50;True;False;False;False;154;11.50;5.50;True;False;False;False;1;15.022222222311;0;15.022222222311;15.022222222311
235;8.50;11.50;True;False;False;False;155;12.50;5.50;True;False;False;False;4;12.5555555556298;7.78600823054473;10.3111111111721;16.3555555556522
235;8.50;11.50;True;False;False;False;179;8.50;7.50;True;False;False;False;1;4.17777777771698;0;4.17777777771698;4.17777777771698
235;8.50;11.50;True;False;False;False;181;10.50;7.50;True;False;False;False;3;13.3481481480561;2.86288065885237;11.5999999998312;14.9777777778663
235;8.50;11.50;True;False;False;False;182;11.50;7.50;True;False;False;False;4;10.9555555555542;5.45382716020935;8.93333333338614;13.0222222222992
235;8.50;11.50;True;False;False;False;183;12.50;7.50;True;False;False;False;1;9.5999999998603;0;9.5999999998603;9.5999999998603
235;8.50;11.50;True;False;False;False;187;16.50;7.50;True;False;False;False;2;14.2444444442372;0.0483950617269866;14.0888888886839;14.3999999997905
235;8.50;11.50;True;False;False;False;190;5.50;8.50;True;False;False;False;1;8.26666666671554;0;8.26666666671554;8.26666666671554
235;8.50;11.50;True;False;False;False;192;7.50;8.50;True;False;False;False;1;6.17777777768788;0;6.17777777768788;6.17777777768788
235;8.50;11.50;True;False;False;False;198;13.50;8.50;True;False;False;False;1;14.6222222220094;0;14.6222222220094;14.6222222220094
235;8.50;11.50;True;False;False;False;221;8.50;10.50;True;False;False;False;1;2.04444444441469;0;2.04444444441469;2.04444444441469
235;8.50;11.50;True;False;False;False;223;10.50;10.50;True;False;False;False;1;6.13333333336959;0;6.13333333336959;6.13333333336959
235;8.50;11.50;True;False;False;False;232;5.50;11.50;True;False;False;False;1;4.13333333335777;0;4.13333333335777;4.13333333335777
235;8.50;11.50;True;False;False;False;240;13.50;11.50;True;False;False;False;1;12.1333333331568;0;12.1333333331568;12.1333333331568
235;8.50;11.50;True;False;False;False;242;15.50;11.50;True;False;False;False;1;12.1333333331568;0;12.1333333331568;12.1333333331568
235;8.50;11.50;True;False;False;False;260;5.50;13.50;True;False;False;False;1;8.53333333320916;0;8.53333333320916;8.53333333320916
235;8.50;11.50;True;False;False;False;279;10.50;14.50;True;False;False;False;1;7.06666666656383;0;7.06666666656383;7.06666666656383
237;10.50;11.50;True;False;False;False;14;23.50;9.50;False;True;False;False;3;21.1555555555227;11.7353086411664;17.2000000001017;23.1555555552186
237;10.50;11.50;True;False;False;False;22;0.50;6.50;False;False;True;False;1;85.9111111098609;0;85.9111111098609;85.9111111098609
237;10.50;11.50;True;False;False;False;30;0.50;12.50;False;False;True;False;2;154.933333332517;414.719999905106;140.533333334164;169.333333330869
237;10.50;11.50;True;False;False;False;92;5.50;1.50;True;False;False;False;1;14.8888888889769;0;14.8888888889769;14.8888888889769
237;10.50;11.50;True;False;False;False;106;5.50;2.50;True;False;False;False;1;16.7555555553117;0;16.7555555553117;16.7555555553117
237;10.50;11.50;True;False;False;False;147;18.50;4.50;True;False;False;False;1;14.7111111111981;0;14.7111111111981;14.7111111111981
237;10.50;11.50;True;False;False;False;182;11.50;7.50;True;False;False;False;1;11.1555555553932;0;11.1555555553932;11.1555555553932
237;10.50;11.50;True;False;False;False;183;12.50;7.50;True;False;False;False;1;9.68888888894617;0;9.68888888894617;9.68888888894617
237;10.50;11.50;True;False;False;False;192;7.50;8.50;True;False;False;False;1;18.8444444441702;0;18.8444444441702;18.8444444441702
237;10.50;11.50;True;False;False;False;195;10.50;8.50;True;False;False;False;3;8.1925925925525;9.66386831328479;5.51111111103091;11.6000000000686
237;10.50;11.50;True;False;False;False;202;17.50;8.50;True;False;False;False;1;10.933333333398;0;10.933333333398;10.933333333398
237;10.50;11.50;True;False;False;False;220;7.50;10.50;True;False;False;False;1;6.8000000000402;0;6.8000000000402;6.8000000000402
237;10.50;11.50;True;False;False;False;233;6.50;11.50;True;False;False;False;1;4.79999999993015;0;4.79999999993015;4.79999999993015
237;10.50;11.50;True;False;False;False;260;5.50;13.50;True;False;False;False;1;9.5555555554165;0;9.5555555554165;9.5555555554165
237;10.50;11.50;True;False;False;False;263;8.50;13.50;True;False;False;False;1;7.06666666670844;0;7.06666666670844;7.06666666670844
239;12.50;11.50;True;False;False;False;14;23.50;9.50;False;True;False;False;2;15.9555555553234;0.193580246907946;15.6444444442168;16.26666666643
239;12.50;11.50;True;False;False;False;22;0.50;6.50;False;False;True;False;4;164.677777776828;2083.46518523761;111.466666665045;211.200000001249
239;12.50;11.50;True;False;False;False;30;0.50;12.50;False;False;True;False;2;179.333333332921;23520.3950613679;70.888888889308;287.777777776535
239;12.50;11.50;True;False;False;False;109;8.50;2.50;True;False;False;False;1;12.9777777775889;0;12.9777777775889;12.9777777775889
239;12.50;11.50;True;False;False;False;111;10.50;2.50;True;False;False;False;1;12.2222222221694;0;12.2222222221694;12.2222222221694
239;12.50;11.50;True;False;False;False;134;5.50;4.50;True;False;False;False;3;15.022222222214;1.92000000025553;14.2222222221608;16.6222222223205
239;12.50;11.50;True;False;False;False;136;7.50;4.50;True;False;False;False;1;14.3111111110493;0;14.3111111110493;14.3111111110493
239;12.50;11.50;True;False;False;False;140;11.50;4.50;True;False;False;False;1;15.7333333331044;0;15.7333333331044;15.7333333331044
239;12.50;11.50;True;False;False;False;144;15.50;4.50;True;False;False;False;1;10.3111111111721;0;10.3111111111721;10.3111111111721
239;12.50;11.50;True;False;False;False;149;6.50;5.50;True;False;False;False;1;15.0222222220036;0;15.0222222220036;15.0222222220036
239;12.50;11.50;True;False;False;False;155;12.50;5.50;True;False;False;False;1;11.4666666667345;0;11.4666666667345;11.4666666667345
239;12.50;11.50;True;False;False;False;176;5.50;7.50;True;False;False;False;1;12.2222222221694;0;12.2222222221694;12.2222222221694
239;12.50;11.50;True;False;False;False;178;7.50;7.50;True;False;False;False;1;12.3999999998196;0;12.3999999998196;12.3999999998196
239;12.50;11.50;True;False;False;False;179;8.50;7.50;True;False;False;False;1;9.5999999998603;0;9.5999999998603;9.5999999998603
239;12.50;11.50;True;False;False;False;181;10.50;7.50;True;False;False;False;1;8.26666666654637;0;8.26666666654637;8.26666666654637
239;12.50;11.50;True;False;False;False;182;11.50;7.50;True;False;False;False;1;8.08888888893671;0;8.08888888893671;8.08888888893671
239;12.50;11.50;True;False;False;False;183;12.50;7.50;True;False;False;False;1;4.17777777771698;0;4.17777777771698;4.17777777771698
239;12.50;11.50;True;False;False;False;184;13.50;7.50;True;False;False;False;2;8.64444444449555;2.77432098768712;7.46666666671081;9.82222222228029
239;12.50;11.50;True;False;False;False;190;5.50;8.50;True;False;False;False;1;10.933333333398;0;10.933333333398;10.933333333398
239;12.50;11.50;True;False;False;False;218;5.50;10.50;True;False;False;False;1;9.46666666652891;0;9.46666666652891;9.46666666652891
239;12.50;11.50;True;False;False;False;220;7.50;10.50;True;False;False;False;1;8.22222222210257;0;8.22222222210257;8.22222222210257
239;12.50;11.50;True;False;False;False;224;11.50;10.50;True;False;False;False;2;5.93333333324699;0.285432098757125;5.55555555547471;6.31111111101927
239;12.50;11.50;True;False;False;False;225;12.50;10.50;True;False;False;False;1;2.66666666665515;0;2.66666666665515;2.66666666665515
239;12.50;11.50;True;False;False;False;229;16.50;10.50;True;False;False;False;1;6.84444444448491;0;6.84444444448491;6.84444444448491
239;12.50;11.50;True;False;False;False;232;5.50;11.50;True;False;False;False;2;11.3777777776122;7.3046913578121;9.46666666652891;13.2888888886955
239;12.50;11.50;True;False;False;False;240;13.50;11.50;True;False;False;False;1;2.66666666665515;0;2.66666666665515;2.66666666665515
239;12.50;11.50;True;False;False;False;260;5.50;13.50;True;False;False;False;1;10.2666666667274;0;10.2666666667274;10.2666666667274
240;13.50;11.50;True;False;False;False;14;23.50;9.50;False;True;False;False;3;15.7925925924737;0.170534979576713;15.5111111108854;16.2666666667628
240;13.50;11.50;True;False;False;False;22;0.50;6.50;False;False;True;False;2;149.911111109719;39.5061728523949;145.46666666455;154.355555554889
240;13.50;11.50;True;False;False;False;92;5.50;1.50;True;False;False;False;1;17.5555555553001;0;17.5555555553001;17.5555555553001
240;13.50;11.50;True;False;False;False;106;5.50;2.50;True;False;False;False;1;17.5999999997439;0;17.5999999997439;17.5999999997439
240;13.50;11.50;True;False;False;False;111;10.50;2.50;True;False;False;False;1;12.8888888888332;0;12.8888888888332;12.8888888888332
240;13.50;11.50;True;False;False;False;119;18.50;2.50;True;False;False;False;1;12.9777777778545;0;12.9777777778545;12.9777777778545
240;13.50;11.50;True;False;False;False;134;5.50;4.50;True;False;False;False;1;14.2666666664591;0;14.2666666664591;14.2666666664591
240;13.50;11.50;True;False;False;False;137;8.50;4.50;True;False;False;False;2;11.9555555555071;0.193580247064137;11.644444444275;12.2666666667392
240;13.50;11.50;True;False;False;False;141;12.50;4.50;True;False;False;False;1;14.266666666751;0;14.266666666751;14.266666666751
240;13.50;11.50;True;False;False;False;148;5.50;5.50;True;False;False;False;1;13.5999999999412;0;13.5999999999412;13.5999999999412
240;13.50;11.50;True;False;False;False;149;6.50;5.50;True;False;False;False;3;14.3407407406791;1.1088065843645;13.6888888886897;15.5555555554884
240;13.50;11.50;True;False;False;False;154;11.50;5.50;True;False;False;False;1;9.77777777763549;0;9.77777777763549;9.77777777763549
240;13.50;11.50;True;False;False;False;160;17.50;5.50;True;False;False;False;1;11.2888888889556;0;11.2888888889556;11.2888888889556
240;13.50;11.50;True;False;False;False;176;5.50;7.50;True;False;False;False;1;12.3999999998196;0;12.3999999998196;12.3999999998196
240;13.50;11.50;True;False;False;False;177;6.50;7.50;True;False;False;False;3;14.9777777777899;14.2716049393062;11.199999999837;18.7555555556664
240;13.50;11.50;True;False;False;False;179;8.50;7.50;True;False;False;False;1;10.2666666666223;0;10.2666666666223;10.2666666666223
240;13.50;11.50;True;False;False;False;181;10.50;7.50;True;False;False;False;2;9.02222222209093;1.01135802466192;8.31111111099017;9.73333333319169
240;13.50;11.50;True;False;False;False;182;11.50;7.50;True;False;False;False;1;11.0222222222874;0;11.0222222222874;11.0222222222874
240;13.50;11.50;True;False;False;False;183;12.50;7.50;True;False;False;False;1;6.84444444448491;0;6.84444444448491;6.84444444448491
240;13.50;11.50;True;False;False;False;184;13.50;7.50;True;False;False;False;1;5.42222222214332;0;5.42222222214332;5.42222222214332
240;13.50;11.50;True;False;False;False;190;5.50;8.50;True;False;False;False;2;14.5999999999385;0.0483950618209273;14.4444444442343;14.7555555556428
240;13.50;11.50;True;False;False;False;198;13.50;8.50;True;False;False;False;1;3.55555555550382;0;3.55555555550382;3.55555555550382
240;13.50;11.50;True;False;False;False;202;17.50;8.50;True;False;False;False;1;8.31111111099017;0;8.31111111099017;8.31111111099017
240;13.50;11.50;True;False;False;False;218;5.50;10.50;True;False;False;False;1;10.7555555556191;0;10.7555555556191;10.7555555556191
240;13.50;11.50;True;False;False;False;223;10.50;10.50;True;False;False;False;1;6.79999999990105;0;6.79999999990105;6.79999999990105
240;13.50;11.50;True;False;False;False;224;11.50;10.50;True;False;False;False;1;6.13333333324408;0;6.13333333324408;6.13333333324408
240;13.50;11.50;True;False;False;False;225;12.50;10.50;True;False;False;False;1;5.33333333331029;0;5.33333333331029;5.33333333331029
240;13.50;11.50;True;False;False;False;226;13.50;10.50;True;False;False;False;1;2.80000000001655;0;2.80000000001655;2.80000000001655
240;13.50;11.50;True;False;False;False;229;16.50;10.50;True;False;False;False;1;6.88888888878864;0;6.88888888878864;6.88888888878864
240;13.50;11.50;True;False;False;False;231;18.50;10.50;True;False;False;False;1;7.51111111115551;0;7.51111111115551;7.51111111115551
240;13.50;11.50;True;False;False;False;232;5.50;11.50;True;False;False;False;1;13.7777777775773;0;13.7777777775773;13.7777777775773
240;13.50;11.50;True;False;False;False;233;6.50;11.50;True;False;False;False;2;8.64444444445553;1.3520987655797;7.82222222218843;9.46666666672263
240;13.50;11.50;True;False;False;False;235;8.50;11.50;True;False;False;False;3;8.11851851840038;2.08658436207919;6.66666666656965;9.5555555554165
240;13.50;11.50;True;False;False;False;237;10.50;11.50;True;False;False;False;1;4.13333333327319;0;4.13333333327319;4.13333333327319
240;13.50;11.50;True;False;False;False;239;12.50;11.50;True;False;False;False;1;2.66666666668243;0;2.66666666668243;2.66666666668243
240;13.50;11.50;True;False;False;False;260;5.50;13.50;True;False;False;False;1;10.3111111110666;0;10.3111111110666;10.3111111110666
240;13.50;11.50;True;False;False;False;261;6.50;13.50;True;False;False;False;1;9.64444444450146;0;9.64444444450146;9.64444444450146
240;13.50;11.50;True;False;False;False;262;7.50;13.50;True;False;False;False;1;9.59999999995853;0;9.59999999995853;9.59999999995853
240;13.50;11.50;True;False;False;False;263;8.50;13.50;True;False;False;False;1;8.93333333338614;0;8.93333333338614;8.93333333338614
240;13.50;11.50;True;False;False;False;270;15.50;13.50;True;False;False;False;1;6.31111111108385;0;6.31111111108385;6.31111111108385
240;13.50;11.50;True;False;False;False;274;5.50;14.50;True;False;False;False;1;12.3555555553758;0;12.3555555553758;12.3555555553758
240;13.50;11.50;True;False;False;False;279;10.50;14.50;True;False;False;False;1;7.99999999988358;0;7.99999999988358;7.99999999988358
242;15.50;11.50;True;False;False;False;14;23.50;9.50;False;True;False;False;3;16.1333333331997;10.4059259267293;13.6444444442459;19.7777777777935
242;15.50;11.50;True;False;False;False;22;0.50;6.50;False;False;True;False;1;134.888888888824;0;134.888888888824;134.888888888824
242;15.50;11.50;True;False;False;False;30;0.50;12.50;False;False;True;False;2;84.6444444440493;1188.55209881242;60.2666666657897;109.022222222309
242;15.50;11.50;True;False;False;False;109;8.50;2.50;True;False;False;False;1;16.9333333330869;0;16.9333333330869;16.9333333330869
242;15.50;11.50;True;False;False;False;134;5.50;4.50;True;False;False;False;1;18.5333333330636;0;18.5333333330636;18.5333333330636
242;15.50;11.50;True;False;False;False;136;7.50;4.50;True;False;False;False;1;14.2666666664591;0;14.2666666664591;14.2666666664591
242;15.50;11.50;True;False;False;False;142;13.50;4.50;True;False;False;False;1;9.6444444443041;0;9.6444444443041;9.6444444443041
242;15.50;11.50;True;False;False;False;181;10.50;7.50;True;False;False;False;2;11.8666666665861;0.0355555556036335;11.7333333331626;12.0000000000095
242;15.50;11.50;True;False;False;False;193;8.50;8.50;True;False;False;False;1;11.5555555553874;0;11.5555555553874;11.5555555553874
242;15.50;11.50;True;False;False;False;195;10.50;8.50;True;False;False;False;1;10.977777777618;0;10.977777777618;10.977777777618
242;15.50;11.50;True;False;False;False;197;12.50;8.50;True;False;False;False;1;7.64444444444075;0;7.64444444444075;7.64444444444075
242;15.50;11.50;True;False;False;False;200;15.50;8.50;True;False;False;False;1;3.51111111111391;0;3.51111111111391;3.51111111111391
242;15.50;11.50;True;False;False;False;243;16.50;11.50;True;False;False;False;1;3.19999999995343;0;3.19999999995343;3.19999999995343
242;15.50;11.50;True;False;False;False;267;12.50;13.50;True;False;False;False;1;8.22222222210257;0;8.22222222210257;8.22222222210257
242;15.50;11.50;True;False;False;False;270;15.50;13.50;True;False;False;False;1;3.46666666661622;0;3.46666666661622;3.46666666661622
243;16.50;11.50;True;False;False;False;30;0.50;12.50;False;False;True;False;1;70.7555555545259;0;70.7555555545259;70.7555555545259
243;16.50;11.50;True;False;False;False;197;12.50;8.50;True;False;False;False;1;10.3111111109611;0;10.3111111109611;10.3111111109611
244;17.50;11.50;True;False;False;False;14;23.50;9.50;False;True;False;False;2;12.9333333331451;0.774320987631785;12.311111110932;13.5555555553583
244;17.50;11.50;True;False;False;False;30;0.50;12.50;False;False;True;False;1;89.2888888894167;0;89.2888888894167;89.2888888894167
244;17.50;11.50;True;False;False;False;140;11.50;4.50;True;False;False;False;1;12.311111110932;0;12.311111110932;12.311111110932
244;17.50;11.50;True;False;False;False;198;13.50;8.50;True;False;False;False;2;9.6444444443041;3.32246913570577;8.35555555543397;10.9333333331742
245;18.50;11.50;True;False;False;False;14;23.50;9.50;False;True;False;False;1;12.2666666666686;0;12.2666666666686;12.2666666666686
245;18.50;11.50;True;False;False;False;30;0.50;12.50;False;False;True;False;2;136.666666666285;835.950617391082;116.222222220531;157.11111111204
245;18.50;11.50;True;False;False;False;140;11.50;4.50;True;False;False;False;1;13.6888888886897;0;13.6888888886897;13.6888888886897
245;18.50;11.50;True;False;False;False;153;10.50;5.50;True;False;False;False;1;16.9333333334334;0;16.9333333334334;16.9333333334334
245;18.50;11.50;True;False;False;False;156;13.50;5.50;True;False;False;False;1;10.9777777777795;0;10.9777777777795;10.9777777777795
260;5.50;13.50;True;False;False;False;6;23.50;3.50;False;True;False;False;1;28.4000000001679;0;28.4000000001679;28.4000000001679
260;5.50;13.50;True;False;False;False;14;23.50;9.50;False;True;False;False;23;23.7236714974544;20.4848406773178;20.9333333330287;39.1111111109421
260;5.50;13.50;True;False;False;False;22;0.50;6.50;False;False;True;False;2;84.9111111098755;93.0854320960563;78.0888888877525;91.7333333319984
260;5.50;13.50;True;False;False;False;30;0.50;12.50;False;False;True;False;11;145.898989898529;609.320332235528;104.666666666214;180.400000001066
260;5.50;13.50;True;False;False;False;140;11.50;4.50;True;False;False;False;2;15.6444444444569;3.79654320988259;14.266666666678;17.0222222222358
260;5.50;13.50;True;False;False;False;154;11.50;5.50;True;False;False;False;4;16.3666666665596;13.2455967079125;14.2222222220153;21.7777777776837
260;5.50;13.50;True;False;False;False;155;12.50;5.50;True;False;False;False;4;16.6000000000204;2.72000000032247;15.1999999997788;18.4000000001088
260;5.50;13.50;True;False;False;False;181;10.50;7.50;True;False;False;False;5;13.315555555498;5.33293827155886;11.5999999999499;17.3333333332585
260;5.50;13.50;True;False;False;False;182;11.50;7.50;True;False;False;False;1;12.5333333334074;0;12.5333333334074;12.5333333334074
260;5.50;13.50;True;False;False;False;183;12.50;7.50;True;False;False;False;3;15.8962962962799;7.11374485581729;13.555555555497;18.7999999999188
260;5.50;13.50;True;False;False;False;187;16.50;7.50;True;False;False;False;2;15.7555555553263;0.0483950617269866;15.599999999773;15.9111111108796
260;5.50;13.50;True;False;False;False;191;6.50;8.50;True;False;False;False;1;12.2222222221694;0;12.2222222221694;12.2222222221694
260;5.50;13.50;True;False;False;False;193;8.50;8.50;True;False;False;False;1;11.5999999999499;0;11.5999999999499;11.5999999999499
260;5.50;13.50;True;False;False;False;195;10.50;8.50;True;False;False;False;1;18.7111111108388;0;18.7111111108388;18.7111111108388
260;5.50;13.50;True;False;False;False;197;12.50;8.50;True;False;False;False;1;14.7111111111228;0;14.7111111111228;14.7111111111228
260;5.50;13.50;True;False;False;False;198;13.50;8.50;True;False;False;False;1;13.7777777775773;0;13.7777777775773;13.7777777775773
260;5.50;13.50;True;False;False;False;221;8.50;10.50;True;False;False;False;1;8.88888888875954;0;8.88888888875954;8.88888888875954
260;5.50;13.50;True;False;False;False;223;10.50;10.50;True;False;False;False;3;10.0740740739275;0.176460905344659;9.5999999998603;10.3999999998487
260;5.50;13.50;True;False;False;False;224;11.50;10.50;True;False;False;False;1;10.2666666666748;0;10.2666666666748;10.2666666666748
260;5.50;13.50;True;False;False;False;225;12.50;10.50;True;False;False;False;3;11.1111111110794;0.0948148148052976;10.9333333332861;11.4666666666171
260;5.50;13.50;True;False;False;False;226;13.50;10.50;True;False;False;False;1;13.5999999998021;0;13.5999999998021;13.5999999998021
260;5.50;13.50;True;False;False;False;239;12.50;11.50;True;False;False;False;2;11.5333333333417;0.0483950616917588;11.377777777845;11.6888888888384
261;6.50;13.50;True;False;False;False;14;23.50;9.50;False;True;False;False;13;22.4649572649226;13.5929597967795;20.2666666663717;32.4444444439723
261;6.50;13.50;True;False;False;False;30;0.50;12.50;False;False;True;False;6;139.385185197104;2476.37286984327;50.4000000731103;200.488888890074
261;6.50;13.50;True;False;False;False;134;5.50;4.50;True;False;False;False;1;11.4222222222313;0;11.4222222222313;11.4222222222313
261;6.50;13.50;True;False;False;False;141;12.50;4.50;True;False;False;False;1;14.8888888889769;0;14.8888888889769;14.8888888889769
261;6.50;13.50;True;False;False;False;151;8.50;5.50;True;False;False;False;2;10.9333333332546;1.2929933189042E-20;10.9333333331742;10.933333333335
261;6.50;13.50;True;False;False;False;181;10.50;7.50;True;False;False;False;3;12.9629629630199;5.94238683142918;11.5555555555648;15.7777777778711
261;6.50;13.50;True;False;False;False;182;11.50;7.50;True;False;False;False;1;12.2222222222945;0;12.2222222222945;12.2222222222945
261;6.50;13.50;True;False;False;False;183;12.50;7.50;True;False;False;False;2;16.9333333333261;32.7150617270457;12.8888888889651;20.9777777776872
261;6.50;13.50;True;False;False;False;184;13.50;7.50;True;False;False;False;1;16.4444444445417;0;16.4444444445417;16.4444444445417
261;6.50;13.50;True;False;False;False;193;8.50;8.50;True;False;False;False;1;9.73333333319169;0;9.73333333319169;9.73333333319169
261;6.50;13.50;True;False;False;False;195;10.50;8.50;True;False;False;False;1;10.8888888887304;0;10.8888888887304;10.8888888887304
261;6.50;13.50;True;False;False;False;196;11.50;8.50;True;False;False;False;1;11.5555555555648;0;11.5555555555648;11.5555555555648
261;6.50;13.50;True;False;False;False;198;13.50;8.50;True;False;False;False;1;15.0222222220036;0;15.0222222220036;15.0222222220036
261;6.50;13.50;True;False;False;False;225;12.50;10.50;True;False;False;False;2;10.5555555555377;0.166913580277526;10.2666666666223;10.8444444444531
261;6.50;13.50;True;False;False;False;240;13.50;11.50;True;False;False;False;2;10.5777777777846;0.193580246846545;10.2666666667274;10.8888888888418
262;7.50;13.50;True;False;False;False;14;23.50;9.50;False;True;False;False;2;23.0444444444628;14.4602469136033;20.3555555555718;25.7333333333538
262;7.50;13.50;True;False;False;False;30;0.50;12.50;False;False;True;False;2;157.155555554877;1.42617283949385;156.311111110436;157.999999999317
262;7.50;13.50;True;False;False;False;140;11.50;4.50;True;False;False;False;1;13.7333333333443;0;13.7333333333443;13.7333333333443
262;7.50;13.50;True;False;False;False;181;10.50;7.50;True;False;False;False;1;11.2444444444534;0;11.2444444444534;11.2444444444534
262;7.50;13.50;True;False;False;False;183;12.50;7.50;True;False;False;False;1;16.2222222221521;0;16.2222222221521;16.2222222221521
262;7.50;13.50;True;False;False;False;224;11.50;10.50;True;False;False;False;1;9.55555555551427;0;9.55555555551427;9.55555555551427
263;8.50;13.50;True;False;False;False;14;23.50;9.50;False;True;False;False;18;23.5333333332657;36.8270152509115;18.9333333330578;39.5555555557894
263;8.50;13.50;True;False;False;False;22;0.50;6.50;False;False;True;False;2;151.111111111099;492.282469198442;135.422222221212;166.800000000986
263;8.50;13.50;True;False;False;False;30;0.50;12.50;False;False;True;False;3;158.207407406594;1481.18979430583;124.933333331515;200.355555555578
263;8.50;13.50;True;False;False;False;109;8.50;2.50;True;False;False;False;1;16.9777777777044;0;16.9777777777044;16.9777777777044
263;8.50;13.50;True;False;False;False;118;17.50;2.50;True;False;False;False;1;17.600000000104;0;17.600000000104;17.600000000104
263;8.50;13.50;True;False;False;False;137;8.50;4.50;True;False;False;False;1;15.5111111108854;0;15.5111111108854;15.5111111108854
263;8.50;13.50;True;False;False;False;140;11.50;4.50;True;False;False;False;1;14.9333333334216;0;14.9333333334216;14.9333333334216
263;8.50;13.50;True;False;False;False;151;8.50;5.50;True;False;False;False;1;8.08888888889015;0;8.08888888889015;8.08888888889015
263;8.50;13.50;True;False;False;False;155;12.50;5.50;True;False;False;False;3;13.8518518519337;0.699917695481526;12.8888888889651;14.4000000000851
263;8.50;13.50;True;False;False;False;181;10.50;7.50;True;False;False;False;1;10.2222222220735;0;10.2222222220735;10.2222222220735
263;8.50;13.50;True;False;False;False;183;12.50;7.50;True;False;False;False;5;13.3955555555298;2.9457777779364;10.9333333332861;15.6888888889816
263;8.50;13.50;True;False;False;False;184;13.50;7.50;True;False;False;False;1;11.6000000000686;0;11.6000000000686;11.6000000000686
263;8.50;13.50;True;False;False;False;187;16.50;7.50;True;False;False;False;1;13.7777777775773;0;13.7777777775773;13.7777777775773
263;8.50;13.50;True;False;False;False;190;5.50;8.50;True;False;False;False;1;10.4444444443993;0;10.4444444443993;10.4444444443993
263;8.50;13.50;True;False;False;False;221;8.50;10.50;True;False;False;False;1;4.75555555548635;0;4.75555555548635;4.75555555548635
263;8.50;13.50;True;False;False;False;224;11.50;10.50;True;False;False;False;1;8.93333333320334;0;8.93333333320334;8.93333333320334
263;8.50;13.50;True;False;False;False;225;12.50;10.50;True;False;False;False;1;8.93333333329474;0;8.93333333329474;8.93333333329474
263;8.50;13.50;True;False;False;False;237;10.50;11.50;True;False;False;False;1;6.93333333337432;0;6.93333333337432;6.93333333337432
263;8.50;13.50;True;False;False;False;239;12.50;11.50;True;False;False;False;1;8.26666666654637;0;8.26666666654637;8.26666666654637
263;8.50;13.50;True;False;False;False;279;10.50;14.50;True;False;False;False;1;5.99999999997408;0;5.99999999997408;5.99999999997408
265;10.50;13.50;True;False;False;False;14;23.50;9.50;False;True;False;False;4;21.1555555556306;7.21119341593655;18.2222222223299;23.7333333334736
265;10.50;13.50;True;False;False;False;22;0.50;6.50;False;False;True;False;1;91.9555555551583;0;91.9555555551583;91.9555555551583
265;10.50;13.50;True;False;False;False;30;0.50;12.50;False;False;True;False;2;133.688888889221;799.999999972767;113.688888889561;153.68888888888
265;10.50;13.50;True;False;False;False;140;11.50;4.50;True;False;False;False;1;22.9777777777667;0;22.9777777777667;22.9777777777667
265;10.50;13.50;True;False;False;False;182;11.50;7.50;True;False;False;False;2;11.1777777778439;5.55555555562124;9.51111111116734;12.8444444445204
265;10.50;13.50;True;False;False;False;183;12.50;7.50;True;False;False;False;1;12.2222222221694;0;12.2222222221694;12.2222222221694
265;10.50;13.50;True;False;False;False;220;7.50;10.50;True;False;False;False;1;8.26666666671554;0;8.26666666671554;8.26666666671554
265;10.50;13.50;True;False;False;False;221;8.50;10.50;True;False;False;False;1;7.60000000004493;0;7.60000000004493;7.60000000004493
265;10.50;13.50;True;False;False;False;234;7.50;11.50;True;False;False;False;1;8.22222222227083;0;8.22222222227083;8.22222222227083
266;11.50;13.50;True;False;False;False;14;23.50;9.50;False;True;False;False;3;24.5185185186635;57.3181893010892;17.5555555556593;32.5777777779704
266;11.50;13.50;True;False;False;False;22;0.50;6.50;False;False;True;False;2;82.1333333333689;67.7965432001988;76.3111111115622;87.9555555551756
266;11.50;13.50;True;False;False;False;30;0.50;12.50;False;False;True;False;1;65.4666666670537;0;65.4666666670537;65.4666666670537
266;11.50;13.50;True;False;False;False;134;5.50;4.50;True;False;False;False;1;14.266666666605;0;14.266666666605;14.266666666605
266;11.50;13.50;True;False;False;False;154;11.50;5.50;True;False;False;False;1;15.0666666667557;0;15.0666666667557;15.0666666667557
266;11.50;13.50;True;False;False;False;155;12.50;5.50;True;False;False;False;2;12.5333333334074;2.27555555558246;11.4666666667345;13.6000000000804
266;11.50;13.50;True;False;False;False;184;13.50;7.50;True;False;False;False;3;11.3481481482152;2.29201646093245;9.60000000005675;12.2222222222945
266;11.50;13.50;True;False;False;False;224;11.50;10.50;True;False;False;False;1;4.75555555555326;0;4.75555555555326;4.75555555555326
266;11.50;13.50;True;False;False;False;260;5.50;13.50;True;False;False;False;1;8.88888888885049;0;8.88888888885049;8.88888888885049
267;12.50;13.50;True;False;False;False;14;23.50;9.50;False;True;False;False;1;16.26666666643;0;16.26666666643;16.26666666643
267;12.50;13.50;True;False;False;False;30;0.50;12.50;False;False;True;False;4;124.166666683321;5224.44295922977;51.4222222953176;217.822222219052
267;12.50;13.50;True;False;False;False;182;11.50;7.50;True;False;False;False;2;10.5333333331801;6.00888888871401;8.79999999987194;12.2666666664882
267;12.50;13.50;True;False;False;False;195;10.50;8.50;True;False;False;False;1;8.93333333320334;0;8.93333333320334;8.93333333320334
267;12.50;13.50;True;False;False;False;240;13.50;11.50;True;False;False;False;1;6.13333333324408;0;6.13333333324408;6.13333333324408
268;13.50;13.50;True;False;False;False;14;23.50;9.50;False;True;False;False;4;17.1444444443977;7.2367078180223;15.5999999999326;21.1555555552477
268;13.50;13.50;True;False;False;False;22;0.50;6.50;False;False;True;False;3;115.911111109841;1211.28493824419;78.3999999988591;147.155555553414
268;13.50;13.50;True;False;False;False;30;0.50;12.50;False;False;True;False;1;124.355555553746;0;124.355555553746;124.355555553746
268;13.50;13.50;True;False;False;False;154;11.50;5.50;True;False;False;False;2;13.4888888887513;8.17876543138622;11.4666666666171;15.5111111108854
268;13.50;13.50;True;False;False;False;192;7.50;8.50;True;False;False;False;1;11.6000000000686;0;11.6000000000686;11.6000000000686
268;13.50;13.50;True;False;False;False;195;10.50;8.50;True;False;False;False;1;13.5555555556357;0;13.5555555556357;13.5555555556357
268;13.50;13.50;True;False;False;False;221;8.50;10.50;True;False;False;False;1;9.5999999998603;0;9.5999999998603;9.5999999998603
268;13.50;13.50;True;False;False;False;223;10.50;10.50;True;False;False;False;1;8.26666666654637;0;8.26666666654637;8.26666666654637
268;13.50;13.50;True;False;False;False;224;11.50;10.50;True;False;False;False;1;8.44444444449437;0;8.44444444449437;8.44444444449437
268;13.50;13.50;True;False;False;False;230;17.50;10.50;True;False;False;False;1;8.93333333320334;0;8.93333333320334;8.93333333320334
270;15.50;13.50;True;False;False;False;22;0.50;6.50;False;False;True;False;2;101.888888887406;11.3076543206586;99.511111109663;104.266666665149
270;15.50;13.50;True;False;False;False;30;0.50;12.50;False;False;True;False;4;124.477777794844;3697.87835175751;63.9999999990687;189.111111108359
270;15.50;13.50;True;False;False;False;181;10.50;7.50;True;False;False;False;2;15.0444444442255;4.17283950605139;13.5999999998021;16.4888888886489
270;15.50;13.50;True;False;False;False;183;12.50;7.50;True;False;False;False;1;10.8888888889533;0;10.8888888889533;10.8888888889533
270;15.50;13.50;True;False;False;False;193;8.50;8.50;True;False;False;False;1;14.3999999997905;0;14.3999999997905;14.3999999997905
270;15.50;13.50;True;False;False;False;197;12.50;8.50;True;False;False;False;1;9.5999999998603;0;9.5999999998603;9.5999999998603
271;16.50;13.50;True;False;False;False;14;23.50;9.50;False;True;False;False;2;16.6666666666799;11.9506172839696;14.2222222222335;19.1111111111263
271;16.50;13.50;True;False;False;False;30;0.50;12.50;False;False;True;False;1;226.622222222249;0;226.622222222249;226.622222222249
271;16.50;13.50;True;False;False;False;181;10.50;7.50;True;False;False;False;1;12.2666666666764;0;12.2666666666764;12.2666666666764
271;16.50;13.50;True;False;False;False;197;12.50;8.50;True;False;False;False;1;10.7999999998428;0;10.7999999998428;10.7999999998428
271;16.50;13.50;True;False;False;False;224;11.50;10.50;True;False;False;False;1;10.2222222222304;0;10.2222222222304;10.2222222222304
272;17.50;13.50;True;False;False;False;30;0.50;12.50;False;False;True;False;1;130.222222222189;0;130.222222222189;130.222222222189
272;17.50;13.50;True;False;False;False;181;10.50;7.50;True;False;False;False;1;17.7333333330753;0;17.7333333330753;17.7333333330753
273;18.50;13.50;True;False;False;False;30;0.50;12.50;False;False;True;False;3;157.881481479184;2700.97843613538;100.711111109646;202.266666663723
273;18.50;13.50;True;False;False;False;183;12.50;7.50;True;False;False;False;1;11.644444444275;0;11.644444444275;11.644444444275
273;18.50;13.50;True;False;False;False;195;10.50;8.50;True;False;False;False;1;12.9333333331451;0;12.9333333331451;12.9333333331451
273;18.50;13.50;True;False;False;False;223;10.50;10.50;True;False;False;False;1;11.5999999998312;0;11.5999999998312;11.5999999998312
274;5.50;14.50;True;False;False;False;14;23.50;9.50;False;True;False;False;13;26.0136752134059;7.12967394706692;24.4444444440887;33.1999999995169
274;5.50;14.50;True;False;False;False;22;0.50;6.50;False;False;True;False;2;233.555555553818;4134.43555573738;188.088888886152;279.022222221485
274;5.50;14.50;True;False;False;False;30;0.50;12.50;False;False;True;False;11;147.115151514247;2258.84185863089;86.7111111098493;227.022222222403
274;5.50;14.50;True;False;False;False;154;11.50;5.50;True;False;False;False;4;14.3111111109727;1.77777777760194;13.6444444442459;16.3111111108738
274;5.50;14.50;True;False;False;False;178;7.50;7.50;True;False;False;False;1;10.3999999999551;0;10.3999999999551;10.3999999999551
274;5.50;14.50;True;False;False;False;181;10.50;7.50;True;False;False;False;4;12.5111111110858;0.239012345702403;12.2666666664882;13.244444444455
274;5.50;14.50;True;False;False;False;182;11.50;7.50;True;False;False;False;1;12.9333333331451;0;12.9333333331451;12.9333333331451
274;5.50;14.50;True;False;False;False;187;16.50;7.50;True;False;False;False;1;16.5333333330927;0;16.5333333330927;16.5333333330927
274;5.50;14.50;True;False;False;False;193;8.50;8.50;True;False;False;False;1;10.2222222220735;0;10.2222222220735;10.2222222220735
274;5.50;14.50;True;False;False;False;195;10.50;8.50;True;False;False;False;1;13.7333333331335;0;13.7333333331335;13.7333333331335
274;5.50;14.50;True;False;False;False;196;11.50;8.50;True;False;False;False;1;12.2666666666764;0;12.2666666666764;12.2666666666764
274;5.50;14.50;True;False;False;False;197;12.50;8.50;True;False;False;False;2;12.622222222224;0.193580246903596;12.3111111111209;12.9333333333271
274;5.50;14.50;True;False;False;False;198;13.50;8.50;True;False;False;False;4;13.5555555554256;1.08246913569917;12.9777777775889;15.1111111108912
274;5.50;14.50;True;False;False;False;221;8.50;10.50;True;False;False;False;1;8.31111111099017;0;8.31111111099017;8.31111111099017
274;5.50;14.50;True;False;False;False;224;11.50;10.50;True;False;False;False;1;10.3555555554049;0;10.3555555554049;10.3555555554049
274;5.50;14.50;True;False;False;False;235;8.50;11.50;True;False;False;False;1;7.7333333332208;0;7.7333333332208;7.7333333332208
274;5.50;14.50;True;False;False;False;240;13.50;11.50;True;False;False;False;3;10.9925925924326;0.000658436213972607;10.977777777618;11.0222222220618
275;6.50;14.50;True;False;False;False;14;23.50;9.50;False;True;False;False;1;29.1999999999859;0;29.1999999999859;29.1999999999859
276;7.50;14.50;True;False;False;False;226;13.50;10.50;True;False;False;False;1;10.3111111109611;0;10.3111111109611;10.3111111109611
277;8.50;14.50;True;False;False;False;14;23.50;9.50;False;True;False;False;2;36.1777777778066;1.28000000000204;35.3777777778059;36.9777777778072
277;8.50;14.50;True;False;False;False;22;0.50;6.50;False;False;True;False;1;109.377777778424;0;109.377777778424;109.377777778424
277;8.50;14.50;True;False;False;False;30;0.50;12.50;False;False;True;False;2;227.711111111672;11024.4750620919;153.466666666004;301.955555557341
277;8.50;14.50;True;False;False;False;140;11.50;4.50;True;False;False;False;1;16.0888888889017;0;16.0888888889017;16.0888888889017
277;8.50;14.50;True;False;False;False;220;7.50;10.50;True;False;False;False;1;6.8000000000402;0;6.8000000000402;6.8000000000402
277;8.50;14.50;True;False;False;False;224;11.50;10.50;True;False;False;False;1;9.86666666667452;0;9.86666666667452;9.86666666667452
277;8.50;14.50;True;False;False;False;225;12.50;10.50;True;False;False;False;1;9.59999999995853;0;9.59999999995853;9.59999999995853
277;8.50;14.50;True;False;False;False;237;10.50;11.50;True;False;False;False;1;7.60000000004493;0;7.60000000004493;7.60000000004493
279;10.50;14.50;True;False;False;False;14;23.50;9.50;False;True;False;False;11;31.4424242422095;45.9118473609162;20.4000000000032;43.6888888887001
279;10.50;14.50;True;False;False;False;22;0.50;6.50;False;False;True;False;3;137.111111110787;1820.0967902334;107.422222220659;186.0000000011
279;10.50;14.50;True;False;False;False;30;0.50;12.50;False;False;True;False;2;135.777777778315;2059.39358030531;103.688888888971;167.866666667659
279;10.50;14.50;True;False;False;False;142;13.50;4.50;True;False;False;False;2;13.8888888888246;0.356543209633457;13.4666666667463;14.3111111109029
279;10.50;14.50;True;False;False;False;154;11.50;5.50;True;False;False;False;2;17.3777777777689;39.5061728379886;12.9333333334098;21.8222222221279
279;10.50;14.50;True;False;False;False;181;10.50;7.50;True;False;False;False;3;7.4814814814045;1.39325102870084;6.79999999990105;8.84444444431574
279;10.50;14.50;True;False;False;False;183;12.50;7.50;True;False;False;False;1;10.2666666665173;0;10.2666666665173;10.2666666665173
279;10.50;14.50;True;False;False;False;197;12.50;8.50;True;False;False;False;1;9.6888888888966;0;9.6888888888966;9.6888888888966
279;10.50;14.50;True;False;False;False;198;13.50;8.50;True;False;False;False;1;9.64444444445212;0;9.64444444445212;9.64444444445212
279;10.50;14.50;True;False;False;False;223;10.50;10.50;True;False;False;False;2;4.79999999997926;4.82411733240926E-21;4.79999999993015;4.80000000002838
279;10.50;14.50;True;False;False;False;224;11.50;10.50;True;False;False;False;1;7.688888888777;0;7.688888888777;7.688888888777
279;10.50;14.50;True;False;False;False;225;12.50;10.50;True;False;False;False;2;7.64444444445053;3.0589139052211E-21;7.64444444441142;7.64444444448964
279;10.50;14.50;True;False;False;False;240;13.50;11.50;True;False;False;False;1;7.6444444443332;0;7.6444444443332;7.6444444443332
281;12.50;14.50;True;False;False;False;22;0.50;6.50;False;False;True;False;1;100.088888889481;0;100.088888889481;100.088888889481
281;12.50;14.50;True;False;False;False;30;0.50;12.50;False;False;True;False;1;151.688888888234;0;151.688888888234;151.688888888234
281;12.50;14.50;True;False;False;False;235;8.50;11.50;True;False;False;False;1;8.31111111116024;0;8.31111111116024;8.31111111116024
282;13.50;14.50;True;False;False;False;30;0.50;12.50;False;False;True;False;1;23.6888888888888;0;23.6888888888888;23.6888888888888
282;13.50;14.50;True;False;False;False;223;10.50;10.50;True;False;False;False;1;8.31111111116024;0;8.31111111116024;8.31111111116024
284;15.50;14.50;True;False;False;False;14;23.50;9.50;False;True;False;False;1;16.4000000000131;0;16.4000000000131;16.4000000000131
284;15.50;14.50;True;False;False;False;30;0.50;12.50;False;False;True;False;2;110.577777778061;2901.52691367105;72.4888888885757;148.666666667546
284;15.50;14.50;True;False;False;False;181;10.50;7.50;True;False;False;False;2;12.5333333332792;0.142222222220993;12.2666666666137;12.7999999999447
285;16.50;14.50;True;False;False;False;22;0.50;6.50;False;False;True;False;1;162.222222222351;0;162.222222222351;162.222222222351
285;16.50;14.50;True;False;False;False;181;10.50;7.50;True;False;False;False;1;13.4666666666085;0;13.4666666666085;13.4666666666085
286;17.50;14.50;True;False;False;False;22;0.50;6.50;False;False;True;False;1;285.022222223907;0;285.022222223907;285.022222223907
286;17.50;14.50;True;False;False;False;30;0.50;12.50;False;False;True;False;1;131.599999999431;0;131.599999999431;131.599999999431
286;17.50;14.50;True;False;False;False;240;13.50;11.50;True;False;False;False;1;8.31111111116024;0;8.31111111116024;8.31111111116024
286;17.50;14.50;True;False;False;False;260;5.50;13.50;True;False;False;False;1;12.2666666666137;0;12.2666666666137;12.2666666666137
287;18.50;14.50;True;False;False;False;30;0.50;12.50;False;False;True;False;1;138.044444445261;0;138.044444445261;138.044444445261
287;18.50;14.50;True;False;False;False;155;12.50;5.50;True;False;False;False;1;16.0444444445393;0;16.0444444445393;16.0444444445393
