idx;queue_wait_sec;picking_time_sec
0;6.89657287525381;3.00888888888889
1;6.89666666666666;3.04444444444444
2;8.53666666666666;3.04444444444444
3;5.41676045807953;3.04444444444445
4;6.91318308874912;13.0422222222223
5;6.91388888888888;13.0661111111111
6;8.42676045807952;13.0444444444445
7;8.3005555555556;13.0654617641427
8;6.89166666666668;3.04444444444445
9;18.9750000000001;5.33398268030176
10;5.375;13.0444444444445
11;5.37509379141285;13.0672222222223
12;5.3804977624691;23.0444444444445
13;6.87898268030176;5.2138888888889
14;6.88212843080936;3.04166666666667
15;11.9682395419205;3.00833333333335
16;6.19990620858722;3.02657287525375
17;30.2817604580796;23.0472222222223
18;6.89564934696857;34.8484271247462
19;6.90000000000008;13.0444444444444
20;6.17500000000003;53.1265728752539
21;5.38731505657093;43.4444444444445
22;20.3250000000001;13.0095382358573
23;6.92628106320376;43.0784271247462
24;5.37980899946734;13.0388888888889
25;5.39166666666674;3.01111111111115
26;6.78444444444457;33.0250000000001
27;18.9032770483438;14.2166666666667
28;17.5428715691906;3.02777777777777
29;36.7501949155618;35.381204902524
30;5.4271284308094;34.7583333333334
31;6.87761741682974;3.02157287525372
32;5.40521852633643;13.0444444444445
33;5.375;3.04101731969826
34;6.20833333333334;3.04101731969814
35;5.375;33.1583333333332
36;6.78309864284782;3.01944444444453
37;5.375;33.0742568616186
38;18.4831808278867;13.0570346393962
39;6.8923160136352;13.0805555555556
40;6.89527418131675;33.129812417174
41;5.43248333032017;3.04444444444442
42;5.39305915201675;3.03963202727039
43;5.37564934696832;33.1332395419201
44;17.0555555555556;55.8805555555552
45;5.375;53.2276839863648
46;5.4152813742387;43.0992568616184
47;16.6817765292577;43.234718625761
48;6.91666666666646;45.9249999999998
49;6.89957176404329;13.0499999999998
50;5.38033260343622;64.6409235282848
51;52.8041630702056;24.7638888888886
52;8.25277777777774;23.0527777777777
53;6.8552581236753;23.0214790838407
54;5.45074313838137;13.0555555555554
55;19.7694444444442;43.1111111111107
56;5.41388888888889;3.00833333333327
57;6.75277777777779;53.2055555555555
58;5.41759794745064;33.0833333333331
59;23.4083333333329;34.1305555555555
60;9.83611111111099;33.2826839863649
61;5.40898268030173;53.208333333333
62;5.38075027382257;65.0805555555553
63;6.78663534892536;23.017409805048
64;53.5914744422785;13.0444444444444
65;8.62777777777791;55.9388888888886
66;5.37500000000034;13.0382395419206
67;6.75277777777779;83.3694444444441
68;5.38333333333333;43.1985209161587
69;6.875;33.0638888888887
70;5.41176045807947;23.0895382358571
71;6.90342712474586;95.8812049025235
72;5.39166666666654;43.1833333333335
73;8.253427124746;3.04444444444442
74;26.5975518829664;5.48611111111109
75;6.88546176414275;33.0694444444445
76;5.64231601363497;3.04444444444442
77;14.846572875254;103.708982680302
78;5.44134698044257;23.0839826803017
79;15.9812049025238;65.796572875254
80;6.80064934696833;65.9040764717146
81;5.41601731969837;23.0831529434291
82;5.3795168410025;103.317316013635
83;5.40833333333353;73.2027777777789
84;34.1624098050482;14.8916666666669
85;34.0018613795818;13.0444444444445
86;5.41274126039127;55.0375901949523
87;67.675;53.2965728752544
88;5.37564934696843;3.04018758282564
89;5.42201423811161;13.0312049025237
90;79.6319079874153;3.04444444444448
91;11.3965728752537;96.0673160136357
92;5.38516468203511;45.7713924853497
93;5.42379509747582;3.04444444444448
94;20.8921568727158;43.1923160136359
95;16.3194444444442;65.5081529434294
96;6.79080115022077;3.01323954192048
97;6.9534271247461;75.473520916159
98;6.875;93.3179653606043
99;41.0207431383811;63.6914862767632
100;6.22500000000025;6.01666666666688
101;6.91176045807947;45.7006493469684
102;77.870894588836;3.04444444444448
103;5.39509379141271;33.0444444444445
104;42.5570898339456;105.508802290398
105;5.39509379141305;45.132503596461
106;6.80606033883328;13.0444444444445
107;6.95064934696836;33.4160173196984
108;6.75277777777774;43.1737013060634
109;6.88805915201613;33.2869408479839
110;5.37749784668381;3.04444444444448
111;76.1855605795141;55.961940847984
112;6.89361470757217;73.2250000000001
113;6.7874098050479;63.3361111111119
114;5.4033298647247;53.1869408479844
115;7.10904089021392;33.1194444444445
116;6.98296063953183;23.0472222222224
117;59.5388888888898;53.3213924853497
118;6.7965728752539;3.04166666666663
119;5.45966220033949;3.04444444444448
120;5.43528137423812;3.0431457505083
121;5.375;23.0660173196983
122;5.41036195045012;43.1181457505081
123;6.88611111111129;23.1153679727299
124;6.77907647171378;75.6589826803028
125;8.34852091615858;13.0715728752539
126;5.42139248534932;3.02842712474637
127;6.90064934696852;33.2063852924285
128;7.12484133960345;3.04444444444448
129;6.79421728800719;3.02352091615819
130;5.41601731969854;63.2536075146513
131;6.875;53.3777777777789
132;5.37777777777762;34.2034271247464
133;5.45833333333371;3.04444444444448
134;6.90833333333342;53.2895382358578
135;5.41729468433789;43.1472222222216
136;5.41944444444448;33.0923160136354
137;59.9812041201236;3.04444444444448
138;5.49487287186344;45.5965728752543
139;6.89935065303143;53.1055555555558
140;5.42379509747559;73.2944444444444
141;6.79715565268725;15.5166666666672
142;6.76666666666677;43.0805555555556
143;6.87500000000023;43.0562049025242
144;5.40555555555545;23.2722222222227
145;41.2354617641425;23.0096320272705
146;6.95840487450516;23.3882395419208
147;5.42034185596424;3.04444444444448
148;78.0176164629286;13.0457431383812
149;13.162590194952;14.6540764717149
150;6.92092352828558;53.1527777777781
151;6.80555555555577;3.04444444444448
152;5.39036797273002;45.7512986939372
153;8.27604742378026;23.0805555555557
154;5.37500000000011;25.5055555555556
155;10.0062049025242;3.00360751465041
156;6.85000000000014;15.44036797273
157;6.78315294342917;33.03
158;56.2166479028858;43.1207431383817
159;5.37776997413278;63.1527777777782
160;6.905375165652;13.002777777778
161;5.43373141014592;53.2387084989855
162;6.79518758282654;3.04444444444448
163;5.41944444444448;3.02712843080894
164;5.39796536060271;63.4679653606034
165;6.83611111111145;33.3562049025246
166;44.5997537751736;13.1333333333334
167;6.875;13.1097186257618
168;5.37750152739477;54.4964790838417
169;6.875;103.301948040906
170;5.42082973687275;13.0777777777778
171;6.90407647171537;23.1311111111115
172;5.41611111111069;63.2388888888893
173;6.21388888888896;43.1166666666672
174;5.3970465524817;3.04444444444448
175;69.8907732337486;15.0750000000003
176;26.0270346393968;33.1409307212066
177;11.361592484426;23.0972222222224
178;6.875;33.2728715691912
179;6.88333333333344;33.1257359454601
180;6.875;43.1305555555557
181;6.8472222222224;13.088888888889
182;6.78032538594903;3.04444444444448
183;6.77555555555637;55.167402612127
184;5.41388888888946;13.0445382358575
185;5.44999999999982;3.04444444444448
186;17.9056493469682;53.1777777777779
187;6.80083575299091;85.0973160136355
188;5.3873371245154;45.430461764143
189;6.76747844697115;63.377777777778
190;6.875;13.0555555555559
191;5.38120490252436;33.1632395419203
192;5.40277777777783;43.2062049025244
193;5.41666666666674;53.0972222222224
194;6.81660975609748;33.1333333333334
195;6.91666666666674;23.1027777777781
196;5.39142592598637;43.0978715691908
197;58.5518902015131;43.1361111111112
198;6.2277777777781;43.6638888888895
199;5.39444444444416;33.0916666666674
200;38.9944444444443;45.0666666666677
201;6.875;43.1055555555565
202;5.40064934696852;3.85555555555584
203;6.25490620858727;43.1583333333338
204;5.41666666666697;53.5854617641435
205;34.9222222222229;3.00342712474617
206;5.375;3.00277777777842
207;6.88055555555729;33.1361111111119
208;5.39444444444507;33.25
209;8.72500000000014;13.0959235282851
210;5.40555555555579;43.2213924853504
211;8.2571284308101;13.9611111111112
212;5.39935065303303;44.8916666666669
213;5.40967458521231;23.0861111111117
214;7.01371527777769;34.7055555555557
215;6.79870130606264;83.2441702631286
216;6.83078635820561;63.4512986939376
217;6.88888888888914;53.16028137424
218;37.0986638537272;23.1555555555556
219;5.39999999999986;24.9741702631286
220;24.7222222222217;4.6588888888889
221;27.4441702631289;73.2552813742395
222;8.02750359646097;45.3119408479834
223;11.0165257279846;43.4938888888898
224;6.90907805622123;33.1049999999998
225;6.9091630702053;33.1950937914137
226;5.375;23.0916666666669
227;10.0979653606046;53.1391630702051
228;8.39287156919067;33.0977777777775
229;5.375;23.0984271247473
230;5.375;3.00528137423976
231;8.26176045808006;33.0795382358581
232;56.473701306063;15.6428715691909
233;23.0101747485135;13.0410173196972
234;6.91546176414158;3.04444444444448
235;7.07472581868365;13.0058297368726
236;6.875;13.1222222222223
237;6.79960077654164;3.00110391818362
238;6.79799920332425;33.3457431383815
239;5.37840422217323;3.00963202727075
240;50.1319079722548;73.3953679727292
241;6.875;3.04444444444448
242;5.375;43.2123160136364
243;5.41814575050694;63.205555555556
244;5.37990620858704;23.0861111111114
245;37.7986593420981;34.7861111111115
246;6.91796536060428;15.0555555555559
247;22.7923160136352;63.1333333333346
248;35.2021284308091;35.5598124171745
249;19.391633873624;24.6611111111115
250;14.4957431383816;43.2401875828266
251;8.27435065303166;3.04444444444448
252;6.87925686161839;3.03953823585789
253;21.0707431383817;73.4166666666677
254;5.40425686161825;55.8222222222228
255;8.27092352828527;3.02222222222258
256;5.38327320976782;43.3124098050484
257;5.4055555555542;53.1151875828266
258;31.512987574052;3.03064934696908
259;6.22777777777765;53.1400937914132
260;5.375;3.04444444444448
261;49.4138888888899;55.7466666666667
262;52.0957431383817;33.0943506530309
263;5.38593749999973;23.1110173196982
264;5.42797118323756;45.1949062085873
265;6.76486995085747;43.2143506530315
266;6.92435065303152;56.158333333334
267;6.91666666666697;63.1754617641432
268;58.1874098050487;3.04444444444448
269;56.6103538944665;53.1337950974764
270;5.375;44.9128715691938
271;6.77777777777965;53.3337950974762
272;6.875;23.1694444444445
273;5.38833333333378;23.0055555555557
274;6.80277777777815;53.1694444444449
275;8.28120490252331;3.01555555555524
276;6.90212843080963;23.0666666666668
277;5.4413536331615;3.04444444444448
278;6.89721338195409;3.04444444444448
279;5.375;43.1371284308088
280;6.91833333333284;3.03333333333353
281;8.35833333333426;63.2600937914142
282;5.3995079936924;93.1888888888905
283;5.43611111111136;63.1694444444452
284;6.94123189287848;83.421111111111
285;5.38287156919046;103.400649346969
286;6.20898268030192;23.6510173196978
287;5.375;23.1861111111114
288;8.36111111111154;53.1815728752536
289;5.38157287525291;5.56111111111136
290;97.9743565881354;53.1343506530313
291;5.40000000000032;13.0583333333329
292;5.4193144090309;25.3972222222224
293;86.4000000000005;5.2222222222224
294;6.9083333333333;33.0638888888891
295;15.6583333333333;3.04082254394143
296;6.79166666666629;3.00833333333344
297;5.37777777777774;23.1027777777781
298;6.80986965767329;3.02009379141191
299;9.26453823585757;3.02009379141259
300;6.91666666666674;23.0465728752545
301;5.38383148842399;23.0562049025243
302;18.4166666666663;63.5222222222237
303;5.43453823585764;3.04444444444448
304;6.75599329078727;44.7923160136356
305;5.42203203378381;13.024350653031
306;6.91731601363472;53.1861111111114
307;8.24787156919069;23.0410173196994
308;14.9117604580788;3.01953823585632
309;6.875;3.04444444444448
310;5.3840764717138;3.00500000000011
311;5.39111111111151;3.76036797273105
312;5.375;45.4756493469688
313;6.79879509747684;23.0611111111114
314;5.38277777777807;23.081204902524
315;11.7034271247464;23.0764790838421
316;5.40000000000032;3.03120490252331
317;6.79101999836644;4.26759019495262
318;6.94653842778416;3.03787156918952
319;6.87564934696843;33.2243506530326
320;6.94222222222243;33.0388888888892
321;5.375;13.0472222222227
322;5.39521820198001;43.1000000000004
323;6.77120490252287;23.0972222222219
324;5.38370130606404;3.02944444444438
325;12.1772007806464;3.04444444444448
326;5.42660796864743;45.069444444445
327;6.90453823585722;53.1138888888893
328;6.89199648428371;73.211298693936
329;5.3854617641432;43.2117604580787
330;5.46176045807965;54.5666666666662
331;5.38333333333344;33.2083333333328
332;5.43332292556806;33.1249999999991
333;6.90833333333399;53.2166666666649
334;6.18823954192112;15.2117604580785
335;6.8861111111114;43.2200937914115
336;15.0788292241766;33.1799062085834
337;6.87842712474685;53.3361111111085
338;29.9083333333324;33.0993506530313
339;5.37777777777592;54.6256493469659
340;6.24166666666588;23.1111111111086
341;6.91360895779508;13.0444444444443
342;51.2444444444423;23.0978715691895
343;5.42190253599802;23.0534271247443
344;5.40555555555557;43.1117604580768
345;6.75277777777728;5.06480522425954
346;6.20833333333348;43.1611111111097
347;6.91111111111104;73.2962915010166
348;6.91111111110968;13.0095310429406
349;5.38953823585598;55.5117604580787
350;8.29935065303152;3.04444444444425
351;13.7277777777772;73.3006493469647
352;30.1808225439568;33.1395382358551
353;6.79444444444471;33.342049025232
354;6.80768398636792;23.1222222222223
355;8.32287156918846;13.1305555555546
356;50.6643621918029;15.8444444444431
357;10.7026193988377;43.1784271247416
358;6.80537988581409;35.5555555555547
359;5.40212843081054;33.1506493469669
360;6.89999999999873;3.00277777778092
361;6.875;23.206204902524
362;5.41912475821755;3.04444444444425
363;6.88333333332957;23.1472222222237
364;5.38888888888778;33.0666666666602
365;8.24999999999864;43.2305555555522
366;6.924999999997;13.0500000000038
367;10.0965728752531;43.1950937914044
368;6.89999999999873;13.0111111111123
369;23.0055555555514;63.3638888888854
370;6.93333333333203;63.1916666666643
371;6.88611111111322;33.0583333333338
372;5.375;66.1848124171729
373;7.64286697797479;3.02370130606141
374;5.37760210803663;13.0444444444443
375;6.78481241717145;45.0826839863607
376;5.4086610314821;23.0444444444443
377;6.95569562730179;3.04444444444425
378;6.79722222222154;23.1166666666636
379;5.41186582321461;43.0651875828271
380;10.2518102830131;43.1021284308081
381;6.89852091615649;33.2617604580792
382;7.17499999999927;33.0651875828235
383;6.86323954191676;25.5777777777789
384;5.38888888888778;55.8215728752507
385;6.88888888888778;65.3539826803003
386;10.8109848564923;3.04444444444425
387;43.4663672466886;43.0944444444413
388;6.89379509747369;34.3833333333314
389;10.8358223547693;65.2499999999982
390;5.375;43.0444444444443
391;5.38869154334452;13.0972222222231
392;6.875;103.879256861615
393;5.39379509747414;53.1449999999959
394;5.41363761873208;43.1432395419147
395;6.78611111110922;33.11944444444
396;46.21569763347;4.63896829446549
397;5.39999999999645;25.8062049025239
398;47.1361111111082;23.336111111113
399;5.39101731969731;13.0444444444443
400;6.91666666666515;3.02777777777783
401;5.41323954192103;23.0916666666653
402;5.40277777777601;3.00277777777683
403;5.38611111111004;33.1583333333324
404;6.92222222222199;43.2277777777763
405;5.41535718265686;43.1722222222202
406;36.5499999999988;13.0611111111093
407;8.45587524177927;43.0749999999975
408;6.76348552640502;83.4138888888847
409;5.53888888888969;65.2583333333273
410;34.3166666666643;5.48268398636492
411;6.91388888888832;55.2116666666616
412;84.4722901936238;3.03333333333512
413;21.528817771547;13.1173160136364
414;5.375;73.1555555555533
415;10.8974872140625;25.7638888888878
416;5.38055555555547;4.52899706613334
417;29.4596318500344;3.03055555555648
418;5.38852753894844;13.0444444444443
419;6.90620490252059;55.3999999999983
420;38.4167460722497;3.04444444444425
421;5.41666666666652;46.0965728752544
422;6.89657287525279;3.04444444444425
423;6.875;3.04444444444425
424;8.28268398636419;33.0632395419175
425;8.29101731969786;53.3624098050468
426;6.92990620858791;63.5014790838404
427;5.42499999999927;25.376118304036
428;8.31601731969704;3.04444444444425
429;21.8190521770671;53.7893578459539
430;6.77629869393877;23.0478715691861
431;5.39722222222463;53.1111111111099
432;6.75893088525299;43.2416666666591
433;5.42030117916511;33.1238816959649
434;6.91259019494737;24.8666666666672
435;5.43694084798062;13.0444444444443
436;22.0702741813138;43.0841630702012
437;8.27499999999281;3.03342712474614
438;15.9744444444436;13.0111111111105
439;7.70398268029612;3.00963202726507
440;5.375;73.3341630702034
441;6.88917613869216;3.04444444444425
442;5.38823954191957;23.0645382358553
443;9.84463971397054;25.8598124171795
444;24.1761763452591;53.0805555555526
445;6.91259019495692;43.2311111111094
446;5.37762708537366;33.466017319698
447;5.4033108552394;23.0576839863679
448;8.28333333333376;33.4375901949575
449;8.50342712474185;43.1993506530366
450;27.1790764717089;44.8709235282872
451;6.87825392774903;43.0528715691867
452;6.875;33.1485209161542
453;5.41944444444653;13.005555555555
454;5.41994363485719;53.0888888888885
455;6.76890784112993;13.0206493469614
456;6.75555555555866;23.0484271247401
457;5.40212843081281;53.2084271247459
458;5.41657287525095;13.0750000000007
459;6.875;33.1354617641423
460;5.4154617641484;63.0993506530317
461;5.39333333333479;13.0249999999983
462;6.75833333333094;3.04444444444425
463;5.39814575051014;3.04444444444425
464;6.91768398636805;63.1515728752556
465;5.37752650762059;13.1388888888887
466;39.3414002180598;24.9388888888911
467;7.73277777777957;43.11388888889
468;6.87860623781671;14.1937950974775
469;6.91095860566429;63.2111905166976
470;48.8504043981006;13.063968294477
471;6.89444444444371;15.3910173197005
472;5.38901774469059;23.0512986939348
473;6.88841273892149;113.38683986366
474;30.3222222222194;5.72704902521991
475;5.41984348040569;43.1757287525529
476;5.46567811778641;3.04444444444425
477;13.1069358356303;43.341017319698
478;21.1062843081113;55.2276839863657
479;6.91046176414511;3.04444444444425
480;5.50275928227438;13.0000937914142
481;6.8973810333955;33.135209161554
482;5.41919317428756;33.3005555555524
483;5.40207951723005;23.0730303803593
484;6.885367972729;113.186269922282
485;5.375;83.7591414914705
486;50.4694532435556;33.1783333333319
487;8.31879509747841;43.2166666666653
488;6.91298693933277;83.2727777777727
489;5.41888888888843;55.7257143667257
490;17.7083333333308;23.1042352828854
491;6.79935065302834;3.04444444444425
492;6.92212843080688;33.2852091615573
493;7.02447447550185;13.0629150102168
494;23.8768758282217;33.1050434410267
495;35.0360173196927;43.1292352828864
496;5.37801424301506;35.2138888888885
497;8.37287156919092;45.9846251179097
498;6.89076471711405;75.5296536060023
499;6.90636371369737;23.0444444444443
500;6.91944444444425;23.0851372324387
501;6.80180389910583;3.04444444444425
502;18.2934195076964;33.0940980504465
503;28.9796536060026;33.1222222222195
504;6.87923528288684;35.7916666666629
505;6.90406208587865;43.5959019495499
506;6.78243138377866;43.0911111111086
507;5.40520916155901;3.04444444444425
508;9.32222222221935;43.1015728752513
509;5.3913640134806;23.1333333333373
510;5.40888888888776;83.1411111111042
511;5.45953823585523;33.1879653606106
512;6.93055555555111;93.2966666666644
513;5.39155872540641;63.2987950974743
514;5.41268398636112;5.7215728752567
515;5.37620490252039;103.577222222217
516;6.93268398636337;43.60777777778
517;76.1290913657917;43.3972222222251
518;8.30898268030614;3.04444444444425
519;6.75277777777728;24.6312049025269
520;42.7200937914122;55.5228715691915
521;22.8527777777758;53.1388888888841
522;5.38611111110549;23.152777777776
523;6.8352191387753;33.081204902523
524;5.37964902984913;63.3152885671575
525;5.38149650447895;3.04444444444425
526;6.77435065303553;5.47082254394763
527;6.81674607223931;43.7214934696835
528;5.38055555555502;23.0874892106126
529;5.39564971364734;35.1355555555538
530;6.96871321914705;44.7194444444385
531;33.1298268030127;53.1249999999914
532;6.91316013634696;35.01111111111
533;50.6957287525361;23.2750000000019
534;6.7667460722314;24.2138888888876
535;30.1611111111079;73.2478715691814
536;6.92777777777565;73.2749999999883
537;27.8555555555531;3.04444444444425
538;55.2104617641353;3.04444444444425
539;6.28333333333467;55.4756493469681
540;5.39444444444234;113.514538235852
541;6.93103129141036;43.2978715691893
542;6.875;33.0555555555552
543;5.40277777777919;23.0805555555548
544;6.93611111111159;43.230555555554
545;5.76666666666324;23.0737013060639
546;6.875;13.2207431383804
547;22.447204920742;3.04444444444425
548;21.6584797088958;34.3570346393949
549;6.9349495612214;43.3040764717125
550;6.25620490252322;23.1235209161559
551;12.4737013060621;25.8407431383798
552;5.375;33.1159235282821
553;5.43463202727389;3.04444444444425
554;6.95212843080662;43.4240764717133
555;5.3874098050469;33.1144444444444
556;24.4127583879895;43.2307359454589
557;8.93333333333112;13.0499999999984
558;14.2673360607059;3.04444444444425
559;5.43212843080892;45.1129653606031
560;5.41944444444425;35.5055555555541
561;6.92009379141155;3.02222222222326
562;28.8861111111096;75.6879653605993
563;17.5660173197002;66.3777777777764
564;5.40540547915089;43.1583333333333
565;17.6659950764215;3.04444444444425
566;36.0721301495928;13.0394444444419
567;5.39722222222099;73.5771284308089
568;5.43398268030023;35.2083333333339
569;6.89001289382122;75.8589826802981
570;6.875;43.2132395419194
571;5.375;4.95555555555256
572;6.875;43.161111111111
573;6.75555555555502;53.1200937914064
574;5.42564934696702;83.3887950974695
575;34.2829296720888;23.1616666666614
576;5.43652717316354;53.2833333333283
577;11.6391109161123;3.04444444444425
578;20.0390602546486;33.1527777777787
579;5.38888888889051;23.0444444444443
580;6.88888888888869;3.04444444444425
581;5.39999999999827;63.2624098050464
582;6.75277777777728;73.273520916156
583;6.84151356080793;85.0416666666633
584;29.3529361350406;103.652777777772
585;8.33888888889169;45.7527777777732
586;6.9135438636572;25.3474169979854
587;5.41333333333614;23.0651875828262
588;38.7151129301196;53.0833333333289
589;67.125;5.01666666666551
590;6.76388888888459;43.1124098050468
591;5.41666666666379;55.9361111111079
592;5.43381331729233;73.1750937914071
593;6.95293704783444;23.0589826803002
594;6.75277777777774;33.1374098050487
595;5.38630588687465;33.2457431383796
596;12.8346320272708;25.2699999999991
597;24.4077777777743;33.177777777777
598;20.3624098050482;73.4290764717139
599;6.8004545712015;35.2581385575663
600;19.031854249492;75.5403679727274
601;44.0341774560666;3.00963202726689
602;6.79166666666652;33.1115656823104
603;6.89889608183103;43.1138888888868
604;5.43463674743543;75.2527777777732
605;8.53440851193091;23.1151875828232
606;5.4263115814033;33.1333333333328
607;6.22629869393541;53.6630591520134
608;6.24166666666815;23.0694444444457
609;6.770093791411;23.0611111111102
610;5.375;33.1589826803029
611;5.3833333333323;63.1422222222213
612;6.89166666666551;63.5949999999993
613;6.91944444444425;23.3034271247448
614;5.37842712474458;3.04444444444425
615;8.25768398636546;93.3929653605987
616;5.4048124171768;73.4360173196983
617;6.93676045807706;33.4665728752543
618;39.3866666666659;33.2152741813152
619;6.87907647171687;35.7069480409036
620;6.99102045001518;53.1930591520127
621;6.95055555555064;25.2416666666672
622;6.7840764717107;43.0944444444426
623;30.3694444444423;53.2472222222195
624;5.38199016130829;53.1111111111072
625;6.8944444444428;53.3853751656488
626;66.1088771307795;44.8888888888832
627;56.4499062085861;33.1394444444441
628;12.0305555555565;35.7999999999988
629;5.43611111110977;85.24444444444
630;5.41740261212772;43.5055555555532
631;22.5570346393911;26.0805555555557
632;9.19981241717778;44.9680591520137
633;45.7027777777785;55.6659235282882
634;69.938361169719;53.1756493469652
635;5.41055555555477;3.03120490252513
636;6.91731601363472;75.8250937914054
637;46.989538235855;44.6006493469622
638;65.9079787177643;23.0889826802986
639;19.4312080228228;73.2464790838312
640;5.40252938171488;75.0319408479736
641;5.4173160136279;43.3173160136262
642;5.41527418131545;33.2145382358485
643;6.79166666667288;75.0256493469678
644;6.94166666667434;23.0277777777733
645;5.39657287525279;53.4256493469675
646;5.39068950373257;53.338888888878
647;5.44166666666297;5.02500000000782
648;5.39722222222053;3.01944444444825
649;5.3824016941162;43.1950937914203
650;23.8728715691955;53.277777777771
651;5.39509379142191;53.2499999999955
652;23.4222222222143;24.9632395419071
653;6.89657287525051;53.2944444444443
654;6.82737533369709;53.1194444444336
655;8.86300592936141;45.6562049025392
656;6.91944444444698;66.0444444444465
657;5.44348517223489;43.2284271247627
658;50.6756493469679;53.4173160136424
659;6.25;24.647222222221
660;5.43833333332168;3.04444444444471
661;5.38807272317808;53.061760458098
662;35.7707701953791;63.1756493469857
663;31.8501386990511;5.08888888888941
664;9.00552871600303;83.4923160136404
665;5.44444444444343;13.0797258187004
666;6.80658317794678;33.1055555555577
667;6.99722222222226;66.1923160136507
668;10.9147124529472;75.958982680314
669;5.375;43.0595382358752
670;6.91601731969877;23.1083333333363
671;5.375;13.2338888888953
672;5.41944444444471;43.2416666666695
673;5.41888888888479;3.04444444444471
674;5.38807522318712;53.0727777777893
675;6.90499999999884;33.5123160136409
676;5.40726849980092;43.1116666666685
677;6.85833333333176;63.3505555555612
678;5.41694688110329;53.712222222226
679;6.89388888888516;33.1561111111168
680;6.89444444444325;33.1916666666657
681;5.38888888888778;3.04444444444471
682;7.06601731970022;63.208333333333
683;32.9055555555551;73.5783333333447
684;6.95212843080753;24.8055555555566
685;5.4111111111115;63.1657431383892
686;20.0755555555634;35.106111111113
687;34.1994444444408;13.0583333333279
688;6.95485438438845;63.186760458083
689;6.80953823586242;35.3977777777873
690;6.79444444444471;43.1687950974811
691;29.7539967304774;53.0839826803021
692;6.78333333333921;23.125
693;8.27500000000055;23.045000000001
694;5.3937950974705;53.7937950974811
695;6.16944444445198;13.0382395419174
696;32.3059979649206;43.0555555555511
697;39.7478715691959;24.7333333333327
698;29.6474900398507;4.48120490251313
699;6.78823954191466;44.6833333333298
700;7.17423348904595;3.00379509747927
701;5.41842712474863;43.2762049025278
702;5.44488283600367;3.0027777777841
703;6.87500000000091;3.04444444444471
704;6.875;13.0888888888894
705;8.34055555555551;43.2198124171782
706;5.43833333333168;23.1605555555552
707;5.375;43.2339826803009
708;5.39287156918908;23.2022222222213
709;6.98361050180392;3.02222222222463
710;6.23666666666941;13.0256493469669
711;6.23888888888814;23.1227777777813
712;6.90444444444347;43.2722222222237
713;5.40277777777646;13.0005555555554
714;6.75555555555547;63.1145382358563
715;6.88055555556002;5.48055555555766
716;5.37752650762104;63.2790764717174
717;6.84028727737041;33.2611111111119
718;7.12990620858727;23.0337950974717
719;8.43611111110931;23.1055555555577
720;18.2805555555551;63.6475035964668
721;6.92805915201825;3.04444444444471
722;8.27157287525552;63.1413924853514
723;6.91670359410364;65.0957431383868
724;31.6841617652344;43.2238022903994
725;5.39592352828731;3.01944444444689
726;14.5949062085847;53.2689826803071
727;6.77758555338914;3.04444444444471
728;9.31465829879289;84.8096320272762
729;6.80036797272714;45.6662049025281
730;56.8635209161621;25.8361111111117
731;5.38996333551768;33.174632027275
732;6.88676045808097;33.1134271247483
733;74.3741702631314;63.2584271247497
734;6.32990620858618;43.1020346394016
735;10.4875883940031;63.5137950974813
736;5.37833333333674;3.04444444444471
737;6.28194084798542;53.3111111111093
738;13.619191431394;43.1824098050529
739;5.39620490252219;63.0972222222235
740;5.3906493469658;3.029906208586
741;6.89898268029992;3.04444444444471
742;6.9866666666685;13.065187582828
743;5.40555555555511;63.2712986939414
744;6.89222222222452;33.2346320272727
745;6.89166666666824;75.4093506530289
746;5.40620490252695;3.02222222222099
747;6.80383259083555;63.287590194951
748;11.0848124171744;3.03268398635919
749;5.38981323924509;33.3512986939386
750;25.4325745123833;73.3764790838404
751;14.2665728752581;45.0450937914129
752;5.38014621347338;43.1694444444447
753;5.38034110235458;5.37842712474776
754;6.89462483434636;43.2264790838381
755;5.40768398635919;43.0666666666702
756;6.80382520156309;43.1916666666693
757;8.28694084797917;43.0472222222243
758;43.3935238886597;25.8305555555598
759;5.43333333333521;33.1361111111119
760;27.7378912299864;73.2021284308139
761;52.227710389725;23.1694444444447
762;18.8160340744062;63.0811111111161
763;6.24870130606269;13.0888888888894
764;20.409163070206;23.2111111111117
765;44.6500000000033;23.0666666666657
766;5.39279308420373;23.0888888888894
767;6.81454001507791;105.521572875261
768;6.22500000000127;85.9784271247527
769;5.38333333333412;95.3145382358643
770;5.39787156919283;3.04444444444471
771;6.9160173197015;3.04444444444471
772;14.2480251146999;33.2784271247492
773;5.38055555555638;43.1450000000059
774;27.5114913871876;33.0727777777811
775;6.7894444444446;123.62009379142
776;6.91231601363415;63.2583333333414
777;6.80277777777883;43.4855555555578
778;5.37854850837084;53.1888888888907
779;6.91388888889196;73.4277777777834
780;5.39666666666471;53.2150937914175
781;6.93250359646845;33.5284271247456
782;5.41061863814139;63.3888888888914
783;5.40064934696693;23.1832395419269
784;6.90833333333285;25.1465728752555
785;7.83120490252441;63.2588888888949
786;54.8728131395274;3.03823954192012
787;6.90555555555784;23.1632395419238
788;34.8874098050492;83.6117604580832
789;7.21081263514498;33.099444444445
790;6.84990620859026;5.15555555555511
791;21.633888888894;53.3132395419243
792;5.40009379141065;25.6661111111071
793;22.15812323725;13.1312049025237
794;8.27777777778101;65.6083333333363
795;7.35000000000127;13.0494444444448
796;33.3713216051001;55.6074098050503
797;5.40277777777737;33.2160173196989
798;22.3112751069675;63.2506493469682
799;5.41148785026326;45.4535209161568
800;5.39564934696682;86.0361111111106
801;6.75277777777774;23.4199999999992
802;5.39176045808108;53.2631457505086
803;58.4715728752544;45.2610173196981
804;8.69008040987046;63.3833333333341
805;16.2375490952945;53.4006493469706
806;5.375;65.5290764717192
807;6.93963202727173;23.109538235859
808;8.25555555555638;3.02222222222281
809;5.40222222222292;3.00620490252459
810;8.28528137424018;73.26166666667
811;63.9068542494979;13.1839826803043
812;5.41722222222143;5.08147908383853
813;5.44141539651173;23.0749999999998
814;5.41651054122485;23.2388888888881
815;5.40120490252411;53.2981457505084
816;5.58490620858538;83.2333333333354
817;27.8728715691932;13.1899062085859
818;30.4391688199848;13.0444444444447
819;5.46203463939491;53.7484271247504
820;6.93953823586344;54.467871569198
821;6.875;53.2583333333341
822;5.42651402677802;53.5289826803091
823;5.43055555555384;23.1429653606092
824;5.375;63.2833405262845
825;71.8429653606136;33.5450000000019
826;6.90277777777828;3.02749640351794
827;5.41944444444471;53.4228715691979
828;5.375;65.2200937914149
829;5.3778654398875;3.02500000000236
830;6.79166666666606;83.6728715691961
831;5.4256493469702;23.1562049025279
832;98.6795865159947;23.2160173197026
833;7.16632160509562;44.9395382358634
834;8.26666666666824;63.2160173197062
835;15.0521284308143;13.054906208592
836;5.41205962059576;53.2695382358643
837;6.90074313838522;33.1647186257405
838;5.375;55.0660173197011
839;5.39722222222008;24.2117604580799
840;7.07287156919483;33.1147186257385
841;6.91518758283019;63.4111111111106
842;8.05490620858836;43.1423160136364
843;6.9187950974765;63.5833333333376
844;6.29444444444562;83.2243506530376
845;24.7491702631287;43.134992807054
846;5.41493631266803;43.2779581676587
847;6.87925686161907;33.0822150292788
848;16.9350302868534;45.3083333333361
849;5.4342307912184;55.9333333333352
850;10.6596320272683;5.46518758284856
851;6.75277777777865;43.0681457505107
852;27.7484118978118;5.71388888889032
853;6.79999670313464;33.1838022904258
854;15.0205564297949;65.0299062085915
855;8.76188273049229;56.3766594737235
856;14.7181457505048;65.096392485375
857;6.20064934696802;43.0773088206906
858;5.39475103146287;23.1754689570889
859;6.9527892251881;33.1030519590704
860;5.43286437624374;63.1550865984718
861;6.28935784597616;23.1967532651379
862;6.88018038987957;3.04444444444471
863;28.5555555555529;35.0389826803066
864;5.37753236245953;5.05000000000473
865;5.38080292608356;33.3027777777825
866;16.8643853552994;33.1138888888918
867;8.26666666666824;25.3638888888918
868;8.48380229042323;63.4361111111166
869;53.7019629621918;25.7388888889
870;5.40555555554602;3.04444444444471
871;5.44119770956513;33.1472222222328
872;6.88611111112004;3.04444444444471
873;8.4662962962966;23.125468957096
874;5.39722222221189;43.1277777777905
875;57.5500000000038;23.1393578459865
876;5.39444444444598;25.3617604580795
877;5.3997545846787;13.0104617641409
878;6.16944444444471;3.04444444444471
879;5.41453823586107;13.0277777777801
880;5.39397548734723;23.1944444444471
881;5.37755731922425;13.3508297368398
882;72.6834936942751;35.8511183040828
883;19.9679185672394;33.5673160136421
884;6.7976911793221;33.1500000000024
885;20.4887084990187;13.019444444446
886;5.44494368436335;43.1498196101329
887;30.0797264559287;63.10602451267
888;6.22824673487867;35.1338022904338
889;5.375;33.1478715691892
890;6.90101012673949;3.04444444444471
891;37.1756487097628;3.00222222222237
892;5.42222222222244;13.041666666667
893;5.375;23.0944444444449
894;5.39543113654963;13.2784271247492
895;13.9642942878927;3.03611111111059
896;6.91453823585744;3.01388888889051
897;6.89388888889061;33.0888888888894
898;5.41666666666697;63.4400071929631
899;21.3470418323541;35.8756493469718
900;6.80308977117511;43.1950937914189
901;5.375;23.077128430813
902;5.375;13.0027777777786
903;14.068795097478;73.3589826803081
904;5.4135789636457;5
905;6.92777777777974;13.2305555555613
906;8.39379509747505;56.1277777777832
907;56.5978715691972;33.0694444444407
908;6.91388888889378;53.5617604580775
909;6.88120490252459;33.0700937914089
910;6.88333333333412;13.0444444444447
911;8.38333333333321;3.00277777777774
912;6.97668048071046;3.03499280702363
913;5.37746190764392;43.1339826803005
914;8.30000000000109;93.5027777777796
915;5.38867482096975;4.85176765105734
916;6.8444444444458;43.1222222222259
917;6.16944444444471;23.0666666666693
918;8.26601731970095;23.0444444444447
919;6.76141266797731;3.93268398636701
920;6.88611111111186;33.0583333333343
921;46.224712262062;93.3382395419267
922;96.1766594736901;73.3277777777812
923;6.20833333333303;23.0638888888907
924;29.569073802184;13.1299062085882
925;6.80098154072402;25.623066344996
926;5.39273586933268;83.1660173197024
927;12.0905662486766;85.6388888888941
928;12.0437950974774;43.1895382358598
929;5.375;23.3326839863694
930;5.40000000000236;65.6576839863728
931;13.2362360853431;14.7722222222246
932;6.88258300197322;33.0604617641457
933;8.53838802995961;96.0722222222266
934;18.3333333333376;54.8475107894419
935;6.96692272369728;43.2521284308159
936;34.5735065302661;3.03611111111059
937;6.94101731970113;13.0888888888885
938;22.2275092539776;3.01676045807471
939;5.41852370531615;45.436111111113
940;8.26666666666824;63.347222222229
941;6.79722222222426;95.6972222222366
942;6.94506612431269;43.1527777777865
943;5.38862148636235;33.2215728752572
944;5.39722222221462;13.0250000000078
945;5.38806950971139;43.1277777777887
946;5.44713960113131;13.5111111111191
947;15.9000000000015;43.2055555555553
948;5.41944444443834;35.6700000000019
949;6.92222222222426;3.04444444444471
950;6.24176045807599;13.0194444444387
951;5.42413356361521;3.01666666666824
952;44.8722222222259;63.2728715691928
953;7.15833333333376;34.6555555555569
954;5.41111111111059;73.3666666666704
955;42.7386756034484;35.7672222222263
956;5.3826839863741;5.58888888889032
957;6.85252650761049;63.206204902529
958;7.03462085693991;23.0888888888894
959;5.44166666666479;33.4354617641438
960;5.44379509747432;53.3472222222235
961;5.38953823585962;3.04444444444471
962;71.9681633344635;3.53676045808515
963;8.55668537738984;63.1950937914171
964;6.75277777777774;73.2021284308121
965;7.48109224086238;43.2880591520216
966;6.19166666666933;43.1547258186874
967;5.375;73.2673160136374
968;6.80212843080517;13.0444444444447
969;5.41944444444925;95.9200937914138
970;6.94787156919938;83.430555555552
971;78.497222222225;96.4576839863648
972;6.89166666666915;45.5978715691899
973;10.4504600043992;25.388239541925
974;14.6284271247432;35.1250000000036
975;6.87683986356842;23.0927849707741
976;6.8312049025235;33.4444444444471
977;6.87760588733636;13.0645382358562
978;32.5478715691934;43.1833333333379
979;5.38911948268014;33.4511111111115
980;5.37774409770554;34.986111111114
981;5.42444444444391;33.12564934697
982;20.223989873296;53.3588888888889
983;5.42500000000018;13.0500000000002
984;6.78333333333194;43.4972222222259
985;6.76025166806176;73.4076839863674
986;29.1645382358602;53.3403679727298
987;5.3822703449614;45.329256861618
988;6.87009379141364;106.237590194953
989;42.473089122057;43.1040764717218
990;52.049350653032;55.4312049025293
991;6.91888888889116;23.1375901949486
992;5.40725899836798;3.04444444444471
993;6.75592712747493;94.618145750509
994;5.375;25.1555555555578
995;6.94852091616303;23.0805555555544
996;70.6724693947317;55.1222222222268
997;20.1660173196988;93.1743506530329
998;18.4831359877917;33.116017319705
999;6.92222222222608;83.6750000000084
1000;10.7568542494992;23.061111111113
1001;6.77712843081281;55.4916666666741
1002;5.42009379141291;33.1333333333387
1003;5.375;45.6875901949525
1004;5.39706911635858;23.3367604580835
1005;6.77222222222372;35.5717532650751
1006;17.8083333333398;33.2361111111177
1007;5.38546176414729;33.1978715691903
1008;6.8888888888896;35.3784271247432
1009;29.1472222222274;133.341666666673
1010;6.79166666667061;33.2083333333376
1011;6.78888888888923;63.5271284308119
1012;87.5446417899966;25.4111111111106
1013;8.29870130607014;23.1944444444443
1014;6.75610495942601;23.1789826802997
1015;6.91536797273238;33.1318542494901
1016;6.8972466294681;53.4527777777766
1017;5.405461764145;3.04444444444471
1018;89.0771284308203;13.0166666666682
1019;6.89036797273366;33.1944444444471
1020;5.38768398636603;15.0540764717134
1021;11.3292568616253;33.1173160136377
1022;6.33333333333394;63.2812986939362
1023;6.88333333333412;3.01861470756648
1024;19.7395382358609;24.3194444444416
1025;6.91666666666697;65.5728715691985
1026;15.6580224251102;45.7243506530322
1027;15.8981560691327;66.0388888888883
1028;5.47696993407772;93.1867604580857
1029;36.882683986365;43.6194444444436
1030;6.87647908384861;43.1187950974754
1031;40.3222263330244;23.0527777777788
1032;26.2228715691926;63.3027777777806
1033;6.85881522478394;43.2965728752506
1034;47.5083333333341;43.3083333333352
1035;6.80620490253023;63.2472222222277
1036;6.91731601363972;5.55555555555748
1037;6.75801364710969;65.820743138388
1038;6.7839826803056;33.0888888888903
1039;6.80233769879578;15.1027777777799
1040;10.9053708103911;23.0317604580823
1041;5.39426877470578;13.1444444444487
1042;39.1446393874294;14.7111111111117
1043;6.90277777777374;13.0888888888894
1044;19.7555555555564;3.04444444444471
1045;6.88490620858465;73.4817604580867
1046;12.5527777777816;125.12898268031
1047;6.83176045808705;45.2023088206161
1048;5.41787156919872;24.0689754872883
1049;6.92064934697646;53.1629653606078
1050;16.549543287184;3.02287156919374
1051;9.49601731969142;63.3062049025266
1052;5.375;65.6427705847564
1053;5.375;23.0627849708026
1054;5.43378790445331;53.0972222222244
1055;5.41556274857794;3.04444444444471
1056;24.9734827316888;5.27222222222008
1057;6.875;45.4250000000029
1058;6.89194556804705;23.0027777777786
1059;34.4725995657454;63.2217676511054
1060;6.92025426063265;53.2129797466532
1061;6.875;63.2189898733268
1062;6.90833333333285;73.2187950974812
1063;8.26834052635877;53.1950937914171
1064;21.2527777777786;43.0993506530349
1065;5.375;13.0194444444442
1066;24.7047315685641;33.208333333333
1067;5.45753369182876;3.01879509747778
1068;6.77777777778101;3.01388888888778
1069;5.41046176414511;93.3039970663522
1070;32.708333333333;25.5500000000011
1071;5.42009379141018;63.1250000000055
1072;7.1895382358598;23.1104617641449
1073;6.95518531802918;23.0712986939352
1074;6.89216410651352;13.0465728752542
1075;6.78823954192376;3.04444444444471
1076;55.9839826803054;3.04444444444471
1077;7.01079158176253;24.9546320272693
1078;5.41518758282382;3.03888888888923
1079;5.41118247387203;33.0867604580781
1080;5.39584412282511;73.2747258186828
1081;13.2634592029472;65.427777777777
1082;5.39468765226957;24.3425901949586
1083;47.4301287411236;3.04444444444471
1084;6.875;25.0728715691957
1085;8.27362190060285;23.3006493469711
1086;38.9485209161594;23.0515728752589
1087;5.40655036199496;23.0746320272692
1088;5.45277777778028;3.04444444444471
1089;5.39074313837864;23.1364790838425
1090;6.18203463939608;45.2138888888885
1091;6.77777777777646;3.03999999999905
1092;5.43333333333521;25.1452741813191
1093;6.95898268030578;23.1771284308115
1094;21.7432395419237;23.2786075146532
1095;5.41456234175439;23.1518470565752
1096;10.0931563261975;53.2006493469707
1097;7.0511236115608;33.1450937914151
1098;9.64314575050685;13.0888888888894
1099;6.93444444444049;53.1604617641424
1100;8.25620490252368;53.3612915010144
1101;6.78333333333285;5.22222222222354
1102;18.4549062085871;3.04444444444471
1103;14.2187950974785;53.3981457505115
1104;17.4211957500902;33.0527777777788
1105;19.0520340495141;3.04166666666333
1106;6.92419424912714;23.1555555555551
1107;6.76388888889051;23.1555555555551
1108;5.38333333333412;24.2611111111128
1109;6.97009379141491;23.1555555555551
1110;6.79436631102544;45.4777777777799
1111;5.43790467913004;45.5410173197024
1112;5.39233013985358;33.1743506530356
1113;33.9777777777845;25.7604617641464
1114;6.75277777778138;43.2228715691917
1115;5.38055555555638;43.4465728752575
1116;27.8958171976128;5.45000000000346
1117;8.60825633127843;55.2833333333328
1118;28.5861111111089;44.6215728752568
1119;42.412397119343;3.04444444444471
1120;6.78481241717691;33.2805555555551
1121;6.8033333333351;3.04444444444471
1122;5.38888888888596;33.2388888888881
1123;12.5903679727298;55.8104617641438
1124;6.75277777777865;85.2910173197015
1125;41.5444444444411;63.5527777777788
1126;6.81035569641972;23.1500000000024
1127;8.48598761714766;43.1972222222248
1128;6.91737413552619;54.7888888888965
1129;6.80833333333521;23.0966666666682
1130;6.875;15.1777777777788
1131;5.40611111111048;13.0416666666706
1132;62.7625901949568;45.4777777777726
1133;6.84166666666715;63.315187582828
1134;6.89702695269352;35.0388888888929
1135;42.2692239858916;103.452222222222
1136;23.9611111111117;3.03611111111059
1137;6.79166666666697;53.6008297368744
1138;6.80000000000109;53.5555555555538
1139;6.95818022747153;15.0700937914162
1140;6.76666666666461;43.3444444444422
1141;5.37752650762104;25.4777777777836
1142;14.89459694989;53.706204902528
1143;70.1305555555564;35.5950937914176
1144;21.3355613210815;53.1395382358587
1145;80.4543506530354;25.2833333333383
1146;43.663736383447;44.0305555555524
1147;6.82009379141527;25.675000000002
1148;90.1027777777799;3.01176045808006
1149;6.96349917468251;93.4484271247475
1150;6.78054895997047;53.1562049025242
1151;10.963888888894;5.49166666666588
1152;5.3958618685092;23.0972222222235
1153;6.83055555555529;13.031111111115
1154;55.9959235282849;85.9650937914193
1155;46.6256493469691;43.0923160136335
1156;5.4012317359784;44.9673160136335
1157;5.395093791406;73.4950000000017
1158;38.3944444444469;16.0193506530359
1159;5.45167155910076;55.3705555555644
1160;92.3142568912535;55.6851875828334
1161;61.1012049025276;35.8715728752559
1162;16.1562049025242;93.6435209161609
1163;62.7900937914119;55.7911111111098
1164;15.956028677625;43.4027777777828
1165;14.3061111111174;14.8438888888886
1166;6.81453823585798;54.8355555555545
1167;6.84358625356981;33.2521284308132
1168;6.99750340822447;65.7104617641453
1169;5.41666666666697;43.0911111111109
1170;28.3194444444425;53.0784271247448
1171;32.7521284308086;15.2188888888895
1172;5.40833333333285;34.8018542494956
1173;80.74935065304;25.4849062085823
1174;9.85555555555766;53.4300000000003
1175;6.94842712475202;15.6305555555555
1176;44.4295846429031;43.1882395419207
1177;63.1231243588272;65.9194444444483
1178;25.9006493469733;5.30555555555202
1179;51.6003713946138;35.7227777777798
1180;7.03666666666777;15.3838888888904
1181;53.1272000435456;13.0849062085799
1182;6.82999999999902;35.2923160136424
1183;23.1811111111128;65.2271284308099
1184;29.8076839863652;85.6588888888937
1185;20.4420587438772;53.0795382358683
1186;6.89009379142135;85.9212049025364
1187;46.4231854618547;5.08888888888941
1188;17.2046416418107;3.04444444444471
1189;92.8162835286912;3.01388888888778
1190;36.6600937914236;35.0265728752502
1191;5.52064934697864;23.2750000000015
1192;73.1702344010673;25.4040764717129
1193;27.1703679727279;25.3055555555584
1194;52.126760458088;35.027777777781
1195;62.5984271247553;23.3277777777794
1196;5.37776534165459;43.1466666666702
1197;5.41371321915176;23.1500000000024
1198;6.875;66.1666666666715
1199;5.40000000000146;25.4666666666726
1200;20.5138888888914;24.3333333333367
1201;6.88055555555547;35.6789826803151
1202;14.3577777777682;33.1415728752663
1203;6.75277777777865;65.3833333333387
1204;51.6240435177251;63.4034271247574
1205;6.78333333333376;5
1206;17.8777777777805;23.1000000000022
1207;6.75955964325567;43.1166666666704
1208;6.75277777777774;13.0194444444451
1209;18.3634966215113;3.04444444444471
1210;42.9049729700873;75.6944444444525
1211;11.513727262768;35.4500000000044
1212;5.38611111111368;63.413888888892
1213;16.7361111111131;23.2673160136374
1214;33.9435237719435;55.4916666666759
1215;6.75833333333412;43.1506493469715
1216;42.2194444444503;3.01111111111186
1217;21.3771284308132;13.0888888888894
1218;6.8888888888896;45.8277777777776
1219;6.85620490252222;75.6666666666661
1220;48.0330534022423;45.7756493469651
1221;55.2416666666713;53.3096320272725
1222;6.90833333333194;83.565187582828
1223;6.875;83.7429653606068
1224;52.0136203650864;105.694444444448
1225;30.3553798858129;25.3222222222257
1226;8.2867604580797;24.9388888888889
1227;90.3416666666708;3.00833333333412
1228;5.37779809590211;33.1006493469695
1229;5.37752650762104;15.1698196100997
1230;80.6151932276862;53.4386147075766
1231;7.37850560051265;43.1388888888932
1232;16.2576823561003;25.3277777777776
1233;27.3027777777797;35.7222222222244
1234;5.47986387035326;5.05805915202109
1235;101.113885829842;15.0527777777788
1236;8.2839826803056;45.4562049025244
1237;25.533982680302;13.0444444444447
1238;26.897222222221;45.1062049025259
1239;5.40147908383915;35.243614707575
1240;43.8555555555586;35.0818542494926
1241;13.2111111111126;23.2741702631292
1242;48.695567018015;73.1207431383809
1243;10.1218413990564;56.3686147075759
1244;6.83333333333303;33.1769480409066
1245;37.1266420602324;73.1380591520228
1246;11.4393409723934;43.2250000000022
1247;11.7178023842098;63.3568542494941
1248;5.46270212674153;65.3256493469726
1249;48.0916666666635;15.5234271247482
1250;6.78616871250415;35.436111111113
1251;6.89296536060556;56.0235209161629
1252;90.4101303662264;25.3194444444471
1253;6.78740980504699;25.0777777777812
1254;79.0158369297997;113.643614707578
1255;13.3527777777799;93.361486276769
1256;8.26944444444689;43.2388888888927
1257;75.0207287259236;3.02592352828378
1258;82.995337094876;73.4845382358644
1259;5.375;45.6277777777832
1260;6.7765728752529;3.01018758282771
1261;32.4728215682426;13.0888888888894
1262;6.7601875828268;43.3034271247489
1263;5.38736275718566;53.1972222222266
1264;8.28240980505143;45.6932395419199
1265;13.1166467601161;25.8116666666701
1266;97.8416666666717;43.1181457505127
1267;18.2237950974777;23.1750000000002
1268;6.83741759436089;25.7500000000009
1269;81.0937950974821;15.4071284308138
1270;118.650000000007;45.658982680302
1271;6.83611111111168;25.59176045808
1272;6.99566331704773;15.925000000002
1273;99.9668319076991;45.8117604580812
1274;31.0000000000009;83.5250000000033
1275;28.5611111111084;53.6666666666706
1276;33.7660173197009;55.7189826803024
1277;39.5197321823825;13.0444444444447
1278;34.0527777777788;23.0194444444469
1279;16.4255047504412;45.6222222222268
1280;5.38888888889051;23.1062049025222
1281;127.815568888409;3.04444444444471
1282;5.37770873167665;45.5707431383826
1283;34.9367604580821;45.4638888888894
1284;6.875;23.0924098050473
1285;8.12852091615969;115.165836929798
1286;6.76036719767581;43.2950937914129
1287;6.79157287525595;35.9381529434304
1288;6.91051577389135;55.6714790838469
1289;71.6862816421371;13.0444444444447
1290;5.375;44.9951803899085
1291;63.273614707573;34.9291630702101
1292;6.88740980505008;13.0758297368748
1293;106.554819610098;53.3979581676895
1294;6.78776423671661;13.0429653606052
1295;27.0182776667089;5.04444444444471
1296;5.40247104013088;4.99426405453869
1297;8.24787156919047;33.1382395419214
1298;5.39999299531337;93.3103679727374
1299;6.77582973687458;53.330735945462
1300;119.590187582836;26.0427849707012
1301;22.2027777777821;35.60602451262
1302;44.0404365949207;3.04444444444471
1303;8.54657287525424;75.8365800681813
1304;36.2924026121318;5.22694804091043
1305;21.4881278867051;35.2254689570673
1306;81.6782734738617;33.160281374242
1307;5.38305462862991;33.1051947757533
1308;6.75277777777774;33.1989898732318
1309;6.87564934696911;15.7536075146509
1310;5.41388888888923;83.2874098050534
1311;11.0934747306528;76.0852813742431
1312;17.9130591520234;53.1274169979761
1313;55.453324333841;25.7748196100993
1314;25.5909153057592;25.4952741813158
1315;57.7263924853532;43.1869408479824
1316;23.8034271247479;25.2277777777763
1317;6.875;33.6145382358573
1318;32.6917265090669;25.1508297368709
1319;6.76176045808097;33.0512986939384
1320;176.810568505507;35.9782467348441
1321;6.87610342440985;75.9284271247479
1322;53.2995626726797;45.9091630702042
1323;27.1199134015123;25.2537879045503
1324;37.8267145354475;33.143326140409
1325;6.21926405454178;33.1112915010181
1326;23.5506675505421;63.9390692787938
1327;5.41648627676295;73.450829736872
1328;37.8867864165932;23.1833333333361
1329;19.3689541292997;46.0224026121277
1330;6.78759019494828;25.4640692787971
1331;8.52009379141055;33.2585137232381
1332;111.289357845954;45.7307359454617
1333;17.9952352772179;3.04444444444471
1334;6.83866843033684;15.7194444444458
1335;56.5395382358574;35.0916666666653
1336;80.2488816959694;55.3390692787971
1337;42.4057209359635;25.315187582828
1338;14.1998196100958;23.1138888888918
1339;29.4428427545008;13.0885931286402
1340;6.76937729902329;45.4390692787929
1341;5.42262029903395;13.0500000000002
1342;5.51371321914939;14.8641846491355
1343;31.0944444444449;73.275555555555
1344;92.0651277509778;3.04444444444471
1345;5.42157287525515;75.3916666666664
1346;5.39799705984478;5.33398268030305
1347;22.6163709064222;5.34731601363728
1348;6.80314719365288;13.218795097473
1349;20.3407012705648;33.0250000000024
1350;13.8360173196979;45.1021284308099
1351;5.39166666666824;35.1244444444474
1352;6.78696242691512;45.0361111111142
1353;17.5836290935813;24.84196242692
1354;17.0276839863627;63.3771284308123
1355;82.0439594967474;75.1333333333387
1356;14.6385931286386;25.3973160136429
1357;5.40527541456231;33.069444444448
1358;39.8647283597174;55.4728715691981
1359;6.87990620858636;35.7694444444496
1360;6.87777777778047;25.8194444444443
1361;46.6686417442215;53.111111111115
1362;5.4302335814964;53.1839826803034
1363;11.4164153965094;45.0166666666701
1364;11.8752161694811;24.8694444444445
1365;46.0846609667224;53.2194444444458
1366;7.00555555555638;45.0805555555598
1367;36.1719264619715;65.2197402047022
1368;46.1354617641427;35.3472222222199
1369;5.41666666666788;14.8611111111095
1370;19.2307760141121;53.3027777777788
1371;5.40591989918812;93.3138888888952
1372;22.1055555555586;3.04444444444471
1373;5.40833333333649;85.2194444444458
1374;8.27500000000236;53.144444444446
1375;9.37753246797092;3.01944444444598
1376;22.7136434735739;15.2110173197034
1377;17.2527777777777;63.3444444444458
1378;6.79166666666606;3.01231601363997
1379;14.7999999999975;55.8666666666704
1380;6.79150504053996;5.13333333333412
1381;5.4196901391997;55.6866666666701
1382;84.0280735380329;5.31111111111295
1383;17.6833333333352;45.4750000000058
1384;6.89150352165234;55.6678715691987
1385;6.92222222222699;43.3379653606053
1386;7.71388888888669;55.2990764717206
1387;5.41666666667152;35.2728715691928
1388;29.5055555555609;43.3867604580846
1389;7.48888888889178;55.2062049025317
1390;5.37722222222146;33.1539826803055
1391;6.7978732413676;14.9367604580775
1392;65.1915609613798;83.3462986939394
1393;6.97369973256355;53.2262986939395
1394;27.7696669168972;4.44722222222117
1395;58.431985187226;34.9389826803017
1396;58.1409452797807;35.7062049025171
1397;67.420801852425;33.9666666666635
1398;6.99298981815718;34.3522222222227
1399;9.66111111111059;25.199170263124
1400;32.7557312252975;73.7167604580736
1401;5.39137892873168;43.5568542494875
1402;58.3616451924472;3.03215000975069
1403;51.8183502226357;76.0679653606021
1404;71.5648238386075;53.2325901949444
1405;16.5260338860235;15.2478715691905
1406;42.8420142132627;65.0242568616031
1407;34.9641347420456;55.0896248343324
1408;6.78173887913363;24.8124964035305
1409;5.37954970157625;45.4208297368659
1410;37.8215728752511;25.1285209161579
1411;55.1398473015925;33.2583333333296
1412;8.43194804090672;23.1589826803047
1413;7.93749640353963;23.1901803898927
1414;34.9458359962809;83.3807431383739
1415;5.41336023650365;54.8362049025163
1416;5.41225333688089;23.2166666666635
1417;6.79722222222154;5.75555555555547
1418;46.1812986939331;35.5410245126277
1419;37.9918179892629;55.0902813742323
1420;13.7694444444387;43.1222222222113
1421;6.7944444444438;14.6848196100982
1422;27.8111575035055;5.11389608181707
1423;6.9111111111124;56.1679581676653
1424;37.9777777777726;33.1235209161568
1425;6.75277777777592;23.0683692981402
1426;39.2682686843364;33.3730807309421
1427;14.922013060459;53.1395454287795
1428;7.05164849688299;45.3540764717072
1429;5.44387145306428;35.6138888888818
1430;20.7192017180769;55.4151875828138
1431;6.90877351854033;33.0062049025219
1432;48.147735658169;53.4241702631134
1433;5.38889608181125;25.1512986939288
1434;15.5687013060669;5.17777777777519
1435;16.7768292057499;45.3214862767418
1436;51.4664862767477;105.875007192906
1437;42.749170263116;13.0444444444438
1438;8.96323954191939;25.6555555555478
1439;6.88333333333139;3.0444444444438
1440;17.9936147075696;13.0321212378967
1441;25.7818477778728;35.1499999999942
1442;6.9187950974665;45.3293434601164
1443;86.3352885671502;25.3744372515303
1444;6.92165947374997;45.5160173196837
1445;18.4818542494831;34.8330591520153
1446;110.604949181065;14.9220418323239
1447;11.6702741813187;53.1201803899112
1448;8.25277777777774;4.9262120954354
1449;24.2230519590848;65.2806421540463
1450;5.39878790456532;33.0601947757332
1451;22.4178787620949;63.3034271247398
1452;7.68989901567693;23.584545428761
1453;30.8653310781938;43.1422294151325
1454;5.41588345964374;53.253989873203
1455;27.949437251531;53.3388888888858
1456;5.37881481119621;43.1394516373512
1457;6.32499999999891;5.43333333332885
1458;6.82907647171123;23.0111111111091
1459;5.39453104294444;43.0187950974723
1460;5.39207928650285;45.3972222222164
1461;73.6965938828471;73.1812049025157
1462;46.1546392201744;63.4166666666551
1463;32.4924098050451;23.0444444444438
1464;20.3498957939864;5.1611111111124
1465;34.7955680880586;63.1727777777669
1466;39.2777777777774;95.8666666666559
1467;7.0361111111124;5.72222222221899
1468;24.2667069166855;93.3132395419143
1469;5.55606631704904;25.6021284308063
1470;32.1083333333263;3.04166666666606
1471;73.1296392201712;43.3749999999818
1472;64.5433692528459;53.2249999999858
1473;11.2790174048769;84.6166666666486
1474;19.9083333333256;45.0527777777661
1475;36.2083333333321;45.9437950974534
1476;35.0952383337717;45.8604617641267
1477;18.9821984568898;35.513888888885
1478;10.4603092586804;25.6361111111109
1479;6.91333333332295;35.5888888888785
1480;5.4144444444355;73.1799062085665
1481;22.7724323182883;15.8805555555446
1482;9.95000000000073;3.0444444444438
1483;58.0722222222066;24.787409805047
1484;29.3730283435016;34.9957431383791
1485;26.2271284308044;3.02092352827458
1486;71.1746319976137;15.2929653606097
1487;13.986111111104;53.1826839863515
1488;9.31669413169584;13.0833333333412
1489;5.38173317236215;83.2055555555453
1490;5.4118542494889;93.5327777777602
1491;6.79722222221972;35.7861111111124
1492;6.88055555555366;76.1083333333172
1493;59.6105555555387;35.1749999999975
1494;5.375;43.202099659009
1495;96.7549062085491;43.2333333333099
1496;5.40808484446279;15.3972222222274
1497;99.4518172126118;3.0444444444438
1498;41.5222222222183;73.1499999999924
1499;5.40277777778101;33.1369120761701
1500;44.633913787;23.0549062085829
1501;5.42222222222154;53.1944444444343
1502;62.6552454152989;46.0166666666591
1503;117.699350652996;75.5166666666591
1504;6.89867253425837;113.705555555529
1505;41.2687621954992;23.2423447854253
1506;61.5939194315251;3.0444444444438
1507;6.89867253426564;45.1916666666584
1508;21.9625901949366;5.02499999999418
1509;39.8792280898087;3.04166666665878
1510;6.82287156919483;3.74722222220953
1511;68.6841342984135;55.2006493469707
1512;5.41388888888832;85.0125614231583
1513;97.6695454751698;53.9478715691912
1514;73.6743506530092;45.2332395418925
1515;31.4741909520908;3.00422808980693
1516;5.38611111112368;26.0694732162046
1517;5.4194444444438;75.5305267837648
1518;43.1256979264235;5.70129869395896
1519;92.3653679726976;55.2631169786946
1520;5.4194444444438;65.7567604580781
1521;63.9135082734701;55.0492280898125
1522;32.3391688199808;66.3166378948754
1523;58.4944009824212;25.6919120761759
1524;5.40865007089815;63.1540476999326
1525;32.6125614231496;3.0444444444438
1526;90.6210388250183;5.10759738789784
1527;9.84886371012362;75.8811761307479
1528;28.5908947564803;65.5012986939564
1529;39.4974083618854;53.7470706041295
1530;95.952841364664;35.8228931480298
1531;16.3414478181257;55.8442928263485
1532;87.4733085648568;33.2083333333212
1533;5.375;76.256139882893
1534;90.1461778473513;66.3796607990498
1535;26.6252877379375;15.2222222222063
1536;23.018239541927;3.0444444444438
1537;5.40963202727471;55.2713274657126
1538;6.76382386926343;53.2240764717026
1539;103.865249804765;65.9617820369167
1540;17.0762419318817;85.519292826335
1541;43.1248483819072;35.9084271247484
1542;34.917308820679;25.6966666666685
1543;29.6895598147003;55.5305555555497
1544;6.797135623754;15.6061183040474
1545;82.6387192006459;25.5923160136299
1546;23.4451700702448;25.5695310429073
1547;5.41111111112514;75.7561183040543
1548;22.4556421540256;43.2084199317924
1549;41.3052166356229;35.4361111111066
1550;19.1193867753445;33.1977849707218
1551;7.05196277497635;45.3838888888786
1552;78.3900287717752;75.794538235863
1553;33.4662581162556;86.2943578459744
1554;11.9448597319115;53.3833333333296
1555;6.75534148763472;54.8964862767898
1556;29.1091534288571;3.0444444444438
1557;97.9349842931479;23.1240764716931
1558;6.76731601361826;13.0527777777752
1559;11.7855483626045;35.8795454287865
1560;79.5814819553725;75.6900937913852
1561;40.3576839863599;34.9601875828066
1562;23.9269532826202;83.3956493469414
1563;6.81023604362235;55.26852091613
1564;26.7690985587542;44.8404545712092
1565;6.91388888888832;75.71010098433
1566;6.96894189004706;35.0999999999894
1567;8.27342712474092;103.797777777765
1568;23.149999999996;25.2700937914069
1569;66.7722902178339;85.187965360572
1570;32.38074768351;83.2772150292622
1571;29.695489355543;25.346572875249
1572;85.8069647323318;13.0888888888876
1573;59.2754580250203;43.2312049025131
1574;5.3830373065648;25.9278643762573
1575;5.38615058728647;73.3308441227091
1576;55.2614690128376;64.9812049025149
1577;56.6412608818555;85.4540764716967
1578;86.5265531283876;63.1800865984806
1579;18.5972222222154;35.7875901949537
1580;6.84999999999491;55.508888888884
1581;97.9436140785328;45.1512986939288
1582;76.4096320272547;15.6898990156642
1583;46.9777777777708;24.3929653605974
1584;6.78676045808061;15.2877705848514
1585;19.2206550044812;5.04314575050739
1586;102.212689736125;15.609343460108
1587;44.1916556344422;15.7848124171778
1588;23.9812049025168;64.632864376259
1589;57.0956360700875;43.3433261404025
1590;47.862972570545;25.50620490252
1591;24.6489898732252;13.1166666666686
1592;58.277493770096;33.4173160136343
1593;26.8151647033392;33.3461183040345
1594;43.965892005468;35.789357845937
1595;5.40129869392695;34.7583333333314
1596;47.398520916151;53.5290764717174
1597;5.41077971317827;85.0179653605956
1598;76.5149716388132;33.1767676509826
1599;6.95741761143472;53.0795454287745
1600;32.5116077161347;3.00277777777592
1601;6.77943725151999;23.0999999999949
1602;5.45036077980694;85.6686147075488
1603;6.89592352827094;73.1317604580672
1604;48.2784271247365;35.6222222222132
1605;22.2611111111073;35.6611111111215
1606;22.647905967955;35.8083333333288
1607;6.79610391818278;24.6239898732165
1608;7.42878790456598;115.455735945454
1609;8.52102725824625;25.402777777781
1610;20.0767689834138;44.8479653605955
1611;19.8437721616665;33.1611111111106
1612;28.5;33.1388888888869
1613;5.38212843081601;63.7749999999814
1614;45.5473722986117;33.0972222222172
1615;5.3910173196964;14.7916666666661
1616;6.80016776677621;23.3694444444445
1617;6.75555555555366;35.2388888888836
1618;108.895309960872;15.4030663449212
1619;5.41778497068299;63.3339826802785
1620;26.2396772136799;75.6535353019681
1621;20.9743506530285;13.2138888888894
1622;33.7640782731614;85.2527777777668
1623;5.37749003984027;3.04166666666606
1624;6.84444444444125;3.03611111111604
1625;57.9779061167046;36.2798124171713
1626;34.7586132644246;24.4166666666661
1627;63.5388888888883;23.0833333333339
1628;70.1561111111041;35.3876839863624
1629;5.41079963754783;13.1181457505136
1630;5.38595229235034;25.4867604580686
1631;5.39151475859944;65.3111111111084
1632;96.9911905922854;53.3277777777821
1633;6.90555555554602;24.9833333333409
1634;6.7722222222128;55.5499999999902
1635;27.9991972825719;13.0722222222248
1636;30.7832327127417;85.8879653605818
1637;20.6138888888781;96.1588888888691
1638;34.8027777777734;23.1793506530448
1639;5.41704839978593;55.0521284308106
1640;15.7971284307987;53.0743506530343
1641;6.82712843081936;85.9583333333303
1642;29.5106639890673;53.4977777777694
1643;5.38333333333139;13.0033333333304
1644;6.97193969593354;23.2526839863567
1645;83.8850567776026;25.9743506530285
1646;49.3309201779812;56.1228715691886
1647;109.133051988721;35.3338888888811
1648;6.79231601363244;15.5460173196971
1649;47.3786112643684;23.2300000000014
1650;51.2250000000004;93.225555555533
1651;5.40546176413955;15.8849062085847
1652;6.98013835133315;44.9756493469631
1653;19.0311111111059;63.3555555555486
1654;35.9026265104712;45.7306493469714
1655;7.61737246679877;15.0860173196907
1656;28.197777777772;123.854999999998
1657;32.7109860627843;45.0188888888824
1658;39.5962049025129;96.33620490252
1659;20.3146290677396;15.5221284308063
1660;26.2352046465712;35.4139826803003
1661;47.2049999999963;5.49222222221579
1662;18.9466666666667;105.10555555555
1663;11.2306493469714;35.4638888888876
1664;32.7772800957609;25.2686653414494
1665;69.5271284308019;14.374906208579
1666;76.3824327161983;25.2180591520209
1667;40.8565728752565;86.2540911409778
1668;5.4387950974633;23.0944444444413
1669;12.8164666885841;33.3611111111059
1670;34.4998345327349;15.7960026504225
1671;5.37768398635671;3.0444444444438
1672;76.7568689187556;25.0333333333256
1673;34.3697641306608;13.0402813742421
1674;13.2579581973096;15.2652813742516
1675;6.89722222221644;43.1263924853574
1676;6.7694444444387;33.3124098050503
1677;6.82360751464694;43.0902813742396
1678;72.8296439496226;33.0651875828353
1679;11.3636024749048;43.2152813742432
1680;5.39453823585245;33.1577777777711
1681;5.41601731969058;73.2290764717072
1682;5.3835356022937;15.6721284308114
1683;13.2822030537209;13.0659235282837
1684;7.02869655824179;3.03676045808061
1685;22.5458369297958;13.0451803898995
1686;5.41999231329464;85.1111183040266
1687;6.75842712473968;13.0819480409009
1688;14.9992288735793;56.1276911792866
1689;6.79861470757351;3.02222222222554
1690;6.79697680690333;35.5215728752573
1691;14.3253274046328;54.7457431383791
1692;6.78333333333285;63.2846320272583
1693;5.45204183231363;55.2166666666635
1694;12.6048196100855;4.95555555556712
1695;24.6576822181669;13.0200937914087
1696;5.41388888888832;43.111111111104
1697;32.9763924853414;93.3541702631064
1698;5.39444444444052;53.0771284307993
1699;6.9302742109503;13.0805555555562
1700;19.905555555546;3.02990620859055
1701;14.6806220335129;5.6895382358507
1702;37.4247050763079;13.1104617641467
1703;66.1187084989706;83.554906208572
1704;45.0569500257516;13.0541196292252
1705;6.89231601363099;5.07009379140618
1706;88.8875035964411;45.3311111111016
1707;27.6499999999942;53.0777777777785
1708;5.50486305107188;23.1283333333249
1709;8.45208527329851;4.699444444439
1710;5.38676045807551;3.0444444444438
1711;14.6129628602612;55.8866666666545
1712;6.89777777777272;23.0577777777798
1713;73.2227601106024;15.2188888888923
1714;46.1193506530235;3.02222222222554
1715;35.8005555555446;53.1435640736581
1716;6.94965941646296;85.581204902508
1717;29.9403815293354;43.9602813742313
1718;6.77222222221644;45.5195382358306
1719;5.41975421295319;43.0617604580675
1720;22.9543506530244;33.0638888888752
1721;25.8049062085793;3.0444444444438
1722;38.9906071107762;44.9262986939248
1723;6.92287156917519;15.2741702631083
1724;8.288059151997;53.4506493469526
1725;11.1083333333445;14.7151875828131
1726;67.0972222222081;65.2166666666544
1727;6.92009379141018;55.2380591519795
1728;42.0593807570876;93.6867604580439
1729;5.40555555555693;35.4062049025142
1730;31.005304285387;53.2540764716814
1731;42.5679653605694;15.1777777777752
1732;15.3192687747141;45.6950937914044
1733;53.5007746111987;3.0444444444438
1734;22.5568542494766;45.6312049025109
1735;16.438888888877;3.03759019494464
1736;39.4243506530147;4.98740980504954
1737;53.01015904628;3.04379509748469
1738;5.4194444444438;65.0256493469606
1739;5.42157287525333;3.0361111111124
1740;26.9388888888843;45.2867604580697
1741;6.78463202727107;43.2999999999956
1742;6.78611111111059;45.5515728752489
1743;6.77009379140691;3.0444444444438
1744;5.72092352828258;94.3756493469555
1745;16.944444444438;53.0749999999916
1746;42.0354617641333;23.0638888888843
1747;5.38864532672233;45.4811111111067
1748;11.8416666666635;35.9138888888792
1749;5.40611368409918;34.805555555542
1750;6.83866882917755;24.8194444444362
1751;5.4111111111124;66.3388888888767
1752;6.28333333333467;15.1888888888825
1753;39.6944444444362;53.1755555555428
1754;10.8166666666621;45.0950937913967
1755;32.891666666661;4.67435065304198
1756;5.54722222221972;63.3999999999942
1757;31.3388888888876;46.0034271247332
1758;6.875;24.8005555555446
1759;47.7414191419048;33.1034271247408
1760;69.0207633408008;43.0978715691854
1761;9.4668891991987;15.196479083841
1762;5.39080448605273;33.1112049025287
1763;17.4784271247372;45.1387950974586
1764;27.5477777777651;45.2284271247299
1765;19.7614002180526;23.0805555555453
1766;9.97826414835617;35.369350653018
1767;67.3506493469631;33.2145382358576
1768;12.992467920747;15.3013924853512
1769;6.91984138237967;55.6895382358616
1770;6.77147908384359;56.125093791421
1771;29.0585678815096;23.4181457505183
1772;94.5258009708505;45.2284271247572
1773;30.3431982256188;85.603427124719
1774;5.37842712474594;64.7479653605933
1775;17.0833333333212;24.808982680297
1776;6.75759019496036;55.192409805044
1777;8.5034978275653;53.5639826802799
1778;16.0840764717086;45.3339826803003
1779;69.4978715691705;23.2450937914073
1780;20.5007431383747;24.9722222222226
1781;6.20490620858618;13.0382395419274
1782;20.9541016737512;15.3401875828404
1783;5.38008948906645;43.3784271247423
1784;82.0572034582055;65.9207431383747
1785;31.0194444444442;5.534812417176
1786;49.8459818544488;75.950649346958
1787;6.21944444443579;25.7484271247449
1788;40.3444444444467;45.8478715691799
1789;13.5535845817212;36.2138888888876
1790;16.2950937914011;35.5993506530212
1791;21.5030673499059;55.9367604580748
1792;48.9304484456461;85.2256493469558
1793;24.3338888888975;24.8972222222164
1794;46.0797258186558;45.62990620858
1795;6.81884198849366;23.0741702631276
1796;6.83038552334438;65.2735209161601
1797;22.7166666666581;53.2305555555486
1798;25.8728715691886;54.8125035964695
1799;5.375;53.5102813742487
1800;6.79638014364173;63.1241702631287
1801;6.82222222222481;25.0083333333241
1802;12.4271284307979;35.7666666666555
1803;81.7110173196907;55.7908369297857
1804;71.7335194379611;33.3957431383769
1805;6.85277777776537;14.9213924853666
1806;31.9884966215086;96.0047258186678
1807;24.7998315856566;4.9111111111124
1808;5.38611111110185;76.0172222222336
1809;6.94787156920574;13.2179653606127
1810;45.4382395419088;63.275468957072
1811;5.39722222221644;85.7310245126264
1812;34.9019480409006;23.0888888888876
1813;40.2015301451265;73.1352813742524
1814;38.3116227925839;25.1069408479943
1815;62.6852813742335;23.0875901949385
1816;113.582237147843;5.66568559512598
1817;47.2100128504208;25.5083333333314
1818;31.2856136489081;3.00735226178222
1819;6.77709055485684;25.7957431383984
1820;73.2686147075692;4.98986996044005
1821;47.9204594738221;65.5478715691861
1822;6.83333333334122;73.3006493469638
1823;25.5907976578656;24.2009810715426
1824;83.2305689594068;63.2027777777803
1825;5.43347041384368;55.8410173196917
1826;7.76869877779609;53.0888888888785
1827;31.1844373343065;33.3111111111066
1828;6.9125901949501;25.0160173196946
1829;63.9313852924133;5.20277777776937
1830;8.2784271247474;23.0666666666621
1831;57.2910669998946;43.1388888888741
1832;35.2490629187178;4.86388888889269
1833;17.4194444444438;54.5749999999916
1834;6.75821111111145;45.9749999999858
1835;48.2916666666661;63.1187950974581
1836;5.40555555555693;13.4873160136358
1837;41.01046176413;5.26388888888687
1838;40.263888888876;15.3444444444431
1839;5.40000000000327;35.0555555555511
1840;6.81388888888432;75.3673160136168
1841;6.84722222222081;43.1166666666595
1842;21.9776174168255;35.5583333333307
1843;26.2444444444354;25.2527777777777
1844;28.4997487298424;15.3111111111066
1845;35.3853045989908;73.747222222215
1846;5.38333333332957;63.2222222222172
1847;6.21879509747305;33.1784271247416
1848;9.54935065302925;33.0777777777803
1849;5.39722222221644;43.0777777777803
1850;6.86666666666497;5.1694444444438
1851;39.5869430624625;25.3749999999873
1852;6.75277777777592;45.6138888888927
1853;59.0333333333238;73.1901875828062
1854;5.375;43.1222222222259
1855;6.9219786600479;43.5431457505365
1856;14.9888888888927;5.80277777777519
1857;15.4837131404074;63.541666666657
1858;5.41323954191466;13.0444444444438
1859;5.375;3.01676045808563
1860;6.84999999999491;94.628427124735
1861;69.5034271247332;63.334538235833
1862;6.76476197232114;35.8199999999943
1863;38.1081411089253;73.4477777777556
1864;8.75333070181114;23.0582395419024
1865;55.3508968591905;45.0338888888782
1866;53.6736210545914;35.1028715691828
1867;5.39731601363928;63.611111111115
1868;30.5085194730163;23.1478715691846
1869;54.3901875828196;35.8249062085815
1870;51.2700937914087;23.058982680297
1871;25.9057886703558;75.1700937914138
1872;78.7499062085826;33.1339826802978
1873;8.5056493469765;35.0499999999975
1874;5.38333333332957;5.17777777777519
1875;6.8852813742069;3.59444444444125
1876;32.5605555555612;15.7867604580788
1877;60.2975161408121;45.842907817394
1878;24.2195382358514;4.95986996039937
1879;6.89990620859498;35.531204902516
1880;76.1216950227881;33.0555555555511
1881;9.66111111113059;13.0597186257637
1882;6.79647908384322;35.4749999999949
1883;53.4500000000062;45.8432032937289
1884;102.857352261821;25.4283333333315
1885;29.5844806926361;66.4337950974768
1886;24.600591803739;55.7270921826184
1887;7.01269444514583;63.4033333333282
1888;6.23120490251677;53.8004617641454
1889;22.0546593113158;125.333982680289
1890;6.80981241717382;23.1967604580677
1891;5.40185424949232;15.3488888888842
1892;6.88036797273344;33.1508369297808
1893;6.26870130607313;13.0152813742297
1894;35.0919726841039;45.7604980123324
1895;68.7170784566079;33.1033333333307
1896;48.3596527977261;33.5063924853403
1897;6.91527418132137;23.1097548739581
1898;24.4562477446943;63.1513924853389
1899;5.41382994838023;93.3097258186717
1900;19.5861111110989;15.425836929795
1901;5.44638529242911;43.1416666666628
1902;5.41250359645528;75.8745382358447
1903;13.7046764298502;25.9102741813131
1904;5.42484742691704;73.4869480408906
1905;50.1493245481106;53.808982680297
1906;14.5888888888876;35.5278140259779
1907;22.9523428160301;53.1944806926331
1908;5.39787156918464;23.013888888885
1909;91.9543990071161;24.3820055841115
1910;55.7000362481867;33.3202451260368
1911;5.4269386500855;35.0396895704798
1912;6.98074313837969;63.1362986939384
1913;10.6633695815399;25.5652166381005
1914;6.93546176414748;25.3361111111099
1915;5.43297941077981;14.837532651738
1916;33.1021646790032;35.5666666666675
1917;51.1437950974723;43.0944159565097
1918;44.2857233419327;25.6591340149243
1919;12.5458944730017;73.1818257615469
1920;29.0945957790718;55.963860400956
1921;41.5509763359169;105.74590223327
1922;27.6360173196972;24.8630882072921
1923;6.86799441587573;43.226421540614
1924;16.8645672911316;4.25833333332957
1925;11.3529869656995;24.8944444444387
1926;54.8325326517315;76.008954192348
1927;51.0771284308084;43.0041340149237
1928;6.82284308125418;5.55555555556384
1929;5.39654438731122;65.6596895704733
1930;15.6888888888843;85.1639541923578
1931;25.9708659850694;35.4388888888843
1932;26.7019770961779;75.948643762842
1933;23.1471937342794;5.52777777779011
1934;13.7635194730119;65.9922222222049
1935;45.162467098;15.2388888889
1936;7.16373337866025;23.2533333333231
1937;57.9638888888694;83.3255555555352
1938;57.3886684303125;43.1083333333263
1939;5.4014215406205;23.1714500285943
1940;41.7553042853888;35.3033333333224
1941;57.6833333333179;25.3305555555562
1942;5.41388888887923;3.0444444444438
1943;17.1415728752509;35.7340764717064
1944;20.4515628507197;63.6088888888808
1945;5.40022870014582;25.8361111111117
1946;32.4438888888817;86.3888888888832
1947;30.02277777776;53.0805555555562
1948;9.18611111110476;33.097222222219
1949;15.7646320272652;56.083427124744
1950;6.90500000000429;35.8444444444431
1951;50.286666666645;75.5716666666594
1952;89.5613623812515;45.6063562371655
1953;51.1011843792367;23.0839826802985
1954;7.01681937280591;25.5576839863734
1955;8.24787156919047;43.5222222222164
1956;83.6960274539269;65.5361111111142
1957;6.88833333333059;4.97429310980624
1958;22.0833333333321;63.1173160136241
1959;6.19166666665842;55.6694444444438
1960;29.6812049025193;35.8826839863668
1961;64.0301926225693;15.2000575432248
1962;8.16731601363244;63.1825035964539
1963;38.2426032635703;65.6339826803014
1964;11.0937950974749;55.2208006815999
1965;7.01944444445144;45.8152451260521
1966;28.6988069829949;4.86518758282728
1967;24.2118180013113;25.110404220899
1968;23.4277777777752;43.2298486653453
1969;54.0098774425733;85.5367604580679
1970;40.2796364946098;55.6993506530234
1971;50.2096895704908;65.3784271247205
1972;6.76116865434415;83.2361111110804
1973;6.91296943916313;65.470093791384
1974;46.9949932943418;63.7826264431187
1975;46.6194444444336;55.3159597764461
1976;23.3086527202722;43.2465153320081
1977;22.9723680840179;24.9304404690793
1978;6.7923735568711;43.2826264431205
1979;31.729519194625;15.5444444444438
1980;7.8333333333303;83.3777777777523
1981;52.3299062085771;3.0194444444387
1982;30.5076264431264;3.0444444444438
1983;38.0337897364625;45.5506493469547
1984;73.7749999999833;35.3805555555446
1985;36.1931457505016;53.0950937914076
1986;42.9887110485561;55.1583333333256
1987;6.83979510385325;35.2478715691886
1988;6.75277777777592;13.083333333323
1989;5.38888888888505;75.1215728752431
1990;5.40886759381829;15.3839826802905
1991;5.375;25.0194444444514
1992;7.00266134986487;23.0027777777887
1993;70.4655195116484;53.125
1994;59.8131976284531;53.391666666661
1995;43.7117305309912;36.0444444444438
1996;30.4527777777676;13.0633333333371
1997;28.9413988187007;4.4194444444438
1998;96.1638888888774;33.0923160136317
1999;6.75784789643876;4.80555555555293
2000;5.40762690058364;63.4283333333296
2001;6.95498266355207;63.1521284308055
2002;48.1638888888901;33.1777777777752
2003;40.6132395419354;24.4299062085975
2004;45.3395382358449;83.2888888888901
2005;15.5756493469562;15.3562049025295
2006;25.0890624999975;24.7318542494831
2007;6.89222222221906;33.1290764716996
2008;6.91388888889014;63.1105555555496
2009;106.828961385218;124.906204902505
2010;85.079157487944;44.7687950974614
2011;6.80768398637338;55.1034271247408
2012;19.097222222219;53.3901875828087
2013;5.41854382733254;75.5499999999884
2014;31.7027656815881;23.1006493469631
2015;5.40620490251422;73.4173160136124
2016;5.37777777777774;33.133982680296
2017;5.41453823584379;3.0444444444438
2018;11.0478715691879;3.00277777777592
2019;103.659422481865;3.01388888889414
2020;6.76111111110731;25.4681457504958
2021;56.3391776452208;33.158982680292
2022;44.4318542494821;35.871572875245
2023;6.95277777777846;35.7166666666562
2024;6.94101731969204;3.00888888888767
2025;5.39706971677151;25.1916666666621
2026;82.4956064495582;53.141666666661
2027;32.5877531713377;13.0444444444438
2028;21.5395382358456;93.3277777777621
2029;6.83546176413984;43.4972222222223
2030;22.6946649030015;35.2521284308077
2031;91.333459725256;76.1243506530227
2032;5.4089386401356;43.2549062085855
2033;6.79657287525333;14.8888888888887
2034;6.88611111110913;64.7861111110997
2035;6.81388888888614;63.1854617641402
2036;10.6333333333369;43.1804617641392
2037;6.81968916126789;23.2194444444413
2038;93.2861111110997;24.8527777777635
2039;61.4521826020882;34.9222222222215
2040;13.0113623812649;5.38277777777512
2041;45.453666088817;43.2383333333364
2042;93.2138888888767;23.4833333333372
2043;46.2859592039822;25.5722222222248
2044;6.80277777777519;35.0762049025161
2045;26.3416666666653;24.9361111111066
2046;26.6527777777719;35.2416666666595
2047;47.0477806682738;65.6284271247368
2048;5.40555555555875;35.8138888888825
2049;6.95457377115781;53.2395382358482
2050;6.81666666666933;63.1583333333238
2051;27.3880612374633;34.930555555542
2052;27.1888888888916;33.0549062085865
2053;6.8081832569278;5.51323954191685
2054;45.5583333333288;43.1124098050404
2055;6.79166666666424;15.6021284308044
2056;5.45555555555438;3.0444444444438
2057;5.40833333333649;23.1715728752442
2058;8.33055555554529;54.8944444444296
2059;6.79657287525151;33.1499999999942
2060;53.6895382358507;63.2660173196837
2061;57.1122162929114;93.6716666666453
2062;14.0145382358514;3.0444444444438
2063;79.0744444444354;25.4333333333288
2064;5.42777777777519;83.0972222222081
2065;8.19944444444627;46.1465728752501
2066;35.5833565732864;25.3355555555627
2067;11.8853451323066;24.4043506530288
2068;28.9333333333325;13.5938888888959
2069;37.0249999999942;63.2388888888781
2070;5.44379509746614;3.0444444444438
2071;5.45197698035736;45.3896320272725
2072;30.458333333323;23.1283333333249
2073;6.81027562446616;53.1305555555537
2074;29.9661372136961;65.6090764717137
2075;5.42095546941709;83.9105555555452
2076;6.8664700788122;3.0444444444438
2077;6.875;5.24777777777308
2078;9.82913510699109;33.1694444444438
2079;49.5771284308084;25.0388888888901
2080;5.4470194645528;33.7437013060589
2081;9.70129869393713;25.7311111111085
2082;27.4007654680918;63.5543506530266
2083;24.0576839863515;14.8410173196989
2084;54.6438888888915;45.6404617641383
2085;22.4166666666661;5.34944444444773
2086;11.4699999999884;73.3694444444354
2087;33.4542789276984;65.9020346393845
2088;6.98078735974923;3.0444444444438
2089;5.375;13.0819613638178
2090;32.5264790838355;35.8644444444399
2091;48.667353612027;45.9228715691879
2092;56.6269449368119;43.1222222222132
2093;22.3266908474088;34.9875169193747
2094;53.0187013060531;3.0444444444438
2095;10.6722222222215;55.7097391415955
2096;6.75963202726416;13.0702009057422
2097;6.86790222162199;53.2597391415929
2098;5.40479909425449;3.0444444444438
2099;34.8485342390723;33.159739141598
2100;6.91208014430231;93.6452009057357
2101;5.43764765393644;73.1548329330071
2102;5.39166666666279;53.3555555555504
2103;6.77918358605166;43.11388888888
2104;5.375;43.1666666666661
2105;8.31248308061367;13.1485941917254
2106;5.43279698293918;65.8333333333212
2107;5.42064324272178;53.2264058082656
2108;6.75277777777956;25.3055555555493
2109;6.87584453278396;53.3499999999931
2110;38.1378482764849;54.1222222222223
2111;66.9986280304838;83.6902946971513
2112;17.460649083423;75.4589826802985
2113;44.1944444444362;53.1555555555478
2114;19.6069748177651;66.3416666666599
2115;6.88473914160022;23.0611111111157
2116;12.7340974507588;45.6361111111091
2117;5.39354382731472;4.71879509747487
2118;39.4638888888858;53.170093791412
2119;56.5969165199076;13.3194444444489
2120;5.48111111110666;95.6305555555427
2121;6.875;43.2055555555562
2122;6.92519222438568;25.8972222222183
2123;6.875;53.1022222222273
2124;97.6478671364075;65.8944444444423
2125;32.3339826802985;85.6521284308037
2126;28.4478715691912;35.8361111111117
2127;54.6749999999829;63.2083333333248
2128;8.67542524283999;35.4617604580762
2129;29.0576839863643;25.8805555555537
2130;48.434142407119;65.7076839863475
2131;26.9158409611045;25
2132;29.5777777777803;46
2133;25.4382395419143;24.8139826802926
2134;12.8722222222241;45.486111111104
2135;6.88611111110731;75.353427124739
2136;59.9111111111051;15.0006493469664
2137;79.0999999999822;35.6034271247408
2138;13.3888888888869;75.8506493469522
2139;22.9111111111124;63.7499999999909
2140;64.6027626081432;55.771572875241
2141;18.8525265076169;34.9172222222332
2142;10.4717604580637;25.11388888888
2143;11.4915274994346;94.7361111110986
2144;6.92164818637866;73.5145382358514
2145;82.6170580572598;3.02490620858225
2146;8.55277777777519;34.9332395419078
2147;18.5200000000059;35.2687950974723
2148;29.3652014234303;45.0673160136284
2149;5.4034271247474;73.663239541911
2150;6.92250215331296;53.475555555553
2151;33.0215728752482;43.1472222222164
2152;40.1240989610415;35.0888888888876
2153;5.375;3.03120490252695
2154;19.883982680296;56.2105555555427
2155;22.7661111111065;43.3374098050463
2156;5.37762632732301;43.2040764717149
2157;31.5022785072124;13.0673160136357
2158;5.39072160648539;65.62564934697
2159;73.6450937914051;33.2249999999949
2160;49.9805528948546;65.1846320272743
2161;41.4577795886071;55.87564934697
2162;5.40835134101144;55.236111111104
2163;7.29405435614535;15.6895382358689
2164;6.79935065303107;35.7472222222204
2165;5.375;23.0888888888876
2166;51.9500000000025;53.2292568616103
2167;19.6768278317686;35.5312049025179
2168;46.2978715691897;44.8589826802836
2169;6.77935065301062;73.5499999999956
2170;14.9707579677142;43.0755555555606
2171;45.3410173196971;14.7888888888883
2172;38.6123040560615;33.288239541911
2173;7.14307142833786;3.02435065303689
2174;32.3743506530209;15.4264790838497
2175;36.5805555555544;85.3937950974614
2176;40.7525237430546;63.0944444444394
2177;24.2527777777741;24.9950937914109
2178;8.98087714076428;164.073427124738
2179;7.87518358798116;5.1861111111084
2180;58.4897329378546;33.3027777777752
2181;43.4317604580774;76.1527777777683
2182;5.44231601362662;15.4722222222172
2183;36.4700937914004;105.261111111096
2184;17.4098124171778;75.4694444444394
2185;6.75555555555547;95.353427124739
2186;91.0251736110968;53.2722222222146
2187;5.38268398636501;35.6826839863588
2188;103.125555555556;3.0444444444438
2189;36.378073558506;15.8027777777752
2190;142.362316013629;96.0847628462361
2191;56.3996444758541;103.586111111097
2192;85.8970299978282;54.9561111110997
2193;7.71944444443943;135.966572875239
2194;42.1441931742829;56.0755555555461
2195;6.98127284887778;45.4449999999943
2196;37.9163949689791;23.1554617641341
2197;77.7508172425314;53.2144444444311
2198;21.4111111111124;86.051204902511
2199;39.9632395419158;43.4605555555554
2200;5.40403225122827;4.75833333333139
2201;8.3652371537537;35.0611111111066
2202;63.2443506530199;35.2083333333339
2203;145.349268974935;33.0472222222197
2204;78.8312418482747;85.9144444444337
2205;56.2644444444395;75.7199999999866
2206;6.79444444444198;5.0305555555351
2207;24.7999999999975;65.2777777777701
2208;9.65268398635817;35.2082395419147
2209;22.2334271247455;46.0944444444413
2210;54.5444444444438;24.7277777777836
2211;33.5666666666602;53.1333333333314
2212;5.41379509747094;55.8138888888825
2213;45.6485298970965;15.752777777765
2214;31.9826839863599;43.266666666661
2215;63.6247314761877;46.2777777777828
2216;91.5371466221295;55.9916666666559
2217;75.3396874308655;14.2833333333383
2218;39.4495479985762;33.3638888888781
2219;123.046811455841;24.964538235854
2220;6.81666666667297;13.0209235282837
2221;7.55605739405291;85.4944444444463
2222;17.638888888896;96.1611111111033
2223;79.6055555555504;55.2416666666577
2224;29.6490949228009;64.9727777777643
2225;6.79296536059883;53.2570346393877
2226;7.14027244262616;33.1916666666675
2227;36.7027777777766;5.80055555554645
2228;21.8416666666653;115.897222222213
2229;34.2934259686444;65.1305555555518
2230;6.83315191530164;45.2805555555569
2231;92.3598369068131;43.0972222222208
2232;6.78268398636101;55.4388888888916
2233;13.1833333333288;25.2840764717075
2234;52.9960171465591;53.2035209161586
2235;54.9111111111088;86.3527777777726
2236;54.8305555555526;83.3444444444413
2237;5.37762467191533;15.2888888888883
2238;56.7901149568788;103.433333333327
2239;56.5660173196993;115.683333333329
2240;53.0719314575399;75.6896320272645
2241;49.7345449939367;35.6901875828116
2242;5.37852091615787;55.5624098050339
2243;46.6146320272637;53.3061111110983
2244;50.733584603493;25.419444444442
2245;12.6659544558079;34.9520346393947
2246;71.1175834161495;24.7340764717101
2247;18.0192895186847;74.2972222222197
2248;68.5612986939395;33.2437013060735
2249;98.1174098050469;45.3381457505038
2250;144.505315632327;24.4237013060683
2251;40.3207424221109;54.2992568616173
2252;6.97258544710894;15.7472222222241
2253;31.4790764717018;25.1161111111123
2254;16.9970346393966;3.01388888888687
2255;69.4808752417812;25.5166666666664
2256;65.8722928490242;66.0076839863541
2257;94.5168191721041;95.5387950974746
2258;64.3805555555518;15.5027777777777
2259;98.6764780587946;5.67222222221972
2260;6.91922398588031;34.7555555555427
2261;54.2381025884843;55.4333333333416
2262;5.40833333332557;33.3833333333296
2263;10.8349797949541;45.1694444444438
2264;11.3171629077679;45.7749999999942
2265;53.2663881235221;33.1006493469613
2266;74.9708077150372;25.4555555555598
2267;110.369733064055;53.7104617641326
2268;19.4335787486452;45.4694444444503
2269;5.42499999999745;95.3722222222059
2270;108.879812417172;25.7061111111034
2271;130.791666666662;45.2067604580716
2272;5.38333333332957;55.0497258186697
2273;41.9388888888734;85.2910173196979
2274;6.79379509747559;43.2722222222255
2275;22.5860173196943;5.36518758282182
2276;12.3169465977571;13.0845382358548
2277;6.93905665559942;45.2089826802985
2278;18.0736425920259;3.04166666665878
2279;139.604812417161;33.3453679727427
2280;6.88528137423236;53.1500000000033
2281;28.4071284308193;56.1206493469508
2282;6.82092352828295;63.5212049025013
2283;20.8727777777713;103.17953823583
2284;30.8088888888778;33.0895382358631
2285;5.40620490251786;15.7676839863852
2286;5.41879509747014;23.1300000000156
2287;5.39358996731971;43.4866666666621
2288;6.87101731970506;66.0855555555609
2289;18.9957254842247;14.8094444444196
2290;6.78231601361222;34.7550000000138
2291;36.4644444444348;33.4111111111124
2292;6.96101731969065;55.6334271247561
2293;67.5195097939395;15.2162049025428
2294;105.643888888899;3.02777777776828
2295;42.7461894927146;85.6634271247549
2296;46.1869449368387;55.4694444444413
2297;9.04785904844539;45.3261111110805
2298;95.8951952695152;23.2412049025479
2299;5.38523679759237;53.1504617641149
2300;6.75277777777774;64.9476839863255
2301;31.7961111111217;43.1638888888774
2302;5.39953823586984;74.7731457504597
2303;5.375;43.3134271247618
2304;6.79786049511677;55.0126839863169
2305;5.4009235282374;13.0888888888876
2306;17.1654617640997;14.5361111111124
2307;6.76342712477526;45.7638888888832
2308;82.9616399277893;15.3512049025212
2309;50.4400165418119;43.2449062085561
2310;5.375;45.5764790838311
2311;107.832430240554;24.3805555555518
2312;40.0696554198912;23.0444444444438
2313;6.79974306050281;83.2365728752229
2314;6.81157287522728;24.7749062085604
2315;19.5615728752273;15.6877777777918
2316;56.191514576487;43.0980591520292
2317;51.3506130700025;33.125187582833
2318;18.5396774946348;13.1589826803011
2319;9.17259305701918;23.1256493469664
2320;5.40316544002781;65.4691702631499
2321;85.9087950974445;55.9379653606247
2322;6.96474420271988;44.9527777777676
2323;5.43611111110658;5.75787156919796
2324;5.41601731969968;5.62796536060887
2325;5.39722222221644;53.0972222222172
2326;5.375;33.0459235282869
2327;26.9995382358647;43.1021284308063
2328;27.222222222219;76.1157431383999
2329;5.38484398515902;34.9833333333372
2330;60.1588888888582;14.9800937914169
2331;25.0465728752552;35.3715728752468
2332;112.986367606931;33.2967604580881
2333;5.41731601363244;55.8307431383801
2334;29.9689826803078;53.1749999999975
2335;7.76388888888323;25.3439826803078
2336;37.2842067903712;45.1279653606089
2337;46.5700937914135;44.9162986939446
2338;30.5534271247398;55.3833333333296
2339;21.0388888888883;5.16388888888832
2340;6.79698203462431;35.6616666666669
2341;72.8314738758163;25.2771284308128
2342;6.81944444444707;33.7972222222197
2343;36.2014575295998;33.0638888888934
2344;68.8564848336082;4.75833333332957
2345;43.4224098050545;65.4777777777745
2346;62.2866552961113;23.2728715691846
2347;6.95955725469867;13.2138888888894
2348;5.38611111111823;23.0395382358565
2349;6.8666666666777;66.0808369297956
2350;6.9138888888865;3.0298124171768
2351;37.8885246581995;33.9653679727271
2352;21.3694444444518;23.0222222222146
2353;17.2126259745237;23.0222222222146
2354;6.77907647171378;43.1098124171695
2355;6.9521284308139;15.3111111111066
2356;5.39134369878775;133.139076471711
2357;5.37858639587284;53.1256493469664
2358;5.4084271247375;53.1249999999891
2359;25.6361111111073;113.547871569179
2360;24.1413470621628;5.75833333333139
2361;7.01400204234233;25.8388888888876
2362;8.41592352828411;115.278333333308
2363;6.75277777777774;53.0894444444348
2364;16.9944444444336;33.3199999999833
2365;31.8805555555427;5.40611111110411
2366;108.924869964583;15.0667604580813
2367;5.375;13.0566666666655
2368;27.6247838305244;73.1104617641377
2369;27.8506493469649;55.9033333333282
2370;19.9702454153157;64.4534271247467
2371;100.233239541907;5.19722222222481
2372;5.38046147952991;15.1866666666738
2373;75.3473958333179;73.2450937914036
2374;32.050381944433;35.888888888885
2375;45.4416970004604;15.8361111111099
2376;58.6006493469631;13.3388888888876
2377;44.9368310798181;35.4068542494915
2378;32.0289434523747;13.0596320272525
2379;16.9533333333256;34.7583333333314
2380;6.91577703811163;26.1605555555652
2381;10.1683645000467;75.5673160136284
2382;29.8057084697375;25.1495382358571
2383;21.8003584421276;14.8861111111182
2384;6.30759019495054;54.1637950974564
2385;8.05063505584258;43.4638888888876
2386;6.31388888888432;13.0417604580834
2387;58.2208438637081;35.1832395419115
2388;16.2715728752501;56.3532395418897
2389;45.0809467115487;53.0638888888698
2390;35.1026201993736;13.1916666666566
2391;29.7855263299716;45.8971284307827
2392;6.79425686159266;23.1666666666661
2393;73.5416666666551;85.7666666666373
2394;6.875;33.1361111111073
2395;47.1832395418951;13.0444444444438
2396;14.9392046057437;65.2583333333296
2397;12.2279278541737;74.2950937913993
2398;11.5194444444387;45.5611111111048
2399;5.39722222221644;45.3111111111066
2400;5.43656894844753;13.0416666666679
2401;5.375;55.6583333333147
2402;5.375;15.0166666666628
2403;29.4027777777701;3.0444444444438
2404;21.12435065303;24.1027777777836
2405;6.77712843080371;23.6227777777785
2406;6.8388888888785;3.0444444444438
2407;5.4194444444438;43.1777777777734
2408;6.79166666666606;43.3568542494831
2409;6.75573727933443;23.0638888888734
2410;6.81245472601586;53.3512986939313
2411;17.3107737381379;15.537409805047
2412;8.29018758282473;63.1985209161503
2413;13.5543984712913;45.3562049025168
2414;5.375;23.1111111111059
2415;5.38970398071433;43.3465728752526
2416;5.41950851682668;63.1598124171596
2417;31.5009287729063;13.0444444444438
2418;27.2901875828229;103.57352091615
2419;25.9854633044743;25.8173160136303
2420;32.2081529434254;34.4903679727213
2421;15.6062049025259;24.8296320272693
2422;20.9576839863657;36.1487013060614
2423;51.0861111110935;93.3722222222132
2424;6.8194444444398;65.2596320272678
2425;26.9359229068414;43.166760458078
2426;5.45311287478216;43.1459235282819
2427;6.75277777777774;5.22222222221899
2428;63.1006493469649;45.8728715691814
2429;53.8491702631236;75.9748196100973
2430;53.3507271759827;55.6269480408992
2431;17.723533803628;75.6797258186762
2432;24.9424964035334;23.2465728752468
2433;6.87417026312687;75.7337383337454
2434;42.4089826803047;44.9581529434272
2435;19.9128078818594;23.138888888885
2436;18.8846330228098;14.7365161115231
2437;6.92139248534659;25.1969778756666
2438;8.52366984160653;34.9382395419161
2439;23.6650378237628;63.1948494448534
2440;5.41388888888832;43.0865161115271
2441;21.5661795634442;15.5579283329116
2442;36.7826744908361;15.0384838884711
2443;108.387133223638;4.94722222222481
2444;99.0130786190512;15.7222222222081
2445;15.0264648420598;3.0444444444438
2446;9.9310246243349;14.8916666666628
2447;45.6187311408139;93.5884641524117
2448;68.5872223731203;25.7754050004096
2449;33.0234014384205;15.0888888888876
2450;6.93268398635155;46.0111111111055
2451;6.75277777777774;13.0579283329298
2452;7.04329313329436;43.0968172218181
2453;5.37780625133746;95.5670716670666
2454;8.27280761253132;33.1499999999924
2455;5.43292833292799;25.5664223200929
2456;42.1465868399209;43.1670716670651
2457;5.38888888888505;43.1198494448345
2458;6.98628888159328;23.0846320272685
2459;42.9390692787874;13.0151875828215
2460;6.86772101403585;13.0514790838297
2461;6.90318277818005;45.4837383337253
2462;6.78635545767065;4.92842712474339
2463;5.41429388928736;33.375
2464;6.94657287524387;45.3937950974705
2465;6.8388888888876;14.6645382358565
2466;6.21176045807806;43.1080889867917
2467;33.4677210140308;43.2895382358583
2468;9.93138529242788;103.296328528671
2469;20.8234271247384;25.2166666666653
2470;17.521220791612;13.058982680297
2471;14.2151875828222;33.1222222222241
2472;6.86259019495446;14.9549062085789
2473;8.3072789859616;23.1138888888818
2474;6.90490620859055;54.9235209161561
2475;6.875;43.1186147075623
2476;5.38333333333321;45.9100370276592
2477;19.4888888888818;5.15064934697148
2478;52.9589826802912;34.9805555555504
2479;6.76323954191867;23.1972222222248
2480;6.82471124365657;43.4937950974672
2481;5.375;85.8917604580838
2482;6.84121817703635;53.1040764717181
2483;20.7344326142975;44.4611111111099
2484;42.8017449415584;45.6833333333288
2485;29.4694444444431;63.2436147075678
2486;17.4312049025175;3.0361111111124
2487;28.8551888921447;34.6846320272616
2488;33.25;54.0388888888901
2489;51.5030533668978;25.8937950974814
2490;33.656204902516;55.1679653606116
2491;6.80831517603292;15.0429653606006
2492;6.80212843080699;23.0777777777785
2493;14.6792568616074;5.09166666666533
2494;6.84166666666533;5.22499999999673
2495;24.2562049025182;34.8534271247481
2496;71.2307413819908;33.2846320272674
2497;6.88185424948642;13.0903679727307
2498;11.3923160136274;45.2861111111124
2499;49.6529638824031;23.0645382358507
2500;6.79328194769005;33.1728715691897
2501;6.82777777777665;55.3694444444354
2502;6.93463202726343;33.1027777777817
2503;5.41454087222337;13.0888888888876
2504;5.375;53.1279581677209
2505;5.39424917491488;53.3145382358616
2506;6.89722222221644;25.1311111111208
2507;40.0620680153133;53.2089826803003
2508;8.41924917491815;35.4222222222124
2509;6.88055555556457;24.9359307211544
2510;89.2341246522446;13.0862049025127
2511;6.87788989798355;3.0444444444438
2512;56.6585872615306;33.2138888888767
2513;5.4472222222139;13.2637084989346
2514;41.6359872611356;24.8362915010639
2515;5.3873333901447;63.2501803899395
2516;5.38295816771642;25.2583333333314
2517;55.5361111111124;3.0444444444438
2518;6.91370849894702;33.2304617641385
2519;6.85222222221637;45.5583333333288
2520;11.9422222222165;25.5166666666628
2521;6.77555555555045;3.03055555554783
2522;6.77555555555045;53.1729653605908
2523;19.2026839863684;53.4361111111066
2524;8.33620490251269;43.4312049025193
2525;6.91518758280654;53.4340764716981
2526;5.45823954193111;5.07222222221571
2527;22.3805555555537;3.02990620859055
2528;6.78536797273227;93.5257431383634
2529;5.37760416666606;33.4201875828148
2530;17.2284271247499;83.5534271247325
2531;8.25972581866881;35.1915728752592
2532;5.43872726276277;43.5631457505151
2533;5.38683371171101;35.2867604580806
2534;39.3674098050378;43.4951875828046
2535;17.0498018907001;53.3693506530326
2536;6.76996850824253;83.2423160136259
2537;89.2999999999865;14.9854617641358
2538;5.38270627292877;43.1054617641494
2539;5.38129869392287;63.4048124171786
2540;35.1358810443726;24.3846320272678
2541;28.989067440978;36.0985209161554
2542;49.0116666666636;43.2722222222073
2543;6.80212843080699;73.1561111111132
2544;44.8472918093266;74.8712049025162
2545;14.3555555555595;45.6812049025193
2546;55.3860173196954;13.1665728752669
2547;56.7749062085804;46.1838888888778
2548;46.7866337044106;33.0874098050463
2549;5.38131869365679;83.3949999999968
2550;53.4224814808877;25.7290764717109
2551;6.89038320766122;14.8444444444413
2552;67.436262735011;65.7305555555395
2553;39.2458704640958;34.8083333333288
2554;6.89722222221644;35.4576839863639
2555;43.0284271247383;33.1589826803029
2556;111.743645834651;34.7660173196928
2557;10.662409805047;35.5055555555518
2558;15.5566106873266;45.1749999999956
2559;8.78277777778021;55.4339826802952
2560;94.3850455084703;33.1407431383777
2561;29.3928074396608;13.0444444444438
2562;41.5224234452708;65.6305555555446
2563;6.9194444444438;53.3521284308063
2564;29.0833333333321;75.3888888888832
2565;6.89166666666097;45.5429653606006
2566;42.7885016690125;13.0895382358613
2567;33.1431775274086;5.63833333333787
2568;5.375;105.383333333326
2569;5.41823954191568;13.0444444444438
2570;7.16919317428801;53.1805555555547
2571;5.375;85.0173160136274
2572;21.597222222219;55.1707431383675
2573;55.3363761029468;105.975649346963
2574;6.83808809146103;3.0444444444438
2575;27.1749999999993;63.5151875828196
2576;54.2755555555486;54.9138888888865
2577;6.81141539650525;3.0444444444438
2578;139.87245198343;35.3284271247394
2579;22.6429653605956;34.9012049025114
2580;8.30537988581818;113.304076471675
2581;35.2888888888883;46.0444444444438
2582;37.8285772011368;56.1645382358311
2583;45.761760458061;75.2506493469391
2584;27.6145382358409;65.7895382358292
2585;7.0114324951337;45.2617604580464
2586;6.875;115.304076471673
2587;6.89287156917999;44.7312049024986
2588;47.2697295607122;5.47647908386534
2589;8.76111111110913;83.3583333333281
2590;128.543766803017;64.9450937913789
2591;19.8109498157173;45.7950937913847
2592;58.5021284307913;75.7062049024953
2593;85.2503922293818;45.2527777777686
2594;78.0988308413635;35.5450937913847
2595;83.6376302635599;46.1506493469351
2596;35.0601570413146;43.0861111111099
2597;17.1799062086102;113.555649346936
2598;98.7229987193477;24.5173160136401
2599;12.6480071850219;45.765743138405
2600;72.2108132832782;45.6744444444321
2601;23.4703735142484;75.8361111111026
2602;55.3479558443032;95.9262986939157
2603;35.4801516239277;55.0950937913822
2604;55.9027777777701;35.5215728752482
2605;84.347871569149;44.7861111111215
2606;10.9712931202921;25.2959307211549
2607;11.1659235283059;15.3867604580882
2608;5.375;96.0916666666562
2609;113.370093791376;25.0396320272484
2610;9.4432395418844;35.5444444444456
2611;59.3518114558483;35.405555555546
2612;26.4999999999691;53.2306493469332
2613;85.7696581196506;25.4582395419402
2614;7.54036797272238;55.3916666666628
2615;8.25094416285356;15.2855555555543
2616;65.6130972274332;55.8895382358587
2617;15.5830505195627;45.8610173197176
2618;24.9965499773498;45.4444444444525
2619;67.1207431383427;13.1117604580795
2620;75.843734654607;65.1034271247463
2621;6.96267867698407;23.1799062085774
2622;25.356940847998;65.2888888888883
2623;113.830461764128;25.7243506530231
2624;53.8972222222164;25.0000000000018
2625;70.8924238149884;73.395093791416
2626;72.144538235827;85.7832395419391
2627;6.875;24.9235209161616
2628;26.9396722034871;13.157489210751
2629;45.1063691761083;85.296378099627
2630;34.6444444444423;45.1720274466115
2631;13.4361111111048;43.4228715691806
2632;5.38595329089367;105.583982680297
2633;6.75523586933014;23.1379509748931
2634;79.4645382358503;85.5583333333216
2635;6.79540628045652;23.0626045806639
2636;14.0155999845356;55.3111111110993
2637;5.4166666666606;14.8694444444445
2638;6.82971143297254;25.2827777777784
2639;5.41212737127535;63.6999999999989
2640;28.4755555555439;73.1895382358489
2641;41.1839567735587;23.1222222222204
2642;24.2331597222183;53.0839826802912
2643;6.8341774559085;33.0450937914102
2644;6.79657287525515;34.508982680296
2645;6.82649346955259;35.5062049025219
2646;6.80277777777519;55.8339682945843
2647;57.5194444444314;63.2200937914076
2648;32.801164169683;44.898520916151
2649;34.4679403630835;33.1209379139927
2650;68.4130820800438;43.1158225440759
2651;8.1327004429495;23.0888888888876
2652;6.77777777777192;13.0172222222191
2653;8.26369411326414;65.1651731970978
2654;31.530382707866;14.916666666657
2655;6.92791785308509;65.6990764716957
2656;82.9722897504344;65.5290620859796
2657;78.2180427481962;45.5611111110957
2658;6.79740230177231;45.2744444444379
2659;21.7472078365063;5.61063496128008
2660;6.77064934696318;3.0388094831942
2661;8.29224987474481;23.0605411698307
2662;6.75888888887675;75.5422366079274
2663;33.7228571834603;23.2083333333303
2664;6.80596219865583;45.3484415104685
2665;5.388736851266;53.1533477190424
2666;90.829552621537;24.847222222219
2667;6.81119051681162;73.1388888888741
2668;11.8110317053925;45.516666666661
2669;88.4839455807851;15.1195238501368
2670;24.7385988787009;83.2049856142694
2671;94.1599989405604;35.7473016279055
2672;6.91167193781257;23.0867604580781
2673;7.30555555555293;35.3861905167905
2674;6.2043362673121;53.3237807117475
2675;6.86723660794814;75.9939539088718
2676;78.350569941249;53.180555555542
2677;54.0551371741749;3.0444444444438
2678;6.91323954190921;3.02499999999418
2679;35.9222043579848;85.6589032745997
2680;6.92123908451686;46.3138888888825
2681;28.6138321315157;3.01453823586417
2682;39.3634564739586;24.4866810523799
2683;14.9122464884204;13.0499999999956
2684;6.96433085873832;25.8209235282884
2685;6.75277777777774;53.0455627484534
2686;6.79166666666606;53.1088022903787
2687;5.3788597557068;33.0936147075572
2688;42.8624892107346;33.1463924853451
2689;6.94943005871573;53.1511183040238
2690;6.77675581651238;53.3741702631178
2691;31.7616148964571;35.4619408479848
2692;5.37998561427776;85.9547258186631
2693;6.88456012578354;3.04101731969786
2694;19.7766858903979;3.0444444444438
2695;48.8421356237159;63.4617604580671
2696;5.41536797274239;85.5562049025102
2697;5.38590614044006;23.1692640545225
2698;61.3525973878586;65.8478715691817
2699;28.0722222222139;25.1255555555563
2700;6.88881284580748;5.08333333333394
2701;81.1158369297755;34.0297258186692
2702;6.89036797274093;35.0637084989721
2703;5.38611111110913;43.1499999999942
2704;8.02417026311559;34.5786075146571
2705;68.3337084989726;23.0888888888876
2706;11.4452741813202;25.559812417172
2707;20.4424945494302;34.6522222222156
2708;5.41645820632039;63.4283333333206
2709;5.39314575050412;33.2506493469664
2710;53.9857019250958;3.01388888888505
2711;6.75499999999738;33.2138888888785
2712;6.20499999999993;43.2089826803003
2713;13.6924964035479;54.9694444444413
2714;7.11126034089466;53.6083333333263
2715;20.3217243257004;43.1911977096006
2716;5.37940920446454;33.095743138374
2717;92.5216875441838;65.5472222222106
2718;20.5367604580788;55.2389826802937
2719;5.41300143635999;33.1493506530187
2720;32.4207431383766;33.4485209161594
2721;5.44018758282618;74.9478715691821
2722;5.38791762836263;13.1485209161601
2723;5.43120668173287;33.3395382358558
2724;26.5585137232374;55.2984271247351
2725;5.4071119451728;15.0512986939411
2726;6.84269761700125;35.4888888888909
2727;9.1493506530278;63.1762986939375
2728;58.343278393324;35.6854617641438
2729;6.94849244930811;63.2228715691763
2730;5.40555555555693;55.9222222222106
2731;37.9566756420973;33.5599062085967
2732;42.3839826802905;5.41379509746366
2733;35.9191702631142;13.0361111111124
2734;18.3336617324439;84.9255555555337
2735;6.79074313837918;43.2243506530249
2736;6.83676045809261;83.2812049025288
2737;6.80747380428329;33.1582395419209
2738;6.8656218779397;53.1265728752587
2739;5.38823954190411;35.6957431383817
2740;63.0331736142143;76.0015728752569
2741;62.0878389020054;15.1542568616242
2742;42.4859721537741;45.6160173196877
2743;6.97411843853661;14.8805555555537
2744;38.5047074278718;33.1707431383929
2745;81.3768275298498;23.0472222222197
2746;18.5895382358522;33.2215728752526
2747;27.8283755704761;23.0827777777777
2748;6.90808206318252;4.88990620858931
2749;5.44532050939415;75.697871569193
2750;6.90425686161143;65.7867604580788
2751;50.573520916163;45.0382395419092
2752;6.87912391172358;63.4771284307935
2753;34.2021284307975;33.1444444444296
2754;83.8480519590848;53.3450937914095
2755;6.75536505923628;3.01046176413729
2756;34.3857431383749;45.0388888888774
2757;9.5560523970762;33.2611111111055
2758;5.40842861331112;75.3145382358507
2759;24.7333333333281;83.2839826802938
2760;51.1771284307943;24.6249999999982
2761;97.7314694045654;73.2065728752477
2762;73.5349566967507;45.5305555555442
2763;40.642639996564;33.0867604580762
2764;5.375;35.2021284307957
2765;6.79917498327995;43.0971284307925
2766;6.77777777778101;33.0901875828222
2767;32.8617604580832;73.2166666666617
2768;14.5784271247467;33.3464862767687
2769;18.9259714499312;33.2130591520308
2770;6.920093791412;5.08611111110986
2771;66.9403292263942;65.6116666666458
2772;6.2020346393856;25.6472222222128
2773;6.75277777777592;66.3165728752228
2774;7.60748338270059;55.6287879046504
2775;30.9672222222107;3.0444444444438
2776;23.7727777777745;45.0010101268545
2777;6.83194804091909;5.63500719280819
2778;15.0360173196732;106.349531043028
2779;74.2481633812422;43.0458297368459
2780;37.0492568615919;75.485642154139
2781;67.5701179671541;45.9500937914199
2782;5.38712123797814;5.27267679353645
2783;62.9984840257184;24.4285209161844
2784;47.3026263273223;35.3994372516117
2785;5.8758588805922;24.6343578458327
2786;70.247871569185;54.9775830021226
2787;12.9744334355073;85.5726839863328
2788;15.3851009842365;55.4036941132163
2789;41.6939754874911;66.4970274465722
2790;10.361111111104;75.7509163354352
2791;5.38468463052777;23.1062049025186
2792;6.87762571603344;23.1027777777726
2793;6.78916785382535;63.5042568615936
2794;86.1007529719809;63.1631457504773
2795;62.8734271247667;45.4021212379776
2796;5.38953823585143;63.4006493469606
2797;15.1691859814619;5.17777777777519
2798;6.93222095184501;35.1749999999956
2799;6.875;33.0886147075835
2800;79.2878361396979;25.7173160136335
2801;5.46111111110986;53.1333333333314
2802;87.8415728752279;53.1638888888901
2803;66.9742568615929;45.8157431383879
2804;20.8694444444445;45.0993506530158
2805;44.8291608182972;45.6104617641358
2806;5.41984077835696;33.3373160136343
2807;27.680169639787;53.306111111111
2808;6.86585290653784;26.0722222222266
2809;5.40490620858145;33.1027777777745
2810;28.8555555555522;55.4944444444482
2811;37.8485281089779;85.7632323490798
2812;5.40064934697148;3.93823954191612
2813;6.2326839863581;5.2944444444438
2814;39.3867604580755;35.1540764717192
2815;48.8601624437924;5.9194444444438
2816;79.5711735979567;13.2062049025244
2817;15.4639084527789;25.6985209161594
2818;29.0476958994495;53.1895382358507
2819;41.9925133591823;43.3361111111099
2820;21.0790764717149;44.823520916163
2821;61.6966911318832;44.569444444438
2822;7.01553501012131;63.1880591520221
2823;88.789073905069;93.7207431383758
2824;18.2688372268167;15.3944444444387
2825;85.3514590548766;45.6082395419053
2826;116.137409805046;45.0116666666654
2827;19.4145382358565;15.6055555555504
2828;10.0805555555562;55.2637950974658
2829;84.9745611954622;94.9762986939422
2830;43.0995692359702;3.04082973689219
2831;59.3274148251294;55.5582395419078
2832;20.9952799310959;3.01388888888505
2833;5.40538876500068;25.4088888888837
2834;29.6148670087459;53.1478715691828
2835;5.37760416666606;85.2012049025143
2836;6.85833333334449;5.0855555555645
2837;5.45611111111066;5.43388888887603
2838;6.75277777777774;33.2033333333256
2839;6.89999999999418;73.1411111111065
2840;5.41666666666606;23.097222222219
2841;52.3611111111131;75.7055555555471
2842;8.37722222222874;13.0632395419161
2843;43.781295521454;5.06823954193351
2844;53.8466666666718;24.8216666666685
2845;24.434278977169;73.1800000000039
2846;5.40555555555875;35.4264790838461
2847;5.86388888889087;35.472222222219
2848;51.6639987207436;76.4234271247333
2849;8.27620490251684;126.097871569176
2850;40.7799062085815;5.07722222222219
2851;11.8288102627084;35.8034271247434
2852;18.7707050243043;45.4256493469638
2853;9.80157287526163;113.422871569186
2854;10.4987950974773;25.4494444444463
2855;63.3774676375378;23.0600937914023
2856;5.375;93.3249999999916
2857;39.6164073794316;23.2449999999899
2858;33.5623160136311;33.1333333333314
2859;5.41250049237715;25.644999999995
2860;6.875;34.7416666666668
2861;25.888863439106;75.0039826802895
2862;32.1228715691905;25.1478715691755
2863;22.513888888885;73.5465728752515
2864;102.242683986366;4.91268398637658
2865;23.2116094706053;35.0037950974784
2866;30.0043506530383;15.4466666666685
2867;6.94518758281811;45.8635209161403
2868;6.84785865689992;33.4438888888926
2869;40.5576068376013;3.02499999999418
2870;9.1694444444438;14.9478715691821
2871;34.9160173196979;15.6461111111148
2872;24.3649639846026;34.1161111111142
2873;5.42555555555191;125.594725818659
2874;23.5677196620545;64.5789826802902
2875;13.089444444433;4.39055555556115
2876;112.483551976731;53.1916666666602
2877;6.75953823584132;5.25833333333139
2878;20.7702456303123;75.8689826802838
2879;5.37778501545836;23.222222222219
2880;5.37611111110164;3.0444444444438
2881;152.912316013622;53.1361111111055
2882;14.4909117635125;73.168239541923
2883;169.107965360578;13.0888888888876
2884;9.68324809529258;123.381760458056
2885;38.6455555555403;33.1184271247348
2886;5.41768398636668;83.1805555555438
2887;6.90176045806948;45.3744444444474
2888;6.8949999999968;55.4621284308087
2889;6.88157287525246;25.7521284307968
2890;5.43872525377265;33.0812049025135
2891;18.2333333333263;63.0823160136224
2892;137.818888888873;55.8838888888877
2893;83.4105555555598;45.4512049025107
2894;6.79166666666606;34.9629653606007
2895;36.2011111111133;93.455649346959
2896;86.7362049025232;74.8462049025075
2897;26.4760173196937;23.1415728752472
2898;43.5764009906525;26.0995382358396
2899;6.91277777777395;33.1427777777681
2900;22.2950937914029;85.0816666666415
2901;59.0228715691755;15.7938888888875
2902;6.7539826803004;55.2559235282843
2903;35.3177384697137;83.6204617641342
2904;65.3170065531995;23.1987950974817
2905;65.4274049316136;35.1333333333314
2906;140.038239541896;65.2788888888772
2907;45.5005555555472;33.0888888888894
2908;6.88888888889596;33.2172222222216
2909;6.8061111111092;65.7616666666636
2910;5.37777777777592;35.7901875828211
2911;165.748228922697;14.811666666672
2912;54.2221707721237;63.5505555555537
2913;44.1007985231136;45.3055555555529
2914;49.3449999999939;45.7361111111059
2915;6.40212843080371;43.2416666666595
2916;6.9068542494897;44.6784271247434
2917;113.530338759607;43.1261111111107
2918;68.3846593976086;45.9894444444435
2919;81.0970191149718;75.6133333333255
2920;22.7955704867363;15.2167604580682
2921;107.318427124726;33.0923160136226
2922;6.80833333333794;65.7449999999899
2923;34.7273909314954;14.7806493469616
2924;23.1472222222183;33.111111111115
2925;6.82499999999163;35.5145382358533
2926;16.4205866978082;13.8271284308212
2927;15.1416666666628;75.7508369297739
2928;15.597222222219;56.0222222222073
2929;5.41342124402581;33.0290764717065
2930;122.72677539818;35.3615728752557
2931;16.7708141112635;64.9986147075597
2932;123.431111111086;3.00833333333139
2933;11.5434833903892;55.4012986939288
2934;6.77900559146656;33.1365728752517
2935;34.21185424949;33.1963852924328
2936;5.43055555555111;55.7130519590955
2937;29.1375035964465;3.0444444444438
2938;67.3481596254842;14.790829736874
2939;23.1611111111124;43.1777777777734
2940;29.4278715691871;35.586111111108
2941;6.75540244969307;45.8769408479839
2942;62.0083980010404;45.3365728752542
2943;6.92694084797222;55.308333333327
2944;6.75277777777592;43.1602741813185
2945;6.875;35.2923160136343
2946;40.653669866053;35.3416666666708
2947;41.7498124171761;23.0367604580806
2948;45.2387719000599;53.0527777777752
2949;48.1346273010004;43.1223088207189
2950;25.6283333333322;55.1352741813262
2951;5.436948040895;53.3780519590964
2952;5.375;3.01083692979046
2953;5.39150630571385;23.1394372515133
2954;5.395093791416;43.3410173196899
2955;9.63398268029778;35.7771284308037
2956;5.45833333333212;25.1965728752475
2957;6.83518758282298;73.3687950974654
2958;6.75277777777592;13.0444444444438
2959;22.5395382358602;23.0303823585764
2960;6.77206579669655;33.2305555555486
2961;6.88611111110913;53.6132395419136
2962;6.76536077980199;33.55741699797
2963;18.3033261404034;106.091111111098
2964;6.76148693504729;23.0956493469585
2965;40.6458662953683;4.96732320655974
2966;53.7107122592697;33.1437879045461
2967;5.42907647171887;53.3555555555504
2968;6.875;25.0117676510017
2969;29.422311783519;23.1083333333281
2970;5.42454601778445;14.686767651001
2971;29.3132395419161;56.4632323489823
2972;63.4153607797925;3.0444444444438
2973;47.2867604580679;44.8388888888803
2974;10.4130375078494;43.3451009843302
2975;40.9955641202614;34.8194372515209
2976;52.9446331818053;43.0944444444522
2977;5.38718500025971;86.055656539882
2978;6.75277777777592;55.3673232065466
2979;5.40554158212763;25.6250937914028
2980;7.10616656643288;44.9777777777654
2981;18.4145454287845;63.2596392201885
2982;42.2927966866573;25.3472222222172
2983;5.375;3.00621209543351
2984;56.5118396387352;45.1062120954266
2985;44.8509115149991;25.5520274464834
2986;5.375;65.11944444443
2987;73.6822216866003;43.3228787620938
2988;32.7112049025145;13.0888888888876
2989;5.45702744648588;113.667972553512
2990;6.77325014347662;23.2276767934491
2991;77.1880967141624;93.4721212378772
2992;16.5922222222198;34.7881385575893
2993;37.4648266262429;23.1026767934472
2994;5.40768398635737;4.80277777777519
2995;19.9796549384264;53.1534271247474
2996;5.42491023957336;13.0063058868545
2997;5.43888888888432;55.9888888888818
2998;30.1353607798064;55.0576767934381
2999;6.79156568234248;3.02500000000509
3000;20.5867329990233;25.2895454287645
3001;66.4645688122237;53.4006493469678
3002;6.80325466648719;23.2338888888826
3003;34.7423754789179;15.1429725535199
3004;21.2248990156713;25.0611111110957
3005;72.3618977563838;15.6353607797973
3006;38.294444444442;33.0999999999949
3007;6.83323081334856;55.5638888888807
3008;65.542627711533;25.8771284307986
3009;5.375;13.0977777777753
3010;29.9673160136317;33.1305555555446
3011;23.306522393219;43.1451947757378
3012;5.37758555338951;5.16666666666606
3013;5.40030332460628;14.2581385575795
3014;77.6646176414197;63.4615656823225
3015;5.40888888889094;43.0749999999935
3016;13.1035281090826;3.0444444444438
3017;17.2992496686875;43.6646392201892
3018;6.91944444443652;53.183888888876
3019;6.80777777778167;35.8777777777759
3020;5.41741699797421;53.3109163353529
3021;27.1467518220106;43.0827777777758
3022;5.38101012677726;75.3813058868473
3023;7.09722222222626;35.701854249477
3024;8.28555555555613;93.5548052242411
3025;5.40293053155801;63.2138888888858
3026;8.60389608181322;43.1504545712141
3027;16.8571284308109;4.61674607224631
3028;8.2784271247474;33.1477777777636
3029;6.7944444444438;55.658982680292
3030;29.5022597745556;14.8595382358435
3031;24.7688888888915;35.3027777777643
3032;15.8972222222164;35.871298693919
3033;72.4738960818049;35.9157431383628
3034;92.1650937913928;63.1338888888695
3035;35.5347330115892;13.0444444444438
3036;24.4103607798061;25.6046320272653
3037;5.41018758280916;5.7138888888876
3038;6.79892639529317;45.1805555555511
3039;26.5373704688081;33.2049062085862
3040;61.5814366029372;25.7623160136245
3041;20.6571174828769;43.2194444444413
3042;5.43240980503651;14.9506493469671
3043;11.461111111119;25.0923160136317
3044;6.87898268030403;65.6824098050347
3045;5.37777777777774;43.2222222222172
3046;6.82712843081208;43.1117604580741
3047;20.620350811465;53.6145382358463
3048;15.7549062085855;46.0395382358583
3049;7.03283534485672;84.6074098050321
3050;26.2279250683077;25.2022222222313
3051;24.9208947622774;15.8068542494839
3052;21.5749999999989;35.0411111111098
3053;26.0939497021282;65.322222222223
3054;90.8435209161362;33.0888888888876
3055;9.63666666666541;13.0076839863632
3056;5.44613340912656;64.9901875828218
3057;32.1534271247383;83.2673160136292
3058;29.2125901949566;34.9818542494922
3059;37.9872200532573;113.850649346952
3060;47.4781419637748;14.919444444442
3061;8.2728715691901;44.7938888888766
3062;22.9930074159747;55.2777777777683
3063;9.30537988582;23.1305555555646
3064;10.0068542494864;23.0444444444438
3065;6.84101731967894;45.4416666666493
3066;5.38055555555184;23.0444444444438
3067;6.875;25.1333333333314
3068;101.419444444422;25.5477777777669
3069;6.17777777777519;55.238888888869
3070;83.5326839863537;25.5472222222106
3071;6.25222222221782;3.01388888888505
3072;45.5664909969091;15.6527777777701
3073;6.76708683473225;25.4055555555478
3074;5.41707036679691;33.0125901949541
3075;7.42222222221244;35.464538235854
3076;9.01650504053032;73.1284271247205
3077;67.2147586943865;23.1611111111124
3078;72.1659837415136;45.095743138374
3079;39.5340954439125;93.3228715691675
3080;6.90777777776566;65.748520916155
3081;6.8428959163648;73.3346320272576
3082;29.6616658868315;5.33333333332303
3083;39.3493135757017;73.2228715691726
3084;6.81111111110476;35.4305555555511
3085;6.22857043733165;43.170743138382
3086;6.93131805690246;15.6589826803047
3087;55.0809536323541;43.3596691045841
3088;8.26533089540135;15.4215728752533
3089;55.2859188867224;65.6130962293337
3090;10.8361111111099;63.4380962293362
3091;11.0012986939382;23.1055555555504
3092;61.2740244675515;3.0444444444438
3093;17.5846320272722;63.1748566874176
3094;33.9346691045776;35.7944444444438
3095;5.39261559988699;13.0388888888865
3096;5.41924709890191;23.0805555555544
3097;76.2375610151012;13.5916666666653
3098;11.5571352295083;45.6735209161689
3099;28.5640783365197;24.8722222222223
3100;5.375;35.2472222222204
3101;6.9194444444438;14.6333333333168
3102;44.0427307893005;43.6645382358583
3103;6.38055555555184;25.0888888888767
3104;42.1144320006024;43.2866666666705
3105;32.1058752417866;15.638239541915
3106;14.8549062085822;35.2237950974704
3107;10.5724144466094;33.0904617641281
3108;6.78398268030469;3.03888888889014
3109;5.40000000000327;15.4817604580767
3110;8.25277777777592;73.1216666666533
3111;77.9054122429789;43.2521284307968
3112;6.85064934696675;43.1790764717098
3113;34.4708982325101;43.2009235282712
3114;5.44323954191896;15.1299999999974
3115;14.5699267538803;25.4700937914167
3116;43.2888888888792;85.8416666666526
3117;50.978082063164;24.6813852926171
3118;40.4205555555473;33.0654617641339
3119;5.41175248978107;23.1048124171612
3120;6.21176045807806;25.8580519590942
3121;24.5666666666584;3.0444444444438
3122;6.80881229457736;45.5604617641384
3123;28.5636147075802;53.2308297368545
3124;97.9205346069648;4.75870130607473
3125;5.43253369182094;63.4342568616066
3126;23.2913012055269;35.4922222222158
3127;5.42621163343938;43.1529581676641
3128;6.84018758281309;53.4292568616056
3129;6.81152930481403;23.1718542494873
3130;6.80813504889193;43.0937013060611
3131;17.340923528267;43.1088888888844
3132;6.93055555555111;75.7024026121053
3133;16.3871284308098;14.3023160134362
3134;54.5181457504914;34.9771284308081
3135;5.37747665670395;35.361111111104
3136;55.5723088208906;43.3411111111163
3137;44.0512859171904;24.202222222224
3138;41.7505555555472;25.2888888888901
3139;28.3451422373764;3.0166666666737
3140;22.2578715689906;63.7966666666634
3141;5.39410482750645;33.0787950974882
3142;5.375;23.0888888888858
3143;20.6622504869974;13.0444444444438
3144;37.6472222222164;25.6444444444387
3145;5.39444444444962;23.0444444444511
3146;6.79444444443652;33.1562049025233
3147;6.9027777777701;75.2084271247404
3148;48.5216666666602;35.1666666666715
3149;5.43055555554383;35.0312049025306
3150;31.2653951404009;43.2333333333299
3151;8.57222222222117;15.2694444444387
3152;6.19101731969931;33.1339826803014
3153;6.88055555555184;33.1339826803014
3154;8.42157287525333;35.2944444444402
3155;40.6239651602373;53.5305555555533
3156;78.9816295147375;33.4132395419183
3157;6.79477426205631;23.1465728752482
3158;37.0054206990717;33.2249999999985
3159;5.39722222221462;35.7861111111051
3160;22.202316013434;43.1271284308059
3161;6.76388888888687;35.9499999999935
3162;5.45064934697439;24.125
3163;16.8055555555584;3.03944444444642
3164;6.82157287525479;13.0638888888898
3165;45.7685841217972;24.952777777773
3166;16.7326839863599;63.3277777777766
3167;22.1343055555517;35.1749999999884
3168;25.3303441310454;33.0555555555511
3169;6.81944444444161;45.4444444444416
3170;7.17435065302561;43.194444444438
3171;6.76046176413729;65.9805555555467
3172;5.44436523543845;33.2068542494853
3173;5.375;23.0589826803007
3174;5.375;25.2450937914109
3175;5.41944444444016;5.42990620858836
3176;76.1170771720317;33.3555555555467
3177;19.7018599070034;93.224999999984
3178;42.3388888888803;35.6339826802905
3179;5.38333333333503;23.0777777777766
3180;5.42121380718163;23.1611111111088
3181;36.2441850502146;25.4895382358482
3182;33.175649346962;45.2611111111037
3183;5.375;83.4096320272474
3184;6.78333333332921;35.003427124735
3185;21.3199926078814;3.0444444444438
3186;5.375;53.5222222222146
3187;83.3185388232414;43.2589826802832
3188;27.9472222222248;55.2728715691737
3189;6.81323954192339;43.2965728752424
3190;6.93740980504299;34.945093791408
3191;52.3985228070633;45.2555555555518
3192;64.588888888873;103.650649346957
3193;10.1132395419154;83.4617604580635
3194;16.9497420522312;3.0444444444438
3195;20.2416666666613;3.04166666666788
3196;6.29231601363426;45.7895382358583
3197;55.7826839863483;23.0888888888876
3198;59.0587162316879;35.472222222219
3199;6.77971398419686;25.4617604580744
3200;6.92222222221244;35.1187950974709
3201;58.2655834941761;25.3019408482141
3202;70.2023067868467;25.7611111111109
3203;11.2999999999993;33.1673160136343
3204;29.2525323624577;35.2200937914204
3205;6.76543204510381;43.1499999999942
3206;5.44444444444161;55.0805555555526
3207;17.6701971142902;45.7034271247467
3208;45.5825544594481;65.0277777777737
3209;38.4488118509034;63.4423160136357
3210;24.6145382358554;33.1965728752475
3211;8.24787156919047;45.6089826802963
3212;18.867316013635;45.0743506530271
3213;38.713888888884;43.1715728752533
3214;38.0549651369693;35.5826839863512
3215;6.78348128019206;43.397222222211
3216;40.2786145193386;45.980555555554
3217;6.90833333333649;63.1499999999869
3218;22.6477190637524;56.0722222222175
3219;6.9638888888876;35.9006493469496
3220;65.1942708333299;14.7027777777803
3221;41.3083333333307;96.4284271247197
3222;27.109777538124;35.3049062085847
3223;39.7527777777723;43.1666666666679
3224;5.47435065302489;73.1027777777672
3225;12.8098124171665;65.6346320272387
3226;6.91176045807151;33.1472222222183
3227;11.3392185496195;55.5284271247256
3228;6.79681181060732;25.7526839863749
3229;38.3916666666555;55.0299062085942
3230;79.3226030453625;3.04036797274239
3231;37.3836530195549;115.554718626001
3232;56.163559146411;25.4499999999898
3233;55.9299062085811;45.2749999999942
3234;78.7496821633504;33.0228715691846
3235;14.4719648689425;75.1499999999905
3236;5.39166666666279;13.086111111119
3237;46.3627473029374;64.0888888888876
3238;6.9194444444438;25.6500000000051
3239;5.37907647170141;43.0256493469678
3240;6.80126898775779;73.2089826802985
3241;35.4694444444322;25.0965728752562
3242;13.6711777777709;25.1756493469729
3243;30.5395382358474;84.9027777777665
3244;5.38676045808097;25.077777777773
3245;24.8361111111008;43.1645382358511
3246;16.4444444444416;105.33888888888
3247;33.1973326882726;33.1429653606101
3248;6.78676045807515;43.2771284308074
3249;5.41111111110877;35.730555555554
3250;60.9249999999884;25.2132395419176
3251;27.8889789977511;53.343795097473
3252;6.76922712503074;53.2222222222081
3253;48.7604617641337;15.4638888888767
3254;107.969444444429;55.3589826802963
3255;7.46176045808534;65.6055555555431
3256;5.4121439553237;43.2367604580613
3257;26.1645382358583;85.1542568616023
3258;12.007683986365;15.8222222222139
3259;6.76111111110731;24.9354617641402
3260;6.75277777777956;33.5361111111088
3261;5.38333333332048;4.95000000000437
3262;80.8823970705707;65.7604617641155
3263;30.5414504971814;45.655555555546
3264;93.9891688199714;53.229906208584
3265;13.2021284307993;25.717222222218
3266;88.7694238360782;3.03398268030287
3267;47.1329489781929;55.0019480408992
3268;45.7247407413124;24.9839826802927
3269;22.3576839863563;73.4173160136197
3270;79.6236729751108;34.7249062085903
3271;78.5195366136941;15.1526839863691
3272;6.875;44.4305555555547
3273;29.0720740724428;45.4615728752542
3274;5.43185424948024;15.0381457505136
3275;20.5707986964189;45.201948040889
3276;98.4258297368542;13.0708297368838
3277;73.4666666666672;63.1333333333314
3278;6.81036797273191;55.2374098050313
3279;8.15730591389365;55.9908369297773
3280;31.4221828388399;73.1499999999942
3281;6.79549919040801;63.3875035964484
3282;6.78678789427067;65.668427124725
3283;11.2400937914099;13.0590764717017
3284;5.37819186882552;5.16249640354727
3285;5.42093072118951;53.4222222222161
3286;16.15762949083;3.0444444444438
3287;7.97657287525726;73.3849062085937
3288;34.2042568616162;44.5562986939258
3289;74.5880591519963;73.2354617641395
3290;54.3437378310991;5.17222222222335
3291;28.4620982959714;4.64157287525086
3292;45.9944079775851;44.659350653048
3293;5.37772907473118;56.1255555555472
3294;6.78333333333649;43.2422222222158
3295;6.79467683428084;13.4976839863557
3296;35.1666666666642;55.2790764717065
3297;75.2055555555526;5.2138888888876
3298;41.2621192314691;3.04388888889662
3299;7.09299348529021;4.87777777777592
3300;6.89909136579445;86.2649999999849
3301;56.1464329675218;53.2222222222154
3302;55.4252407288477;13.0444444444438
3303;8.34444444444307;53.1199999999881
3304;44.5805555555598;33.2116666666552
3305;29.6735209161525;25.553333333326
3306;12.2830743116137;45.9180519590882
3307;5.39666666667472;75.0714790838283
3308;38.4592399910071;73.2222222222226
3309;6.76028137423418;45.8276839863538
3310;23.4139826803075;55.8242568616042
3311;11.6333333333387;23.5033333333304
3312;28.3852442380485;15.2138888888876
3313;47.3387950974684;23.058333333327
3314;5.41888888888934;76.2437013060444
3315;24.9305625375528;45.4805555555467
3316;6.76111111110731;3.0062049025255
3317;70.9144444444319;83.3616666666458
3318;61.9638888888767;15.2361111111131
3319;6.90106010601448;33.1888888888825
3320;5.38676045807733;5.13333333333139
3321;6.78203463940008;35.8151875828298
3322;63.7363060760108;65.0583333333161
3323;34.7027777777657;23.0598124171665
3324;6.75277777777592;84.1755555555392
3325;6.81879509748251;43.1317604580654
3326;8.66019324034278;84.9838888888698
3327;5.42074313837657;83.1414790838207
3328;68.910555555547;35.9734271247326
3329;22.1222222222204;45.2817604580596
3330;80.7743506530205;4.8937950974796
3331;28.0312860329723;45.9595382358457
3332;7.02191673989364;75.3977777777691
3333;6.91787156917781;43.5993506530358
3334;5.38944444444132;35.1910173196993
3335;19.1123160136267;25.558333333327
3336;14.8234271247384;53.1534271247365
3337;83.5706493469443;4.8305555555562
3338;5.38243271621468;43.3173160136284
3339;7.5077876465657;83.4873160136158
3340;75.9442452707008;45.4450937914153
3341;6.89444444443143;43.197871569173
3342;27.2749062085823;45.2562049025037
3343;16.7743506530351;65.0416666666461
3344;5.39935065303871;43.991291501341
3345;21.5527777777716;53.5367604580933
3346;39.9555555555526;24.6405555556012
3347;5.40435065303973;83.3416666666526
3348;46.113474043359;45.6972222222394
3349;13.6171900573863;45.8638888889145
3350;60.1333333333132;95.3194444444525
3351;107.178982680274;45.4877777778056
3352;48.7286319424529;74.8694444444591
3353;52.3040173461486;85.220093791424
3354;53.8378715691579;15.3978715691846
3355;8.51129025525734;115.522871569196
3356;51.5016666667289;35.3622222221748
3357;24.7064873314339;45.1038888888252
3358;42.1583333333583;25.5457431383802
3359;35.2787950975435;63.2351875828426
3360;27.5549062086102;53.506854249481
3361;64.6916666666839;3.4465728752657
3362;18.6411734364301;25.639538235846
3363;116.834809510354;25.2818542494933
3364;5.4207431383802;35.350649346954
3365;89.528427124751;75.4899999999434
3366;27.4161929894217;5.31666666667297
3367;43.8968542494295;3.00472581868962
3368;62.6072598805913;45.7158369298122
3369;6.81149888876098;54.684437251839
3370;85.0003039163421;13.0446248343433
3371;6.79564934696464;63.3011039185076
3372;25.1235209161641;56.0624098050575
3373;5.41431923395066;55.5980519594013
3374;48.0485209161598;55.5096320272787
3375;5.41731601363426;33.1418614420945
3376;20.3662915013374;43.2138888888876
3377;37.6009508318639;5.55212843080153
3378;56.777360459113;53.1073088210178
3379;5.41822215069624;73.1814934693721
3380;16.4410173196993;13.0523232062587
3381;70.8895382358642;113.459906208576
3382;56.7733739566465;15.3642640542239
3383;45.5407789176315;85.7463924853546
3384;25.589538235854;43.1272222222178
3385;6.89741699765727;53.1514790838264
3386;33.6335137235474;65.0166666666628
3387;5.38686734262956;64.8767532654674
3388;6.90435065302154;3.03295816800164
3389;72.5808914956033;115.719170263139
3390;68.9673832986373;14.9367604580839
3391;21.9741702631436;13.0934343173758
3392;23.2748651147012;75.038333333323
3393;5.4310138285291;5.6441702631455
3394;38.6522209999384;25.1524026124389
3395;40.8558297368545;3.0444444444438
3396;75.2914012065303;5.7138888888876
3397;5.40916307018415;45.0277777777701
3398;6.78629150132474;45.9004545715252
3399;16.2098990159539;75.2749999999942
3400;130.867316013617;54.9837879048537
3401;13.1796146134548;53.3558297371856
3402;17.5912120951434;35.9811111111121
3403;6.7664156087485;15.6726767937398
3404;43.8860354833887;35.5597980319253
3405;105.051877132741;63.1355555555529
3406;6.86464774580236;43.0967676507025
3407;61.3937496746039;25.6643434604084
3408;32.3128643765849;35.6345382358522
3409;36.8315688774237;65.9921212382033
3410;123.364639219875;25.5461183037551
3411;7.01686996802164;55.4516594740344
3412;17.9454545715162;13.2574098050463
3413;42.5179206615503;5.05378790482791
3414;50.6035065309261;25.3823088209865
3415;27.5109163356865;33.1200359633804
3416;16.5100071926427;76.347063410165
3417;6.79052830647561;83.6471643942023
3418;5.375;53.0846320272576
3419;43.1794516370865;73.1849493646077
3420;99.7916088386628;33.3711183037412
3421;25.34875393107;23.0909594916629
3422;6.94506841857583;13.0611111110957
3423;6.88500719263538;35.8466307032868
3424;63.9913321848762;65.5277777777628
3425;5.375;23.1285427807888
3426;6.17086570025276;23.1027199497548
3427;6.76595949166949;3.0444444444438
3428;78.5017954077957;23.1138888888818
3429;5.41383106087233;3.0444444444438
3430;6.84444444445398;5.10833333333721
3431;26.3442342169546;63.3722800502292
3432;21.3888888888869;15.1972222222248
3433;7.69438661642198;25.3277777777766
3434;6.77222222222554;23.1311111111099
3435;40.0613910421889;33.1166666666577
3436;5.40000000000509;35.597222222219
3437;5.40000000000509;34.8111111111066
3438;7.15514573597829;53.6145382358372
3439;16.0644444444479;35.2949999999983
3440;58.1916088386351;25.656111111115
3441;20.9613835112177;3.03120490252695
3442;16.0860898287247;83.1505555555486
3443;12.0422222222223;5.48398268029632
3444;6.92499999999563;44.9111111111015
3445;52.4773592386082;24.7027777777694
3446;6.78317170720038;63.321111111065
3447;6.79222222222961;33.3499999999985
3448;29.3032732993925;33.1116666666821
3449;13.1105555555405;23.0888888888876
3450;70.0277199497359;55.7249999999949
3451;6.79363761871355;73.0999999999949
3452;5.375;64.9499999999935
3453;6.77157287524824;5.72277777779527
3454;58.2695988140331;35.4394444444297
3455;5.37752650762195;3.0444444444438
3456;23.0360173197114;15.4988888888693
3457;6.18823954191976;43.1249999999709
3458;7.54592352828695;73.1965728752511
3459;43.4674383916899;25.5234271247573
3460;9.66102025342479;33.1999999999971
3461;9.40009379139519;35.3499062086012
3462;6.87777777777956;23.0777777777803
3463;6.875;63.103333333318
3464;75.3022222221916;65.6333333333023
3465;5.41388888888105;45.1415728752581
3466;19.4873160136449;5.64722222221826
3467;8.76046176414093;15.3200937914153
3468;6.91666666666424;4.88120490252186
3469;36.8608153979003;23.1555555555569
3470;6.81823954190622;33.1326839863723
3471;31.2361111111131;25.611111111084
3472;20.1937950974789;53.1055555555467
3473;16.902777777781;23.1277777777759
3474;37.4053764113996;63.2611111111073
3475;52.6615251663643;55.0326839863665
3476;12.681352684529;45.3444444444394
3477;39.6528490385135;43.0777777777694
3478;50.9556779540217;25.3333333333212
3479;39.8673805795006;65.3326839863657
3480;6.8027777777861;84.907777777742
3481;5.37777777777592;15.5249999999942
3482;23.663888888892;84.8277777777585
3483;5.38170201300818;43.1422222222354
3484;44.1710173196989;3.03398268030287
3485;10.1771284308379;33.1000937913923
3486;8.29777777779236;23.1272222222069
3487;29.2732354563886;53.4383333332989
3488;23.8971247517766;45.6105555555332
3489;65.5111111111073;3.0444444444438
3490;102.588683936665;55.8611111111059
3491;6.93238415919404;23.2999999999956
3492;16.4228715691934;13.0444444444438
3493;33.030649346947;23.2472222222132
3494;7.08333333333212;45.0272222222011
3495;6.95493637422987;43.4855555555332
3496;54.0161111110792;15.4472222222248
3497;8.29296536060065;45.0222222222183
3498;71.5613063806231;3.0444444444438
3499;25.4638888888767;13.2098124171644
3500;8.24787156919047;24.8269480409035
3501;21.6959235282811;23.1769480409093
3502;45.1522179813255;43.3596320272736
3503;5.41404040403359;13.0444444444438
3504;19.924709625644;75.7617604580737
3505;8.27917026310388;35.3492568615948
3506;5.37747613376632;25.905555555546
3507;14.7932440653167;75
3508;65.8944444444387;75.5769480409035
3509;13.3694444444482;23.0444444444438
3510;5.4194444444438;34.4575035964481
3511;5.37925686160088;13.0444444444438
3512;6.89426405454287;13.0444444444438
3513;5.39657287525552;33.1722222222197
3514;66.5634494514779;3.0144444444777
3515;38.2049062085862;53.2536075146381
3516;57.1249932212049;53.3505555555894
3517;6.81731601363208;45.6416666666701
3518;7.01471862574908;55.4010101267522
3519;8.27499999999418;55.694444444438
3520;6.88971862576;13.0942640545436
3521;6.90360751464323;5.72500000000582
3522;6.79651605285835;63.2437950974709
3523;32.968560461155;13.0444444444438
3524;56.6386101841708;93.4021284308074
3525;14.8235193642686;3.0444444444438
3526;51.0228183856998;5.75833333333139
3527;108.046132116575;25.0664862767735
3528;9.00266821275363;5.58333333333212
3529;8.30082973685785;3.0444444444438
3530;29.933896621591;5.00833333333139
3531;5.38315294343556;45.1138888888781
3532;5.375;45.0416666666533
3533;79.114069278774;23.097222222219
3534;15.6277777777759;45.3666666666686
3535;27.2944444444402;3.0444444444438
3536;39.0238702615643;54.6777777777606
3537;59.5584140925312;3.0444444444438
3538;9.40555555554965;13.0527777777788
3539;53.700829736852;14.6771284308015
3540;69.3222343822781;25.7756493469642
3541;6.8118898275934;43.4923160136277
3542;6.875;5.76666666667734
3543;51.4328341429136;54.3506493469577
3544;20.3312049025226;13.1910173196993
3545;6.9358425872997;54.7784271247292
3546;29.1954085450998;33.1138888888818
3547;13.1839826803007;45.3562049025168
3548;28.9861111111022;75.9395382358416
3549;15.6220445598556;95.9506493469526
3550;6.82222222222481;85.6083333333227
3551;18.0938753463379;33.2160173196935
3552;54.7218547603516;54.8861111111073
3553;5.375;45.8923160136328
3554;6.90555555555329;43.0867604580781
3555;7.00724262349831;23.1506493469642
3556;37.483333333319;43.4006493469715
3557;6.88546176413365;55.0423160136343
3558;16.7000000000007;45.7166666666562
3559;6.75938137483536;63.3944444444387
3560;77.5357184946988;15.8687950974745
3561;74.9065971698838;35.8185568794397
3562;47.1423160136328;25.3950937914051
3563;25.1503438646396;23.1632395419183
3564;5.4194444444438;15.1034271247336
3565;40.2166666666635;35.3284271247394
3566;5.39410040699295;33.1166666666686
3567;59.0623763245676;5.35898268028541
3568;28.1326839863686;13.2034271247358
3569;27.8945672315131;55.3027777777752
3570;26.0166666666701;3.0444444444438
3571;6.75277777777592;45.3277777777876
3572;5.40388943256039;35.616666666665
3573;43.9898647202717;3.0444444444438
3574;6.86950405092284;45.5083333333278
3575;13.9777777777927;4.90277777778101
3576;6.875;33.4750000000022
3577;15.4002454153269;46.1638888888956
3578;27.0305555555533;24.1076839863636
3579;6.80342712474521;63.4249999999956
3580;6.90157287526745;13.0444444444438
3581;90.924999999992;36.5089826802978
3582;34.2526041666642;34.2305555555358
3583;68.957736024131;64.9055555555387
3584;7.41252769722632;35.411111111116
3585;5.4027777777701;13.0388888888774
3586;30.5379817359717;43.2694444444278
3587;86.5249999999833;55.4145382358474
3588;6.91731601361607;23.0083333333423
3589;28.9410173196957;85.5950937913913
3590;11.4833333333263;55.7901875828029
3591;6.77222222221826;33.0444444444438
3592;6.76944444444962;25.6200937913927
3593;6.875;65.5444444444329
3594;23.5388179619658;93.908982680281
3595;50.1978715691839;25.4771284308154
3596;6.875;55.6200937913927
3597;9.29509379141018;33.1923160136103
3598;5.375;3.02157287525188
3599;5.4193318856378;53.208333333343
3600;6.89509379140873;43.3173160136284
3601;51.1062049025168;35.367316013635
3602;61.8846320272569;23.0611111111175
3603;5.42287156918974;43.0611111111029
3604;17.7416666666613;4.38888888887595
3605;8.29083692979111;45.8027777777643
3606;37.94215999878;73.2784271247256
3607;6.1888888888825;53.1096320272554
3608;47.4732922678231;25.8194444444343
3609;6.78796536059963;3.02500000001237
3610;46.2089826802985;33.178701306053
3611;5.37749907307443;3.0444444444438
3612;34.6194444444227;14.6784271247416
3613;36.230347571418;43.1117604580759
3614;34.7346320272518;35.2749999999942
3615;38.6501525054264;75.7777777777628
3616;24.0102131262793;44.9851875828317
3617;6.89101731969276;53.2678715691909
3618;5.40564227369759;43.0694444444453
3619;6.92222222221972;14.8799999999937
3620;5.3944444444387;24.912316013626
3621;23.6973912012363;15.5821284308076
3622;29.9916666666686;3.0212986939332
3623;5.4111111111124;76.0079653605899
3624;6.91601731970513;15.0626839863617
3625;59.6317604580618;63.5027777777796
3626;6.76046176414093;43.1784271247343
3627;13.9429526636559;25.9256493469657
3628;45.1743506530329;63.4284271247452
3629;29.3973165630996;23.0588888888851
3630;8.2722222222219;63.1855555555449
3631;11.8728715691941;25.0555555555584
3632;108.097603045371;25.8477777777771
3633;5.37564934696275;5.1981457505135
3634;21.7467553529568;95.4617604580671
3635;50.0145382358569;35.2494444444383
3636;6.81509379140334;24.8846320272605
3637;41.2231419264863;55.489076471702
3638;5.39500000000407;15.66564934696
3639;5.41919902913287;25.3329653605906
3640;14.6747122620618;55.9077777777784
3641;29.0544739869656;53.2649134014973
3642;9.48506346253635;83.2900937914019
3643;28.9971581369755;13.1807431383786
3644;58.5315394253012;15.6416666666628
3645;6.44814575050987;33.0866666666552
3646;24.8807431383721;63.1351875828186
3647;38.4572124594888;45.7288888888834
3648;6.92314575050841;25.8555555555504
3649;52.8779982363194;15.6851875828361
3650;22.627993360762;34.1861111111066
3651;46.6883333333244;13.0642568616095
3652;6.82777777778028;55.4298630524572
3653;38.5212986939259;75.4560173196878
3654;31.6203679727187;63.3203679727085
3655;6.85796536059934;54.5762986939662
3656;8.28277777778567;23.1098196101266
3657;6.72463202727886;33.2100937914111
3658;5.40481961012119;33.1888888888934
3659;6.76908223737701;53.452777777773
3660;21.6587725457975;55.0194444444278
3661;11.8748124171652;75.2132395419067
3662;6.92536797271532;126.60648627676
3663;41.636458734567;65.3861111110964
3664;75.1332629610115;83.2144444444311
3665;27.8345382358602;55.9592568615953
3666;5.41657287524868;45.2960173196843
3667;43.987401316288;35.850923528269
3668;55.2781457504898;44.6622728575203
3669;6.9502741812903;43.1194012883207
3670;60.3768330910098;15.4580591520316
3671;5.4333333333343;23.0919408479567
3672;5.375;25.7798630524521
3673;6.84509379140945;43.2059235282541
3674;97.1425901949224;73.1907431383806
3675;60.9935361174539;53.2645382358533
3676;25.426978732874;4.53916307018153
3677;6.99460607056972;35.6169408479618
3678;21.0010080657121;24.4839826802963
3679;51.0147529660135;45.388888888876
3680;6.79978643031791;4.83268398636937
3681;5.40212843080371;5.78611111111604
3682;64.4064790838165;56.0062049025255
3683;41.1367604580773;33.0330591520324
3684;6.79166666666788;43.2953679727143
3685;75.1749999999884;23.3876839863442
3686;41.5772810639428;54.6583333333256
3687;15.6564790838202;65.472222222219
3688;74.2897605607686;25.4500000000007
3689;48.8944444444387;14.986486276779
3690;29.2130703657931;25.2267532651313
3691;33.2192828183179;45.3725973878863
3692;6.84101731969349;63.1777777777788
3693;13.4057642496118;86.0027777777723
3694;6.79722222221972;23.1284271247459
3695;5.38743313359373;3.0444444444438
3696;12.4805555555504;65.3209235282848
3697;58.3034094705617;63.2149134015162
3698;17.1507725516894;25.0926911792958
3699;5.40936709401649;44.935007192933
3700;5.42462483432973;83.5260245126228
3701;71.7031529434425;4.98823954192267
3702;153.815447782141;13.8128643762575
3703;6.80576750571345;63.3655049202353
3704;8.31240980504663;3.0444444444438
3705;13.3250000000044;75.6001947757577
3706;6.77537516566736;46.060007192933
3707;27.4295310429152;53.2021284307993
3708;35.1078821369811;35.2950937914102
3709;31.8637516550953;13.0267532651342
3710;5.44733546041607;75.1506493469606
3711;5.40978397579966;3.0444444444438
3712;15.3591439188676;33.1784271247416
3713;6.95021668455593;26.0877705848288
3714;17.8017532651393;33.0812049025226
3715;34.0062049025219;3.00277777777592
3716;6.2066594737189;63.2784271247365
3717;46.1702191872027;83.3978715691846
3718;15.5094226479778;23.0083117545109
3719;6.88816013637916;3.0059307212141
3720;78.6959438429585;53.2583333333314
3721;6.78629858489876;55.6625107893851
3722;5.38229405709353;63.3867604580737
3723;6.90693365503103;23.1600865984656
3724;6.86073594545815;56.2119840056002
3725;32.3833333333314;23.1208225439186
3726;96.4106565398979;73.3913346586305
3727;6.8003751656579;3.03286465945348
3728;6.89304476614416;33.1490689955717
3729;42.2677127581155;23.0621787813798
3730;33.0659256812105;34.4666666666672
3731;81.2159594929653;53.3418902141893
3732;43.2726401995242;33.1377343369386
3733;5.3975542302469;15.066111111104
3734;11.9770019321004;55.521890214186
3735;5.40948788528476;5.44444444443798
3736;6.91997443707805;15.512489210596
3737;5.41985547203876;95.958650672259
3738;49.1877127581174;85.5534271247307
3739;25.8605555555478;13.0826839863657
3740;19.5244444444397;83.3249999999935
3741;43.959733011623;33.1347114328091
3742;5.40833333333649;15.7367895130483
3743;6.78308206317888;105.181204902496
3744;5.41193365503204;53.1749205944434
3745;77.4625611399752;43.1401875828196
3746;5.39938762209204;43.2722222222183
3747;45.5670395200686;76.350555555553
3748;109.073548244753;53.2577777777733
3749;5.37959916844193;45.0861111111117
3750;102.544667991959;65.3213996782943
3751;58.6502462968383;3.00676045807995
3752;5.40760458081058;45.1755555555574
3753;79.262828128336;43.2827777777638
3754;5.39139967830124;23.1083333333263
3755;86.1134590365582;33.2632395419168
3756;7.03524648981329;75.6327777777624
3757;6.75558625426493;63.163888888892
3758;6.75277777777956;45.1950937914044
3759;6.76611111110469;45.7034271247358
3760;100.432032379627;13.066666666673
3761;8.35665246125063;15.2076839863657
3762;93.4607014676149;14.7506493469664
3763;6.94999999999345;33.058333333327
3764;5.42222222221972;24.8916666666628
3765;50.1215728752431;14.086111111108
3766;6.77166666665653;55.8833333333205
3767;57.7269552338403;55.3333333333321
3768;5.37999999999374;35.4944444444336
3769;85.7662392444181;15.5771284308103
3770;25.6906665946699;63.1833333333161
3771;52.5450937913993;75.377777777765
3772;60.1249796810844;63.724999999984
3773;5.41666666667152;23.211111111119
3774;6.9252887563307;15.8361111110971
3775;50.2111111111008;43.1687950974519
3776;131.784632027247;65.5805555555453
3777;18.2138888888767;53.3055555555511
3778;56.864771366927;45.3243506530453
3779;6.93333333333794;13.1555555555715
3780;40.4282996294351;33.0305555555497
3781;59.0145382358423;15.5027777777759
3782;88.8649886576641;54.7972222222234
3783;43.3155654357652;45.7450937914036
3784;5.41388888887741;45.3083333333161
3785;52.9521284307993;5.21111111111168
3786;35.9249999999847;45.9361111111066
3787;6.89166666668461;24.2944444444438
3788;6.83318082791084;43.1679653605934
3789;6.23268398635992;3.01388888888687
3790;19.275500673848;55.7305555555758
3791;8.2277777777781;33.2762986939306
3792;19.0041463117632;43.1138888888854
3793;6.30833333332703;53.1679653605934
3794;51.2302742109459;44.8929653606028
3795;10.0862421998972;13.0444444444438
3796;6.875;65.0888888888876
3797;6.81736863904734;83.3611111111022
3798;23.3166666666693;33.0527777777752
3799;6.92694804089115;24.2312049025277
3800;45.6572494440952;73.2658369297678
3801;6.91586303468648;3.0444444444438
3802;8.38055555555184;65.280375165632
3803;6.92694804089115;4.71323954193213
3804;6.80761990067549;35.5506493469547
3805;27.4710260550746;15.5077777777769
3806;52.5673160136284;73.3200937914044
3807;48.6933538091762;73.2562049025037
3808;6.90750359645244;53.4956493469545
3809;16.1749999999993;65.8632395419227
3810;6.76111111110731;23.2583333333314
3811;45.6414862767379;63.7756493469496
3812;67.3230795532982;95.9646320272586
3813;16.2770508384529;5.26666666666279
3814;8.31722222222379;4.88120490252913
3815;5.39444444444234;15.8278715691922
3816;32.333714156488;45.9019480408788
3817;62.9200937913993;85.6040764717
3818;46.2175581529373;55.4227777777742
3819;73.2752841904257;63.3778715691842
3820;27.3999999999942;23.0888888888876
3821;72.3611111110949;35.9036075146396
3822;126.361580068155;13.045923528276
3823;5.41176045808243;43.429076471697
3824;42.5557260865753;54.9096320272583
3825;6.89999999998327;25.7617604580737
3826;29.1770346394151;25.8055555555511
3827;16.50308035735;23.0561111111128
3828;6.78096252947216;3.0444444444438
3829;41.4610633517259;43.1610173197078
3830;27.9187950974701;53.3104617641475
3831;16.2289826803026;25.6953679727194
3832;52.9059071529045;65.5728715691803
3833;5.4105314947592;65.8799999999828
3834;58.5582821919161;23.1228715691905
3835;6.77425686163406;75.4053751656465
3836;21.5922303577827;65.8805555555446
3837;9.40277777777737;23.0417604580689
3838;22.2694444444351;45.531204902516
3839;6.77435065302416;54.9506493469598
3840;74.5501796399149;3.01518758282691
3841;6.75277777777956;65.7562049025109
3842;13.4650937914012;13.2138888888876
3843;5.40490620859055;53.2645382358533
3844;9.80734888936786;55.5605555555594
3845;53.8534271247372;34.9555555555562
3846;7.98724139070328;3.0444444444438
3847;39.3854617641409;55.8158369297853
3848;5.38333333333503;13.0805555555635
3849;6.7869408479819;24.8839826802905
3850;5.37752650762195;3.01111111111459
3851;5.40212843080735;33.0277777777665
3852;9.3506493469722;75.4256493469584
3853;6.81176045808388;75.8256493469671
3854;6.83333333332848;105.67787156918
3855;5.38888888887959;5.07009379140072
3856;6.77262986133064;15.4895382358518
3857;12.8802976077968;43.3812049025073
3858;8.95212843081026;15.5700937914007
3859;6.81516541821475;3.0444444444438
3860;6.89166666665551;33.1089826803
3861;18.3809609558448;3.01388888888687
3862;13.1444444444387;56.0333333333256
3863;86.1367604580737;23.0715728752548
3864;58.0116679649327;63.3944444444496
3865;23.3307291666497;63.1972222222212
3866;7.00245567482125;55.4361111111211
3867;5.37760774556591;5.625
3868;5.39891510663074;23.1244444444346
3869;5.9481769369595;5.44444444443798
3870;12.7533333333413;63.2666666666519
3871;5.4111111111124;85.5583333333161
3872;5.38407676500356;55.8855555555529
3873;7.01904139434191;43.0727777777647
3874;15.3222222222175;4.7222222222299
3875;34.2750000000015;84.6999999999825
3876;61.1663981428537;64.8638888888781
3877;90.0304880025833;44.6055555555504
3878;24.1183641169264;23.0527777777752
3879;31.4827777777718;35.0138888888832
3880;74.7326839863563;66.1722222222015
3881;12.875;65.8111111110957
3882;5.42222222221244;4.63490620858647
3883;5.41270602085569;126.180555555547
3884;9.25833333333139;3.0444444444438
3885;58.0307910028896;15.5728715692021
3886;19.3289826803011;24.9562049025335
3887;14.3114153965034;43.2388888888818
3888;52.0569306132093;23.2293506530295
3889;6.35120490252666;34.9876839863718
3890;5.375;23.2972222222234
3891;85.6604989003208;3.0444444444438
3892;7.49475071925917;25.2638888888832
3893;126.696306343911;3.04379509746286
3894;34.0661692268113;35.1805555555475
3895;12.020669093803;33.0583333333379
3896;5.42499999998836;55.8104617641402
3897;20.5333333333256;5.31323954191612
3898;18.9000000000051;55.5805555555417
3899;5.375;45.8777777777868
3900;83.3230637935703;13.3944444444496
3901;6.93055555555111;4.86944444443725
3902;17.7117604580744;84.8626839863718
3903;8.36879509746723;85.4876839863682
3904;67.0274071355052;15.0027777777905
3905;6.92499999999927;13.0416666666679
3906;72.1380809161237;3.00898268028322
3907;5.38941883623556;23.4478715691766
3908;6.20833333333576;43.2034271247248
3909;6.78953823585834;85.0805555555344
3910;39.8530665340986;43.1805555555511
3911;6.96286537737979;53.2006493469489
3912;8.29935065303289;53.4055555555387
3913;18.8529619299661;13.0444444444438
3914;6.18546176415475;63.4617604580453
3915;28.1926045034525;33.1361111111182
3916;6.76887098582301;3.02777777778101
3917;8.30260210802226;23.6472222222146
3918;42.8611111110949;5.05963202723797
3919;6.875;35.5151875827978
3920;110.113888888893;13.2950937913884
3921;5.4111111111124;75.8895382358314
3922;72.3173160136284;54.6749999999884
3923;6.7553819444438;56.1027777777745
3924;6.875;4.7549999999901
3925;5.375;3.0444444444438
3926;21.0243506530533;23.1361111111037
3927;6.87777777776864;63.3311111111107
3928;20.3472222222335;33.1505555555595
3929;39.5637272627719;34.9400937914033
3930;40.5033333333304;53.0734271247347
3931;34.9311111111165;103.724999999995
3932;10.1973832933945;35.1312986939338
3933;6.84712843080342;34.9867604580686
3934;5.39135143647218;33.2006493469598
3935;22.0231832569225;35.3534271247372
3936;36.0805288168849;35.3210173196931
3937;8.42540864311741;33.1739754873888
3938;55.2799486414769;25.7333333333299
3939;8.31111111110658;86.1408369297751
3940;35.295398076807;15.1666666666679
3941;5.38771085626286;3.02842712474012
3942;111.609723234367;5.28212843080837
3943;43.2105458435071;55.8138888888789
3944;28.698504520984;46.1818542494839
3945;45.8941602810446;106.23037516564
3946;5.42222222222699;103.865743138362
3947;53.6194444444409;5.15555555555693
3948;17.033333391304;3.03546176413511
3949;5.38953823585325;13.0687950974716
3950;6.93796536059381;93.2325035964459
3951;86.2706493469523;35.030555555546
3952;6.85342712474812;23.0534271247489
3953;6.92009379141018;5.27222222222554
3954;40.0232711313001;25.5660173196848
3955;119.19074313837;15.4833333333372
3956;6.91731601363426;43.148145750507
3957;26.6691495796877;15.2027777777803
3958;31.5089826802905;43.1194444444372
3959;13.011760458081;45.5522222222171
3960;34.5626594712812;23.0901875828313
3961;5.6853258442643;35.2089826803021
3962;27.1050562781384;33.1367604580773
3963;21.788888888881;33.1931457505016
3964;5.41296536059963;14.5388888888883
3965;6.91170814367069;35.4051803899056
3966;15.1789697202803;55.9506493469671
3967;6.81489984488871;13.0447186257697
3968;46.0114173989932;55.8265728752594
3969;19.9888888888891;35.058333333327
3970;65.6852664735416;24.0706421540563
3971;20.964538235854;4.52972581868016
3972;25.5057356833022;53.2542568616118
3973;32.858485838773;35.9388888888861
3974;24.8540764717109;15.5186147075729
3975;5.4142640545324;63.0972222222117
3976;32.1237013060527;56.0527777777679
3977;17.0157431383741;35.1166666666686
3978;26.68358900159;93.7709235282746
3979;32.945093791408;65.8305555555489
3980;5.39287156918363;13.0534271247489
3981;6.79068652165734;53.1119408479826
3982;5.45360751464614;25.8249999999935
3983;6.77777777777374;33.0527777777752
3984;6.76111111111095;53.6666666666606
3985;19.7477779423243;53.0737013060643
3986;5.45375364470965;73.2950937914029
3987;6.90360751464686;35.7978715691788
3988;7.64346208763527;43.0700937914116
3989;52.7181427589676;15.0694444444307
3990;29.6526535315388;3.03611111111968
3991;5.39444444444962;13.2194444444431
3992;5.38026746568357;13.0999999999876
3993;6.88415307744799;24.2583333333314
3994;59.5200937913978;55.330555555538
3995;17.7062049025335;33.0151875828269
3996;6.94509379141527;13.1098124171622
3997;9.12197095206648;3.02287156918464
3998;6.75833333333139;35.9555555555453
3999;39.2636250752876;43.1555555555387
4000;6.75685424949552;53.0888888888767
4001;54.0192017806803;25.3277777777803
4002;14.202631879376;44.9472222222139
4003;14.4638888888876;3.02222222221826
4004;26.9196043360353;13.1382395419278
4005;50.6595511156556;55.4416666666584
4006;5.41879509747378;35.209812417168
4007;49.6349119583647;75.5555555555511
4008;36.1497391016164;74.8687950974781
4009;6.83057967873174;45.5722222222248
4010;48.1509202309389;3.03740980504517
4011;15.1799062085847;33.1388888888978
4012;5.41323954192558;93.3799062085782
4013;5.41388888888832;13.0839826803021
4014;52.3833528951473;63.3374098050554
4015;6.95576960961989;23.0596320272743
4016;6.81879509747887;45.8117604580802
4017;6.80354969502878;65.6173160136314
4018;81.4023041005566;3.01111111110731
4019;6.76993081502224;53.2645382358496
4020;73.1972751588073;35.3160173196811
4021;95.7499999999891;13.0429653605897
4022;6.79722222221972;55.1978715691657
4023;40.4859313584493;3.01111111111459
4024;23.674079480028;34.8333333333285
4025;6.75644230408579;53.2882395419401
4026;17.4331700635084;35.5465728752461
4027;75.3468351579286;23.2021284308175
4028;5.41290988625042;63.2867604580752
4029;6.78055555552783;25.4874098050495
4030;5.43676045806569;25.778427124751
4031;16.0083333333314;55.5284271247147
4032;16.1555555555533;45.3910173196964
4033;30.7050916209337;35.3747258186813
4034;62.0302984759437;24.7367604580832
4035;34.5447012023506;33.1361111111037
4036;6.96531550803775;43.2846320272693
4037;5.40342712471465;25.8675901949537
4038;6.75637095413913;13.0854617641417
4039;5.42477104477075;23.1256493469664
4040;52.5288814666965;24.7228715691854
4041;52.7161929894355;23.0645382358525
4042;58.7856221250986;63.265093791415
4043;39.4629653605989;75.5604617641366
4044;6.77990620859055;44.9437950974716
4045;6.875;126.360281374207
4046;30.2740629150867;55.2144444444348
4047;12.9138888888883;13.0444444444438
4048;6.75277777777956;33.2388888888781
4049;34.1451940012194;55.1080591520185
4050;6.80490620858473;43.2867604580606
4051;6.875;14.9840764717264
4052;6.7957431383802;63.0534271247343
4053;6.99341431759603;53.1617604580679
4054;6.2556493469674;3.00620490252186
4055;77.9193506530282;65.1913924853434
4056;6.81183556176256;15.0074098050645
4057;83.2290764717072;35.3574098050522
4058;15.1719963274008;15.6222222222241
4059;93.9545812684009;43.3713924853619
4060;42.9967711351928;23.1777777777752
4061;62.6087084989849;73.2296320272726
4062;6.83796536062073;3.02287156919556
4063;8.31861470758304;33.3055555555547
4064;6.76388888888687;3.0444444444438
4065;23.5900937914303;46.062409805043
4066;54.9110096024633;14.9562049025153
4067;6.80212843080881;23.2957431383802
4068;8.35277777777446;53.2068542494817
4069;10.7611111111073;45.5805555555453
4070;50.2247258187017;65.1444444444314
4071;6.79551122194607;63.4555555555453
4072;21.4346320272671;43.1882395419125
4073;5.40833333333649;35.7012986939262
4074;67.0475973878783;53.2186147075554
4075;19.6916666666621;43.2241702631218
4076;6.75277777777956;53.2119408479848
4077;88.1822626741487;36.0764790838439
4078;6.96051405122853;65.4153679727315
4079;5.38011457869652;63.1653679727315
4080;8.26861470756558;65.1888888888825
4081;57.8262986939189;35.7715728752519
4082;6.78759019495192;43.3444444444431
4083;18.1164862767582;26.0027777777796
4084;48.8727052258728;33.0910173197008
4085;6.81111111110295;13.0888888888876
4086;10.9474026121316;25.7395382358445
4087;45.5196248343564;33.1950937914007
4088;19.8414153965095;25.6444444444423
4089;25.9867604580722;33.2117604580744
4090;20.472222222219;84.9702741813162
4091;6.80833333332339;23.0888888888876
4092;19.4978715691868;44.9944444444372
4093;22.792138530549;13.4333333333379
4094;14.5154045161726;65.9222222222161
4095;11.187091069849;133.66731601362
4096;5.39722222222917;13.0888888888876
4097;8.23888888888177;54.9277777777679
4098;5.40277777777374;15.3999999999942
4099;6.89444444444234;75.3395382358431
4100;5.42352941176432;35.3923160136292
4101;90.4337140057796;53.1611111111015
4102;28.1091117487595;55.1228715691796
4103;22.5222222222183;13.0312049025233
4104;98.5086848127976;43.1694444444365
4105;6.75555555555547;55.3527777777635
4106;5.43173611111706;76.4194444444329
4107;5.39387089518277;53.0944444444322
4108;6.7861111111124;14.7895382358511
4109;5.41972386587804;25.3083333333307
4110;66.6057317819505;25.5222222222255
4111;31.4200937914065;44.9527777777803
4112;29.0117604580737;63.2583333333314
4113;94.6617608886409;25.9132395419256
4114;43.194444444438;45.8799062085891
4115;19.3555555555504;34.3722222222168
4116;26.6122943166993;63.1478715691883
4117;6.75555555555911;4.90722222222394
4118;5.45164688261502;33.179076471708
4119;6.75935616221977;33.1861111111139
4120;67.89225499233;43.2549062085818
4121;7.625;13.0499999999884
4122;19.3068542494875;45.8145382358525
4123;67.8653151149156;35.0923160136226
4124;14.3844444444294;25.1749999999956
4125;25.0805555555526;43.1638888888774
4126;5.39883618575914;23.1081529434341
4127;74.1111111111022;23.4500000000007
4128;6.78888888888832;23.0472222222197
4129;6.75672815322469;76.0514790838279
4130;6.92055648091991;53.1416666666519
4131;60.7271284308044;53.2388888888781
4132;25.0062049025255;44.936760458073
4133;33.8027876730594;53.3262986939262
4134;5.40537988580763;54.8805555555664
4135;5.39444444442779;23.0645382358525
4136;15.3194444444525;95.6711111110999
4137;56.4909307211965;45.1645382358583
4138;6.9111111111124;35.7147186257498
4139;25.0812049025299;25.5021284308095
4140;50.5068542494919;35.1784271247416
4141;49.6624098050488;15.062409805043
4142;48.0453017755135;15.4361111111066
4143;27.7459235282877;44.627777777765
4144;6.75655689951236;25.9089826803029
4145;48.3584858387658;5.31796536060574
4146;78.2673160136328;23.0651875828298
4147;7.14444444444598;43.1540764717065
4148;34.9352516680519;13.3576839863599
4149;8.29166666665697;64.8034271247307
4150;25.3740420002468;85.6326839863541
4151;56.0271068314796;73.2107503313055
4152;33.4515441092517;43.4679653605963
4153;5.375;63.3839826802978
4154;28.6243506530227;65.4153679727206
4155;18.3164841835933;23.0516594737346
4156;6.7861111111124;45.8660173196877
4157;35.3316037755685;76.2923160136306
4158;28.557092923169;46.0333333333365
4159;67.9605298727402;53.1173160136314
4160;6.78489640888074;83.1728715691861
4161;43.2991942491171;53.222222222219
4162;8.3339826802985;45.7078643762543
4163;6.78479520060864;5.07074313837802
4164;32.4527777777766;13.0361111111051
4165;8.20732320656316;45.7395382358445
4166;17.0578045380826;73.1861111111139
4167;21.7055555555562;33.2083333333321
4168;38.7619876145109;65.661471890915
4169;5.375;43.2487013060745
4170;5.37761189154844;43.2743506530387
4171;6.78611111110877;15.6283333333304
4172;65.0309002773756;76.1111111111059
4173;56.2916666666679;23.304906208592
4174;25.6978715691912;4.57842712473575
4175;54.2335296122801;25.5869408479812
4176;55.0171229406442;93.6375901949505
4177;49.0382395419219;4.83555555555722
4178;31.8800151748328;4.62990620859273
4179;79.9764475808624;45.8633333333382
4180;38.9875901949745;25.0256493469606
4181;74.3239610581222;76.0299062085833
4182;13.0511448369543;65.9619408479848
4183;61.2361036422917;23.2672222222172
4184;36.4207534960697;54.850649346954
4185;33.4230519590928;5.29444444444744
4186;22.4290693151888;54.8416666666635
4187;5.375;55.6985068153481
4188;12.235732203495;25.6666666666642
4189;5.39595481802826;75.5755555555479
4190;82.3752742109427;65.9505555555588
4191;46.9543512488999;63.7262049025157
4192;17.0361111111124;23.1694444444402
4193;34.841954404601;65.2355555555514
4194;25.2271284308154;23.1061111111048
4195;51.5744444444463;45.2972222222197
4196;5.41666666666424;5.52722222222292
4197;5.41888888888934;75.7762049025187
4198;8.54066372212037;43.1796320272661
4199;6.75549071649584;25.0272222222156
4200;19.3805555555591;65.6650937914019
4201;22.0699999999961;43.230555555554
4202;6.80833333333067;73.1645382358474
4203;15.4194444444438;54.9772222222127
4204;88.4085591464136;25.6487950974697
4205;6.79283395905077;65.941111111104
4206;39.2706493469632;35.0293506530215
4207;6.93331528690396;25.0472222222197
4208;14.1621319968108;25.8249999999935
4209;24.0914852998139;23.0444444444438
4210;34.6022222222127;63.3571284308018
4211;7.71823954191495;73.2223160136273
4212;10.5104617641337;35.4043506530252
4213;45.7484271247486;25.6624098050488
4214;13.9227777777778;45.4473160136222
4215;30.9744444444405;35.711111111108
4216;15.6116666666712;44.5084271247397
4217;44.310637092025;44.828427124743
4218;5.38611111110731;35.2465728752431
4219;33.6807886866409;25.7139826802995
4220;24.7994444444375;3.0076839863541
4221;32.8870369186297;35.1132395419154
4222;48.171415396504;35.2576839863541
4223;27.4214153965077;73.1549062085796
4224;12.1277777777759;95.7139826803032
4225;40.146733370384;4.5805555555562
4226;10.5194444444387;55.9749999999949
4227;6.81549886964058;5.51582282900563
4228;6.80178453789267;75.4111111110942
4229;65.4843273699007;63.2638888888905
4230;42.0646797627451;33.0799062085825
4231;6.79657287524969;43.1777777777752
4232;39.0121269526062;15.9062049025233
4233;7.05620490252841;95.283982680292
4234;6.8382395419103;23.1132395419154
4235;9.38759019494319;55.1611111111051
4236;75.553607514641;15.5444444444438
4237;5.40242126137673;43.1395382358496
4238;30.7235305504873;25.5861111111117
4239;5.4361111111175;43.268145750495
4240;6.8145382358598;13.9666666666708
4241;14.7848265179709;45.2965728752461
4242;35.2534271247459;35.6993506530271
4243;11.5525598170716;56.4715728752453
4244;21.5891160453248;93.7978715691897
4245;43.8555555555613;75.8923160136292
4246;6.875;116.308982680293
4247;7.02031424996676;43.0888888888876
4248;42.6493506530205;23.0521284308015
4249;49.2853177707475;15.1284271247496
4250;5.42842712475249;24.5361111111051
4251;6.86666666666861;23.0888888888876
4252;58.8433340032425;25.4284271247452
4253;80.7673160136255;14.87629869394
4254;58.7256493469686;44.7534271247423
4255;5.41323954191466;65.4228715691861
4256;114.272777777765;55.339538235854
4257;35.0027777777686;5.38333333333139
4258;6.27990620859055;33.0848124171716
4259;6.78268398636646;45.9278715691944
4260;5.41388888888832;5.22925686161761
4261;64.4276359625219;43.1187950974745
4262;6.75703463940226;5.4555555555562
4263;11.1485039605213;43.3820346393913
4264;81.513888888876;33.4055555555569
4265;6.90212843081099;43.304076471697
4266;5.39657287525915;53.2978715691825
4267;22.0410173196979;23.0743506530234
4268;74.607150613836;13.0568542494839
4269;5.39935065303507;15.1764790838424
4270;30.4111685144526;14.8820346393986
4271;6.90147908383733;65.8937950974723
4272;32.4712034593686;3.0444444444438
4273;9.91259019494464;43.1833333333307
4274;5.38888888888687;4.74222222221215
4275;21.3647186257658;43.1361111111109
4276;46.722222222219;45.7427849706983
4277;58.4787265047526;45.1596320272583
4278;6.97205273626241;15.3155483626288
4279;5.45703135404256;83.6275973878655
4280;44.5696248343484;34.9963924853364
4281;101.672998557078;43.2908369297802
4282;32.0235082431354;25.2424964035272
4283;36.7066738595859;33.1429653605919
4284;7.03570187146397;13.0352813742466
4285;34.0460282546592;15.2166666666635
4286;6.81323954191612;84.9983405262428
4287;5.375;43.231673859591
4288;5.375;25.4057359454455
4289;7.87224410807175;43.1418470565659
4290;6.79081693264743;43.1465728752482
4291;32.3362915010002;23.1720418323348
4292;31.2761183040348;25.6312049025219
4293;24.3955627484793;35.8305555555489
4294;22.1335025274711;25.1442640545465
4295;5.43394690072091;5.02582973686003
4296;5.375;33.1158369298028
4297;55.8950937914051;65.8248196101049
4298;21.9465728752584;35.8803751656524
4299;7.41682635335019;25.5888888888985
4300;7.16606539613349;3.0444444444438
4301;9.11370849898594;126.081204902512
4302;43.8049590429182;43.1895382358452
4303;10.1777777777788;56.4145382358474
4304;6.83701758613461;43.3901875828051
4305;11.9416666666766;65.8540764716963
4306;6.96518758284219;25.1777777777752
4307;6.84166666667807;23.1027777777745
4308;8.31500719294854;55.2284271247227
4309;67.114357845956;5.13333333333139
4310;5.42462236385109;13.1166666666686
4311;8.32842712471393;55.7666666666591
4312;31.1784271247307;43.1222222222023
4313;40.586111111108;23.0583333333307
4314;71.4759631881643;24.9089826802956
4315;5.39444444444962;14.9549062085898
4316;6.90555555555693;3.0444444444438
4317;85.8084963097135;33.1166666666577
4318;53.0564382535413;23.222222222219
4319;41.2841738536335;35.2668470565659
4320;15.2199999999866;33.0923160136299
4321;36.3326839863585;73.2256493469722
4322;45.8955084935224;45.6895382358598
4323;5.42499999999563;25.0762049025143
4324;23.6757979138783;33.1846320272634
4325;5.41111111111604;75.8256493469598
4326;5.40369590393311;55.3327777777886
4327;47.2940615460575;25.8666666666722
4328;28.7333333333263;45.1284271247423
4329;29.6091430412562;4.80555555555111
4330;7.05064934696566;33.1138888888818
4331;66.732409805034;43.1799062085847
4332;6.78829865376247;45.5099062085756
4333;12.2053900112114;53.163239541911
4334;13.6015728752609;45.2660173196964
4335;50.4826718242039;23.1055555555504
4336;43.2973802625165;55.9249999999884
4337;63.0444444444402;55.2123160136034
4338;6.78888888889196;25.041666666657
4339;30.7965728752424;15.2477777777785
4340;6.75277777777956;63.503427124735
4341;102.480555555539;45.7611111111219
4342;67.0418087251455;55.2277777777708
4343;18.1357373885949;13.0444444444438
4344;56.8304617641261;43.2938888889075
4345;10.0758824780642;5.40888888886911
4346;10.5588888888742;35.8099062086112
4347;60.7236432941972;106.061111111096
4348;6.875;25.6694444444438
4349;6.87620490249901;35.5521284308124
4350;7.34444444445035;55.5737950974944
4351;15.3076839863752;43.0849062085981
4352;34.0984428993361;5.46731601362626
4353;18.5006493469809;35.5694444444525
4354;138.738913495094;85.3765728752587
4355;6.76666666667734;43.2160173196862
4356;5.375;35.1771284308088
4357;49.8868664758265;53.3722222222059
4358;28.23703463942;35.9354617641366
4359;44.2472222222277;35.0117604580846
4360;25.5777777777694;33.138888888876
4361;30.8200937914044;44.9660173196935
4362;6.77777777778465;63.4855555555587
4363;102.527528175044;45.2339826803036
4364;6.78120490252331;25.0950937914167
4365;6.75277777777592;43.2040764717094
4366;77.4461897372748;35.0394444444355
4367;5.39657287525552;25.1526839863582
4368;50.5333333333328;15.9166666666679
4369;14.8117604580766;65.4067604580741
4370;45.9610201678333;35.6062049025168
4371;22.5034271247532;83.3277777777657
4372;44.3916666666628;45.5734271247384
4373;50.9400324578346;73.6006493469649
4374;5.39166666666279;33.0887950974648
4375;40.1168616315808;23.1561111111041
4376;43.8124804267827;53.1138888888781
4377;7.67564934697293;3.0444444444438
4378;6.80536998307434;65.691111111104
4379;6.86611111111051;15.3305555555562
4380;7.83438045873845;25.625
4381;107.330555555542;35.6277777777759
4382;75.2550878562979;45.3055555555511
4383;63.7756493469533;23.0478715691861
4384;57.4249999999884;23.2166666666635
4385;6.875;14.961111111108
4386;6.83611111110076;63.1805555555511
4387;6.7787750953139;124.313888888879
4388;9.9194444444438;33.1194444444445
4389;6.92499999999927;4.88676045807733
4390;59.1260396236794;73.194444444438
4391;79.7034262118905;44.1166666666686
4392;55.1585286028494;35.8388888888912
4393;18.0440134005439;33.1117604580832
4394;16.9861111111059;54.7220418323159
4395;5.375;23.3256493469707
4396;43.2226128893162;55.3333333333248
4397;90.4354617641293;25.6555555555606
4398;14.6420647434752;45.4186147075707
4399;5.4194444444438;45.1487013060578
4400;64.8339826802912;65.5609307212035
4401;22.2852813742429;84.7942640545371
4402;5.38562805331821;45.0833333333321
4403;15.0040764717269;13.0444444444438
4404;16.0686147075903;35.2006493469671
4405;13.2869408479746;53.0795595294985
4406;6.8408369298013;43.0444444444438
4407;6.91388888888832;25.8694444444445
4408;37.516536996045;35.3166666666584
4409;5.375;25.3111111111066
4410;6.79622724432193;53.3339826802985
4411;86.2734447887924;5.01944444445326
4412;25.7613910422006;53.3249999999935
4413;18.0472222222197;35.7472222222241
4414;6.78888888888832;4.69231601363572
4415;6.88055555555184;73.3972222222183
4416;29.1936147075903;13.0888888888876
4417;30.8027777777752;85.0825035964626
4418;37.2132395419176;23.0777777777803
4419;5.39472167862186;53.5227777777727
4420;82.2330720835889;55.5783333333238
4421;16.8835069444431;45.6367604580773
4422;34.75;13.0949999999975
4423;24.0388888888883;35.6444444444387
4424;17.9880815016259;33.5188888888842
4425;63.0999999999949;45.4866666666603
4426;7.00361326442726;23.3611111111022
4427;6.17222222221972;65.5423160136233
4428;30.8581576635879;13.0888888888876
4429;28.8500420625351;54.774444444447
4430;6.86823954192369;55.021111111113
4431;11.2443307559697;95.6249999999891
4432;6.78120490251968;36.5472222222197
4433;64.1913640293933;23.0861111111117
4434;5.38888888888323;4.95212843080299
4435;6.8784271247423;16.0728715691803
4436;5.45009379141266;23.2985209161561
4437;5.375;45.3138888888861
4438;52.3680409795052;25.4956493469508
4439;6.78888888888832;43.229906208584
4440;49.0741413479846;25.6916666666621
4441;68.3021273309714;43.2728715691846
4442;94.3981515002779;73.197222222203
4443;16.7784271247401;33.1663639988001
4444;33.3137482936218;46.1348124171709
4445;6.77222222221462;15.2722222222183
4446;16.4379426798041;43.1885862210183
4447;5.37748069567169;33.0628928628103
4448;50.8640866218193;43.2148849149489
4449;21.2018210899332;3.02499999999418
4450;5.41536797273875;43.2749999999942
4451;6.79414177658691;75.2844444444418
4452;5.41920088227926;63.3764790838359
4453;76.0292568616096;63.3148124171676
4454;6.1694444444438;25.6151875828218
4455;16.8125248900869;74.4591630702052
4456;62.4742499791209;13.0955768491876
4457;7.9697758943912;4.76009379141033
4458;6.9111111111124;3.03018758282633
4459;6.20442315081891;55.819444444438
4460;70.8213584985133;63.2912986939336
4461;7.05683957610745;35.6684271247432
4462;6.8233546269621;55.2107431383774
4463;60.6323361935247;33.1613924853373
4464;8.3392082662358;5.7203679727354
4465;6.83595972126932;35.2416666666686
4466;8.35277777777083;15.1555555555569
4467;6.79685424948184;15.4500000000007
4468;5.375;63.1489101825173
4469;5.38013845785099;33.0764790838366
4470;37.8212049025169;53.3237013060607
4471;68.1604751969498;43.3100937914023
4472;7.68268398636428;3.04379509747014
4473;22.531479083842;3.03740980505245
4474;6.76716072078852;33.061760458073
4475;50.9756493469577;84.3434271247279
4476;6.875;53.1873160136165
4477;5.40407647171378;23.2416666666577
4478;31.0367604580752;35.1653679727242
4479;5.41162726213588;25.5403679727242
4480;6.79363797110636;25.3450937914095
4481;14.6052231835383;33.0666666666621
4482;6.93795093231893;23.0882395419176
4483;8.39018758282327;35.8487013060476
4484;25.4777777777817;43.424350653022
4485;5.42036414356335;53.1292568616045
4486;6.79953296625536;25.3521284308044
4487;8.29166666666424;3.0194444444387
4488;39.8423160136226;33.0611111111066
4489;6.82157287524387;15.7083333333358
4490;5.375;3.0194444444387
4491;46.1972222222284;43.1395382358678
4492;59.121737059435;53.2722222222073
4493;15.4305555555693;53.0882395418921
4494;6.9111111111124;5.7138888888876
4495;54.5792568616016;55.7984271247151
4496;37.0931457504921;25.5388888888883
4497;31.7848265183748;103.361760458076
4498;5.37953052574085;33.1268542494763
4499;9.98611111110222;55.694444444438
4500;8.3965728752446;64.9777777777635
4501;30.2416666666577;65.7826839863301
4502;6.90555555554602;33.1333333333314
4503;48.6026777309162;55.2472222222132
4504;6.84722222221899;25.3138888888825
4505;22.0374098050925;53.1777777777643
4506;87.9026077363669;23.1499999999942
4507;65.2308654807748;15.3971284308027
4508;5.37758250825209;36.1472222222183
4509;8.31166666666104;33.132128430796
4510;56.518145750495;55.5125901948959
4511;33.8862049025229;53.5027777777759
4512;6.89166666665915;13.0666666666584
4513;110.70365309545;45.0277777777737
4514;29.316643698472;35.4194444444365
4515;41.2830953684825;33.0638888888752
4516;5.37752650762195;43.188333333328
4517;5.4555555555562;55.6805555555438
4518;5.41723356008879;45.6527777777701
4519;55.0414909969149;53.1333333333314
4520;5.44166666665842;43.2138888888803
4521;5.46111111111531;25.819444444438
4522;91.848767976222;33.1749999999993
4523;5.42157287524606;83.5083333333241
4524;55.8525198213974;23.0805555555562
4525;33.7972222222124;5.14166666666279
4526;6.79355699191365;15.6562049025233
4527;30.058333333327;45.3666666666686
4528;36.8459235282753;34.933982680297
4529;18.8576839863599;35.2485209161568
4530;45.8021284308015;35.6957431383744
4531;44.9985209161459;23.1111111111059
4532;6.77352091616558;15.0944444444431
4533;35.3132395419161;45.229906208584
4534;31.7601341986338;16.0851875828193
4535;6.875;45.2694444444387
4536;36.3920512389959;53.1598124171687
4537;5.41046176414966;13.0444444444438
4538;5.38759019495774;43.0312049025124
4539;13.8382395419248;35.1037013060668
4540;28.012244933594;43.0681457505052
4541;40.1222222222132;93.4416666666584
4542;20.5152020864989;45.0910173196862
4543;85.1223753280756;33.1333333333314
4544;5.38611111110731;44.7416666666613
4545;33.1918709794118;23.1166666666577
4546;10.9397236992772;53.4416666666584
4547;6.875;65.4388888888789
4548;6.79387935942577;25.3965728752482
4549;5.375;53.2361111110986
4550;6.82295608069035;73.4527777777694
4551;6.82777777778392;45.1416666666591
4552;118.588888888866;73.2199999999866
4553;17.1255763952286;63.3157431383697
4554;12.8624098050495;13.0444444444438
4555;9.82009379141891;15.3712986939354
4556;6.875;3.0444444444438
4557;50.2083333333248;33.2790764717174
4558;8.24787156919047;83.7518542494872
4559;6.7960954419068;74.2699999999822
4560;40.3799714397683;33.0800000000017
4561;30.4993506530263;13.0518542494938
4562;45.1221169752716;63.2314862767562
4563;6.83501330477156;3.0444444444438
4564;13.5888888888876;25.1131457505035
4565;5.38518758281862;23.1416666666701
4566;85.191662503119;53.1633333333302
4567;83.337965360588;43.1305555555518
4568;5.37759857188939;33.111666666664
4569;5.4086212750517;75.0879653606025
4570;35.4833333333299;33.3965728752519
4571;6.79892599539744;33.0672222222202
4572;41.4905394322523;5.66536797273511
4573;6.99589913269665;35.511760458081
4574;20.3694444444409;65.0957431383722
4575;14.8543506530332;23.0333333333328
4576;97.1775457573349;45.2284271247408
4577;93.1539826802837;35.1694444444438
4578;39.8700937914109;63.4555555555562
4579;20.0414153965103;25.0687950974789
4580;95.6308626224854;43.1423160136292
4581;8.30685424948388;25.851298693924
4582;32.1555555555533;85.1675901949457
4583;13.999789044592;73.4839826803
4584;38.1096499614796;64.5978715691854
4585;117.568220335714;4.81536797273293
4586;6.8358598409468;35.0021284308132
4587;38.8444444444358;45.584632027254
4588;81.5058572618073;45.979906208584
4589;33.3340296371862;75.8068542494802
4590;38.659632027262;35.7790764716992
4591;34.7694444444387;55.4040764717029
4592;77.5197641306622;4.62629869393277
4593;119.517490979855;45.6576839863701
4594;93.5108056857389;73.7311111111012
4595;71.3188089793985;35.1617604580715
4596;79.1395382358496;33.1138888888891
4597;5.375;3.0410173197015
4598;38.2996336462202;45.5367604580642
4599;33.4692828183179;45.5487013060665
4600;37.0715728752475;35.5104617641409
4601;43.9216700268553;35.4610173196961
4602;5.39912873451613;25.9631457505056
4603;33.8858593338227;75.3860173196845
4604;6.19435065302605;23.0707431383671
4605;60.2052746985937;13.0444444444438
4606;5.41550334803469;5.42703463941507
4607;5.42981961009355;63.0959235282935
4608;5.40884198279673;23.0562986939221
4609;5.41314575051729;43.3930519590904
4610;76.6472222222183;33.0700937914153
4611;7.0140798349712;43.3826839863832
4612;6.76850908166671;73.2244444444405
4613;6.82425686162969;15.3466666666754
4614;21.5681457504797;5.59157287524067
4615;5.40759019496181;14.8410173197008
4616;65.095058572977;23.069444444438
4617;37.6194444444482;63.1917604580849
4618;5.37759613005619;25.1006493469649
4619;6.7675096396124;53.1478715691846
4620;39.7076839863694;75.9088888888691
4621;39.647406652206;33.3295382358374
4622;5.40379509749255;3.0444444444438
4623;17.8005822889099;53.3485209161481
4624;5.375;33.0693506530188
4625;15.615555555527;14.9978715691905
4626;5.40287156919294;25.7767604580586
4627;59.2963585459947;53.1667604580907
4628;26.5098047304818;5.34064934695562
4629;12.5050000000119;44.791666666657
4630;6.88722222221259;93.851111111122
4631;37.7533333333231;33.1549062085833
4632;38.0866666666552;43.674350653022
4633;6.82591816504282;75.6027777777745
4634;5.43980981158529;43.152777777781
4635;5.38962362776874;65.5683986383083
4636;5.42990620858473;25.0916666666635
4637;54.3868619822169;15.5222222222255
4638;6.90398590218683;13.0654902505994
4639;6.99268398637651;43.1190194987903
4640;14.9777777777745;33.1361111111073
4641;5.41371321914994;53.0861111111117
4642;19.8972222222183;103.360000000004
4643;118.990433277708;5.41666666667879
4644;6.75277777777956;35.7388888888818
4645;54.2944444444438;5.63888888889778
4646;90.05111111113;93.5346320272693
4647;46.2089826802985;53.3416666666526
4648;6.77245722016596;54.3506493469649
4649;6.75699328444534;4.82352091615758
4650;13.4396691099719;25.1499999999942
4651;54.981041926123;3.0444444444438
4652;99.4229936281918;23.1450937914196
4653;5.377777777765;76.089538235854
4654;24.0700050286796;23.1228715692014
4655;5.39999999999418;23.2006493469817
4656;63.0645382358598;25.1666666666679
4657;51.6111111111059;53.4867604580795
4658;5.38888888888687;3.0444444444438
4659;92.0161678542572;53.0916666666635
4660;6.87214439218587;83.8249999999898
4661;107.259598585297;15.4014790838228
4662;65.61944444443;25.0366666666559
4663;21.556204902532;44.7777777777701
4664;20.8344520117753;24.2799062085651
4665;6.18055555556566;3.0444444444438
4666;6.92483837387408;33.1243506530191
4667;46.0276058873278;25.1212986939281
4668;6.89722222221826;3.01796536062102
4669;82.0502837907516;25.3373160136325
4670;19.1320346393732;55.1749999999884
4671;43.2049037109064;45.4942640545523
4672;8.26388888887595;45.5797258186976
4673;28.3859565909406;45.5235209161729
4674;6.91731601364154;4.99722222222408
4675;5.37907647173779;63.2540764717232
4676;6.9346320272889;33.0499999999884
4677;6.7944444444438;15.3722222222241
4678;118.37653955926;53.1416666666628
4679;42.8333333333248;23.0888888888876
4680;14.1700937914102;3.01111111110731
4681;5.375;23.1305555555555
4682;11.1132395419227;53.533427124763
4683;48.6658369297948;35.1521284308074
4684;8.48030087704683;43.1416666666737
4685;6.90564934698341;3.0444444444438
4686;6.90277777778465;55.514538235846
4687;6.875;75.6320346393732
4688;15.6583597286699;43.1790764717152
4689;28.8160173196957;35.6151875828255
4690;12.5722222222212;44.7611111110964
4691;6.79218141745878;45.9194444444365
4692;58.0829461134417;34.6666666666606
4693;5.375;15.4610173197034
4694;6.93839868283976;3.02990620857963
4695;33.1611111111015;13.1271284307986
4696;12.1389033866726;55.4978715691905
4697;70.4319200348327;63.2923160136343
4698;30.2114549757534;25.0756493469598
4699;17.1096320272554;33.1916666666621
4700;6.78524559467041;95.8895382358423
4701;47.9006493469824;93.5019480408846
4702;55.8305555555526;55.4271284308124
4703;5.39509379140873;14.9540764717094
4704;6.8944444444387;43.1132110554827
4705;6.84379509747305;5.11598883326224
4706;77.5944444444322;53.1539826802946
4707;45.4932046488502;3.0444444444438
4708;7.76731601362917;33.1666666666679
4709;34.6214316160222;103.368614707568
4710;53.9352813742371;14.8298777221571
4711;46.2735209161474;65.3270999443703
4712;33.8500000000058;55.1382395419241
4713;6.89722222221826;46.0416666666679
4714;5.40661948739216;34.7966666666653
4715;24.0140675299372;95.2249715135658
4716;6.76111111110731;33.0743221665944
4717;8.73823954191903;15.8006493469657
4718;10.5335494025931;5.67777777777519
4719;5.40833333333649;63.2444444444372
4720;85.2002787047022;53.1673160136233
4721;68.1513879640042;55.408982680292
4722;74.4716135628623;23.4591345837798
4723;15.6269146362174;14.8158654162144
4724;6.76842240759288;65.5375617085119
4725;63.4027777777737;23.0916666666635
4726;27.7771284308074;45.350801250439
4727;33.1920774337632;55.9728715691817
4728;25.2294560313676;64.9991987495523
4729;27.0576839863606;23.069444444438
4730;5.39166666666279;43.2563568059995
4731;5.43451728648506;56.0944444444431
4732;37.009355782975;34.9841345837813
4733;5.43943886917259;45.0249999999905
4734;92.7640405588427;25.8423160136299
4735;5.37745809155604;33.0284271247365
4736;5.375;33.2895382358547
4737;53.6337419675765;105.368117264068
4738;9.55475430511069;3.0444444444438
4739;32.0179938470319;34.8841345837754
4740;17.3964209717742;33.2347839307367
4741;31.4146901393251;5.50555555555547
4742;5.3784271247423;15.5117604580737
4743;6.88953823586053;23.058333333327
4744;83.0128529794347;43.1923160136248
4745;25.2785790282142;25.5339826802956
4746;11.6424951266999;3.01879509747232
4747;93.0798676083105;45.6228715691614
4748;21.4975171959632;23.1125901949345
4749;9.26924917491488;85.8277777777621
4750;18.1108420751771;43.2361111111131
4751;6.8145382358598;13.066017319692
4752;5.42750638561847;13.1130591520268
4753;8.24787156919047;35.3999999999942
4754;23.0805555555562;45.340187582824
4755;107.080191736921;33.1222222222132
4756;6.895093791416;65.925649346962
4757;20.4800600655508;5.04999999999563
4758;6.77222222222917;73.2555555555409
4759;6.79935065302561;95.8194444444234
4760;90.1877803833631;35.9540764717094
4761;6.875;3.0444444444438
4762;16.7858470772953;5.76111111110731
4763;37.6019308362957;25.2583333333314
4764;6.96944444443943;65.1999999999935
4765;72.1521284308001;23.307683986357
4766;6.2694444444387;55.4950937914073
4767;5.4117604580897;43.1416666666628
4768;6.78725927046617;63.2472222222132
4769;6.79935065302925;4.98120490252768
4770;62.5807381043778;33.3034271247379
4771;6.77695454187415;15.3862915010031
4772;21.4691759206398;25.375
4773;6.79968517581437;23.0375901949446
4774;11.6916666666657;95.2666666666519
4775;7.0784174061846;53.3173160136357
4776;66.0480861426586;43.1784271247452
4777;20.4499999999935;45.7325035964604
4778;6.84357867285144;33.1916666666548
4779;66.4921211883739;23.0145382358533
4780;6.88398268030869;73.1769480408984
4781;24.2015800385416;45.518145750495
4782;5.395093791416;84.142316013611
4783;41.1186147075714;3.03546176414602
4784;36.1786022474771;35.2305555555467
4785;28.9401875828189;45.9243506530183
4786;7.02761615165218;53.2333333333263
4787;6.77842712474012;53.2284271247372
4788;17.1472222222183;23.1478715691956
4789;6.80898268030069;44.3833333333314
4790;37.0985209161554;35.277777777781
4791;8.70898268030214;63.1762986939393
4792;5.4194444444438;23.1367604580846
4793;8.30387912617516;54.5027777777759
4794;21.1481472816849;13.2160173196971
4795;6.76323954191685;4.86666666666861
4796;59.1114110083945;45.1596320272693
4797;5.37759038318472;55.1166666666577
4798;18.2467538160963;65.6618542494834
4799;6.96564028366265;25.4493506530343
4800;8.293844289954;5.69101731969931
4801;6.82222222221753;4.86944444444453
4802;6.75490620858545;33.3138888888825
4803;50.2378012683839;83.8416666666526
4804;5.375;33.3416666666635
4805;39.4980816652715;23.0916666666635
4806;20.7604617641373;35.1423160136292
4807;5.39722222221826;63.3249999999898
4808;62.7337234216175;13.0423160136233
4809;33.4916666666577;133.48333333333
4810;28.0777777777694;63.3040764717007
4811;6.77712843080735;65.7346320272591
4812;30.8842174090096;45.2583333333314
4813;15.1805555555511;63.3756493469664
4814;14.5422222222223;15.3367604580635
4815;6.90000000000146;25.9666666666744
4816;6.86666666666861;43.1867604580693
4817;54.9642161328884;25.2895382358547
4818;23.1994444444354;35.7949999999983
4819;100.358982680304;93.4067604580669
4820;20.875;33.9388888888971
4821;60.3395382358467;23.1361111111219
4822;55.74935065303;25.0944444444431
4823;51.8656923089038;84.8105555555521
4824;6.87509379140101;5.10685424947951
4825;6.8278715691813;45.1999999999935
4826;6.87564934695183;15.5027777777759
4827;32.1036223942647;13.0444444444438
4828;6.75277777777592;43.2687950974869
4829;24.3826839863686;43.1867604580766
4830;48.6128215796889;5.14999999997963
4831;6.17435065304744;43.1333333333096
4832;73.3247966120507;23.0465728752679
4833;6.1854617641402;25.1459235282964
4834;74.1380174579608;35.5499999999956
4835;8.7313767929445;43.5444444444438
4836;15.3333333333321;35.1923160136321
4837;26.4605555555572;76.422222222227
4838;5.42419166723994;33.1749999999956
4839;13.4574919868101;35.5089826803014
4840;37.6749999999956;53.2805555555424
4841;30.4643578458999;15.0549062085738
4842;5.38308206317379;55.2972222222015
4843;5.43028201150446;43.0146320272725
4844;69.4355877191701;23.212590194933
4845;37.7980118680243;24.6388888888869
4846;44.1369931141307;25.6715728752279
4847;5.38921898315311;3.0444444444438
4848;34.9488285264633;53.2444444444263
4849;41.6753300118435;45.3181457504834
4850;5.39268665589407;65.5104617641118
4851;23.6747134261932;45.196572875222
4852;34.7750000000306;3.0444444444438
4853;6.94135719136102;25.415187582832
4854;6.98580096987644;85.5978715691599
4855;20.4968528063218;103.177777777746
4856;32.8181457504834;43.11028137424
4857;5.375;43.1833333333307
4858;54.2085604897402;13.0112915010068
4859;6.94852091616121;5.25537516565601
4860;21.3380695097003;25.482683986349
4861;26.6479910981943;56.1478715691956
4862;80.2509292780342;43.2304617641385
4863;7.07579192772391;33.1410173196855
4864;23.0382395419147;5.54314575050012
4865;64.2465728752359;65.7318542494868
4866;11.4988500931795;43.8722222222314
4867;28.8694444444336;13.0237013060469
4868;29.8076055917518;65.2549062085745
4869;17.3685789280025;65.1271284308168
4870;45.9507887655927;65.3756493469518
4871;29.5506493469693;45.1472222222146
4872;6.88888888888687;25.8588888888771
4873;19.3217265974854;75.4694444444285
4874;13.0214004482805;44.5249999999905
4875;19.4534271247321;65.4647186257353
4876;40.0312049025124;33.1139826803046
4877;12.4807359454426;4.49231601363499
4878;63.3775855533786;65.772871569181
4879;5.40611111110047;45.0200937914306
4880;10.6643578458497;76.2666666666519
4881;71.8846320272496;53.3367604580781
4882;5.40768398634464;55.782777777782
4883;58.9926361706457;65.4200937914247
4884;32.2340832714544;35.3111111111029
4885;29.6844239067868;23.0512986939502
4886;33.4957080539716;93.2305555555395
4887;6.875;24.7664862767924
4888;39.7181457504812;3.00277777777592
4889;71.784209315043;25.5735209161649
4890;20.2611111111109;55.552128430787
4891;83.463408068943;5.82564934698166
4892;21.2068542495035;34.8277777777694
4893;93.6104617641104;24.4514790838221
4894;21.1658670251563;13.9222222222306
4895;6.75277777777592;24.6491702631429
4896;20.3670229757372;43.808333333327
4897;66.6549999999952;3.0444444444438
4898;44.2687950974578;24.8352813742495
4899;37.8012554423221;23.7987013060447
4900;13.3375321170497;45.4055555555569
4901;36.2486506593377;55.497871569205
4902;6.83498751660227;23.0555555555511
4903;6.8305555555562;5.27777777778101
4904;6.75277777777956;65.5916666666635
4905;14.0355613053434;43.1408369298115
4906;5.38611111110731;36.0711039181588
4907;76.141486245393;73.4638888888876
4908;11.7472222222204;44.6630591520261
4909;113.045677245424;13.0576839863788
4910;76.8551197748639;65.4752741812918
4911;5.41646058503829;44.9250000000029
4912;23.847222222219;53.1852813742444
4913;38.8201085006222;55.7455627484997
4914;6.75277777777592;33.0444444444438
4915;6.88953823585325;45.1739898732412
4916;6.92091646233166;53.2470418323283
4917;10.1191702631331;15.5600071929439
4918;5.37564934696638;3.94278497073174
4919;14.737229415161;45.3050000000003
4920;5.37854696826253;23.0017676510251
4921;47.2408369297991;25.4478715691803
4922;8.30534220895788;3.0444444444438
4923;6.81259019495337;53.5651875828298
4924;53.2857392943588;33.1395382358496
4925;6.79722222221972;15.5230519590696
4926;6.875;13.0812049025371
4927;40.3181763699286;64.7638888888869
4928;41.3553751656655;53.2978715691788
4929;5.38030254249315;34.9305555555547
4930;18.3349362085282;33.2254689570982
4931;6.875;15.7816738596193
4932;5.40593072122647;3.03333333333285
4933;5.38989103374479;45.2083333333248
4934;17.2826839863483;33.0974026120857
4935;10.6382395419168;43.2484343177093
4936;6.80636549407427;24.9689754873398
4937;6.19953104290835;53.4308297368443
4938;35.8446296068505;45.8999999999942
4939;9.57712843079207;13.0715728752548
4940;6.90555555554238;3.01017319691164
4941;29.7523088206763;43.1805555555511
4942;6.7861111111124;15.068145750487
4943;6.76666666666279;23.097222222219
4944;5.39166666666279;35.2758441227925
4945;6.8388888888876;14.650288567238
4946;8.79999999999927;53.4349205944927
4947;38.4151875828247;24.3416666666708
4948;5.41958308808898;34.7147330116859
4949;10.149819722461;33.078333333342
4950;13.7366666666676;33.3200000000106
4951;15.8727777777785;5.29823954191306
4952;5.42316013641539;23.2243506530285
4953;5.42316013641539;113.971031705587
4954;5.40605482730098;43.089538235854
4955;6.75593791419669;95.3619552338932
4956;6.92600270222829;3.0444444444438
4957;13.7268794568736;23.0028715691733
4958;6.82362190057029;43.2665728752581
4959;6.94660817800104;13.0555555555693
4960;6.93930528774945;63.3447330116687
4961;6.90277777776646;103.736955233893
4962;125.139733011656;3.01657287525813
4963;87.3011843647364;23.0888888888876
4964;5.45203463940925;23.0418326707877
4965;26.2070346393884;14.3033549120155
4966;12.403809483385;25.6964790838429
4967;64.8010101269174;45.8194444444271
4968;64.0136330874593;23.1464790838472
4969;6.91388888889196;24.8166666666621
4970;6.90843431752;63.9472222222066
4971;97.7752309881434;13.0823303995458
4972;31.6916666666584;3.49166666666861
4973;6.86870130607349;75.9388888888716
4974;5.41944444443652;43.1361111111073
4975;8.48470369643474;33.1631457505173
4976;6.87777777776864;75.14592352826
4977;28.7392662255697;63.2603679727363
4978;6.83352839966028;93.5017676510688
4979;6.93811946123606;15.9214790838487
4980;5.43814575052238;23.722222222219
4981;5.39370130607858;33.1646320272521
4982;107.956189686847;65.1375901949323
4983;5.37924167253732;25.2083333333321
4984;27.1706637328498;23.0611111111066
4985;6.91084412277633;13.008333333335
4986;116.382590194935;33.2757431383652
4987;6.91666666666788;23.1146320272601
4988;50.28814575051;14.9583333333321
4989;6.84999999999127;83.4007431383507
4990;98.8410173196753;63.2282539277985
4991;5.41388888889196;25.1861111111066
4992;13.3638888888818;5.79722222221972
4993;46.6702869562796;23.2228715691781
4994;12.9422580462888;45.7700937914051
4995;5.39020947176687;33.2638888888869
4996;10.1361111111109;3.0444444444438
4997;6.19036797272565;23.1194444444445
4998;17.2083333333321;45.1555555555569
4999;5.37712843080953;15.3277777777948
5000;59.9754761500226;3.03268398635919
5001;7.03823954192194;65.1200937914109
5002;30.7254549922181;23.2138888888694
5003;5.39231601362189;93.3477055650037
5004;34.2916666666642;44.192150009465
5005;5.40342712475831;65.3199277872409
5006;29.2888888888883;25.6031673291473
5007;27.3200937913971;15.0042568616373
5008;9.82802804815219;35.2277777777708
5009;5.40619788939148;65.319444444438
5010;6.24444444444453;53.177128430827
5011;27.9034271247474;84.9187950974847
5012;11.5083333333132;83.1221284308194
5013;41.0089826802796;93.9276839863523
5014;6.80768398636064;13.2394444444471
5015;5.40416307023042;35.4325179822117
5016;6.94118332387734;53.1639611016471
5017;33.8177855387294;23.0889611016464
5018;9.42551626989007;34.9388888888825
5019;5.40219103754498;53.2456493469581
5020;6.82728429499184;5.46111111110804
5021;6.76118332387341;23.0367604580824
5022;7.43749640355236;35.4966666666696
5023;12.2577777777769;73.2105555555463
5024;12.5247487298366;35.9305555555402
5025;5.40555555554965;5.17722222223165
5026;55.6458297368881;33.0977777777625
5027;52.6723229475829;73.2438888888792
5028;17.6363106796089;3.0444444444438
5029;19.6005555555494;24.4966666666805
5030;6.23555555554776;65.633888888864
5031;68.0592472586686;55.039466023085
5032;35.2292568616031;74.7388888888709
5033;6.85055555554936;15.0089611016338
5034;6.77768398635817;43.2052091614678
5035;31.8079109226201;75.4333333333052
5036;17.1943722316901;35.278499337488
5037;5.38055555555911;13.0012986939328
5038;29.138795097464;25.9784993374888
5039;20.2089691815745;25.3521284308081
5040;54.512861469444;83.5628931478168
5041;40.9474476172545;43.3534271247408
5042;6.79664508800488;75.3012049025019
5043;6.7973942969511;15.7660173197037
5044;54.9079587364322;65.3728715691796
5045;12.9675686162955;4.13333333333139
5046;46.6730807306449;45.855649346955
5047;16.641951329002;65.0039826802677
5048;33.4899038725489;45.5170130607403
5049;34.7780596449302;45.2778715691857
5050;95.2290412666771;36.0169264622673
5051;6.81369361935867;35.6329437819695
5052;13.2565944538801;24.9777777777745
5053;6.8801660041936;23.1138888888818
5054;34.1778976563546;24.5916666666635
5055;12.4834993375189;25.5388888888883
5056;48.572734620484;33.1744444444448
5057;48.4005123982643;14.877388226414
5058;5.40039392942344;53.0305555555497
5059;5.37542579978981;43.3966666666711
5060;43.0249941730071;34.6527777777701
5061;6.98431135516512;53.1965006624705
5062;6.98880884152823;53.572056218025
5063;10.3994444444506;4.94722222222481
5064;6.78555555555795;43.36879509746
5065;30.6953773834612;44.6579437819601
5066;5.4108598409548;63.3134993375097
5067;26.4526964906327;55.9916666666504
5068;6.95836256838447;5.0361111111124
5069;6.89444444444598;63.8388888888767
5070;40.8166847534376;13.0444444444438
5071;56.0884993375148;53.5076839863541
5072;6.90082973687458;43.0972222222008
5073;40.1690548930674;15.5166666666628
5074;6.75536748136437;25.3527777777817
5075;51.0882395418994;33.1290764716978
5076;31.4444444444343;13.0111111111109
5077;23.1776077455615;13.0472222222234
5078;23.2752726078179;35.1777777777752
5079;17.1617523373352;56.0283333333282
5080;6.75277777777592;34.9361111110993
5081;22.7497314761968;13.0722222222212
5082;5.46068164298777;33.1583333333292
5083;8.16919317428619;55.0728715691839
5084;6.7944444444438;35.2222222222226
5085;26.7133333333331;23.1055555555504
5086;17.4944444444482;43.2361111110986
5087;6.76112117193043;13.0444444444438
5088;8.27222222222554;55.3666666666613
5089;5.44722222222845;85.2222222222226
5090;45.2263014613054;23.1638888888883
5091;11.181956829736;103.927777777768
5092;30.0567180251819;33.147222222211
5093;6.77140300367319;3.0444444444438
5094;29.3333333333394;55.7694444444242
5095;5.4333333333343;45.8305555555453
5096;6.90833333333649;34.6444444444351
5097;14.347222222219;45.3499999999949
5098;6.80523586932759;25.3027777777752
5099;6.79722222222335;34.7166666666635
5100;8.92109392897692;13.1410173196964
5101;28.1888888888861;76.3805555555446
5102;32.3777777777686;4.95833333332848
5103;25.2730031803731;86.0277777777555
5104;54.2604617641264;35.9999999999854
5105;29.2805555555606;55.0861111111153
5106;22.8164909969346;33.1777777777679
5107;6.31453823586708;75.1999999999862
5108;51.79477310734;23.088888888873
5109;27.0492202373316;25.4222222222197
5110;13.1873991610228;15.4722222222226
5111;66.5083333333278;24.9638888888912
5112;6.77500000000146;3.0444444444438
5113;10.2972222222197;93.4312049025102
5114;5.40833333332557;33.097222222219
5115;27.5444444444365;85.8784271247278
5116;5.46230337228553;35.1771284308525
5117;8.48888888889996;33.1888888888789
5118;52.9562049025044;25.2965728752642
5119;23.4500000000007;55.688239541927
5120;11.6743506530838;25.1722222222306
5121;32.8027777777752;3.0444444444438
5122;22.036354673266;43.2173160136299
5123;9.20110134834977;5.39101731972914
5124;6.8145382358598;33.4478715691912
5125;18.2367354830458;105.851298693935
5126;5.42342794507567;24.9367604580766
5127;5.42777777777883;53.2437950974854
5128;5.39166666666279;54.5138888888978
5129;48.8029387350653;63.4416666666693
5130;5.375;34.8950937913796
5131;108.295883082075;63.4124098050415
5132;16.4843402189654;3.0444444444438
5133;5.94166666670208;35.0200937914087
5134;11.3589826803036;53.1604617641715
5135;26.4846320272372;55.433982680297
5136;26.5499999999956;23.0950937914095
5137;14.1696298567949;15.8312049025226
5138;14.7026366669779;45.9450937914044
5139;36.8980687118201;56.1132395419227
5140;17.5444444444402;55.6589826802883
5141;6.2138888888876;65.9645382358467
5142;5.39314575053504;86.3867604580628
5143;11.7530635265248;45.8444444444431
5144;24.972871569189;55.2895382358438
5145;8.6888888888825;64.3166666666511
5146;6.75555555555547;15.6450937914051
5147;7.01096369088918;23.6666666666679
5148;26.6167444735438;63.2888888888774
5149;57.0729082967082;23.1341630702555
5150;75.9724564672288;36.0361111111088
5151;58.082503596419;43.3055555555475
5152;6.88777777778523;33.1400937914077
5153;29.5611111111066;35.4756493469577
5154;19.1172804287598;5.07990620858982
5155;27.1057760141011;55.0944444444394
5156;33.6790327129129;65.2089826802949
5157;5.39901281508355;35.7277777777708
5158;22.4694444444394;55.1650937914092
5159;22.8697015240396;13.0604617641402
5160;53.9580825693447;35.280555555546
5161;33.7227214927807;14.9888888888818
5162;5.38333333333139;65.5928715691844
5163;5.375;33.1826839863643
5164;65.6802976077925;54.9882395419118
5165;90.3590430407821;23.0428715691887
5166;27.2447147115163;25.6923160136284
5167;6.21166666666613;33.2432395419128
5168;7.15229140719748;35.823795097469
5169;28.8575083166215;35.1312049025182
5170;5.39444444444234;4.81018758282153
5171;10.6345382358559;55.5601875828179
5172;90.5950937914058;25.5462986939347
5173;25.8397243755353;46.1789826802924
5174;27.217871569188;45.8944444444387
5175;5.43062776316219;53.2333333333263
5176;25.9160173196869;25.597222222219
5177;6.8388888888876;14.7482395419138
5178;15.9859507501642;15.2117604580781
5179;35.1154617641332;64.5927777777579
5180;8.73672150810671;54.1699999999873
5181;77.3144908362774;3.0444444444438
5182;48.5744067773521;55.506111111099
5183;6.94020766618996;5.06953823586082
5184;20.518427124749;73.4188888888784
5185;44.9839504266347;25.3450937914095
5186;6.29055555554805;64.9116666666559
5187;10.4841107706852;63.2866666666559
5188;21.4418471046956;74.6043506530186
5189;5.38318142620847;55.8778715691806
5190;17.2582395419158;35.5950937914095
5191;59.8127403514882;73.5749062085779
5192;6.78620490252797;74.8949999999932
5193;36.7707910528916;13.0444444444438
5194;6.88082973694691;53.6087084989122
5195;5.4325997861597;53.1894444444479
5196;5.42222222222335;73.3033333333296
5197;27.1367604580737;45.2194444444431
5198;5.40271900605512;43.1255555555545
5199;38.1650937913982;3.0444444444438
5200;69.4545123649732;15.3172222222238
5201;5.42222222221972;45.867316013635
5202;5.375;43.2138888888876
5203;9.27937310037669;35.1972222222139
5204;5.40212843081463;25.135000000002
5205;41.0888888888803;66.0334271247411
5206;21.3582395419144;25.7516666666706
5207;5.45953823585296;53.131760458069
5208;37.8431515002776;53.307409805042
5209;14.9959292780513;3.32379509748716
5210;35.238168676151;23.4633333333404
5211;35.6244444444455;13.0777777777803
5212;45.5001767751382;24.0172222222245
5213;36.5321284308047;43.1632395419219
5214;5.42495015042005;45.6573160136249
5215;10.9978498760429;35.5916666666635
5216;17.7092753495817;25.9277777777643
5217;6.79978990391464;33.1333333333314
5218;22.7817604580632;55.9126839863748
5219;5.42205907720563;5.71546176416086
5220;51.0014784855848;23.1333333333314
5221;19.3664327531187;4.77620490250774
5222;5.38055555555547;15.779350653047
5223;5.375;45.4561111110888
5224;5.375;65.8450937913985
5225;50.7782951030786;43.1567604580596
5226;68.9739826802834;55.9200937914065
5227;26.6123160136194;53.2256493469613
5228;22.7428715691713;45.8999999999942
5229;102.795093791407;63.4032395418981
5230;22.5782031677081;25.9452813742428
5231;32.4228715691752;45.4335209161582
5232;53.4595382358348;45.6034271247408
5233;40.1474253953929;43.0532395419032
5234;52.8487690526163;33.2946320272713
5235;6.8278037344935;43.1910173196957
5236;6.875;33.1293578459372
5237;5.39259738782857;23.0469480409229
5238;27.9040993829003;74.7786147075749
5239;13.3969789481343;55.4974098050552
5240;5.38888888888687;13.0228715691846
5241;5.38101731969073;23.0444444444438
5242;41.9060173196958;105.234170263124
5243;5.38304684518516;43.4612986939428
5244;6.91878868604908;35.2651947756531
5245;5.43799245624905;23.0229581677086
5246;58.3834103529516;65.7392640545295
5247;6.93564934698225;25.5122222221908
5248;57.8445983014026;5.83611111111168
5249;5.37789584647544;45.069444444438
5250;23.3413924853667;33.1111111111059
5251;6.875;43.1758225440499
5252;5.39467697581131;93.6166666666504
5253;95.2625973878421;25.504992807204
5254;35.7472222222132;14.9663058867372
5255;6.79963922008392;55.1336941132577
5256;25.7320418323106;45.3703607799289
5257;26.1164790838156;83.2992496687948
5258;45.1521284307964;14.7588888888858
5259;6.85277777777446;66.1487879046654
5260;30.080249049799;15.3854545713439
5261;37.8452669884937;24.7765656824522
5262;6.96040047181668;33.3783333333304
5263;10.8799062085855;15.3088888888742
5264;81.4020418322798;13.1860173196837
5265;35.4523863871691;76.1986941132418
5266;52.9977173757543;83.1870274465873
5267;41.1509163354858;25.8323232064286
5268;67.051342329094;25.8644444444362
5269;52.4042568617042;24.9583333333358
5270;115.028887861372;15.4305555555511
5271;12.1186842443858;33.1972222222248
5272;6.76935065301586;25.5722222222248
5273;7.46851855592104;15.5916666666672
5274;9.26666666666279;85.4076767935439
5275;63.1798990157804;45.0805555555562
5276;53.6788412179558;13.1583333333183
5277;6.76582586758377;3.0444444444438
5278;6.93610433924914;25.0888888888876
5279;6.78217351824787;33.3249999999789
5280;55.9923695308971;33.1311111111063
5281;51.9028715691929;66.0888888888585
5282;6.80210396039547;96.2616666666363
5283;35.6210302669278;54.569444444438
5284;6.92212843078232;5.28000000000975
5285;5.37777777778683;73.2477777777494
5286;5.41945830994155;83.2644444444122
5287;8.24787156919047;4.34166666667079
5288;29.4547404380864;5.64111111111197
5289;36.5366666666341;75.2033333332984
5290;5.41046176414602;3.0444444444438
5291;122.737676793538;13.0145382358533
5292;35.2450937914109;23.0205555555403
5293;21.9858300745145;43.1749999999884
5294;73.564538235838;44.8477777777698
5295;38.384041394318;5.10342712474085
5296;5.37770845436171;45.9848124171585
5297;22.3142219118999;35.5104617641264
5298;36.5173868138627;53.2415728752421
5299;5.39092352828084;73.1353679727144
5300;36.2894592939047;43.1162049025224
5301;37.8317604580661;43.2500937914192
5302;10.4033333333246;4.96185424949363
5303;6.99579958795584;43.2312986939287
5304;11.5521284308052;43.0916666666635
5305;6.88898268031699;96.3789826802822
5306;43.5975902245882;44.7360173196867
5307;6.75277777777592;23.0888888888876
5308;6.79722222221972;35.1360173196917
5309;44.872777777764;35.318795097468
5310;41.0308002428173;15.6333333333314
5311;51.9618542494936;95.4479653606104
5312;6.76334307832803;45.1694444444438
5313;29.6656339992842;3.0444444444438
5314;42.7004833494611;83.2387013060506
5315;48.3270180648251;23.0507431383776
5316;73.0060173196871;35.6694444444438
5317;29.2377513689935;65.4526839863538
5318;5.38805195908571;85.8699062085725
5319;25.7312972507825;15.5800000000017
5320;103.690315386983;25.5055555555482
5321;6.79771950744544;24.7276839864171
5322;62.1916666666621;23.0444444444438
5323;66.2859235282704;54.7717604580757
5324;38.8234271247493;3.0444444444438
5325;57.4941406500766;45.1821284307916
5326;6.89166666666279;5.26740980500108
5327;55.2012465357693;3.0444444444438
5328;6.93284797829256;43.1611111111051
5329;6.19860751469605;85.3173160136284
5330;63.8667165059269;33.195093791408
5331;5.44444444443798;35.2638888888941
5332;14.972222222219;15.1138888888818
5333;7.50416307025807;64.8950937914051
5334;8.28333333332557;43.2529653605416
5335;6.78333333333649;35.1138888888818
5336;17.2638888888869;33.1728715691897
5337;29.7612986938766;23.097222222219
5338;87.5638888888716;33.2089826802949
5339;6.80833333333067;26.2194444444394
5340;22.7791958388734;44.7117604580708
5341;19.963888888884;24.8076839863679
5342;34.8592626113932;35.0055555555555
5343;81.6423160136219;55.8284271247394
5344;6.78953823585471;65.7978715691897
5345;5.44787156918392;53.1999999999935
5346;35.2529395354686;73.2262986939313
5347;15.1846743806091;45.1833333333307
5348;5.41983671145863;83.2111111111044
5349;36.0436065119538;53.3367604580744
5350;117.498217258442;43.9382395419198
5351;8.43759019495701;3.95833333333212
5352;6.875;15.4194444444438
5353;20.3416666666672;34.7796320272646
5354;55.3478715691817;3.03333333332921
5355;47.339538235854;5.40555555555329
5356;35.7886936193645;5.25277777777228
5357;24.4691931742818;33.1444444444423
5358;39.9676639963254;25.9144444444464
5359;6.88611111110731;25.7991630702782
5360;54.8245408414805;3.0444444444438
5361;6.92564934696566;33.1305555555409
5362;22.6660173196942;53.0749999999789
5363;16.6134239877356;23.0237950974624
5364;6.80602923277911;3.0444444444438
5365;6.23268398636719;65.8388926995904
5366;6.76111111111095;53.1264828945423
5367;5.38120490252913;65.7687989081787
5368;5.43647170173426;33.184628216557
5369;6.77222222221826;53.1138888888927
5370;6.92027799203061;15.2972222222088
5371;5.40777777777112;3.01110730041182
5372;6.96759019495585;33.2638888888869
5373;47.4297273921729;85.2534271247314
5374;5.375;5.5444444444438
5375;10.1519703905215;23.1438888888879
5376;5.38375353531956;33.2749999999942
5377;6.75277777777592;113.458337144028
5378;6.20768779706123;13.4249999999993
5379;26.0619042250037;93.5861149218108
5380;5.39222222221724;85.5256531576706
5381;5.37776754932565;43.1416666666519
5382;6.80842712473168;33.1277777777759
5383;6.91111111110877;53.1083333333372
5384;5.40920622988779;33.5722222222139
5385;6.89935065303871;83.314538235838
5386;38.9085285374749;45.1540654681703
5387;117.207687797065;5.53055555556057
5388;65.1568470566599;33.3095382358515
5389;127.689758216027;63.0999999999949
5390;37.1472222222073;15.2235209161518
5391;5.375;23.0611111111066
5392;5.4027777777701;45.9333333333307
5393;6.7790764717065;5.21879509747305
5394;30.3805555555518;4.91787156918872
5395;6.94166666667297;55.8526839863625
5396;73.0625714969574;35.222222222219
5397;47.6568626706721;15.7694444444387
5398;15.4681261770347;76.0147296292962
5399;5.40981241717964;63.1228715691832
5400;24.1166666666577;43.480555555554
5401;56.3362625615555;5.64935065303871
5402;34.0171856248126;33.3235209161467
5403;9.82758555339024;83.7153679727235
5404;10.2444444444445;14.5598124171847
5405;6.75277777777956;44.8749999999927
5406;131.140242728998;24.6042568616285
5407;100.423701306056;34.6826839863643
5408;82.5433829532594;85.6388888888687
5409;55.1583333333183;73.4284271247307
5410;29.1762986939211;5.38055555555184
5411;77.5256493469496;23.0437950974774
5412;5.41666666666788;65.9700937914095
5413;5.37712843082045;14.9437950974752
5414;61.6164153965037;83.2361111110986
5415;5.39377340470674;35.6416666666701
5416;81.1872583865552;23.1437950974832
5417;51.3027777777752;43.0888888888876
5418;11.8722172856687;33.3027777777861
5419;77.350649346954;15.120923528295
5420;6.75277777777956;33.1187950974781
5421;8.24787156919047;43.1616666666559
5422;66.6907915779993;44.9792568616249
5423;47.566017319703;23.1144444444362
5424;6.96753218312006;53.1382395419168
5425;6.939286965684;33.0978715691781
5426;91.6742686960388;65.3055555555511
5427;41.1700937914065;33.1361111111109
5428;6.23823954193358;14.908982680292
5429;6.78566601060811;25.2626839863769
5430;33.8165728752465;64.6132395419372
5431;33.6403679727482;34.8790764716905
5432;56.3014790838388;53.1945382358499
5433;64.0832001408344;3.00425686163362
5434;28.3603363474867;25.2950937913884
5435;6.76111111110731;23.0867604580562
5436;7.10920829907263;45.7687013060749
5437;14.5653679727511;45.4388888888825
5438;5.375;33.2333333333299
5439;5.41388888888832;4.28000000000247
5440;5.40833333333285;53.1353679727436
5441;6.89018758280508;45.5874098050117
5442;22.4806032784327;3.0444444444438
5443;11.3696943041396;3.0117604580737
5444;10.7650364634137;54.8284271247248
5445;5.41323954193285;63.2179653605672
5446;15.4853679727494;45.597222222219
5447;5.38953823584234;33.0916666666635
5448;14.1618542494689;45.7326839863708
5449;5.39231659099823;35.7771284308146
5450;6.98686709564936;23.074350653038
5451;6.80212843081972;43.308982680308
5452;5.37812915155519;14.7910173197233
5453;17.2118211871093;63.1207431383482
5454;57.845642837452;35.831204902508
5455;16.1176943633727;25.1547258186729
5456;43.408812217629;23.1423160136292
5457;48.6697586943956;23.1326839863505
5458;20.2589826803087;33.1380591520137
5459;5.375;3.0361111111124
5460;21.6389988978844;23.0916666666781
5461;5.38765232533115;44.5499999999993
5462;64.3596320272336;65.5346320272474
5463;6.76750974356037;13.0138888888832
5464;33.8062778163876;75.8062049025175
5465;6.96176045807442;55.5416666666533
5466;6.20768398637665;63.3068542494984
5467;23.2326839863708;15.5478715692007
5468;5.38226506215142;15.1049062085804
5469;6.79314575051831;25.2931457504965
5470;5.40897702864822;53.2784271247292
5471;63.2694851369306;65.7111111111008
5472;6.83526910878936;13.0063852924177
5473;80.914204445111;33.1700937914211
5474;6.83120490252259;33.1730519590856
5475;14.6812049025211;65.4493506530125
5476;5.39018758281964;15.1611111111124
5477;6.75833333333139;63.4179653606152
5478;46.81317780272;14.4937950974818
5479;35.6895382358671;43.1737013060483
5480;6.75277777777592;3.00128769044386
5481;15.7544649203119;45.8555445520469
5482;26.8088888888851;14.0547258186998
5483;42.8120304400472;35.7440654682105
5484;13.3555256694999;3.03055555555693
5485;6.7640692787827;43.1305555555555
5486;5.37712843081317;15.1067714615965
5487;6.88888888888687;64.9193506530319
5488;5.50964775092507;33.0423050101163
5489;5.41537897622402;83.4861001075915
5490;55.9583223298177;75.6277777777796
5491;5.4117714615968;43.3207321348709
5492;31.5521174272944;25.1499999999869
5493;6.875;23.1789936838104
5494;10.2318976599818;33.1460063161721
5495;24.2493951085635;93.6957321348709
5496;20.5311111111114;53.257117427278
5497;6.875;23.1749999999993
5498;38.4229860097366;23.069444444438
5499;75.2328848037105;45.4736903025296
5500;53.6879688392692;73.2388888888636
5501;62.1818432459804;3.01111111108912
5502;6.75277777777956;55.1999999999935
5503;6.78489520506628;34.9611111111008
5504;23.2793396495035;65.4043396494926
5505;100.27029517898;25.1138888888818
5506;9.2138888888876;43.2083333333139
5507;44.129414216135;26.030555555546
5508;15.0387152777803;23.2583333333205
5509;6.79935065303289;13.0333333333256
5510;98.1571107161253;35.2777777777701
5511;5.40833333335468;45.7944444444329
5512;50.3318542495035;3.01388888888687
5513;10.8444444444503;33.1271284308204
5514;20.2803393860631;75.6888888888825
5515;6.29231601363426;55.7972222221906
5516;23.7808494087367;45.5478715691897
5517;6.75277777777956;5.69787156918028
5518;6.89787156918101;15.3993506530242
5519;71.4352416661204;23.0999999999985
5520;6.90833333333285;35.4589826803021
5521;46.139835317972;63.1465728752592
5522;5.375;3.00768398637592
5523;89.808406893786;23.183333333327
5524;40.1211270393396;33.1076839863708
5525;5.41879509748833;34.7687950974832
5526;44.9931457505118;84.9888888888927
5527;5.41323954193285;3.0444444444438
5528;7.70833333333212;13.0861111111117
5529;5.43546176417658;5.71388888892398
5530;5.375;25.709538235842
5531;30.0333333333256;5.19046176418851
5532;31.2852689021965;3.0444444444438
5533;114.000649346959;14.7227777777734
5534;48.7027777777694;5.09787156918173
5535;8.83995560752737;33.3645382358227
5536;20.1719899407399;23.1256493469591
5537;12.6838888888851;25.7661111111083
5538;23.7757092591528;35.533333333362
5539;6.79435065303187;55.0049062085855
5540;5.39509379140509;43.2111111111371
5541;6.78342712474478;53.1348124172146
5542;6.24166666663223;65.2811111111005
5543;36.4070767945268;3.0444444444438
5544;6.84536797274268;45.6305555555518
5545;30.6612972507937;85.6667604580653
5546;23.7663443535312;33.1539826803019
5547;23.0095382358522;35.7633333333288
5548;5.38953823584234;65.0979653605827
5549;39.1988963232034;5.03888888888832
5550;6.9111111111124;93.2743506530314
5551;6.81923828020444;5.73453823580348
5552;8.31666666665842;25.5638888888861
5553;6.78438298749825;43.5249999999942
5554;5.40398268029094;53.3944444444387
5555;41.4762049024757;45.0611111111066
5556;13.1661111111098;33.0277777777737
5557;59.0596913416703;53.3049999999967
5558;5.375;24.5833333333321
5559;5.40911540831803;33.1354617641555
5560;84.7000000000262;43.1088888888844
5561;5.42842712473066;85.6584271247375
5562;50.4275949053444;73.2749999999942
5563;12.5186188567786;3.39166666666279
5564;32.7571552662484;15.7703679727274
5565;6.23944444443623;25.65888888888
5566;40.290825973414;13.0832395419275
5567;6.83161036863021;15.7083333333139
5568;67.5658369297817;5.3305555555562
5569;37.1349740397709;55.131111111099
5570;6.78833333331568;43.4015728752493
5571;52.4747785930122;43.2027777777694
5572;27.8180665474356;64.8455555555411
5573;20.1804617641283;23.0972222222154
5574;31.1682031277014;83.3306493469681
5575;6.1694444444438;15.8450937914095
5576;5.38388888888221;35.7971284307932
5577;65.8385615394764;33.186948040915
5578;35.2720618612693;25.5138888888832
5579;6.78064934698341;53.3557431383779
5580;54.5417604580834;25.1394444444231
5581;6.91444444443187;85.3178715691829
5582;5.39435065301586;63.3387950974466
5583;28.9056493469725;53.2012049025288
5584;5.375;66.1316666666498
5585;84.7104732941516;53.1195382358637
5586;35.820360074209;85.3538888888688
5587;6.89231601362917;26.0527777777788
5588;6.90361018417752;5.81676045810309
5589;42.3714467561513;3.02222222221826
5590;46.7345382358617;63.3273160136341
5591;32.3954617641321;44.7500937914047
5592;5.40760607484117;4.81388888889342
5593;6.91009379140087;63.3300937914028
5594;48.9436748209446;25.3944444444387
5595;6.80944444443958;65.4300937914049
5596;24.1098133509004;53.1599999999962
5597;44.188982680309;43.2689826802925
5598;5.375;23.0305555555497
5599;5.39580823292636;3.02777777778101
5600;16.2520346393685;43.2138888888803
5601;13.6606775130567;5.51953823585427
5602;5.38888888888687;83.1853679727028
5603;9.11323954192267;35.5833333333321
5604;57.8078715691845;25.6382395419168
5605;20.4982523923572;56.2333333333227
5606;102.359076471708;46.2388888888818
5607;36.924999999992;63.5083333333205
5608;6.98055555555038;25.821479083821
5609;38.3202798053244;45.5521284308052
5610;24.7506493469664;13.1381457504867
5611;10.4449190590312;75.255000000001
5612;13.7753101402377;75.360367972713
5613;77.7939826802904;33.2416666666686
5614;6.80133917595595;35.7775901949281
5615;68.4029982363209;75.6916666666657
5616;14.7162765783833;125.405555555546
5617;6.28111111110411;23.2674098050556
5618;5.37758829803352;43.0848196101106
5619;59.2877859133041;4.75277777777592
5620;18.260097790233;25.6611111111197
5621;8.27722222222656;24.8442568615937
5622;94.7431702344402;53.4894444444326
5623;26.2278464197261;55.6029653606129
5624;6.75536333116543;4.86647908382656
5625;28.2781448952192;33.1083333333227
5626;77.7388888888891;35.3583333333227
5627;51.0979653606228;5.23139248536972
5628;28.4547349874374;73.4479653606068
5629;20.661111111116;45.608333333319
5630;6.86111111110586;45.6527777777628
5631;13.5830519590745;13.1228715691905
5632;12.4273389247755;23.214538235854
5633;7.02137118174505;23.311760458073
5634;9.80090884282254;25.5207431383751
5635;6.9662986939511;24.7173160136335
5636;6.21963202728148;23.089538235854
5637;35.1109055554807;53.3042640545536
5638;42.8891303645541;35.5179653605956
5639;40.4673160136372;73.3012986939211
5640;5.38308791801683;23.2333333333263
5641;6.87760210803754;24.9518542494807
5642;6.88268398636501;83.2099134015152
5643;6.91363094113331;43.4472222222139
5644;5.38611111110731;3.0444444444438
5645;27.8876774188793;35.0055555555555
5646;6.75893020828516;35.2515728752551
5647;11.6457431383751;53.2833333333256
5648;36.6482983836177;55.7873160136223
5649;15.4287314101421;35.5062049025219
5650;6.7694444444387;3.02990620857963
5651;47.7568542494919;73.1923160136284
5652;9.63277777778785;4.86879509746723
5653;25.9426404125952;25.6438888888988
5654;5.41410291728971;3.0444444444438
5655;15.5345382358428;45.5888888888876
5656;5.39777777777272;23.1216666666805
5657;5.39564934696318;33.2105555555681
5658;6.77151659027004;85.4596320272685
5659;68.4391170458657;5.2138888888876
5660;6.9187950974665;25.8465728752381
5661;68.0506493469547;26.1055555555431
5662;10.9694444444431;35.0187950974614
5663;47.0034271247459;25.7269480409122
5664;5.4194444444438;63.294444444422
5665;19.2653101796386;15.288888888881
5666;26.5463216050848;33.1333333333241
5667;34.8188888888944;85.5327777777493
5668;79.5199989234134;63.2777777777555
5669;6.85250779580019;25.6299062085855
5670;66.8857763836495;54.3354617641198
5671;25.8506493469758;13.0444444444438
5672;5.41919317428619;73.3083333333198
5673;23.8241503039535;53.1777777777752
5674;61.8589826802818;33.1138888888927
5675;5.42326575712286;54.9854617641213
5676;12.5;76.155555555546
5677;5.4388888888825;45.8166666666584
5678;37.0580100771986;34.461111111119
5679;22.7096499148174;34.944444444438
5680;45.0382273996838;3.00555555555184
5681;22.9222222222197;3.02499999999418
5682;74.2598124171491;65.1104617641358
5683;6.80064934695838;23.0604617641366
5684;29.7186010305195;55.5660173196811
5685;6.26731601362917;43.1771284308161
5686;48.6666666666679;25.474999999984
5687;56.0738483703935;14.9922222222012
5688;6.77564375458314;35.666666666657
5689;5.415876084302;25.7172222222071
5690;6.84657287524897;43.1096320272554
5691;6.98625962595543;65.1228715691759
5692;84.4801756420675;3.00212843081317
5693;7.06644620811858;85.2024098050242
5694;6.84990620857207;6.01453823586053
5695;6.93731601363106;5.17935065303755
5696;5.45064934696711;44.0135209161526
5697;5.37827367031787;23.0323160136286
5698;6.97728941698369;3.00453823583302
5699;9.03879509747276;13.1027777777817
5700;22.6650937914019;5.36666666666861
5701;122.02382197167;25.4073160136322
5702;10.8206710013546;35.0562049025211
5703;5.40833333332557;53.1531457505153
5704;5.44554355212676;73.3550000000068
5705;8.27601731971663;63.3444444444394
5706;9.9218542494782;33.0642568616277
5707;5.38018758281032;43.2774098050249
5708;5.44663807999677;13.0493506530183
5709;8.25277777777956;25.2444444444445
5710;6.77869053284303;43.1704617641481
5711;5.37762317312809;53.5292568615914
5712;6.80196157629325;63.2375901949235
5713;31.5862399330035;55.6429653606101
5714;53.7585537918858;3.0444444444438
5715;49.4265728752544;5.625
5716;5.41657040704013;94.1497186257511
5717;61.7479938111792;5.4352813742662
5718;6.80934320714005;3.0444444444438
5719;59.1685137232307;63.4202741812878
5720;44.7369190865975;75.7305555555395
5721;15.0857769090908;103.603145750494
5722;6.87777777777956;55.888708499002
5723;56.9433333333509;25.4111111111015
5724;7.62128295228831;65.2942640545589
5725;29.2832451617796;23.0846320272685
5726;5.375;45.9534271247358
5727;22.7527777777759;46.3151875828189
5728;6.81960074017115;36.0166666666628
5729;29.3491702631509;123.279725818673
5730;95.9675959447231;54.9351875828179
5731;5.38805915204284;33.0806493469681
5732;34.2109307212231;53.1678715691778
5733;56.7055555555453;5.43111111110557
5734;6.83333333333212;66.2235209161445
5735;6.8122222222155;5.41666666666788
5736;21.7917058185558;43.0609307212399
5737;6.92860751460466;5.10990620859229
5738;5.41282341367332;43.1067604580712
5739;24.0949134015464;33.2283333333289
5740;46.2323297697731;34.8061111111056
5741;60.8651875828182;65.5678715691938
5742;112.117856381883;5.09722222221899
5743;6.91258796730108;25.6388888888832
5744;19.0650937914033;85.2038022904162
5745;41.7348514642727;83.4178715691778
5746;9.65057962271749;45.5249999999942
5747;8.72435065302852;54.7667604580747
5748;6.79484116772437;33.183333333327
5749;5.375;25.6277777777796
5750;12.2448094242573;15.4222222222197
5751;27.505128012901;55.8234271247384
5752;46.9199925312896;73.4861111111022
5753;77.200752901088;65.6611111111015
5754;24.4893119744265;54.9520418323373
5755;6.60259738789682;4.41111111110149
5756;57.457431556064;33.1576839863665
5757;27.2691990291205;55.7395382358591
5758;7.01666666666279;43.069444444438
5759;6.86438512998939;3.01046176414457
5760;94.6002569090233;4.97564934696493
5761;6.86728840409342;63.2972222222088
5762;18.4500000000044;33.0950937914022
5763;27.5526277013814;53.288888888881
5764;75.9640624999884;14.8416666666635
5765;6.88611111110731;64.7249999999913
5766;23.6138888888818;45.0444444444329
5767;6.81666666666206;3.0416666666606
5768;35.4794057956933;23.1027777777781
5769;61.0681127302087;25.049999999992
5770;5.39787156919192;36.0414718910761
5771;58.0921088674877;33.454711432998
5772;6.85469881131576;3.0444444444438
5773;6.875;45.5491558774447
5774;30.0696898597598;3.01963922003415
5775;10.7642869657029;43.1553607799651
5776;6.87693365522136;3.0444444444438
5777;6.875;23.077777777773
5778;14.6019336552163;23.1081385577381
5779;6.91369411329651;15.2942496688484
5780;5.40564835916302;44.8532323491527
5781;31.6751525054497;33.1429653605992
5782;6.78871321913903;3.0444444444438
5783;28.9136941132929;23.1527777777665
5784;6.9472222222139;45.2006493469562
5785;10.577128430803;33.0416666666788
5786;11.5812049025262;23.0269480409042
5787;32.0398058331011;45.4388888888825
5788;21.6423160136292;56.0525830021761
5789;6.1694444444438;43.3243506530234
5790;6.91757580941703;43.1299062085891
5791;5.42431359189868;85.5777777777694
5792;19.835541170025;15.592496403533
5793;6.22092352827895;105.713888888873
5794;48.2697426192572;73.5036075146381
5795;69.429062086012;23.1499999999942
5796;5.40330767525666;43.069444444438
5797;5.45472581869035;33.3841630701972
5798;6.75277777777956;44.0277777777701
5799;5.41388888889196;25.0841630702016
5800;5.37870885304801;43.1036075146403
5801;24.7027777777766;5.17777777777519
5802;119.573774716511;53.2036075146352
5803;5.375;15.1777777777752
5804;45.275676825815;25.1777777777861
5805;6.83417449397894;86.0749999999898
5806;30.528607514636;34.8194444444343
5807;23.4531565571087;35.7583333333314
5808;52.3632140921436;53.4034271247619
5809;30.7589179425777;43.3749999999854
5810;34.3850573587733;33.086111111119
5811;35.5042543591153;35.6395382358533
5812;6.87777777777592;65.2568542495028
5813;33.4020346394027;3.0444444444438
5814;6.2166666666526;15.3104617641256
5815;32.5690815550333;63.2617604580628
5816;12.6138888888672;25.1200937914
5817;61.8388888888876;53.3200937914044
5818;16.6679653606261;55.5327777777566
5819;19.0950937914095;45.5617604580839
5820;5.39852091612556;13.1459235282673
5821;24.2312049025277;13.297871569197
5822;55.7611111110964;4.89787156919556
5823;6.7654696705722;23.1117604580686
5824;38.2146048397699;5.5888888888876
5825;56.8244444444244;24.9929653606159
5826;74.9581797878163;35.7256493469758
5827;61.4890645586311;55.4423160136394
5828;5.41666666665333;43.3374098050481
5829;5.37835907319459;25.7527777777686
5830;49.8001644131364;53.3450937914095
5831;54.3673160136241;33.444444444438
5832;13.1624098050597;35.783982680292
5833;22.9385719139245;35.4299062085811
5834;52.0865951009619;64.9047258186729
