decision,time,botID,podNull,podID,inUsedPodsValues,inBotToPodKey,currentTaskType,destWaypointNull,isRa,podJustRegisteredCount
0,0,1,True,-1,False,False,DummyTask,True,True,-1
0,0,10,True,-1,False,False,DummyTask,True,True,-1
0,0,11,True,-1,False,False,DummyTask,True,True,-1
0,0,3,True,-1,False,False,DummyTask,True,True,-1
0,0,5,True,-1,False,False,DummyTask,True,True,-1
0,0,4,True,-1,False,False,DummyTask,True,True,-1
0,0,12,True,-1,False,False,DummyTask,True,True,-1
0,0,13,True,-1,False,False,DummyTask,True,True,-1
0,0,14,True,-1,False,False,DummyTask,True,True,-1
0,0,7,True,-1,False,False,DummyTask,True,True,-1
1,32.4888888888888,1,False,31,True,False,ExtractTask,False,False,3
1,32.4888888888888,10,False,91,True,False,ExtractTask,True,False,2
1,32.4888888888888,11,True,-1,False,False,RestTask,True,True,-1
1,32.4888888888888,3,False,6,True,False,ExtractTask,True,False,3
1,32.4888888888888,5,True,-1,False,False,RestTask,True,True,-1
1,32.4888888888888,4,True,-1,False,False,RestTask,True,True,-1
1,32.4888888888888,12,False,27,True,False,ExtractTask,True,False,3
1,32.4888888888888,13,True,-1,False,False,RestTask,True,True,-1
1,32.4888888888888,14,True,-1,False,False,RestTask,True,True,-1
1,32.4888888888888,7,True,-1,False,False,RestTask,True,True,-1
2,36.311111111111,1,False,31,True,False,ExtractTask,False,False,3
2,36.311111111111,10,False,91,True,False,ExtractTask,True,False,2
2,36.311111111111,11,True,-1,False,False,RestTask,True,True,-1
2,36.311111111111,3,False,6,True,False,ExtractTask,True,False,3
2,36.311111111111,5,True,-1,False,False,RestTask,True,True,-1
2,36.311111111111,4,True,-1,False,False,RestTask,True,True,-1
2,36.311111111111,12,False,27,True,False,ExtractTask,True,False,3
2,36.311111111111,13,True,-1,False,False,RestTask,True,True,-1
2,36.311111111111,14,True,-1,False,False,RestTask,True,True,-1
2,36.311111111111,7,True,-1,False,False,RestTask,True,True,-1
3,42.5777777777776,1,False,31,True,False,ExtractTask,True,False,3
3,42.5777777777776,10,False,91,True,False,ExtractTask,True,False,2
3,42.5777777777776,11,True,-1,False,False,RestTask,True,True,-1
3,42.5777777777776,3,False,6,True,False,ExtractTask,True,False,3
3,42.5777777777776,5,True,-1,False,False,RestTask,True,True,-1
3,42.5777777777776,4,True,-1,False,False,RestTask,True,True,-1
3,42.5777777777776,12,False,27,True,False,ExtractTask,True,False,3
3,42.5777777777776,13,True,-1,False,False,RestTask,True,True,-1
3,42.5777777777776,14,True,-1,False,False,RestTask,True,True,-1
3,42.5777777777776,7,True,-1,False,False,RestTask,True,True,-1
4,46.3999999999998,1,False,31,True,False,ExtractTask,True,False,3
4,46.3999999999998,10,False,91,True,False,ExtractTask,True,False,2
4,46.3999999999998,11,True,-1,False,False,RestTask,True,True,-1
4,46.3999999999998,3,False,6,True,False,ExtractTask,True,False,3
4,46.3999999999998,5,True,-1,False,False,RestTask,True,True,-1
4,46.3999999999998,4,True,-1,False,False,RestTask,True,True,-1
4,46.3999999999998,12,False,27,True,False,ExtractTask,True,False,3
4,46.3999999999998,13,True,-1,False,False,RestTask,True,True,-1
4,46.3999999999998,14,True,-1,False,False,RestTask,True,True,-1
4,46.3999999999998,7,True,-1,False,False,RestTask,True,True,-1
5,52.6666666666665,1,False,31,True,False,ExtractTask,True,False,3
5,52.6666666666665,10,False,91,True,False,ExtractTask,True,False,2
5,52.6666666666665,11,True,-1,False,False,RestTask,True,True,-1
5,52.6666666666665,3,False,6,True,False,ExtractTask,True,False,3
5,52.6666666666665,5,True,-1,False,False,RestTask,True,True,-1
5,52.6666666666665,4,True,-1,False,False,RestTask,True,True,-1
5,52.6666666666665,12,False,27,True,False,ExtractTask,True,False,3
5,52.6666666666665,13,True,-1,False,False,RestTask,True,True,-1
5,52.6666666666665,14,True,-1,False,False,RestTask,True,True,-1
5,52.6666666666665,7,True,-1,False,False,RestTask,True,True,-1
6,82.7555555555583,1,False,31,True,False,ExtractTask,True,False,3
6,82.7555555555583,10,False,91,True,False,ExtractTask,True,False,2
6,82.7555555555583,11,True,-1,False,False,RestTask,True,True,-1
6,82.7555555555583,3,False,6,True,False,ParkPodTask,False,False,3
6,82.7555555555583,5,True,-1,False,False,RestTask,True,True,-1
6,82.7555555555583,4,True,-1,False,False,RestTask,True,True,-1
6,82.7555555555583,12,False,27,True,False,ExtractTask,False,False,3
6,82.7555555555583,13,True,-1,False,False,RestTask,True,True,-1
6,82.7555555555583,14,True,-1,False,False,RestTask,True,True,-1
6,82.7555555555583,7,True,-1,False,False,RestTask,True,True,-1
7,86.4888888888922,1,False,31,True,False,ExtractTask,True,False,3
7,86.4888888888922,10,False,91,True,False,ExtractTask,True,False,2
7,86.4888888888922,11,True,-1,False,False,RestTask,True,True,-1
7,86.4888888888922,3,False,6,True,False,ParkPodTask,False,False,3
7,86.4888888888922,5,True,-1,False,False,RestTask,True,True,-1
7,86.4888888888922,4,True,-1,False,False,RestTask,True,True,-1
7,86.4888888888922,12,False,27,True,False,ExtractTask,True,False,3
7,86.4888888888922,13,True,-1,False,False,RestTask,True,True,-1
7,86.4888888888922,14,True,-1,False,False,RestTask,True,True,-1
7,86.4888888888922,7,True,-1,False,False,RestTask,True,True,-1
8,96.5333333333382,1,False,31,True,False,ExtractTask,True,False,3
8,96.5333333333382,10,False,91,True,False,ExtractTask,True,False,2
8,96.5333333333382,11,True,-1,False,False,RestTask,True,True,-1
8,96.5333333333382,3,True,-1,False,False,RestTask,False,True,-1
8,96.5333333333382,5,True,-1,False,False,RestTask,True,True,-1
8,96.5333333333382,4,True,-1,False,False,RestTask,True,True,-1
8,96.5333333333382,12,False,27,True,False,ExtractTask,True,False,3
8,96.5333333333382,13,True,-1,False,False,RestTask,True,True,-1
8,96.5333333333382,14,True,-1,False,False,RestTask,True,True,-1
8,96.5333333333382,7,True,-1,False,False,RestTask,True,True,-1
9,102.800000000006,1,False,31,True,False,ExtractTask,True,False,3
9,102.800000000006,10,False,91,True,False,ExtractTask,True,False,2
9,102.800000000006,11,True,-1,False,False,RestTask,True,True,-1
9,102.800000000006,3,True,-1,False,False,RestTask,False,True,-1
9,102.800000000006,5,True,-1,False,False,RestTask,True,True,-1
9,102.800000000006,4,True,-1,False,False,RestTask,True,True,-1
9,102.800000000006,12,False,27,True,False,ExtractTask,True,False,3
9,102.800000000006,13,True,-1,False,False,RestTask,True,True,-1
9,102.800000000006,14,True,-1,False,False,RestTask,True,True,-1
9,102.800000000006,7,True,-1,False,False,RestTask,True,True,-1
10,106.577777777784,1,False,31,True,False,ExtractTask,True,False,3
10,106.577777777784,10,False,91,True,False,ExtractTask,True,False,2
10,106.577777777784,11,True,-1,False,False,RestTask,True,True,-1
10,106.577777777784,3,True,-1,False,False,RestTask,True,True,-1
10,106.577777777784,5,True,-1,False,False,RestTask,True,True,-1
10,106.577777777784,4,True,-1,False,False,RestTask,True,True,-1
10,106.577777777784,12,False,27,True,False,ExtractTask,True,False,3
10,106.577777777784,13,True,-1,False,False,RestTask,True,True,-1
10,106.577777777784,14,True,-1,False,False,RestTask,True,True,-1
10,106.577777777784,7,True,-1,False,False,RestTask,True,True,-1
11,116.62222222223,1,False,31,True,False,ExtractTask,True,False,3
11,116.62222222223,10,False,91,True,False,ExtractTask,True,False,2
11,116.62222222223,11,True,-1,False,False,RestTask,True,True,-1
11,116.62222222223,3,True,-1,False,False,RestTask,True,True,-1
11,116.62222222223,5,True,-1,False,False,RestTask,True,True,-1
11,116.62222222223,4,True,-1,False,False,RestTask,True,True,-1
11,116.62222222223,12,False,27,True,False,ExtractTask,True,False,3
11,116.62222222223,13,True,-1,False,False,RestTask,True,True,-1
11,116.62222222223,14,True,-1,False,False,RestTask,True,True,-1
11,116.62222222223,7,True,-1,False,False,RestTask,True,True,-1
12,122.844444444453,1,False,31,True,False,ExtractTask,True,False,3
12,122.844444444453,10,False,91,True,False,ExtractTask,True,False,2
12,122.844444444453,11,True,-1,False,False,RestTask,True,True,-1
12,122.844444444453,3,True,-1,False,False,RestTask,True,True,-1
12,122.844444444453,5,True,-1,False,False,RestTask,True,True,-1
12,122.844444444453,4,True,-1,False,False,RestTask,True,True,-1
12,122.844444444453,12,False,27,True,False,ExtractTask,True,False,3
12,122.844444444453,13,True,-1,False,False,RestTask,True,True,-1
12,122.844444444453,14,True,-1,False,False,RestTask,True,True,-1
12,122.844444444453,7,True,-1,False,False,RestTask,True,True,-1
13,126.666666666676,1,False,31,True,False,ExtractTask,True,False,3
13,126.666666666676,10,False,91,True,False,ExtractTask,True,False,2
13,126.666666666676,11,True,-1,True,False,ExtractTask,False,False,-1
13,126.666666666676,3,True,-1,False,False,RestTask,True,True,-1
13,126.666666666676,5,True,-1,False,False,RestTask,True,True,-1
13,126.666666666676,4,True,-1,False,False,RestTask,True,True,-1
13,126.666666666676,12,False,27,True,False,ExtractTask,True,False,3
13,126.666666666676,13,True,-1,False,False,RestTask,True,True,-1
13,126.666666666676,14,True,-1,False,False,RestTask,True,True,-1
13,126.666666666676,7,True,-1,False,False,RestTask,True,True,-1
14,132.888888888899,1,False,31,True,False,ExtractTask,True,False,3
14,132.888888888899,10,False,91,True,False,ExtractTask,True,False,2
14,132.888888888899,11,False,46,True,False,ExtractTask,False,False,2
14,132.888888888899,3,True,-1,False,False,RestTask,True,True,-1
14,132.888888888899,5,True,-1,False,False,RestTask,True,True,-1
14,132.888888888899,4,True,-1,False,False,RestTask,True,True,-1
14,132.888888888899,12,False,27,True,False,ExtractTask,True,False,2
14,132.888888888899,13,True,-1,False,False,RestTask,True,True,-1
14,132.888888888899,14,True,-1,False,False,RestTask,True,True,-1
14,132.888888888899,7,True,-1,False,False,RestTask,True,True,-1
15,136.711111111122,1,False,31,True,False,ExtractTask,True,False,3
15,136.711111111122,10,False,91,True,False,ExtractTask,True,False,2
15,136.711111111122,11,False,46,True,False,ExtractTask,False,False,2
15,136.711111111122,3,True,-1,False,False,RestTask,True,True,-1
15,136.711111111122,5,True,-1,False,False,RestTask,True,True,-1
15,136.711111111122,4,True,-1,False,False,RestTask,True,True,-1
15,136.711111111122,12,False,27,True,False,ExtractTask,True,False,2
15,136.711111111122,13,True,-1,False,False,RestTask,True,True,-1
15,136.711111111122,14,True,-1,False,False,RestTask,True,True,-1
15,136.711111111122,7,True,-1,False,False,RestTask,True,True,-1
16,136.755555555567,1,False,31,True,False,ExtractTask,True,False,3
16,136.755555555567,10,False,91,True,False,ExtractTask,True,False,2
16,136.755555555567,11,False,46,True,False,ExtractTask,False,False,2
16,136.755555555567,3,True,-1,False,False,RestTask,True,True,-1
16,136.755555555567,5,True,-1,False,False,RestTask,True,True,-1
16,136.755555555567,4,True,-1,False,False,RestTask,True,True,-1
16,136.755555555567,12,False,27,True,False,ExtractTask,True,False,2
16,136.755555555567,13,True,-1,False,False,RestTask,True,True,-1
16,136.755555555567,14,True,-1,False,False,RestTask,True,True,-1
16,136.755555555567,7,True,-1,False,False,RestTask,True,True,-1
17,138.000000000011,1,False,31,True,False,ExtractTask,True,False,3
17,138.000000000011,10,False,91,True,False,ExtractTask,True,False,2
17,138.000000000011,11,False,46,True,False,ExtractTask,False,False,2
17,138.000000000011,3,True,-1,False,False,RestTask,True,True,-1
17,138.000000000011,5,True,-1,False,False,RestTask,True,True,-1
17,138.000000000011,4,True,-1,False,False,RestTask,True,True,-1
17,138.000000000011,12,False,27,True,False,ExtractTask,True,False,2
17,138.000000000011,13,True,-1,False,False,RestTask,True,True,-1
17,138.000000000011,14,True,-1,False,False,RestTask,True,True,-1
17,138.000000000011,7,True,-1,False,False,RestTask,True,True,-1
18,142.933333333345,1,False,31,True,False,ExtractTask,True,False,3
18,142.933333333345,10,False,91,True,False,ExtractTask,True,False,2
18,142.933333333345,11,False,46,True,False,ExtractTask,False,False,2
18,142.933333333345,3,True,-1,False,False,RestTask,True,True,-1
18,142.933333333345,5,True,-1,False,False,RestTask,True,True,-1
18,142.933333333345,4,True,-1,False,False,RestTask,True,True,-1
18,142.933333333345,12,False,27,True,False,ExtractTask,True,False,2
18,142.933333333345,13,True,-1,False,False,RestTask,True,True,-1
18,142.933333333345,14,True,-1,False,False,RestTask,True,True,-1
18,142.933333333345,7,True,-1,False,False,RestTask,True,True,-1
19,156.75555555557,1,False,31,True,False,ExtractTask,True,False,3
19,156.75555555557,10,False,91,True,False,ParkPodTask,False,False,0
19,156.75555555557,11,False,46,True,False,ExtractTask,True,False,2
19,156.75555555557,3,True,-1,False,False,RestTask,True,True,-1
19,156.75555555557,5,True,-1,False,False,RestTask,True,True,-1
19,156.75555555557,4,True,-1,False,False,RestTask,True,True,-1
19,156.75555555557,12,False,27,True,False,ExtractTask,True,False,2
19,156.75555555557,13,True,-1,False,False,RestTask,True,True,-1
19,156.75555555557,14,True,-1,False,False,RestTask,True,True,-1
19,156.75555555557,7,True,-1,False,False,RestTask,True,True,-1
20,172.977777777795,1,False,31,True,False,ExtractTask,True,False,3
20,172.977777777795,10,True,-1,False,False,RestTask,False,True,-1
20,172.977777777795,11,False,46,True,False,ExtractTask,True,False,2
20,172.977777777795,3,True,-1,False,False,RestTask,True,True,-1
20,172.977777777795,5,True,-1,False,False,RestTask,True,True,-1
20,172.977777777795,4,True,-1,False,False,RestTask,True,True,-1
20,172.977777777795,12,False,27,True,False,ExtractTask,True,False,2
20,172.977777777795,13,True,-1,False,False,RestTask,True,True,-1
20,172.977777777795,14,True,-1,False,False,RestTask,True,True,-1
20,172.977777777795,7,True,-1,False,False,RestTask,True,True,-1
21,176.800000000017,1,False,31,True,False,ExtractTask,True,False,3
21,176.800000000017,10,True,-1,False,False,RestTask,False,True,-1
21,176.800000000017,11,False,46,True,False,ExtractTask,True,False,2
21,176.800000000017,3,True,-1,False,False,RestTask,True,True,-1
21,176.800000000017,5,True,-1,False,False,RestTask,True,True,-1
21,176.800000000017,4,True,-1,False,False,RestTask,True,True,-1
21,176.800000000017,12,False,27,True,False,ExtractTask,True,False,2
21,176.800000000017,13,True,-1,False,False,RestTask,True,True,-1
21,176.800000000017,14,True,-1,False,False,RestTask,True,True,-1
21,176.800000000017,7,True,-1,False,False,RestTask,True,True,-1
22,183.022222222241,1,False,31,True,False,ExtractTask,True,False,3
22,183.022222222241,10,True,-1,False,False,RestTask,True,True,-1
22,183.022222222241,11,False,46,True,False,ExtractTask,True,False,2
22,183.022222222241,3,True,-1,False,False,RestTask,True,True,-1
22,183.022222222241,5,True,-1,False,False,RestTask,True,True,-1
22,183.022222222241,4,True,-1,False,False,RestTask,True,True,-1
22,183.022222222241,12,False,27,True,False,ExtractTask,True,False,2
22,183.022222222241,13,True,-1,False,False,RestTask,True,True,-1
22,183.022222222241,14,True,-1,False,False,RestTask,True,True,-1
22,183.022222222241,7,True,-1,False,False,RestTask,True,True,-1
23,193.066666666687,1,False,31,True,False,ExtractTask,True,False,3
23,193.066666666687,10,True,-1,False,False,RestTask,True,True,-1
23,193.066666666687,11,False,46,True,False,ExtractTask,True,False,2
23,193.066666666687,3,True,-1,False,False,RestTask,True,True,-1
23,193.066666666687,5,True,-1,False,False,RestTask,True,True,-1
23,193.066666666687,4,True,-1,False,False,RestTask,True,True,-1
23,193.066666666687,12,False,27,True,False,ExtractTask,True,False,2
23,193.066666666687,13,True,-1,False,False,RestTask,True,True,-1
23,193.066666666687,14,True,-1,False,False,RestTask,True,True,-1
23,193.066666666687,7,True,-1,False,False,RestTask,True,True,-1
24,196.844444444465,1,False,31,True,False,ExtractTask,True,False,3
24,196.844444444465,10,True,-1,False,False,RestTask,True,True,-1
24,196.844444444465,11,False,46,True,False,ExtractTask,True,False,2
24,196.844444444465,3,True,-1,False,False,RestTask,True,True,-1
24,196.844444444465,5,True,-1,False,False,RestTask,True,True,-1
24,196.844444444465,4,True,-1,False,False,RestTask,True,True,-1
24,196.844444444465,12,False,27,True,False,ExtractTask,True,False,2
24,196.844444444465,13,True,-1,False,False,RestTask,True,True,-1
24,196.844444444465,14,True,-1,False,False,RestTask,True,True,-1
24,196.844444444465,7,True,-1,False,False,RestTask,True,True,-1
25,216.888888888913,1,False,31,True,False,ExtractTask,True,False,3
25,216.888888888913,10,True,-1,False,False,RestTask,True,True,-1
25,216.888888888913,11,False,46,True,False,ExtractTask,True,False,2
25,216.888888888913,3,True,-1,False,False,RestTask,True,True,-1
25,216.888888888913,5,True,-1,False,False,RestTask,True,True,-1
25,216.888888888913,4,True,-1,False,False,RestTask,True,True,-1
25,216.888888888913,12,False,27,True,False,ExtractTask,True,False,2
25,216.888888888913,13,True,-1,False,False,RestTask,True,True,-1
25,216.888888888913,14,True,-1,False,False,RestTask,True,True,-1
25,216.888888888913,7,True,-1,False,False,RestTask,True,True,-1
26,223.111111111136,1,False,31,True,False,ExtractTask,True,False,3
26,223.111111111136,10,True,-1,True,False,ExtractTask,False,False,-1
26,223.111111111136,11,False,46,True,False,ExtractTask,True,False,2
26,223.111111111136,3,True,-1,False,False,RestTask,True,True,-1
26,223.111111111136,5,True,-1,False,False,RestTask,True,True,-1
26,223.111111111136,4,True,-1,False,False,RestTask,True,True,-1
26,223.111111111136,12,False,27,True,False,ExtractTask,True,False,2
26,223.111111111136,13,True,-1,False,False,RestTask,True,True,-1
26,223.111111111136,14,True,-1,False,False,RestTask,True,True,-1
26,223.111111111136,7,True,-1,False,False,RestTask,True,True,-1
27,236.93333333336,1,False,31,True,False,ExtractTask,True,False,2
27,236.93333333336,10,False,58,True,False,ExtractTask,False,False,3
27,236.93333333336,11,False,46,True,False,ExtractTask,True,False,2
27,236.93333333336,3,True,-1,False,False,RestTask,True,True,-1
27,236.93333333336,5,True,-1,False,False,RestTask,True,True,-1
27,236.93333333336,4,True,-1,False,False,RestTask,True,True,-1
27,236.93333333336,12,False,27,True,False,ExtractTask,True,False,2
27,236.93333333336,13,True,-1,False,False,RestTask,True,True,-1
27,236.93333333336,14,True,-1,False,False,RestTask,True,True,-1
27,236.93333333336,7,True,-1,False,False,RestTask,True,True,-1
28,243.155555555583,1,False,31,True,False,ExtractTask,True,False,2
28,243.155555555583,10,False,58,True,False,ExtractTask,False,False,3
28,243.155555555583,11,False,46,True,False,ExtractTask,True,False,2
28,243.155555555583,3,True,-1,False,False,RestTask,True,True,-1
28,243.155555555583,5,True,-1,False,False,RestTask,True,True,-1
28,243.155555555583,4,True,-1,False,False,RestTask,True,True,-1
28,243.155555555583,12,False,27,True,False,ExtractTask,True,False,2
28,243.155555555583,13,True,-1,False,False,RestTask,True,True,-1
28,243.155555555583,14,True,-1,False,False,RestTask,True,True,-1
28,243.155555555583,7,True,-1,False,False,RestTask,True,True,-1
29,243.200000000028,1,False,31,True,False,ExtractTask,True,False,2
29,243.200000000028,10,False,58,True,False,ExtractTask,False,False,3
29,243.200000000028,11,False,46,True,False,ExtractTask,True,False,2
29,243.200000000028,3,True,-1,False,False,RestTask,True,True,-1
29,243.200000000028,5,True,-1,False,False,RestTask,True,True,-1
29,243.200000000028,4,True,-1,False,False,RestTask,True,True,-1
29,243.200000000028,12,False,27,True,False,ExtractTask,True,False,2
29,243.200000000028,13,True,-1,False,False,RestTask,True,True,-1
29,243.200000000028,14,True,-1,False,False,RestTask,True,True,-1
29,243.200000000028,7,True,-1,False,False,RestTask,True,True,-1
30,256.977777777807,1,False,31,True,False,ExtractTask,True,False,2
30,256.977777777807,10,False,58,True,False,ExtractTask,True,False,3
30,256.977777777807,11,False,46,True,False,ExtractTask,True,False,2
30,256.977777777807,3,True,-1,False,False,RestTask,True,True,-1
30,256.977777777807,5,True,-1,False,False,RestTask,True,True,-1
30,256.977777777807,4,True,-1,False,False,RestTask,True,True,-1
30,256.977777777807,12,False,27,True,False,ExtractTask,True,False,2
30,256.977777777807,13,True,-1,False,False,RestTask,True,True,-1
30,256.977777777807,14,True,-1,False,False,RestTask,True,True,-1
30,256.977777777807,7,True,-1,False,False,RestTask,True,True,-1
31,263.244444444471,1,False,31,True,False,ExtractTask,True,False,2
31,263.244444444471,10,False,58,True,False,ExtractTask,True,False,3
31,263.244444444471,11,False,46,True,False,ExtractTask,True,False,2
31,263.244444444471,3,True,-1,False,False,RestTask,True,True,-1
31,263.244444444471,5,True,-1,False,False,RestTask,True,True,-1
31,263.244444444471,4,True,-1,False,False,RestTask,True,True,-1
31,263.244444444471,12,False,27,True,False,ExtractTask,True,False,2
31,263.244444444471,13,True,-1,False,False,RestTask,True,True,-1
31,263.244444444471,14,True,-1,False,False,RestTask,True,True,-1
31,263.244444444471,7,True,-1,False,False,RestTask,True,True,-1
32,277.111111111131,1,False,31,True,False,ExtractTask,True,False,2
32,277.111111111131,10,False,58,True,False,ExtractTask,True,False,3
32,277.111111111131,11,False,46,True,False,ExtractTask,True,False,2
32,277.111111111131,3,True,-1,False,False,RestTask,True,True,-1
32,277.111111111131,5,True,-1,False,False,RestTask,True,True,-1
32,277.111111111131,4,True,-1,False,False,RestTask,True,True,-1
32,277.111111111131,12,False,27,True,False,ExtractTask,True,False,2
32,277.111111111131,13,True,-1,False,False,RestTask,True,True,-1
32,277.111111111131,14,True,-1,False,False,RestTask,True,True,-1
32,277.111111111131,7,True,-1,False,False,RestTask,True,True,-1
33,283.377777777794,1,False,31,True,False,ExtractTask,True,False,2
33,283.377777777794,10,False,58,True,False,ExtractTask,True,False,3
33,283.377777777794,11,False,46,True,False,ExtractTask,True,False,2
33,283.377777777794,3,True,-1,False,False,RestTask,True,True,-1
33,283.377777777794,5,True,-1,False,False,RestTask,True,True,-1
33,283.377777777794,4,True,-1,False,False,RestTask,True,True,-1
33,283.377777777794,12,False,27,True,False,ExtractTask,True,False,2
33,283.377777777794,13,True,-1,False,False,RestTask,True,True,-1
33,283.377777777794,14,True,-1,False,False,RestTask,True,True,-1
33,283.377777777794,7,True,-1,False,False,RestTask,True,True,-1
34,293.466666666678,1,False,31,True,False,ExtractTask,True,False,2
34,293.466666666678,10,False,58,True,False,ExtractTask,True,False,3
34,293.466666666678,11,False,46,True,False,ExtractTask,True,False,2
34,293.466666666678,3,True,-1,False,False,RestTask,True,True,-1
34,293.466666666678,5,True,-1,False,False,RestTask,True,True,-1
34,293.466666666678,4,True,-1,False,False,RestTask,True,True,-1
34,293.466666666678,12,False,27,True,False,ExtractTask,True,False,1
34,293.466666666678,13,True,-1,False,False,RestTask,True,True,-1
34,293.466666666678,14,True,-1,False,False,RestTask,True,True,-1
34,293.466666666678,7,True,-1,False,False,RestTask,True,True,-1
35,297.244444444454,1,False,31,True,False,ParkPodTask,False,False,2
35,297.244444444454,10,False,58,True,False,ExtractTask,True,False,3
35,297.244444444454,11,False,46,True,False,ExtractTask,True,False,2
35,297.244444444454,3,True,-1,False,False,RestTask,True,True,-1
35,297.244444444454,5,True,-1,False,False,RestTask,True,True,-1
35,297.244444444454,4,True,-1,False,False,RestTask,True,True,-1
35,297.244444444454,12,False,27,True,False,ExtractTask,True,False,1
35,297.244444444454,13,True,-1,False,False,RestTask,True,True,-1
35,297.244444444454,14,True,-1,False,False,RestTask,True,True,-1
35,297.244444444454,7,True,-1,False,False,RestTask,True,True,-1
36,303.555555555562,1,False,31,True,False,ParkPodTask,False,False,2
36,303.555555555562,10,False,58,True,False,ExtractTask,False,False,3
36,303.555555555562,11,False,46,True,False,ExtractTask,True,False,2
36,303.555555555562,3,True,-1,False,False,RestTask,True,True,-1
36,303.555555555562,5,True,-1,False,False,RestTask,True,True,-1
36,303.555555555562,4,True,-1,False,False,RestTask,True,True,-1
36,303.555555555562,12,False,27,True,False,ParkPodTask,False,False,0
36,303.555555555562,13,True,-1,False,False,RestTask,True,True,-1
36,303.555555555562,14,True,-1,False,False,RestTask,True,True,-1
36,303.555555555562,7,True,-1,False,False,RestTask,True,True,-1
37,307.333333333338,1,True,-1,False,False,RestTask,False,True,-1
37,307.333333333338,10,False,58,True,False,ExtractTask,True,False,3
37,307.333333333338,11,False,46,True,False,ExtractTask,True,False,2
37,307.333333333338,3,True,-1,False,False,RestTask,True,True,-1
37,307.333333333338,5,True,-1,False,False,RestTask,True,True,-1
37,307.333333333338,4,True,-1,False,False,RestTask,True,True,-1
37,307.333333333338,12,False,27,True,False,ParkPodTask,False,False,0
37,307.333333333338,13,True,-1,False,False,RestTask,True,True,-1
37,307.333333333338,14,True,-1,False,False,RestTask,True,True,-1
37,307.333333333338,7,True,-1,False,False,RestTask,True,True,-1
38,313.644444444446,1,True,-1,False,False,RestTask,False,True,-1
38,313.644444444446,10,False,58,True,False,ExtractTask,True,False,3
38,313.644444444446,11,False,46,True,False,ExtractTask,True,False,2
38,313.644444444446,3,True,-1,False,False,RestTask,True,True,-1
38,313.644444444446,5,True,-1,False,False,RestTask,True,True,-1
38,313.644444444446,4,True,-1,False,False,RestTask,True,True,-1
38,313.644444444446,12,True,-1,False,False,RestTask,False,True,-1
38,313.644444444446,13,True,-1,False,False,RestTask,True,True,-1
38,313.644444444446,14,True,-1,False,False,RestTask,True,True,-1
38,313.644444444446,7,True,-1,False,False,RestTask,True,True,-1
39,317.422222222222,1,True,-1,False,False,RestTask,True,True,-1
39,317.422222222222,10,False,58,True,False,ExtractTask,True,False,3
39,317.422222222222,11,False,46,True,False,ExtractTask,True,False,2
39,317.422222222222,3,True,-1,True,False,ExtractTask,False,False,-1
39,317.422222222222,5,True,-1,False,False,RestTask,True,True,-1
39,317.422222222222,4,True,-1,False,False,RestTask,True,True,-1
39,317.422222222222,12,True,-1,False,False,RestTask,False,True,-1
39,317.422222222222,13,True,-1,False,False,RestTask,True,True,-1
39,317.422222222222,14,True,-1,False,False,RestTask,True,True,-1
39,317.422222222222,7,True,-1,False,False,RestTask,True,True,-1
40,323.73333333333,1,True,-1,False,False,RestTask,True,True,-1
40,323.73333333333,10,False,58,True,False,ExtractTask,True,False,3
40,323.73333333333,11,False,46,True,False,ExtractTask,True,False,2
40,323.73333333333,3,False,94,True,False,ExtractTask,False,False,1
40,323.73333333333,5,True,-1,False,False,RestTask,True,True,-1
40,323.73333333333,4,True,-1,False,False,RestTask,True,True,-1
40,323.73333333333,12,True,-1,False,False,RestTask,True,True,-1
40,323.73333333333,13,True,-1,True,False,ExtractTask,False,False,-1
40,323.73333333333,14,True,-1,True,False,ExtractTask,False,False,-1
40,323.73333333333,7,True,-1,False,False,RestTask,True,True,-1
41,343.866666666654,1,True,-1,False,False,RestTask,True,True,-1
41,343.866666666654,10,False,58,True,False,ExtractTask,True,False,3
41,343.866666666654,11,False,46,True,False,ExtractTask,True,False,2
41,343.866666666654,3,False,94,True,False,ExtractTask,True,False,1
41,343.866666666654,5,True,-1,False,False,RestTask,True,True,-1
41,343.866666666654,4,True,-1,False,False,RestTask,True,True,-1
41,343.866666666654,12,False,86,True,False,ExtractTask,False,False,3
41,343.866666666654,13,False,51,True,False,ExtractTask,False,False,3
41,343.866666666654,14,False,47,True,False,ExtractTask,False,False,3
41,343.866666666654,7,False,98,True,False,ExtractTask,False,False,2
42,347.599999999986,1,True,-1,False,False,RestTask,True,True,-1
42,347.599999999986,10,False,58,True,False,ExtractTask,True,False,3
42,347.599999999986,11,False,46,True,False,ExtractTask,True,False,2
42,347.599999999986,3,False,94,True,False,ExtractTask,True,False,1
42,347.599999999986,5,True,-1,False,False,RestTask,True,True,-1
42,347.599999999986,4,True,-1,False,False,RestTask,True,True,-1
42,347.599999999986,12,False,86,True,False,ExtractTask,False,False,3
42,347.599999999986,13,False,51,True,False,ExtractTask,False,False,3
42,347.599999999986,14,False,47,True,False,ExtractTask,False,False,3
42,347.599999999986,7,False,98,True,False,ExtractTask,False,False,2
43,353.955555555538,1,True,-1,False,False,RestTask,True,True,-1
43,353.955555555538,10,False,58,True,False,ExtractTask,True,False,3
43,353.955555555538,11,False,46,True,False,ExtractTask,True,False,2
43,353.955555555538,3,False,94,True,False,ExtractTask,True,False,1
43,353.955555555538,5,True,-1,False,False,RestTask,True,True,-1
43,353.955555555538,4,True,-1,True,False,ExtractTask,False,False,-1
43,353.955555555538,12,False,86,True,False,ExtractTask,False,False,3
43,353.955555555538,13,False,51,True,False,ExtractTask,False,False,3
43,353.955555555538,14,False,47,True,False,ExtractTask,True,False,3
43,353.955555555538,7,False,98,True,False,ExtractTask,False,False,2
44,364.044444444422,1,True,-1,False,False,RestTask,True,True,-1
44,364.044444444422,10,False,58,True,False,ExtractTask,True,False,3
44,364.044444444422,11,False,46,True,False,ExtractTask,True,False,2
44,364.044444444422,3,False,94,True,False,ExtractTask,True,False,1
44,364.044444444422,5,True,-1,False,False,RestTask,True,True,-1
44,364.044444444422,4,False,12,True,False,ExtractTask,False,False,2
44,364.044444444422,12,False,86,True,False,ExtractTask,False,False,3
44,364.044444444422,13,False,51,True,False,ExtractTask,True,False,3
44,364.044444444422,14,False,47,True,False,ExtractTask,True,False,3
44,364.044444444422,7,False,98,True,False,ExtractTask,True,False,2
45,367.733333333309,1,True,-1,False,False,RestTask,True,True,-1
45,367.733333333309,10,False,58,True,False,ExtractTask,True,False,3
45,367.733333333309,11,False,46,True,False,ExtractTask,True,False,2
45,367.733333333309,3,False,94,True,False,ExtractTask,True,False,1
45,367.733333333309,5,True,-1,False,False,RestTask,True,True,-1
45,367.733333333309,4,False,12,True,False,ExtractTask,False,False,2
45,367.733333333309,12,False,86,True,False,ExtractTask,False,False,3
45,367.733333333309,13,False,51,True,False,ExtractTask,True,False,3
45,367.733333333309,14,False,47,True,False,ExtractTask,True,False,3
45,367.733333333309,7,False,98,True,False,ExtractTask,True,False,2
46,384.177777777746,1,True,-1,False,False,RestTask,True,True,-1
46,384.177777777746,10,False,58,True,False,ExtractTask,True,False,3
46,384.177777777746,11,False,46,True,False,ExtractTask,True,False,2
46,384.177777777746,3,False,94,True,False,ExtractTask,True,False,1
46,384.177777777746,5,False,76,True,False,ExtractTask,False,False,3
46,384.177777777746,4,False,12,True,False,ExtractTask,True,False,2
46,384.177777777746,12,False,86,True,False,ExtractTask,True,False,3
46,384.177777777746,13,False,51,True,False,ExtractTask,True,False,3
46,384.177777777746,14,False,47,True,False,ExtractTask,True,False,3
46,384.177777777746,7,False,98,True,False,ExtractTask,True,False,2
47,387.866666666633,1,True,-1,False,False,RestTask,True,True,-1
47,387.866666666633,10,False,58,True,False,ExtractTask,True,False,3
47,387.866666666633,11,False,46,True,False,ExtractTask,True,False,2
47,387.866666666633,3,False,94,True,False,ExtractTask,True,False,1
47,387.866666666633,5,False,76,True,False,ExtractTask,False,False,3
47,387.866666666633,4,False,12,True,False,ExtractTask,True,False,2
47,387.866666666633,12,False,86,True,False,ExtractTask,True,False,3
47,387.866666666633,13,False,51,True,False,ExtractTask,True,False,3
47,387.866666666633,14,False,47,True,False,ExtractTask,True,False,3
47,387.866666666633,7,False,98,True,False,ExtractTask,True,False,2
48,397.955555555517,1,True,-1,False,False,RestTask,True,True,-1
48,397.955555555517,10,False,58,True,False,ExtractTask,True,False,3
48,397.955555555517,11,False,46,True,False,ExtractTask,True,False,1
48,397.955555555517,3,False,94,True,False,ExtractTask,True,False,1
48,397.955555555517,5,False,76,True,False,ExtractTask,True,False,3
48,397.955555555517,4,False,12,True,False,ExtractTask,True,False,2
48,397.955555555517,12,False,86,True,False,ExtractTask,True,False,3
48,397.955555555517,13,False,51,True,False,ExtractTask,True,False,3
48,397.955555555517,14,False,47,True,False,ExtractTask,True,False,3
48,397.955555555517,7,False,98,True,False,ExtractTask,True,False,2
49,418.08888888884,1,True,-1,False,False,RestTask,True,True,-1
49,418.08888888884,10,False,58,True,False,ExtractTask,True,False,3
49,418.08888888884,11,False,46,True,False,ExtractTask,True,False,1
49,418.08888888884,3,False,94,True,False,ExtractTask,True,False,1
49,418.08888888884,5,False,76,True,False,ExtractTask,True,False,3
49,418.08888888884,4,False,12,True,False,ExtractTask,True,False,2
49,418.08888888884,12,False,86,True,False,ExtractTask,True,False,3
49,418.08888888884,13,False,51,True,False,ExtractTask,True,False,3
49,418.08888888884,14,False,47,True,False,ExtractTask,True,False,3
49,418.08888888884,7,False,98,True,False,ExtractTask,True,False,2
50,434.444444444388,1,True,-1,False,False,RestTask,True,True,-1
50,434.444444444388,10,False,58,True,False,ExtractTask,True,False,3
50,434.444444444388,11,False,46,True,False,ExtractTask,True,False,1
50,434.444444444388,3,False,94,True,False,ExtractTask,True,False,1
50,434.444444444388,5,False,76,True,False,ExtractTask,True,False,3
50,434.444444444388,4,False,12,True,False,ExtractTask,True,False,2
50,434.444444444388,12,False,86,True,False,ExtractTask,True,False,3
50,434.444444444388,13,False,51,True,False,ExtractTask,True,False,3
50,434.444444444388,14,False,47,True,False,ExtractTask,True,False,3
50,434.444444444388,7,False,98,True,False,ExtractTask,True,False,2
51,444.533333333272,1,False,82,True,False,ExtractTask,False,False,2
51,444.533333333272,10,False,58,True,False,ExtractTask,True,False,3
51,444.533333333272,11,False,46,True,False,ParkPodTask,False,False,1
51,444.533333333272,3,False,94,True,False,ExtractTask,True,False,1
51,444.533333333272,5,False,76,True,False,ExtractTask,True,False,3
51,444.533333333272,4,False,12,True,False,ExtractTask,True,False,2
51,444.533333333272,12,False,86,True,False,ExtractTask,False,False,3
51,444.533333333272,13,False,51,True,False,ExtractTask,True,False,3
51,444.533333333272,14,False,47,True,False,ExtractTask,True,False,3
51,444.533333333272,7,False,98,True,False,ExtractTask,True,False,2
52,454.622222222156,1,False,82,True,False,ExtractTask,False,False,2
52,454.622222222156,10,False,58,True,False,ExtractTask,True,False,3
52,454.622222222156,11,True,-1,False,False,RestTask,False,True,-1
52,454.622222222156,3,False,94,True,False,ParkPodTask,False,False,1
52,454.622222222156,5,False,76,True,False,ExtractTask,True,False,3
52,454.622222222156,4,False,12,True,False,ExtractTask,True,False,2
52,454.622222222156,12,False,86,True,False,ExtractTask,True,False,3
52,454.622222222156,13,False,51,True,False,ExtractTask,True,False,3
52,454.622222222156,14,False,47,True,False,ExtractTask,True,False,3
52,454.622222222156,7,False,98,True,False,ExtractTask,True,False,2
53,474.75555555548,1,False,82,True,False,ExtractTask,True,False,2
53,474.75555555548,10,False,58,True,False,ExtractTask,True,False,3
53,474.75555555548,11,True,-1,False,False,RestTask,True,True,-1
53,474.75555555548,3,True,-1,False,False,RestTask,False,True,-1
53,474.75555555548,5,False,76,True,False,ExtractTask,True,False,3
53,474.75555555548,4,False,12,True,False,ExtractTask,True,False,2
53,474.75555555548,12,False,86,True,False,ExtractTask,True,False,3
53,474.75555555548,13,False,51,True,False,ExtractTask,True,False,3
53,474.75555555548,14,False,47,True,False,ExtractTask,True,False,3
53,474.75555555548,7,False,98,True,False,ExtractTask,True,False,2
54,498.488888888802,1,False,82,True,False,ExtractTask,True,False,2
54,498.488888888802,10,False,58,True,False,ParkPodTask,False,False,3
54,498.488888888802,11,True,-1,False,False,RestTask,True,True,-1
54,498.488888888802,3,True,-1,False,False,RestTask,True,True,-1
54,498.488888888802,5,False,76,True,False,ExtractTask,True,False,3
54,498.488888888802,4,False,12,True,False,ExtractTask,False,False,2
54,498.488888888802,12,False,86,True,False,ExtractTask,True,False,3
54,498.488888888802,13,False,51,True,False,ExtractTask,True,False,3
54,498.488888888802,14,False,47,True,False,ExtractTask,True,False,3
54,498.488888888802,7,False,98,True,False,ExtractTask,True,False,2
55,524.977777777694,1,False,82,True,False,ExtractTask,True,False,2
55,524.977777777694,10,True,-1,False,False,RestTask,True,True,-1
55,524.977777777694,11,True,-1,False,False,RestTask,True,True,-1
55,524.977777777694,3,True,-1,False,False,RestTask,True,True,-1
55,524.977777777694,5,False,76,True,False,ExtractTask,True,False,3
55,524.977777777694,4,False,12,True,False,ExtractTask,True,False,2
55,524.977777777694,12,False,86,True,False,ExtractTask,True,False,3
55,524.977777777694,13,False,51,True,False,ExtractTask,False,False,3
55,524.977777777694,14,False,47,True,False,ParkPodTask,False,False,3
55,524.977777777694,7,True,-1,False,False,RestTask,False,True,-1
56,535.022222222147,1,False,82,True,False,ExtractTask,True,False,2
56,535.022222222147,10,True,-1,False,False,RestTask,True,True,-1
56,535.022222222147,11,True,-1,False,False,RestTask,True,True,-1
56,535.022222222147,3,True,-1,False,False,RestTask,True,True,-1
56,535.022222222147,5,False,76,True,False,ExtractTask,True,False,3
56,535.022222222147,4,False,12,True,False,ExtractTask,True,False,2
56,535.022222222147,12,False,86,True,False,ExtractTask,True,False,3
56,535.022222222147,13,False,51,True,False,ExtractTask,True,False,3
56,535.022222222147,14,True,-1,False,False,RestTask,False,True,-1
56,535.022222222147,7,True,-1,False,False,RestTask,True,True,-1
57,538.577777777705,1,False,82,True,False,ExtractTask,True,False,2
57,538.577777777705,10,True,-1,False,False,RestTask,True,True,-1
57,538.577777777705,11,True,-1,False,False,RestTask,True,True,-1
57,538.577777777705,3,True,-1,False,False,RestTask,True,True,-1
57,538.577777777705,5,False,76,True,False,ExtractTask,True,False,3
57,538.577777777705,4,False,12,True,False,ExtractTask,True,False,2
57,538.577777777705,12,False,86,True,False,ExtractTask,True,False,3
57,538.577777777705,13,False,51,True,False,ExtractTask,True,False,3
57,538.577777777705,14,True,-1,False,False,RestTask,False,True,-1
57,538.577777777705,7,True,-1,False,False,RestTask,True,True,-1
58,588.622222222189,1,False,82,True,False,ExtractTask,True,False,2
58,588.622222222189,10,True,-1,False,False,RestTask,True,True,-1
58,588.622222222189,11,True,-1,False,False,RestTask,True,True,-1
58,588.622222222189,3,True,-1,False,False,RestTask,True,True,-1
58,588.622222222189,5,False,76,True,False,ExtractTask,True,False,3
58,588.622222222189,4,False,12,True,False,ExtractTask,True,False,2
58,588.622222222189,12,False,86,True,False,ExtractTask,True,False,3
58,588.622222222189,13,False,51,True,False,ParkPodTask,False,False,3
58,588.622222222189,14,True,-1,False,False,RestTask,True,True,-1
58,588.622222222189,7,True,-1,False,False,RestTask,True,True,-1
59,595.066666666639,1,False,82,True,False,ExtractTask,True,False,2
59,595.066666666639,10,True,-1,False,False,RestTask,True,True,-1
59,595.066666666639,11,True,-1,False,False,RestTask,True,True,-1
59,595.066666666639,3,True,-1,False,False,RestTask,True,True,-1
59,595.066666666639,5,False,76,True,False,ExtractTask,True,False,3
59,595.066666666639,4,False,12,True,False,ExtractTask,True,False,2
59,595.066666666639,12,False,86,True,False,ExtractTask,True,False,3
59,595.066666666639,13,True,-1,False,False,ParkPodTask,True,True,-1
59,595.066666666639,14,True,-1,False,False,RestTask,True,True,-1
59,595.066666666639,7,True,-1,False,False,RestTask,True,True,-1
60,598.666666666642,1,False,82,True,False,ExtractTask,True,False,2
60,598.666666666642,10,True,-1,False,False,RestTask,True,True,-1
60,598.666666666642,11,True,-1,False,False,RestTask,True,True,-1
60,598.666666666642,3,True,-1,False,False,RestTask,True,True,-1
60,598.666666666642,5,False,76,True,False,ExtractTask,True,False,3
60,598.666666666642,4,False,12,True,False,ExtractTask,True,False,2
60,598.666666666642,12,False,86,True,False,ExtractTask,True,False,3
60,598.666666666642,13,True,-1,False,False,RestTask,False,True,-1
60,598.666666666642,14,True,-1,False,False,RestTask,True,True,-1
60,598.666666666642,7,True,-1,False,False,RestTask,True,True,-1
61,608.711111111094,1,False,82,True,False,ExtractTask,True,False,2
61,608.711111111094,10,True,-1,False,False,RestTask,True,True,-1
61,608.711111111094,11,True,-1,False,False,RestTask,True,True,-1
61,608.711111111094,3,True,-1,False,False,RestTask,True,True,-1
61,608.711111111094,5,False,76,True,False,ExtractTask,True,False,3
61,608.711111111094,4,False,12,True,False,ExtractTask,True,False,2
61,608.711111111094,12,False,86,True,False,ExtractTask,True,False,3
61,608.711111111094,13,True,-1,False,False,RestTask,True,True,-1
61,608.711111111094,14,True,-1,False,False,RestTask,True,True,-1
61,608.711111111094,7,True,-1,False,False,RestTask,True,True,-1
62,615.111111111099,1,False,82,True,False,ExtractTask,True,False,2
62,615.111111111099,10,True,-1,False,False,RestTask,True,True,-1
62,615.111111111099,11,True,-1,False,False,RestTask,True,True,-1
62,615.111111111099,3,True,-1,False,False,RestTask,True,True,-1
62,615.111111111099,5,False,76,True,False,ExtractTask,True,False,3
62,615.111111111099,4,False,12,True,False,ExtractTask,True,False,2
62,615.111111111099,12,False,86,True,False,ExtractTask,True,False,3
62,615.111111111099,13,True,-1,False,False,RestTask,True,True,-1
62,615.111111111099,14,True,-1,False,False,RestTask,True,True,-1
62,615.111111111099,7,False,59,True,False,ExtractTask,True,False,2
63,628.755555555555,1,False,82,True,False,ExtractTask,True,False,2
63,628.755555555555,10,True,-1,False,False,RestTask,True,True,-1
63,628.755555555555,11,True,-1,False,False,RestTask,True,True,-1
63,628.755555555555,3,True,-1,False,False,RestTask,True,True,-1
63,628.755555555555,5,False,76,True,False,ExtractTask,True,False,3
63,628.755555555555,4,False,12,True,False,ExtractTask,True,False,2
63,628.755555555555,12,False,86,True,False,ExtractTask,True,False,2
63,628.755555555555,13,True,-1,False,False,RestTask,True,True,-1
63,628.755555555555,14,True,-1,False,False,RestTask,True,True,-1
63,628.755555555555,7,False,59,True,False,ExtractTask,False,False,2
64,635.15555555556,1,False,82,True,False,ExtractTask,True,False,2
64,635.15555555556,10,True,-1,False,False,RestTask,True,True,-1
64,635.15555555556,11,True,-1,False,False,RestTask,True,True,-1
64,635.15555555556,3,True,-1,False,False,RestTask,True,True,-1
64,635.15555555556,5,False,76,True,False,ExtractTask,True,False,3
64,635.15555555556,4,False,12,True,False,ExtractTask,True,False,2
64,635.15555555556,12,False,86,True,False,ExtractTask,True,False,2
64,635.15555555556,13,True,-1,False,False,RestTask,True,True,-1
64,635.15555555556,14,True,-1,False,False,RestTask,True,True,-1
64,635.15555555556,7,False,59,True,False,ExtractTask,True,False,2
65,645.200000000012,1,False,82,True,False,ExtractTask,True,False,2
65,645.200000000012,10,True,-1,False,False,RestTask,True,True,-1
65,645.200000000012,11,True,-1,False,False,RestTask,True,True,-1
65,645.200000000012,3,True,-1,False,False,RestTask,True,True,-1
65,645.200000000012,5,False,76,True,False,ExtractTask,True,False,3
65,645.200000000012,4,False,12,True,False,ExtractTask,True,False,2
65,645.200000000012,12,False,86,True,False,ExtractTask,True,False,2
65,645.200000000012,13,True,-1,False,False,RestTask,True,True,-1
65,645.200000000012,14,True,-1,False,False,RestTask,True,True,-1
65,645.200000000012,7,False,59,True,False,ExtractTask,True,False,2
66,655.244444444465,1,False,82,True,False,ExtractTask,True,False,2
66,655.244444444465,10,True,-1,False,False,RestTask,True,True,-1
66,655.244444444465,11,True,-1,False,False,RestTask,True,True,-1
66,655.244444444465,3,True,-1,False,False,RestTask,True,True,-1
66,655.244444444465,5,False,76,True,False,ExtractTask,True,False,3
66,655.244444444465,4,False,12,True,False,ExtractTask,True,False,2
66,655.244444444465,12,False,86,True,False,ParkPodTask,False,False,1
66,655.244444444465,13,True,-1,False,False,RestTask,True,True,-1
66,655.244444444465,14,True,-1,False,False,RestTask,True,True,-1
66,655.244444444465,7,False,59,True,False,ExtractTask,True,False,2
67,658.800000000023,1,False,82,True,False,ExtractTask,True,False,2
67,658.800000000023,10,True,-1,False,False,RestTask,True,True,-1
67,658.800000000023,11,True,-1,False,False,RestTask,True,True,-1
67,658.800000000023,3,True,-1,False,False,RestTask,True,True,-1
67,658.800000000023,5,False,76,True,False,ExtractTask,True,False,3
67,658.800000000023,4,False,12,True,False,ExtractTask,True,False,2
67,658.800000000023,12,True,-1,False,False,ParkPodTask,True,True,-1
67,658.800000000023,13,True,-1,False,False,RestTask,True,True,-1
67,658.800000000023,14,True,-1,True,False,ExtractTask,False,False,-1
67,658.800000000023,7,False,59,True,False,ExtractTask,True,False,2
68,665.288888888917,1,False,82,True,False,ExtractTask,True,False,2
68,665.288888888917,10,True,-1,False,False,RestTask,True,True,-1
68,665.288888888917,11,True,-1,False,False,RestTask,True,True,-1
68,665.288888888917,3,True,-1,False,False,RestTask,True,True,-1
68,665.288888888917,5,False,76,True,False,ExtractTask,True,False,3
68,665.288888888917,4,False,12,True,False,ExtractTask,True,False,2
68,665.288888888917,12,True,-1,False,False,RestTask,False,True,-1
68,665.288888888917,13,True,-1,False,False,RestTask,True,True,-1
68,665.288888888917,14,False,98,True,False,ExtractTask,False,False,1
68,665.288888888917,7,False,59,True,False,ExtractTask,True,False,2
69,668.844444444475,1,False,82,True,False,ExtractTask,True,False,2
69,668.844444444475,10,True,-1,False,False,RestTask,True,True,-1
69,668.844444444475,11,True,-1,False,False,RestTask,True,True,-1
69,668.844444444475,3,True,-1,False,False,RestTask,True,True,-1
69,668.844444444475,5,False,76,True,False,ExtractTask,True,False,3
69,668.844444444475,4,False,12,True,False,ExtractTask,True,False,2
69,668.844444444475,12,True,-1,False,False,RestTask,True,True,-1
69,668.844444444475,13,True,-1,False,False,RestTask,True,True,-1
69,668.844444444475,14,False,98,True,False,ExtractTask,False,False,1
69,668.844444444475,7,False,59,True,False,ExtractTask,True,False,2
70,685.333333333377,1,False,82,True,False,ExtractTask,True,False,2
70,685.333333333377,10,True,-1,False,False,RestTask,True,True,-1
70,685.333333333377,11,True,-1,False,False,RestTask,True,True,-1
70,685.333333333377,3,True,-1,False,False,RestTask,True,True,-1
70,685.333333333377,5,False,76,True,False,ExtractTask,True,False,3
70,685.333333333377,4,False,12,True,False,ParkPodTask,False,False,2
70,685.333333333377,12,True,-1,False,False,RestTask,True,True,-1
70,685.333333333377,13,True,-1,False,False,RestTask,True,True,-1
70,685.333333333377,14,False,98,True,False,ExtractTask,True,False,1
70,685.333333333377,7,False,59,True,False,ExtractTask,True,False,2
71,688.888888888936,1,False,82,True,False,ExtractTask,True,False,2
71,688.888888888936,10,True,-1,False,False,RestTask,True,True,-1
71,688.888888888936,11,True,-1,False,False,RestTask,True,True,-1
71,688.888888888936,3,True,-1,False,False,RestTask,True,True,-1
71,688.888888888936,5,False,76,True,False,ExtractTask,True,False,3
71,688.888888888936,4,True,-1,False,False,RestTask,False,True,-1
71,688.888888888936,12,True,-1,False,False,RestTask,True,True,-1
71,688.888888888936,13,True,-1,False,False,RestTask,True,True,-1
71,688.888888888936,14,False,98,True,False,ExtractTask,True,False,1
71,688.888888888936,7,False,59,True,False,ExtractTask,True,False,2
72,695.37777777783,1,False,82,True,False,ExtractTask,True,False,2
72,695.37777777783,10,True,-1,False,False,RestTask,True,True,-1
72,695.37777777783,11,True,-1,False,False,RestTask,True,True,-1
72,695.37777777783,3,True,-1,True,False,ExtractTask,False,False,-1
72,695.37777777783,5,False,76,True,False,ExtractTask,True,False,3
72,695.37777777783,4,True,-1,False,False,RestTask,False,True,-1
72,695.37777777783,12,True,-1,False,False,RestTask,True,True,-1
72,695.37777777783,13,True,-1,False,False,RestTask,True,True,-1
72,695.37777777783,14,False,98,True,False,ExtractTask,True,False,1
72,695.37777777783,7,False,59,True,False,ExtractTask,True,False,2
73,705.422222222282,1,False,82,True,False,ExtractTask,True,False,2
73,705.422222222282,10,True,-1,False,False,RestTask,True,True,-1
73,705.422222222282,11,True,-1,False,False,RestTask,True,True,-1
73,705.422222222282,3,False,89,True,False,ExtractTask,False,False,2
73,705.422222222282,5,False,76,True,False,ExtractTask,True,False,3
73,705.422222222282,4,True,-1,False,False,RestTask,True,True,-1
73,705.422222222282,12,True,-1,False,False,RestTask,True,True,-1
73,705.422222222282,13,True,-1,False,False,RestTask,True,True,-1
73,705.422222222282,14,False,98,True,False,ExtractTask,True,False,1
73,705.422222222282,7,False,59,True,False,ExtractTask,True,False,2
74,708.933333333396,1,False,82,True,False,ExtractTask,True,False,2
74,708.933333333396,10,True,-1,False,False,RestTask,True,True,-1
74,708.933333333396,11,True,-1,False,False,RestTask,True,True,-1
74,708.933333333396,3,False,89,True,False,ExtractTask,False,False,2
74,708.933333333396,5,False,76,True,False,ExtractTask,True,False,3
74,708.933333333396,4,True,-1,False,False,RestTask,True,True,-1
74,708.933333333396,12,True,-1,False,False,RestTask,True,True,-1
74,708.933333333396,13,True,-1,False,False,RestTask,True,True,-1
74,708.933333333396,14,False,98,True,False,ExtractTask,True,False,1
74,708.933333333396,7,False,59,True,False,ExtractTask,True,False,2
75,718.977777777849,1,False,82,True,False,ExtractTask,True,False,2
75,718.977777777849,10,True,-1,False,False,RestTask,True,True,-1
75,718.977777777849,11,True,-1,False,False,RestTask,True,True,-1
75,718.977777777849,3,False,89,True,False,ExtractTask,True,False,2
75,718.977777777849,5,False,76,True,False,ExtractTask,True,False,3
75,718.977777777849,4,True,-1,True,False,ExtractTask,False,False,-1
75,718.977777777849,12,True,-1,False,False,RestTask,True,True,-1
75,718.977777777849,13,True,-1,False,False,RestTask,True,True,-1
75,718.977777777849,14,False,98,True,False,ExtractTask,True,False,1
75,718.977777777849,7,False,59,True,False,ExtractTask,True,False,2
76,725.466666666743,1,False,82,True,False,ExtractTask,True,False,2
76,725.466666666743,10,True,-1,False,False,RestTask,True,True,-1
76,725.466666666743,11,True,-1,False,False,RestTask,True,True,-1
76,725.466666666743,3,False,89,True,False,ExtractTask,True,False,2
76,725.466666666743,5,False,76,True,False,ExtractTask,True,False,3
76,725.466666666743,4,False,57,True,False,ExtractTask,False,False,1
76,725.466666666743,12,True,-1,False,False,RestTask,True,True,-1
76,725.466666666743,13,True,-1,False,False,RestTask,True,True,-1
76,725.466666666743,14,False,98,True,False,ExtractTask,True,False,1
76,725.466666666743,7,False,59,True,False,ExtractTask,True,False,2
77,729.022222222301,1,False,82,True,False,ExtractTask,True,False,2
77,729.022222222301,10,True,-1,False,False,RestTask,True,True,-1
77,729.022222222301,11,True,-1,False,False,RestTask,True,True,-1
77,729.022222222301,3,False,89,True,False,ExtractTask,True,False,2
77,729.022222222301,5,False,76,True,False,ExtractTask,True,False,3
77,729.022222222301,4,False,57,True,False,ExtractTask,False,False,1
77,729.022222222301,12,True,-1,False,False,RestTask,True,True,-1
77,729.022222222301,13,True,-1,False,False,RestTask,True,True,-1
77,729.022222222301,14,False,98,True,False,ExtractTask,True,False,1
77,729.022222222301,7,False,59,True,False,ExtractTask,True,False,2
78,765.511111111219,1,False,82,True,False,ExtractTask,True,False,2
78,765.511111111219,10,True,-1,False,False,RestTask,True,True,-1
78,765.511111111219,11,True,-1,False,False,RestTask,True,True,-1
78,765.511111111219,3,False,89,True,False,ExtractTask,True,False,2
78,765.511111111219,5,False,76,True,False,ParkPodTask,False,False,2
78,765.511111111219,4,False,57,True,False,ExtractTask,True,False,1
78,765.511111111219,12,True,-1,False,False,RestTask,True,True,-1
78,765.511111111219,13,True,-1,False,False,RestTask,True,True,-1
78,765.511111111219,14,False,98,True,False,ExtractTask,True,False,1
78,765.511111111219,7,False,59,True,False,ExtractTask,False,False,2
79,769.066666666777,1,False,82,True,False,ExtractTask,True,False,2
79,769.066666666777,10,True,-1,False,False,RestTask,True,True,-1
79,769.066666666777,11,True,-1,False,False,RestTask,True,True,-1
79,769.066666666777,3,False,89,True,False,ExtractTask,True,False,2
79,769.066666666777,5,False,76,True,False,ParkPodTask,False,False,2
79,769.066666666777,4,False,57,True,False,ExtractTask,False,False,1
79,769.066666666777,12,True,-1,False,False,RestTask,True,True,-1
79,769.066666666777,13,True,-1,False,False,RestTask,True,True,-1
79,769.066666666777,14,False,98,True,False,ExtractTask,True,False,1
79,769.066666666777,7,False,59,True,False,ExtractTask,True,False,2
80,775.555555555671,1,False,82,True,False,ExtractTask,True,False,2
80,775.555555555671,10,True,-1,False,False,RestTask,True,True,-1
80,775.555555555671,11,True,-1,False,False,RestTask,True,True,-1
80,775.555555555671,3,False,89,True,False,ExtractTask,True,False,2
80,775.555555555671,5,True,-1,False,False,RestTask,False,True,-1
80,775.555555555671,4,False,57,True,False,ExtractTask,True,False,1
80,775.555555555671,12,True,-1,False,False,RestTask,True,True,-1
80,775.555555555671,13,True,-1,False,False,RestTask,True,True,-1
80,775.555555555671,14,False,98,True,False,ExtractTask,True,False,1
80,775.555555555671,7,False,59,True,False,ExtractTask,True,False,2
81,779.11111111123,1,False,82,True,False,ExtractTask,True,False,2
81,779.11111111123,10,True,-1,False,False,RestTask,True,True,-1
81,779.11111111123,11,True,-1,False,False,RestTask,True,True,-1
81,779.11111111123,3,False,89,True,False,ExtractTask,True,False,2
81,779.11111111123,5,True,-1,False,False,RestTask,False,True,-1
81,779.11111111123,4,False,57,True,False,ExtractTask,True,False,1
81,779.11111111123,12,True,-1,False,False,RestTask,True,True,-1
81,779.11111111123,13,True,-1,False,False,RestTask,True,True,-1
81,779.11111111123,14,False,98,True,False,ExtractTask,True,False,1
81,779.11111111123,7,False,59,True,False,ExtractTask,True,False,2
82,785.600000000124,1,False,82,True,False,ExtractTask,True,False,2
82,785.600000000124,10,True,-1,False,False,RestTask,True,True,-1
82,785.600000000124,11,True,-1,False,False,RestTask,True,True,-1
82,785.600000000124,3,False,89,True,False,ExtractTask,True,False,2
82,785.600000000124,5,True,-1,True,True,RestTask,True,False,-1
82,785.600000000124,4,False,57,True,False,ExtractTask,True,False,1
82,785.600000000124,12,True,-1,False,False,RestTask,True,True,-1
82,785.600000000124,13,True,-1,False,False,RestTask,True,True,-1
82,785.600000000124,14,False,98,True,False,ExtractTask,True,False,1
82,785.600000000124,7,False,59,True,False,ExtractTask,True,False,2
83,795.644444444576,1,False,82,True,False,ExtractTask,True,False,2
83,795.644444444576,10,True,-1,False,False,RestTask,True,True,-1
83,795.644444444576,11,True,-1,False,False,RestTask,True,True,-1
83,795.644444444576,3,False,89,True,False,ExtractTask,True,False,2
83,795.644444444576,5,True,-1,True,False,ExtractTask,False,False,-1
83,795.644444444576,4,False,57,True,False,ExtractTask,True,False,1
83,795.644444444576,12,True,-1,False,False,RestTask,True,True,-1
83,795.644444444576,13,True,-1,False,False,RestTask,True,True,-1
83,795.644444444576,14,False,98,True,False,ExtractTask,True,False,1
83,795.644444444576,7,False,59,True,False,ExtractTask,True,False,2
84,799.15555555569,1,False,82,True,False,ExtractTask,True,False,2
84,799.15555555569,10,True,-1,False,False,RestTask,True,True,-1
84,799.15555555569,11,True,-1,False,False,RestTask,True,True,-1
84,799.15555555569,3,False,89,True,False,ExtractTask,True,False,2
84,799.15555555569,5,False,26,True,False,ExtractTask,True,False,2
84,799.15555555569,4,False,57,True,False,ExtractTask,True,False,1
84,799.15555555569,12,True,-1,True,False,ExtractTask,False,False,-1
84,799.15555555569,13,True,-1,False,False,RestTask,True,True,-1
84,799.15555555569,14,False,98,True,False,ExtractTask,True,False,1
84,799.15555555569,7,False,59,True,False,ExtractTask,True,False,2
85,805.688888889029,1,False,82,True,False,ExtractTask,True,False,2
85,805.688888889029,10,True,-1,False,False,RestTask,True,True,-1
85,805.688888889029,11,True,-1,False,False,RestTask,True,True,-1
85,805.688888889029,3,False,89,True,False,ExtractTask,True,False,2
85,805.688888889029,5,False,26,True,False,ExtractTask,False,False,2
85,805.688888889029,4,False,57,True,False,ExtractTask,True,False,1
85,805.688888889029,12,False,38,True,False,ExtractTask,False,False,3
85,805.688888889029,13,True,-1,False,False,RestTask,True,True,-1
85,805.688888889029,14,False,98,True,False,ExtractTask,True,False,1
85,805.688888889029,7,False,59,True,False,ExtractTask,True,False,2
86,819.200000000151,1,False,82,True,False,ExtractTask,True,False,2
86,819.200000000151,10,True,-1,False,False,RestTask,True,True,-1
86,819.200000000151,11,True,-1,False,False,RestTask,True,True,-1
86,819.200000000151,3,False,89,True,False,ExtractTask,True,False,2
86,819.200000000151,5,False,26,True,False,ExtractTask,True,False,2
86,819.200000000151,4,False,57,True,False,ExtractTask,True,False,1
86,819.200000000151,12,False,38,True,False,ExtractTask,False,False,3
86,819.200000000151,13,True,-1,False,False,RestTask,True,True,-1
86,819.200000000151,14,False,98,True,False,ExtractTask,True,False,1
86,819.200000000151,7,False,59,True,False,ExtractTask,True,False,2
87,825.733333333489,1,False,82,True,False,ExtractTask,True,False,2
87,825.733333333489,10,True,-1,True,False,ExtractTask,False,False,-1
87,825.733333333489,11,True,-1,False,False,RestTask,True,True,-1
87,825.733333333489,3,False,89,True,False,ExtractTask,True,False,2
87,825.733333333489,5,False,26,True,False,ExtractTask,True,False,2
87,825.733333333489,4,False,57,True,False,ExtractTask,True,False,1
87,825.733333333489,12,False,38,True,False,ExtractTask,True,False,3
87,825.733333333489,13,True,-1,False,False,RestTask,True,True,-1
87,825.733333333489,14,False,98,True,False,ExtractTask,True,False,1
87,825.733333333489,7,False,59,True,False,ExtractTask,True,False,2
88,849.244444444619,1,True,-1,False,False,ParkPodTask,True,True,-1
88,849.244444444619,10,False,2,True,False,ExtractTask,False,False,3
88,849.244444444619,11,True,-1,False,False,RestTask,True,True,-1
88,849.244444444619,3,False,89,True,False,ExtractTask,True,False,2
88,849.244444444619,5,False,26,True,False,ExtractTask,True,False,2
88,849.244444444619,4,False,57,True,False,ExtractTask,True,False,1
88,849.244444444619,12,False,38,True,False,ExtractTask,True,False,3
88,849.244444444619,13,True,-1,False,False,RestTask,True,True,-1
88,849.244444444619,14,False,98,True,False,ExtractTask,True,False,1
88,849.244444444619,7,True,-1,False,False,RestTask,False,True,-1
89,865.777777777965,1,True,-1,False,False,RestTask,True,True,-1
89,865.777777777965,10,False,2,True,False,ExtractTask,True,False,3
89,865.777777777965,11,True,-1,False,False,RestTask,True,True,-1
89,865.777777777965,3,False,89,True,False,ExtractTask,True,False,2
89,865.777777777965,5,False,26,True,False,ExtractTask,True,False,2
89,865.777777777965,4,False,57,True,False,ExtractTask,True,False,1
89,865.777777777965,12,False,38,True,False,ExtractTask,True,False,3
89,865.777777777965,13,True,-1,False,False,RestTask,True,True,-1
89,865.777777777965,14,False,98,True,False,ExtractTask,True,False,1
89,865.777777777965,7,True,-1,False,False,RestTask,True,True,-1
90,869.288888889079,1,True,-1,False,False,RestTask,True,True,-1
90,869.288888889079,10,False,2,True,False,ExtractTask,True,False,3
90,869.288888889079,11,True,-1,False,False,RestTask,True,True,-1
90,869.288888889079,3,False,89,True,False,ExtractTask,True,False,2
90,869.288888889079,5,False,26,True,False,ExtractTask,True,False,2
90,869.288888889079,4,False,57,True,False,ExtractTask,True,False,1
90,869.288888889079,12,False,38,True,False,ExtractTask,True,False,3
90,869.288888889079,13,True,-1,False,False,RestTask,True,True,-1
90,869.288888889079,14,False,98,True,False,ExtractTask,True,False,1
90,869.288888889079,7,True,-1,False,False,RestTask,True,True,-1
91,875.822222222418,1,True,-1,False,False,RestTask,True,True,-1
91,875.822222222418,10,False,2,True,False,ExtractTask,True,False,3
91,875.822222222418,11,True,-1,False,False,RestTask,True,True,-1
91,875.822222222418,3,False,89,True,False,ExtractTask,True,False,2
91,875.822222222418,5,False,26,True,False,ExtractTask,True,False,2
91,875.822222222418,4,False,57,True,False,ExtractTask,True,False,1
91,875.822222222418,12,False,38,True,False,ExtractTask,True,False,3
91,875.822222222418,13,True,-1,False,False,RestTask,True,True,-1
91,875.822222222418,14,False,98,True,False,ExtractTask,True,False,1
91,875.822222222418,7,True,-1,False,False,RestTask,True,True,-1
92,885.86666666687,1,True,-1,False,False,RestTask,True,True,-1
92,885.86666666687,10,False,2,True,False,ExtractTask,True,False,3
92,885.86666666687,11,True,-1,False,False,RestTask,True,True,-1
92,885.86666666687,3,False,89,True,False,ParkPodTask,False,False,1
92,885.86666666687,5,False,26,True,False,ExtractTask,True,False,2
92,885.86666666687,4,False,57,True,False,ExtractTask,False,False,1
92,885.86666666687,12,False,38,True,False,ExtractTask,True,False,3
92,885.86666666687,13,True,-1,False,False,RestTask,True,True,-1
92,885.86666666687,14,False,98,True,False,ExtractTask,True,False,1
92,885.86666666687,7,True,-1,False,False,RestTask,True,True,-1
93,889.33333333354,1,True,-1,False,False,RestTask,True,True,-1
93,889.33333333354,10,False,2,True,False,ExtractTask,False,False,3
93,889.33333333354,11,True,-1,False,False,RestTask,True,True,-1
93,889.33333333354,3,False,89,True,False,ParkPodTask,False,False,1
93,889.33333333354,5,False,26,True,False,ExtractTask,True,False,2
93,889.33333333354,4,False,57,True,False,ExtractTask,True,False,1
93,889.33333333354,12,False,38,True,False,ExtractTask,True,False,3
93,889.33333333354,13,True,-1,False,False,RestTask,True,True,-1
93,889.33333333354,14,False,98,True,False,ExtractTask,True,False,1
93,889.33333333354,7,True,-1,False,False,RestTask,True,True,-1
94,899.377777777992,1,True,-1,False,False,RestTask,True,True,-1
94,899.377777777992,10,False,2,True,False,ExtractTask,True,False,3
94,899.377777777992,11,True,-1,False,False,RestTask,True,True,-1
94,899.377777777992,3,True,-1,False,False,RestTask,False,True,-1
94,899.377777777992,5,False,26,True,False,ExtractTask,True,False,2
94,899.377777777992,4,False,57,True,False,ExtractTask,True,False,1
94,899.377777777992,12,False,38,True,False,ExtractTask,True,False,3
94,899.377777777992,13,True,-1,False,False,RestTask,True,True,-1
94,899.377777777992,14,False,98,True,False,ExtractTask,True,False,1
94,899.377777777992,7,True,-1,False,False,RestTask,True,True,-1
95,909.422222222445,1,True,-1,False,False,RestTask,True,True,-1
95,909.422222222445,10,False,2,True,False,ExtractTask,True,False,3
95,909.422222222445,11,True,-1,False,False,RestTask,True,True,-1
95,909.422222222445,3,True,-1,False,False,RestTask,True,True,-1
95,909.422222222445,5,False,26,True,False,ExtractTask,True,False,2
95,909.422222222445,4,False,57,True,False,ExtractTask,True,False,1
95,909.422222222445,12,False,38,True,False,ExtractTask,True,False,3
95,909.422222222445,13,True,-1,False,False,RestTask,True,True,-1
95,909.422222222445,14,False,98,True,False,ExtractTask,True,False,1
95,909.422222222445,7,True,-1,False,False,RestTask,True,True,-1
96,915.911111111339,1,True,-1,False,False,RestTask,True,True,-1
96,915.911111111339,10,False,2,True,False,ExtractTask,True,False,3
96,915.911111111339,11,True,-1,False,False,RestTask,True,True,-1
96,915.911111111339,3,True,-1,False,False,RestTask,True,True,-1
96,915.911111111339,5,False,26,True,False,ExtractTask,False,False,2
96,915.911111111339,4,False,57,True,False,ParkPodTask,False,False,1
96,915.911111111339,12,False,38,True,False,ExtractTask,True,False,3
96,915.911111111339,13,True,-1,False,False,RestTask,True,True,-1
96,915.911111111339,14,False,98,True,False,ExtractTask,True,False,1
96,915.911111111339,7,True,-1,False,False,RestTask,True,True,-1
97,919.466666666897,1,True,-1,False,False,RestTask,True,True,-1
97,919.466666666897,10,False,2,True,False,ExtractTask,True,False,3
97,919.466666666897,11,True,-1,False,False,RestTask,True,True,-1
97,919.466666666897,3,True,-1,False,False,RestTask,True,True,-1
97,919.466666666897,5,False,26,True,False,ExtractTask,True,False,2
97,919.466666666897,4,False,57,True,False,ParkPodTask,False,False,1
97,919.466666666897,12,False,38,True,False,ExtractTask,True,False,3
97,919.466666666897,13,True,-1,True,True,RestTask,True,False,-1
97,919.466666666897,14,False,98,True,False,ExtractTask,True,False,1
97,919.466666666897,7,True,-1,False,False,RestTask,True,True,-1
98,929.511111111349,1,True,-1,False,False,RestTask,True,True,-1
98,929.511111111349,10,False,2,True,False,ExtractTask,True,False,3
98,929.511111111349,11,True,-1,False,False,RestTask,True,True,-1
98,929.511111111349,3,True,-1,False,False,RestTask,True,True,-1
98,929.511111111349,5,False,26,True,False,ExtractTask,True,False,2
98,929.511111111349,4,True,-1,False,False,ParkPodTask,True,True,-1
98,929.511111111349,12,False,38,True,False,ExtractTask,True,False,3
98,929.511111111349,13,False,69,True,False,ExtractTask,True,False,2
98,929.511111111349,14,False,98,True,False,ExtractTask,True,False,1
98,929.511111111349,7,True,-1,False,False,RestTask,True,True,-1
99,945.955555555807,1,True,-1,False,False,RestTask,True,True,-1
99,945.955555555807,10,False,2,True,False,ExtractTask,False,False,3
99,945.955555555807,11,True,-1,False,False,RestTask,True,True,-1
99,945.955555555807,3,True,-1,False,False,RestTask,True,True,-1
99,945.955555555807,5,False,26,True,False,ParkPodTask,False,False,2
99,945.955555555807,4,True,-1,False,False,RestTask,True,True,-1
99,945.955555555807,12,False,38,True,False,ExtractTask,True,False,3
99,945.955555555807,13,False,69,True,False,ExtractTask,False,False,2
99,945.955555555807,14,False,98,True,False,ParkPodTask,False,False,1
99,945.955555555807,7,True,-1,False,False,RestTask,True,True,-1
100,949.55555555581,1,True,-1,False,False,RestTask,True,True,-1
100,949.55555555581,10,False,2,True,False,ExtractTask,True,False,3
100,949.55555555581,11,True,-1,False,False,RestTask,True,True,-1
100,949.55555555581,3,True,-1,False,False,RestTask,True,True,-1
100,949.55555555581,5,False,26,True,False,ParkPodTask,False,False,2
100,949.55555555581,4,True,-1,True,True,RestTask,True,False,-1
100,949.55555555581,12,False,38,True,False,ExtractTask,True,False,3
100,949.55555555581,13,False,69,True,False,ExtractTask,True,False,2
100,949.55555555581,14,True,-1,False,False,ParkPodTask,True,True,-1
100,949.55555555581,7,True,-1,False,False,RestTask,True,True,-1
101,966.000000000267,1,True,-1,False,False,RestTask,True,True,-1
101,966.000000000267,10,False,2,True,False,ExtractTask,True,False,3
101,966.000000000267,11,True,-1,False,False,RestTask,True,True,-1
101,966.000000000267,3,True,-1,False,False,RestTask,True,True,-1
101,966.000000000267,5,True,-1,False,False,RestTask,False,True,-1
101,966.000000000267,4,False,76,True,False,ExtractTask,False,False,2
101,966.000000000267,12,False,38,True,False,ExtractTask,True,False,3
101,966.000000000267,13,False,69,True,False,ExtractTask,True,False,2
101,966.000000000267,14,True,-1,False,False,RestTask,True,True,-1
101,966.000000000267,7,True,-1,False,False,RestTask,True,True,-1
102,969.60000000027,1,True,-1,False,False,RestTask,True,True,-1
102,969.60000000027,10,False,2,True,False,ExtractTask,True,False,3
102,969.60000000027,11,True,-1,False,False,RestTask,True,True,-1
102,969.60000000027,3,True,-1,False,False,RestTask,True,True,-1
102,969.60000000027,5,True,-1,False,False,RestTask,True,True,-1
102,969.60000000027,4,False,76,True,False,ExtractTask,False,False,2
102,969.60000000027,12,False,38,True,False,ExtractTask,True,False,3
102,969.60000000027,13,False,69,True,False,ExtractTask,True,False,2
102,969.60000000027,14,True,-1,False,False,RestTask,True,True,-1
102,969.60000000027,7,True,-1,False,False,RestTask,True,True,-1
103,976.04444444472,1,True,-1,False,False,RestTask,True,True,-1
103,976.04444444472,10,False,2,True,False,ExtractTask,True,False,3
103,976.04444444472,11,True,-1,False,False,RestTask,True,True,-1
103,976.04444444472,3,True,-1,False,False,RestTask,True,True,-1
103,976.04444444472,5,True,-1,False,False,RestTask,True,True,-1
103,976.04444444472,4,False,76,True,False,ExtractTask,False,False,2
103,976.04444444472,12,False,38,True,False,ExtractTask,True,False,3
103,976.04444444472,13,False,69,True,False,ExtractTask,True,False,2
103,976.04444444472,14,True,-1,False,False,RestTask,True,True,-1
103,976.04444444472,7,True,-1,False,False,RestTask,True,True,-1
104,996.08888888918,1,True,-1,False,False,RestTask,True,True,-1
104,996.08888888918,10,False,2,True,False,ExtractTask,True,False,3
104,996.08888888918,11,True,-1,False,False,RestTask,True,True,-1
104,996.08888888918,3,True,-1,False,False,RestTask,True,True,-1
104,996.08888888918,5,True,-1,False,False,RestTask,True,True,-1
104,996.08888888918,4,False,76,True,False,ExtractTask,True,False,2
104,996.08888888918,12,False,38,True,False,ExtractTask,True,False,3
104,996.08888888918,13,False,69,True,False,ExtractTask,True,False,2
104,996.08888888918,14,True,-1,False,False,RestTask,True,True,-1
104,996.08888888918,7,True,-1,False,False,RestTask,True,True,-1
105,1009.64444444475,1,True,-1,False,False,RestTask,True,True,-1
105,1009.64444444475,10,False,2,True,False,ExtractTask,True,False,3
105,1009.64444444475,11,True,-1,False,False,RestTask,True,True,-1
105,1009.64444444475,3,True,-1,False,False,RestTask,True,True,-1
105,1009.64444444475,5,True,-1,False,False,RestTask,True,True,-1
105,1009.64444444475,4,False,76,True,False,ExtractTask,True,False,2
105,1009.64444444475,12,False,38,True,False,ExtractTask,True,False,3
105,1009.64444444475,13,False,69,True,False,ExtractTask,True,False,2
105,1009.64444444475,14,True,-1,False,False,RestTask,True,True,-1
105,1009.64444444475,7,True,-1,False,False,RestTask,True,True,-1
106,1016.13333333364,1,True,-1,False,False,RestTask,True,True,-1
106,1016.13333333364,10,False,2,True,False,ExtractTask,True,False,3
106,1016.13333333364,11,True,-1,False,False,RestTask,True,True,-1
106,1016.13333333364,3,True,-1,False,False,RestTask,True,True,-1
106,1016.13333333364,5,True,-1,False,False,RestTask,True,True,-1
106,1016.13333333364,4,False,76,True,False,ExtractTask,True,False,2
106,1016.13333333364,12,False,38,True,False,ExtractTask,True,False,3
106,1016.13333333364,13,False,69,True,False,ExtractTask,True,False,2
106,1016.13333333364,14,True,-1,False,False,RestTask,True,True,-1
106,1016.13333333364,7,True,-1,False,False,RestTask,True,True,-1
107,1049.68888888922,1,True,-1,False,False,RestTask,True,True,-1
107,1049.68888888922,10,False,2,True,False,ExtractTask,True,False,3
107,1049.68888888922,11,True,-1,False,False,RestTask,True,True,-1
107,1049.68888888922,3,True,-1,False,False,RestTask,True,True,-1
107,1049.68888888922,5,True,-1,False,False,RestTask,True,True,-1
107,1049.68888888922,4,False,76,True,False,ExtractTask,True,False,2
107,1049.68888888922,12,False,38,True,False,ExtractTask,True,False,2
107,1049.68888888922,13,False,69,True,False,ExtractTask,True,False,2
107,1049.68888888922,14,True,-1,False,False,RestTask,True,True,-1
107,1049.68888888922,7,True,-1,False,False,RestTask,True,True,-1
108,1069.73333333368,1,True,-1,False,False,RestTask,True,True,-1
108,1069.73333333368,10,False,2,True,False,ExtractTask,True,False,3
108,1069.73333333368,11,True,-1,False,False,RestTask,True,True,-1
108,1069.73333333368,3,True,-1,False,False,RestTask,True,True,-1
108,1069.73333333368,5,True,-1,False,False,RestTask,True,True,-1
108,1069.73333333368,4,False,76,True,False,ExtractTask,True,False,2
108,1069.73333333368,12,False,38,True,False,ParkPodTask,False,False,2
108,1069.73333333368,13,False,69,True,False,ExtractTask,True,False,2
108,1069.73333333368,14,True,-1,False,False,RestTask,True,True,-1
108,1069.73333333368,7,True,-1,False,False,RestTask,True,True,-1
109,1076.17777777813,1,True,-1,False,False,RestTask,True,True,-1
109,1076.17777777813,10,False,2,True,False,ExtractTask,True,False,3
109,1076.17777777813,11,True,-1,False,False,RestTask,True,True,-1
109,1076.17777777813,3,True,-1,False,False,RestTask,True,True,-1
109,1076.17777777813,5,True,-1,False,False,RestTask,True,True,-1
109,1076.17777777813,4,False,76,True,False,ExtractTask,True,False,2
109,1076.17777777813,12,False,38,True,False,ParkPodTask,False,False,2
109,1076.17777777813,13,False,69,True,False,ExtractTask,True,False,2
109,1076.17777777813,14,True,-1,False,False,RestTask,True,True,-1
109,1076.17777777813,7,True,-1,False,False,RestTask,True,True,-1
110,1079.77777777814,1,True,-1,False,False,RestTask,True,True,-1
110,1079.77777777814,10,False,2,True,False,ExtractTask,True,False,3
110,1079.77777777814,11,True,-1,False,False,RestTask,True,True,-1
110,1079.77777777814,3,True,-1,False,False,RestTask,True,True,-1
110,1079.77777777814,5,True,-1,False,False,RestTask,True,True,-1
110,1079.77777777814,4,False,76,True,False,ExtractTask,True,False,2
110,1079.77777777814,12,False,38,True,False,ParkPodTask,False,False,2
110,1079.77777777814,13,False,69,True,False,ExtractTask,True,False,2
110,1079.77777777814,14,True,-1,False,False,RestTask,True,True,-1
110,1079.77777777814,7,True,-1,False,False,RestTask,True,True,-1
111,1086.22222222259,1,True,-1,False,False,RestTask,True,True,-1
111,1086.22222222259,10,False,2,True,False,ExtractTask,True,False,3
111,1086.22222222259,11,True,-1,False,False,RestTask,True,True,-1
111,1086.22222222259,3,True,-1,False,False,RestTask,True,True,-1
111,1086.22222222259,5,True,-1,False,False,RestTask,True,True,-1
111,1086.22222222259,4,False,76,True,False,ExtractTask,True,False,2
111,1086.22222222259,12,True,-1,False,False,RestTask,False,True,-1
111,1086.22222222259,13,False,69,True,False,ExtractTask,True,False,2
111,1086.22222222259,14,True,-1,False,False,RestTask,True,True,-1
111,1086.22222222259,7,True,-1,True,False,ExtractTask,False,False,-1
112,1099.8222222226,1,True,-1,False,False,RestTask,True,True,-1
112,1099.8222222226,10,False,2,True,False,ExtractTask,True,False,3
112,1099.8222222226,11,True,-1,False,False,RestTask,True,True,-1
112,1099.8222222226,3,True,-1,False,False,RestTask,True,True,-1
112,1099.8222222226,5,True,-1,False,False,RestTask,True,True,-1
112,1099.8222222226,4,False,76,True,False,ExtractTask,True,False,2
112,1099.8222222226,12,True,-1,False,False,RestTask,True,True,-1
112,1099.8222222226,13,False,69,True,False,ExtractTask,True,False,2
112,1099.8222222226,14,True,-1,False,False,RestTask,True,True,-1
112,1099.8222222226,7,False,44,True,False,ExtractTask,False,False,3
113,1109.86666666705,1,True,-1,False,False,RestTask,True,True,-1
113,1109.86666666705,10,False,2,True,False,ExtractTask,True,False,3
113,1109.86666666705,11,True,-1,False,False,RestTask,True,True,-1
113,1109.86666666705,3,True,-1,False,False,RestTask,True,True,-1
113,1109.86666666705,5,True,-1,False,False,RestTask,True,True,-1
113,1109.86666666705,4,False,76,True,False,ExtractTask,True,False,2
113,1109.86666666705,12,True,-1,False,False,RestTask,True,True,-1
113,1109.86666666705,13,False,69,True,False,ExtractTask,True,False,2
113,1109.86666666705,14,True,-1,False,False,RestTask,True,True,-1
113,1109.86666666705,7,False,44,True,False,ExtractTask,False,False,3
114,1116.26666666705,1,True,-1,False,False,RestTask,True,True,-1
114,1116.26666666705,10,False,2,True,False,ExtractTask,True,False,3
114,1116.26666666705,11,True,-1,False,False,RestTask,True,True,-1
114,1116.26666666705,3,True,-1,False,False,RestTask,True,True,-1
114,1116.26666666705,5,True,-1,False,False,RestTask,True,True,-1
114,1116.26666666705,4,False,76,True,False,ExtractTask,True,False,2
114,1116.26666666705,12,True,-1,False,False,RestTask,True,True,-1
114,1116.26666666705,13,False,69,True,False,ExtractTask,True,False,2
114,1116.26666666705,14,True,-1,False,False,RestTask,True,True,-1
114,1116.26666666705,7,False,44,True,False,ExtractTask,True,False,3
115,1119.9111111115,1,True,-1,False,False,RestTask,True,True,-1
115,1119.9111111115,10,False,2,True,False,ExtractTask,True,False,3
115,1119.9111111115,11,True,-1,False,False,RestTask,True,True,-1
115,1119.9111111115,3,True,-1,False,False,RestTask,True,True,-1
115,1119.9111111115,5,True,-1,False,False,RestTask,True,True,-1
115,1119.9111111115,4,False,76,True,False,ExtractTask,True,False,2
115,1119.9111111115,12,True,-1,False,False,RestTask,True,True,-1
115,1119.9111111115,13,False,69,True,False,ExtractTask,True,False,2
115,1119.9111111115,14,True,-1,False,False,RestTask,True,True,-1
115,1119.9111111115,7,False,44,True,False,ExtractTask,True,False,3
116,1129.95555555595,1,True,-1,False,False,RestTask,True,True,-1
116,1129.95555555595,10,False,2,True,False,ExtractTask,True,False,2
116,1129.95555555595,11,True,-1,False,False,RestTask,True,True,-1
116,1129.95555555595,3,True,-1,False,False,RestTask,True,True,-1
116,1129.95555555595,5,True,-1,False,False,RestTask,True,True,-1
116,1129.95555555595,4,False,76,True,False,ExtractTask,True,False,2
116,1129.95555555595,12,True,-1,False,False,RestTask,True,True,-1
116,1129.95555555595,13,False,69,True,False,ExtractTask,True,False,2
116,1129.95555555595,14,True,-1,False,False,RestTask,True,True,-1
116,1129.95555555595,7,False,44,True,False,ExtractTask,True,False,3
117,1136.31111111151,1,True,-1,False,False,RestTask,True,True,-1
117,1136.31111111151,10,False,2,True,False,ExtractTask,True,False,2
117,1136.31111111151,11,True,-1,False,False,RestTask,True,True,-1
117,1136.31111111151,3,True,-1,False,False,RestTask,True,True,-1
117,1136.31111111151,5,True,-1,False,False,RestTask,True,True,-1
117,1136.31111111151,4,False,76,True,False,ExtractTask,True,False,2
117,1136.31111111151,12,True,-1,False,False,RestTask,True,True,-1
117,1136.31111111151,13,False,69,True,False,ExtractTask,True,False,2
117,1136.31111111151,14,True,-1,False,False,RestTask,True,True,-1
117,1136.31111111151,7,False,44,True,False,ExtractTask,True,False,3
118,1150.00000000041,1,True,-1,False,False,RestTask,True,True,-1
118,1150.00000000041,10,False,2,True,False,ExtractTask,True,False,2
118,1150.00000000041,11,True,-1,False,False,RestTask,True,True,-1
118,1150.00000000041,3,True,-1,False,False,RestTask,True,True,-1
118,1150.00000000041,5,True,-1,False,False,RestTask,True,True,-1
118,1150.00000000041,4,False,76,True,False,ExtractTask,True,False,2
118,1150.00000000041,12,True,-1,False,False,RestTask,True,True,-1
118,1150.00000000041,13,False,69,True,False,ExtractTask,True,False,2
118,1150.00000000041,14,True,-1,False,False,RestTask,True,True,-1
118,1150.00000000041,7,False,44,True,False,ExtractTask,True,False,3
119,1156.35555555597,1,False,68,True,False,ExtractTask,True,False,3
119,1156.35555555597,10,False,2,True,False,ExtractTask,True,False,2
119,1156.35555555597,11,True,-1,False,False,RestTask,True,True,-1
119,1156.35555555597,3,True,-1,False,False,RestTask,True,True,-1
119,1156.35555555597,5,True,-1,False,False,RestTask,True,True,-1
119,1156.35555555597,4,False,76,True,False,ExtractTask,True,False,2
119,1156.35555555597,12,True,-1,False,False,RestTask,True,True,-1
119,1156.35555555597,13,False,69,True,False,ExtractTask,True,False,2
119,1156.35555555597,14,True,-1,False,False,RestTask,True,True,-1
119,1156.35555555597,7,False,44,True,False,ExtractTask,True,False,3
120,1176.40000000043,1,False,68,True,False,ExtractTask,False,False,3
120,1176.40000000043,10,True,-1,False,False,RestTask,False,True,-1
120,1176.40000000043,11,True,-1,False,False,RestTask,True,True,-1
120,1176.40000000043,3,True,-1,False,False,RestTask,True,True,-1
120,1176.40000000043,5,True,-1,False,False,RestTask,True,True,-1
120,1176.40000000043,4,False,76,True,False,ExtractTask,True,False,2
120,1176.40000000043,12,True,-1,False,False,RestTask,True,True,-1
120,1176.40000000043,13,False,69,True,False,ExtractTask,True,False,2
120,1176.40000000043,14,True,-1,False,False,RestTask,True,True,-1
120,1176.40000000043,7,False,44,True,False,ExtractTask,True,False,3
121,1180.04444444488,1,False,68,True,False,ExtractTask,False,False,3
121,1180.04444444488,10,True,-1,False,False,RestTask,False,True,-1
121,1180.04444444488,11,True,-1,False,False,RestTask,True,True,-1
121,1180.04444444488,3,True,-1,False,False,RestTask,True,True,-1
121,1180.04444444488,5,True,-1,True,True,RestTask,True,False,-1
121,1180.04444444488,4,False,76,True,False,ExtractTask,True,False,2
121,1180.04444444488,12,True,-1,False,False,RestTask,True,True,-1
121,1180.04444444488,13,False,69,True,False,ExtractTask,True,False,2
121,1180.04444444488,14,True,-1,False,False,RestTask,True,True,-1
121,1180.04444444488,7,False,44,True,False,ExtractTask,True,False,3
122,1190.08888888933,1,False,68,True,False,ExtractTask,True,False,3
122,1190.08888888933,10,True,-1,False,False,RestTask,True,True,-1
122,1190.08888888933,11,True,-1,False,False,RestTask,True,True,-1
122,1190.08888888933,3,True,-1,False,False,RestTask,True,True,-1
122,1190.08888888933,5,False,36,True,False,ExtractTask,True,False,2
122,1190.08888888933,4,False,76,True,False,ExtractTask,True,False,2
122,1190.08888888933,12,True,-1,False,False,RestTask,True,True,-1
122,1190.08888888933,13,False,69,True,False,ExtractTask,True,False,2
122,1190.08888888933,14,True,-1,False,False,RestTask,True,True,-1
122,1190.08888888933,7,False,44,True,False,ExtractTask,True,False,3
123,1196.4444444449,1,False,68,True,False,ExtractTask,True,False,3
123,1196.4444444449,10,True,-1,False,False,RestTask,True,True,-1
123,1196.4444444449,11,True,-1,False,False,RestTask,True,True,-1
123,1196.4444444449,3,True,-1,False,False,RestTask,True,True,-1
123,1196.4444444449,5,False,36,True,False,ExtractTask,False,False,2
123,1196.4444444449,4,False,76,True,False,ExtractTask,True,False,2
123,1196.4444444449,12,True,-1,False,False,RestTask,True,True,-1
123,1196.4444444449,13,False,69,True,False,ExtractTask,True,False,2
123,1196.4444444449,14,True,-1,False,False,RestTask,True,True,-1
123,1196.4444444449,7,False,44,True,False,ExtractTask,True,False,3
124,1200.13333333379,1,False,68,True,False,ExtractTask,True,False,3
124,1200.13333333379,10,True,-1,False,False,RestTask,True,True,-1
124,1200.13333333379,11,True,-1,False,False,RestTask,True,True,-1
124,1200.13333333379,3,True,-1,False,False,RestTask,True,True,-1
124,1200.13333333379,5,False,36,True,False,ExtractTask,False,False,2
124,1200.13333333379,4,False,76,True,False,ExtractTask,True,False,2
124,1200.13333333379,12,True,-1,False,False,RestTask,True,True,-1
124,1200.13333333379,13,False,69,True,False,ExtractTask,True,False,2
124,1200.13333333379,14,True,-1,False,False,RestTask,True,True,-1
124,1200.13333333379,7,False,44,True,False,ExtractTask,True,False,3
125,1206.48888888935,1,False,68,True,False,ExtractTask,True,False,3
125,1206.48888888935,10,True,-1,False,False,RestTask,True,True,-1
125,1206.48888888935,11,True,-1,False,False,RestTask,True,True,-1
125,1206.48888888935,3,True,-1,False,False,RestTask,True,True,-1
125,1206.48888888935,5,False,36,True,False,ExtractTask,False,False,2
125,1206.48888888935,4,False,76,True,False,ExtractTask,True,False,2
125,1206.48888888935,12,True,-1,False,False,RestTask,True,True,-1
125,1206.48888888935,13,False,69,True,False,ExtractTask,True,False,2
125,1206.48888888935,14,True,-1,False,False,RestTask,True,True,-1
125,1206.48888888935,7,False,44,True,False,ExtractTask,True,False,3
126,1210.17777777824,1,False,68,True,False,ExtractTask,True,False,3
126,1210.17777777824,10,True,-1,False,False,RestTask,True,True,-1
126,1210.17777777824,11,True,-1,False,False,RestTask,True,True,-1
126,1210.17777777824,3,True,-1,False,False,RestTask,True,True,-1
126,1210.17777777824,5,False,36,True,False,ExtractTask,False,False,2
126,1210.17777777824,4,False,76,True,False,ExtractTask,True,False,2
126,1210.17777777824,12,True,-1,False,False,RestTask,True,True,-1
126,1210.17777777824,13,False,69,True,False,ExtractTask,True,False,2
126,1210.17777777824,14,True,-1,False,False,RestTask,True,True,-1
126,1210.17777777824,7,False,44,True,False,ExtractTask,True,False,3
127,1220.22222222269,1,False,68,True,False,ExtractTask,True,False,3
127,1220.22222222269,10,True,-1,False,False,RestTask,True,True,-1
127,1220.22222222269,11,True,-1,False,False,RestTask,True,True,-1
127,1220.22222222269,3,True,-1,False,False,RestTask,True,True,-1
127,1220.22222222269,5,False,36,True,False,ExtractTask,True,False,2
127,1220.22222222269,4,False,76,True,False,ExtractTask,True,False,2
127,1220.22222222269,12,True,-1,False,False,RestTask,True,True,-1
127,1220.22222222269,13,False,69,True,False,ExtractTask,True,False,2
127,1220.22222222269,14,True,-1,False,False,RestTask,True,True,-1
127,1220.22222222269,7,False,44,True,False,ExtractTask,True,False,2
128,1226.53333333381,1,False,68,True,False,ExtractTask,True,False,3
128,1226.53333333381,10,True,-1,False,False,RestTask,True,True,-1
128,1226.53333333381,11,True,-1,False,False,RestTask,True,True,-1
128,1226.53333333381,3,True,-1,False,False,RestTask,True,True,-1
128,1226.53333333381,5,False,36,True,False,ExtractTask,True,False,2
128,1226.53333333381,4,False,76,True,False,ExtractTask,True,False,2
128,1226.53333333381,12,True,-1,False,False,RestTask,True,True,-1
128,1226.53333333381,13,False,69,True,False,ExtractTask,True,False,2
128,1226.53333333381,14,True,-1,False,False,RestTask,True,True,-1
128,1226.53333333381,7,False,44,True,False,ExtractTask,True,False,2
129,1240.26666666715,1,False,68,True,False,ExtractTask,True,False,3
129,1240.26666666715,10,True,-1,False,False,RestTask,True,True,-1
129,1240.26666666715,11,True,-1,False,False,RestTask,True,True,-1
129,1240.26666666715,3,True,-1,False,False,RestTask,True,True,-1
129,1240.26666666715,5,False,36,True,False,ExtractTask,True,False,2
129,1240.26666666715,4,False,76,True,False,ExtractTask,True,False,2
129,1240.26666666715,12,True,-1,False,False,RestTask,True,True,-1
129,1240.26666666715,13,True,-1,False,False,ParkPodTask,True,True,-1
129,1240.26666666715,14,True,-1,False,False,RestTask,True,True,-1
129,1240.26666666715,7,False,44,True,False,ExtractTask,True,False,2
130,1246.57777777827,1,False,68,True,False,ExtractTask,False,False,3
130,1246.57777777827,10,True,-1,False,False,RestTask,True,True,-1
130,1246.57777777827,11,True,-1,False,False,RestTask,True,True,-1
130,1246.57777777827,3,True,-1,False,False,RestTask,True,True,-1
130,1246.57777777827,5,False,36,True,False,ExtractTask,True,False,2
130,1246.57777777827,4,False,76,True,False,ExtractTask,True,False,2
130,1246.57777777827,12,True,-1,False,False,RestTask,True,True,-1
130,1246.57777777827,13,True,-1,False,False,RestTask,False,True,-1
130,1246.57777777827,14,True,-1,False,False,RestTask,True,True,-1
130,1246.57777777827,7,False,44,True,False,ParkPodTask,False,False,2
131,1250.3111111116,1,False,68,True,False,ExtractTask,True,False,3
131,1250.3111111116,10,True,-1,False,False,RestTask,True,True,-1
131,1250.3111111116,11,True,-1,False,False,RestTask,True,True,-1
131,1250.3111111116,3,True,-1,False,False,RestTask,True,True,-1
131,1250.3111111116,5,False,36,True,False,ExtractTask,True,False,2
131,1250.3111111116,4,False,76,True,False,ExtractTask,True,False,2
131,1250.3111111116,12,True,-1,False,False,RestTask,True,True,-1
131,1250.3111111116,13,True,-1,False,False,RestTask,True,True,-1
131,1250.3111111116,14,True,-1,False,False,RestTask,True,True,-1
131,1250.3111111116,7,False,44,True,False,ParkPodTask,False,False,2
132,1260.35555555606,1,False,68,True,False,ExtractTask,True,False,3
132,1260.35555555606,10,True,-1,True,False,ExtractTask,False,False,-1
132,1260.35555555606,11,True,-1,False,False,RestTask,True,True,-1
132,1260.35555555606,3,True,-1,False,False,RestTask,True,True,-1
132,1260.35555555606,5,False,36,True,False,ExtractTask,True,False,2
132,1260.35555555606,4,False,76,True,False,ExtractTask,True,False,2
132,1260.35555555606,12,True,-1,False,False,RestTask,True,True,-1
132,1260.35555555606,13,True,-1,False,False,RestTask,True,True,-1
132,1260.35555555606,14,True,-1,False,False,RestTask,True,True,-1
132,1260.35555555606,7,True,-1,False,False,RestTask,False,True,-1
133,1276.62222222274,1,False,68,True,False,ExtractTask,True,False,3
133,1276.62222222274,10,False,22,True,False,ExtractTask,False,False,2
133,1276.62222222274,11,True,-1,False,False,RestTask,True,True,-1
133,1276.62222222274,3,True,-1,False,False,RestTask,True,True,-1
133,1276.62222222274,5,False,36,True,False,ExtractTask,True,False,2
133,1276.62222222274,4,False,76,True,False,ParkPodTask,False,False,2
133,1276.62222222274,12,True,-1,False,False,RestTask,True,True,-1
133,1276.62222222274,13,True,-1,False,False,RestTask,True,True,-1
133,1276.62222222274,14,True,-1,False,False,RestTask,True,True,-1
133,1276.62222222274,7,True,-1,False,False,RestTask,True,True,-1
134,1280.40000000052,1,False,68,True,False,ExtractTask,True,False,3
134,1280.40000000052,10,False,22,True,False,ExtractTask,False,False,2
134,1280.40000000052,11,True,-1,False,False,RestTask,True,True,-1
134,1280.40000000052,3,True,-1,False,False,RestTask,True,True,-1
134,1280.40000000052,5,False,36,True,False,ExtractTask,True,False,2
134,1280.40000000052,4,True,-1,False,False,ParkPodTask,True,True,-1
134,1280.40000000052,12,True,-1,False,False,RestTask,True,True,-1
134,1280.40000000052,13,True,-1,False,False,RestTask,True,True,-1
134,1280.40000000052,14,True,-1,False,False,RestTask,True,True,-1
134,1280.40000000052,7,True,-1,False,False,RestTask,True,True,-1
135,1286.66666666719,1,False,68,True,False,ExtractTask,True,False,3
135,1286.66666666719,10,False,22,True,False,ExtractTask,False,False,2
135,1286.66666666719,11,True,-1,False,False,RestTask,True,True,-1
135,1286.66666666719,3,True,-1,False,False,RestTask,True,True,-1
135,1286.66666666719,5,False,36,True,False,ExtractTask,True,False,2
135,1286.66666666719,4,True,-1,False,False,RestTask,False,True,-1
135,1286.66666666719,12,True,-1,False,False,RestTask,True,True,-1
135,1286.66666666719,13,True,-1,False,False,RestTask,True,True,-1
135,1286.66666666719,14,True,-1,False,False,RestTask,True,True,-1
135,1286.66666666719,7,True,-1,False,False,RestTask,True,True,-1
136,1300.44444444498,1,False,68,True,False,ExtractTask,True,False,3
136,1300.44444444498,10,False,22,True,False,ExtractTask,True,False,2
136,1300.44444444498,11,False,11,True,False,ExtractTask,False,False,3
136,1300.44444444498,3,True,-1,False,False,RestTask,True,True,-1
136,1300.44444444498,5,False,36,True,False,ExtractTask,True,False,2
136,1300.44444444498,4,True,-1,False,False,RestTask,True,True,-1
136,1300.44444444498,12,True,-1,False,False,RestTask,True,True,-1
136,1300.44444444498,13,True,-1,False,False,RestTask,True,True,-1
136,1300.44444444498,14,True,-1,False,False,RestTask,True,True,-1
136,1300.44444444498,7,True,-1,False,False,RestTask,True,True,-1
137,1306.71111111165,1,False,68,True,False,ExtractTask,True,False,3
137,1306.71111111165,10,False,22,True,False,ExtractTask,True,False,2
137,1306.71111111165,11,False,11,True,False,ExtractTask,False,False,3
137,1306.71111111165,3,True,-1,False,False,RestTask,True,True,-1
137,1306.71111111165,5,False,36,True,False,ExtractTask,True,False,2
137,1306.71111111165,4,True,-1,False,False,RestTask,True,True,-1
137,1306.71111111165,12,True,-1,False,False,RestTask,True,True,-1
137,1306.71111111165,13,True,-1,False,False,RestTask,True,True,-1
137,1306.71111111165,14,True,-1,False,False,RestTask,True,True,-1
137,1306.71111111165,7,True,-1,False,False,RestTask,True,True,-1
138,1320.48888888944,1,False,68,True,False,ExtractTask,True,False,3
138,1320.48888888944,10,False,22,True,False,ExtractTask,True,False,2
138,1320.48888888944,11,False,11,True,False,ExtractTask,True,False,3
138,1320.48888888944,3,True,-1,False,False,RestTask,True,True,-1
138,1320.48888888944,5,False,36,True,False,ExtractTask,True,False,2
138,1320.48888888944,4,True,-1,False,False,RestTask,True,True,-1
138,1320.48888888944,12,False,26,True,False,ExtractTask,True,False,2
138,1320.48888888944,13,False,66,True,False,ExtractTask,False,False,2
138,1320.48888888944,14,True,-1,False,False,RestTask,True,True,-1
138,1320.48888888944,7,True,-1,False,False,RestTask,True,True,-1
139,1326.75555555611,1,False,68,True,False,ExtractTask,True,False,3
139,1326.75555555611,10,False,22,True,False,ExtractTask,True,False,2
139,1326.75555555611,11,False,11,True,False,ExtractTask,True,False,3
139,1326.75555555611,3,True,-1,False,False,RestTask,True,True,-1
139,1326.75555555611,5,False,36,True,False,ExtractTask,True,False,2
139,1326.75555555611,4,True,-1,False,False,RestTask,True,True,-1
139,1326.75555555611,12,False,26,True,False,ExtractTask,False,False,2
139,1326.75555555611,13,False,66,True,False,ExtractTask,False,False,2
139,1326.75555555611,14,True,-1,False,False,RestTask,True,True,-1
139,1326.75555555611,7,True,-1,False,False,RestTask,True,True,-1
140,1330.53333333389,1,False,68,True,False,ExtractTask,True,False,3
140,1330.53333333389,10,False,22,True,False,ExtractTask,True,False,2
140,1330.53333333389,11,False,11,True,False,ExtractTask,True,False,3
140,1330.53333333389,3,True,-1,False,False,RestTask,True,True,-1
140,1330.53333333389,5,False,36,True,False,ExtractTask,True,False,2
140,1330.53333333389,4,True,-1,False,False,RestTask,True,True,-1
140,1330.53333333389,12,False,26,True,False,ExtractTask,False,False,2
140,1330.53333333389,13,False,66,True,False,ExtractTask,False,False,2
140,1330.53333333389,14,True,-1,False,False,RestTask,True,True,-1
140,1330.53333333389,7,True,-1,False,False,RestTask,True,True,-1
141,1336.80000000056,1,False,68,True,False,ExtractTask,True,False,2
141,1336.80000000056,10,False,22,True,False,ExtractTask,True,False,2
141,1336.80000000056,11,False,11,True,False,ExtractTask,True,False,3
141,1336.80000000056,3,True,-1,False,False,RestTask,True,True,-1
141,1336.80000000056,5,False,36,True,False,ExtractTask,True,False,2
141,1336.80000000056,4,True,-1,False,False,RestTask,True,True,-1
141,1336.80000000056,12,False,26,True,False,ExtractTask,False,False,2
141,1336.80000000056,13,False,66,True,False,ExtractTask,False,False,2
141,1336.80000000056,14,True,-1,False,False,RestTask,True,True,-1
141,1336.80000000056,7,True,-1,False,False,RestTask,True,True,-1
142,1346.84444444501,1,False,68,True,False,ExtractTask,True,False,2
142,1346.84444444501,10,False,22,True,False,ExtractTask,True,False,2
142,1346.84444444501,11,False,11,True,False,ExtractTask,True,False,3
142,1346.84444444501,3,True,-1,False,False,RestTask,True,True,-1
142,1346.84444444501,5,False,36,True,False,ExtractTask,True,False,2
142,1346.84444444501,4,True,-1,False,False,RestTask,True,True,-1
142,1346.84444444501,12,False,26,True,False,ExtractTask,False,False,2
142,1346.84444444501,13,False,66,True,False,ExtractTask,True,False,2
142,1346.84444444501,14,True,-1,False,False,RestTask,True,True,-1
142,1346.84444444501,7,True,-1,False,False,RestTask,True,True,-1
143,1356.88888888947,1,False,68,True,False,ExtractTask,True,False,2
143,1356.88888888947,10,False,22,True,False,ExtractTask,True,False,2
143,1356.88888888947,11,False,11,True,False,ExtractTask,True,False,3
143,1356.88888888947,3,True,-1,False,False,RestTask,True,True,-1
143,1356.88888888947,5,False,36,True,False,ExtractTask,True,False,2
143,1356.88888888947,4,True,-1,False,False,RestTask,True,True,-1
143,1356.88888888947,12,False,26,True,False,ExtractTask,True,False,2
143,1356.88888888947,13,False,66,True,False,ExtractTask,True,False,2
143,1356.88888888947,14,True,-1,False,False,RestTask,True,True,-1
143,1356.88888888947,7,True,-1,False,False,RestTask,True,True,-1
144,1380.57777777838,1,False,68,True,False,ExtractTask,True,False,2
144,1380.57777777838,10,False,22,True,False,ExtractTask,True,False,2
144,1380.57777777838,11,False,11,True,False,ExtractTask,True,False,3
144,1380.57777777838,3,True,-1,False,False,RestTask,True,True,-1
144,1380.57777777838,5,False,36,True,False,ParkPodTask,False,False,1
144,1380.57777777838,4,True,-1,False,False,RestTask,True,True,-1
144,1380.57777777838,12,False,26,True,False,ExtractTask,True,False,2
144,1380.57777777838,13,False,66,True,False,ExtractTask,True,False,2
144,1380.57777777838,14,True,-1,False,False,RestTask,True,True,-1
144,1380.57777777838,7,True,-1,False,False,RestTask,True,True,-1
145,1390.62222222283,1,False,68,True,False,ExtractTask,True,False,2
145,1390.62222222283,10,False,22,True,False,ExtractTask,True,False,2
145,1390.62222222283,11,False,11,True,False,ExtractTask,True,False,3
145,1390.62222222283,3,True,-1,False,False,RestTask,True,True,-1
145,1390.62222222283,5,False,36,True,False,ParkPodTask,False,False,1
145,1390.62222222283,4,True,-1,False,False,RestTask,True,True,-1
145,1390.62222222283,12,False,26,True,False,ExtractTask,True,False,2
145,1390.62222222283,13,False,66,True,False,ExtractTask,True,False,2
145,1390.62222222283,14,True,-1,False,False,RestTask,True,True,-1
145,1390.62222222283,7,True,-1,False,False,RestTask,True,True,-1
146,1400.66666666728,1,False,68,True,False,ExtractTask,True,False,2
146,1400.66666666728,10,False,22,True,False,ExtractTask,True,False,2
146,1400.66666666728,11,False,11,True,False,ExtractTask,True,False,3
146,1400.66666666728,3,True,-1,False,False,RestTask,True,True,-1
146,1400.66666666728,5,True,-1,False,False,RestTask,False,True,-1
146,1400.66666666728,4,True,-1,False,False,RestTask,True,True,-1
146,1400.66666666728,12,False,26,True,False,ExtractTask,True,False,2
146,1400.66666666728,13,False,66,True,False,ExtractTask,True,False,2
146,1400.66666666728,14,True,-1,False,False,RestTask,True,True,-1
146,1400.66666666728,7,True,-1,False,False,RestTask,True,True,-1
147,1406.93333333395,1,False,68,True,False,ExtractTask,True,False,2
147,1406.93333333395,10,False,22,True,False,ExtractTask,True,False,2
147,1406.93333333395,11,False,11,True,False,ExtractTask,True,False,3
147,1406.93333333395,3,True,-1,False,False,RestTask,True,True,-1
147,1406.93333333395,5,True,-1,False,False,RestTask,True,True,-1
147,1406.93333333395,4,True,-1,False,False,RestTask,True,True,-1
147,1406.93333333395,12,False,26,True,False,ExtractTask,True,False,2
147,1406.93333333395,13,False,66,True,False,ExtractTask,True,False,2
147,1406.93333333395,14,True,-1,False,False,RestTask,True,True,-1
147,1406.93333333395,7,True,-1,False,False,RestTask,True,True,-1
148,1410.71111111173,1,False,68,True,False,ExtractTask,True,False,2
148,1410.71111111173,10,False,22,True,False,ExtractTask,True,False,2
148,1410.71111111173,11,False,11,True,False,ExtractTask,True,False,3
148,1410.71111111173,3,True,-1,False,False,RestTask,True,True,-1
148,1410.71111111173,5,True,-1,False,False,RestTask,True,True,-1
148,1410.71111111173,4,True,-1,False,False,RestTask,True,True,-1
148,1410.71111111173,12,False,26,True,False,ExtractTask,True,False,2
148,1410.71111111173,13,False,66,True,False,ExtractTask,True,False,2
148,1410.71111111173,14,True,-1,False,False,RestTask,True,True,-1
148,1410.71111111173,7,True,-1,False,False,RestTask,True,True,-1
149,1430.75555555619,1,False,68,True,False,ExtractTask,True,False,2
149,1430.75555555619,10,False,22,True,False,ExtractTask,True,False,2
149,1430.75555555619,11,False,11,True,False,ExtractTask,True,False,3
149,1430.75555555619,3,True,-1,False,False,RestTask,True,True,-1
149,1430.75555555619,5,True,-1,False,False,RestTask,True,True,-1
149,1430.75555555619,4,True,-1,False,False,RestTask,True,True,-1
149,1430.75555555619,12,False,26,True,False,ExtractTask,True,False,2
149,1430.75555555619,13,False,66,True,False,ExtractTask,True,False,2
149,1430.75555555619,14,True,-1,False,False,RestTask,True,True,-1
149,1430.75555555619,7,True,-1,False,False,RestTask,True,True,-1
150,1440.80000000065,1,False,68,True,False,ParkPodTask,False,False,1
150,1440.80000000065,10,False,22,True,False,ExtractTask,True,False,2
150,1440.80000000065,11,False,11,True,False,ExtractTask,True,False,3
150,1440.80000000065,3,True,-1,False,False,RestTask,True,True,-1
150,1440.80000000065,5,True,-1,False,False,RestTask,True,True,-1
150,1440.80000000065,4,True,-1,False,False,RestTask,True,True,-1
150,1440.80000000065,12,False,26,True,False,ExtractTask,True,False,2
150,1440.80000000065,13,False,66,True,False,ExtractTask,True,False,2
150,1440.80000000065,14,False,47,True,False,ExtractTask,False,False,3
150,1440.80000000065,7,True,-1,False,False,RestTask,True,True,-1
151,1450.8444444451,1,True,-1,False,False,RestTask,False,True,-1
151,1450.8444444451,10,False,22,True,False,ExtractTask,True,False,2
151,1450.8444444451,11,False,11,True,False,ParkPodTask,False,False,3
151,1450.8444444451,3,True,-1,False,False,RestTask,True,True,-1
151,1450.8444444451,5,True,-1,False,False,RestTask,True,True,-1
151,1450.8444444451,4,True,-1,False,False,RestTask,True,True,-1
151,1450.8444444451,12,False,26,True,False,ExtractTask,True,False,2
151,1450.8444444451,13,False,66,True,False,ExtractTask,True,False,2
151,1450.8444444451,14,False,47,True,False,ExtractTask,False,False,3
151,1450.8444444451,7,True,-1,False,False,RestTask,True,True,-1
152,1456.97777777844,1,True,-1,False,False,RestTask,True,True,-1
152,1456.97777777844,10,False,22,True,False,ExtractTask,True,False,2
152,1456.97777777844,11,False,11,True,False,ParkPodTask,False,False,3
152,1456.97777777844,3,True,-1,False,False,RestTask,True,True,-1
152,1456.97777777844,5,True,-1,False,False,RestTask,True,True,-1
152,1456.97777777844,4,True,-1,False,False,RestTask,True,True,-1
152,1456.97777777844,12,False,26,True,False,ExtractTask,True,False,2
152,1456.97777777844,13,False,66,True,False,ExtractTask,True,False,2
152,1456.97777777844,14,False,47,True,False,ExtractTask,True,False,3
152,1456.97777777844,7,True,-1,False,False,RestTask,True,True,-1
153,1470.88888888956,1,True,-1,False,False,RestTask,True,True,-1
153,1470.88888888956,10,False,22,True,False,ExtractTask,True,False,2
153,1470.88888888956,11,True,-1,False,False,RestTask,False,True,-1
153,1470.88888888956,3,True,-1,False,False,RestTask,True,True,-1
153,1470.88888888956,5,True,-1,False,False,RestTask,True,True,-1
153,1470.88888888956,4,True,-1,False,False,RestTask,True,True,-1
153,1470.88888888956,12,False,26,True,False,ExtractTask,True,False,2
153,1470.88888888956,13,False,66,True,False,ExtractTask,True,False,2
153,1470.88888888956,14,False,47,True,False,ExtractTask,True,False,3
153,1470.88888888956,7,True,-1,False,False,RestTask,True,True,-1
154,1480.93333333401,1,True,-1,False,False,RestTask,True,True,-1
154,1480.93333333401,10,False,22,True,False,ExtractTask,True,False,2
154,1480.93333333401,11,True,-1,False,False,RestTask,True,True,-1
154,1480.93333333401,3,True,-1,False,False,RestTask,True,True,-1
154,1480.93333333401,5,True,-1,False,False,RestTask,True,True,-1
154,1480.93333333401,4,True,-1,False,False,RestTask,True,True,-1
154,1480.93333333401,12,False,26,True,False,ExtractTask,True,False,2
154,1480.93333333401,13,False,66,True,False,ExtractTask,True,False,2
154,1480.93333333401,14,False,47,True,False,ExtractTask,True,False,3
154,1480.93333333401,7,True,-1,False,False,RestTask,True,True,-1
155,1487.0222222229,1,True,-1,False,False,RestTask,True,True,-1
155,1487.0222222229,10,False,22,True,False,ExtractTask,True,False,1
155,1487.0222222229,11,True,-1,False,False,RestTask,True,True,-1
155,1487.0222222229,3,True,-1,False,False,RestTask,True,True,-1
155,1487.0222222229,5,True,-1,False,False,RestTask,True,True,-1
155,1487.0222222229,4,True,-1,False,False,RestTask,True,True,-1
155,1487.0222222229,12,False,26,True,False,ExtractTask,True,False,2
155,1487.0222222229,13,False,66,True,False,ExtractTask,True,False,2
155,1487.0222222229,14,False,47,True,False,ExtractTask,True,False,3
155,1487.0222222229,7,True,-1,False,False,RestTask,True,True,-1
156,1490.97777777846,1,True,-1,False,False,RestTask,True,True,-1
156,1490.97777777846,10,False,22,True,False,ExtractTask,True,False,1
156,1490.97777777846,11,True,-1,False,False,RestTask,True,True,-1
156,1490.97777777846,3,True,-1,False,False,RestTask,True,True,-1
156,1490.97777777846,5,True,-1,False,False,RestTask,True,True,-1
156,1490.97777777846,4,True,-1,False,False,RestTask,True,True,-1
156,1490.97777777846,12,False,26,True,False,ExtractTask,True,False,2
156,1490.97777777846,13,False,66,True,False,ExtractTask,True,False,2
156,1490.97777777846,14,False,47,True,False,ExtractTask,True,False,3
156,1490.97777777846,7,True,-1,False,False,RestTask,True,True,-1
157,1497.06666666736,1,True,-1,False,False,RestTask,True,True,-1
157,1497.06666666736,10,False,22,True,False,ExtractTask,True,False,1
157,1497.06666666736,11,True,-1,False,False,RestTask,True,True,-1
157,1497.06666666736,3,True,-1,False,False,RestTask,True,True,-1
157,1497.06666666736,5,True,-1,False,False,RestTask,True,True,-1
157,1497.06666666736,4,True,-1,False,False,RestTask,True,True,-1
157,1497.06666666736,12,False,26,True,False,ExtractTask,True,False,2
157,1497.06666666736,13,False,66,True,False,ExtractTask,True,False,2
157,1497.06666666736,14,False,47,True,False,ExtractTask,True,False,3
157,1497.06666666736,7,True,-1,False,False,RestTask,True,True,-1
158,1521.02222222293,1,True,-1,False,False,RestTask,True,True,-1
158,1521.02222222293,10,False,22,True,False,ParkPodTask,False,False,1
158,1521.02222222293,11,True,-1,False,False,RestTask,True,True,-1
158,1521.02222222293,3,True,-1,False,False,RestTask,True,True,-1
158,1521.02222222293,5,True,-1,False,False,RestTask,True,True,-1
158,1521.02222222293,4,True,-1,False,False,RestTask,True,True,-1
158,1521.02222222293,12,False,26,True,False,ExtractTask,True,False,2
158,1521.02222222293,13,False,66,True,False,ExtractTask,True,False,2
158,1521.02222222293,14,False,47,True,False,ExtractTask,True,False,3
158,1521.02222222293,7,True,-1,False,False,RestTask,True,True,-1
159,1531.06666666738,1,True,-1,False,False,RestTask,True,True,-1
159,1531.06666666738,10,True,-1,False,False,RestTask,False,True,-1
159,1531.06666666738,11,True,-1,False,False,RestTask,True,True,-1
159,1531.06666666738,3,True,-1,False,False,RestTask,True,True,-1
159,1531.06666666738,5,True,-1,False,False,RestTask,True,True,-1
159,1531.06666666738,4,True,-1,False,False,RestTask,True,True,-1
159,1531.06666666738,12,False,26,True,False,ExtractTask,True,False,2
159,1531.06666666738,13,False,66,True,False,ExtractTask,True,False,2
159,1531.06666666738,14,False,47,True,False,ExtractTask,True,False,3
159,1531.06666666738,7,True,-1,False,False,RestTask,True,True,-1
160,1561.11111111185,1,True,-1,False,False,RestTask,True,True,-1
160,1561.11111111185,10,True,-1,False,False,RestTask,True,True,-1
160,1561.11111111185,11,True,-1,False,False,RestTask,True,True,-1
160,1561.11111111185,3,True,-1,False,False,RestTask,True,True,-1
160,1561.11111111185,5,True,-1,False,False,RestTask,True,True,-1
160,1561.11111111185,4,False,24,True,False,ExtractTask,False,False,1
160,1561.11111111185,12,False,26,True,False,ExtractTask,True,False,2
160,1561.11111111185,13,False,66,True,False,ExtractTask,True,False,2
160,1561.11111111185,14,False,47,True,False,ExtractTask,True,False,3
160,1561.11111111185,7,True,-1,False,False,RestTask,True,True,-1
161,1567.11111111186,1,True,-1,False,False,RestTask,True,True,-1
161,1567.11111111186,10,True,-1,False,False,RestTask,True,True,-1
161,1567.11111111186,11,True,-1,False,False,RestTask,True,True,-1
161,1567.11111111186,3,True,-1,False,False,RestTask,True,True,-1
161,1567.11111111186,5,True,-1,False,False,RestTask,True,True,-1
161,1567.11111111186,4,False,24,True,False,ExtractTask,True,False,1
161,1567.11111111186,12,False,26,True,False,ExtractTask,True,False,2
161,1567.11111111186,13,False,66,True,False,ExtractTask,True,False,2
161,1567.11111111186,14,False,47,True,False,ExtractTask,True,False,3
161,1567.11111111186,7,True,-1,False,False,RestTask,True,True,-1
162,1581.15555555631,1,True,-1,False,False,RestTask,True,True,-1
162,1581.15555555631,10,True,-1,False,False,RestTask,True,True,-1
162,1581.15555555631,11,True,-1,False,False,RestTask,True,True,-1
162,1581.15555555631,3,True,-1,False,False,RestTask,True,True,-1
162,1581.15555555631,5,True,-1,False,False,RestTask,True,True,-1
162,1581.15555555631,4,False,24,True,False,ExtractTask,True,False,1
162,1581.15555555631,12,False,26,True,False,ExtractTask,True,False,2
162,1581.15555555631,13,False,66,True,False,ExtractTask,True,False,1
162,1581.15555555631,14,False,47,True,False,ExtractTask,True,False,3
162,1581.15555555631,7,True,-1,False,False,RestTask,True,True,-1
163,1601.20000000077,1,True,-1,False,False,RestTask,True,True,-1
163,1601.20000000077,10,True,-1,False,False,RestTask,True,True,-1
163,1601.20000000077,11,True,-1,False,False,RestTask,True,True,-1
163,1601.20000000077,3,True,-1,False,False,RestTask,True,True,-1
163,1601.20000000077,5,True,-1,False,False,RestTask,True,True,-1
163,1601.20000000077,4,False,24,True,False,ExtractTask,True,False,1
163,1601.20000000077,12,False,26,True,False,ExtractTask,True,False,2
163,1601.20000000077,13,False,66,True,False,ParkPodTask,False,False,0
163,1601.20000000077,14,False,47,True,False,ExtractTask,True,False,2
163,1601.20000000077,7,True,-1,False,False,RestTask,True,True,-1
164,1607.15555555633,1,True,-1,False,False,RestTask,True,True,-1
164,1607.15555555633,10,True,-1,False,False,RestTask,True,True,-1
164,1607.15555555633,11,True,-1,False,False,RestTask,True,True,-1
164,1607.15555555633,3,True,-1,False,False,RestTask,True,True,-1
164,1607.15555555633,5,True,-1,False,False,RestTask,True,True,-1
164,1607.15555555633,4,False,24,True,False,ExtractTask,True,False,1
164,1607.15555555633,12,False,26,True,False,ExtractTask,True,False,2
164,1607.15555555633,13,False,66,True,False,ParkPodTask,False,False,0
164,1607.15555555633,14,False,47,True,False,ExtractTask,True,False,2
164,1607.15555555633,7,True,-1,False,False,RestTask,True,True,-1
165,1611.24444444523,1,True,-1,False,False,RestTask,True,True,-1
165,1611.24444444523,10,True,-1,False,False,RestTask,True,True,-1
165,1611.24444444523,11,True,-1,False,False,RestTask,True,True,-1
165,1611.24444444523,3,True,-1,False,False,RestTask,True,True,-1
165,1611.24444444523,5,True,-1,False,False,RestTask,True,True,-1
165,1611.24444444523,4,False,24,True,False,ExtractTask,True,False,1
165,1611.24444444523,12,False,26,True,False,ExtractTask,True,False,2
165,1611.24444444523,13,False,66,True,False,ParkPodTask,False,False,0
165,1611.24444444523,14,False,47,True,False,ExtractTask,True,False,2
165,1611.24444444523,7,True,-1,False,False,RestTask,True,True,-1
166,1617.20000000079,1,True,-1,False,False,RestTask,True,True,-1
166,1617.20000000079,10,True,-1,False,False,RestTask,True,True,-1
166,1617.20000000079,11,True,-1,False,False,RestTask,True,True,-1
166,1617.20000000079,3,True,-1,False,False,RestTask,True,True,-1
166,1617.20000000079,5,True,-1,False,False,RestTask,True,True,-1
166,1617.20000000079,4,False,24,True,False,ExtractTask,True,False,1
166,1617.20000000079,12,False,26,True,False,ExtractTask,True,False,2
166,1617.20000000079,13,False,66,True,False,ParkPodTask,False,False,0
166,1617.20000000079,14,False,47,True,False,ExtractTask,True,False,2
166,1617.20000000079,7,True,-1,False,False,RestTask,True,True,-1
167,1627.24444444524,1,True,-1,False,False,RestTask,True,True,-1
167,1627.24444444524,10,True,-1,False,False,RestTask,True,True,-1
167,1627.24444444524,11,True,-1,False,False,RestTask,True,True,-1
167,1627.24444444524,3,True,-1,False,False,RestTask,True,True,-1
167,1627.24444444524,5,True,-1,False,False,RestTask,True,True,-1
167,1627.24444444524,4,False,24,True,False,ExtractTask,True,False,1
167,1627.24444444524,12,False,26,True,False,ExtractTask,True,False,2
167,1627.24444444524,13,True,-1,False,False,RestTask,False,True,-1
167,1627.24444444524,14,False,47,True,False,ExtractTask,True,False,2
167,1627.24444444524,7,True,-1,False,False,RestTask,True,True,-1
168,1631.28888888969,1,True,-1,False,False,RestTask,True,True,-1
168,1631.28888888969,10,True,-1,False,False,RestTask,True,True,-1
168,1631.28888888969,11,True,-1,False,False,RestTask,True,True,-1
168,1631.28888888969,3,True,-1,False,False,RestTask,True,True,-1
168,1631.28888888969,5,True,-1,False,False,RestTask,True,True,-1
168,1631.28888888969,4,False,24,True,False,ExtractTask,True,False,1
168,1631.28888888969,12,False,26,True,False,ExtractTask,True,False,2
168,1631.28888888969,13,True,-1,False,False,RestTask,False,True,-1
168,1631.28888888969,14,False,47,True,False,ExtractTask,True,False,2
168,1631.28888888969,7,True,-1,False,False,RestTask,True,True,-1
169,1637.28888888969,1,True,-1,True,False,ExtractTask,False,False,-1
169,1637.28888888969,10,True,-1,False,False,RestTask,True,True,-1
169,1637.28888888969,11,True,-1,False,False,RestTask,True,True,-1
169,1637.28888888969,3,True,-1,False,False,RestTask,True,True,-1
169,1637.28888888969,5,True,-1,False,False,RestTask,True,True,-1
169,1637.28888888969,4,False,24,True,False,ExtractTask,True,False,1
169,1637.28888888969,12,False,26,True,False,ExtractTask,True,False,2
169,1637.28888888969,13,True,-1,False,False,RestTask,False,True,-1
169,1637.28888888969,14,False,47,True,False,ExtractTask,True,False,2
169,1637.28888888969,7,True,-1,True,False,ExtractTask,False,False,-1
170,1657.33333333415,1,False,31,True,False,ExtractTask,False,False,2
170,1657.33333333415,10,True,-1,False,False,RestTask,True,True,-1
170,1657.33333333415,11,True,-1,False,False,RestTask,True,True,-1
170,1657.33333333415,3,True,-1,False,False,RestTask,True,True,-1
170,1657.33333333415,5,True,-1,False,False,RestTask,True,True,-1
170,1657.33333333415,4,False,24,True,False,ExtractTask,True,False,1
170,1657.33333333415,12,False,26,True,False,ExtractTask,True,False,2
170,1657.33333333415,13,True,-1,False,False,RestTask,True,True,-1
170,1657.33333333415,14,False,47,True,False,ExtractTask,True,False,2
170,1657.33333333415,7,False,39,True,False,ExtractTask,False,False,2
171,1661.33333333415,1,False,31,True,False,ExtractTask,False,False,2
171,1661.33333333415,10,True,-1,False,False,RestTask,True,True,-1
171,1661.33333333415,11,True,-1,False,False,RestTask,True,True,-1
171,1661.33333333415,3,True,-1,False,False,RestTask,True,True,-1
171,1661.33333333415,5,True,-1,False,False,RestTask,True,True,-1
171,1661.33333333415,4,False,24,True,False,ExtractTask,True,False,1
171,1661.33333333415,12,False,26,True,False,ExtractTask,True,False,2
171,1661.33333333415,13,True,-1,False,False,RestTask,True,True,-1
171,1661.33333333415,14,False,47,True,False,ExtractTask,True,False,2
171,1661.33333333415,7,False,39,True,False,ExtractTask,False,False,2
172,1661.3777777786,1,False,31,True,False,ExtractTask,False,False,2
172,1661.3777777786,10,True,-1,False,False,RestTask,True,True,-1
172,1661.3777777786,11,True,-1,False,False,RestTask,True,True,-1
172,1661.3777777786,3,True,-1,False,False,RestTask,True,True,-1
172,1661.3777777786,5,True,-1,False,False,RestTask,True,True,-1
172,1661.3777777786,4,False,24,True,False,ExtractTask,True,False,1
172,1661.3777777786,12,False,26,True,False,ExtractTask,True,False,2
172,1661.3777777786,13,True,-1,False,False,RestTask,True,True,-1
172,1661.3777777786,14,False,47,True,False,ExtractTask,True,False,2
172,1661.3777777786,7,False,39,True,False,ExtractTask,False,False,2
173,1677.37777777861,1,False,31,True,False,ExtractTask,True,False,2
173,1677.37777777861,10,True,-1,False,False,RestTask,True,True,-1
173,1677.37777777861,11,True,-1,False,False,RestTask,True,True,-1
173,1677.37777777861,3,True,-1,False,False,RestTask,True,True,-1
173,1677.37777777861,5,True,-1,False,False,RestTask,True,True,-1
173,1677.37777777861,4,False,24,True,False,ExtractTask,False,False,1
173,1677.37777777861,12,False,26,True,False,ExtractTask,True,False,2
173,1677.37777777861,13,True,-1,False,False,RestTask,True,True,-1
173,1677.37777777861,14,False,47,True,False,ParkPodTask,False,False,1
173,1677.37777777861,7,False,39,True,False,ExtractTask,True,False,2
174,1677.42222222306,1,False,31,True,False,ExtractTask,True,False,2
174,1677.42222222306,10,True,-1,False,False,RestTask,True,True,-1
174,1677.42222222306,11,True,-1,True,True,RestTask,True,False,-1
174,1677.42222222306,3,True,-1,False,False,RestTask,True,True,-1
174,1677.42222222306,5,True,-1,False,False,RestTask,True,True,-1
174,1677.42222222306,4,False,24,True,False,ExtractTask,False,False,1
174,1677.42222222306,12,False,26,True,False,ExtractTask,True,False,2
174,1677.42222222306,13,True,-1,False,False,RestTask,True,True,-1
174,1677.42222222306,14,False,47,True,False,ParkPodTask,False,False,1
174,1677.42222222306,7,False,39,True,False,ExtractTask,True,False,2
175,1687.42222222306,1,False,31,True,False,ExtractTask,True,False,2
175,1687.42222222306,10,True,-1,False,False,RestTask,True,True,-1
175,1687.42222222306,11,False,73,True,False,ExtractTask,False,False,3
175,1687.42222222306,3,True,-1,False,False,RestTask,True,True,-1
175,1687.42222222306,5,True,-1,False,False,RestTask,True,True,-1
175,1687.42222222306,4,False,24,True,False,ExtractTask,True,False,1
175,1687.42222222306,12,False,26,True,False,ExtractTask,True,False,2
175,1687.42222222306,13,True,-1,False,False,RestTask,True,True,-1
175,1687.42222222306,14,True,-1,False,False,ParkPodTask,True,True,-1
175,1687.42222222306,7,False,39,True,False,ExtractTask,True,False,2
176,1691.37777777862,1,False,31,True,False,ExtractTask,True,False,2
176,1691.37777777862,10,True,-1,False,False,RestTask,True,True,-1
176,1691.37777777862,11,False,73,True,False,ExtractTask,False,False,3
176,1691.37777777862,3,True,-1,False,False,RestTask,True,True,-1
176,1691.37777777862,5,True,-1,False,False,RestTask,True,True,-1
176,1691.37777777862,4,False,24,True,False,ExtractTask,True,False,1
176,1691.37777777862,12,False,26,True,False,ExtractTask,True,False,2
176,1691.37777777862,13,True,-1,False,False,RestTask,True,True,-1
176,1691.37777777862,14,True,-1,False,False,RestTask,False,True,-1
176,1691.37777777862,7,False,39,True,False,ExtractTask,True,False,2
177,1697.46666666752,1,False,31,True,False,ExtractTask,True,False,2
177,1697.46666666752,10,True,-1,False,False,RestTask,True,True,-1
177,1697.46666666752,11,False,73,True,False,ExtractTask,False,False,3
177,1697.46666666752,3,True,-1,False,False,RestTask,True,True,-1
177,1697.46666666752,5,True,-1,False,False,RestTask,True,True,-1
177,1697.46666666752,4,False,24,True,False,ExtractTask,True,False,1
177,1697.46666666752,12,False,26,True,False,ExtractTask,True,False,2
177,1697.46666666752,13,True,-1,False,False,RestTask,True,True,-1
177,1697.46666666752,14,True,-1,False,False,RestTask,False,True,-1
177,1697.46666666752,7,False,39,True,False,ExtractTask,True,False,2
178,1707.51111111197,1,False,31,True,False,ExtractTask,True,False,2
178,1707.51111111197,10,True,-1,False,False,RestTask,True,True,-1
178,1707.51111111197,11,False,73,True,False,ExtractTask,True,False,3
178,1707.51111111197,3,True,-1,False,False,RestTask,True,True,-1
178,1707.51111111197,5,True,-1,False,False,RestTask,True,True,-1
178,1707.51111111197,4,False,24,True,False,ExtractTask,True,False,1
178,1707.51111111197,12,False,26,True,False,ExtractTask,True,False,2
178,1707.51111111197,13,True,-1,False,False,RestTask,True,True,-1
178,1707.51111111197,14,True,-1,False,False,RestTask,True,True,-1
178,1707.51111111197,7,False,39,True,False,ExtractTask,True,False,2
179,1717.55555555642,1,False,31,True,False,ExtractTask,True,False,2
179,1717.55555555642,10,True,-1,False,False,RestTask,True,True,-1
179,1717.55555555642,11,False,73,True,False,ExtractTask,True,False,3
179,1717.55555555642,3,True,-1,False,False,RestTask,True,True,-1
179,1717.55555555642,5,True,-1,False,False,RestTask,True,True,-1
179,1717.55555555642,4,False,24,True,False,ExtractTask,True,False,1
179,1717.55555555642,12,False,26,True,False,ExtractTask,True,False,2
179,1717.55555555642,13,True,-1,False,False,RestTask,True,True,-1
179,1717.55555555642,14,True,-1,False,False,RestTask,True,True,-1
179,1717.55555555642,7,False,39,True,False,ExtractTask,True,False,2
180,1721.42222222309,1,False,31,True,False,ExtractTask,True,False,2
180,1721.42222222309,10,True,-1,False,False,RestTask,True,True,-1
180,1721.42222222309,11,False,73,True,False,ExtractTask,True,False,3
180,1721.42222222309,3,True,-1,False,False,RestTask,True,True,-1
180,1721.42222222309,5,True,-1,False,False,RestTask,True,True,-1
180,1721.42222222309,4,False,24,True,False,ExtractTask,True,False,1
180,1721.42222222309,12,False,26,True,False,ParkPodTask,False,False,2
180,1721.42222222309,13,True,-1,False,False,RestTask,True,True,-1
180,1721.42222222309,14,True,-1,False,False,RestTask,True,True,-1
180,1721.42222222309,7,False,39,True,False,ExtractTask,True,False,2
181,1727.60000000087,1,False,31,True,False,ExtractTask,True,False,2
181,1727.60000000087,10,True,-1,False,False,RestTask,True,True,-1
181,1727.60000000087,11,False,73,True,False,ExtractTask,True,False,3
181,1727.60000000087,3,True,-1,False,False,RestTask,True,True,-1
181,1727.60000000087,5,True,-1,False,False,RestTask,True,True,-1
181,1727.60000000087,4,False,24,True,False,ExtractTask,True,False,1
181,1727.60000000087,12,False,26,True,False,ParkPodTask,False,False,2
181,1727.60000000087,13,True,-1,False,False,RestTask,True,True,-1
181,1727.60000000087,14,True,-1,False,False,RestTask,True,True,-1
181,1727.60000000087,7,False,39,True,False,ExtractTask,True,False,2
182,1737.64444444533,1,False,31,True,False,ExtractTask,True,False,2
182,1737.64444444533,10,True,-1,False,False,RestTask,True,True,-1
182,1737.64444444533,11,False,73,True,False,ExtractTask,True,False,3
182,1737.64444444533,3,True,-1,False,False,RestTask,True,True,-1
182,1737.64444444533,5,False,83,True,False,ExtractTask,True,False,2
182,1737.64444444533,4,False,24,True,False,ExtractTask,True,False,1
182,1737.64444444533,12,False,26,True,False,ParkPodTask,False,False,2
182,1737.64444444533,13,True,-1,False,False,RestTask,True,True,-1
182,1737.64444444533,14,True,-1,False,False,RestTask,True,True,-1
182,1737.64444444533,7,False,39,True,False,ExtractTask,True,False,2
183,1741.46666666755,1,False,31,True,False,ExtractTask,True,False,2
183,1741.46666666755,10,True,-1,False,False,RestTask,True,True,-1
183,1741.46666666755,11,False,73,True,False,ExtractTask,True,False,3
183,1741.46666666755,3,True,-1,False,False,RestTask,True,True,-1
183,1741.46666666755,5,False,83,True,False,ExtractTask,False,False,2
183,1741.46666666755,4,False,24,True,False,ExtractTask,True,False,1
183,1741.46666666755,12,True,-1,False,False,RestTask,False,True,-1
183,1741.46666666755,13,True,-1,False,False,RestTask,True,True,-1
183,1741.46666666755,14,True,-1,False,False,RestTask,True,True,-1
183,1741.46666666755,7,False,39,True,False,ExtractTask,True,False,2
184,1761.51111111201,1,False,31,True,False,ExtractTask,True,False,2
184,1761.51111111201,10,True,-1,False,False,RestTask,True,True,-1
184,1761.51111111201,11,False,73,True,False,ExtractTask,True,False,3
184,1761.51111111201,3,True,-1,False,False,RestTask,True,True,-1
184,1761.51111111201,5,False,83,True,False,ExtractTask,True,False,2
184,1761.51111111201,4,False,24,True,False,ExtractTask,True,False,1
184,1761.51111111201,12,True,-1,False,False,RestTask,True,True,-1
184,1761.51111111201,13,True,-1,False,False,RestTask,True,True,-1
184,1761.51111111201,14,True,-1,False,False,RestTask,True,True,-1
184,1761.51111111201,7,False,39,True,False,ExtractTask,True,False,2
185,1767.68888888979,1,False,31,True,False,ExtractTask,True,False,2
185,1767.68888888979,10,True,-1,False,False,RestTask,True,True,-1
185,1767.68888888979,11,False,73,True,False,ExtractTask,True,False,3
185,1767.68888888979,3,True,-1,False,False,RestTask,True,True,-1
185,1767.68888888979,5,False,83,True,False,ExtractTask,True,False,2
185,1767.68888888979,4,False,24,True,False,ExtractTask,True,False,1
185,1767.68888888979,12,True,-1,False,False,RestTask,True,True,-1
185,1767.68888888979,13,True,-1,False,False,RestTask,True,True,-1
185,1767.68888888979,14,True,-1,False,False,RestTask,True,True,-1
185,1767.68888888979,7,False,39,True,False,ExtractTask,True,False,2
186,1797.73333333426,1,False,31,True,False,ExtractTask,True,False,2
186,1797.73333333426,10,True,-1,False,False,RestTask,True,True,-1
186,1797.73333333426,11,False,73,True,False,ExtractTask,True,False,3
186,1797.73333333426,3,True,-1,False,False,RestTask,True,True,-1
186,1797.73333333426,5,False,83,True,False,ExtractTask,True,False,2
186,1797.73333333426,4,False,24,True,False,ParkPodTask,False,False,1
186,1797.73333333426,12,True,-1,False,False,RestTask,True,True,-1
186,1797.73333333426,13,True,-1,False,False,RestTask,True,True,-1
186,1797.73333333426,14,True,-1,False,False,RestTask,True,True,-1
186,1797.73333333426,7,False,39,True,False,ExtractTask,True,False,2
187,1817.77777777872,1,False,31,True,False,ExtractTask,True,False,2
187,1817.77777777872,10,True,-1,False,False,RestTask,True,True,-1
187,1817.77777777872,11,False,73,True,False,ExtractTask,True,False,3
187,1817.77777777872,3,True,-1,False,False,RestTask,True,True,-1
187,1817.77777777872,5,False,83,True,False,ExtractTask,True,False,2
187,1817.77777777872,4,True,-1,False,False,RestTask,True,True,-1
187,1817.77777777872,12,True,-1,False,False,RestTask,True,True,-1
187,1817.77777777872,13,True,-1,False,False,RestTask,True,True,-1
187,1817.77777777872,14,True,-1,False,False,RestTask,True,True,-1
187,1817.77777777872,7,False,39,True,False,ExtractTask,True,False,2
188,1827.82222222318,1,False,31,True,False,ExtractTask,True,False,2
188,1827.82222222318,10,True,-1,False,False,RestTask,True,True,-1
188,1827.82222222318,11,False,73,True,False,ExtractTask,True,False,3
188,1827.82222222318,3,True,-1,False,False,RestTask,True,True,-1
188,1827.82222222318,5,False,83,True,False,ExtractTask,True,False,2
188,1827.82222222318,4,True,-1,False,False,RestTask,True,True,-1
188,1827.82222222318,12,True,-1,False,False,RestTask,True,True,-1
188,1827.82222222318,13,True,-1,False,False,RestTask,True,True,-1
188,1827.82222222318,14,True,-1,False,False,RestTask,True,True,-1
188,1827.82222222318,7,False,39,True,False,ExtractTask,True,False,2
189,1831.55555555651,1,False,31,True,False,ExtractTask,True,False,2
189,1831.55555555651,10,True,-1,False,False,RestTask,True,True,-1
189,1831.55555555651,11,False,73,True,False,ExtractTask,True,False,3
189,1831.55555555651,3,True,-1,False,False,RestTask,True,True,-1
189,1831.55555555651,5,False,83,True,False,ExtractTask,True,False,2
189,1831.55555555651,4,True,-1,False,False,RestTask,True,True,-1
189,1831.55555555651,12,True,-1,False,False,RestTask,True,True,-1
189,1831.55555555651,13,True,-1,False,False,RestTask,True,True,-1
189,1831.55555555651,14,True,-1,False,False,RestTask,True,True,-1
189,1831.55555555651,7,False,39,True,False,ExtractTask,True,False,2
190,1851.60000000097,1,False,31,True,False,ExtractTask,True,False,2
190,1851.60000000097,10,True,-1,False,False,RestTask,True,True,-1
190,1851.60000000097,11,False,73,True,False,ExtractTask,True,False,2
190,1851.60000000097,3,True,-1,False,False,RestTask,True,True,-1
190,1851.60000000097,5,False,83,True,False,ExtractTask,True,False,2
190,1851.60000000097,4,True,-1,False,False,RestTask,True,True,-1
190,1851.60000000097,12,True,-1,False,False,RestTask,True,True,-1
190,1851.60000000097,13,True,-1,False,False,RestTask,True,True,-1
190,1851.60000000097,14,True,-1,False,False,RestTask,True,True,-1
190,1851.60000000097,7,False,39,True,False,ExtractTask,True,False,2
191,1867.86666666765,1,False,31,True,False,ExtractTask,True,False,2
191,1867.86666666765,10,True,-1,False,False,RestTask,True,True,-1
191,1867.86666666765,11,False,73,True,False,ExtractTask,True,False,2
191,1867.86666666765,3,True,-1,False,False,RestTask,True,True,-1
191,1867.86666666765,5,False,83,True,False,ExtractTask,True,False,2
191,1867.86666666765,4,True,-1,False,False,RestTask,True,True,-1
191,1867.86666666765,12,True,-1,False,False,RestTask,True,True,-1
191,1867.86666666765,13,True,-1,False,False,RestTask,True,True,-1
191,1867.86666666765,14,True,-1,False,False,RestTask,True,True,-1
191,1867.86666666765,7,False,39,True,False,ExtractTask,True,False,2
192,1871.64444444543,1,False,31,True,False,ExtractTask,True,False,2
192,1871.64444444543,10,True,-1,False,False,RestTask,True,True,-1
192,1871.64444444543,11,False,73,True,False,ParkPodTask,False,False,2
192,1871.64444444543,3,True,-1,False,False,RestTask,True,True,-1
192,1871.64444444543,5,False,83,True,False,ExtractTask,True,False,2
192,1871.64444444543,4,False,54,True,False,ExtractTask,True,False,3
192,1871.64444444543,12,True,-1,False,False,RestTask,True,True,-1
192,1871.64444444543,13,True,-1,False,False,RestTask,True,True,-1
192,1871.64444444543,14,True,-1,False,False,RestTask,True,True,-1
192,1871.64444444543,7,False,39,True,False,ExtractTask,True,False,2
193,1877.9111111121,1,False,31,True,False,ExtractTask,True,False,1
193,1877.9111111121,10,True,-1,False,False,RestTask,True,True,-1
193,1877.9111111121,11,False,73,True,False,ParkPodTask,False,False,2
193,1877.9111111121,3,True,-1,False,False,RestTask,True,True,-1
193,1877.9111111121,5,False,83,True,False,ExtractTask,True,False,2
193,1877.9111111121,4,False,54,True,False,ExtractTask,False,False,3
193,1877.9111111121,12,True,-1,False,False,RestTask,True,True,-1
193,1877.9111111121,13,True,-1,False,False,RestTask,True,True,-1
193,1877.9111111121,14,True,-1,False,False,RestTask,True,True,-1
193,1877.9111111121,7,False,39,True,False,ExtractTask,True,False,2
194,1881.68888888988,1,False,31,True,False,ExtractTask,True,False,1
194,1881.68888888988,10,True,-1,False,False,RestTask,True,True,-1
194,1881.68888888988,11,False,73,True,False,ParkPodTask,False,False,2
194,1881.68888888988,3,True,-1,False,False,RestTask,True,True,-1
194,1881.68888888988,5,False,83,True,False,ExtractTask,True,False,2
194,1881.68888888988,4,False,54,True,False,ExtractTask,False,False,3
194,1881.68888888988,12,True,-1,False,False,RestTask,True,True,-1
194,1881.68888888988,13,True,-1,False,False,RestTask,True,True,-1
194,1881.68888888988,14,True,-1,False,False,RestTask,True,True,-1
194,1881.68888888988,7,False,39,True,False,ExtractTask,True,False,2
195,1887.95555555656,1,False,31,True,False,ParkPodTask,False,False,1
195,1887.95555555656,10,True,-1,True,False,ExtractTask,False,False,-1
195,1887.95555555656,11,False,73,True,False,ParkPodTask,False,False,2
195,1887.95555555656,3,True,-1,False,False,RestTask,True,True,-1
195,1887.95555555656,5,False,83,True,False,ExtractTask,True,False,2
195,1887.95555555656,4,False,54,True,False,ExtractTask,False,False,3
195,1887.95555555656,12,True,-1,False,False,RestTask,True,True,-1
195,1887.95555555656,13,True,-1,False,False,RestTask,True,True,-1
195,1887.95555555656,14,True,-1,False,False,RestTask,True,True,-1
195,1887.95555555656,7,False,39,True,False,ExtractTask,False,False,2
196,1891.73333333434,1,False,31,True,False,ParkPodTask,False,False,1
196,1891.73333333434,10,True,-1,True,False,ExtractTask,False,False,-1
196,1891.73333333434,11,True,-1,False,False,ParkPodTask,True,True,-1
196,1891.73333333434,3,True,-1,False,False,RestTask,True,True,-1
196,1891.73333333434,5,False,83,True,False,ExtractTask,True,False,2
196,1891.73333333434,4,False,54,True,False,ExtractTask,False,False,3
196,1891.73333333434,12,True,-1,False,False,RestTask,True,True,-1
196,1891.73333333434,13,True,-1,False,False,RestTask,True,True,-1
196,1891.73333333434,14,True,-1,False,False,RestTask,True,True,-1
196,1891.73333333434,7,False,39,True,False,ExtractTask,True,False,2
197,1901.77777777879,1,False,31,True,False,ParkPodTask,False,False,1
197,1901.77777777879,10,False,58,True,False,ExtractTask,False,False,3
197,1901.77777777879,11,True,-1,False,False,RestTask,False,True,-1
197,1901.77777777879,3,True,-1,False,False,RestTask,True,True,-1
197,1901.77777777879,5,False,83,True,False,ExtractTask,True,False,2
197,1901.77777777879,4,False,54,True,False,ExtractTask,True,False,3
197,1901.77777777879,12,True,-1,False,False,RestTask,True,True,-1
197,1901.77777777879,13,True,-1,False,False,RestTask,True,True,-1
197,1901.77777777879,14,True,-1,False,False,RestTask,True,True,-1
197,1901.77777777879,7,False,39,True,False,ExtractTask,True,False,2
198,1908.00000000102,1,True,-1,False,False,RestTask,False,True,-1
198,1908.00000000102,10,False,58,True,False,ExtractTask,False,False,3
198,1908.00000000102,11,True,-1,True,True,RestTask,True,False,-1
198,1908.00000000102,3,True,-1,False,False,RestTask,True,True,-1
198,1908.00000000102,5,False,83,True,False,ExtractTask,True,False,2
198,1908.00000000102,4,False,54,True,False,ExtractTask,True,False,3
198,1908.00000000102,12,True,-1,False,False,RestTask,True,True,-1
198,1908.00000000102,13,True,-1,False,False,RestTask,True,True,-1
198,1908.00000000102,14,True,-1,False,False,RestTask,True,True,-1
198,1908.00000000102,7,False,39,True,False,ExtractTask,True,False,2
199,1918.04444444547,1,True,-1,False,False,RestTask,False,True,-1
199,1918.04444444547,10,False,58,True,False,ExtractTask,True,False,3
199,1918.04444444547,11,True,-1,True,False,ExtractTask,False,False,-1
199,1918.04444444547,3,True,-1,False,False,RestTask,True,True,-1
199,1918.04444444547,5,False,83,True,False,ExtractTask,True,False,2
199,1918.04444444547,4,False,54,True,False,ExtractTask,True,False,3
199,1918.04444444547,12,True,-1,True,False,ExtractTask,False,False,-1
199,1918.04444444547,13,True,-1,False,False,RestTask,True,True,-1
199,1918.04444444547,14,True,-1,False,False,RestTask,True,True,-1
199,1918.04444444547,7,False,39,True,False,ExtractTask,True,False,2
200,1921.82222222325,1,True,-1,False,False,RestTask,True,True,-1
200,1921.82222222325,10,False,58,True,False,ExtractTask,True,False,3
200,1921.82222222325,11,False,91,True,False,ExtractTask,True,False,1
200,1921.82222222325,3,True,-1,False,False,RestTask,True,True,-1
200,1921.82222222325,5,False,83,True,False,ExtractTask,True,False,2
200,1921.82222222325,4,False,54,True,False,ExtractTask,True,False,3
200,1921.82222222325,12,False,97,True,False,ExtractTask,False,False,2
200,1921.82222222325,13,True,-1,False,False,RestTask,True,True,-1
200,1921.82222222325,14,True,-1,False,False,RestTask,True,True,-1
200,1921.82222222325,7,False,39,True,False,ExtractTask,True,False,2
201,1928.08888888992,1,True,-1,False,False,RestTask,True,True,-1
201,1928.08888888992,10,False,58,True,False,ExtractTask,True,False,3
201,1928.08888888992,11,False,91,True,False,ExtractTask,False,False,1
201,1928.08888888992,3,True,-1,False,False,RestTask,True,True,-1
201,1928.08888888992,5,False,83,True,False,ExtractTask,True,False,2
201,1928.08888888992,4,False,54,True,False,ExtractTask,True,False,3
201,1928.08888888992,12,False,97,True,False,ExtractTask,False,False,2
201,1928.08888888992,13,True,-1,False,False,RestTask,True,True,-1
201,1928.08888888992,14,True,-1,False,False,RestTask,True,True,-1
201,1928.08888888992,7,False,39,True,False,ExtractTask,True,False,2
202,1951.86666666772,1,True,-1,False,False,RestTask,True,True,-1
202,1951.86666666772,10,False,58,True,False,ExtractTask,True,False,3
202,1951.86666666772,11,False,91,True,False,ExtractTask,True,False,1
202,1951.86666666772,3,True,-1,False,False,RestTask,True,True,-1
202,1951.86666666772,5,False,83,True,False,ParkPodTask,False,False,2
202,1951.86666666772,4,False,54,True,False,ExtractTask,True,False,3
202,1951.86666666772,12,False,97,True,False,ExtractTask,True,False,2
202,1951.86666666772,13,True,-1,False,False,RestTask,True,True,-1
202,1951.86666666772,14,True,-1,False,False,RestTask,True,True,-1
202,1951.86666666772,7,False,39,True,False,ExtractTask,True,False,1
203,1958.13333333439,1,True,-1,False,False,RestTask,True,True,-1
203,1958.13333333439,10,False,58,True,False,ExtractTask,True,False,3
203,1958.13333333439,11,False,91,True,False,ExtractTask,True,False,1
203,1958.13333333439,3,True,-1,False,False,RestTask,True,True,-1
203,1958.13333333439,5,True,-1,False,False,RestTask,False,True,-1
203,1958.13333333439,4,False,54,True,False,ExtractTask,True,False,3
203,1958.13333333439,12,False,97,True,False,ExtractTask,True,False,2
203,1958.13333333439,13,True,-1,False,False,RestTask,True,True,-1
203,1958.13333333439,14,True,-1,False,False,RestTask,True,True,-1
203,1958.13333333439,7,False,39,True,False,ExtractTask,True,False,1
204,1978.17777777885,1,True,-1,False,False,RestTask,True,True,-1
204,1978.17777777885,10,False,58,True,False,ExtractTask,True,False,3
204,1978.17777777885,11,False,91,True,False,ExtractTask,True,False,1
204,1978.17777777885,3,True,-1,False,False,RestTask,True,True,-1
204,1978.17777777885,5,True,-1,False,False,RestTask,True,True,-1
204,1978.17777777885,4,False,54,True,False,ExtractTask,True,False,3
204,1978.17777777885,12,False,97,True,False,ExtractTask,True,False,2
204,1978.17777777885,13,True,-1,False,False,RestTask,True,True,-1
204,1978.17777777885,14,True,-1,False,False,RestTask,True,True,-1
204,1978.17777777885,7,False,39,True,False,ExtractTask,True,False,1
205,1981.91111111219,1,True,-1,False,False,RestTask,True,True,-1
205,1981.91111111219,10,False,58,True,False,ExtractTask,True,False,3
205,1981.91111111219,11,False,91,True,False,ExtractTask,True,False,1
205,1981.91111111219,3,True,-1,False,False,RestTask,True,True,-1
205,1981.91111111219,5,True,-1,False,False,RestTask,True,True,-1
205,1981.91111111219,4,False,54,True,False,ExtractTask,True,False,3
205,1981.91111111219,12,False,97,True,False,ExtractTask,True,False,2
205,1981.91111111219,13,True,-1,False,False,RestTask,True,True,-1
205,1981.91111111219,14,True,-1,False,False,RestTask,True,True,-1
205,1981.91111111219,7,False,39,True,False,ExtractTask,True,False,1
206,1998.22222222331,1,True,-1,False,False,RestTask,True,True,-1
206,1998.22222222331,10,False,58,True,False,ExtractTask,False,False,3
206,1998.22222222331,11,False,91,True,False,ExtractTask,True,False,1
206,1998.22222222331,3,True,-1,False,False,RestTask,True,True,-1
206,1998.22222222331,5,True,-1,False,False,RestTask,True,True,-1
206,1998.22222222331,4,False,54,True,False,ExtractTask,True,False,2
206,1998.22222222331,12,False,97,True,False,ExtractTask,True,False,2
206,1998.22222222331,13,True,-1,False,False,RestTask,True,True,-1
206,1998.22222222331,14,True,-1,False,False,RestTask,True,True,-1
206,1998.22222222331,7,False,39,True,False,ParkPodTask,False,False,1
207,2008.26666666776,1,True,-1,False,False,RestTask,True,True,-1
207,2008.26666666776,10,False,58,True,False,ExtractTask,True,False,3
207,2008.26666666776,11,False,91,True,False,ExtractTask,True,False,1
207,2008.26666666776,3,True,-1,False,False,RestTask,True,True,-1
207,2008.26666666776,5,False,81,True,False,ExtractTask,False,False,2
207,2008.26666666776,4,False,54,True,False,ExtractTask,True,False,2
207,2008.26666666776,12,False,97,True,False,ExtractTask,True,False,2
207,2008.26666666776,13,True,-1,False,False,RestTask,True,True,-1
207,2008.26666666776,14,True,-1,False,False,RestTask,True,True,-1
207,2008.26666666776,7,True,-1,False,False,RestTask,False,True,-1
208,2011.95555555666,1,True,-1,False,False,RestTask,True,True,-1
208,2011.95555555666,10,False,58,True,False,ExtractTask,True,False,3
208,2011.95555555666,11,False,91,True,False,ExtractTask,True,False,1
208,2011.95555555666,3,True,-1,False,False,RestTask,True,True,-1
208,2011.95555555666,5,False,81,True,False,ExtractTask,False,False,2
208,2011.95555555666,4,False,54,True,False,ExtractTask,True,False,2
208,2011.95555555666,12,False,97,True,False,ExtractTask,True,False,2
208,2011.95555555666,13,True,-1,False,False,RestTask,True,True,-1
208,2011.95555555666,14,True,-1,False,False,RestTask,True,True,-1
208,2011.95555555666,7,True,-1,False,False,RestTask,False,True,-1
209,2018.31111111222,1,True,-1,False,False,RestTask,True,True,-1
209,2018.31111111222,10,False,58,True,False,ExtractTask,True,False,3
209,2018.31111111222,11,False,91,True,False,ExtractTask,True,False,1
209,2018.31111111222,3,True,-1,False,False,RestTask,True,True,-1
209,2018.31111111222,5,False,81,True,False,ExtractTask,False,False,2
209,2018.31111111222,4,False,54,True,False,ExtractTask,True,False,2
209,2018.31111111222,12,False,97,True,False,ExtractTask,True,False,2
209,2018.31111111222,13,True,-1,False,False,RestTask,True,True,-1
209,2018.31111111222,14,True,-1,False,False,RestTask,True,True,-1
209,2018.31111111222,7,True,-1,True,True,RestTask,False,False,-1
210,2022.00000000111,1,True,-1,False,False,RestTask,True,True,-1
210,2022.00000000111,10,False,58,True,False,ExtractTask,True,False,3
210,2022.00000000111,11,False,91,True,False,ExtractTask,True,False,1
210,2022.00000000111,3,True,-1,False,False,RestTask,True,True,-1
210,2022.00000000111,5,False,81,True,False,ExtractTask,False,False,2
210,2022.00000000111,4,False,54,True,False,ExtractTask,True,False,2
210,2022.00000000111,12,False,97,True,False,ExtractTask,True,False,2
210,2022.00000000111,13,True,-1,False,False,RestTask,True,True,-1
210,2022.00000000111,14,True,-1,False,False,RestTask,True,True,-1
210,2022.00000000111,7,True,-1,True,True,RestTask,True,False,-1
211,2048.35555555668,1,True,-1,False,False,RestTask,True,True,-1
211,2048.35555555668,10,False,58,True,False,ExtractTask,True,False,3
211,2048.35555555668,11,False,91,True,False,ExtractTask,True,False,1
211,2048.35555555668,3,True,-1,False,False,RestTask,True,True,-1
211,2048.35555555668,5,False,81,True,False,ExtractTask,True,False,2
211,2048.35555555668,4,True,-1,False,False,RestTask,False,True,-1
211,2048.35555555668,12,False,97,True,False,ExtractTask,True,False,2
211,2048.35555555668,13,True,-1,False,False,RestTask,True,True,-1
211,2048.35555555668,14,True,-1,False,False,RestTask,True,True,-1
211,2048.35555555668,7,False,2,True,False,ExtractTask,False,False,2
212,2062.1333333344,1,True,-1,False,False,RestTask,True,True,-1
212,2062.1333333344,10,False,58,True,False,ParkPodTask,False,False,3
212,2062.1333333344,11,False,91,True,False,ExtractTask,True,False,1
212,2062.1333333344,3,True,-1,False,False,RestTask,True,True,-1
212,2062.1333333344,5,False,81,True,False,ExtractTask,True,False,2
212,2062.1333333344,4,True,-1,False,False,RestTask,True,True,-1
212,2062.1333333344,12,False,97,True,False,ExtractTask,True,False,2
212,2062.1333333344,13,True,-1,False,False,RestTask,True,True,-1
212,2062.1333333344,14,True,-1,False,False,RestTask,True,True,-1
212,2062.1333333344,7,False,2,True,False,ExtractTask,True,False,2
213,2078.53333333433,1,True,-1,False,False,RestTask,True,True,-1
213,2078.53333333433,10,True,-1,False,False,RestTask,False,True,-1
213,2078.53333333433,11,False,91,True,False,ExtractTask,True,False,1
213,2078.53333333433,3,True,-1,False,False,RestTask,True,True,-1
213,2078.53333333433,5,False,81,True,False,ExtractTask,True,False,2
213,2078.53333333433,4,True,-1,False,False,RestTask,True,True,-1
213,2078.53333333433,12,False,97,True,False,ExtractTask,True,False,2
213,2078.53333333433,13,True,-1,False,False,RestTask,True,True,-1
213,2078.53333333433,14,True,-1,False,False,RestTask,True,True,-1
213,2078.53333333433,7,False,2,True,False,ExtractTask,True,False,2
214,2082.26666666765,1,True,-1,False,False,RestTask,True,True,-1
214,2082.26666666765,10,True,-1,False,False,RestTask,True,True,-1
214,2082.26666666765,11,False,91,True,False,ExtractTask,True,False,1
214,2082.26666666765,3,True,-1,False,False,RestTask,True,True,-1
214,2082.26666666765,5,False,81,True,False,ExtractTask,True,False,2
214,2082.26666666765,4,True,-1,False,False,RestTask,True,True,-1
214,2082.26666666765,12,False,97,True,False,ExtractTask,True,False,2
214,2082.26666666765,13,True,-1,False,False,RestTask,True,True,-1
214,2082.26666666765,14,True,-1,False,False,RestTask,True,True,-1
214,2082.26666666765,7,False,2,True,False,ExtractTask,True,False,2
215,2098.66666666758,1,True,-1,False,False,RestTask,True,True,-1
215,2098.66666666758,10,True,-1,False,False,RestTask,True,True,-1
215,2098.66666666758,11,False,91,True,False,ExtractTask,True,False,1
215,2098.66666666758,3,True,-1,False,False,RestTask,True,True,-1
215,2098.66666666758,5,False,81,True,False,ExtractTask,True,False,2
215,2098.66666666758,4,True,-1,False,False,RestTask,True,True,-1
215,2098.66666666758,12,False,97,True,False,ExtractTask,True,False,2
215,2098.66666666758,13,True,-1,False,False,RestTask,True,True,-1
215,2098.66666666758,14,True,-1,False,False,RestTask,True,True,-1
215,2098.66666666758,7,False,2,True,False,ExtractTask,True,False,2
216,2102.40000000089,1,True,-1,False,False,RestTask,True,True,-1
216,2102.40000000089,10,True,-1,False,False,RestTask,True,True,-1
216,2102.40000000089,11,False,91,True,False,ExtractTask,True,False,1
216,2102.40000000089,3,True,-1,False,False,RestTask,True,True,-1
216,2102.40000000089,5,False,81,True,False,ExtractTask,True,False,2
216,2102.40000000089,4,True,-1,False,False,RestTask,True,True,-1
216,2102.40000000089,12,False,97,True,False,ExtractTask,True,False,2
216,2102.40000000089,13,True,-1,False,False,RestTask,True,True,-1
216,2102.40000000089,14,True,-1,False,False,RestTask,True,True,-1
216,2102.40000000089,7,False,2,True,False,ExtractTask,True,False,2
217,2112.48888888974,1,True,-1,False,False,RestTask,True,True,-1
217,2112.48888888974,10,True,-1,False,False,RestTask,True,True,-1
217,2112.48888888974,11,False,91,True,False,ExtractTask,True,False,1
217,2112.48888888974,3,True,-1,False,False,RestTask,True,True,-1
217,2112.48888888974,5,False,81,True,False,ExtractTask,True,False,2
217,2112.48888888974,4,True,-1,False,False,RestTask,True,True,-1
217,2112.48888888974,12,False,97,True,False,ParkPodTask,False,False,1
217,2112.48888888974,13,True,-1,False,False,RestTask,True,True,-1
217,2112.48888888974,14,True,-1,False,False,RestTask,True,True,-1
217,2112.48888888974,7,False,2,True,False,ExtractTask,True,False,2
218,2118.80000000082,1,True,-1,False,False,RestTask,True,True,-1
218,2118.80000000082,10,True,-1,False,False,RestTask,True,True,-1
218,2118.80000000082,11,False,91,True,False,ExtractTask,True,False,1
218,2118.80000000082,3,True,-1,False,False,RestTask,True,True,-1
218,2118.80000000082,5,False,81,True,False,ExtractTask,True,False,2
218,2118.80000000082,4,True,-1,False,False,RestTask,True,True,-1
218,2118.80000000082,12,False,97,True,False,ParkPodTask,False,False,1
218,2118.80000000082,13,True,-1,False,False,RestTask,True,True,-1
218,2118.80000000082,14,True,-1,True,False,ExtractTask,False,False,-1
218,2118.80000000082,7,False,2,True,False,ExtractTask,True,False,2
219,2122.57777777858,1,True,-1,False,False,RestTask,True,True,-1
219,2122.57777777858,10,True,-1,False,False,RestTask,True,True,-1
219,2122.57777777858,11,False,91,True,False,ExtractTask,True,False,1
219,2122.57777777858,3,True,-1,False,False,RestTask,True,True,-1
219,2122.57777777858,5,False,81,True,False,ExtractTask,True,False,2
219,2122.57777777858,4,True,-1,False,False,RestTask,True,True,-1
219,2122.57777777858,12,False,97,True,False,ParkPodTask,False,False,1
219,2122.57777777858,13,True,-1,False,False,RestTask,True,True,-1
219,2122.57777777858,14,False,1,True,False,ExtractTask,True,False,1
219,2122.57777777858,7,False,2,True,False,ExtractTask,True,False,2
220,2128.88888888967,1,True,-1,False,False,RestTask,True,True,-1
220,2128.88888888967,10,True,-1,False,False,RestTask,True,True,-1
220,2128.88888888967,11,False,91,True,False,ExtractTask,True,False,1
220,2128.88888888967,3,True,-1,False,False,RestTask,True,True,-1
220,2128.88888888967,5,False,81,True,False,ExtractTask,True,False,2
220,2128.88888888967,4,True,-1,False,False,RestTask,True,True,-1
220,2128.88888888967,12,False,97,True,False,ParkPodTask,False,False,1
220,2128.88888888967,13,True,-1,False,False,RestTask,True,True,-1
220,2128.88888888967,14,False,1,True,False,ExtractTask,False,False,1
220,2128.88888888967,7,False,2,True,False,ExtractTask,True,False,2
221,2132.66666666743,1,True,-1,False,False,RestTask,True,True,-1
221,2132.66666666743,10,True,-1,False,False,RestTask,True,True,-1
221,2132.66666666743,11,False,91,True,False,ExtractTask,True,False,1
221,2132.66666666743,3,True,-1,False,False,RestTask,True,True,-1
221,2132.66666666743,5,False,81,True,False,ExtractTask,True,False,2
221,2132.66666666743,4,True,-1,False,False,RestTask,True,True,-1
221,2132.66666666743,12,True,-1,False,False,ParkPodTask,True,True,-1
221,2132.66666666743,13,True,-1,False,False,RestTask,True,True,-1
221,2132.66666666743,14,False,1,True,False,ExtractTask,False,False,1
221,2132.66666666743,7,False,2,True,False,ExtractTask,True,False,2
222,2149.02222222291,1,True,-1,False,False,RestTask,True,True,-1
222,2149.02222222291,10,True,-1,False,False,RestTask,True,True,-1
222,2149.02222222291,11,False,91,True,False,ParkPodTask,False,False,0
222,2149.02222222291,3,True,-1,False,False,RestTask,True,True,-1
222,2149.02222222291,5,False,81,True,False,ExtractTask,True,False,2
222,2149.02222222291,4,True,-1,False,False,RestTask,True,True,-1
222,2149.02222222291,12,True,-1,False,False,RestTask,True,True,-1
222,2149.02222222291,13,True,-1,False,False,RestTask,True,True,-1
222,2149.02222222291,14,False,1,True,False,ExtractTask,True,False,1
222,2149.02222222291,7,False,2,True,False,ExtractTask,True,False,2
223,2152.80000000068,1,True,-1,False,False,RestTask,True,True,-1
223,2152.80000000068,10,True,-1,False,False,RestTask,True,True,-1
223,2152.80000000068,11,False,91,True,False,ParkPodTask,False,False,0
223,2152.80000000068,3,True,-1,False,False,RestTask,True,True,-1
223,2152.80000000068,5,False,81,True,False,ExtractTask,True,False,2
223,2152.80000000068,4,True,-1,False,False,RestTask,True,True,-1
223,2152.80000000068,12,True,-1,False,False,RestTask,True,True,-1
223,2152.80000000068,13,True,-1,False,False,RestTask,True,True,-1
223,2152.80000000068,14,False,1,True,False,ExtractTask,True,False,1
223,2152.80000000068,7,False,2,True,False,ExtractTask,True,False,2
224,2159.11111111176,1,True,-1,False,False,RestTask,True,True,-1
224,2159.11111111176,10,True,-1,False,False,RestTask,True,True,-1
224,2159.11111111176,11,True,-1,False,False,RestTask,False,True,-1
224,2159.11111111176,3,True,-1,False,False,RestTask,True,True,-1
224,2159.11111111176,5,False,81,True,False,ExtractTask,True,False,2
224,2159.11111111176,4,True,-1,False,False,RestTask,True,True,-1
224,2159.11111111176,12,True,-1,False,False,RestTask,True,True,-1
224,2159.11111111176,13,True,-1,False,False,RestTask,True,True,-1
224,2159.11111111176,14,False,1,True,False,ExtractTask,True,False,1
224,2159.11111111176,7,False,2,True,False,ExtractTask,True,False,1
225,2162.88888888952,1,True,-1,False,False,RestTask,True,True,-1
225,2162.88888888952,10,True,-1,False,False,RestTask,True,True,-1
225,2162.88888888952,11,True,-1,False,False,RestTask,False,True,-1
225,2162.88888888952,3,True,-1,False,False,RestTask,True,True,-1
225,2162.88888888952,5,False,81,True,False,ExtractTask,True,False,2
225,2162.88888888952,4,True,-1,True,False,ExtractTask,False,False,-1
225,2162.88888888952,12,True,-1,False,False,RestTask,True,True,-1
225,2162.88888888952,13,True,-1,False,False,RestTask,True,True,-1
225,2162.88888888952,14,False,1,True,False,ExtractTask,True,False,1
225,2162.88888888952,7,False,2,True,False,ExtractTask,True,False,1
226,2169.2000000006,1,True,-1,True,False,ExtractTask,False,False,-1
226,2169.2000000006,10,True,-1,False,False,RestTask,True,True,-1
226,2169.2000000006,11,True,-1,False,False,RestTask,True,True,-1
226,2169.2000000006,3,True,-1,False,False,RestTask,True,True,-1
226,2169.2000000006,5,False,81,True,False,ExtractTask,True,False,2
226,2169.2000000006,4,False,30,True,False,ExtractTask,False,False,3
226,2169.2000000006,12,True,-1,False,False,RestTask,True,True,-1
226,2169.2000000006,13,True,-1,False,False,RestTask,True,True,-1
226,2169.2000000006,14,False,1,True,False,ExtractTask,False,False,1
226,2169.2000000006,7,False,2,True,False,ParkPodTask,False,False,0
227,2172.97777777837,1,True,-1,True,False,ExtractTask,False,False,-1
227,2172.97777777837,10,True,-1,False,False,RestTask,True,True,-1
227,2172.97777777837,11,True,-1,False,False,RestTask,True,True,-1
227,2172.97777777837,3,True,-1,False,False,RestTask,True,True,-1
227,2172.97777777837,5,False,81,True,False,ExtractTask,True,False,2
227,2172.97777777837,4,False,30,True,False,ExtractTask,False,False,3
227,2172.97777777837,12,True,-1,False,False,RestTask,True,True,-1
227,2172.97777777837,13,True,-1,False,False,RestTask,True,True,-1
227,2172.97777777837,14,False,1,True,False,ExtractTask,True,False,1
227,2172.97777777837,7,False,2,True,False,ParkPodTask,False,False,0
228,2176.35555555613,1,False,8,True,False,ExtractTask,False,False,3
228,2176.35555555613,10,True,-1,False,False,RestTask,True,True,-1
228,2176.35555555613,11,True,-1,False,False,RestTask,True,True,-1
228,2176.35555555613,3,True,-1,False,False,RestTask,True,True,-1
228,2176.35555555613,5,False,81,True,False,ExtractTask,True,False,2
228,2176.35555555613,4,False,30,True,False,ExtractTask,False,False,3
228,2176.35555555613,12,True,-1,False,False,RestTask,True,True,-1
228,2176.35555555613,13,True,-1,False,False,RestTask,True,True,-1
228,2176.35555555613,14,False,1,True,False,ExtractTask,True,False,1
228,2176.35555555613,7,False,2,True,False,ParkPodTask,False,False,0
229,2179.28888888945,1,False,8,True,False,ExtractTask,False,False,3
229,2179.28888888945,10,True,-1,False,False,RestTask,True,True,-1
229,2179.28888888945,11,True,-1,False,False,RestTask,True,True,-1
229,2179.28888888945,3,True,-1,False,False,RestTask,True,True,-1
229,2179.28888888945,5,False,81,True,False,ExtractTask,True,False,2
229,2179.28888888945,4,False,30,True,False,ExtractTask,False,False,3
229,2179.28888888945,12,True,-1,False,False,RestTask,True,True,-1
229,2179.28888888945,13,True,-1,False,False,RestTask,True,True,-1
229,2179.28888888945,14,False,1,True,False,ExtractTask,True,False,1
229,2179.28888888945,7,False,2,True,False,ParkPodTask,False,False,0
230,2183.06666666721,1,False,8,True,False,ExtractTask,False,False,3
230,2183.06666666721,10,True,-1,True,False,ExtractTask,False,False,-1
230,2183.06666666721,11,True,-1,False,False,RestTask,True,True,-1
230,2183.06666666721,3,True,-1,False,False,RestTask,True,True,-1
230,2183.06666666721,5,False,81,True,False,ExtractTask,True,False,2
230,2183.06666666721,4,False,30,True,False,ExtractTask,False,False,3
230,2183.06666666721,12,True,-1,False,False,RestTask,True,True,-1
230,2183.06666666721,13,True,-1,False,False,RestTask,True,True,-1
230,2183.06666666721,14,False,1,True,False,ExtractTask,True,False,1
230,2183.06666666721,7,True,-1,False,False,ParkPodTask,True,True,-1
231,2186.40000000053,1,False,8,True,False,ExtractTask,False,False,3
231,2186.40000000053,10,False,80,True,False,ExtractTask,True,False,3
231,2186.40000000053,11,True,-1,False,False,RestTask,True,True,-1
231,2186.40000000053,3,True,-1,False,False,RestTask,True,True,-1
231,2186.40000000053,5,False,81,True,False,ExtractTask,True,False,2
231,2186.40000000053,4,False,30,True,False,ExtractTask,False,False,3
231,2186.40000000053,12,True,-1,False,False,RestTask,True,True,-1
231,2186.40000000053,13,True,-1,False,False,RestTask,True,True,-1
231,2186.40000000053,14,False,1,True,False,ExtractTask,True,False,1
231,2186.40000000053,7,True,-1,False,False,RestTask,False,True,-1
232,2187.91111111163,1,False,8,True,False,ExtractTask,False,False,3
232,2187.91111111163,10,False,80,True,False,ExtractTask,True,False,3
232,2187.91111111163,11,True,-1,False,False,RestTask,True,True,-1
232,2187.91111111163,3,True,-1,False,False,RestTask,True,True,-1
232,2187.91111111163,5,False,81,True,False,ExtractTask,True,False,2
232,2187.91111111163,4,False,30,True,False,ExtractTask,False,False,3
232,2187.91111111163,12,True,-1,False,False,RestTask,True,True,-1
232,2187.91111111163,13,True,-1,False,False,RestTask,True,True,-1
232,2187.91111111163,14,False,1,True,False,ExtractTask,True,False,1
232,2187.91111111163,7,True,-1,False,False,RestTask,False,True,-1
233,2189.3777777783,1,False,8,True,False,ExtractTask,False,False,3
233,2189.3777777783,10,False,80,True,False,ExtractTask,False,False,3
233,2189.3777777783,11,True,-1,False,False,RestTask,True,True,-1
233,2189.3777777783,3,True,-1,False,False,RestTask,True,True,-1
233,2189.3777777783,5,False,81,True,False,ExtractTask,True,False,2
233,2189.3777777783,4,False,30,True,False,ExtractTask,True,False,3
233,2189.3777777783,12,True,-1,False,False,RestTask,True,True,-1
233,2189.3777777783,13,True,-1,False,False,RestTask,True,True,-1
233,2189.3777777783,14,False,1,True,False,ExtractTask,True,False,1
233,2189.3777777783,7,True,-1,False,False,RestTask,False,True,-1
234,2199.46666666714,1,False,8,True,False,ExtractTask,True,False,3
234,2199.46666666714,10,False,80,True,False,ExtractTask,False,False,3
234,2199.46666666714,11,True,-1,False,False,RestTask,True,True,-1
234,2199.46666666714,3,True,-1,False,False,RestTask,True,True,-1
234,2199.46666666714,5,False,81,True,False,ExtractTask,True,False,2
234,2199.46666666714,4,False,30,True,False,ExtractTask,True,False,3
234,2199.46666666714,12,True,-1,False,False,RestTask,True,True,-1
234,2199.46666666714,13,True,-1,False,False,RestTask,True,True,-1
234,2199.46666666714,14,False,1,True,False,ExtractTask,True,False,1
234,2199.46666666714,7,True,-1,False,False,RestTask,True,True,-1
235,2203.20000000046,1,False,8,True,False,ExtractTask,True,False,3
235,2203.20000000046,10,False,80,True,False,ExtractTask,True,False,3
235,2203.20000000046,11,True,-1,False,False,RestTask,True,True,-1
235,2203.20000000046,3,True,-1,False,False,RestTask,True,True,-1
235,2203.20000000046,5,False,81,True,False,ParkPodTask,False,False,2
235,2203.20000000046,4,False,30,True,False,ExtractTask,True,False,3
235,2203.20000000046,12,True,-1,False,False,RestTask,True,True,-1
235,2203.20000000046,13,True,-1,False,False,RestTask,True,True,-1
235,2203.20000000046,14,False,1,True,False,ExtractTask,True,False,1
235,2203.20000000046,7,True,-1,False,False,RestTask,True,True,-1
236,2209.55555555599,1,False,8,True,False,ExtractTask,True,False,3
236,2209.55555555599,10,False,80,True,False,ExtractTask,False,False,3
236,2209.55555555599,11,True,-1,False,False,RestTask,True,True,-1
236,2209.55555555599,3,True,-1,False,False,RestTask,True,True,-1
236,2209.55555555599,5,False,81,True,False,ParkPodTask,False,False,2
236,2209.55555555599,4,False,30,True,False,ExtractTask,True,False,3
236,2209.55555555599,12,True,-1,False,False,RestTask,True,True,-1
236,2209.55555555599,13,True,-1,False,False,RestTask,True,True,-1
236,2209.55555555599,14,False,1,True,False,ExtractTask,True,False,1
236,2209.55555555599,7,True,-1,False,False,RestTask,True,True,-1
237,2213.2888888893,1,False,8,True,False,ExtractTask,True,False,3
237,2213.2888888893,10,False,80,True,False,ExtractTask,True,False,3
237,2213.2888888893,11,True,-1,False,False,RestTask,True,True,-1
237,2213.2888888893,3,True,-1,False,False,RestTask,True,True,-1
237,2213.2888888893,5,True,-1,False,False,ParkPodTask,True,True,-1
237,2213.2888888893,4,False,30,True,False,ExtractTask,True,False,3
237,2213.2888888893,12,True,-1,False,False,RestTask,True,True,-1
237,2213.2888888893,13,True,-1,False,False,RestTask,True,True,-1
237,2213.2888888893,14,False,1,True,False,ExtractTask,True,False,1
237,2213.2888888893,7,True,-1,False,False,RestTask,True,True,-1
238,2219.64444444483,1,False,8,True,False,ExtractTask,True,False,3
238,2219.64444444483,10,False,80,True,False,ExtractTask,True,False,3
238,2219.64444444483,11,True,-1,False,False,RestTask,True,True,-1
238,2219.64444444483,3,True,-1,False,False,RestTask,True,True,-1
238,2219.64444444483,5,True,-1,False,False,RestTask,False,True,-1
238,2219.64444444483,4,False,30,True,False,ExtractTask,True,False,3
238,2219.64444444483,12,True,-1,False,False,RestTask,True,True,-1
238,2219.64444444483,13,True,-1,False,False,RestTask,True,True,-1
238,2219.64444444483,14,False,1,True,False,ExtractTask,True,False,1
238,2219.64444444483,7,True,-1,False,False,RestTask,True,True,-1
239,2233.42222222255,1,False,8,True,False,ExtractTask,True,False,3
239,2233.42222222255,10,False,80,True,False,ExtractTask,True,False,3
239,2233.42222222255,11,True,-1,False,False,RestTask,True,True,-1
239,2233.42222222255,3,True,-1,False,False,RestTask,True,True,-1
239,2233.42222222255,5,True,-1,False,False,RestTask,True,True,-1
239,2233.42222222255,4,False,30,True,False,ExtractTask,True,False,3
239,2233.42222222255,12,True,-1,False,False,RestTask,True,True,-1
239,2233.42222222255,13,True,-1,False,False,RestTask,True,True,-1
239,2233.42222222255,14,False,1,True,False,ParkPodTask,False,False,1
239,2233.42222222255,7,True,-1,False,False,RestTask,True,True,-1
240,2249.82222222248,1,False,8,True,False,ExtractTask,True,False,3
240,2249.82222222248,10,False,80,True,False,ExtractTask,True,False,3
240,2249.82222222248,11,True,-1,False,False,RestTask,True,True,-1
240,2249.82222222248,3,True,-1,False,False,RestTask,True,True,-1
240,2249.82222222248,5,True,-1,False,False,RestTask,True,True,-1
240,2249.82222222248,4,False,30,True,False,ExtractTask,True,False,3
240,2249.82222222248,12,True,-1,False,False,RestTask,True,True,-1
240,2249.82222222248,13,True,-1,False,False,RestTask,True,True,-1
240,2249.82222222248,14,True,-1,False,False,RestTask,False,True,-1
240,2249.82222222248,7,True,-1,False,False,RestTask,True,True,-1
241,2253.5555555558,1,False,8,True,False,ExtractTask,True,False,3
241,2253.5555555558,10,False,80,True,False,ExtractTask,True,False,3
241,2253.5555555558,11,True,-1,False,False,RestTask,True,True,-1
241,2253.5555555558,3,True,-1,False,False,RestTask,True,True,-1
241,2253.5555555558,5,True,-1,False,False,RestTask,True,True,-1
241,2253.5555555558,4,False,30,True,False,ExtractTask,True,False,3
241,2253.5555555558,12,True,-1,False,False,RestTask,True,True,-1
241,2253.5555555558,13,True,-1,False,False,RestTask,True,True,-1
241,2253.5555555558,14,True,-1,False,False,RestTask,False,True,-1
241,2253.5555555558,7,True,-1,False,False,RestTask,True,True,-1
242,2263.64444444464,1,False,8,True,False,ExtractTask,True,False,3
242,2263.64444444464,10,False,80,True,False,ExtractTask,True,False,3
242,2263.64444444464,11,True,-1,False,False,RestTask,True,True,-1
242,2263.64444444464,3,True,-1,False,False,RestTask,True,True,-1
242,2263.64444444464,5,True,-1,False,False,RestTask,True,True,-1
242,2263.64444444464,4,False,30,True,False,ExtractTask,True,False,3
242,2263.64444444464,12,True,-1,False,False,RestTask,True,True,-1
242,2263.64444444464,13,True,-1,False,False,RestTask,True,True,-1
242,2263.64444444464,14,True,-1,True,True,RestTask,True,False,-1
242,2263.64444444464,7,True,-1,False,False,RestTask,True,True,-1
243,2273.73333333349,1,False,8,True,False,ExtractTask,True,False,3
243,2273.73333333349,10,False,80,True,False,ExtractTask,True,False,3
243,2273.73333333349,11,True,-1,False,False,RestTask,True,True,-1
243,2273.73333333349,3,True,-1,False,False,RestTask,True,True,-1
243,2273.73333333349,5,True,-1,False,False,RestTask,True,True,-1
243,2273.73333333349,4,False,30,True,False,ExtractTask,True,False,3
243,2273.73333333349,12,True,-1,False,False,RestTask,True,True,-1
243,2273.73333333349,13,True,-1,False,False,RestTask,True,True,-1
243,2273.73333333349,14,True,-1,True,False,ExtractTask,False,False,-1
243,2273.73333333349,7,True,-1,False,False,RestTask,True,True,-1
244,2280.00000000013,1,False,8,True,False,ExtractTask,True,False,3
244,2280.00000000013,10,False,80,True,False,ExtractTask,True,False,3
244,2280.00000000013,11,True,-1,False,False,RestTask,True,True,-1
244,2280.00000000013,3,True,-1,False,False,RestTask,True,True,-1
244,2280.00000000013,5,True,-1,False,False,RestTask,True,True,-1
244,2280.00000000013,4,False,30,True,False,ExtractTask,True,False,3
244,2280.00000000013,12,True,-1,True,False,ExtractTask,False,False,-1
244,2280.00000000013,13,True,-1,False,False,RestTask,True,True,-1
244,2280.00000000013,14,True,-1,True,False,ExtractTask,False,False,-1
244,2280.00000000013,7,True,-1,False,False,RestTask,True,True,-1
245,2283.82222222233,1,False,8,True,False,ExtractTask,True,False,3
245,2283.82222222233,10,False,80,True,False,ExtractTask,True,False,3
245,2283.82222222233,11,True,-1,False,False,RestTask,True,True,-1
245,2283.82222222233,3,True,-1,False,False,RestTask,True,True,-1
245,2283.82222222233,5,True,-1,False,False,RestTask,True,True,-1
245,2283.82222222233,4,False,30,True,False,ExtractTask,True,False,3
245,2283.82222222233,12,False,69,True,False,ExtractTask,True,False,4
245,2283.82222222233,13,True,-1,False,False,RestTask,True,True,-1
245,2283.82222222233,14,False,59,True,False,ExtractTask,False,False,2
245,2283.82222222233,7,True,-1,False,False,RestTask,True,True,-1
246,2293.91111111118,1,False,8,True,False,ExtractTask,True,False,3
246,2293.91111111118,10,False,80,True,False,ExtractTask,True,False,3
246,2293.91111111118,11,True,-1,False,False,RestTask,True,True,-1
246,2293.91111111118,3,True,-1,False,False,RestTask,True,True,-1
246,2293.91111111118,5,True,-1,False,False,RestTask,True,True,-1
246,2293.91111111118,4,False,30,True,False,ExtractTask,True,False,3
246,2293.91111111118,12,False,69,True,False,ExtractTask,False,False,4
246,2293.91111111118,13,False,88,True,False,ExtractTask,True,False,2
246,2293.91111111118,14,False,59,True,False,ExtractTask,False,False,2
246,2293.91111111118,7,True,-1,False,False,RestTask,True,True,-1
247,2310.17777777777,1,False,8,True,False,ExtractTask,True,False,3
247,2310.17777777777,10,False,80,True,False,ExtractTask,True,False,3
247,2310.17777777777,11,True,-1,False,False,RestTask,True,True,-1
247,2310.17777777777,3,True,-1,False,False,RestTask,True,True,-1
247,2310.17777777777,5,True,-1,False,False,RestTask,True,True,-1
247,2310.17777777777,4,False,30,True,False,ExtractTask,True,False,2
247,2310.17777777777,12,False,69,True,False,ExtractTask,True,False,4
247,2310.17777777777,13,False,88,True,False,ExtractTask,False,False,2
247,2310.17777777777,14,False,59,True,False,ExtractTask,True,False,2
247,2310.17777777777,7,True,-1,False,False,RestTask,True,True,-1
248,2324.08888888882,1,False,8,True,False,ExtractTask,True,False,3
248,2324.08888888882,10,False,80,True,False,ExtractTask,True,False,3
248,2324.08888888882,11,True,-1,False,False,RestTask,True,True,-1
248,2324.08888888882,3,True,-1,False,False,RestTask,True,True,-1
248,2324.08888888882,5,True,-1,False,False,RestTask,True,True,-1
248,2324.08888888882,4,False,30,True,False,ExtractTask,True,False,2
248,2324.08888888882,12,False,69,True,False,ExtractTask,True,False,4
248,2324.08888888882,13,False,88,True,False,ExtractTask,True,False,2
248,2324.08888888882,14,False,59,True,False,ExtractTask,True,False,2
248,2324.08888888882,7,True,-1,False,False,RestTask,True,True,-1
249,2330.31111111102,1,False,8,True,False,ExtractTask,True,False,3
249,2330.31111111102,10,False,80,True,False,ExtractTask,True,False,3
249,2330.31111111102,11,True,-1,False,False,RestTask,True,True,-1
249,2330.31111111102,3,True,-1,False,False,RestTask,True,True,-1
249,2330.31111111102,5,True,-1,False,False,RestTask,True,True,-1
249,2330.31111111102,4,False,30,True,False,ExtractTask,True,False,2
249,2330.31111111102,12,False,69,True,False,ExtractTask,True,False,4
249,2330.31111111102,13,False,88,True,False,ExtractTask,True,False,2
249,2330.31111111102,14,False,59,True,False,ExtractTask,True,False,2
249,2330.31111111102,7,True,-1,True,False,ExtractTask,False,False,-1
250,2340.39999999987,1,False,8,True,False,ExtractTask,True,False,3
250,2340.39999999987,10,False,80,True,False,ExtractTask,True,False,3
250,2340.39999999987,11,True,-1,False,False,RestTask,True,True,-1
250,2340.39999999987,3,True,-1,False,False,RestTask,True,True,-1
250,2340.39999999987,5,False,7,True,False,ExtractTask,False,False,3
250,2340.39999999987,4,False,30,True,False,ExtractTask,True,False,2
250,2340.39999999987,12,False,69,True,False,ExtractTask,True,False,4
250,2340.39999999987,13,False,88,True,False,ExtractTask,True,False,2
250,2340.39999999987,14,False,59,True,False,ExtractTask,True,False,2
250,2340.39999999987,7,False,32,True,False,ExtractTask,False,False,3
251,2350.48888888871,1,False,8,True,False,ExtractTask,True,False,2
251,2350.48888888871,10,False,80,True,False,ExtractTask,True,False,3
251,2350.48888888871,11,True,-1,False,False,RestTask,True,True,-1
251,2350.48888888871,3,True,-1,False,False,RestTask,True,True,-1
251,2350.48888888871,5,False,7,True,False,ExtractTask,False,False,3
251,2350.48888888871,4,False,30,True,False,ExtractTask,True,False,2
251,2350.48888888871,12,False,69,True,False,ExtractTask,True,False,4
251,2350.48888888871,13,False,88,True,False,ExtractTask,True,False,2
251,2350.48888888871,14,False,59,True,False,ExtractTask,True,False,2
251,2350.48888888871,7,False,32,True,False,ExtractTask,False,False,3
252,2400.75555555516,1,True,-1,False,False,RestTask,True,True,-1
252,2400.75555555516,10,False,80,True,False,ExtractTask,True,False,3
252,2400.75555555516,11,True,-1,False,False,RestTask,True,True,-1
252,2400.75555555516,3,True,-1,False,False,RestTask,True,True,-1
252,2400.75555555516,5,False,7,True,False,ExtractTask,True,False,3
252,2400.75555555516,4,False,30,True,False,ParkPodTask,False,False,2
252,2400.75555555516,12,False,69,True,False,ExtractTask,True,False,4
252,2400.75555555516,13,False,88,True,False,ExtractTask,True,False,2
252,2400.75555555516,14,False,59,True,False,ExtractTask,True,False,2
252,2400.75555555516,7,False,32,True,False,ExtractTask,True,False,3
253,2404.48888888848,1,True,-1,True,True,RestTask,True,False,-1
253,2404.48888888848,10,False,80,True,False,ExtractTask,True,False,3
253,2404.48888888848,11,True,-1,False,False,RestTask,True,True,-1
253,2404.48888888848,3,True,-1,False,False,RestTask,True,True,-1
253,2404.48888888848,5,False,7,True,False,ExtractTask,True,False,3
253,2404.48888888848,4,True,-1,False,False,ParkPodTask,True,True,-1
253,2404.48888888848,12,False,69,True,False,ExtractTask,True,False,4
253,2404.48888888848,13,False,88,True,False,ExtractTask,True,False,2
253,2404.48888888848,14,False,59,True,False,ExtractTask,True,False,2
253,2404.48888888848,7,False,32,True,False,ExtractTask,True,False,3
254,2410.84444444401,1,False,11,True,False,ExtractTask,False,False,5
254,2410.84444444401,10,False,80,True,False,ExtractTask,True,False,3
254,2410.84444444401,11,True,-1,False,False,RestTask,True,True,-1
254,2410.84444444401,3,True,-1,False,False,RestTask,True,True,-1
254,2410.84444444401,5,False,7,True,False,ExtractTask,True,False,3
254,2410.84444444401,4,True,-1,False,False,RestTask,False,True,-1
254,2410.84444444401,12,False,69,True,False,ExtractTask,True,False,4
254,2410.84444444401,13,False,88,True,False,ExtractTask,True,False,2
254,2410.84444444401,14,False,59,True,False,ExtractTask,True,False,2
254,2410.84444444401,7,False,32,True,False,ExtractTask,True,False,3
255,2414.57777777732,1,False,11,True,False,ExtractTask,False,False,5
255,2414.57777777732,10,False,80,True,False,ExtractTask,True,False,3
255,2414.57777777732,11,True,-1,False,False,RestTask,True,True,-1
255,2414.57777777732,3,True,-1,False,False,RestTask,True,True,-1
255,2414.57777777732,5,False,7,True,False,ExtractTask,True,False,3
255,2414.57777777732,4,True,-1,False,False,RestTask,False,True,-1
255,2414.57777777732,12,False,69,True,False,ExtractTask,True,False,4
255,2414.57777777732,13,False,88,True,False,ExtractTask,True,False,2
255,2414.57777777732,14,False,59,True,False,ExtractTask,True,False,2
255,2414.57777777732,7,False,32,True,False,ExtractTask,True,False,3
256,2430.97777777725,1,False,11,True,False,ExtractTask,False,False,5
256,2430.97777777725,10,False,80,True,False,ExtractTask,True,False,3
256,2430.97777777725,11,True,-1,False,False,RestTask,True,True,-1
256,2430.97777777725,3,True,-1,False,False,RestTask,True,True,-1
256,2430.97777777725,5,False,7,True,False,ExtractTask,True,False,3
256,2430.97777777725,4,True,-1,False,False,RestTask,True,True,-1
256,2430.97777777725,12,False,69,True,False,ExtractTask,True,False,4
256,2430.97777777725,13,False,88,True,False,ExtractTask,True,False,2
256,2430.97777777725,14,False,59,True,False,ExtractTask,True,False,1
256,2430.97777777725,7,False,32,True,False,ExtractTask,True,False,3
257,2434.71111111057,1,False,11,True,False,ExtractTask,True,False,5
257,2434.71111111057,10,False,80,True,False,ExtractTask,True,False,3
257,2434.71111111057,11,True,-1,True,False,ExtractTask,False,False,-1
257,2434.71111111057,3,True,-1,False,False,RestTask,True,True,-1
257,2434.71111111057,5,False,7,True,False,ExtractTask,True,False,3
257,2434.71111111057,4,True,-1,False,False,RestTask,True,True,-1
257,2434.71111111057,12,False,69,True,False,ExtractTask,True,False,4
257,2434.71111111057,13,False,88,True,False,ExtractTask,True,False,2
257,2434.71111111057,14,False,59,True,False,ExtractTask,True,False,1
257,2434.71111111057,7,False,32,True,False,ExtractTask,True,False,3
258,2441.0666666661,1,False,11,True,False,ExtractTask,True,False,5
258,2441.0666666661,10,False,80,True,False,ExtractTask,True,False,3
258,2441.0666666661,11,False,60,True,False,ExtractTask,False,False,2
258,2441.0666666661,3,True,-1,False,False,RestTask,True,True,-1
258,2441.0666666661,5,False,7,True,False,ExtractTask,True,False,3
258,2441.0666666661,4,True,-1,False,False,RestTask,True,True,-1
258,2441.0666666661,12,False,69,True,False,ExtractTask,True,False,4
258,2441.0666666661,13,False,88,True,False,ExtractTask,True,False,2
258,2441.0666666661,14,False,59,True,False,ExtractTask,True,False,1
258,2441.0666666661,7,False,32,True,False,ExtractTask,True,False,3
259,2454.84444444382,1,False,11,True,False,ExtractTask,True,False,5
259,2454.84444444382,10,False,80,True,False,ExtractTask,True,False,3
259,2454.84444444382,11,False,60,True,False,ExtractTask,False,False,2
259,2454.84444444382,3,True,-1,False,False,RestTask,True,True,-1
259,2454.84444444382,5,False,7,True,False,ExtractTask,True,False,3
259,2454.84444444382,4,True,-1,False,False,RestTask,True,True,-1
259,2454.84444444382,12,False,69,True,False,ExtractTask,True,False,4
259,2454.84444444382,13,False,88,True,False,ExtractTask,True,False,2
259,2454.84444444382,14,False,59,True,False,ParkPodTask,False,False,1
259,2454.84444444382,7,False,32,True,False,ExtractTask,False,False,3
260,2464.93333333266,1,False,11,True,False,ExtractTask,True,False,5
260,2464.93333333266,10,False,80,True,False,ExtractTask,True,False,3
260,2464.93333333266,11,False,60,True,False,ExtractTask,True,False,2
260,2464.93333333266,3,True,-1,False,False,RestTask,True,True,-1
260,2464.93333333266,5,False,7,True,False,ExtractTask,True,False,3
260,2464.93333333266,4,True,-1,False,False,RestTask,True,True,-1
260,2464.93333333266,12,False,69,True,False,ExtractTask,True,False,4
260,2464.93333333266,13,False,88,True,False,ExtractTask,True,False,2
260,2464.93333333266,14,True,-1,False,False,RestTask,False,True,-1
260,2464.93333333266,7,False,32,True,False,ExtractTask,True,False,3
261,2485.06666666591,1,False,11,True,False,ExtractTask,True,False,5
261,2485.06666666591,10,False,80,True,False,ExtractTask,True,False,3
261,2485.06666666591,11,False,60,True,False,ExtractTask,True,False,2
261,2485.06666666591,3,True,-1,False,False,RestTask,True,True,-1
261,2485.06666666591,5,False,7,True,False,ExtractTask,True,False,3
261,2485.06666666591,4,True,-1,False,False,RestTask,True,True,-1
261,2485.06666666591,12,False,69,True,False,ExtractTask,True,False,4
261,2485.06666666591,13,False,88,True,False,ExtractTask,True,False,2
261,2485.06666666591,14,True,-1,False,False,RestTask,True,True,-1
261,2485.06666666591,7,False,32,True,False,ExtractTask,True,False,3
262,2505.19999999915,1,False,11,True,False,ExtractTask,True,False,5
262,2505.19999999915,10,False,80,True,False,ExtractTask,True,False,2
262,2505.19999999915,11,False,60,True,False,ExtractTask,True,False,2
262,2505.19999999915,3,True,-1,False,False,RestTask,True,True,-1
262,2505.19999999915,5,False,7,True,False,ExtractTask,True,False,3
262,2505.19999999915,4,True,-1,False,False,RestTask,True,True,-1
262,2505.19999999915,12,False,69,True,False,ExtractTask,True,False,4
262,2505.19999999915,13,False,88,True,False,ExtractTask,True,False,2
262,2505.19999999915,14,True,-1,False,False,RestTask,True,True,-1
262,2505.19999999915,7,False,32,True,False,ExtractTask,True,False,3
263,2525.3333333324,1,False,11,True,False,ExtractTask,True,False,5
263,2525.3333333324,10,False,80,True,False,ParkPodTask,True,False,2
263,2525.3333333324,11,False,60,True,False,ExtractTask,True,False,2
263,2525.3333333324,3,True,-1,False,False,RestTask,True,True,-1
263,2525.3333333324,5,False,7,True,False,ExtractTask,True,False,3
263,2525.3333333324,4,False,38,True,False,ExtractTask,False,False,3
263,2525.3333333324,12,False,69,True,False,ExtractTask,True,False,4
263,2525.3333333324,13,False,88,True,False,ExtractTask,True,False,2
263,2525.3333333324,14,True,-1,False,False,RestTask,True,True,-1
263,2525.3333333324,7,False,32,True,False,ExtractTask,True,False,3
264,2551.59999999895,1,False,11,True,False,ExtractTask,True,False,5
264,2551.59999999895,10,True,-1,False,False,RestTask,True,True,-1
264,2551.59999999895,11,False,60,True,False,ExtractTask,True,False,2
264,2551.59999999895,3,True,-1,False,False,RestTask,True,True,-1
264,2551.59999999895,5,False,7,True,False,ExtractTask,True,False,3
264,2551.59999999895,4,False,38,True,False,ExtractTask,True,False,3
264,2551.59999999895,12,False,69,True,False,ParkPodTask,False,False,4
264,2551.59999999895,13,False,88,True,False,ExtractTask,False,False,2
264,2551.59999999895,14,True,-1,False,False,RestTask,True,True,-1
264,2551.59999999895,7,False,32,True,False,ExtractTask,True,False,3
265,2555.51111111005,1,False,11,True,False,ExtractTask,True,False,5
265,2555.51111111005,10,True,-1,False,False,RestTask,True,True,-1
265,2555.51111111005,11,False,60,True,False,ExtractTask,True,False,2
265,2555.51111111005,3,True,-1,False,False,RestTask,True,True,-1
265,2555.51111111005,5,False,7,True,False,ExtractTask,True,False,3
265,2555.51111111005,4,False,38,True,False,ExtractTask,False,False,3
265,2555.51111111005,12,False,69,True,False,ParkPodTask,False,False,4
265,2555.51111111005,13,False,88,True,False,ExtractTask,True,False,2
265,2555.51111111005,14,True,-1,False,False,RestTask,True,True,-1
265,2555.51111111005,7,False,32,True,False,ExtractTask,True,False,3
266,2561.6888888878,1,False,11,True,False,ExtractTask,True,False,5
266,2561.6888888878,10,True,-1,True,False,ExtractTask,False,False,-1
266,2561.6888888878,11,False,60,True,False,ExtractTask,True,False,2
266,2561.6888888878,3,True,-1,False,False,RestTask,True,True,-1
266,2561.6888888878,5,False,7,True,False,ExtractTask,True,False,3
266,2561.6888888878,4,False,38,True,False,ExtractTask,True,False,3
266,2561.6888888878,12,True,-1,False,False,RestTask,False,True,-1
266,2561.6888888878,13,False,88,True,False,ExtractTask,True,False,2
266,2561.6888888878,14,True,-1,False,False,RestTask,True,True,-1
266,2561.6888888878,7,False,32,True,False,ExtractTask,True,False,3
267,2575.64444444329,1,False,11,True,False,ExtractTask,True,False,5
267,2575.64444444329,10,False,76,True,False,ExtractTask,False,False,4
267,2575.64444444329,11,False,60,True,False,ExtractTask,True,False,2
267,2575.64444444329,3,True,-1,False,False,RestTask,True,True,-1
267,2575.64444444329,5,False,7,True,False,ExtractTask,True,False,3
267,2575.64444444329,4,False,38,True,False,ExtractTask,True,False,3
267,2575.64444444329,12,True,-1,False,False,RestTask,True,True,-1
267,2575.64444444329,13,False,88,True,False,ExtractTask,True,False,2
267,2575.64444444329,14,True,-1,False,False,RestTask,True,True,-1
267,2575.64444444329,7,False,32,True,False,ExtractTask,True,False,3
268,2581.82222222104,1,False,11,True,False,ExtractTask,True,False,5
268,2581.82222222104,10,False,76,True,False,ExtractTask,False,False,4
268,2581.82222222104,11,False,60,True,False,ExtractTask,True,False,2
268,2581.82222222104,3,True,-1,False,False,RestTask,True,True,-1
268,2581.82222222104,5,False,7,True,False,ExtractTask,True,False,3
268,2581.82222222104,4,False,38,True,False,ExtractTask,True,False,3
268,2581.82222222104,12,True,-1,False,False,RestTask,True,True,-1
268,2581.82222222104,13,False,88,True,False,ExtractTask,True,False,2
268,2581.82222222104,14,True,-1,False,False,RestTask,True,True,-1
268,2581.82222222104,7,False,32,True,False,ExtractTask,True,False,3
269,2585.73333333214,1,False,11,True,False,ExtractTask,True,False,5
269,2585.73333333214,10,False,76,True,False,ExtractTask,False,False,4
269,2585.73333333214,11,False,60,True,False,ExtractTask,True,False,2
269,2585.73333333214,3,True,-1,False,False,RestTask,True,True,-1
269,2585.73333333214,5,False,7,True,False,ExtractTask,True,False,3
269,2585.73333333214,4,False,38,True,False,ExtractTask,True,False,3
269,2585.73333333214,12,True,-1,True,False,ExtractTask,False,False,-1
269,2585.73333333214,13,False,88,True,False,ExtractTask,True,False,2
269,2585.73333333214,14,True,-1,False,False,RestTask,True,True,-1
269,2585.73333333214,7,False,32,True,False,ExtractTask,True,False,3
270,2601.95555555429,1,False,11,True,False,ExtractTask,True,False,5
270,2601.95555555429,10,False,76,True,False,ExtractTask,True,False,4
270,2601.95555555429,11,False,60,True,False,ExtractTask,True,False,2
270,2601.95555555429,3,True,-1,False,False,RestTask,True,True,-1
270,2601.95555555429,5,False,7,True,False,ExtractTask,True,False,3
270,2601.95555555429,4,False,38,True,False,ExtractTask,True,False,3
270,2601.95555555429,12,False,66,True,False,ExtractTask,False,False,2
270,2601.95555555429,13,False,88,True,False,ExtractTask,True,False,2
270,2601.95555555429,14,True,-1,False,False,RestTask,True,True,-1
270,2601.95555555429,7,False,32,True,False,ExtractTask,True,False,3
271,2646.04444444299,1,False,11,True,False,ExtractTask,True,False,5
271,2646.04444444299,10,False,76,True,False,ExtractTask,True,False,4
271,2646.04444444299,11,False,60,True,False,ExtractTask,True,False,2
271,2646.04444444299,3,True,-1,False,False,RestTask,True,True,-1
271,2646.04444444299,5,True,-1,False,False,ParkPodTask,True,True,-1
271,2646.04444444299,4,False,38,True,False,ExtractTask,True,False,3
271,2646.04444444299,12,False,66,True,False,ExtractTask,True,False,2
271,2646.04444444299,13,False,88,True,False,ExtractTask,True,False,1
271,2646.04444444299,14,True,-1,False,False,RestTask,True,True,-1
271,2646.04444444299,7,False,32,True,False,ExtractTask,True,False,3
272,2652.22222222074,1,False,11,True,False,ExtractTask,True,False,5
272,2652.22222222074,10,False,76,True,False,ExtractTask,True,False,4
272,2652.22222222074,11,False,60,True,False,ExtractTask,True,False,2
272,2652.22222222074,3,True,-1,False,False,RestTask,True,True,-1
272,2652.22222222074,5,True,-1,False,False,RestTask,False,True,-1
272,2652.22222222074,4,False,38,True,False,ExtractTask,True,False,3
272,2652.22222222074,12,False,66,True,False,ExtractTask,True,False,2
272,2652.22222222074,13,False,88,True,False,ParkPodTask,False,False,0
272,2652.22222222074,14,True,-1,False,False,RestTask,True,True,-1
272,2652.22222222074,7,False,32,True,False,ExtractTask,False,False,3
273,2656.13333333183,1,False,11,True,False,ExtractTask,True,False,5
273,2656.13333333183,10,False,76,True,False,ExtractTask,False,False,4
273,2656.13333333183,11,False,60,True,False,ExtractTask,True,False,2
273,2656.13333333183,3,True,-1,False,False,RestTask,True,True,-1
273,2656.13333333183,5,True,-1,False,False,RestTask,True,True,-1
273,2656.13333333183,4,False,38,True,False,ExtractTask,True,False,3
273,2656.13333333183,12,False,66,True,False,ExtractTask,True,False,2
273,2656.13333333183,13,False,88,True,False,ParkPodTask,False,False,0
273,2656.13333333183,14,True,-1,False,False,RestTask,True,True,-1
273,2656.13333333183,7,False,32,True,False,ExtractTask,True,False,3
274,2666.22222222068,1,False,11,True,False,ExtractTask,True,False,5
274,2666.22222222068,10,False,76,True,False,ExtractTask,True,False,4
274,2666.22222222068,11,False,60,True,False,ExtractTask,True,False,2
274,2666.22222222068,3,True,-1,False,False,RestTask,True,True,-1
274,2666.22222222068,5,True,-1,False,False,RestTask,True,True,-1
274,2666.22222222068,4,False,38,True,False,ExtractTask,True,False,3
274,2666.22222222068,12,False,66,True,False,ExtractTask,True,False,2
274,2666.22222222068,13,True,-1,False,False,RestTask,False,True,-1
274,2666.22222222068,14,True,-1,False,False,RestTask,True,True,-1
274,2666.22222222068,7,False,32,True,False,ExtractTask,True,False,3
275,2672.35555555399,1,False,11,True,False,ExtractTask,True,False,5
275,2672.35555555399,10,False,76,True,False,ExtractTask,True,False,4
275,2672.35555555399,11,False,60,True,False,ExtractTask,True,False,2
275,2672.35555555399,3,True,-1,False,False,RestTask,True,True,-1
275,2672.35555555399,5,True,-1,False,False,RestTask,True,True,-1
275,2672.35555555399,4,False,38,True,False,ExtractTask,True,False,3
275,2672.35555555399,12,False,66,True,False,ExtractTask,True,False,2
275,2672.35555555399,13,True,-1,False,False,RestTask,False,True,-1
275,2672.35555555399,14,True,-1,False,False,RestTask,True,True,-1
275,2672.35555555399,7,False,32,True,False,ExtractTask,True,False,3
276,2696.39999999833,1,False,11,True,False,ExtractTask,True,False,5
276,2696.39999999833,10,False,76,True,False,ExtractTask,True,False,4
276,2696.39999999833,11,False,60,True,False,ExtractTask,True,False,2
276,2696.39999999833,3,True,-1,False,False,RestTask,True,True,-1
276,2696.39999999833,5,True,-1,False,False,RestTask,True,True,-1
276,2696.39999999833,4,False,38,True,False,ExtractTask,True,False,3
276,2696.39999999833,12,False,66,True,False,ExtractTask,True,False,2
276,2696.39999999833,13,True,-1,False,False,RestTask,True,True,-1
276,2696.39999999833,14,True,-1,False,False,RestTask,True,True,-1
276,2696.39999999833,7,False,32,True,False,ExtractTask,True,False,3
277,2706.48888888717,1,False,11,True,False,ExtractTask,True,False,5
277,2706.48888888717,10,False,76,True,False,ExtractTask,True,False,4
277,2706.48888888717,11,False,60,True,False,ExtractTask,True,False,2
277,2706.48888888717,3,True,-1,False,False,RestTask,True,True,-1
277,2706.48888888717,5,True,-1,False,False,RestTask,True,True,-1
277,2706.48888888717,4,False,38,True,False,ExtractTask,True,False,3
277,2706.48888888717,12,False,66,True,False,ExtractTask,True,False,2
277,2706.48888888717,13,True,-1,False,False,RestTask,True,True,-1
277,2706.48888888717,14,True,-1,False,False,RestTask,True,True,-1
277,2706.48888888717,7,False,32,True,False,ExtractTask,True,False,3
278,2712.57777777603,1,False,11,True,False,ExtractTask,True,False,5
278,2712.57777777603,10,False,76,True,False,ExtractTask,True,False,4
278,2712.57777777603,11,False,60,True,False,ExtractTask,True,False,2
278,2712.57777777603,3,True,-1,False,False,RestTask,True,True,-1
278,2712.57777777603,5,True,-1,False,False,RestTask,True,True,-1
278,2712.57777777603,4,False,38,True,False,ExtractTask,True,False,3
278,2712.57777777603,12,False,66,True,False,ExtractTask,True,False,2
278,2712.57777777603,13,True,-1,False,False,RestTask,True,True,-1
278,2712.57777777603,14,True,-1,False,False,RestTask,True,True,-1
278,2712.57777777603,7,False,32,True,False,ExtractTask,True,False,3
279,2716.57777777602,1,False,11,True,False,ExtractTask,True,False,5
279,2716.57777777602,10,False,76,True,False,ExtractTask,True,False,4
279,2716.57777777602,11,False,60,True,False,ExtractTask,True,False,2
279,2716.57777777602,3,True,-1,False,False,RestTask,True,True,-1
279,2716.57777777602,5,True,-1,False,False,RestTask,True,True,-1
279,2716.57777777602,4,False,38,True,False,ExtractTask,True,False,3
279,2716.57777777602,12,False,66,True,False,ExtractTask,True,False,2
279,2716.57777777602,13,True,-1,False,False,RestTask,True,True,-1
279,2716.57777777602,14,True,-1,False,False,RestTask,True,True,-1
279,2716.57777777602,7,False,32,True,False,ExtractTask,True,False,3
280,2722.66666666488,1,False,11,True,False,ExtractTask,True,False,5
280,2722.66666666488,10,False,76,True,False,ExtractTask,True,False,4
280,2722.66666666488,11,False,60,True,False,ExtractTask,True,False,2
280,2722.66666666488,3,True,-1,False,False,RestTask,True,True,-1
280,2722.66666666488,5,True,-1,False,False,RestTask,True,True,-1
280,2722.66666666488,4,False,38,True,False,ExtractTask,True,False,3
280,2722.66666666488,12,False,66,True,False,ExtractTask,True,False,2
280,2722.66666666488,13,True,-1,False,False,RestTask,True,True,-1
280,2722.66666666488,14,True,-1,False,False,RestTask,True,True,-1
280,2722.66666666488,7,False,32,True,False,ExtractTask,True,False,3
281,2726.66666666486,1,False,11,True,False,ExtractTask,True,False,4
281,2726.66666666486,10,False,76,True,False,ExtractTask,True,False,4
281,2726.66666666486,11,False,60,True,False,ExtractTask,True,False,2
281,2726.66666666486,3,True,-1,False,False,RestTask,True,True,-1
281,2726.66666666486,5,True,-1,False,False,RestTask,True,True,-1
281,2726.66666666486,4,False,38,True,False,ExtractTask,True,False,3
281,2726.66666666486,12,False,66,True,False,ExtractTask,True,False,2
281,2726.66666666486,13,True,-1,False,False,RestTask,True,True,-1
281,2726.66666666486,14,True,-1,False,False,RestTask,True,True,-1
281,2726.66666666486,7,False,32,True,False,ExtractTask,True,False,3
282,2732.75555555373,1,False,11,True,False,ExtractTask,True,False,4
282,2732.75555555373,10,False,76,True,False,ExtractTask,True,False,4
282,2732.75555555373,11,False,60,True,False,ExtractTask,True,False,2
282,2732.75555555373,3,True,-1,False,False,RestTask,True,True,-1
282,2732.75555555373,5,True,-1,False,False,RestTask,True,True,-1
282,2732.75555555373,4,False,38,True,False,ExtractTask,True,False,3
282,2732.75555555373,12,False,66,True,False,ExtractTask,True,False,2
282,2732.75555555373,13,True,-1,False,False,RestTask,True,True,-1
282,2732.75555555373,14,True,-1,False,False,RestTask,True,True,-1
282,2732.75555555373,7,False,32,True,False,ExtractTask,True,False,3
283,2736.75555555371,1,False,11,True,False,ExtractTask,True,False,3
283,2736.75555555371,10,False,76,True,False,ExtractTask,True,False,4
283,2736.75555555371,11,False,60,True,False,ExtractTask,True,False,2
283,2736.75555555371,3,True,-1,False,False,RestTask,True,True,-1
283,2736.75555555371,5,True,-1,False,False,RestTask,True,True,-1
283,2736.75555555371,4,False,38,True,False,ExtractTask,True,False,3
283,2736.75555555371,12,False,66,True,False,ExtractTask,True,False,2
283,2736.75555555371,13,True,-1,False,False,RestTask,True,True,-1
283,2736.75555555371,14,True,-1,False,False,RestTask,True,True,-1
283,2736.75555555371,7,False,32,True,False,ExtractTask,True,False,3
284,2742.84444444257,1,False,11,True,False,ExtractTask,True,False,3
284,2742.84444444257,10,False,76,True,False,ExtractTask,True,False,4
284,2742.84444444257,11,False,60,True,False,ExtractTask,True,False,2
284,2742.84444444257,3,True,-1,False,False,RestTask,True,True,-1
284,2742.84444444257,5,True,-1,False,False,RestTask,True,True,-1
284,2742.84444444257,4,False,38,True,False,ExtractTask,True,False,3
284,2742.84444444257,12,False,66,True,False,ExtractTask,True,False,2
284,2742.84444444257,13,True,-1,False,False,RestTask,True,True,-1
284,2742.84444444257,14,True,-1,False,False,RestTask,True,True,-1
284,2742.84444444257,7,False,32,True,False,ExtractTask,True,False,3
285,2746.84444444255,1,False,11,True,False,ExtractTask,True,False,3
285,2746.84444444255,10,False,76,True,False,ExtractTask,True,False,4
285,2746.84444444255,11,False,60,True,False,ExtractTask,True,False,2
285,2746.84444444255,3,True,-1,False,False,RestTask,True,True,-1
285,2746.84444444255,5,True,-1,False,False,RestTask,True,True,-1
285,2746.84444444255,4,False,38,True,False,ExtractTask,True,False,3
285,2746.84444444255,12,False,66,True,False,ExtractTask,True,False,2
285,2746.84444444255,13,True,-1,False,False,RestTask,True,True,-1
285,2746.84444444255,14,True,-1,False,False,RestTask,True,True,-1
285,2746.84444444255,7,False,32,True,False,ExtractTask,True,False,3
286,2756.9333333314,1,False,11,True,False,ParkPodTask,False,False,3
286,2756.9333333314,10,False,76,True,False,ExtractTask,True,False,4
286,2756.9333333314,11,False,60,True,False,ExtractTask,True,False,2
286,2756.9333333314,3,True,-1,False,False,RestTask,True,True,-1
286,2756.9333333314,5,True,-1,False,False,RestTask,True,True,-1
286,2756.9333333314,4,False,38,True,False,ExtractTask,True,False,3
286,2756.9333333314,12,False,66,True,False,ExtractTask,True,False,2
286,2756.9333333314,13,True,-1,False,False,RestTask,True,True,-1
286,2756.9333333314,14,False,24,True,False,ExtractTask,False,False,4
286,2756.9333333314,7,False,32,True,False,ExtractTask,True,False,3
287,2762.97777777582,1,False,11,True,False,ParkPodTask,False,False,3
287,2762.97777777582,10,False,76,True,False,ExtractTask,True,False,4
287,2762.97777777582,11,False,60,True,False,ExtractTask,True,False,2
287,2762.97777777582,3,True,-1,False,False,RestTask,True,True,-1
287,2762.97777777582,5,True,-1,False,False,RestTask,True,True,-1
287,2762.97777777582,4,False,38,True,False,ExtractTask,True,False,3
287,2762.97777777582,12,False,66,True,False,ExtractTask,True,False,2
287,2762.97777777582,13,True,-1,False,False,RestTask,True,True,-1
287,2762.97777777582,14,False,24,True,False,ExtractTask,False,False,4
287,2762.97777777582,7,False,32,True,False,ExtractTask,True,False,3
288,2767.02222222024,1,False,11,True,False,ParkPodTask,False,False,3
288,2767.02222222024,10,False,76,True,False,ExtractTask,True,False,4
288,2767.02222222024,11,False,60,True,False,ExtractTask,True,False,2
288,2767.02222222024,3,True,-1,False,False,RestTask,True,True,-1
288,2767.02222222024,5,True,-1,False,False,RestTask,True,True,-1
288,2767.02222222024,4,False,38,True,False,ExtractTask,True,False,3
288,2767.02222222024,12,False,66,True,False,ExtractTask,True,False,2
288,2767.02222222024,13,True,-1,False,False,RestTask,True,True,-1
288,2767.02222222024,14,False,24,True,False,ExtractTask,False,False,4
288,2767.02222222024,7,False,32,True,False,ExtractTask,True,False,3
289,2773.06666666466,1,True,-1,False,False,RestTask,True,True,-1
289,2773.06666666466,10,False,76,True,False,ExtractTask,True,False,4
289,2773.06666666466,11,False,60,True,False,ExtractTask,True,False,2
289,2773.06666666466,3,True,-1,True,False,ExtractTask,False,False,-1
289,2773.06666666466,5,True,-1,False,False,RestTask,True,True,-1
289,2773.06666666466,4,False,38,True,False,ExtractTask,True,False,3
289,2773.06666666466,12,False,66,True,False,ExtractTask,True,False,2
289,2773.06666666466,13,True,-1,False,False,RestTask,True,True,-1
289,2773.06666666466,14,False,24,True,False,ExtractTask,False,False,4
289,2773.06666666466,7,False,32,True,False,ExtractTask,True,False,3
290,2783.15555555351,1,True,-1,False,False,RestTask,False,True,-1
290,2783.15555555351,10,False,76,True,False,ExtractTask,True,False,4
290,2783.15555555351,11,False,60,True,False,ExtractTask,True,False,2
290,2783.15555555351,3,False,58,True,False,ExtractTask,False,False,3
290,2783.15555555351,5,True,-1,False,False,RestTask,True,True,-1
290,2783.15555555351,4,False,38,True,False,ExtractTask,True,False,3
290,2783.15555555351,12,False,66,True,False,ExtractTask,True,False,2
290,2783.15555555351,13,True,-1,False,False,RestTask,True,True,-1
290,2783.15555555351,14,False,24,True,False,ExtractTask,True,False,4
290,2783.15555555351,7,False,32,True,False,ExtractTask,True,False,3
291,2793.24444444235,1,True,-1,False,False,RestTask,True,True,-1
291,2793.24444444235,10,False,76,True,False,ExtractTask,True,False,4
291,2793.24444444235,11,False,60,True,False,ExtractTask,True,False,2
291,2793.24444444235,3,False,58,True,False,ExtractTask,False,False,3
291,2793.24444444235,5,True,-1,False,False,RestTask,True,True,-1
291,2793.24444444235,4,False,38,True,False,ExtractTask,False,False,3
291,2793.24444444235,12,False,66,True,False,ExtractTask,True,False,2
291,2793.24444444235,13,True,-1,False,False,RestTask,True,True,-1
291,2793.24444444235,14,False,24,True,False,ExtractTask,True,False,4
291,2793.24444444235,7,False,32,True,False,ParkPodTask,False,False,3
292,2803.3333333312,1,True,-1,False,False,RestTask,True,True,-1
292,2803.3333333312,10,False,76,True,False,ExtractTask,True,False,4
292,2803.3333333312,11,False,60,True,False,ParkPodTask,False,False,2
292,2803.3333333312,3,False,58,True,False,ExtractTask,True,False,3
292,2803.3333333312,5,True,-1,False,False,RestTask,True,True,-1
292,2803.3333333312,4,False,38,True,False,ExtractTask,True,False,2
292,2803.3333333312,12,False,66,True,False,ExtractTask,True,False,2
292,2803.3333333312,13,True,-1,False,False,RestTask,True,True,-1
292,2803.3333333312,14,False,24,True,False,ExtractTask,True,False,4
292,2803.3333333312,7,True,-1,False,False,RestTask,False,True,-1
293,2807.24444444229,1,True,-1,True,False,ExtractTask,False,False,-1
293,2807.24444444229,10,False,76,True,False,ExtractTask,True,False,4
293,2807.24444444229,11,False,60,True,False,ParkPodTask,False,False,2
293,2807.24444444229,3,False,58,True,False,ExtractTask,True,False,3
293,2807.24444444229,5,True,-1,True,False,ExtractTask,False,False,-1
293,2807.24444444229,4,False,38,True,False,ExtractTask,True,False,2
293,2807.24444444229,12,False,66,True,False,ExtractTask,True,False,2
293,2807.24444444229,13,True,-1,False,False,RestTask,True,True,-1
293,2807.24444444229,14,False,24,True,False,ExtractTask,True,False,4
293,2807.24444444229,7,True,-1,False,False,RestTask,False,True,-1
294,2813.42222222004,1,False,22,True,False,ExtractTask,False,False,3
294,2813.42222222004,10,False,76,True,False,ExtractTask,True,False,4
294,2813.42222222004,11,True,-1,False,False,ParkPodTask,True,True,-1
294,2813.42222222004,3,False,58,True,False,ExtractTask,True,False,3
294,2813.42222222004,5,False,37,True,False,ExtractTask,False,False,3
294,2813.42222222004,4,False,38,True,False,ExtractTask,True,False,2
294,2813.42222222004,12,False,66,True,False,ExtractTask,True,False,2
294,2813.42222222004,13,True,-1,False,False,RestTask,True,True,-1
294,2813.42222222004,14,False,24,True,False,ExtractTask,True,False,4
294,2813.42222222004,7,True,-1,False,False,RestTask,True,True,-1
295,2827.37777777554,1,False,22,True,False,ExtractTask,False,False,3
295,2827.37777777554,10,False,76,True,False,ExtractTask,True,False,4
295,2827.37777777554,11,True,-1,False,False,RestTask,False,True,-1
295,2827.37777777554,3,False,58,True,False,ExtractTask,True,False,3
295,2827.37777777554,5,False,37,True,False,ExtractTask,False,False,3
295,2827.37777777554,4,False,38,True,False,ExtractTask,True,False,2
295,2827.37777777554,12,False,66,True,False,ExtractTask,True,False,2
295,2827.37777777554,13,True,-1,False,False,RestTask,True,True,-1
295,2827.37777777554,14,False,24,True,False,ExtractTask,True,False,4
295,2827.37777777554,7,True,-1,False,False,RestTask,True,True,-1
296,2833.55555555329,1,False,22,True,False,ExtractTask,False,False,3
296,2833.55555555329,10,False,76,True,False,ExtractTask,True,False,4
296,2833.55555555329,11,True,-1,False,False,RestTask,True,True,-1
296,2833.55555555329,3,False,58,True,False,ExtractTask,True,False,3
296,2833.55555555329,5,False,37,True,False,ExtractTask,False,False,3
296,2833.55555555329,4,False,38,True,False,ExtractTask,True,False,2
296,2833.55555555329,12,False,66,True,False,ExtractTask,True,False,2
296,2833.55555555329,13,True,-1,False,False,RestTask,True,True,-1
296,2833.55555555329,14,False,24,True,False,ExtractTask,True,False,4
296,2833.55555555329,7,True,-1,False,False,RestTask,True,True,-1
297,2847.51111110879,1,False,22,True,False,ExtractTask,True,False,3
297,2847.51111110879,10,False,76,True,False,ExtractTask,True,False,4
297,2847.51111110879,11,True,-1,False,False,RestTask,True,True,-1
297,2847.51111110879,3,False,58,True,False,ExtractTask,True,False,3
297,2847.51111110879,5,False,37,True,False,ExtractTask,True,False,3
297,2847.51111110879,4,False,38,True,False,ExtractTask,True,False,2
297,2847.51111110879,12,False,66,True,False,ExtractTask,True,False,2
297,2847.51111110879,13,True,-1,False,False,RestTask,True,True,-1
297,2847.51111110879,14,False,24,True,False,ExtractTask,True,False,4
297,2847.51111110879,7,True,-1,False,False,RestTask,True,True,-1
298,2863.73333333094,1,False,22,True,False,ExtractTask,True,False,3
298,2863.73333333094,10,False,76,True,False,ExtractTask,True,False,4
298,2863.73333333094,11,True,-1,False,False,RestTask,True,True,-1
298,2863.73333333094,3,False,58,True,False,ExtractTask,True,False,3
298,2863.73333333094,5,False,37,True,False,ExtractTask,True,False,3
298,2863.73333333094,4,False,38,True,False,ExtractTask,True,False,2
298,2863.73333333094,12,False,66,True,False,ExtractTask,True,False,2
298,2863.73333333094,13,True,-1,False,False,RestTask,True,True,-1
298,2863.73333333094,14,False,24,True,False,ExtractTask,True,False,4
298,2863.73333333094,7,True,-1,False,False,RestTask,True,True,-1
299,2867.64444444203,1,False,22,True,False,ExtractTask,True,False,3
299,2867.64444444203,10,False,76,True,False,ExtractTask,True,False,4
299,2867.64444444203,11,True,-1,False,False,RestTask,True,True,-1
299,2867.64444444203,3,False,58,True,False,ExtractTask,True,False,3
299,2867.64444444203,5,False,37,True,False,ExtractTask,True,False,3
299,2867.64444444203,4,False,38,True,False,ExtractTask,True,False,2
299,2867.64444444203,12,False,66,True,False,ExtractTask,True,False,2
299,2867.64444444203,13,True,-1,False,False,RestTask,True,True,-1
299,2867.64444444203,14,False,24,True,False,ExtractTask,True,False,4
299,2867.64444444203,7,True,-1,False,False,RestTask,True,True,-1
300,2873.82222221978,1,False,22,True,False,ExtractTask,True,False,3
300,2873.82222221978,10,False,76,True,False,ExtractTask,True,False,4
300,2873.82222221978,11,True,-1,True,False,ExtractTask,False,False,-1
300,2873.82222221978,3,False,58,True,False,ExtractTask,True,False,3
300,2873.82222221978,5,False,37,True,False,ExtractTask,True,False,3
300,2873.82222221978,4,False,38,True,False,ExtractTask,True,False,2
300,2873.82222221978,12,False,66,True,False,ExtractTask,True,False,2
300,2873.82222221978,13,True,-1,False,False,RestTask,True,True,-1
300,2873.82222221978,14,False,24,True,False,ExtractTask,True,False,4
300,2873.82222221978,7,True,-1,False,False,RestTask,True,True,-1
301,2883.91111110863,1,False,22,True,False,ExtractTask,True,False,3
301,2883.91111110863,10,False,76,True,False,ExtractTask,True,False,4
301,2883.91111110863,11,False,70,True,False,ExtractTask,True,False,3
301,2883.91111110863,3,False,58,True,False,ExtractTask,True,False,3
301,2883.91111110863,5,False,37,True,False,ExtractTask,True,False,3
301,2883.91111110863,4,False,38,True,False,ExtractTask,True,False,2
301,2883.91111110863,12,False,66,True,False,ExtractTask,True,False,2
301,2883.91111110863,13,True,-1,False,False,RestTask,True,True,-1
301,2883.91111110863,14,False,24,True,False,ExtractTask,True,False,4
301,2883.91111110863,7,True,-1,False,False,RestTask,True,True,-1
302,2887.77777777528,1,False,22,True,False,ExtractTask,True,False,3
302,2887.77777777528,10,False,76,True,False,ExtractTask,True,False,4
302,2887.77777777528,11,False,70,True,False,ExtractTask,False,False,3
302,2887.77777777528,3,False,58,True,False,ExtractTask,True,False,3
302,2887.77777777528,5,False,37,True,False,ExtractTask,True,False,3
302,2887.77777777528,4,False,38,True,False,ExtractTask,True,False,2
302,2887.77777777528,12,False,66,True,False,ExtractTask,True,False,2
302,2887.77777777528,13,True,-1,False,False,RestTask,True,True,-1
302,2887.77777777528,14,False,24,True,False,ExtractTask,True,False,4
302,2887.77777777528,7,True,-1,False,False,RestTask,True,True,-1
303,2907.91111110852,1,False,22,True,False,ExtractTask,True,False,3
303,2907.91111110852,10,False,76,True,False,ExtractTask,True,False,4
303,2907.91111110852,11,False,70,True,False,ExtractTask,False,False,3
303,2907.91111110852,3,False,58,True,False,ExtractTask,True,False,3
303,2907.91111110852,5,False,37,True,False,ExtractTask,True,False,3
303,2907.91111110852,4,True,-1,False,False,RestTask,False,True,-1
303,2907.91111110852,12,False,66,True,False,ParkPodTask,False,False,1
303,2907.91111110852,13,True,-1,False,False,RestTask,True,True,-1
303,2907.91111110852,14,False,24,True,False,ExtractTask,True,False,4
303,2907.91111110852,7,True,-1,False,False,RestTask,True,True,-1
304,2958.17777777497,1,False,22,True,False,ExtractTask,True,False,3
304,2958.17777777497,10,True,-1,False,False,RestTask,False,True,-1
304,2958.17777777497,11,False,70,True,False,ExtractTask,True,False,3
304,2958.17777777497,3,False,58,True,False,ExtractTask,True,False,3
304,2958.17777777497,5,False,37,True,False,ParkPodTask,False,False,3
304,2958.17777777497,4,True,-1,False,False,RestTask,True,True,-1
304,2958.17777777497,12,True,-1,False,False,RestTask,True,True,-1
304,2958.17777777497,13,True,-1,False,False,RestTask,True,True,-1
304,2958.17777777497,14,False,24,True,False,ExtractTask,True,False,3
304,2958.17777777497,7,True,-1,False,False,RestTask,True,True,-1
305,2964.31111110828,1,False,22,True,False,ExtractTask,True,False,3
305,2964.31111110828,10,True,-1,False,False,RestTask,False,True,-1
305,2964.31111110828,11,False,70,True,False,ExtractTask,True,False,3
305,2964.31111110828,3,False,58,True,False,ExtractTask,True,False,3
305,2964.31111110828,5,False,37,True,False,ParkPodTask,False,False,3
305,2964.31111110828,4,True,-1,False,False,RestTask,True,True,-1
305,2964.31111110828,12,True,-1,False,False,RestTask,True,True,-1
305,2964.31111110828,13,True,-1,False,False,RestTask,True,True,-1
305,2964.31111110828,14,False,24,True,False,ExtractTask,True,False,3
305,2964.31111110828,7,True,-1,False,False,RestTask,True,True,-1
306,2968.26666666382,1,False,22,True,False,ExtractTask,True,False,3
306,2968.26666666382,10,True,-1,False,False,RestTask,False,True,-1
306,2968.26666666382,11,False,70,True,False,ExtractTask,True,False,3
306,2968.26666666382,3,False,58,True,False,ExtractTask,True,False,3
306,2968.26666666382,5,False,37,True,False,ParkPodTask,False,False,3
306,2968.26666666382,4,True,-1,False,False,RestTask,True,True,-1
306,2968.26666666382,12,True,-1,False,False,RestTask,True,True,-1
306,2968.26666666382,13,True,-1,False,False,RestTask,True,True,-1
306,2968.26666666382,14,False,24,True,False,ExtractTask,True,False,3
306,2968.26666666382,7,True,-1,False,False,RestTask,True,True,-1
307,2974.39999999713,1,False,22,True,False,ExtractTask,True,False,3
307,2974.39999999713,10,True,-1,False,False,RestTask,True,True,-1
307,2974.39999999713,11,False,70,True,False,ExtractTask,True,False,3
307,2974.39999999713,3,False,58,True,False,ExtractTask,True,False,3
307,2974.39999999713,5,False,37,True,False,ParkPodTask,False,False,3
307,2974.39999999713,4,True,-1,False,False,RestTask,True,True,-1
307,2974.39999999713,12,True,-1,False,False,RestTask,True,True,-1
307,2974.39999999713,13,True,-1,False,False,RestTask,True,True,-1
307,2974.39999999713,14,False,24,True,False,ExtractTask,True,False,3
307,2974.39999999713,7,True,-1,False,False,RestTask,True,True,-1
308,2994.53333333037,1,False,22,True,False,ExtractTask,True,False,3
308,2994.53333333037,10,True,-1,False,False,RestTask,True,True,-1
308,2994.53333333037,11,False,70,True,False,ExtractTask,True,False,3
308,2994.53333333037,3,False,58,True,False,ExtractTask,True,False,3
308,2994.53333333037,5,True,-1,False,False,RestTask,True,True,-1
308,2994.53333333037,4,True,-1,False,False,RestTask,True,True,-1
308,2994.53333333037,12,True,-1,False,False,RestTask,True,True,-1
308,2994.53333333037,13,True,-1,False,False,RestTask,True,True,-1
308,2994.53333333037,14,False,24,True,False,ExtractTask,True,False,3
308,2994.53333333037,7,True,-1,False,False,RestTask,True,True,-1
309,3018.53333333027,1,False,22,True,False,ExtractTask,True,False,2
309,3018.53333333027,10,True,-1,False,False,RestTask,True,True,-1
309,3018.53333333027,11,False,70,True,False,ExtractTask,True,False,3
309,3018.53333333027,3,False,58,True,False,ExtractTask,True,False,3
309,3018.53333333027,5,True,-1,False,False,RestTask,True,True,-1
309,3018.53333333027,4,True,-1,False,False,RestTask,True,True,-1
309,3018.53333333027,12,True,-1,False,False,RestTask,True,True,-1
309,3018.53333333027,13,False,82,True,False,ExtractTask,False,False,2
309,3018.53333333027,14,False,24,True,False,ParkPodTask,False,False,3
309,3018.53333333027,7,True,-1,False,False,RestTask,True,True,-1
310,3024.71111110802,1,False,22,True,False,ExtractTask,True,False,2
310,3024.71111110802,10,True,-1,False,False,RestTask,True,True,-1
310,3024.71111110802,11,False,70,True,False,ExtractTask,True,False,3
310,3024.71111110802,3,False,58,True,False,ExtractTask,True,False,3
310,3024.71111110802,5,True,-1,False,False,RestTask,True,True,-1
310,3024.71111110802,4,True,-1,False,False,RestTask,True,True,-1
310,3024.71111110802,12,True,-1,False,False,RestTask,True,True,-1
310,3024.71111110802,13,False,82,True,False,ExtractTask,True,False,2
310,3024.71111110802,14,False,24,True,False,ParkPodTask,False,False,3
310,3024.71111110802,7,True,-1,False,False,RestTask,True,True,-1
311,3038.66666666352,1,False,22,True,False,ExtractTask,True,False,2
311,3038.66666666352,10,True,-1,False,False,RestTask,True,True,-1
311,3038.66666666352,11,False,70,True,False,ExtractTask,True,False,3
311,3038.66666666352,3,False,58,True,False,ExtractTask,True,False,3
311,3038.66666666352,5,True,-1,False,False,RestTask,True,True,-1
311,3038.66666666352,4,True,-1,False,False,RestTask,True,True,-1
311,3038.66666666352,12,True,-1,False,False,RestTask,True,True,-1
311,3038.66666666352,13,False,82,True,False,ExtractTask,True,False,2
311,3038.66666666352,14,True,-1,False,False,RestTask,False,True,-1
311,3038.66666666352,7,True,-1,False,False,RestTask,True,True,-1
312,3044.84444444127,1,False,22,True,False,ExtractTask,True,False,2
312,3044.84444444127,10,True,-1,False,False,RestTask,True,True,-1
312,3044.84444444127,11,False,70,True,False,ExtractTask,True,False,3
312,3044.84444444127,3,False,58,True,False,ExtractTask,True,False,2
312,3044.84444444127,5,True,-1,False,False,RestTask,True,True,-1
312,3044.84444444127,4,True,-1,False,False,RestTask,True,True,-1
312,3044.84444444127,12,True,-1,False,False,RestTask,True,True,-1
312,3044.84444444127,13,False,82,True,False,ExtractTask,True,False,2
312,3044.84444444127,14,True,-1,True,True,RestTask,True,False,-1
312,3044.84444444127,7,True,-1,False,False,RestTask,True,True,-1
313,3064.97777777451,1,False,22,True,False,ExtractTask,True,False,1
313,3064.97777777451,10,True,-1,False,False,RestTask,True,True,-1
313,3064.97777777451,11,False,70,True,False,ExtractTask,False,False,3
313,3064.97777777451,3,False,58,True,False,ParkPodTask,False,False,1
313,3064.97777777451,5,True,-1,False,False,RestTask,True,True,-1
313,3064.97777777451,4,True,-1,False,False,RestTask,True,True,-1
313,3064.97777777451,12,True,-1,False,False,RestTask,True,True,-1
313,3064.97777777451,13,False,82,True,False,ExtractTask,True,False,2
313,3064.97777777451,14,False,55,True,False,ExtractTask,False,False,3
313,3064.97777777451,7,True,-1,False,False,RestTask,True,True,-1
314,3068.84444444116,1,False,22,True,False,ExtractTask,True,False,1
314,3068.84444444116,10,True,-1,False,False,RestTask,True,True,-1
314,3068.84444444116,11,False,70,True,False,ExtractTask,True,False,3
314,3068.84444444116,3,False,58,True,False,ParkPodTask,False,False,1
314,3068.84444444116,5,True,-1,False,False,RestTask,True,True,-1
314,3068.84444444116,4,True,-1,False,False,RestTask,True,True,-1
314,3068.84444444116,12,True,-1,False,False,RestTask,True,True,-1
314,3068.84444444116,13,False,82,True,False,ExtractTask,True,False,2
314,3068.84444444116,14,False,55,True,False,ExtractTask,False,False,3
314,3068.84444444116,7,True,-1,False,False,RestTask,True,True,-1
315,3075.06666666336,1,False,22,True,False,ExtractTask,True,False,1
315,3075.06666666336,10,True,-1,False,False,RestTask,True,True,-1
315,3075.06666666336,11,False,70,True,False,ExtractTask,True,False,3
315,3075.06666666336,3,False,58,True,False,ParkPodTask,False,False,1
315,3075.06666666336,5,True,-1,False,False,RestTask,True,True,-1
315,3075.06666666336,4,True,-1,False,False,RestTask,True,True,-1
315,3075.06666666336,12,True,-1,False,False,RestTask,True,True,-1
315,3075.06666666336,13,False,82,True,False,ExtractTask,True,False,2
315,3075.06666666336,14,False,55,True,False,ExtractTask,False,False,3
315,3075.06666666336,7,True,-1,False,False,RestTask,True,True,-1
316,3078.93333333001,1,False,22,True,False,ParkPodTask,False,False,1
316,3078.93333333001,10,True,-1,False,False,RestTask,True,True,-1
316,3078.93333333001,11,False,70,True,False,ExtractTask,True,False,3
316,3078.93333333001,3,True,-1,False,False,RestTask,False,True,-1
316,3078.93333333001,5,True,-1,False,False,RestTask,True,True,-1
316,3078.93333333001,4,True,-1,False,False,RestTask,True,True,-1
316,3078.93333333001,12,True,-1,False,False,RestTask,True,True,-1
316,3078.93333333001,13,False,82,True,False,ExtractTask,True,False,2
316,3078.93333333001,14,False,55,True,False,ExtractTask,True,False,3
316,3078.93333333001,7,True,-1,False,False,RestTask,True,True,-1
317,3085.1555555522,1,False,22,True,False,ParkPodTask,False,False,1
317,3085.1555555522,10,True,-1,False,False,RestTask,True,True,-1
317,3085.1555555522,11,False,70,True,False,ExtractTask,True,False,3
317,3085.1555555522,3,True,-1,False,False,RestTask,False,True,-1
317,3085.1555555522,5,True,-1,False,False,RestTask,True,True,-1
317,3085.1555555522,4,True,-1,False,False,RestTask,True,True,-1
317,3085.1555555522,12,True,-1,False,False,RestTask,True,True,-1
317,3085.1555555522,13,False,82,True,False,ExtractTask,True,False,2
317,3085.1555555522,14,False,55,True,False,ExtractTask,True,False,3
317,3085.1555555522,7,True,-1,False,False,RestTask,True,True,-1
318,3095.24444444105,1,False,22,True,False,ParkPodTask,False,False,1
318,3095.24444444105,10,True,-1,False,False,RestTask,True,True,-1
318,3095.24444444105,11,False,70,True,False,ExtractTask,True,False,3
318,3095.24444444105,3,True,-1,False,False,RestTask,True,True,-1
318,3095.24444444105,5,True,-1,False,False,RestTask,True,True,-1
318,3095.24444444105,4,True,-1,False,False,RestTask,True,True,-1
318,3095.24444444105,12,True,-1,False,False,RestTask,True,True,-1
318,3095.24444444105,13,False,82,True,False,ExtractTask,True,False,1
318,3095.24444444105,14,False,55,True,False,ExtractTask,True,False,3
318,3095.24444444105,7,True,-1,False,False,RestTask,True,True,-1
319,3109.11111110766,1,True,-1,False,False,RestTask,False,True,-1
319,3109.11111110766,10,True,-1,False,False,RestTask,True,True,-1
319,3109.11111110766,11,False,70,True,False,ExtractTask,True,False,3
319,3109.11111110766,3,True,-1,False,False,RestTask,True,True,-1
319,3109.11111110766,5,True,-1,False,False,RestTask,True,True,-1
319,3109.11111110766,4,True,-1,False,False,RestTask,True,True,-1
319,3109.11111110766,12,True,-1,False,False,RestTask,True,True,-1
319,3109.11111110766,13,False,82,True,False,ExtractTask,True,False,1
319,3109.11111110766,14,False,55,True,False,ExtractTask,True,False,3
319,3109.11111110766,7,True,-1,False,False,RestTask,True,True,-1
320,3109.1555555521,1,True,-1,True,True,RestTask,False,False,-1
320,3109.1555555521,10,True,-1,False,False,RestTask,True,True,-1
320,3109.1555555521,11,False,70,True,False,ExtractTask,True,False,3
320,3109.1555555521,3,True,-1,False,False,RestTask,True,True,-1
320,3109.1555555521,5,True,-1,False,False,RestTask,True,True,-1
320,3109.1555555521,4,True,-1,False,False,RestTask,True,True,-1
320,3109.1555555521,12,True,-1,False,False,RestTask,True,True,-1
320,3109.1555555521,13,False,82,True,False,ExtractTask,True,False,1
320,3109.1555555521,14,False,55,True,False,ExtractTask,True,False,3
320,3109.1555555521,7,True,-1,False,False,RestTask,True,True,-1
321,3119.1999999965,1,True,-1,True,False,ExtractTask,False,False,-1
321,3119.1999999965,10,True,-1,False,False,RestTask,True,True,-1
321,3119.1999999965,11,False,70,True,False,ExtractTask,True,False,3
321,3119.1999999965,3,True,-1,False,False,RestTask,True,True,-1
321,3119.1999999965,5,True,-1,False,False,RestTask,True,True,-1
321,3119.1999999965,4,True,-1,False,False,RestTask,True,True,-1
321,3119.1999999965,12,True,-1,False,False,RestTask,True,True,-1
321,3119.1999999965,13,False,82,True,False,ExtractTask,True,False,1
321,3119.1999999965,14,False,55,True,False,ExtractTask,True,False,3
321,3119.1999999965,7,True,-1,False,False,RestTask,True,True,-1
322,3119.24444444094,1,True,-1,True,False,ExtractTask,False,False,-1
322,3119.24444444094,10,True,-1,False,False,RestTask,True,True,-1
322,3119.24444444094,11,False,70,True,False,ExtractTask,True,False,3
322,3119.24444444094,3,True,-1,False,False,RestTask,True,True,-1
322,3119.24444444094,5,True,-1,False,False,RestTask,True,True,-1
322,3119.24444444094,4,True,-1,False,False,RestTask,True,True,-1
322,3119.24444444094,12,True,-1,False,False,RestTask,True,True,-1
322,3119.24444444094,13,False,82,True,False,ExtractTask,True,False,1
322,3119.24444444094,14,False,55,True,False,ExtractTask,True,False,3
322,3119.24444444094,7,True,-1,False,False,RestTask,True,True,-1
323,3119.28888888539,1,True,-1,True,False,ExtractTask,False,False,-1
323,3119.28888888539,10,True,-1,False,False,RestTask,True,True,-1
323,3119.28888888539,11,False,70,True,False,ExtractTask,True,False,3
323,3119.28888888539,3,True,-1,False,False,RestTask,True,True,-1
323,3119.28888888539,5,True,-1,False,False,RestTask,True,True,-1
323,3119.28888888539,4,True,-1,False,False,RestTask,True,True,-1
323,3119.28888888539,12,True,-1,False,False,RestTask,True,True,-1
323,3119.28888888539,13,False,82,True,False,ExtractTask,True,False,1
323,3119.28888888539,14,False,55,True,False,ExtractTask,True,False,3
323,3119.28888888539,7,True,-1,False,False,RestTask,True,True,-1
324,3125.4222222187,1,True,-1,True,False,ExtractTask,False,False,-1
324,3125.4222222187,10,True,-1,False,False,RestTask,True,True,-1
324,3125.4222222187,11,False,70,True,False,ExtractTask,True,False,3
324,3125.4222222187,3,True,-1,False,False,RestTask,True,True,-1
324,3125.4222222187,5,True,-1,False,False,RestTask,True,True,-1
324,3125.4222222187,4,True,-1,False,False,RestTask,True,True,-1
324,3125.4222222187,12,True,-1,False,False,RestTask,True,True,-1
324,3125.4222222187,13,False,82,True,False,ExtractTask,True,False,1
324,3125.4222222187,14,False,55,True,False,ExtractTask,True,False,3
324,3125.4222222187,7,True,-1,False,False,RestTask,True,True,-1
325,3125.46666666314,1,True,-1,True,False,ExtractTask,False,False,-1
325,3125.46666666314,10,True,-1,False,False,RestTask,True,True,-1
325,3125.46666666314,11,False,70,True,False,ExtractTask,True,False,3
325,3125.46666666314,3,True,-1,False,False,RestTask,True,True,-1
325,3125.46666666314,5,True,-1,False,False,RestTask,True,True,-1
325,3125.46666666314,4,True,-1,False,False,RestTask,True,True,-1
325,3125.46666666314,12,True,-1,False,False,RestTask,True,True,-1
325,3125.46666666314,13,False,82,True,False,ExtractTask,True,False,1
325,3125.46666666314,14,False,55,True,False,ExtractTask,True,False,3
325,3125.46666666314,7,True,-1,True,True,RestTask,True,False,-1
326,3139.33333332975,1,False,5,True,False,ExtractTask,False,False,4
326,3139.33333332975,10,True,-1,False,False,RestTask,True,True,-1
326,3139.33333332975,11,False,70,True,False,ExtractTask,True,False,3
326,3139.33333332975,3,True,-1,False,False,RestTask,True,True,-1
326,3139.33333332975,5,True,-1,False,False,RestTask,True,True,-1
326,3139.33333332975,4,True,-1,False,False,RestTask,True,True,-1
326,3139.33333332975,12,True,-1,False,False,RestTask,True,True,-1
326,3139.33333332975,13,False,82,True,False,ExtractTask,True,False,1
326,3139.33333332975,14,False,55,True,False,ExtractTask,True,False,3
326,3139.33333332975,7,False,51,True,False,ExtractTask,False,False,5
327,3139.37777777419,1,False,5,True,False,ExtractTask,False,False,4
327,3139.37777777419,10,True,-1,False,False,RestTask,True,True,-1
327,3139.37777777419,11,False,70,True,False,ExtractTask,True,False,3
327,3139.37777777419,3,True,-1,False,False,RestTask,True,True,-1
327,3139.37777777419,5,True,-1,False,False,RestTask,True,True,-1
327,3139.37777777419,4,True,-1,False,False,RestTask,True,True,-1
327,3139.37777777419,12,True,-1,False,False,RestTask,True,True,-1
327,3139.37777777419,13,False,82,True,False,ExtractTask,True,False,1
327,3139.37777777419,14,False,55,True,False,ExtractTask,True,False,3
327,3139.37777777419,7,False,51,True,False,ExtractTask,False,False,5
328,3145.55555555194,1,False,5,True,False,ExtractTask,True,False,4
328,3145.55555555194,10,True,-1,False,False,RestTask,True,True,-1
328,3145.55555555194,11,False,70,True,False,ExtractTask,True,False,3
328,3145.55555555194,3,True,-1,False,False,RestTask,True,True,-1
328,3145.55555555194,5,True,-1,False,False,RestTask,True,True,-1
328,3145.55555555194,4,True,-1,False,False,RestTask,True,True,-1
328,3145.55555555194,12,True,-1,False,False,RestTask,True,True,-1
328,3145.55555555194,13,False,82,True,False,ExtractTask,True,False,1
328,3145.55555555194,14,False,55,True,False,ExtractTask,True,False,3
328,3145.55555555194,7,False,51,True,False,ExtractTask,False,False,5
329,3145.59999999639,1,False,5,True,False,ExtractTask,True,False,4
329,3145.59999999639,10,True,-1,False,False,RestTask,True,True,-1
329,3145.59999999639,11,False,70,True,False,ExtractTask,True,False,3
329,3145.59999999639,3,True,-1,False,False,RestTask,True,True,-1
329,3145.59999999639,5,True,-1,False,False,RestTask,True,True,-1
329,3145.59999999639,4,True,-1,False,False,RestTask,True,True,-1
329,3145.59999999639,12,True,-1,False,False,RestTask,True,True,-1
329,3145.59999999639,13,False,82,True,False,ExtractTask,True,False,1
329,3145.59999999639,14,False,55,True,False,ExtractTask,True,False,3
329,3145.59999999639,7,False,51,True,False,ExtractTask,False,False,5
330,3165.68888888519,1,False,5,True,False,ExtractTask,False,False,4
330,3165.68888888519,10,True,-1,False,False,RestTask,True,True,-1
330,3165.68888888519,11,False,70,True,False,ExtractTask,True,False,3
330,3165.68888888519,3,True,-1,False,False,RestTask,True,True,-1
330,3165.68888888519,5,True,-1,False,False,RestTask,True,True,-1
330,3165.68888888519,4,True,-1,False,False,RestTask,True,True,-1
330,3165.68888888519,12,True,-1,False,False,RestTask,True,True,-1
330,3165.68888888519,13,False,82,True,False,ExtractTask,True,False,1
330,3165.68888888519,14,False,55,True,False,ExtractTask,True,False,3
330,3165.68888888519,7,False,51,True,False,ExtractTask,True,False,5
331,3175.77777777403,1,False,5,True,False,ExtractTask,True,False,4
331,3175.77777777403,10,True,-1,False,False,RestTask,True,True,-1
331,3175.77777777403,11,False,70,True,False,ExtractTask,True,False,3
331,3175.77777777403,3,True,-1,False,False,RestTask,True,True,-1
331,3175.77777777403,5,True,-1,False,False,RestTask,True,True,-1
331,3175.77777777403,4,True,-1,False,False,RestTask,True,True,-1
331,3175.77777777403,12,True,-1,False,False,RestTask,True,True,-1
331,3175.77777777403,13,False,82,True,False,ExtractTask,True,False,1
331,3175.77777777403,14,False,55,True,False,ExtractTask,True,False,3
331,3175.77777777403,7,False,51,True,False,ExtractTask,True,False,5
332,3185.86666666288,1,False,5,True,False,ExtractTask,True,False,4
332,3185.86666666288,10,True,-1,False,False,RestTask,True,True,-1
332,3185.86666666288,11,False,70,True,False,ExtractTask,True,False,3
332,3185.86666666288,3,True,-1,False,False,RestTask,True,True,-1
332,3185.86666666288,5,True,-1,False,False,RestTask,True,True,-1
332,3185.86666666288,4,True,-1,False,False,RestTask,True,True,-1
332,3185.86666666288,12,True,-1,False,False,RestTask,True,True,-1
332,3185.86666666288,13,False,82,True,False,ExtractTask,True,False,1
332,3185.86666666288,14,False,55,True,False,ExtractTask,True,False,3
332,3185.86666666288,7,False,51,True,False,ExtractTask,True,False,5
333,3199.6444444406,1,False,5,True,False,ExtractTask,True,False,4
333,3199.6444444406,10,True,-1,False,False,RestTask,True,True,-1
333,3199.6444444406,11,False,70,True,False,ExtractTask,True,False,3
333,3199.6444444406,3,True,-1,False,False,RestTask,True,True,-1
333,3199.6444444406,5,True,-1,False,False,RestTask,True,True,-1
333,3199.6444444406,4,False,26,True,False,ExtractTask,False,False,4
333,3199.6444444406,12,True,-1,False,False,RestTask,True,True,-1
333,3199.6444444406,13,False,82,True,False,ExtractTask,True,False,1
333,3199.6444444406,14,False,55,True,False,ExtractTask,True,False,3
333,3199.6444444406,7,False,51,True,False,ExtractTask,True,False,5
334,3209.73333332944,1,False,5,True,False,ExtractTask,True,False,4
334,3209.73333332944,10,True,-1,False,False,RestTask,True,True,-1
334,3209.73333332944,11,False,70,True,False,ExtractTask,True,False,3
334,3209.73333332944,3,True,-1,False,False,RestTask,True,True,-1
334,3209.73333332944,5,True,-1,False,False,RestTask,True,True,-1
334,3209.73333332944,4,False,26,True,False,ExtractTask,False,False,4
334,3209.73333332944,12,True,-1,False,False,RestTask,True,True,-1
334,3209.73333332944,13,False,82,True,False,ParkPodTask,False,False,0
334,3209.73333332944,14,False,55,True,False,ExtractTask,True,False,3
334,3209.73333332944,7,False,51,True,False,ExtractTask,True,False,5
335,3226.08888888493,1,False,5,True,False,ExtractTask,True,False,4
335,3226.08888888493,10,False,31,True,False,ExtractTask,False,False,4
335,3226.08888888493,11,False,70,True,False,ExtractTask,True,False,3
335,3226.08888888493,3,True,-1,False,False,RestTask,True,True,-1
335,3226.08888888493,5,True,-1,False,False,RestTask,True,True,-1
335,3226.08888888493,4,False,26,True,False,ExtractTask,False,False,4
335,3226.08888888493,12,True,-1,False,False,RestTask,True,True,-1
335,3226.08888888493,13,True,-1,False,False,ParkPodTask,True,True,-1
335,3226.08888888493,14,False,55,True,False,ExtractTask,True,False,3
335,3226.08888888493,7,False,51,True,False,ExtractTask,True,False,5
336,3246.22222221817,1,False,5,True,False,ExtractTask,True,False,4
336,3246.22222221817,10,False,31,True,False,ExtractTask,True,False,4
336,3246.22222221817,11,False,70,True,False,ExtractTask,True,False,2
336,3246.22222221817,3,True,-1,False,False,RestTask,True,True,-1
336,3246.22222221817,5,True,-1,False,False,RestTask,True,True,-1
336,3246.22222221817,4,False,26,True,False,ExtractTask,True,False,4
336,3246.22222221817,12,True,-1,False,False,RestTask,True,True,-1
336,3246.22222221817,13,True,-1,False,False,RestTask,True,True,-1
336,3246.22222221817,14,False,55,True,False,ExtractTask,True,False,3
336,3246.22222221817,7,False,51,True,False,ExtractTask,True,False,5
337,3249.95555555149,1,False,5,True,False,ExtractTask,True,False,4
337,3249.95555555149,10,False,31,True,False,ExtractTask,True,False,4
337,3249.95555555149,11,False,70,True,False,ExtractTask,True,False,2
337,3249.95555555149,3,True,-1,False,False,RestTask,True,True,-1
337,3249.95555555149,5,True,-1,False,False,RestTask,True,True,-1
337,3249.95555555149,4,False,26,True,False,ExtractTask,True,False,4
337,3249.95555555149,12,True,-1,False,False,RestTask,True,True,-1
337,3249.95555555149,13,True,-1,False,False,RestTask,True,True,-1
337,3249.95555555149,14,False,55,True,False,ExtractTask,True,False,3
337,3249.95555555149,7,False,51,True,False,ExtractTask,True,False,5
338,3266.35555555142,1,False,5,True,False,ExtractTask,True,False,4
338,3266.35555555142,10,False,31,True,False,ExtractTask,True,False,4
338,3266.35555555142,11,False,70,True,False,ParkPodTask,False,False,2
338,3266.35555555142,3,True,-1,False,False,RestTask,True,True,-1
338,3266.35555555142,5,True,-1,False,False,RestTask,True,True,-1
338,3266.35555555142,4,False,26,True,False,ExtractTask,True,False,4
338,3266.35555555142,12,False,45,True,False,ExtractTask,False,False,2
338,3266.35555555142,13,True,-1,False,False,RestTask,True,True,-1
338,3266.35555555142,14,False,55,True,False,ExtractTask,True,False,3
338,3266.35555555142,7,False,51,True,False,ExtractTask,True,False,5
339,3270.08888888474,1,False,5,True,False,ExtractTask,True,False,4
339,3270.08888888474,10,False,31,True,False,ExtractTask,True,False,4
339,3270.08888888474,11,True,-1,False,False,ParkPodTask,True,True,-1
339,3270.08888888474,3,True,-1,False,False,RestTask,True,True,-1
339,3270.08888888474,5,True,-1,False,False,RestTask,True,True,-1
339,3270.08888888474,4,False,26,True,False,ExtractTask,True,False,4
339,3270.08888888474,12,False,45,True,False,ExtractTask,False,False,2
339,3270.08888888474,13,True,-1,False,False,RestTask,True,True,-1
339,3270.08888888474,14,False,55,True,False,ExtractTask,True,False,3
339,3270.08888888474,7,False,51,True,False,ExtractTask,True,False,5
340,3286.48888888467,1,False,5,True,False,ExtractTask,True,False,4
340,3286.48888888467,10,False,31,True,False,ExtractTask,True,False,4
340,3286.48888888467,11,True,-1,False,False,RestTask,True,True,-1
340,3286.48888888467,3,True,-1,False,False,RestTask,True,True,-1
340,3286.48888888467,5,True,-1,False,False,RestTask,True,True,-1
340,3286.48888888467,4,False,26,True,False,ExtractTask,True,False,4
340,3286.48888888467,12,False,45,True,False,ExtractTask,True,False,2
340,3286.48888888467,13,True,-1,False,False,RestTask,True,True,-1
340,3286.48888888467,14,False,55,True,False,ExtractTask,True,False,3
340,3286.48888888467,7,False,51,True,False,ExtractTask,True,False,5
341,3296.57777777351,1,False,5,True,False,ExtractTask,True,False,4
341,3296.57777777351,10,False,31,True,False,ExtractTask,True,False,4
341,3296.57777777351,11,True,-1,False,False,RestTask,True,True,-1
341,3296.57777777351,3,True,-1,False,False,RestTask,True,True,-1
341,3296.57777777351,5,True,-1,False,False,RestTask,True,True,-1
341,3296.57777777351,4,False,26,True,False,ExtractTask,True,False,4
341,3296.57777777351,12,False,45,True,False,ExtractTask,True,False,2
341,3296.57777777351,13,True,-1,False,False,RestTask,True,True,-1
341,3296.57777777351,14,False,55,True,False,ExtractTask,True,False,3
341,3296.57777777351,7,False,51,True,False,ExtractTask,True,False,4
342,3316.71111110676,1,False,5,True,False,ExtractTask,True,False,4
342,3316.71111110676,10,False,31,True,False,ExtractTask,True,False,4
342,3316.71111110676,11,True,-1,False,False,RestTask,True,True,-1
342,3316.71111110676,3,False,82,True,False,ExtractTask,False,False,1
342,3316.71111110676,5,True,-1,False,False,RestTask,True,True,-1
342,3316.71111110676,4,False,26,True,False,ExtractTask,True,False,4
342,3316.71111110676,12,False,45,True,False,ExtractTask,True,False,2
342,3316.71111110676,13,True,-1,False,False,RestTask,True,True,-1
342,3316.71111110676,14,True,-1,False,False,ParkPodTask,True,True,-1
342,3316.71111110676,7,False,51,True,False,ExtractTask,True,False,4
343,3320.35555555119,1,False,5,True,False,ExtractTask,True,False,4
343,3320.35555555119,10,False,31,True,False,ExtractTask,True,False,4
343,3320.35555555119,11,True,-1,False,False,RestTask,True,True,-1
343,3320.35555555119,3,False,82,True,False,ExtractTask,False,False,1
343,3320.35555555119,5,True,-1,False,False,RestTask,True,True,-1
343,3320.35555555119,4,False,26,True,False,ExtractTask,True,False,4
343,3320.35555555119,12,False,45,True,False,ExtractTask,True,False,2
343,3320.35555555119,13,True,-1,False,False,RestTask,True,True,-1
343,3320.35555555119,14,True,-1,False,False,RestTask,False,True,-1
343,3320.35555555119,7,False,51,True,False,ExtractTask,True,False,4
344,3326.7999999956,1,False,5,True,False,ExtractTask,True,False,4
344,3326.7999999956,10,False,31,True,False,ExtractTask,True,False,4
344,3326.7999999956,11,True,-1,False,False,RestTask,True,True,-1
344,3326.7999999956,3,False,82,True,False,ExtractTask,False,False,1
344,3326.7999999956,5,True,-1,False,False,RestTask,True,True,-1
344,3326.7999999956,4,False,26,True,False,ExtractTask,True,False,4
344,3326.7999999956,12,False,45,True,False,ExtractTask,True,False,2
344,3326.7999999956,13,True,-1,False,False,RestTask,True,True,-1
344,3326.7999999956,14,True,-1,False,False,RestTask,False,True,-1
344,3326.7999999956,7,False,51,True,False,ExtractTask,True,False,4
345,3330.44444444003,1,False,5,True,False,ExtractTask,True,False,4
345,3330.44444444003,10,False,31,True,False,ExtractTask,True,False,4
345,3330.44444444003,11,True,-1,False,False,RestTask,True,True,-1
345,3330.44444444003,3,False,82,True,False,ExtractTask,True,False,1
345,3330.44444444003,5,True,-1,False,False,RestTask,True,True,-1
345,3330.44444444003,4,False,26,True,False,ExtractTask,True,False,4
345,3330.44444444003,12,False,45,True,False,ExtractTask,True,False,2
345,3330.44444444003,13,True,-1,False,False,RestTask,True,True,-1
345,3330.44444444003,14,True,-1,False,False,RestTask,False,True,-1
345,3330.44444444003,7,False,51,True,False,ExtractTask,True,False,4
346,3350.57777777328,1,False,5,True,False,ExtractTask,True,False,4
346,3350.57777777328,10,False,31,True,False,ExtractTask,True,False,4
346,3350.57777777328,11,True,-1,False,False,RestTask,True,True,-1
346,3350.57777777328,3,False,82,True,False,ExtractTask,True,False,1
346,3350.57777777328,5,True,-1,False,False,RestTask,True,True,-1
346,3350.57777777328,4,False,26,True,False,ExtractTask,True,False,4
346,3350.57777777328,12,False,45,True,False,ExtractTask,True,False,2
346,3350.57777777328,13,True,-1,False,False,RestTask,True,True,-1
346,3350.57777777328,14,True,-1,False,False,RestTask,True,True,-1
346,3350.57777777328,7,False,51,True,False,ParkPodTask,False,False,3
347,3367.02222221765,1,False,5,True,False,ExtractTask,True,False,4
347,3367.02222221765,10,False,31,True,False,ExtractTask,True,False,4
347,3367.02222221765,11,True,-1,False,False,RestTask,True,True,-1
347,3367.02222221765,3,False,82,True,False,ExtractTask,True,False,1
347,3367.02222221765,5,True,-1,False,False,RestTask,True,True,-1
347,3367.02222221765,4,False,26,True,False,ExtractTask,True,False,4
347,3367.02222221765,12,False,45,True,False,ExtractTask,True,False,2
347,3367.02222221765,13,True,-1,False,False,RestTask,True,True,-1
347,3367.02222221765,14,True,-1,False,False,RestTask,True,True,-1
347,3367.02222221765,7,True,-1,False,False,RestTask,False,True,-1
348,3400.84444443973,1,False,5,True,False,ExtractTask,True,False,4
348,3400.84444443973,10,False,31,True,False,ExtractTask,True,False,4
348,3400.84444443973,11,True,-1,False,False,RestTask,True,True,-1
348,3400.84444443973,3,False,82,True,False,ExtractTask,True,False,1
348,3400.84444443973,5,True,-1,False,False,RestTask,True,True,-1
348,3400.84444443973,4,False,26,True,False,ExtractTask,True,False,4
348,3400.84444443973,12,False,45,True,False,ExtractTask,True,False,2
348,3400.84444443973,13,True,-1,False,False,RestTask,True,True,-1
348,3400.84444443973,14,True,-1,False,False,RestTask,True,True,-1
348,3400.84444443973,7,True,-1,False,False,RestTask,True,True,-1
349,3417.2888888841,1,False,5,True,False,ExtractTask,True,False,4
349,3417.2888888841,10,False,31,True,False,ExtractTask,True,False,4
349,3417.2888888841,11,True,-1,False,False,RestTask,True,True,-1
349,3417.2888888841,3,False,82,True,False,ExtractTask,True,False,1
349,3417.2888888841,5,True,-1,False,False,RestTask,True,True,-1
349,3417.2888888841,4,False,26,True,False,ExtractTask,True,False,4
349,3417.2888888841,12,False,45,True,False,ExtractTask,True,False,2
349,3417.2888888841,13,True,-1,False,False,RestTask,True,True,-1
349,3417.2888888841,14,True,-1,False,False,RestTask,True,True,-1
349,3417.2888888841,7,True,-1,False,False,RestTask,True,True,-1
350,3420.97777777297,1,False,5,True,False,ExtractTask,True,False,4
350,3420.97777777297,10,False,31,True,False,ExtractTask,True,False,4
350,3420.97777777297,11,True,-1,False,False,RestTask,True,True,-1
350,3420.97777777297,3,False,82,True,False,ExtractTask,True,False,1
350,3420.97777777297,5,True,-1,False,False,RestTask,True,True,-1
350,3420.97777777297,4,False,26,True,False,ExtractTask,True,False,4
350,3420.97777777297,12,False,45,True,False,ExtractTask,True,False,2
350,3420.97777777297,13,True,-1,False,False,RestTask,True,True,-1
350,3420.97777777297,14,True,-1,False,False,RestTask,True,True,-1
350,3420.97777777297,7,True,-1,False,False,RestTask,True,True,-1
351,3437.42222221735,1,False,5,True,False,ExtractTask,True,False,4
351,3437.42222221735,10,False,31,True,False,ExtractTask,True,False,4
351,3437.42222221735,11,True,-1,False,False,RestTask,True,True,-1
351,3437.42222221735,3,False,82,True,False,ExtractTask,True,False,1
351,3437.42222221735,5,True,-1,False,False,RestTask,True,True,-1
351,3437.42222221735,4,False,26,True,False,ExtractTask,True,False,4
351,3437.42222221735,12,False,45,True,False,ExtractTask,True,False,2
351,3437.42222221735,13,True,-1,False,False,RestTask,True,True,-1
351,3437.42222221735,14,True,-1,False,False,RestTask,True,True,-1
351,3437.42222221735,7,True,-1,False,False,RestTask,True,True,-1
352,3441.11111110622,1,False,5,True,False,ExtractTask,True,False,4
352,3441.11111110622,10,False,31,True,False,ExtractTask,True,False,4
352,3441.11111110622,11,True,-1,False,False,RestTask,True,True,-1
352,3441.11111110622,3,False,82,True,False,ExtractTask,True,False,1
352,3441.11111110622,5,True,-1,False,False,RestTask,True,True,-1
352,3441.11111110622,4,False,26,True,False,ExtractTask,True,False,4
352,3441.11111110622,12,False,45,True,False,ExtractTask,True,False,2
352,3441.11111110622,13,True,-1,False,False,RestTask,True,True,-1
352,3441.11111110622,14,True,-1,False,False,RestTask,True,True,-1
352,3441.11111110622,7,True,-1,False,False,RestTask,True,True,-1
353,3451.19999999507,1,False,5,True,False,ExtractTask,True,False,4
353,3451.19999999507,10,False,31,True,False,ExtractTask,True,False,4
353,3451.19999999507,11,True,-1,False,False,RestTask,True,True,-1
353,3451.19999999507,3,False,82,True,False,ExtractTask,True,False,1
353,3451.19999999507,5,True,-1,False,False,RestTask,True,True,-1
353,3451.19999999507,4,False,26,True,False,ExtractTask,True,False,4
353,3451.19999999507,12,False,45,True,False,ExtractTask,True,False,2
353,3451.19999999507,13,True,-1,False,False,RestTask,True,True,-1
353,3451.19999999507,14,True,-1,False,False,RestTask,True,True,-1
353,3451.19999999507,7,True,-1,False,False,RestTask,True,True,-1
354,3461.28888888391,1,False,5,True,False,ExtractTask,True,False,4
354,3461.28888888391,10,False,31,True,False,ExtractTask,True,False,4
354,3461.28888888391,11,True,-1,False,False,RestTask,True,True,-1
354,3461.28888888391,3,False,82,True,False,ExtractTask,True,False,1
354,3461.28888888391,5,True,-1,False,False,RestTask,True,True,-1
354,3461.28888888391,4,False,26,True,False,ExtractTask,True,False,4
354,3461.28888888391,12,False,45,True,False,ExtractTask,True,False,2
354,3461.28888888391,13,True,-1,False,False,RestTask,True,True,-1
354,3461.28888888391,14,True,-1,False,False,RestTask,True,True,-1
354,3461.28888888391,7,True,-1,False,False,RestTask,True,True,-1
355,3467.599999995,1,False,5,True,False,ExtractTask,True,False,4
355,3467.599999995,10,False,31,True,False,ExtractTask,True,False,4
355,3467.599999995,11,True,-1,False,False,RestTask,True,True,-1
355,3467.599999995,3,False,82,True,False,ExtractTask,True,False,1
355,3467.599999995,5,True,-1,False,False,RestTask,True,True,-1
355,3467.599999995,4,False,26,True,False,ExtractTask,True,False,4
355,3467.599999995,12,False,45,True,False,ExtractTask,True,False,2
355,3467.599999995,13,True,-1,False,False,RestTask,True,True,-1
355,3467.599999995,14,True,-1,False,False,RestTask,True,True,-1
355,3467.599999995,7,True,-1,False,False,RestTask,True,True,-1
356,3471.37777777276,1,False,5,True,False,ExtractTask,True,False,4
356,3471.37777777276,10,False,31,True,False,ExtractTask,True,False,4
356,3471.37777777276,11,True,-1,False,False,RestTask,True,True,-1
356,3471.37777777276,3,False,82,True,False,ExtractTask,True,False,1
356,3471.37777777276,5,True,-1,False,False,RestTask,True,True,-1
356,3471.37777777276,4,False,26,True,False,ExtractTask,True,False,4
356,3471.37777777276,12,False,45,True,False,ExtractTask,True,False,2
356,3471.37777777276,13,True,-1,False,False,RestTask,True,True,-1
356,3471.37777777276,14,False,36,True,False,ExtractTask,True,False,3
356,3471.37777777276,7,True,-1,False,False,RestTask,True,True,-1
357,3481.4666666616,1,False,5,True,False,ExtractTask,True,False,3
357,3481.4666666616,10,False,31,True,False,ExtractTask,True,False,4
357,3481.4666666616,11,True,-1,False,False,RestTask,True,True,-1
357,3481.4666666616,3,False,82,True,False,ExtractTask,True,False,1
357,3481.4666666616,5,True,-1,False,False,RestTask,True,True,-1
357,3481.4666666616,4,False,26,True,False,ExtractTask,True,False,4
357,3481.4666666616,12,False,45,True,False,ExtractTask,True,False,2
357,3481.4666666616,13,True,-1,False,False,RestTask,True,True,-1
357,3481.4666666616,14,False,36,True,False,ExtractTask,False,False,3
357,3481.4666666616,7,True,-1,False,False,RestTask,True,True,-1
358,3487.73333332824,1,False,5,True,False,ParkPodTask,False,False,2
358,3487.73333332824,10,False,31,True,False,ExtractTask,False,False,4
358,3487.73333332824,11,True,-1,False,False,RestTask,True,True,-1
358,3487.73333332824,3,False,82,True,False,ExtractTask,True,False,1
358,3487.73333332824,5,True,-1,False,False,RestTask,True,True,-1
358,3487.73333332824,4,False,26,True,False,ExtractTask,True,False,4
358,3487.73333332824,12,False,45,True,False,ExtractTask,True,False,2
358,3487.73333332824,13,True,-1,False,False,RestTask,True,True,-1
358,3487.73333332824,14,False,36,True,False,ExtractTask,False,False,3
358,3487.73333332824,7,True,-1,False,False,RestTask,True,True,-1
359,3491.55555555045,1,False,5,True,False,ParkPodTask,False,False,2
359,3491.55555555045,10,False,31,True,False,ExtractTask,True,False,4
359,3491.55555555045,11,True,-1,False,False,RestTask,True,True,-1
359,3491.55555555045,3,False,82,True,False,ExtractTask,True,False,1
359,3491.55555555045,5,True,-1,False,False,RestTask,True,True,-1
359,3491.55555555045,4,False,26,True,False,ExtractTask,True,False,3
359,3491.55555555045,12,False,45,True,False,ExtractTask,True,False,2
359,3491.55555555045,13,True,-1,False,False,RestTask,True,True,-1
359,3491.55555555045,14,False,36,True,False,ExtractTask,False,False,3
359,3491.55555555045,7,True,-1,False,False,RestTask,True,True,-1
360,3501.64444443929,1,True,-1,False,False,RestTask,False,True,-1
360,3501.64444443929,10,False,31,True,False,ExtractTask,True,False,4
360,3501.64444443929,11,True,-1,False,False,RestTask,True,True,-1
360,3501.64444443929,3,False,82,True,False,ExtractTask,True,False,1
360,3501.64444443929,5,True,-1,False,False,RestTask,True,True,-1
360,3501.64444443929,4,False,26,True,False,ExtractTask,True,False,2
360,3501.64444443929,12,False,45,True,False,ExtractTask,True,False,2
360,3501.64444443929,13,True,-1,False,False,RestTask,True,True,-1
360,3501.64444443929,14,False,36,True,False,ExtractTask,True,False,3
360,3501.64444443929,7,True,-1,False,False,RestTask,True,True,-1
361,3507.86666666149,1,True,-1,False,False,RestTask,False,True,-1
361,3507.86666666149,10,False,31,True,False,ExtractTask,True,False,4
361,3507.86666666149,11,True,-1,False,False,RestTask,True,True,-1
361,3507.86666666149,3,False,82,True,False,ExtractTask,True,False,1
361,3507.86666666149,5,True,-1,False,False,RestTask,True,True,-1
361,3507.86666666149,4,False,26,True,False,ExtractTask,True,False,2
361,3507.86666666149,12,False,45,True,False,ExtractTask,True,False,2
361,3507.86666666149,13,True,-1,False,False,RestTask,True,True,-1
361,3507.86666666149,14,False,36,True,False,ExtractTask,True,False,3
361,3507.86666666149,7,True,-1,False,False,RestTask,True,True,-1
362,3527.99999999473,1,False,83,True,False,ExtractTask,False,False,3
362,3527.99999999473,10,False,31,True,False,ExtractTask,True,False,4
362,3527.99999999473,11,True,-1,False,False,RestTask,True,True,-1
362,3527.99999999473,3,False,82,True,False,ExtractTask,True,False,1
362,3527.99999999473,5,True,-1,False,False,RestTask,True,True,-1
362,3527.99999999473,4,False,26,True,False,ExtractTask,True,False,2
362,3527.99999999473,12,False,45,True,False,ExtractTask,True,False,2
362,3527.99999999473,13,True,-1,False,False,RestTask,True,True,-1
362,3527.99999999473,14,False,36,True,False,ExtractTask,True,False,3
362,3527.99999999473,7,True,-1,False,False,RestTask,True,True,-1
363,3558.17777777238,1,False,83,True,False,ExtractTask,True,False,3
363,3558.17777777238,10,False,31,True,False,ExtractTask,True,False,4
363,3558.17777777238,11,True,-1,False,False,RestTask,True,True,-1
363,3558.17777777238,3,False,82,True,False,ExtractTask,True,False,1
363,3558.17777777238,5,True,-1,False,False,RestTask,True,True,-1
363,3558.17777777238,4,False,26,True,False,ExtractTask,True,False,2
363,3558.17777777238,12,False,45,True,False,ExtractTask,True,False,2
363,3558.17777777238,13,True,-1,False,False,RestTask,True,True,-1
363,3558.17777777238,14,False,36,True,False,ExtractTask,True,False,3
363,3558.17777777238,7,True,-1,False,False,RestTask,True,True,-1
364,3598.39999999443,1,False,83,True,False,ExtractTask,True,False,3
364,3598.39999999443,10,False,31,True,False,ExtractTask,True,False,3
364,3598.39999999443,11,False,21,True,False,ExtractTask,True,False,3
364,3598.39999999443,3,False,82,True,False,ExtractTask,True,False,1
364,3598.39999999443,5,True,-1,False,False,RestTask,True,True,-1
364,3598.39999999443,4,False,26,True,False,ExtractTask,True,False,2
364,3598.39999999443,12,False,45,True,False,ExtractTask,True,False,2
364,3598.39999999443,13,True,-1,False,False,RestTask,True,True,-1
364,3598.39999999443,14,False,36,True,False,ExtractTask,True,False,3
364,3598.39999999443,7,True,-1,False,False,RestTask,True,True,-1
365,3602.13333332775,1,False,83,True,False,ExtractTask,True,False,3
365,3602.13333332775,10,False,31,True,False,ExtractTask,True,False,3
365,3602.13333332775,11,False,21,True,False,ExtractTask,True,False,3
365,3602.13333332775,3,False,82,True,False,ExtractTask,True,False,1
365,3602.13333332775,5,True,-1,False,False,RestTask,True,True,-1
365,3602.13333332775,4,False,26,True,False,ExtractTask,True,False,2
365,3602.13333332775,12,False,45,True,False,ExtractTask,True,False,2
365,3602.13333332775,13,True,-1,False,False,RestTask,True,True,-1
365,3602.13333332775,14,False,36,True,False,ExtractTask,True,False,3
365,3602.13333332775,7,True,-1,True,False,ExtractTask,False,False,-1
366,3632.31111110539,1,False,83,True,False,ExtractTask,True,False,3
366,3632.31111110539,10,False,31,True,False,ExtractTask,True,False,3
366,3632.31111110539,11,False,21,True,False,ExtractTask,False,False,3
366,3632.31111110539,3,False,82,True,False,ExtractTask,True,False,1
366,3632.31111110539,5,True,-1,False,False,RestTask,True,True,-1
366,3632.31111110539,4,False,26,True,False,ParkPodTask,False,False,1
366,3632.31111110539,12,False,45,True,False,ExtractTask,True,False,2
366,3632.31111110539,13,True,-1,False,False,RestTask,True,True,-1
366,3632.31111110539,14,False,36,True,False,ExtractTask,True,False,3
366,3632.31111110539,7,False,73,True,False,ExtractTask,True,False,3
367,3638.62222221648,1,False,83,True,False,ExtractTask,True,False,3
367,3638.62222221648,10,False,31,True,False,ExtractTask,True,False,3
367,3638.62222221648,11,False,21,True,False,ExtractTask,True,False,3
367,3638.62222221648,3,False,82,True,False,ExtractTask,True,False,1
367,3638.62222221648,5,True,-1,False,False,RestTask,True,True,-1
367,3638.62222221648,4,True,-1,False,False,RestTask,False,True,-1
367,3638.62222221648,12,False,45,True,False,ExtractTask,True,False,2
367,3638.62222221648,13,True,-1,False,False,RestTask,True,True,-1
367,3638.62222221648,14,False,36,True,False,ExtractTask,True,False,3
367,3638.62222221648,7,False,73,True,False,ExtractTask,True,False,3
368,3642.39999999424,1,False,83,True,False,ExtractTask,True,False,3
368,3642.39999999424,10,False,31,True,False,ExtractTask,True,False,3
368,3642.39999999424,11,False,21,True,False,ExtractTask,True,False,3
368,3642.39999999424,3,False,82,True,False,ExtractTask,True,False,1
368,3642.39999999424,5,True,-1,False,False,RestTask,True,True,-1
368,3642.39999999424,4,True,-1,False,False,RestTask,False,True,-1
368,3642.39999999424,12,False,45,True,False,ExtractTask,True,False,2
368,3642.39999999424,13,True,-1,False,False,RestTask,True,True,-1
368,3642.39999999424,14,False,36,True,False,ExtractTask,True,False,3
368,3642.39999999424,7,False,73,True,False,ExtractTask,True,False,3
369,3648.71111110532,1,False,83,True,False,ExtractTask,True,False,3
369,3648.71111110532,10,False,31,True,False,ExtractTask,True,False,3
369,3648.71111110532,11,False,21,True,False,ExtractTask,True,False,3
369,3648.71111110532,3,False,82,True,False,ExtractTask,True,False,1
369,3648.71111110532,5,True,-1,False,False,RestTask,True,True,-1
369,3648.71111110532,4,True,-1,False,False,RestTask,False,True,-1
369,3648.71111110532,12,False,45,True,False,ExtractTask,True,False,2
369,3648.71111110532,13,True,-1,False,False,RestTask,True,True,-1
369,3648.71111110532,14,False,36,True,False,ExtractTask,True,False,3
369,3648.71111110532,7,False,73,True,False,ExtractTask,True,False,3
370,3652.48888888309,1,False,83,True,False,ExtractTask,True,False,3
370,3652.48888888309,10,False,31,True,False,ExtractTask,True,False,3
370,3652.48888888309,11,False,21,True,False,ExtractTask,True,False,3
370,3652.48888888309,3,False,82,True,False,ExtractTask,True,False,1
370,3652.48888888309,5,True,-1,False,False,RestTask,True,True,-1
370,3652.48888888309,4,True,-1,False,False,RestTask,False,True,-1
370,3652.48888888309,12,False,45,True,False,ExtractTask,True,False,2
370,3652.48888888309,13,True,-1,False,False,RestTask,True,True,-1
370,3652.48888888309,14,False,36,True,False,ExtractTask,True,False,3
370,3652.48888888309,7,False,73,True,False,ExtractTask,True,False,3
371,3662.57777777193,1,False,83,True,False,ExtractTask,True,False,3
371,3662.57777777193,10,False,31,True,False,ExtractTask,True,False,3
371,3662.57777777193,11,False,21,True,False,ExtractTask,True,False,3
371,3662.57777777193,3,False,82,True,False,ExtractTask,True,False,1
371,3662.57777777193,5,True,-1,False,False,RestTask,True,True,-1
371,3662.57777777193,4,True,-1,False,False,RestTask,True,True,-1
371,3662.57777777193,12,False,45,True,False,ExtractTask,True,False,2
371,3662.57777777193,13,True,-1,False,False,RestTask,True,True,-1
371,3662.57777777193,14,False,36,True,False,ExtractTask,True,False,3
371,3662.57777777193,7,False,73,True,False,ExtractTask,True,False,3
372,3668.84444443857,1,False,83,True,False,ExtractTask,True,False,3
372,3668.84444443857,10,False,31,True,False,ExtractTask,True,False,3
372,3668.84444443857,11,False,21,True,False,ExtractTask,True,False,3
372,3668.84444443857,3,False,82,True,False,ExtractTask,True,False,1
372,3668.84444443857,5,True,-1,False,False,RestTask,True,True,-1
372,3668.84444443857,4,True,-1,False,False,RestTask,True,True,-1
372,3668.84444443857,12,False,45,True,False,ExtractTask,True,False,2
372,3668.84444443857,13,True,-1,False,False,RestTask,True,True,-1
372,3668.84444443857,14,False,36,True,False,ExtractTask,True,False,3
372,3668.84444443857,7,False,73,True,False,ExtractTask,True,False,3
373,3672.66666666078,1,False,83,True,False,ExtractTask,True,False,3
373,3672.66666666078,10,False,31,True,False,ExtractTask,True,False,3
373,3672.66666666078,11,False,21,True,False,ExtractTask,True,False,3
373,3672.66666666078,3,False,82,True,False,ParkPodTask,False,False,1
373,3672.66666666078,5,True,-1,False,False,RestTask,True,True,-1
373,3672.66666666078,4,True,-1,False,False,RestTask,True,True,-1
373,3672.66666666078,12,False,45,True,False,ExtractTask,True,False,2
373,3672.66666666078,13,True,-1,False,False,RestTask,True,True,-1
373,3672.66666666078,14,False,36,True,False,ExtractTask,True,False,3
373,3672.66666666078,7,False,73,True,False,ExtractTask,True,False,3
374,3678.93333332742,1,False,83,True,False,ExtractTask,True,False,3
374,3678.93333332742,10,False,31,True,False,ExtractTask,True,False,3
374,3678.93333332742,11,False,21,True,False,ExtractTask,False,False,3
374,3678.93333332742,3,False,82,True,False,ParkPodTask,False,False,1
374,3678.93333332742,5,True,-1,False,False,RestTask,True,True,-1
374,3678.93333332742,4,True,-1,False,False,RestTask,True,True,-1
374,3678.93333332742,12,False,45,True,False,ExtractTask,True,False,2
374,3678.93333332742,13,True,-1,False,False,RestTask,True,True,-1
374,3678.93333332742,14,False,36,True,False,ExtractTask,True,False,3
374,3678.93333332742,7,False,73,True,False,ExtractTask,True,False,3
375,3699.06666666066,1,False,83,True,False,ExtractTask,True,False,3
375,3699.06666666066,10,False,31,True,False,ExtractTask,True,False,3
375,3699.06666666066,11,False,21,True,False,ExtractTask,True,False,3
375,3699.06666666066,3,True,-1,False,False,RestTask,True,True,-1
375,3699.06666666066,5,False,23,True,False,ExtractTask,False,False,2
375,3699.06666666066,4,True,-1,False,False,RestTask,True,True,-1
375,3699.06666666066,12,False,45,True,False,ExtractTask,True,False,2
375,3699.06666666066,13,True,-1,False,False,RestTask,True,True,-1
375,3699.06666666066,14,False,36,True,False,ExtractTask,True,False,3
375,3699.06666666066,7,False,73,True,False,ExtractTask,True,False,3
376,3702.84444443842,1,False,83,True,False,ExtractTask,True,False,3
376,3702.84444443842,10,False,31,True,False,ExtractTask,True,False,3
376,3702.84444443842,11,False,21,True,False,ExtractTask,True,False,3
376,3702.84444443842,3,True,-1,False,False,RestTask,True,True,-1
376,3702.84444443842,5,False,23,True,False,ExtractTask,False,False,2
376,3702.84444443842,4,True,-1,False,False,RestTask,True,True,-1
376,3702.84444443842,12,False,45,True,False,ExtractTask,True,False,2
376,3702.84444443842,13,True,-1,False,False,RestTask,True,True,-1
376,3702.84444443842,14,False,36,True,False,ExtractTask,True,False,3
376,3702.84444443842,7,False,73,True,False,ExtractTask,True,False,3
377,3719.19999999391,1,False,83,True,False,ExtractTask,True,False,3
377,3719.19999999391,10,False,31,True,False,ExtractTask,True,False,3
377,3719.19999999391,11,False,21,True,False,ExtractTask,True,False,3
377,3719.19999999391,3,True,-1,False,False,RestTask,True,True,-1
377,3719.19999999391,5,False,23,True,False,ExtractTask,True,False,2
377,3719.19999999391,4,True,-1,False,False,RestTask,True,True,-1
377,3719.19999999391,12,False,45,True,False,ExtractTask,True,False,2
377,3719.19999999391,13,True,-1,False,False,RestTask,True,True,-1
377,3719.19999999391,14,False,36,True,False,ExtractTask,True,False,3
377,3719.19999999391,7,False,73,True,False,ExtractTask,True,False,3
378,3733.02222221607,1,False,83,True,False,ExtractTask,True,False,3
378,3733.02222221607,10,False,31,True,False,ParkPodTask,False,False,3
378,3733.02222221607,11,False,21,True,False,ExtractTask,True,False,3
378,3733.02222221607,3,True,-1,False,False,RestTask,True,True,-1
378,3733.02222221607,5,False,23,True,False,ExtractTask,True,False,2
378,3733.02222221607,4,True,-1,False,False,RestTask,True,True,-1
378,3733.02222221607,12,False,45,True,False,ExtractTask,True,False,2
378,3733.02222221607,13,True,-1,False,False,RestTask,True,True,-1
378,3733.02222221607,14,False,36,True,False,ExtractTask,True,False,3
378,3733.02222221607,7,False,73,True,False,ExtractTask,True,False,3
379,3743.11111110492,1,False,83,True,False,ExtractTask,True,False,3
379,3743.11111110492,10,True,-1,False,False,RestTask,False,True,-1
379,3743.11111110492,11,False,21,True,False,ExtractTask,True,False,3
379,3743.11111110492,3,True,-1,False,False,RestTask,True,True,-1
379,3743.11111110492,5,False,23,True,False,ExtractTask,True,False,2
379,3743.11111110492,4,True,-1,True,False,ExtractTask,False,False,-1
379,3743.11111110492,12,False,45,True,False,ExtractTask,True,False,2
379,3743.11111110492,13,True,-1,False,False,RestTask,True,True,-1
379,3743.11111110492,14,False,36,True,False,ExtractTask,True,False,3
379,3743.11111110492,7,False,73,True,False,ExtractTask,True,False,3
380,3753.19999999376,1,False,83,True,False,ExtractTask,True,False,3
380,3753.19999999376,10,True,-1,False,False,RestTask,True,True,-1
380,3753.19999999376,11,False,21,True,False,ExtractTask,True,False,3
380,3753.19999999376,3,True,-1,False,False,RestTask,True,True,-1
380,3753.19999999376,5,False,23,True,False,ExtractTask,True,False,2
380,3753.19999999376,4,False,72,True,False,ExtractTask,False,False,1
380,3753.19999999376,12,False,45,True,False,ExtractTask,True,False,2
380,3753.19999999376,13,True,-1,False,False,RestTask,True,True,-1
380,3753.19999999376,14,False,36,True,False,ExtractTask,True,False,3
380,3753.19999999376,7,False,73,True,False,ExtractTask,True,False,3
381,3769.46666666036,1,False,83,True,False,ExtractTask,True,False,3
381,3769.46666666036,10,True,-1,False,False,RestTask,True,True,-1
381,3769.46666666036,11,False,21,True,False,ExtractTask,True,False,3
381,3769.46666666036,3,True,-1,False,False,RestTask,True,True,-1
381,3769.46666666036,5,False,23,True,False,ExtractTask,True,False,2
381,3769.46666666036,4,False,72,True,False,ExtractTask,True,False,1
381,3769.46666666036,12,False,45,True,False,ExtractTask,True,False,2
381,3769.46666666036,13,True,-1,False,False,RestTask,True,True,-1
381,3769.46666666036,14,False,36,True,False,ExtractTask,True,False,3
381,3769.46666666036,7,False,73,True,False,ExtractTask,True,False,3
382,3773.33333332701,1,False,83,True,False,ExtractTask,True,False,3
382,3773.33333332701,10,True,-1,False,False,RestTask,True,True,-1
382,3773.33333332701,11,False,21,True,False,ExtractTask,True,False,3
382,3773.33333332701,3,True,-1,False,False,RestTask,True,True,-1
382,3773.33333332701,5,False,23,True,False,ExtractTask,True,False,2
382,3773.33333332701,4,False,72,True,False,ExtractTask,True,False,1
382,3773.33333332701,12,False,45,True,False,ExtractTask,True,False,2
382,3773.33333332701,13,True,-1,False,False,RestTask,True,True,-1
382,3773.33333332701,14,False,36,True,False,ParkPodTask,False,False,2
382,3773.33333332701,7,False,73,True,False,ExtractTask,True,False,3
383,3779.5555555492,1,False,83,True,False,ExtractTask,True,False,3
383,3779.5555555492,10,True,-1,False,False,RestTask,True,True,-1
383,3779.5555555492,11,False,21,True,False,ExtractTask,True,False,3
383,3779.5555555492,3,True,-1,False,False,RestTask,True,True,-1
383,3779.5555555492,5,False,23,True,False,ExtractTask,True,False,2
383,3779.5555555492,4,False,72,True,False,ExtractTask,True,False,1
383,3779.5555555492,12,False,45,True,False,ExtractTask,True,False,2
383,3779.5555555492,13,True,-1,False,False,RestTask,True,True,-1
383,3779.5555555492,14,False,36,True,False,ParkPodTask,False,False,2
383,3779.5555555492,7,False,73,True,False,ExtractTask,False,False,3
384,3789.64444443805,1,False,83,True,False,ExtractTask,True,False,2
384,3789.64444443805,10,True,-1,False,False,RestTask,True,True,-1
384,3789.64444443805,11,False,21,True,False,ExtractTask,True,False,3
384,3789.64444443805,3,True,-1,False,False,RestTask,True,True,-1
384,3789.64444443805,5,False,23,True,False,ExtractTask,True,False,2
384,3789.64444443805,4,False,72,True,False,ExtractTask,True,False,1
384,3789.64444443805,12,False,45,True,False,ExtractTask,True,False,2
384,3789.64444443805,13,True,-1,False,False,RestTask,True,True,-1
384,3789.64444443805,14,True,-1,False,False,RestTask,False,True,-1
384,3789.64444443805,7,False,73,True,False,ExtractTask,True,False,3
385,3793.46666666025,1,False,83,True,False,ExtractTask,True,False,2
385,3793.46666666025,10,True,-1,False,False,RestTask,True,True,-1
385,3793.46666666025,11,False,21,True,False,ExtractTask,True,False,3
385,3793.46666666025,3,True,-1,False,False,RestTask,True,True,-1
385,3793.46666666025,5,False,23,True,False,ExtractTask,True,False,2
385,3793.46666666025,4,False,72,True,False,ExtractTask,True,False,1
385,3793.46666666025,12,False,45,True,False,ExtractTask,True,False,2
385,3793.46666666025,13,True,-1,False,False,RestTask,True,True,-1
385,3793.46666666025,14,True,-1,False,False,RestTask,True,True,-1
385,3793.46666666025,7,False,73,True,False,ExtractTask,True,False,3
386,3809.77777777129,1,False,83,True,False,ExtractTask,True,False,2
386,3809.77777777129,10,True,-1,False,False,RestTask,True,True,-1
386,3809.77777777129,11,False,21,True,False,ExtractTask,True,False,3
386,3809.77777777129,3,True,-1,False,False,RestTask,True,True,-1
386,3809.77777777129,5,False,23,True,False,ExtractTask,True,False,2
386,3809.77777777129,4,False,72,True,False,ExtractTask,True,False,1
386,3809.77777777129,12,False,45,True,False,ExtractTask,True,False,2
386,3809.77777777129,13,True,-1,False,False,RestTask,True,True,-1
386,3809.77777777129,14,True,-1,False,False,RestTask,True,True,-1
386,3809.77777777129,7,False,73,True,False,ExtractTask,True,False,3
387,3813.5999999935,1,False,83,True,False,ExtractTask,True,False,2
387,3813.5999999935,10,True,-1,False,False,RestTask,True,True,-1
387,3813.5999999935,11,False,21,True,False,ExtractTask,True,False,3
387,3813.5999999935,3,True,-1,False,False,RestTask,True,True,-1
387,3813.5999999935,5,False,23,True,False,ExtractTask,True,False,2
387,3813.5999999935,4,False,72,True,False,ExtractTask,True,False,1
387,3813.5999999935,12,False,45,True,False,ExtractTask,True,False,2
387,3813.5999999935,13,True,-1,False,False,RestTask,True,True,-1
387,3813.5999999935,14,True,-1,False,False,RestTask,True,True,-1
387,3813.5999999935,7,False,73,True,False,ExtractTask,True,False,3
388,3829.91111110454,1,False,83,True,False,ParkPodTask,False,False,2
388,3829.91111110454,10,True,-1,False,False,RestTask,True,True,-1
388,3829.91111110454,11,False,21,True,False,ExtractTask,True,False,3
388,3829.91111110454,3,True,-1,False,False,RestTask,True,True,-1
388,3829.91111110454,5,False,23,True,False,ExtractTask,False,False,2
388,3829.91111110454,4,False,72,True,False,ExtractTask,True,False,1
388,3829.91111110454,12,False,45,True,False,ExtractTask,True,False,2
388,3829.91111110454,13,True,-1,False,False,RestTask,True,True,-1
388,3829.91111110454,14,True,-1,False,False,RestTask,True,True,-1
388,3829.91111110454,7,False,73,True,False,ExtractTask,True,False,3
389,3839.99999999339,1,True,-1,False,False,RestTask,False,True,-1
389,3839.99999999339,10,True,-1,False,False,RestTask,True,True,-1
389,3839.99999999339,11,False,21,True,False,ExtractTask,True,False,3
389,3839.99999999339,3,True,-1,False,False,RestTask,True,True,-1
389,3839.99999999339,5,False,23,True,False,ExtractTask,True,False,2
389,3839.99999999339,4,False,72,True,False,ExtractTask,True,False,1
389,3839.99999999339,12,False,45,True,False,ExtractTask,True,False,2
389,3839.99999999339,13,True,-1,False,False,RestTask,True,True,-1
389,3839.99999999339,14,True,-1,False,False,RestTask,True,True,-1
389,3839.99999999339,7,False,73,True,False,ExtractTask,True,False,3
390,3863.86666665995,1,True,-1,False,False,RestTask,True,True,-1
390,3863.86666665995,10,True,-1,False,False,RestTask,True,True,-1
390,3863.86666665995,11,False,21,True,False,ExtractTask,True,False,3
390,3863.86666665995,3,True,-1,False,False,RestTask,True,True,-1
390,3863.86666665995,5,False,23,True,False,ExtractTask,True,False,2
390,3863.86666665995,4,False,72,True,False,ExtractTask,True,False,1
390,3863.86666665995,12,False,45,True,False,ExtractTask,True,False,2
390,3863.86666665995,13,True,-1,False,False,RestTask,True,True,-1
390,3863.86666665995,14,True,-1,False,False,RestTask,True,True,-1
390,3863.86666665995,7,False,73,True,False,ExtractTask,True,False,3
391,3870.17777777103,1,True,-1,False,False,RestTask,True,True,-1
391,3870.17777777103,10,True,-1,False,False,RestTask,True,True,-1
391,3870.17777777103,11,False,21,True,False,ExtractTask,True,False,3
391,3870.17777777103,3,True,-1,False,False,RestTask,True,True,-1
391,3870.17777777103,5,False,23,True,False,ExtractTask,True,False,2
391,3870.17777777103,4,False,72,True,False,ExtractTask,True,False,1
391,3870.17777777103,12,False,45,True,False,ExtractTask,True,False,2
391,3870.17777777103,13,True,-1,True,False,ExtractTask,False,False,-1
391,3870.17777777103,14,True,-1,False,False,RestTask,True,True,-1
391,3870.17777777103,7,False,73,True,False,ExtractTask,True,False,3
392,3873.9555555488,1,True,-1,False,False,RestTask,True,True,-1
392,3873.9555555488,10,True,-1,False,False,RestTask,True,True,-1
392,3873.9555555488,11,False,21,True,False,ExtractTask,True,False,3
392,3873.9555555488,3,True,-1,False,False,RestTask,True,True,-1
392,3873.9555555488,5,False,23,True,False,ExtractTask,True,False,2
392,3873.9555555488,4,False,72,True,False,ExtractTask,True,False,1
392,3873.9555555488,12,False,45,True,False,ExtractTask,True,False,2
392,3873.9555555488,13,False,96,True,False,ExtractTask,True,False,2
392,3873.9555555488,14,True,-1,False,False,RestTask,True,True,-1
392,3873.9555555488,7,False,73,True,False,ExtractTask,True,False,3
393,3884.04444443764,1,True,-1,False,False,RestTask,True,True,-1
393,3884.04444443764,10,True,-1,False,False,RestTask,True,True,-1
393,3884.04444443764,11,False,21,True,False,ExtractTask,True,False,3
393,3884.04444443764,3,True,-1,False,False,RestTask,True,True,-1
393,3884.04444443764,5,False,23,True,False,ExtractTask,True,False,2
393,3884.04444443764,4,False,72,True,False,ExtractTask,True,False,1
393,3884.04444443764,12,False,45,True,False,ParkPodTask,False,False,1
393,3884.04444443764,13,False,96,True,False,ExtractTask,False,False,2
393,3884.04444443764,14,True,-1,False,False,RestTask,True,True,-1
393,3884.04444443764,7,False,73,True,False,ExtractTask,True,False,3
394,3890.31111110428,1,True,-1,False,False,RestTask,True,True,-1
394,3890.31111110428,10,True,-1,False,False,RestTask,True,True,-1
394,3890.31111110428,11,False,21,True,False,ExtractTask,True,False,3
394,3890.31111110428,3,True,-1,False,False,RestTask,True,True,-1
394,3890.31111110428,5,False,23,True,False,ExtractTask,True,False,2
394,3890.31111110428,4,False,72,True,False,ExtractTask,True,False,1
394,3890.31111110428,12,False,45,True,False,ParkPodTask,False,False,1
394,3890.31111110428,13,False,96,True,False,ExtractTask,False,False,2
394,3890.31111110428,14,True,-1,False,False,RestTask,True,True,-1
394,3890.31111110428,7,False,73,True,False,ExtractTask,True,False,3
395,3894.13333332649,1,True,-1,False,False,RestTask,True,True,-1
395,3894.13333332649,10,True,-1,False,False,RestTask,True,True,-1
395,3894.13333332649,11,False,21,True,False,ExtractTask,True,False,3
395,3894.13333332649,3,True,-1,False,False,RestTask,True,True,-1
395,3894.13333332649,5,False,23,True,False,ExtractTask,True,False,2
395,3894.13333332649,4,False,72,True,False,ExtractTask,True,False,1
395,3894.13333332649,12,True,-1,False,False,ParkPodTask,True,True,-1
395,3894.13333332649,13,False,96,True,False,ExtractTask,False,False,2
395,3894.13333332649,14,True,-1,False,False,RestTask,True,True,-1
395,3894.13333332649,7,False,73,True,False,ExtractTask,True,False,3
396,3900.39999999313,1,True,-1,False,False,RestTask,True,True,-1
396,3900.39999999313,10,True,-1,False,False,RestTask,True,True,-1
396,3900.39999999313,11,False,21,True,False,ExtractTask,True,False,3
396,3900.39999999313,3,True,-1,False,False,RestTask,True,True,-1
396,3900.39999999313,5,False,23,True,False,ExtractTask,True,False,2
396,3900.39999999313,4,False,72,True,False,ExtractTask,True,False,1
396,3900.39999999313,12,True,-1,False,False,RestTask,False,True,-1
396,3900.39999999313,13,False,96,True,False,ExtractTask,False,False,2
396,3900.39999999313,14,True,-1,False,False,RestTask,True,True,-1
396,3900.39999999313,7,False,73,True,False,ExtractTask,True,False,3
397,3910.48888888197,1,True,-1,False,False,RestTask,True,True,-1
397,3910.48888888197,10,True,-1,False,False,RestTask,True,True,-1
397,3910.48888888197,11,False,21,True,False,ParkPodTask,False,False,2
397,3910.48888888197,3,True,-1,False,False,RestTask,True,True,-1
397,3910.48888888197,5,False,23,True,False,ExtractTask,True,False,2
397,3910.48888888197,4,False,72,True,False,ExtractTask,True,False,1
397,3910.48888888197,12,True,-1,False,False,RestTask,True,True,-1
397,3910.48888888197,13,False,96,True,False,ExtractTask,True,False,2
397,3910.48888888197,14,True,-1,False,False,RestTask,True,True,-1
397,3910.48888888197,7,False,73,True,False,ExtractTask,True,False,3
398,3920.57777777082,1,True,-1,False,False,RestTask,True,True,-1
398,3920.57777777082,10,True,-1,False,False,RestTask,True,True,-1
398,3920.57777777082,11,True,-1,False,False,ParkPodTask,True,True,-1
398,3920.57777777082,3,True,-1,True,False,ExtractTask,False,False,-1
398,3920.57777777082,5,False,23,True,False,ExtractTask,True,False,2
398,3920.57777777082,4,False,72,True,False,ExtractTask,True,False,1
398,3920.57777777082,12,True,-1,False,False,RestTask,True,True,-1
398,3920.57777777082,13,False,96,True,False,ExtractTask,True,False,2
398,3920.57777777082,14,False,58,True,False,ExtractTask,False,False,2
398,3920.57777777082,7,False,73,True,False,ExtractTask,True,False,3
399,3924.31111110413,1,True,-1,False,False,RestTask,True,True,-1
399,3924.31111110413,10,True,-1,False,False,RestTask,True,True,-1
399,3924.31111110413,11,True,-1,False,False,RestTask,False,True,-1
399,3924.31111110413,3,False,54,True,False,ExtractTask,True,False,2
399,3924.31111110413,5,False,23,True,False,ExtractTask,True,False,2
399,3924.31111110413,4,False,72,True,False,ExtractTask,True,False,1
399,3924.31111110413,12,True,-1,False,False,RestTask,True,True,-1
399,3924.31111110413,13,False,96,True,False,ExtractTask,True,False,2
399,3924.31111110413,14,False,58,True,False,ExtractTask,False,False,2
399,3924.31111110413,7,False,73,True,False,ExtractTask,True,False,3
400,3924.35555554858,1,True,-1,False,False,RestTask,True,True,-1
400,3924.35555554858,10,True,-1,False,False,RestTask,True,True,-1
400,3924.35555554858,11,True,-1,False,False,RestTask,False,True,-1
400,3924.35555554858,3,False,54,True,False,ExtractTask,True,False,2
400,3924.35555554858,5,False,23,True,False,ExtractTask,True,False,2
400,3924.35555554858,4,False,72,True,False,ExtractTask,True,False,1
400,3924.35555554858,12,True,-1,False,False,RestTask,True,True,-1
400,3924.35555554858,13,False,96,True,False,ExtractTask,True,False,2
400,3924.35555554858,14,False,58,True,False,ExtractTask,False,False,2
400,3924.35555554858,7,False,73,True,False,ExtractTask,True,False,3
401,3944.44444443738,1,True,-1,False,False,RestTask,True,True,-1
401,3944.44444443738,10,True,-1,False,False,RestTask,True,True,-1
401,3944.44444443738,11,True,-1,False,False,RestTask,True,True,-1
401,3944.44444443738,3,False,54,True,False,ExtractTask,False,False,2
401,3944.44444443738,5,False,23,True,False,ExtractTask,True,False,2
401,3944.44444443738,4,False,72,True,False,ParkPodTask,False,False,1
401,3944.44444443738,12,True,-1,False,False,RestTask,True,True,-1
401,3944.44444443738,13,False,96,True,False,ExtractTask,True,False,2
401,3944.44444443738,14,False,58,True,False,ExtractTask,False,False,2
401,3944.44444443738,7,False,73,True,False,ParkPodTask,False,False,3
402,3950.75555554846,1,True,-1,False,False,RestTask,True,True,-1
402,3950.75555554846,10,True,-1,False,False,RestTask,True,True,-1
402,3950.75555554846,11,True,-1,False,False,RestTask,True,True,-1
402,3950.75555554846,3,False,54,True,False,ExtractTask,False,False,2
402,3950.75555554846,5,False,23,True,False,ExtractTask,True,False,2
402,3950.75555554846,4,False,72,True,False,ParkPodTask,False,False,1
402,3950.75555554846,12,True,-1,False,False,RestTask,True,True,-1
402,3950.75555554846,13,False,96,True,False,ExtractTask,True,False,2
402,3950.75555554846,14,False,58,True,False,ExtractTask,True,False,2
402,3950.75555554846,7,True,-1,False,False,RestTask,False,True,-1
403,3954.53333332623,1,True,-1,False,False,RestTask,True,True,-1
403,3954.53333332623,10,True,-1,False,False,RestTask,True,True,-1
403,3954.53333332623,11,True,-1,False,False,RestTask,True,True,-1
403,3954.53333332623,3,False,54,True,False,ExtractTask,True,False,2
403,3954.53333332623,5,False,23,True,False,ExtractTask,True,False,2
403,3954.53333332623,4,False,72,True,False,ParkPodTask,False,False,1
403,3954.53333332623,12,True,-1,False,False,RestTask,True,True,-1
403,3954.53333332623,13,False,96,True,False,ExtractTask,True,False,2
403,3954.53333332623,14,False,58,True,False,ExtractTask,True,False,2
403,3954.53333332623,7,True,-1,True,True,RestTask,True,False,-1
404,3974.66666665947,1,True,-1,False,False,RestTask,True,True,-1
404,3974.66666665947,10,True,-1,False,False,RestTask,True,True,-1
404,3974.66666665947,11,True,-1,False,False,RestTask,True,True,-1
404,3974.66666665947,3,False,54,True,False,ExtractTask,True,False,2
404,3974.66666665947,5,False,23,True,False,ExtractTask,True,False,2
404,3974.66666665947,4,True,-1,False,False,RestTask,False,True,-1
404,3974.66666665947,12,True,-1,False,False,RestTask,True,True,-1
404,3974.66666665947,13,False,96,True,False,ExtractTask,True,False,2
404,3974.66666665947,14,False,58,True,False,ExtractTask,True,False,2
404,3974.66666665947,7,False,12,True,False,ExtractTask,False,False,3
405,3980.93333332611,1,True,-1,False,False,RestTask,True,True,-1
405,3980.93333332611,10,True,-1,False,False,RestTask,True,True,-1
405,3980.93333332611,11,True,-1,False,False,RestTask,True,True,-1
405,3980.93333332611,3,False,54,True,False,ExtractTask,True,False,2
405,3980.93333332611,5,False,23,True,False,ExtractTask,True,False,2
405,3980.93333332611,4,True,-1,False,False,RestTask,False,True,-1
405,3980.93333332611,12,True,-1,False,False,RestTask,True,True,-1
405,3980.93333332611,13,False,96,True,False,ExtractTask,True,False,2
405,3980.93333332611,14,False,58,True,False,ExtractTask,True,False,2
405,3980.93333332611,7,False,12,True,False,ExtractTask,False,False,3
406,3994.79999999272,1,True,-1,False,False,RestTask,True,True,-1
406,3994.79999999272,10,True,-1,False,False,RestTask,True,True,-1
406,3994.79999999272,11,True,-1,False,False,RestTask,True,True,-1
406,3994.79999999272,3,False,54,True,False,ExtractTask,True,False,2
406,3994.79999999272,5,False,23,True,False,ExtractTask,True,False,2
406,3994.79999999272,4,True,-1,False,False,RestTask,True,True,-1
406,3994.79999999272,12,True,-1,False,False,RestTask,True,True,-1
406,3994.79999999272,13,False,96,True,False,ExtractTask,True,False,2
406,3994.79999999272,14,False,58,True,False,ExtractTask,True,False,2
406,3994.79999999272,7,False,12,True,False,ExtractTask,True,False,3
407,4001.06666665936,1,True,-1,False,False,RestTask,True,True,-1
407,4001.06666665936,10,True,-1,False,False,RestTask,True,True,-1
407,4001.06666665936,11,True,-1,False,False,RestTask,True,True,-1
407,4001.06666665936,3,False,54,True,False,ExtractTask,True,False,2
407,4001.06666665936,5,False,23,True,False,ExtractTask,True,False,2
407,4001.06666665936,4,True,-1,False,False,RestTask,True,True,-1
407,4001.06666665936,12,True,-1,False,False,RestTask,True,True,-1
407,4001.06666665936,13,False,96,True,False,ExtractTask,True,False,2
407,4001.06666665936,14,False,58,True,False,ExtractTask,True,False,2
407,4001.06666665936,7,False,12,True,False,ExtractTask,True,False,3
408,4014.93333332596,1,True,-1,False,False,RestTask,True,True,-1
408,4014.93333332596,10,True,-1,False,False,RestTask,True,True,-1
408,4014.93333332596,11,True,-1,False,False,RestTask,True,True,-1
408,4014.93333332596,3,False,54,True,False,ExtractTask,True,False,2
408,4014.93333332596,5,False,23,True,False,ExtractTask,True,False,2
408,4014.93333332596,4,True,-1,False,False,RestTask,True,True,-1
408,4014.93333332596,12,True,-1,False,False,RestTask,True,True,-1
408,4014.93333332596,13,False,96,True,False,ExtractTask,True,False,2
408,4014.93333332596,14,False,58,True,False,ExtractTask,True,False,2
408,4014.93333332596,7,False,12,True,False,ExtractTask,True,False,3
409,4021.1999999926,1,True,-1,True,False,ExtractTask,False,False,-1
409,4021.1999999926,10,True,-1,False,False,RestTask,True,True,-1
409,4021.1999999926,11,True,-1,False,False,RestTask,True,True,-1
409,4021.1999999926,3,False,54,True,False,ExtractTask,True,False,2
409,4021.1999999926,5,False,23,True,False,ExtractTask,True,False,2
409,4021.1999999926,4,True,-1,False,False,RestTask,True,True,-1
409,4021.1999999926,12,True,-1,False,False,RestTask,True,True,-1
409,4021.1999999926,13,False,96,True,False,ExtractTask,True,False,2
409,4021.1999999926,14,False,58,True,False,ExtractTask,True,False,2
409,4021.1999999926,7,False,12,True,False,ExtractTask,True,False,3
410,4045.11111110361,1,False,38,True,False,ExtractTask,True,False,2
410,4045.11111110361,10,True,-1,False,False,RestTask,True,True,-1
410,4045.11111110361,11,True,-1,False,False,RestTask,True,True,-1
410,4045.11111110361,3,False,54,True,False,ExtractTask,True,False,2
410,4045.11111110361,5,False,23,True,False,ExtractTask,True,False,2
410,4045.11111110361,4,True,-1,False,False,RestTask,True,True,-1
410,4045.11111110361,12,True,-1,False,False,RestTask,True,True,-1
410,4045.11111110361,13,False,96,True,False,ExtractTask,True,False,2
410,4045.11111110361,14,False,58,True,False,ExtractTask,True,False,2
410,4045.11111110361,7,False,12,True,False,ExtractTask,True,False,3
411,4065.24444443686,1,False,38,True,False,ExtractTask,True,False,2
411,4065.24444443686,10,True,-1,False,False,RestTask,True,True,-1
411,4065.24444443686,11,True,-1,False,False,RestTask,True,True,-1
411,4065.24444443686,3,False,54,True,False,ExtractTask,True,False,2
411,4065.24444443686,5,False,23,True,False,ParkPodTask,False,False,1
411,4065.24444443686,4,True,-1,False,False,RestTask,True,True,-1
411,4065.24444443686,12,True,-1,False,False,RestTask,True,True,-1
411,4065.24444443686,13,False,96,True,False,ExtractTask,True,False,1
411,4065.24444443686,14,False,58,True,False,ExtractTask,True,False,2
411,4065.24444443686,7,False,12,True,False,ExtractTask,True,False,3
412,4071.46666665905,1,False,38,True,False,ExtractTask,True,False,2
412,4071.46666665905,10,True,-1,False,False,RestTask,True,True,-1
412,4071.46666665905,11,True,-1,False,False,RestTask,True,True,-1
412,4071.46666665905,3,False,54,True,False,ExtractTask,True,False,2
412,4071.46666665905,5,False,23,True,False,ParkPodTask,False,False,1
412,4071.46666665905,4,True,-1,False,False,RestTask,True,True,-1
412,4071.46666665905,12,True,-1,False,False,RestTask,True,True,-1
412,4071.46666665905,13,False,96,True,False,ExtractTask,True,False,1
412,4071.46666665905,14,False,58,True,False,ExtractTask,True,False,2
412,4071.46666665905,7,False,12,True,False,ExtractTask,False,False,3
413,4085.3777777701,1,False,38,True,False,ExtractTask,True,False,2
413,4085.3777777701,10,True,-1,False,False,RestTask,True,True,-1
413,4085.3777777701,11,True,-1,False,False,RestTask,True,True,-1
413,4085.3777777701,3,False,54,True,False,ExtractTask,True,False,2
413,4085.3777777701,5,True,-1,False,False,RestTask,False,True,-1
413,4085.3777777701,4,True,-1,False,False,RestTask,True,True,-1
413,4085.3777777701,12,True,-1,False,False,RestTask,True,True,-1
413,4085.3777777701,13,False,96,True,False,ExtractTask,True,False,1
413,4085.3777777701,14,False,58,True,False,ParkPodTask,False,False,2
413,4085.3777777701,7,False,12,True,False,ExtractTask,True,False,3
414,4091.5999999923,1,False,38,True,False,ExtractTask,True,False,2
414,4091.5999999923,10,True,-1,False,False,RestTask,True,True,-1
414,4091.5999999923,11,True,-1,False,False,RestTask,True,True,-1
414,4091.5999999923,3,False,54,True,False,ExtractTask,True,False,2
414,4091.5999999923,5,True,-1,False,False,RestTask,True,True,-1
414,4091.5999999923,4,True,-1,True,False,ExtractTask,False,False,-1
414,4091.5999999923,12,True,-1,False,False,RestTask,True,True,-1
414,4091.5999999923,13,False,96,True,False,ExtractTask,True,False,1
414,4091.5999999923,14,False,58,True,False,ParkPodTask,False,False,2
414,4091.5999999923,7,False,12,True,False,ExtractTask,True,False,3
415,4095.46666665895,1,False,38,True,False,ExtractTask,True,False,2
415,4095.46666665895,10,True,-1,False,False,RestTask,True,True,-1
415,4095.46666665895,11,True,-1,False,False,RestTask,True,True,-1
415,4095.46666665895,3,False,54,True,False,ExtractTask,True,False,2
415,4095.46666665895,5,True,-1,False,False,RestTask,True,True,-1
415,4095.46666665895,4,False,73,True,False,ExtractTask,True,False,3
415,4095.46666665895,12,True,-1,False,False,RestTask,True,True,-1
415,4095.46666665895,13,False,96,True,False,ExtractTask,True,False,1
415,4095.46666665895,14,False,58,True,False,ParkPodTask,False,False,2
415,4095.46666665895,7,False,12,True,False,ExtractTask,True,False,3
416,4101.64444443676,1,False,38,True,False,ExtractTask,False,False,2
416,4101.64444443676,10,True,-1,False,False,RestTask,True,True,-1
416,4101.64444443676,11,True,-1,False,False,RestTask,True,True,-1
416,4101.64444443676,3,False,54,True,False,ExtractTask,True,False,2
416,4101.64444443676,5,True,-1,False,False,RestTask,True,True,-1
416,4101.64444443676,4,False,73,True,False,ExtractTask,False,False,3
416,4101.64444443676,12,True,-1,False,False,RestTask,True,True,-1
416,4101.64444443676,13,False,96,True,False,ParkPodTask,False,False,0
416,4101.64444443676,14,False,58,True,False,ParkPodTask,False,False,2
416,4101.64444443676,7,False,12,True,False,ExtractTask,True,False,3
417,4105.51111110345,1,False,38,True,False,ExtractTask,True,False,2
417,4105.51111110345,10,True,-1,False,False,RestTask,True,True,-1
417,4105.51111110345,11,True,-1,False,False,RestTask,True,True,-1
417,4105.51111110345,3,False,54,True,False,ExtractTask,True,False,2
417,4105.51111110345,5,True,-1,False,False,RestTask,True,True,-1
417,4105.51111110345,4,False,73,True,False,ExtractTask,False,False,3
417,4105.51111110345,12,True,-1,True,False,ExtractTask,False,False,-1
417,4105.51111110345,13,False,96,True,False,ParkPodTask,False,False,0
417,4105.51111110345,14,True,-1,False,False,RestTask,False,True,-1
417,4105.51111110345,7,False,12,True,False,ExtractTask,True,False,3
418,4115.55555554795,1,False,38,True,False,ExtractTask,True,False,2
418,4115.55555554795,10,True,-1,False,False,RestTask,True,True,-1
418,4115.55555554795,11,True,-1,False,False,RestTask,True,True,-1
418,4115.55555554795,3,False,54,True,False,ExtractTask,True,False,2
418,4115.55555554795,5,True,-1,False,False,RestTask,True,True,-1
418,4115.55555554795,4,False,73,True,False,ExtractTask,False,False,3
418,4115.55555554795,12,False,13,True,False,ExtractTask,False,False,4
418,4115.55555554795,13,False,96,True,False,ParkPodTask,False,False,0
418,4115.55555554795,14,True,-1,False,False,RestTask,False,True,-1
418,4115.55555554795,7,False,12,True,False,ExtractTask,True,False,3
419,4121.68888888132,1,False,38,True,False,ExtractTask,True,False,2
419,4121.68888888132,10,True,-1,False,False,RestTask,True,True,-1
419,4121.68888888132,11,True,-1,False,False,RestTask,True,True,-1
419,4121.68888888132,3,False,54,True,False,ExtractTask,True,False,2
419,4121.68888888132,5,True,-1,False,False,RestTask,True,True,-1
419,4121.68888888132,4,False,73,True,False,ExtractTask,False,False,3
419,4121.68888888132,12,False,13,True,False,ExtractTask,False,False,4
419,4121.68888888132,13,True,-1,False,False,RestTask,False,True,-1
419,4121.68888888132,14,True,-1,False,False,RestTask,True,True,-1
419,4121.68888888132,7,False,12,True,False,ExtractTask,True,False,3
420,4125.59999999246,1,False,38,True,False,ExtractTask,True,False,2
420,4125.59999999246,10,True,-1,False,False,RestTask,True,True,-1
420,4125.59999999246,11,True,-1,False,False,RestTask,True,True,-1
420,4125.59999999246,3,False,54,True,False,ExtractTask,True,False,2
420,4125.59999999246,5,True,-1,False,False,RestTask,True,True,-1
420,4125.59999999246,4,False,73,True,False,ExtractTask,True,False,3
420,4125.59999999246,12,False,13,True,False,ExtractTask,False,False,4
420,4125.59999999246,13,True,-1,False,False,RestTask,False,True,-1
420,4125.59999999246,14,True,-1,False,False,RestTask,True,True,-1
420,4125.59999999246,7,False,12,True,False,ExtractTask,True,False,3
421,4135.64444443696,1,False,38,True,False,ExtractTask,True,False,2
421,4135.64444443696,10,True,-1,False,False,RestTask,True,True,-1
421,4135.64444443696,11,True,-1,False,False,RestTask,True,True,-1
421,4135.64444443696,3,False,54,True,False,ExtractTask,True,False,2
421,4135.64444443696,5,True,-1,False,False,RestTask,True,True,-1
421,4135.64444443696,4,False,73,True,False,ExtractTask,True,False,3
421,4135.64444443696,12,False,13,True,False,ExtractTask,False,False,4
421,4135.64444443696,13,True,-1,True,True,RestTask,False,False,-1
421,4135.64444443696,14,True,-1,False,False,RestTask,True,True,-1
421,4135.64444443696,7,False,12,True,False,ExtractTask,True,False,3
422,4141.73333332588,1,False,38,True,False,ExtractTask,True,False,2
422,4141.73333332588,10,True,-1,False,False,RestTask,True,True,-1
422,4141.73333332588,11,True,-1,False,False,RestTask,True,True,-1
422,4141.73333332588,3,False,54,True,False,ExtractTask,True,False,2
422,4141.73333332588,5,True,-1,True,False,ExtractTask,False,False,-1
422,4141.73333332588,4,False,73,True,False,ExtractTask,True,False,3
422,4141.73333332588,12,False,13,True,False,ExtractTask,True,False,4
422,4141.73333332588,13,True,-1,True,False,ExtractTask,False,False,-1
422,4141.73333332588,14,True,-1,False,False,RestTask,True,True,-1
422,4141.73333332588,7,False,12,True,False,ExtractTask,True,False,3
423,4161.77777777045,1,False,38,True,False,ParkPodTask,False,False,1
423,4161.77777777045,10,True,-1,False,False,RestTask,True,True,-1
423,4161.77777777045,11,True,-1,False,False,RestTask,True,True,-1
423,4161.77777777045,3,False,54,True,False,ExtractTask,True,False,2
423,4161.77777777045,5,False,69,True,False,ExtractTask,False,False,4
423,4161.77777777045,4,False,73,True,False,ExtractTask,False,False,3
423,4161.77777777045,12,False,13,True,False,ExtractTask,True,False,4
423,4161.77777777045,13,False,60,True,False,ExtractTask,True,False,2
423,4161.77777777045,14,True,-1,False,False,RestTask,True,True,-1
423,4161.77777777045,7,False,12,True,False,ExtractTask,True,False,3
424,4171.82222221495,1,True,-1,False,False,RestTask,False,True,-1
424,4171.82222221495,10,True,-1,False,False,RestTask,True,True,-1
424,4171.82222221495,11,True,-1,False,False,RestTask,True,True,-1
424,4171.82222221495,3,False,54,True,False,ExtractTask,True,False,2
424,4171.82222221495,5,False,69,True,False,ExtractTask,False,False,4
424,4171.82222221495,4,False,73,True,False,ExtractTask,True,False,3
424,4171.82222221495,12,False,13,True,False,ExtractTask,True,False,4
424,4171.82222221495,13,False,60,True,False,ExtractTask,False,False,2
424,4171.82222221495,14,True,-1,False,False,RestTask,True,True,-1
424,4171.82222221495,7,False,12,True,False,ExtractTask,True,False,3
425,4175.68888888164,1,True,-1,False,False,RestTask,False,True,-1
425,4175.68888888164,10,True,-1,False,False,RestTask,True,True,-1
425,4175.68888888164,11,True,-1,False,False,RestTask,True,True,-1
425,4175.68888888164,3,False,54,True,False,ExtractTask,True,False,2
425,4175.68888888164,5,False,69,True,False,ExtractTask,False,False,4
425,4175.68888888164,4,False,73,True,False,ExtractTask,True,False,3
425,4175.68888888164,12,False,13,True,False,ExtractTask,True,False,4
425,4175.68888888164,13,False,60,True,False,ExtractTask,True,False,2
425,4175.68888888164,14,True,-1,False,False,RestTask,True,True,-1
425,4175.68888888164,7,False,12,True,False,ExtractTask,True,False,3
426,4185.73333332614,1,True,-1,False,False,RestTask,False,True,-1
426,4185.73333332614,10,True,-1,False,False,RestTask,True,True,-1
426,4185.73333332614,11,True,-1,False,False,RestTask,True,True,-1
426,4185.73333332614,3,False,54,True,False,ParkPodTask,False,False,1
426,4185.73333332614,5,False,69,True,False,ExtractTask,True,False,4
426,4185.73333332614,4,False,73,True,False,ExtractTask,True,False,3
426,4185.73333332614,12,False,13,True,False,ExtractTask,True,False,4
426,4185.73333332614,13,False,60,True,False,ExtractTask,True,False,2
426,4185.73333332614,14,True,-1,False,False,RestTask,True,True,-1
426,4185.73333332614,7,False,12,True,False,ExtractTask,True,False,3
427,4201.86666665957,1,True,-1,False,False,RestTask,True,True,-1
427,4201.86666665957,10,True,-1,False,False,RestTask,True,True,-1
427,4201.86666665957,11,True,-1,False,False,RestTask,True,True,-1
427,4201.86666665957,3,True,-1,False,False,RestTask,False,True,-1
427,4201.86666665957,5,False,69,True,False,ExtractTask,True,False,4
427,4201.86666665957,4,False,73,True,False,ExtractTask,True,False,3
427,4201.86666665957,12,False,13,True,False,ExtractTask,True,False,4
427,4201.86666665957,13,False,60,True,False,ExtractTask,True,False,2
427,4201.86666665957,14,True,-1,False,False,RestTask,True,True,-1
427,4201.86666665957,7,False,12,True,False,ExtractTask,True,False,3
428,4205.77777777071,1,True,-1,True,False,ExtractTask,False,False,-1
428,4205.77777777071,10,True,-1,False,False,RestTask,True,True,-1
428,4205.77777777071,11,True,-1,False,False,RestTask,True,True,-1
428,4205.77777777071,3,True,-1,False,False,RestTask,False,True,-1
428,4205.77777777071,5,False,69,True,False,ExtractTask,True,False,4
428,4205.77777777071,4,False,73,True,False,ExtractTask,True,False,3
428,4205.77777777071,12,False,13,True,False,ExtractTask,True,False,4
428,4205.77777777071,13,False,60,True,False,ExtractTask,True,False,2
428,4205.77777777071,14,True,-1,False,False,RestTask,True,True,-1
428,4205.77777777071,7,False,12,True,False,ExtractTask,True,False,3
429,4211.91111110408,1,True,-1,True,False,ExtractTask,False,False,-1
429,4211.91111110408,10,True,-1,False,False,RestTask,True,True,-1
429,4211.91111110408,11,True,-1,False,False,RestTask,True,True,-1
429,4211.91111110408,3,True,-1,False,False,RestTask,True,True,-1
429,4211.91111110408,5,False,69,True,False,ExtractTask,True,False,4
429,4211.91111110408,4,False,73,True,False,ExtractTask,True,False,3
429,4211.91111110408,12,False,13,True,False,ExtractTask,True,False,4
429,4211.91111110408,13,False,60,True,False,ExtractTask,True,False,2
429,4211.91111110408,14,True,-1,False,False,RestTask,True,True,-1
429,4211.91111110408,7,False,12,True,False,ExtractTask,True,False,3
430,4215.82222221521,1,False,49,True,False,ExtractTask,False,False,3
430,4215.82222221521,10,True,-1,False,False,RestTask,True,True,-1
430,4215.82222221521,11,True,-1,False,False,RestTask,True,True,-1
430,4215.82222221521,3,True,-1,False,False,RestTask,True,True,-1
430,4215.82222221521,5,False,69,True,False,ExtractTask,True,False,4
430,4215.82222221521,4,False,73,True,False,ExtractTask,True,False,3
430,4215.82222221521,12,False,13,True,False,ExtractTask,True,False,4
430,4215.82222221521,13,False,60,True,False,ExtractTask,True,False,2
430,4215.82222221521,14,True,-1,False,False,RestTask,True,True,-1
430,4215.82222221521,7,False,12,True,False,ExtractTask,True,False,3
431,4221.95555554858,1,False,49,True,False,ExtractTask,False,False,3
431,4221.95555554858,10,True,-1,False,False,RestTask,True,True,-1
431,4221.95555554858,11,True,-1,False,False,RestTask,True,True,-1
431,4221.95555554858,3,True,-1,False,False,RestTask,True,True,-1
431,4221.95555554858,5,False,69,True,False,ExtractTask,True,False,4
431,4221.95555554858,4,False,73,True,False,ExtractTask,True,False,3
431,4221.95555554858,12,False,13,True,False,ExtractTask,True,False,4
431,4221.95555554858,13,False,60,True,False,ExtractTask,True,False,2
431,4221.95555554858,14,True,-1,False,False,RestTask,True,True,-1
431,4221.95555554858,7,False,12,True,False,ExtractTask,True,False,3
432,4235.86666665977,1,False,49,True,False,ExtractTask,False,False,3
432,4235.86666665977,10,True,-1,False,False,RestTask,True,True,-1
432,4235.86666665977,11,True,-1,False,False,RestTask,True,True,-1
432,4235.86666665977,3,True,-1,False,False,RestTask,True,True,-1
432,4235.86666665977,5,False,69,True,False,ExtractTask,True,False,4
432,4235.86666665977,4,False,73,True,False,ParkPodTask,False,False,2
432,4235.86666665977,12,False,13,True,False,ExtractTask,True,False,4
432,4235.86666665977,13,False,60,True,False,ExtractTask,True,False,2
432,4235.86666665977,14,True,-1,False,False,RestTask,True,True,-1
432,4235.86666665977,7,False,12,True,False,ParkPodTask,False,False,3
433,4245.91111110428,1,False,49,True,False,ExtractTask,True,False,3
433,4245.91111110428,10,True,-1,False,False,RestTask,True,True,-1
433,4245.91111110428,11,True,-1,False,False,RestTask,True,True,-1
433,4245.91111110428,3,True,-1,False,False,RestTask,True,True,-1
433,4245.91111110428,5,False,69,True,False,ExtractTask,True,False,4
433,4245.91111110428,4,True,-1,False,False,RestTask,False,True,-1
433,4245.91111110428,12,False,13,True,False,ExtractTask,True,False,4
433,4245.91111110428,13,False,60,True,False,ExtractTask,True,False,2
433,4245.91111110428,14,True,-1,False,False,RestTask,True,True,-1
433,4245.91111110428,7,False,12,True,False,ParkPodTask,False,False,3
434,4251.9999999932,1,False,49,True,False,ExtractTask,True,False,3
434,4251.9999999932,10,True,-1,False,False,RestTask,True,True,-1
434,4251.9999999932,11,True,-1,False,False,RestTask,True,True,-1
434,4251.9999999932,3,True,-1,False,False,RestTask,True,True,-1
434,4251.9999999932,5,False,69,True,False,ExtractTask,True,False,4
434,4251.9999999932,4,True,-1,False,False,RestTask,False,True,-1
434,4251.9999999932,12,False,13,True,False,ExtractTask,True,False,4
434,4251.9999999932,13,False,60,True,False,ExtractTask,True,False,2
434,4251.9999999932,14,True,-1,False,False,RestTask,True,True,-1
434,4251.9999999932,7,True,-1,False,False,RestTask,False,True,-1
435,4282.04444443782,1,False,49,True,False,ExtractTask,True,False,3
435,4282.04444443782,10,True,-1,False,False,RestTask,True,True,-1
435,4282.04444443782,11,True,-1,False,False,RestTask,True,True,-1
435,4282.04444443782,3,True,-1,False,False,RestTask,True,True,-1
435,4282.04444443782,5,False,69,True,False,ExtractTask,True,False,4
435,4282.04444443782,4,True,-1,False,False,RestTask,True,True,-1
435,4282.04444443782,12,False,13,True,False,ExtractTask,True,False,4
435,4282.04444443782,13,False,60,True,False,ExtractTask,True,False,2
435,4282.04444443782,14,True,-1,False,False,RestTask,True,True,-1
435,4282.04444443782,7,True,-1,False,False,RestTask,True,True,-1
436,4285.95555554896,1,False,49,True,False,ExtractTask,True,False,3
436,4285.95555554896,10,True,-1,False,False,RestTask,True,True,-1
436,4285.95555554896,11,True,-1,False,False,RestTask,True,True,-1
436,4285.95555554896,3,True,-1,False,False,RestTask,True,True,-1
436,4285.95555554896,5,False,69,True,False,ExtractTask,True,False,4
436,4285.95555554896,4,True,-1,False,False,RestTask,True,True,-1
436,4285.95555554896,12,False,13,True,False,ExtractTask,True,False,3
436,4285.95555554896,13,False,60,True,False,ExtractTask,True,False,2
436,4285.95555554896,14,True,-1,False,False,RestTask,True,True,-1
436,4285.95555554896,7,True,-1,False,False,RestTask,True,True,-1
437,4292.08888888233,1,False,49,True,False,ExtractTask,True,False,3
437,4292.08888888233,10,True,-1,False,False,RestTask,True,True,-1
437,4292.08888888233,11,False,51,True,False,ExtractTask,True,False,3
437,4292.08888888233,3,True,-1,False,False,RestTask,True,True,-1
437,4292.08888888233,5,False,69,True,False,ExtractTask,True,False,4
437,4292.08888888233,4,True,-1,False,False,RestTask,True,True,-1
437,4292.08888888233,12,False,13,True,False,ExtractTask,True,False,3
437,4292.08888888233,13,False,60,True,False,ExtractTask,True,False,2
437,4292.08888888233,14,True,-1,False,False,RestTask,True,True,-1
437,4292.08888888233,7,True,-1,False,False,RestTask,True,True,-1
438,4305.99999999352,1,False,49,True,False,ExtractTask,True,False,3
438,4305.99999999352,10,True,-1,False,False,RestTask,True,True,-1
438,4305.99999999352,11,False,51,True,False,ExtractTask,False,False,3
438,4305.99999999352,3,True,-1,False,False,RestTask,True,True,-1
438,4305.99999999352,5,False,69,True,False,ExtractTask,True,False,4
438,4305.99999999352,4,True,-1,False,False,RestTask,True,True,-1
438,4305.99999999352,12,False,13,True,False,ExtractTask,True,False,3
438,4305.99999999352,13,False,60,True,False,ExtractTask,True,False,2
438,4305.99999999352,14,True,-1,False,False,RestTask,True,True,-1
438,4305.99999999352,7,True,-1,False,False,RestTask,True,True,-1
439,4322.13333332695,1,False,49,True,False,ExtractTask,True,False,3
439,4322.13333332695,10,True,-1,False,False,RestTask,True,True,-1
439,4322.13333332695,11,False,51,True,False,ExtractTask,True,False,3
439,4322.13333332695,3,True,-1,False,False,RestTask,True,True,-1
439,4322.13333332695,5,False,69,True,False,ExtractTask,False,False,4
439,4322.13333332695,4,True,-1,False,False,RestTask,True,True,-1
439,4322.13333332695,12,False,13,True,False,ParkPodTask,False,False,3
439,4322.13333332695,13,False,60,True,False,ParkPodTask,False,False,2
439,4322.13333332695,14,True,-1,False,False,RestTask,True,True,-1
439,4322.13333332695,7,True,-1,False,False,RestTask,True,True,-1
440,4336.04444443814,1,False,49,True,False,ExtractTask,True,False,3
440,4336.04444443814,10,True,-1,False,False,RestTask,True,True,-1
440,4336.04444443814,11,False,51,True,False,ExtractTask,True,False,3
440,4336.04444443814,3,True,-1,False,False,RestTask,True,True,-1
440,4336.04444443814,5,False,69,True,False,ExtractTask,True,False,4
440,4336.04444443814,4,True,-1,False,False,RestTask,True,True,-1
440,4336.04444443814,12,True,-1,False,False,RestTask,True,True,-1
440,4336.04444443814,13,True,-1,False,False,RestTask,False,True,-1
440,4336.04444443814,14,True,-1,False,False,RestTask,True,True,-1
440,4336.04444443814,7,True,-1,False,False,RestTask,True,True,-1
441,4342.17777777151,1,False,49,True,False,ExtractTask,True,False,3
441,4342.17777777151,10,True,-1,False,False,RestTask,True,True,-1
441,4342.17777777151,11,False,51,True,False,ExtractTask,True,False,3
441,4342.17777777151,3,True,-1,True,False,ExtractTask,False,False,-1
441,4342.17777777151,5,False,69,True,False,ExtractTask,True,False,4
441,4342.17777777151,4,True,-1,False,False,RestTask,True,True,-1
441,4342.17777777151,12,True,-1,False,False,RestTask,True,True,-1
441,4342.17777777151,13,True,-1,False,False,RestTask,True,True,-1
441,4342.17777777151,14,True,-1,False,False,RestTask,True,True,-1
441,4342.17777777151,7,True,-1,False,False,RestTask,True,True,-1
442,4346.08888888265,1,False,49,True,False,ExtractTask,True,False,3
442,4346.08888888265,10,True,-1,False,False,RestTask,True,True,-1
442,4346.08888888265,11,False,51,True,False,ExtractTask,True,False,3
442,4346.08888888265,3,False,0,True,False,ExtractTask,False,False,3
442,4346.08888888265,5,False,69,True,False,ExtractTask,True,False,4
442,4346.08888888265,4,True,-1,False,False,RestTask,True,True,-1
442,4346.08888888265,12,True,-1,False,False,RestTask,True,True,-1
442,4346.08888888265,13,True,-1,False,False,RestTask,True,True,-1
442,4346.08888888265,14,True,-1,False,False,RestTask,True,True,-1
442,4346.08888888265,7,True,-1,False,False,RestTask,True,True,-1
443,4356.13333332715,1,False,49,True,False,ExtractTask,True,False,3
443,4356.13333332715,10,True,-1,False,False,RestTask,True,True,-1
443,4356.13333332715,11,False,51,True,False,ExtractTask,True,False,3
443,4356.13333332715,3,False,0,True,False,ExtractTask,False,False,3
443,4356.13333332715,5,False,69,True,False,ExtractTask,True,False,3
443,4356.13333332715,4,True,-1,False,False,RestTask,True,True,-1
443,4356.13333332715,12,True,-1,False,False,RestTask,True,True,-1
443,4356.13333332715,13,True,-1,False,False,RestTask,True,True,-1
443,4356.13333332715,14,True,-1,False,False,RestTask,True,True,-1
443,4356.13333332715,7,True,-1,False,False,RestTask,True,True,-1
444,4366.17777777166,1,False,49,True,False,ExtractTask,True,False,2
444,4366.17777777166,10,True,-1,False,False,RestTask,True,True,-1
444,4366.17777777166,11,False,51,True,False,ExtractTask,True,False,3
444,4366.17777777166,3,False,0,True,False,ExtractTask,False,False,3
444,4366.17777777166,5,False,69,True,False,ExtractTask,True,False,2
444,4366.17777777166,4,True,-1,False,False,RestTask,True,True,-1
444,4366.17777777166,12,True,-1,False,False,RestTask,True,True,-1
444,4366.17777777166,13,True,-1,False,False,RestTask,True,True,-1
444,4366.17777777166,14,True,-1,False,False,RestTask,True,True,-1
444,4366.17777777166,7,True,-1,False,False,RestTask,True,True,-1
445,4372.22222221614,1,False,49,True,False,ExtractTask,True,False,2
445,4372.22222221614,10,True,-1,False,False,RestTask,True,True,-1
445,4372.22222221614,11,False,51,True,False,ExtractTask,True,False,3
445,4372.22222221614,3,False,0,True,False,ExtractTask,False,False,3
445,4372.22222221614,5,False,69,True,False,ExtractTask,True,False,2
445,4372.22222221614,4,True,-1,False,False,RestTask,True,True,-1
445,4372.22222221614,12,True,-1,False,False,RestTask,True,True,-1
445,4372.22222221614,13,True,-1,False,False,RestTask,True,True,-1
445,4372.22222221614,14,True,-1,False,False,RestTask,True,True,-1
445,4372.22222221614,7,True,-1,False,False,RestTask,True,True,-1
446,4392.2666666607,1,False,49,True,False,ExtractTask,True,False,2
446,4392.2666666607,10,True,-1,False,False,RestTask,True,True,-1
446,4392.2666666607,11,False,51,True,False,ExtractTask,True,False,3
446,4392.2666666607,3,False,0,True,False,ExtractTask,True,False,3
446,4392.2666666607,5,True,-1,False,False,RestTask,False,True,-1
446,4392.2666666607,4,False,92,True,False,ExtractTask,False,False,2
446,4392.2666666607,12,True,-1,False,False,RestTask,True,True,-1
446,4392.2666666607,13,True,-1,False,False,RestTask,True,True,-1
446,4392.2666666607,14,True,-1,False,False,RestTask,True,True,-1
446,4392.2666666607,7,False,13,True,False,ExtractTask,False,False,3
447,4396.22222221628,1,False,49,True,False,ExtractTask,True,False,2
447,4396.22222221628,10,True,-1,False,False,RestTask,True,True,-1
447,4396.22222221628,11,False,51,True,False,ExtractTask,True,False,3
447,4396.22222221628,3,False,0,True,False,ExtractTask,True,False,3
447,4396.22222221628,5,True,-1,False,False,RestTask,False,True,-1
447,4396.22222221628,4,False,92,True,False,ExtractTask,False,False,2
447,4396.22222221628,12,True,-1,False,False,RestTask,True,True,-1
447,4396.22222221628,13,True,-1,False,False,RestTask,True,True,-1
447,4396.22222221628,14,True,-1,False,False,RestTask,True,True,-1
447,4396.22222221628,7,False,13,True,False,ExtractTask,False,False,3
448,4412.31111110526,1,False,49,True,False,ExtractTask,True,False,2
448,4412.31111110526,10,True,-1,False,False,RestTask,True,True,-1
448,4412.31111110526,11,False,51,True,False,ExtractTask,True,False,3
448,4412.31111110526,3,False,0,True,False,ExtractTask,True,False,3
448,4412.31111110526,5,True,-1,False,False,RestTask,True,True,-1
448,4412.31111110526,4,False,92,True,False,ExtractTask,True,False,2
448,4412.31111110526,12,True,-1,False,False,RestTask,True,True,-1
448,4412.31111110526,13,True,-1,False,False,RestTask,True,True,-1
448,4412.31111110526,14,True,-1,False,False,RestTask,True,True,-1
448,4412.31111110526,7,False,13,True,False,ExtractTask,True,False,3
449,4416.26666666084,1,False,49,True,False,ExtractTask,True,False,2
449,4416.26666666084,10,True,-1,False,False,RestTask,True,True,-1
449,4416.26666666084,11,False,51,True,False,ExtractTask,True,False,3
449,4416.26666666084,3,False,0,True,False,ExtractTask,True,False,3
449,4416.26666666084,5,True,-1,False,False,RestTask,True,True,-1
449,4416.26666666084,4,False,92,True,False,ExtractTask,True,False,2
449,4416.26666666084,12,True,-1,True,True,RestTask,True,False,-1
449,4416.26666666084,13,True,-1,True,False,ExtractTask,False,False,-1
449,4416.26666666084,14,True,-1,False,False,RestTask,True,True,-1
449,4416.26666666084,7,False,13,True,False,ExtractTask,False,False,3
450,4422.35555554977,1,False,49,True,False,ExtractTask,True,False,2
450,4422.35555554977,10,True,-1,False,False,RestTask,True,True,-1
450,4422.35555554977,11,False,51,True,False,ExtractTask,True,False,3
450,4422.35555554977,3,False,0,True,False,ExtractTask,True,False,3
450,4422.35555554977,5,True,-1,False,False,RestTask,True,True,-1
450,4422.35555554977,4,False,92,True,False,ExtractTask,True,False,2
450,4422.35555554977,12,False,7,True,False,ExtractTask,True,False,5
450,4422.35555554977,13,False,38,True,False,ExtractTask,False,False,3
450,4422.35555554977,14,True,-1,False,False,RestTask,True,True,-1
450,4422.35555554977,7,False,13,True,False,ExtractTask,True,False,3
451,4426.31111110534,1,False,49,True,False,ExtractTask,True,False,2
451,4426.31111110534,10,True,-1,False,False,RestTask,True,True,-1
451,4426.31111110534,11,False,51,True,False,ExtractTask,True,False,3
451,4426.31111110534,3,False,0,True,False,ExtractTask,True,False,3
451,4426.31111110534,5,True,-1,False,False,RestTask,True,True,-1
451,4426.31111110534,4,False,92,True,False,ExtractTask,True,False,2
451,4426.31111110534,12,False,7,True,False,ExtractTask,False,False,5
451,4426.31111110534,13,False,38,True,False,ExtractTask,False,False,3
451,4426.31111110534,14,True,-1,False,False,RestTask,True,True,-1
451,4426.31111110534,7,False,13,True,False,ExtractTask,True,False,3
452,4436.35555554985,1,False,49,True,False,ExtractTask,True,False,1
452,4436.35555554985,10,True,-1,False,False,RestTask,True,True,-1
452,4436.35555554985,11,False,51,True,False,ExtractTask,True,False,3
452,4436.35555554985,3,False,0,True,False,ExtractTask,True,False,3
452,4436.35555554985,5,True,-1,False,False,RestTask,True,True,-1
452,4436.35555554985,4,False,92,True,False,ExtractTask,True,False,2
452,4436.35555554985,12,False,7,True,False,ExtractTask,True,False,5
452,4436.35555554985,13,False,38,True,False,ExtractTask,False,False,3
452,4436.35555554985,14,True,-1,False,False,RestTask,True,True,-1
452,4436.35555554985,7,False,13,True,False,ExtractTask,True,False,3
453,4442.39999999433,1,False,49,True,False,ExtractTask,True,False,1
453,4442.39999999433,10,True,-1,False,False,RestTask,True,True,-1
453,4442.39999999433,11,False,51,True,False,ExtractTask,True,False,3
453,4442.39999999433,3,False,0,True,False,ExtractTask,True,False,3
453,4442.39999999433,5,True,-1,False,False,RestTask,True,True,-1
453,4442.39999999433,4,False,92,True,False,ExtractTask,True,False,2
453,4442.39999999433,12,False,7,True,False,ExtractTask,False,False,5
453,4442.39999999433,13,False,38,True,False,ExtractTask,False,False,3
453,4442.39999999433,14,True,-1,False,False,RestTask,True,True,-1
453,4442.39999999433,7,False,13,True,False,ExtractTask,True,False,3
454,4446.39999999435,1,False,49,True,False,ExtractTask,True,False,1
454,4446.39999999435,10,True,-1,False,False,RestTask,True,True,-1
454,4446.39999999435,11,False,51,True,False,ExtractTask,True,False,3
454,4446.39999999435,3,False,0,True,False,ExtractTask,True,False,3
454,4446.39999999435,5,True,-1,False,False,RestTask,True,True,-1
454,4446.39999999435,4,False,92,True,False,ExtractTask,True,False,2
454,4446.39999999435,12,False,7,True,False,ExtractTask,False,False,5
454,4446.39999999435,13,False,38,True,False,ExtractTask,True,False,3
454,4446.39999999435,14,True,-1,False,False,RestTask,True,True,-1
454,4446.39999999435,7,False,13,True,False,ExtractTask,True,False,3
455,4452.44444443883,1,False,49,True,False,ExtractTask,True,False,1
455,4452.44444443883,10,True,-1,False,False,RestTask,True,True,-1
455,4452.44444443883,11,False,51,True,False,ParkPodTask,False,False,2
455,4452.44444443883,3,False,0,True,False,ExtractTask,False,False,3
455,4452.44444443883,5,True,-1,False,False,RestTask,True,True,-1
455,4452.44444443883,4,False,92,True,False,ExtractTask,True,False,2
455,4452.44444443883,12,False,7,True,False,ExtractTask,False,False,5
455,4452.44444443883,13,False,38,True,False,ExtractTask,True,False,3
455,4452.44444443883,14,True,-1,False,False,RestTask,True,True,-1
455,4452.44444443883,7,False,13,True,False,ExtractTask,True,False,3
456,4456.44444443886,1,False,49,True,False,ExtractTask,True,False,1
456,4456.44444443886,10,True,-1,False,False,RestTask,True,True,-1
456,4456.44444443886,11,False,51,True,False,ParkPodTask,False,False,2
456,4456.44444443886,3,False,0,True,False,ExtractTask,True,False,3
456,4456.44444443886,5,True,-1,False,False,RestTask,True,True,-1
456,4456.44444443886,4,False,92,True,False,ExtractTask,True,False,2
456,4456.44444443886,12,False,7,True,False,ExtractTask,True,False,5
456,4456.44444443886,13,False,38,True,False,ExtractTask,True,False,3
456,4456.44444443886,14,True,-1,False,False,RestTask,True,True,-1
456,4456.44444443886,7,False,13,True,False,ExtractTask,True,False,3
457,4466.48888888336,1,False,49,True,False,ExtractTask,True,False,1
457,4466.48888888336,10,True,-1,False,False,RestTask,True,True,-1
457,4466.48888888336,11,True,-1,False,False,RestTask,False,True,-1
457,4466.48888888336,3,False,0,True,False,ExtractTask,True,False,3
457,4466.48888888336,5,True,-1,False,False,RestTask,True,True,-1
457,4466.48888888336,4,False,92,True,False,ExtractTask,True,False,2
457,4466.48888888336,12,False,7,True,False,ExtractTask,True,False,5
457,4466.48888888336,13,False,38,True,False,ExtractTask,True,False,3
457,4466.48888888336,14,True,-1,False,False,RestTask,True,True,-1
457,4466.48888888336,7,False,13,True,False,ExtractTask,True,False,3
458,4486.53333332792,1,False,49,True,False,ExtractTask,True,False,1
458,4486.53333332792,10,True,-1,False,False,RestTask,True,True,-1
458,4486.53333332792,11,True,-1,False,False,RestTask,True,True,-1
458,4486.53333332792,3,False,0,True,False,ExtractTask,True,False,3
458,4486.53333332792,5,True,-1,False,False,RestTask,True,True,-1
458,4486.53333332792,4,False,92,True,False,ExtractTask,True,False,2
458,4486.53333332792,12,False,7,True,False,ExtractTask,True,False,5
458,4486.53333332792,13,False,38,True,False,ExtractTask,True,False,3
458,4486.53333332792,14,True,-1,False,False,RestTask,True,True,-1
458,4486.53333332792,7,False,13,True,False,ExtractTask,True,False,3
459,4492.48888888351,1,False,49,True,False,ExtractTask,True,False,1
459,4492.48888888351,10,True,-1,False,False,RestTask,True,True,-1
459,4492.48888888351,11,True,-1,False,False,RestTask,True,True,-1
459,4492.48888888351,3,False,0,True,False,ExtractTask,True,False,3
459,4492.48888888351,5,True,-1,True,False,ExtractTask,False,False,-1
459,4492.48888888351,4,False,92,True,False,ExtractTask,True,False,2
459,4492.48888888351,12,False,7,True,False,ExtractTask,True,False,5
459,4492.48888888351,13,False,38,True,False,ExtractTask,True,False,3
459,4492.48888888351,14,True,-1,False,False,RestTask,True,True,-1
459,4492.48888888351,7,False,13,True,False,ExtractTask,True,False,3
460,4506.57777777249,1,False,49,True,False,ParkPodTask,False,False,1
460,4506.57777777249,10,True,-1,False,False,RestTask,True,True,-1
460,4506.57777777249,11,True,-1,False,False,RestTask,True,True,-1
460,4506.57777777249,3,False,0,True,False,ExtractTask,True,False,3
460,4506.57777777249,5,False,70,True,False,ExtractTask,False,False,4
460,4506.57777777249,4,False,92,True,False,ExtractTask,True,False,2
460,4506.57777777249,12,False,7,True,False,ExtractTask,True,False,5
460,4506.57777777249,13,False,38,True,False,ExtractTask,True,False,3
460,4506.57777777249,14,True,-1,False,False,RestTask,True,True,-1
460,4506.57777777249,7,False,13,True,False,ExtractTask,True,False,3
461,4516.62222221699,1,True,-1,False,False,RestTask,False,True,-1
461,4516.62222221699,10,True,-1,False,False,RestTask,True,True,-1
461,4516.62222221699,11,True,-1,False,False,RestTask,True,True,-1
461,4516.62222221699,3,False,0,True,False,ExtractTask,True,False,3
461,4516.62222221699,5,False,70,True,False,ExtractTask,True,False,4
461,4516.62222221699,4,False,92,True,False,ExtractTask,True,False,2
461,4516.62222221699,12,False,7,True,False,ExtractTask,True,False,5
461,4516.62222221699,13,False,38,True,False,ExtractTask,True,False,3
461,4516.62222221699,14,True,-1,False,False,RestTask,True,True,-1
461,4516.62222221699,7,False,13,True,False,ExtractTask,True,False,3
462,4526.66666666149,1,True,-1,True,True,RestTask,False,False,-1
462,4526.66666666149,10,True,-1,False,False,RestTask,True,True,-1
462,4526.66666666149,11,True,-1,False,False,RestTask,True,True,-1
462,4526.66666666149,3,False,0,True,False,ExtractTask,True,False,3
462,4526.66666666149,5,False,70,True,False,ExtractTask,True,False,4
462,4526.66666666149,4,False,92,True,False,ExtractTask,True,False,2
462,4526.66666666149,12,False,7,True,False,ExtractTask,True,False,5
462,4526.66666666149,13,False,38,True,False,ExtractTask,True,False,3
462,4526.66666666149,14,True,-1,False,False,RestTask,True,True,-1
462,4526.66666666149,7,False,13,True,False,ExtractTask,True,False,3
463,4556.71111110611,1,False,26,True,False,ExtractTask,False,False,2
463,4556.71111110611,10,True,-1,False,False,RestTask,True,True,-1
463,4556.71111110611,11,True,-1,False,False,RestTask,True,True,-1
463,4556.71111110611,3,False,0,True,False,ExtractTask,True,False,3
463,4556.71111110611,5,False,70,True,False,ExtractTask,True,False,4
463,4556.71111110611,4,True,-1,False,False,RestTask,False,True,-1
463,4556.71111110611,12,False,7,True,False,ExtractTask,True,False,5
463,4556.71111110611,13,False,38,True,False,ExtractTask,True,False,3
463,4556.71111110611,14,True,-1,False,False,RestTask,True,True,-1
463,4556.71111110611,7,False,13,True,False,ExtractTask,True,False,3
464,4566.75555555062,1,False,26,True,False,ExtractTask,False,False,2
464,4566.75555555062,10,True,-1,False,False,RestTask,True,True,-1
464,4566.75555555062,11,True,-1,False,False,RestTask,True,True,-1
464,4566.75555555062,3,False,0,True,False,ParkPodTask,False,False,2
464,4566.75555555062,5,False,70,True,False,ExtractTask,True,False,4
464,4566.75555555062,4,True,-1,False,False,RestTask,True,True,-1
464,4566.75555555062,12,False,7,True,False,ExtractTask,True,False,5
464,4566.75555555062,13,False,38,True,False,ExtractTask,True,False,3
464,4566.75555555062,14,True,-1,False,False,RestTask,True,True,-1
464,4566.75555555062,7,False,13,True,False,ExtractTask,True,False,3
465,4582.53333332849,1,False,26,True,False,ExtractTask,True,False,2
465,4582.53333332849,10,True,-1,False,False,RestTask,True,True,-1
465,4582.53333332849,11,True,-1,False,False,RestTask,True,True,-1
465,4582.53333332849,3,True,-1,False,False,RestTask,True,True,-1
465,4582.53333332849,5,False,70,True,False,ExtractTask,True,False,4
465,4582.53333332849,4,False,92,True,False,ExtractTask,False,False,2
465,4582.53333332849,12,False,7,True,False,ExtractTask,True,False,5
465,4582.53333332849,13,False,38,True,False,ExtractTask,True,False,3
465,4582.53333332849,14,True,-1,False,False,RestTask,True,True,-1
465,4582.53333332849,7,False,13,True,False,ParkPodTask,False,False,3
466,4586.79999999518,1,False,26,True,False,ExtractTask,True,False,2
466,4586.79999999518,10,True,-1,False,False,RestTask,True,True,-1
466,4586.79999999518,11,True,-1,True,False,ExtractTask,False,False,-1
466,4586.79999999518,3,True,-1,False,False,RestTask,True,True,-1
466,4586.79999999518,5,False,70,True,False,ExtractTask,True,False,4
466,4586.79999999518,4,False,92,True,False,ExtractTask,False,False,2
466,4586.79999999518,12,False,7,True,False,ExtractTask,True,False,5
466,4586.79999999518,13,False,38,True,False,ExtractTask,True,False,2
466,4586.79999999518,14,True,-1,False,False,RestTask,True,True,-1
466,4586.79999999518,7,True,-1,False,False,RestTask,False,True,-1
467,4602.57777777305,1,False,26,True,False,ExtractTask,True,False,2
467,4602.57777777305,10,True,-1,False,False,RestTask,True,True,-1
467,4602.57777777305,11,False,81,True,False,ExtractTask,False,False,3
467,4602.57777777305,3,True,-1,False,False,RestTask,True,True,-1
467,4602.57777777305,5,False,70,True,False,ExtractTask,True,False,4
467,4602.57777777305,4,False,92,True,False,ExtractTask,True,False,2
467,4602.57777777305,12,False,7,True,False,ExtractTask,True,False,5
467,4602.57777777305,13,False,38,True,False,ExtractTask,True,False,2
467,4602.57777777305,14,True,-1,False,False,RestTask,True,True,-1
467,4602.57777777305,7,True,-1,False,False,RestTask,True,True,-1
468,4616.8444444398,1,False,26,True,False,ExtractTask,True,False,2
468,4616.8444444398,10,True,-1,False,False,RestTask,True,True,-1
468,4616.8444444398,11,False,81,True,False,ExtractTask,True,False,3
468,4616.8444444398,3,True,-1,False,False,RestTask,True,True,-1
468,4616.8444444398,5,False,70,True,False,ExtractTask,True,False,4
468,4616.8444444398,4,False,92,True,False,ExtractTask,True,False,2
468,4616.8444444398,12,False,7,True,False,ExtractTask,True,False,5
468,4616.8444444398,13,False,38,True,False,ExtractTask,True,False,2
468,4616.8444444398,14,True,-1,False,False,RestTask,True,True,-1
468,4616.8444444398,7,True,-1,False,False,RestTask,True,True,-1
469,4642.62222221773,1,False,26,True,False,ExtractTask,False,False,2
469,4642.62222221773,10,True,-1,False,False,RestTask,True,True,-1
469,4642.62222221773,11,False,81,True,False,ExtractTask,True,False,3
469,4642.62222221773,3,True,-1,False,False,RestTask,True,True,-1
469,4642.62222221773,5,False,70,True,False,ParkPodTask,False,False,3
469,4642.62222221773,4,False,92,True,False,ExtractTask,True,False,2
469,4642.62222221773,12,False,7,True,False,ExtractTask,True,False,5
469,4642.62222221773,13,True,-1,False,False,RestTask,False,True,-1
469,4642.62222221773,14,True,-1,False,False,RestTask,True,True,-1
469,4642.62222221773,7,True,-1,False,False,RestTask,True,True,-1
470,4662.6666666623,1,False,26,True,False,ExtractTask,True,False,2
470,4662.6666666623,10,True,-1,False,False,RestTask,True,True,-1
470,4662.6666666623,11,False,81,True,False,ExtractTask,True,False,3
470,4662.6666666623,3,True,-1,False,False,RestTask,True,True,-1
470,4662.6666666623,5,True,-1,False,False,RestTask,True,True,-1
470,4662.6666666623,4,False,92,True,False,ExtractTask,True,False,2
470,4662.6666666623,12,False,7,True,False,ExtractTask,True,False,5
470,4662.6666666623,13,True,-1,False,False,RestTask,True,True,-1
470,4662.6666666623,14,True,-1,False,False,RestTask,True,True,-1
470,4662.6666666623,7,True,-1,False,False,RestTask,True,True,-1
471,4666.88888888454,1,False,26,True,False,ExtractTask,True,False,2
471,4666.88888888454,10,True,-1,True,True,RestTask,True,False,-1
471,4666.88888888454,11,False,81,True,False,ExtractTask,True,False,3
471,4666.88888888454,3,True,-1,False,False,RestTask,True,True,-1
471,4666.88888888454,5,True,-1,False,False,RestTask,True,True,-1
471,4666.88888888454,4,False,92,True,False,ExtractTask,True,False,2
471,4666.88888888454,12,False,7,True,False,ExtractTask,True,False,5
471,4666.88888888454,13,True,-1,False,False,RestTask,True,True,-1
471,4666.88888888454,14,True,-1,False,False,RestTask,True,True,-1
471,4666.88888888454,7,True,-1,False,False,RestTask,True,True,-1
472,4696.93333332917,1,False,26,True,False,ExtractTask,True,False,2
472,4696.93333332917,10,False,5,True,False,ExtractTask,False,False,4
472,4696.93333332917,11,False,81,True,False,ExtractTask,True,False,3
472,4696.93333332917,3,True,-1,False,False,RestTask,True,True,-1
472,4696.93333332917,5,True,-1,False,False,RestTask,True,True,-1
472,4696.93333332917,4,False,92,True,False,ExtractTask,True,False,2
472,4696.93333332917,12,False,7,True,False,ExtractTask,True,False,4
472,4696.93333332917,13,True,-1,False,False,RestTask,True,True,-1
472,4696.93333332917,14,False,65,True,False,ExtractTask,False,False,2
472,4696.93333332917,7,True,-1,False,False,RestTask,True,True,-1
473,4702.71111110698,1,False,26,True,False,ExtractTask,True,False,2
473,4702.71111110698,10,False,5,True,False,ExtractTask,True,False,4
473,4702.71111110698,11,False,81,True,False,ExtractTask,True,False,3
473,4702.71111110698,3,True,-1,False,False,RestTask,True,True,-1
473,4702.71111110698,5,True,-1,False,False,RestTask,True,True,-1
473,4702.71111110698,4,False,92,True,False,ExtractTask,True,False,2
473,4702.71111110698,12,False,7,True,False,ExtractTask,True,False,4
473,4702.71111110698,13,True,-1,False,False,RestTask,True,True,-1
473,4702.71111110698,14,False,65,True,False,ExtractTask,False,False,2
473,4702.71111110698,7,True,-1,False,False,RestTask,True,True,-1
474,4716.97777777373,1,False,26,True,False,ExtractTask,True,False,2
474,4716.97777777373,10,False,5,True,False,ExtractTask,True,False,4
474,4716.97777777373,11,False,81,True,False,ExtractTask,True,False,3
474,4716.97777777373,3,False,34,True,False,ExtractTask,True,False,1
474,4716.97777777373,5,True,-1,False,False,RestTask,True,True,-1
474,4716.97777777373,4,False,92,True,False,ExtractTask,True,False,2
474,4716.97777777373,12,False,7,True,False,ExtractTask,True,False,3
474,4716.97777777373,13,True,-1,False,False,RestTask,True,True,-1
474,4716.97777777373,14,False,65,True,False,ExtractTask,True,False,2
474,4716.97777777373,7,True,-1,False,False,RestTask,True,True,-1
475,4722.75555555154,1,False,26,True,False,ExtractTask,True,False,2
475,4722.75555555154,10,False,5,True,False,ExtractTask,True,False,4
475,4722.75555555154,11,False,81,True,False,ExtractTask,True,False,3
475,4722.75555555154,3,False,34,True,False,ExtractTask,False,False,1
475,4722.75555555154,5,True,-1,False,False,RestTask,True,True,-1
475,4722.75555555154,4,False,92,True,False,ExtractTask,True,False,2
475,4722.75555555154,12,False,7,True,False,ExtractTask,True,False,3
475,4722.75555555154,13,True,-1,False,False,RestTask,True,True,-1
475,4722.75555555154,14,False,65,True,False,ExtractTask,True,False,2
475,4722.75555555154,7,True,-1,False,False,RestTask,True,True,-1
476,4727.02222221823,1,False,26,True,False,ExtractTask,True,False,2
476,4727.02222221823,10,False,5,True,False,ExtractTask,True,False,4
476,4727.02222221823,11,False,81,True,False,ExtractTask,True,False,3
476,4727.02222221823,3,False,34,True,False,ExtractTask,False,False,1
476,4727.02222221823,5,True,-1,False,False,RestTask,True,True,-1
476,4727.02222221823,4,False,92,True,False,ExtractTask,True,False,2
476,4727.02222221823,12,False,7,True,False,ExtractTask,True,False,3
476,4727.02222221823,13,True,-1,False,False,RestTask,True,True,-1
476,4727.02222221823,14,False,65,True,False,ExtractTask,True,False,2
476,4727.02222221823,7,True,-1,False,False,RestTask,True,True,-1
477,4737.06666666274,1,False,26,True,False,ExtractTask,True,False,2
477,4737.06666666274,10,False,5,True,False,ExtractTask,True,False,4
477,4737.06666666274,11,False,81,True,False,ExtractTask,True,False,3
477,4737.06666666274,3,False,34,True,False,ExtractTask,False,False,1
477,4737.06666666274,5,True,-1,False,False,RestTask,True,True,-1
477,4737.06666666274,4,False,92,True,False,ExtractTask,True,False,2
477,4737.06666666274,12,False,7,True,False,ExtractTask,True,False,2
477,4737.06666666274,13,True,-1,False,False,RestTask,True,True,-1
477,4737.06666666274,14,False,65,True,False,ExtractTask,True,False,2
477,4737.06666666274,7,True,-1,False,False,RestTask,True,True,-1
478,4762.79999999622,1,False,26,True,False,ExtractTask,True,False,2
478,4762.79999999622,10,False,5,True,False,ExtractTask,True,False,4
478,4762.79999999622,11,False,81,True,False,ExtractTask,True,False,3
478,4762.79999999622,3,False,34,True,False,ExtractTask,True,False,1
478,4762.79999999622,5,True,-1,False,False,RestTask,True,True,-1
478,4762.79999999622,4,False,92,True,False,ExtractTask,True,False,2
478,4762.79999999622,12,False,7,True,False,ExtractTask,True,False,2
478,4762.79999999622,13,True,-1,False,False,RestTask,True,True,-1
478,4762.79999999622,14,False,65,True,False,ExtractTask,True,False,2
478,4762.79999999622,7,False,60,True,False,ExtractTask,False,False,4
479,4787.11111110748,1,False,26,True,False,ExtractTask,True,False,1
479,4787.11111110748,10,False,5,True,False,ExtractTask,True,False,4
479,4787.11111110748,11,False,81,True,False,ExtractTask,True,False,3
479,4787.11111110748,3,False,34,True,False,ExtractTask,True,False,1
479,4787.11111110748,5,False,47,True,False,ExtractTask,False,False,2
479,4787.11111110748,4,False,92,True,False,ExtractTask,True,False,2
479,4787.11111110748,12,True,-1,False,False,RestTask,True,True,-1
479,4787.11111110748,13,True,-1,False,False,RestTask,True,True,-1
479,4787.11111110748,14,False,65,True,False,ExtractTask,True,False,2
479,4787.11111110748,7,False,60,True,False,ExtractTask,True,False,4
480,4792.84444444084,1,False,26,True,False,ExtractTask,True,False,1
480,4792.84444444084,10,False,5,True,False,ExtractTask,True,False,4
480,4792.84444444084,11,False,81,True,False,ExtractTask,True,False,3
480,4792.84444444084,3,False,34,True,False,ExtractTask,True,False,1
480,4792.84444444084,5,False,47,True,False,ExtractTask,False,False,2
480,4792.84444444084,4,False,92,True,False,ExtractTask,True,False,2
480,4792.84444444084,12,True,-1,False,False,RestTask,True,True,-1
480,4792.84444444084,13,True,-1,False,False,RestTask,True,True,-1
480,4792.84444444084,14,False,65,True,False,ExtractTask,True,False,2
480,4792.84444444084,7,False,60,True,False,ExtractTask,True,False,4
481,4802.88888888535,1,False,26,True,False,ParkPodTask,False,False,1
481,4802.88888888535,10,False,5,True,False,ExtractTask,True,False,4
481,4802.88888888535,11,False,81,True,False,ExtractTask,True,False,2
481,4802.88888888535,3,False,34,True,False,ExtractTask,True,False,1
481,4802.88888888535,5,False,47,True,False,ExtractTask,True,False,2
481,4802.88888888535,4,False,92,True,False,ExtractTask,False,False,2
481,4802.88888888535,12,True,-1,False,False,RestTask,True,True,-1
481,4802.88888888535,13,True,-1,False,False,RestTask,True,True,-1
481,4802.88888888535,14,False,65,True,False,ExtractTask,True,False,2
481,4802.88888888535,7,False,60,True,False,ExtractTask,True,False,4
482,4817.1555555521,1,True,-1,False,False,RestTask,False,True,-1
482,4817.1555555521,10,False,5,True,False,ExtractTask,True,False,4
482,4817.1555555521,11,False,81,True,False,ExtractTask,True,False,2
482,4817.1555555521,3,False,34,True,False,ExtractTask,True,False,1
482,4817.1555555521,5,False,47,True,False,ExtractTask,True,False,2
482,4817.1555555521,4,False,92,True,False,ParkPodTask,False,False,1
482,4817.1555555521,12,True,-1,False,False,RestTask,True,True,-1
482,4817.1555555521,13,True,-1,False,False,RestTask,True,True,-1
482,4817.1555555521,14,False,65,True,False,ExtractTask,True,False,2
482,4817.1555555521,7,False,60,True,False,ExtractTask,True,False,4
483,4827.1999999966,1,True,-1,False,False,RestTask,False,True,-1
483,4827.1999999966,10,False,5,True,False,ExtractTask,True,False,4
483,4827.1999999966,11,False,81,True,False,ExtractTask,True,False,2
483,4827.1999999966,3,False,34,True,False,ExtractTask,True,False,1
483,4827.1999999966,5,False,47,True,False,ExtractTask,True,False,2
483,4827.1999999966,4,True,-1,False,False,RestTask,False,True,-1
483,4827.1999999966,12,True,-1,False,False,RestTask,True,True,-1
483,4827.1999999966,13,True,-1,False,False,RestTask,True,True,-1
483,4827.1999999966,14,False,65,True,False,ExtractTask,True,False,2
483,4827.1999999966,7,False,60,True,False,ExtractTask,True,False,4
484,4832.93333332997,1,True,-1,False,False,RestTask,True,True,-1
484,4832.93333332997,10,False,5,True,False,ExtractTask,True,False,4
484,4832.93333332997,11,False,81,True,False,ExtractTask,True,False,2
484,4832.93333332997,3,False,34,True,False,ExtractTask,True,False,1
484,4832.93333332997,5,False,47,True,False,ExtractTask,True,False,2
484,4832.93333332997,4,True,-1,False,False,RestTask,False,True,-1
484,4832.93333332997,12,True,-1,False,False,RestTask,True,True,-1
484,4832.93333332997,13,True,-1,False,False,RestTask,True,True,-1
484,4832.93333332997,14,False,65,True,False,ExtractTask,True,False,2
484,4832.93333332997,7,False,60,True,False,ExtractTask,True,False,4
485,4842.97777777447,1,True,-1,False,False,RestTask,True,True,-1
485,4842.97777777447,10,False,5,True,False,ExtractTask,True,False,4
485,4842.97777777447,11,False,81,True,False,ExtractTask,True,False,2
485,4842.97777777447,3,False,34,True,False,ExtractTask,True,False,1
485,4842.97777777447,5,False,47,True,False,ExtractTask,True,False,2
485,4842.97777777447,4,True,-1,False,False,RestTask,True,True,-1
485,4842.97777777447,12,True,-1,False,False,RestTask,True,True,-1
485,4842.97777777447,13,True,-1,False,False,RestTask,True,True,-1
485,4842.97777777447,14,False,65,True,False,ExtractTask,True,False,2
485,4842.97777777447,7,False,60,True,False,ExtractTask,True,False,4
486,4847.24444444117,1,True,-1,False,False,RestTask,True,True,-1
486,4847.24444444117,10,False,5,True,False,ExtractTask,True,False,4
486,4847.24444444117,11,False,81,True,False,ExtractTask,True,False,2
486,4847.24444444117,3,False,34,True,False,ExtractTask,True,False,1
486,4847.24444444117,5,False,47,True,False,ExtractTask,True,False,2
486,4847.24444444117,4,True,-1,False,False,RestTask,True,True,-1
486,4847.24444444117,12,True,-1,True,False,ExtractTask,False,False,-1
486,4847.24444444117,13,True,-1,False,False,RestTask,True,True,-1
486,4847.24444444117,14,False,65,True,False,ExtractTask,True,False,2
486,4847.24444444117,7,False,60,True,False,ExtractTask,True,False,4
487,4853.02222221898,1,True,-1,False,False,RestTask,True,True,-1
487,4853.02222221898,10,False,5,True,False,ExtractTask,True,False,4
487,4853.02222221898,11,False,81,True,False,ExtractTask,True,False,2
487,4853.02222221898,3,False,34,True,False,ExtractTask,True,False,1
487,4853.02222221898,5,False,47,True,False,ExtractTask,True,False,2
487,4853.02222221898,4,True,-1,False,False,RestTask,True,True,-1
487,4853.02222221898,12,True,-1,True,False,ExtractTask,False,False,-1
487,4853.02222221898,13,True,-1,False,False,RestTask,True,True,-1
487,4853.02222221898,14,False,65,True,False,ExtractTask,True,False,2
487,4853.02222221898,7,False,60,True,False,ExtractTask,True,False,4
488,4867.28888888573,1,True,-1,False,False,RestTask,True,True,-1
488,4867.28888888573,10,False,5,True,False,ExtractTask,True,False,4
488,4867.28888888573,11,False,81,True,False,ExtractTask,True,False,2
488,4867.28888888573,3,False,34,True,False,ExtractTask,True,False,1
488,4867.28888888573,5,False,47,True,False,ExtractTask,True,False,2
488,4867.28888888573,4,True,-1,False,False,RestTask,True,True,-1
488,4867.28888888573,12,False,30,True,False,ExtractTask,False,False,3
488,4867.28888888573,13,True,-1,False,False,RestTask,True,True,-1
488,4867.28888888573,14,False,65,True,False,ExtractTask,True,False,2
488,4867.28888888573,7,False,60,True,False,ExtractTask,True,False,4
489,4887.33333333029,1,True,-1,False,False,RestTask,True,True,-1
489,4887.33333333029,10,False,5,True,False,ExtractTask,True,False,4
489,4887.33333333029,11,True,-1,False,False,ParkPodTask,True,True,-1
489,4887.33333333029,3,False,34,True,False,ExtractTask,True,False,1
489,4887.33333333029,5,False,47,True,False,ExtractTask,True,False,2
489,4887.33333333029,4,True,-1,False,False,RestTask,True,True,-1
489,4887.33333333029,12,False,30,True,False,ExtractTask,True,False,3
489,4887.33333333029,13,True,-1,False,False,RestTask,True,True,-1
489,4887.33333333029,14,False,65,True,False,ExtractTask,True,False,2
489,4887.33333333029,7,False,60,True,False,ExtractTask,True,False,4
490,4893.06666666366,1,True,-1,False,False,RestTask,True,True,-1
490,4893.06666666366,10,False,5,True,False,ExtractTask,True,False,4
490,4893.06666666366,11,True,-1,False,False,RestTask,False,True,-1
490,4893.06666666366,3,False,34,True,False,ExtractTask,True,False,1
490,4893.06666666366,5,False,47,True,False,ExtractTask,True,False,2
490,4893.06666666366,4,True,-1,True,False,ExtractTask,False,False,-1
490,4893.06666666366,12,False,30,True,False,ExtractTask,True,False,3
490,4893.06666666366,13,True,-1,False,False,RestTask,True,True,-1
490,4893.06666666366,14,False,65,True,False,ExtractTask,True,False,2
490,4893.06666666366,7,False,60,True,False,ExtractTask,True,False,4
491,4917.37777777491,1,True,-1,False,False,RestTask,True,True,-1
491,4917.37777777491,10,False,5,True,False,ExtractTask,True,False,4
491,4917.37777777491,11,True,-1,False,False,RestTask,True,True,-1
491,4917.37777777491,3,False,34,True,False,ExtractTask,True,False,1
491,4917.37777777491,5,False,47,True,False,ExtractTask,True,False,2
491,4917.37777777491,4,False,73,True,False,ExtractTask,True,False,3
491,4917.37777777491,12,False,30,True,False,ExtractTask,True,False,3
491,4917.37777777491,13,True,-1,False,False,RestTask,True,True,-1
491,4917.37777777491,14,False,65,True,False,ExtractTask,True,False,2
491,4917.37777777491,7,False,60,True,False,ExtractTask,True,False,4
492,4933.11111110834,1,True,-1,False,False,RestTask,True,True,-1
492,4933.11111110834,10,False,5,True,False,ExtractTask,True,False,4
492,4933.11111110834,11,False,7,True,False,ExtractTask,False,False,2
492,4933.11111110834,3,False,34,True,False,ExtractTask,True,False,1
492,4933.11111110834,5,False,47,True,False,ExtractTask,True,False,2
492,4933.11111110834,4,False,73,True,False,ExtractTask,True,False,3
492,4933.11111110834,12,False,30,True,False,ExtractTask,True,False,3
492,4933.11111110834,13,True,-1,False,False,RestTask,True,True,-1
492,4933.11111110834,14,False,65,True,False,ExtractTask,True,False,2
492,4933.11111110834,7,False,60,True,False,ExtractTask,True,False,4
493,4937.42222221948,1,True,-1,False,False,RestTask,True,True,-1
493,4937.42222221948,10,False,5,True,False,ExtractTask,True,False,4
493,4937.42222221948,11,False,7,True,False,ExtractTask,False,False,2
493,4937.42222221948,3,False,34,True,False,ExtractTask,True,False,1
493,4937.42222221948,5,False,47,True,False,ExtractTask,True,False,2
493,4937.42222221948,4,False,73,True,False,ExtractTask,True,False,3
493,4937.42222221948,12,False,30,True,False,ExtractTask,True,False,3
493,4937.42222221948,13,True,-1,False,False,RestTask,True,True,-1
493,4937.42222221948,14,False,65,True,False,ExtractTask,True,False,2
493,4937.42222221948,7,False,60,True,False,ExtractTask,True,False,4
494,4947.46666666398,1,True,-1,False,False,RestTask,True,True,-1
494,4947.46666666398,10,False,5,True,False,ExtractTask,True,False,4
494,4947.46666666398,11,False,7,True,False,ExtractTask,True,False,2
494,4947.46666666398,3,False,34,True,False,ExtractTask,True,False,1
494,4947.46666666398,5,False,47,True,False,ExtractTask,True,False,2
494,4947.46666666398,4,False,73,True,False,ExtractTask,True,False,3
494,4947.46666666398,12,False,30,True,False,ExtractTask,True,False,3
494,4947.46666666398,13,True,-1,False,False,RestTask,True,True,-1
494,4947.46666666398,14,False,65,True,False,ExtractTask,True,False,1
494,4947.46666666398,7,False,60,True,False,ExtractTask,True,False,4
495,4957.51111110848,1,True,-1,True,False,ExtractTask,False,False,-1
495,4957.51111110848,10,False,5,True,False,ExtractTask,True,False,3
495,4957.51111110848,11,False,7,True,False,ExtractTask,False,False,2
495,4957.51111110848,3,False,34,True,False,ExtractTask,True,False,1
495,4957.51111110848,5,False,47,True,False,ExtractTask,True,False,2
495,4957.51111110848,4,False,73,True,False,ExtractTask,True,False,3
495,4957.51111110848,12,False,30,True,False,ExtractTask,True,False,3
495,4957.51111110848,13,True,-1,False,False,RestTask,True,True,-1
495,4957.51111110848,14,False,65,True,False,ParkPodTask,False,False,1
495,4957.51111110848,7,False,60,True,False,ExtractTask,True,False,4
496,4967.55555555299,1,False,12,True,False,ExtractTask,False,False,4
496,4967.55555555299,10,False,5,True,False,ExtractTask,True,False,3
496,4967.55555555299,11,False,7,True,False,ExtractTask,True,False,2
496,4967.55555555299,3,False,34,True,False,ExtractTask,True,False,1
496,4967.55555555299,5,False,47,True,False,ExtractTask,True,False,2
496,4967.55555555299,4,False,73,True,False,ExtractTask,True,False,3
496,4967.55555555299,12,False,30,True,False,ExtractTask,True,False,3
496,4967.55555555299,13,True,-1,False,False,RestTask,True,True,-1
496,4967.55555555299,14,True,-1,False,False,RestTask,False,True,-1
496,4967.55555555299,7,False,60,True,False,ExtractTask,True,False,4
497,4973.15555555302,1,False,12,True,False,ExtractTask,False,False,4
497,4973.15555555302,10,False,5,True,False,ExtractTask,True,False,3
497,4973.15555555302,11,False,7,True,False,ExtractTask,True,False,2
497,4973.15555555302,3,False,34,True,False,ExtractTask,True,False,1
497,4973.15555555302,5,False,47,True,False,ExtractTask,True,False,2
497,4973.15555555302,4,False,73,True,False,ExtractTask,True,False,3
497,4973.15555555302,12,False,30,True,False,ExtractTask,True,False,3
497,4973.15555555302,13,True,-1,False,False,RestTask,True,True,-1
497,4973.15555555302,14,True,-1,False,False,RestTask,False,True,-1
497,4973.15555555302,7,False,60,True,False,ExtractTask,True,False,4
498,4983.19999999753,1,False,12,True,False,ExtractTask,True,False,4
498,4983.19999999753,10,False,5,True,False,ExtractTask,True,False,3
498,4983.19999999753,11,False,7,True,False,ExtractTask,True,False,2
498,4983.19999999753,3,False,34,True,False,ExtractTask,True,False,1
498,4983.19999999753,5,False,47,True,False,ExtractTask,True,False,2
498,4983.19999999753,4,False,73,True,False,ExtractTask,True,False,3
498,4983.19999999753,12,False,30,True,False,ExtractTask,True,False,3
498,4983.19999999753,13,True,-1,True,False,ExtractTask,False,False,-1
498,4983.19999999753,14,True,-1,False,False,RestTask,True,True,-1
498,4983.19999999753,7,False,60,True,False,ExtractTask,True,False,4
499,5007.59999999767,1,False,12,True,False,ExtractTask,True,False,4
499,5007.59999999767,10,True,-1,False,False,RestTask,True,True,-1
499,5007.59999999767,11,False,7,True,False,ExtractTask,True,False,2
499,5007.59999999767,3,False,34,True,False,ParkPodTask,True,False,1
499,5007.59999999767,5,False,47,True,False,ExtractTask,True,False,2
499,5007.59999999767,4,False,73,True,False,ExtractTask,True,False,3
499,5007.59999999767,12,False,30,True,False,ExtractTask,True,False,3
499,5007.59999999767,13,False,28,True,False,ExtractTask,True,False,1
499,5007.59999999767,14,True,-1,False,False,RestTask,True,True,-1
499,5007.59999999767,7,True,-1,False,False,RestTask,False,True,-1
500,5013.24444444215,1,False,12,True,False,ExtractTask,True,False,4
500,5013.24444444215,10,True,-1,True,True,RestTask,False,False,-1
500,5013.24444444215,11,False,7,True,False,ExtractTask,True,False,2
500,5013.24444444215,3,False,34,True,False,ParkPodTask,False,False,1
500,5013.24444444215,5,False,47,True,False,ExtractTask,False,False,2
500,5013.24444444215,4,False,73,True,False,ExtractTask,True,False,3
500,5013.24444444215,12,False,30,True,False,ExtractTask,True,False,3
500,5013.24444444215,13,False,28,True,False,ExtractTask,True,False,1
500,5013.24444444215,14,True,-1,False,False,RestTask,True,True,-1
500,5013.24444444215,7,True,-1,False,False,RestTask,False,True,-1
501,5023.86666666443,1,False,12,True,False,ExtractTask,True,False,4
501,5023.86666666443,10,True,-1,True,False,ExtractTask,False,False,-1
501,5023.86666666443,11,False,7,True,False,ExtractTask,True,False,2
501,5023.86666666443,3,True,-1,False,False,RestTask,False,True,-1
501,5023.86666666443,5,False,47,True,False,ExtractTask,True,False,2
501,5023.86666666443,4,False,73,True,False,ExtractTask,True,False,3
501,5023.86666666443,12,False,30,True,False,ExtractTask,True,False,3
501,5023.86666666443,13,False,28,True,False,ExtractTask,True,False,1
501,5023.86666666443,14,True,-1,False,False,RestTask,True,True,-1
501,5023.86666666443,7,True,-1,False,False,RestTask,True,True,-1
502,5027.64444444223,1,False,12,True,False,ExtractTask,True,False,4
502,5027.64444444223,10,True,-1,True,False,ExtractTask,False,False,-1
502,5027.64444444223,11,False,7,True,False,ExtractTask,True,False,2
502,5027.64444444223,3,True,-1,False,False,RestTask,False,True,-1
502,5027.64444444223,5,False,47,True,False,ExtractTask,True,False,2
502,5027.64444444223,4,False,73,True,False,ExtractTask,True,False,3
502,5027.64444444223,12,False,30,True,False,ExtractTask,True,False,3
502,5027.64444444223,13,False,28,True,False,ExtractTask,True,False,1
502,5027.64444444223,14,True,-1,False,False,RestTask,True,True,-1
502,5027.64444444223,7,True,-1,False,False,RestTask,True,True,-1
503,5053.91111110905,1,False,12,True,False,ExtractTask,True,False,4
503,5053.91111110905,10,False,94,True,False,ExtractTask,False,False,1
503,5053.91111110905,11,False,7,True,False,ExtractTask,True,False,2
503,5053.91111110905,3,False,36,True,False,ExtractTask,True,False,4
503,5053.91111110905,5,False,47,True,False,ExtractTask,True,False,2
503,5053.91111110905,4,False,73,True,False,ExtractTask,True,False,3
503,5053.91111110905,12,False,30,True,False,ExtractTask,True,False,3
503,5053.91111110905,13,False,28,True,False,ExtractTask,True,False,1
503,5053.91111110905,14,True,-1,False,False,RestTask,True,True,-1
503,5053.91111110905,7,True,-1,False,False,RestTask,True,True,-1
504,5073.95555555362,1,False,12,True,False,ExtractTask,False,False,4
504,5073.95555555362,10,False,94,True,False,ExtractTask,True,False,1
504,5073.95555555362,11,False,7,True,False,ParkPodTask,False,False,2
504,5073.95555555362,3,False,36,True,False,ExtractTask,True,False,4
504,5073.95555555362,5,False,47,True,False,ExtractTask,True,False,2
504,5073.95555555362,4,True,-1,False,False,ParkPodTask,True,True,-1
504,5073.95555555362,12,False,30,True,False,ExtractTask,True,False,3
504,5073.95555555362,13,False,28,True,False,ExtractTask,True,False,1
504,5073.95555555362,14,True,-1,False,False,RestTask,True,True,-1
504,5073.95555555362,7,True,-1,False,False,RestTask,True,True,-1
505,5077.68888888697,1,False,12,True,False,ExtractTask,True,False,4
505,5077.68888888697,10,False,94,True,False,ExtractTask,True,False,1
505,5077.68888888697,11,False,7,True,False,ParkPodTask,False,False,2
505,5077.68888888697,3,False,36,True,False,ExtractTask,False,False,4
505,5077.68888888697,5,False,47,True,False,ExtractTask,True,False,2
505,5077.68888888697,4,True,-1,False,False,RestTask,False,True,-1
505,5077.68888888697,12,False,30,True,False,ExtractTask,True,False,3
505,5077.68888888697,13,False,28,True,False,ExtractTask,True,False,1
505,5077.68888888697,14,True,-1,False,False,RestTask,True,True,-1
505,5077.68888888697,7,True,-1,False,False,RestTask,True,True,-1
506,5083.99999999812,1,False,12,True,False,ExtractTask,True,False,4
506,5083.99999999812,10,False,94,True,False,ExtractTask,True,False,1
506,5083.99999999812,11,True,-1,False,False,ParkPodTask,True,True,-1
506,5083.99999999812,3,False,36,True,False,ExtractTask,True,False,4
506,5083.99999999812,5,False,47,True,False,ExtractTask,True,False,2
506,5083.99999999812,4,True,-1,False,False,RestTask,False,True,-1
506,5083.99999999812,12,False,30,True,False,ExtractTask,True,False,3
506,5083.99999999812,13,False,28,True,False,ExtractTask,True,False,1
506,5083.99999999812,14,True,-1,False,False,RestTask,True,True,-1
506,5083.99999999812,7,True,-1,False,False,RestTask,True,True,-1
507,5094.04444444262,1,False,12,True,False,ExtractTask,True,False,4
507,5094.04444444262,10,False,94,True,False,ExtractTask,True,False,1
507,5094.04444444262,11,True,-1,False,False,RestTask,False,True,-1
507,5094.04444444262,3,False,36,True,False,ExtractTask,True,False,4
507,5094.04444444262,5,False,47,True,False,ParkPodTask,False,False,2
507,5094.04444444262,4,True,-1,True,True,RestTask,True,False,-1
507,5094.04444444262,12,False,30,True,False,ExtractTask,True,False,3
507,5094.04444444262,13,False,28,True,False,ExtractTask,True,False,1
507,5094.04444444262,14,True,-1,False,False,RestTask,True,True,-1
507,5094.04444444262,7,True,-1,False,False,RestTask,True,True,-1
508,5097.73333333154,1,False,12,True,False,ExtractTask,True,False,4
508,5097.73333333154,10,False,94,True,False,ExtractTask,True,False,1
508,5097.73333333154,11,True,-1,True,True,RestTask,True,False,-1
508,5097.73333333154,3,False,36,True,False,ExtractTask,True,False,4
508,5097.73333333154,5,True,-1,False,False,ParkPodTask,True,True,-1
508,5097.73333333154,4,True,-1,True,False,ExtractTask,False,False,-1
508,5097.73333333154,12,False,30,True,False,ExtractTask,True,False,3
508,5097.73333333154,13,False,28,True,False,ExtractTask,True,False,1
508,5097.73333333154,14,True,-1,False,False,RestTask,True,True,-1
508,5097.73333333154,7,True,-1,False,False,RestTask,True,True,-1
509,5104.08888888713,1,False,12,True,False,ExtractTask,True,False,4
509,5104.08888888713,10,False,94,True,False,ExtractTask,True,False,1
509,5104.08888888713,11,True,-1,True,False,ExtractTask,False,False,-1
509,5104.08888888713,3,False,36,True,False,ExtractTask,True,False,4
509,5104.08888888713,5,True,-1,False,False,RestTask,False,True,-1
509,5104.08888888713,4,True,-1,True,False,ExtractTask,False,False,-1
509,5104.08888888713,12,False,30,True,False,ExtractTask,True,False,3
509,5104.08888888713,13,False,28,True,False,ExtractTask,True,False,1
509,5104.08888888713,14,True,-1,True,False,ExtractTask,False,False,-1
509,5104.08888888713,7,True,-1,False,False,RestTask,True,True,-1
510,5114.13333333163,1,False,12,True,False,ExtractTask,True,False,4
510,5114.13333333163,10,False,94,True,False,ExtractTask,True,False,1
510,5114.13333333163,11,False,11,True,False,ExtractTask,True,False,3
510,5114.13333333163,3,False,36,True,False,ExtractTask,True,False,4
510,5114.13333333163,5,True,-1,False,False,RestTask,True,True,-1
510,5114.13333333163,4,False,38,True,False,ExtractTask,False,False,2
510,5114.13333333163,12,False,30,True,False,ExtractTask,True,False,3
510,5114.13333333163,13,False,28,True,False,ExtractTask,True,False,1
510,5114.13333333163,14,False,55,True,False,ExtractTask,False,False,3
510,5114.13333333163,7,True,-1,False,False,RestTask,True,True,-1
511,5117.7777777761,1,False,12,True,False,ExtractTask,True,False,4
511,5117.7777777761,10,False,94,True,False,ExtractTask,True,False,1
511,5117.7777777761,11,False,11,True,False,ExtractTask,False,False,3
511,5117.7777777761,3,False,36,True,False,ExtractTask,True,False,4
511,5117.7777777761,5,True,-1,False,False,RestTask,True,True,-1
511,5117.7777777761,4,False,38,True,False,ExtractTask,False,False,2
511,5117.7777777761,12,False,30,True,False,ExtractTask,True,False,3
511,5117.7777777761,13,False,28,True,False,ExtractTask,True,False,1
511,5117.7777777761,14,False,55,True,False,ExtractTask,False,False,3
511,5117.7777777761,7,True,-1,False,False,RestTask,True,True,-1
512,5124.17777777614,1,False,12,True,False,ExtractTask,True,False,4
512,5124.17777777614,10,False,94,True,False,ExtractTask,True,False,1
512,5124.17777777614,11,False,11,True,False,ExtractTask,False,False,3
512,5124.17777777614,3,False,36,True,False,ExtractTask,True,False,4
512,5124.17777777614,5,True,-1,False,False,RestTask,True,True,-1
512,5124.17777777614,4,False,38,True,False,ExtractTask,False,False,2
512,5124.17777777614,12,False,30,True,False,ExtractTask,True,False,3
512,5124.17777777614,13,False,28,True,False,ExtractTask,True,False,1
512,5124.17777777614,14,False,55,True,False,ExtractTask,False,False,3
512,5124.17777777614,7,True,-1,False,False,RestTask,True,True,-1
513,5137.82222222066,1,False,12,True,False,ExtractTask,True,False,4
513,5137.82222222066,10,False,94,True,False,ExtractTask,True,False,1
513,5137.82222222066,11,False,11,True,False,ExtractTask,True,False,3
513,5137.82222222066,3,False,36,True,False,ExtractTask,True,False,4
513,5137.82222222066,5,True,-1,False,False,RestTask,True,True,-1
513,5137.82222222066,4,False,38,True,False,ExtractTask,True,False,2
513,5137.82222222066,12,False,30,True,False,ExtractTask,True,False,3
513,5137.82222222066,13,False,28,True,False,ExtractTask,True,False,1
513,5137.82222222066,14,False,55,True,False,ExtractTask,True,False,3
513,5137.82222222066,7,True,-1,False,False,RestTask,True,True,-1
514,5164.22222222082,1,False,12,True,False,ExtractTask,True,False,4
514,5164.22222222082,10,False,94,True,False,ExtractTask,True,False,1
514,5164.22222222082,11,False,11,True,False,ExtractTask,True,False,3
514,5164.22222222082,3,False,36,True,False,ExtractTask,True,False,4
514,5164.22222222082,5,True,-1,False,False,RestTask,True,True,-1
514,5164.22222222082,4,False,38,True,False,ExtractTask,True,False,2
514,5164.22222222082,12,True,-1,False,False,RestTask,False,True,-1
514,5164.22222222082,13,False,28,True,False,ParkPodTask,False,False,1
514,5164.22222222082,14,False,55,True,False,ExtractTask,True,False,3
514,5164.22222222082,7,True,-1,False,False,RestTask,True,True,-1
515,5174.26666666532,1,False,12,True,False,ExtractTask,True,False,3
515,5174.26666666532,10,False,94,True,False,ExtractTask,True,False,1
515,5174.26666666532,11,False,11,True,False,ExtractTask,True,False,3
515,5174.26666666532,3,False,36,True,False,ExtractTask,True,False,4
515,5174.26666666532,5,True,-1,False,False,RestTask,True,True,-1
515,5174.26666666532,4,False,38,True,False,ExtractTask,True,False,2
515,5174.26666666532,12,True,-1,False,False,RestTask,True,True,-1
515,5174.26666666532,13,True,-1,False,False,RestTask,False,True,-1
515,5174.26666666532,14,False,55,True,False,ExtractTask,True,False,3
515,5174.26666666532,7,True,-1,False,False,RestTask,True,True,-1
516,5187.8666666654,1,False,12,True,False,ParkPodTask,False,False,3
516,5187.8666666654,10,False,94,True,False,ExtractTask,True,False,1
516,5187.8666666654,11,False,11,True,False,ExtractTask,True,False,3
516,5187.8666666654,3,False,36,True,False,ExtractTask,True,False,4
516,5187.8666666654,5,True,-1,False,False,RestTask,True,True,-1
516,5187.8666666654,4,False,38,True,False,ExtractTask,True,False,2
516,5187.8666666654,12,True,-1,False,False,RestTask,True,True,-1
516,5187.8666666654,13,True,-1,False,False,RestTask,True,True,-1
516,5187.8666666654,14,False,55,True,False,ExtractTask,False,False,3
516,5187.8666666654,7,True,-1,False,False,RestTask,True,True,-1
517,5194.31111110988,1,True,-1,False,False,ParkPodTask,True,True,-1
517,5194.31111110988,10,False,94,True,False,ExtractTask,True,False,1
517,5194.31111110988,11,False,11,True,False,ExtractTask,True,False,3
517,5194.31111110988,3,False,36,True,False,ExtractTask,True,False,4
517,5194.31111110988,5,True,-1,False,False,RestTask,True,True,-1
517,5194.31111110988,4,False,38,True,False,ExtractTask,True,False,2
517,5194.31111110988,12,True,-1,False,False,RestTask,True,True,-1
517,5194.31111110988,13,True,-1,False,False,RestTask,True,True,-1
517,5194.31111110988,14,False,55,True,False,ExtractTask,True,False,3
517,5194.31111110988,7,True,-1,False,False,RestTask,True,True,-1
518,5207.91111110996,1,True,-1,False,False,RestTask,False,True,-1
518,5207.91111110996,10,False,94,True,False,ExtractTask,True,False,1
518,5207.91111110996,11,False,11,True,False,ExtractTask,True,False,3
518,5207.91111110996,3,False,36,True,False,ExtractTask,True,False,4
518,5207.91111110996,5,True,-1,False,False,RestTask,True,True,-1
518,5207.91111110996,4,False,38,True,False,ExtractTask,True,False,2
518,5207.91111110996,12,True,-1,False,False,RestTask,True,True,-1
518,5207.91111110996,13,True,-1,False,False,RestTask,True,True,-1
518,5207.91111110996,14,False,55,True,False,ExtractTask,True,False,3
518,5207.91111110996,7,True,-1,False,False,RestTask,True,True,-1
519,5214.35555555445,1,True,-1,True,True,RestTask,True,False,-1
519,5214.35555555445,10,False,94,True,False,ExtractTask,True,False,1
519,5214.35555555445,11,False,11,True,False,ExtractTask,True,False,3
519,5214.35555555445,3,False,36,True,False,ExtractTask,True,False,4
519,5214.35555555445,5,True,-1,False,False,RestTask,True,True,-1
519,5214.35555555445,4,False,38,True,False,ExtractTask,True,False,2
519,5214.35555555445,12,True,-1,False,False,RestTask,True,True,-1
519,5214.35555555445,13,True,-1,False,False,RestTask,True,True,-1
519,5214.35555555445,14,False,55,True,False,ExtractTask,True,False,3
519,5214.35555555445,7,True,-1,False,False,RestTask,True,True,-1
520,5234.39999999901,1,False,84,True,False,ExtractTask,False,False,1
520,5234.39999999901,10,False,94,True,False,ExtractTask,True,False,1
520,5234.39999999901,11,False,11,True,False,ExtractTask,True,False,3
520,5234.39999999901,3,False,36,True,False,ExtractTask,True,False,4
520,5234.39999999901,5,False,21,True,False,ExtractTask,False,False,3
520,5234.39999999901,4,False,38,True,False,ParkPodTask,False,False,1
520,5234.39999999901,12,True,-1,False,False,RestTask,True,True,-1
520,5234.39999999901,13,True,-1,False,False,RestTask,True,True,-1
520,5234.39999999901,14,False,55,True,False,ExtractTask,True,False,3
520,5234.39999999901,7,True,-1,False,False,RestTask,True,True,-1
521,5254.44444444357,1,False,84,True,False,ExtractTask,True,False,1
521,5254.44444444357,10,False,94,True,False,ParkPodTask,False,False,1
521,5254.44444444357,11,False,11,True,False,ExtractTask,True,False,3
521,5254.44444444357,3,False,36,True,False,ExtractTask,False,False,4
521,5254.44444444357,5,False,21,True,False,ExtractTask,True,False,3
521,5254.44444444357,4,True,-1,False,False,RestTask,True,True,-1
521,5254.44444444357,12,True,-1,False,False,RestTask,True,True,-1
521,5254.44444444357,13,True,-1,False,False,RestTask,True,True,-1
521,5254.44444444357,14,False,55,True,False,ExtractTask,True,False,3
521,5254.44444444357,7,True,-1,False,False,RestTask,True,True,-1
522,5264.48888888808,1,False,84,True,False,ExtractTask,True,False,1
522,5264.48888888808,10,False,94,True,False,ParkPodTask,False,False,1
522,5264.48888888808,11,False,11,True,False,ExtractTask,True,False,2
522,5264.48888888808,3,False,36,True,False,ExtractTask,True,False,4
522,5264.48888888808,5,False,21,True,False,ExtractTask,True,False,3
522,5264.48888888808,4,True,-1,False,False,RestTask,True,True,-1
522,5264.48888888808,12,True,-1,False,False,RestTask,True,True,-1
522,5264.48888888808,13,True,-1,False,False,RestTask,True,True,-1
522,5264.48888888808,14,False,55,True,False,ExtractTask,True,False,3
522,5264.48888888808,7,True,-1,False,False,RestTask,True,True,-1
523,5277.95555555482,1,False,84,True,False,ExtractTask,True,False,1
523,5277.95555555482,10,True,-1,False,False,RestTask,False,True,-1
523,5277.95555555482,11,False,11,True,False,ExtractTask,True,False,2
523,5277.95555555482,3,False,36,True,False,ExtractTask,True,False,4
523,5277.95555555482,5,False,21,True,False,ExtractTask,True,False,3
523,5277.95555555482,4,True,-1,False,False,RestTask,True,True,-1
523,5277.95555555482,12,True,-1,False,False,RestTask,True,True,-1
523,5277.95555555482,13,True,-1,False,False,RestTask,True,True,-1
523,5277.95555555482,14,False,55,True,False,ExtractTask,True,False,3
523,5277.95555555482,7,True,-1,False,False,RestTask,True,True,-1
524,5277.99999999927,1,False,84,True,False,ExtractTask,True,False,1
524,5277.99999999927,10,True,-1,False,False,RestTask,False,True,-1
524,5277.99999999927,11,False,11,True,False,ExtractTask,True,False,2
524,5277.99999999927,3,False,36,True,False,ExtractTask,True,False,4
524,5277.99999999927,5,False,21,True,False,ExtractTask,True,False,3
524,5277.99999999927,4,True,-1,False,False,RestTask,True,True,-1
524,5277.99999999927,12,True,-1,False,False,RestTask,True,True,-1
524,5277.99999999927,13,True,-1,False,False,RestTask,True,True,-1
524,5277.99999999927,14,False,55,True,False,ExtractTask,True,False,3
524,5277.99999999927,7,True,-1,False,False,RestTask,True,True,-1
525,5284.53333333264,1,False,84,True,False,ExtractTask,True,False,1
525,5284.53333333264,10,True,-1,False,False,RestTask,True,True,-1
525,5284.53333333264,11,False,11,True,False,ExtractTask,True,False,2
525,5284.53333333264,3,False,36,True,False,ExtractTask,True,False,4
525,5284.53333333264,5,False,21,True,False,ExtractTask,True,False,3
525,5284.53333333264,4,True,-1,False,False,RestTask,True,True,-1
525,5284.53333333264,12,True,-1,False,False,RestTask,True,True,-1
525,5284.53333333264,13,True,-1,False,False,RestTask,True,True,-1
525,5284.53333333264,14,False,55,True,False,ExtractTask,True,False,3
525,5284.53333333264,7,True,-1,False,False,RestTask,True,True,-1
526,5284.57777777708,1,False,84,True,False,ExtractTask,True,False,1
526,5284.57777777708,10,True,-1,False,False,RestTask,True,True,-1
526,5284.57777777708,11,False,11,True,False,ExtractTask,True,False,1
526,5284.57777777708,3,False,36,True,False,ExtractTask,True,False,4
526,5284.57777777708,5,False,21,True,False,ExtractTask,True,False,3
526,5284.57777777708,4,True,-1,False,False,RestTask,True,True,-1
526,5284.57777777708,12,True,-1,False,False,RestTask,True,True,-1
526,5284.57777777708,13,True,-1,False,False,RestTask,True,True,-1
526,5284.57777777708,14,False,55,True,False,ExtractTask,True,False,3
526,5284.57777777708,7,True,-1,True,True,RestTask,True,False,-1
527,5287.02222222154,1,False,84,True,False,ExtractTask,True,False,1
527,5287.02222222154,10,True,-1,False,False,RestTask,True,True,-1
527,5287.02222222154,11,False,11,True,False,ExtractTask,True,False,1
527,5287.02222222154,3,False,36,True,False,ExtractTask,True,False,4
527,5287.02222222154,5,False,21,True,False,ExtractTask,True,False,3
527,5287.02222222154,4,True,-1,False,False,RestTask,True,True,-1
527,5287.02222222154,12,True,-1,False,False,RestTask,True,True,-1
527,5287.02222222154,13,True,-1,False,False,RestTask,True,True,-1
527,5287.02222222154,14,False,55,True,False,ExtractTask,True,False,3
527,5287.02222222154,7,True,-1,True,True,RestTask,True,False,-1
528,5287.99999999933,1,False,84,True,False,ExtractTask,True,False,1
528,5287.99999999933,10,True,-1,False,False,RestTask,True,True,-1
528,5287.99999999933,11,False,11,True,False,ExtractTask,True,False,1
528,5287.99999999933,3,False,36,True,False,ExtractTask,True,False,4
528,5287.99999999933,5,False,21,True,False,ExtractTask,True,False,3
528,5287.99999999933,4,True,-1,False,False,RestTask,True,True,-1
528,5287.99999999933,12,True,-1,False,False,RestTask,True,True,-1
528,5287.99999999933,13,True,-1,False,False,RestTask,True,True,-1
528,5287.99999999933,14,False,55,True,False,ExtractTask,True,False,3
528,5287.99999999933,7,True,-1,True,False,ExtractTask,False,False,-1
529,5288.04444444377,1,False,84,True,False,ExtractTask,True,False,1
529,5288.04444444377,10,True,-1,False,False,RestTask,True,True,-1
529,5288.04444444377,11,False,11,True,False,ExtractTask,True,False,1
529,5288.04444444377,3,False,36,True,False,ExtractTask,True,False,4
529,5288.04444444377,5,False,21,True,False,ExtractTask,True,False,3
529,5288.04444444377,4,True,-1,False,False,RestTask,True,True,-1
529,5288.04444444377,12,True,-1,False,False,RestTask,True,True,-1
529,5288.04444444377,13,True,-1,False,False,RestTask,True,True,-1
529,5288.04444444377,14,False,55,True,False,ExtractTask,True,False,3
529,5288.04444444377,7,True,-1,True,False,ExtractTask,False,False,-1
530,5294.57777777714,1,False,84,True,False,ExtractTask,True,False,1
530,5294.57777777714,10,True,-1,False,False,RestTask,True,True,-1
530,5294.57777777714,11,False,11,True,False,ExtractTask,True,False,1
530,5294.57777777714,3,False,36,True,False,ExtractTask,True,False,4
530,5294.57777777714,5,False,21,True,False,ExtractTask,True,False,3
530,5294.57777777714,4,True,-1,False,False,RestTask,True,True,-1
530,5294.57777777714,12,True,-1,False,False,RestTask,True,True,-1
530,5294.57777777714,13,True,-1,False,False,RestTask,True,True,-1
530,5294.57777777714,14,False,55,True,False,ExtractTask,True,False,3
530,5294.57777777714,7,True,-1,True,False,ExtractTask,False,False,-1
531,5294.62222222159,1,False,84,True,False,ExtractTask,True,False,1
531,5294.62222222159,10,True,-1,False,False,RestTask,True,True,-1
531,5294.62222222159,11,False,11,True,False,ExtractTask,True,False,0
531,5294.62222222159,3,False,36,True,False,ExtractTask,True,False,4
531,5294.62222222159,5,False,21,True,False,ExtractTask,True,False,3
531,5294.62222222159,4,True,-1,False,False,RestTask,True,True,-1
531,5294.62222222159,12,True,-1,False,False,RestTask,True,True,-1
531,5294.62222222159,13,True,-1,False,False,RestTask,True,True,-1
531,5294.62222222159,14,False,55,True,False,ExtractTask,True,False,3
531,5294.62222222159,7,True,-1,True,False,ExtractTask,False,False,-1
532,5304.62222222165,1,False,84,True,False,ExtractTask,True,False,1
532,5304.62222222165,10,True,-1,False,False,RestTask,True,True,-1
532,5304.62222222165,11,False,11,True,False,ParkPodTask,False,False,0
532,5304.62222222165,3,False,36,True,False,ExtractTask,True,False,4
532,5304.62222222165,5,False,21,True,False,ExtractTask,True,False,3
532,5304.62222222165,4,True,-1,False,False,RestTask,True,True,-1
532,5304.62222222165,12,True,-1,False,False,RestTask,True,True,-1
532,5304.62222222165,13,True,-1,False,False,RestTask,True,True,-1
532,5304.62222222165,14,False,55,True,False,ExtractTask,True,False,3
532,5304.62222222165,7,False,18,True,False,ExtractTask,False,False,2
533,5304.66666666609,1,False,84,True,False,ExtractTask,True,False,1
533,5304.66666666609,10,True,-1,False,False,RestTask,True,True,-1
533,5304.66666666609,11,False,11,True,False,ParkPodTask,False,False,0
533,5304.66666666609,3,False,36,True,False,ExtractTask,True,False,4
533,5304.66666666609,5,False,21,True,False,ExtractTask,True,False,3
533,5304.66666666609,4,True,-1,False,False,RestTask,True,True,-1
533,5304.66666666609,12,True,-1,False,False,RestTask,True,True,-1
533,5304.66666666609,13,True,-1,True,True,RestTask,True,False,-1
533,5304.66666666609,14,False,55,True,False,ExtractTask,True,False,3
533,5304.66666666609,7,False,18,True,False,ExtractTask,False,False,2
534,5308.04444444389,1,False,84,True,False,ExtractTask,True,False,1
534,5308.04444444389,10,True,-1,False,False,RestTask,True,True,-1
534,5308.04444444389,11,False,11,True,False,ParkPodTask,False,False,0
534,5308.04444444389,3,False,36,True,False,ExtractTask,True,False,4
534,5308.04444444389,5,False,21,True,False,ExtractTask,True,False,3
534,5308.04444444389,4,True,-1,False,False,RestTask,True,True,-1
534,5308.04444444389,12,True,-1,False,False,RestTask,True,True,-1
534,5308.04444444389,13,True,-1,True,False,ExtractTask,False,False,-1
534,5308.04444444389,14,False,55,True,False,ExtractTask,True,False,3
534,5308.04444444389,7,False,18,True,False,ExtractTask,False,False,2
535,5308.08888888833,1,False,84,True,False,ExtractTask,True,False,1
535,5308.08888888833,10,True,-1,False,False,RestTask,True,True,-1
535,5308.08888888833,11,False,11,True,False,ParkPodTask,False,False,0
535,5308.08888888833,3,False,36,True,False,ExtractTask,True,False,4
535,5308.08888888833,5,False,21,True,False,ExtractTask,True,False,3
535,5308.08888888833,4,True,-1,False,False,RestTask,True,True,-1
535,5308.08888888833,12,True,-1,False,False,RestTask,True,True,-1
535,5308.08888888833,13,True,-1,True,False,ExtractTask,False,False,-1
535,5308.08888888833,14,False,55,True,False,ExtractTask,True,False,3
535,5308.08888888833,7,False,18,True,False,ExtractTask,False,False,2
536,5314.66666666615,1,False,84,True,False,ExtractTask,True,False,1
536,5314.66666666615,10,True,-1,False,False,RestTask,True,True,-1
536,5314.66666666615,11,True,-1,False,False,RestTask,False,True,-1
536,5314.66666666615,3,False,36,True,False,ExtractTask,True,False,4
536,5314.66666666615,5,False,21,True,False,ExtractTask,True,False,3
536,5314.66666666615,4,True,-1,False,False,RestTask,True,True,-1
536,5314.66666666615,12,True,-1,False,False,RestTask,True,True,-1
536,5314.66666666615,13,False,80,True,False,ExtractTask,False,False,4
536,5314.66666666615,14,False,55,True,False,ExtractTask,True,False,3
536,5314.66666666615,7,False,18,True,False,ExtractTask,False,False,2
537,5314.7111111106,1,False,84,True,False,ExtractTask,True,False,1
537,5314.7111111106,10,True,-1,False,False,RestTask,True,True,-1
537,5314.7111111106,11,True,-1,True,True,RestTask,False,False,-1
537,5314.7111111106,3,False,36,True,False,ExtractTask,True,False,4
537,5314.7111111106,5,False,21,True,False,ExtractTask,True,False,3
537,5314.7111111106,4,True,-1,False,False,RestTask,True,True,-1
537,5314.7111111106,12,True,-1,False,False,RestTask,True,True,-1
537,5314.7111111106,13,False,80,True,False,ExtractTask,False,False,4
537,5314.7111111106,14,False,55,True,False,ExtractTask,True,False,3
537,5314.7111111106,7,False,18,True,False,ExtractTask,False,False,2
538,5318.08888888839,1,False,84,True,False,ExtractTask,True,False,1
538,5318.08888888839,10,True,-1,False,False,RestTask,True,True,-1
538,5318.08888888839,11,True,-1,True,True,RestTask,False,False,-1
538,5318.08888888839,3,False,36,True,False,ExtractTask,True,False,4
538,5318.08888888839,5,False,21,True,False,ExtractTask,True,False,3
538,5318.08888888839,4,True,-1,False,False,RestTask,True,True,-1
538,5318.08888888839,12,True,-1,False,False,RestTask,True,True,-1
538,5318.08888888839,13,False,80,True,False,ExtractTask,False,False,4
538,5318.08888888839,14,False,55,True,False,ExtractTask,True,False,3
538,5318.08888888839,7,False,18,True,False,ExtractTask,False,False,2
539,5318.13333333284,1,False,84,True,False,ExtractTask,True,False,1
539,5318.13333333284,10,True,-1,False,False,RestTask,True,True,-1
539,5318.13333333284,11,True,-1,True,True,RestTask,False,False,-1
539,5318.13333333284,3,False,36,True,False,ExtractTask,True,False,4
539,5318.13333333284,5,False,21,True,False,ExtractTask,True,False,3
539,5318.13333333284,4,True,-1,False,False,RestTask,True,True,-1
539,5318.13333333284,12,True,-1,False,False,RestTask,True,True,-1
539,5318.13333333284,13,False,80,True,False,ExtractTask,False,False,4
539,5318.13333333284,14,False,55,True,False,ExtractTask,True,False,3
539,5318.13333333284,7,False,18,True,False,ExtractTask,False,False,2
540,5328.1333333329,1,False,84,True,False,ExtractTask,True,False,1
540,5328.1333333329,10,True,-1,False,False,RestTask,True,True,-1
540,5328.1333333329,11,True,-1,True,True,RestTask,True,False,-1
540,5328.1333333329,3,False,36,True,False,ExtractTask,True,False,4
540,5328.1333333329,5,False,21,True,False,ExtractTask,True,False,3
540,5328.1333333329,4,True,-1,False,False,RestTask,True,True,-1
540,5328.1333333329,12,True,-1,False,False,RestTask,True,True,-1
540,5328.1333333329,13,False,80,True,False,ExtractTask,False,False,4
540,5328.1333333329,14,False,55,True,False,ExtractTask,True,False,3
540,5328.1333333329,7,False,18,True,False,ExtractTask,True,False,2
541,5334.71111111071,1,False,84,True,False,ExtractTask,True,False,1
541,5334.71111111071,10,True,-1,False,False,RestTask,True,True,-1
541,5334.71111111071,11,True,-1,True,False,ExtractTask,False,False,-1
541,5334.71111111071,3,False,36,True,False,ParkPodTask,False,False,3
541,5334.71111111071,5,False,21,True,False,ExtractTask,True,False,3
541,5334.71111111071,4,True,-1,False,False,RestTask,True,True,-1
541,5334.71111111071,12,True,-1,False,False,RestTask,True,True,-1
541,5334.71111111071,13,False,80,True,False,ExtractTask,True,False,4
541,5334.71111111071,14,False,55,True,False,ExtractTask,False,False,3
541,5334.71111111071,7,False,18,True,False,ExtractTask,True,False,2
542,5338.1777777774,1,False,84,True,False,ExtractTask,True,False,1
542,5338.1777777774,10,True,-1,False,False,RestTask,True,True,-1
542,5338.1777777774,11,True,-1,True,False,ExtractTask,False,False,-1
542,5338.1777777774,3,False,36,True,False,ParkPodTask,False,False,3
542,5338.1777777774,5,False,21,True,False,ExtractTask,True,False,3
542,5338.1777777774,4,True,-1,False,False,RestTask,True,True,-1
542,5338.1777777774,12,True,-1,False,False,RestTask,True,True,-1
542,5338.1777777774,13,False,80,True,False,ExtractTask,True,False,4
542,5338.1777777774,14,False,55,True,False,ExtractTask,True,False,3
542,5338.1777777774,7,False,18,True,False,ExtractTask,True,False,2
543,5348.22222222191,1,False,84,True,False,ExtractTask,True,False,1
543,5348.22222222191,10,True,-1,False,False,RestTask,True,True,-1
543,5348.22222222191,11,False,42,True,False,ExtractTask,False,False,1
543,5348.22222222191,3,True,-1,False,False,ParkPodTask,True,True,-1
543,5348.22222222191,5,False,21,True,False,ExtractTask,True,False,3
543,5348.22222222191,4,True,-1,False,False,RestTask,True,True,-1
543,5348.22222222191,12,True,-1,False,False,RestTask,True,True,-1
543,5348.22222222191,13,False,80,True,False,ExtractTask,True,False,4
543,5348.22222222191,14,False,55,True,False,ExtractTask,True,False,3
543,5348.22222222191,7,False,18,True,False,ExtractTask,True,False,2
544,5368.26666666647,1,False,84,True,False,ExtractTask,True,False,1
544,5368.26666666647,10,False,61,True,False,ExtractTask,False,False,2
544,5368.26666666647,11,False,42,True,False,ExtractTask,True,False,1
544,5368.26666666647,3,True,-1,False,False,RestTask,True,True,-1
544,5368.26666666647,5,False,21,True,False,ExtractTask,True,False,3
544,5368.26666666647,4,True,-1,False,False,RestTask,True,True,-1
544,5368.26666666647,12,True,-1,False,False,RestTask,True,True,-1
544,5368.26666666647,13,False,80,True,False,ExtractTask,True,False,4
544,5368.26666666647,14,False,55,True,False,ExtractTask,True,False,3
544,5368.26666666647,7,False,18,True,False,ExtractTask,True,False,2
545,5378.31111111097,1,False,84,True,False,ExtractTask,True,False,1
545,5378.31111111097,10,False,61,True,False,ExtractTask,False,False,2
545,5378.31111111097,11,False,42,True,False,ExtractTask,True,False,1
545,5378.31111111097,3,True,-1,False,False,RestTask,True,True,-1
545,5378.31111111097,5,False,21,True,False,ExtractTask,True,False,3
545,5378.31111111097,4,True,-1,False,False,RestTask,True,True,-1
545,5378.31111111097,12,True,-1,False,False,RestTask,True,True,-1
545,5378.31111111097,13,False,80,True,False,ExtractTask,True,False,4
545,5378.31111111097,14,False,55,True,False,ExtractTask,True,False,3
545,5378.31111111097,7,False,18,True,False,ExtractTask,True,False,2
546,5414.75555555563,1,False,84,True,False,ExtractTask,True,False,1
546,5414.75555555563,10,False,61,True,False,ExtractTask,True,False,2
546,5414.75555555563,11,False,42,True,False,ExtractTask,True,False,1
546,5414.75555555563,3,True,-1,False,False,RestTask,True,True,-1
546,5414.75555555563,5,True,-1,False,False,RestTask,True,True,-1
546,5414.75555555563,4,True,-1,False,False,RestTask,True,True,-1
546,5414.75555555563,12,True,-1,False,False,RestTask,True,True,-1
546,5414.75555555563,13,False,80,True,False,ExtractTask,True,False,4
546,5414.75555555563,14,False,55,True,False,ExtractTask,True,False,3
546,5414.75555555563,7,False,18,True,False,ExtractTask,True,False,2
547,5428.35555555571,1,False,84,True,False,ExtractTask,True,False,1
547,5428.35555555571,10,False,61,True,False,ExtractTask,True,False,2
547,5428.35555555571,11,False,42,True,False,ExtractTask,True,False,1
547,5428.35555555571,3,True,-1,False,False,RestTask,True,True,-1
547,5428.35555555571,5,True,-1,False,False,RestTask,True,True,-1
547,5428.35555555571,4,True,-1,False,False,RestTask,True,True,-1
547,5428.35555555571,12,True,-1,False,False,RestTask,True,True,-1
547,5428.35555555571,13,False,80,True,False,ExtractTask,True,False,4
547,5428.35555555571,14,False,55,True,False,ExtractTask,True,False,3
547,5428.35555555571,7,False,18,True,False,ExtractTask,True,False,2
548,5444.80000000025,1,False,84,True,False,ExtractTask,True,False,1
548,5444.80000000025,10,False,61,True,False,ExtractTask,True,False,2
548,5444.80000000025,11,False,42,True,False,ExtractTask,True,False,1
548,5444.80000000025,3,True,-1,False,False,RestTask,True,True,-1
548,5444.80000000025,5,True,-1,False,False,RestTask,True,True,-1
548,5444.80000000025,4,True,-1,False,False,RestTask,True,True,-1
548,5444.80000000025,12,True,-1,False,False,RestTask,True,True,-1
548,5444.80000000025,13,False,80,True,False,ExtractTask,True,False,4
548,5444.80000000025,14,False,55,True,False,ExtractTask,True,False,3
548,5444.80000000025,7,False,18,True,False,ExtractTask,True,False,2
549,5454.84444444476,1,False,84,True,False,ExtractTask,True,False,1
549,5454.84444444476,10,False,61,True,False,ExtractTask,True,False,2
549,5454.84444444476,11,False,42,True,False,ExtractTask,True,False,1
549,5454.84444444476,3,True,-1,True,False,ExtractTask,False,False,-1
549,5454.84444444476,5,True,-1,True,False,ExtractTask,False,False,-1
549,5454.84444444476,4,True,-1,False,False,RestTask,True,True,-1
549,5454.84444444476,12,True,-1,False,False,RestTask,True,True,-1
549,5454.84444444476,13,False,80,True,False,ExtractTask,True,False,4
549,5454.84444444476,14,False,55,True,False,ExtractTask,True,False,3
549,5454.84444444476,7,False,18,True,False,ExtractTask,True,False,2
550,5478.40000000045,1,False,84,True,False,ExtractTask,True,False,1
550,5478.40000000045,10,False,61,True,False,ExtractTask,True,False,2
550,5478.40000000045,11,False,42,True,False,ExtractTask,True,False,1
550,5478.40000000045,3,False,85,True,False,ExtractTask,False,False,3
550,5478.40000000045,5,False,83,True,False,ExtractTask,True,False,2
550,5478.40000000045,4,True,-1,False,False,RestTask,True,True,-1
550,5478.40000000045,12,True,-1,False,False,RestTask,True,True,-1
550,5478.40000000045,13,False,80,True,False,ExtractTask,True,False,4
550,5478.40000000045,14,False,55,True,False,ExtractTask,True,False,2
550,5478.40000000045,7,False,18,True,False,ParkPodTask,False,False,1
551,5484.88888888938,1,False,84,True,False,ExtractTask,True,False,1
551,5484.88888888938,10,False,61,True,False,ExtractTask,True,False,2
551,5484.88888888938,11,False,42,True,False,ExtractTask,True,False,1
551,5484.88888888938,3,False,85,True,False,ExtractTask,True,False,3
551,5484.88888888938,5,False,83,True,False,ExtractTask,False,False,2
551,5484.88888888938,4,True,-1,False,False,RestTask,True,True,-1
551,5484.88888888938,12,True,-1,False,False,RestTask,True,True,-1
551,5484.88888888938,13,False,80,True,False,ExtractTask,True,False,4
551,5484.88888888938,14,False,55,True,False,ExtractTask,True,False,1
551,5484.88888888938,7,False,18,True,False,ParkPodTask,False,False,1
552,5488.44444444496,1,False,84,True,False,ExtractTask,True,False,1
552,5488.44444444496,10,False,61,True,False,ExtractTask,True,False,2
552,5488.44444444496,11,False,42,True,False,ExtractTask,True,False,1
552,5488.44444444496,3,False,85,True,False,ExtractTask,True,False,3
552,5488.44444444496,5,False,83,True,False,ExtractTask,True,False,2
552,5488.44444444496,4,True,-1,False,False,RestTask,True,True,-1
552,5488.44444444496,12,True,-1,False,False,RestTask,True,True,-1
552,5488.44444444496,13,False,80,True,False,ExtractTask,True,False,4
552,5488.44444444496,14,False,55,True,False,ExtractTask,True,False,1
552,5488.44444444496,7,False,18,True,False,ParkPodTask,False,False,1
553,5504.93333333394,1,False,84,True,False,ExtractTask,False,False,1
553,5504.93333333394,10,False,61,True,False,ExtractTask,True,False,2
553,5504.93333333394,11,False,42,True,False,ExtractTask,True,False,1
553,5504.93333333394,3,False,85,True,False,ExtractTask,True,False,3
553,5504.93333333394,5,False,83,True,False,ExtractTask,True,False,2
553,5504.93333333394,4,True,-1,False,False,RestTask,True,True,-1
553,5504.93333333394,12,True,-1,False,False,RestTask,True,True,-1
553,5504.93333333394,13,False,80,True,False,ExtractTask,True,False,4
553,5504.93333333394,14,False,55,True,False,ParkPodTask,False,False,1
553,5504.93333333394,7,True,-1,False,False,RestTask,False,True,-1
554,5508.48888888952,1,False,84,True,False,ExtractTask,True,False,1
554,5508.48888888952,10,False,61,True,False,ExtractTask,True,False,2
554,5508.48888888952,11,False,42,True,False,ExtractTask,True,False,1
554,5508.48888888952,3,False,85,True,False,ExtractTask,True,False,3
554,5508.48888888952,5,False,83,True,False,ExtractTask,True,False,2
554,5508.48888888952,4,True,-1,False,False,RestTask,True,True,-1
554,5508.48888888952,12,True,-1,False,False,RestTask,True,True,-1
554,5508.48888888952,13,False,80,True,False,ExtractTask,True,False,4
554,5508.48888888952,14,False,55,True,False,ParkPodTask,False,False,1
554,5508.48888888952,7,True,-1,False,False,RestTask,True,True,-1
555,5518.53333333402,1,False,84,True,False,ExtractTask,True,False,1
555,5518.53333333402,10,False,61,True,False,ExtractTask,True,False,2
555,5518.53333333402,11,False,42,True,False,ExtractTask,True,False,1
555,5518.53333333402,3,False,85,True,False,ExtractTask,True,False,3
555,5518.53333333402,5,False,83,True,False,ExtractTask,True,False,2
555,5518.53333333402,4,True,-1,False,False,RestTask,True,True,-1
555,5518.53333333402,12,True,-1,False,False,RestTask,True,True,-1
555,5518.53333333402,13,False,80,True,False,ExtractTask,True,False,4
555,5518.53333333402,14,True,-1,False,False,ParkPodTask,True,True,-1
555,5518.53333333402,7,True,-1,False,False,RestTask,True,True,-1
556,5524.97777777851,1,False,84,True,False,ParkPodTask,False,False,1
556,5524.97777777851,10,False,61,True,False,ExtractTask,False,False,2
556,5524.97777777851,11,False,42,True,False,ExtractTask,True,False,1
556,5524.97777777851,3,False,85,True,False,ExtractTask,True,False,3
556,5524.97777777851,5,False,83,True,False,ExtractTask,True,False,2
556,5524.97777777851,4,True,-1,False,False,RestTask,True,True,-1
556,5524.97777777851,12,True,-1,False,False,RestTask,True,True,-1
556,5524.97777777851,13,False,80,True,False,ExtractTask,True,False,4
556,5524.97777777851,14,False,30,True,False,ExtractTask,False,False,3
556,5524.97777777851,7,True,-1,False,False,RestTask,True,True,-1
557,5528.57777777853,1,False,84,True,False,ParkPodTask,False,False,1
557,5528.57777777853,10,False,61,True,False,ExtractTask,True,False,2
557,5528.57777777853,11,False,42,True,False,ExtractTask,True,False,1
557,5528.57777777853,3,False,85,True,False,ExtractTask,True,False,3
557,5528.57777777853,5,False,83,True,False,ExtractTask,True,False,2
557,5528.57777777853,4,True,-1,False,False,RestTask,True,True,-1
557,5528.57777777853,12,True,-1,False,False,RestTask,True,True,-1
557,5528.57777777853,13,False,80,True,False,ExtractTask,True,False,4
557,5528.57777777853,14,False,30,True,False,ExtractTask,False,False,3
557,5528.57777777853,7,True,-1,False,False,RestTask,True,True,-1
558,5538.62222222303,1,True,-1,False,False,RestTask,False,True,-1
558,5538.62222222303,10,False,61,True,False,ExtractTask,True,False,2
558,5538.62222222303,11,False,42,True,False,ExtractTask,True,False,1
558,5538.62222222303,3,False,85,True,False,ExtractTask,True,False,3
558,5538.62222222303,5,False,83,True,False,ExtractTask,True,False,2
558,5538.62222222303,4,True,-1,False,False,RestTask,True,True,-1
558,5538.62222222303,12,True,-1,False,False,RestTask,True,True,-1
558,5538.62222222303,13,False,80,True,False,ExtractTask,True,False,4
558,5538.62222222303,14,False,30,True,False,ExtractTask,False,False,3
558,5538.62222222303,7,True,-1,False,False,RestTask,True,True,-1
559,5548.66666666753,1,True,-1,True,True,RestTask,True,False,-1
559,5548.66666666753,10,False,61,True,False,ExtractTask,True,False,2
559,5548.66666666753,11,False,42,True,False,ExtractTask,True,False,1
559,5548.66666666753,3,False,85,True,False,ExtractTask,True,False,3
559,5548.66666666753,5,False,83,True,False,ExtractTask,True,False,2
559,5548.66666666753,4,True,-1,False,False,RestTask,True,True,-1
559,5548.66666666753,12,True,-1,False,False,RestTask,True,True,-1
559,5548.66666666753,13,False,80,True,False,ExtractTask,True,False,4
559,5548.66666666753,14,False,30,True,False,ExtractTask,True,False,3
559,5548.66666666753,7,True,-1,False,False,RestTask,True,True,-1
560,5558.71111111204,1,True,-1,True,False,ExtractTask,False,False,-1
560,5558.71111111204,10,False,61,True,False,ExtractTask,True,False,2
560,5558.71111111204,11,False,42,True,False,ExtractTask,True,False,1
560,5558.71111111204,3,False,85,True,False,ExtractTask,True,False,3
560,5558.71111111204,5,False,83,True,False,ExtractTask,True,False,2
560,5558.71111111204,4,True,-1,False,False,RestTask,True,True,-1
560,5558.71111111204,12,True,-1,False,False,RestTask,True,True,-1
560,5558.71111111204,13,False,80,True,False,ParkPodTask,False,False,4
560,5558.71111111204,14,False,30,True,False,ExtractTask,True,False,3
560,5558.71111111204,7,True,-1,False,False,RestTask,True,True,-1
561,5565.02222222319,1,False,31,True,False,ExtractTask,False,False,4
561,5565.02222222319,10,False,61,True,False,ExtractTask,True,False,2
561,5565.02222222319,11,False,42,True,False,ExtractTask,True,False,1
561,5565.02222222319,3,False,85,True,False,ExtractTask,False,False,3
561,5565.02222222319,5,False,83,True,False,ExtractTask,True,False,2
561,5565.02222222319,4,True,-1,False,False,RestTask,True,True,-1
561,5565.02222222319,12,True,-1,False,False,RestTask,True,True,-1
561,5565.02222222319,13,False,80,True,False,ParkPodTask,False,False,4
561,5565.02222222319,14,False,30,True,False,ExtractTask,True,False,3
561,5565.02222222319,7,True,-1,False,False,RestTask,True,True,-1
562,5568.75555555654,1,False,31,True,False,ExtractTask,False,False,4
562,5568.75555555654,10,False,61,True,False,ExtractTask,True,False,2
562,5568.75555555654,11,False,42,True,False,ExtractTask,True,False,1
562,5568.75555555654,3,False,85,True,False,ExtractTask,True,False,3
562,5568.75555555654,5,False,83,True,False,ExtractTask,True,False,2
562,5568.75555555654,4,True,-1,False,False,RestTask,True,True,-1
562,5568.75555555654,12,True,-1,True,False,ExtractTask,False,False,-1
562,5568.75555555654,13,False,80,True,False,ParkPodTask,False,False,4
562,5568.75555555654,14,False,30,True,False,ExtractTask,True,False,3
562,5568.75555555654,7,True,-1,False,False,RestTask,True,True,-1
563,5575.06666666769,1,False,31,True,False,ExtractTask,False,False,4
563,5575.06666666769,10,False,61,True,False,ExtractTask,True,False,2
563,5575.06666666769,11,False,42,True,False,ExtractTask,True,False,1
563,5575.06666666769,3,False,85,True,False,ExtractTask,True,False,3
563,5575.06666666769,5,False,83,True,False,ExtractTask,True,False,2
563,5575.06666666769,4,True,-1,False,False,RestTask,True,True,-1
563,5575.06666666769,12,False,26,True,False,ExtractTask,True,False,2
563,5575.06666666769,13,True,-1,False,False,RestTask,False,True,-1
563,5575.06666666769,14,False,30,True,False,ExtractTask,True,False,3
563,5575.06666666769,7,True,-1,False,False,RestTask,True,True,-1
564,5588.80000000111,1,False,31,True,False,ExtractTask,True,False,4
564,5588.80000000111,10,False,61,True,False,ParkPodTask,False,False,1
564,5588.80000000111,11,False,42,True,False,ExtractTask,True,False,1
564,5588.80000000111,3,False,85,True,False,ExtractTask,True,False,3
564,5588.80000000111,5,False,83,True,False,ExtractTask,True,False,2
564,5588.80000000111,4,True,-1,False,False,RestTask,True,True,-1
564,5588.80000000111,12,False,26,True,False,ExtractTask,False,False,2
564,5588.80000000111,13,True,-1,False,False,RestTask,True,True,-1
564,5588.80000000111,14,False,30,True,False,ExtractTask,True,False,3
564,5588.80000000111,7,True,-1,False,False,RestTask,True,True,-1
565,5598.84444444561,1,False,31,True,False,ExtractTask,True,False,4
565,5598.84444444561,10,True,-1,False,False,RestTask,False,True,-1
565,5598.84444444561,11,False,42,True,False,ParkPodTask,False,False,1
565,5598.84444444561,3,False,85,True,False,ExtractTask,True,False,3
565,5598.84444444561,5,False,83,True,False,ExtractTask,True,False,2
565,5598.84444444561,4,True,-1,False,False,RestTask,True,True,-1
565,5598.84444444561,12,False,26,True,False,ExtractTask,False,False,2
565,5598.84444444561,13,True,-1,False,False,RestTask,True,True,-1
565,5598.84444444561,14,False,30,True,False,ExtractTask,True,False,3
565,5598.84444444561,7,True,-1,False,False,RestTask,True,True,-1
566,5618.88888889017,1,False,31,True,False,ExtractTask,True,False,4
566,5618.88888889017,10,True,-1,False,False,RestTask,True,True,-1
566,5618.88888889017,11,True,-1,False,False,RestTask,False,True,-1
566,5618.88888889017,3,False,85,True,False,ExtractTask,True,False,3
566,5618.88888889017,5,False,83,True,False,ParkPodTask,False,False,2
566,5618.88888889017,4,True,-1,False,False,RestTask,True,True,-1
566,5618.88888889017,12,False,26,True,False,ExtractTask,True,False,2
566,5618.88888889017,13,True,-1,False,False,RestTask,True,True,-1
566,5618.88888889017,14,False,30,True,False,ExtractTask,True,False,3
566,5618.88888889017,7,True,-1,False,False,RestTask,True,True,-1
567,5625.11111111243,1,False,31,True,False,ExtractTask,True,False,4
567,5625.11111111243,10,True,-1,False,False,RestTask,True,True,-1
567,5625.11111111243,11,True,-1,False,False,RestTask,True,True,-1
567,5625.11111111243,3,False,85,True,False,ExtractTask,True,False,3
567,5625.11111111243,5,False,83,True,False,ParkPodTask,False,False,2
567,5625.11111111243,4,True,-1,False,False,RestTask,True,True,-1
567,5625.11111111243,12,False,26,True,False,ExtractTask,True,False,2
567,5625.11111111243,13,True,-1,False,False,RestTask,True,True,-1
567,5625.11111111243,14,False,30,True,False,ExtractTask,True,False,3
567,5625.11111111243,7,True,-1,False,False,RestTask,True,True,-1
568,5635.15555555693,1,False,31,True,False,ExtractTask,True,False,4
568,5635.15555555693,10,True,-1,False,False,RestTask,True,True,-1
568,5635.15555555693,11,True,-1,False,False,RestTask,True,True,-1
568,5635.15555555693,3,False,85,True,False,ExtractTask,True,False,3
568,5635.15555555693,5,False,83,True,False,ParkPodTask,False,False,2
568,5635.15555555693,4,False,72,True,False,ExtractTask,False,False,2
568,5635.15555555693,12,False,26,True,False,ExtractTask,True,False,2
568,5635.15555555693,13,True,-1,False,False,RestTask,True,True,-1
568,5635.15555555693,14,False,30,True,False,ExtractTask,True,False,2
568,5635.15555555693,7,True,-1,False,False,RestTask,True,True,-1
569,5638.93333333473,1,False,31,True,False,ExtractTask,True,False,4
569,5638.93333333473,10,True,-1,False,False,RestTask,True,True,-1
569,5638.93333333473,11,True,-1,False,False,RestTask,True,True,-1
569,5638.93333333473,3,False,85,True,False,ExtractTask,True,False,3
569,5638.93333333473,5,False,83,True,False,ParkPodTask,False,False,2
569,5638.93333333473,4,False,72,True,False,ExtractTask,False,False,2
569,5638.93333333473,12,False,26,True,False,ExtractTask,True,False,2
569,5638.93333333473,13,True,-1,False,False,RestTask,True,True,-1
569,5638.93333333473,14,False,30,True,False,ExtractTask,True,False,2
569,5638.93333333473,7,True,-1,False,False,RestTask,True,True,-1
570,5645.20000000144,1,False,31,True,False,ExtractTask,True,False,4
570,5645.20000000144,10,True,-1,True,False,ExtractTask,False,False,-1
570,5645.20000000144,11,True,-1,False,False,RestTask,True,True,-1
570,5645.20000000144,3,False,85,True,False,ExtractTask,True,False,3
570,5645.20000000144,5,True,-1,False,False,RestTask,False,True,-1
570,5645.20000000144,4,False,72,True,False,ExtractTask,False,False,2
570,5645.20000000144,12,False,26,True,False,ExtractTask,True,False,2
570,5645.20000000144,13,True,-1,False,False,RestTask,True,True,-1
570,5645.20000000144,14,False,30,True,False,ExtractTask,True,False,2
570,5645.20000000144,7,True,-1,False,False,RestTask,True,True,-1
571,5655.24444444594,1,False,31,True,False,ExtractTask,True,False,4
571,5655.24444444594,10,False,51,True,False,ExtractTask,False,False,3
571,5655.24444444594,11,True,-1,False,False,RestTask,True,True,-1
571,5655.24444444594,3,False,85,True,False,ExtractTask,True,False,3
571,5655.24444444594,5,True,-1,False,False,RestTask,True,True,-1
571,5655.24444444594,4,False,72,True,False,ExtractTask,False,False,2
571,5655.24444444594,12,False,26,True,False,ExtractTask,True,False,2
571,5655.24444444594,13,True,-1,False,False,RestTask,True,True,-1
571,5655.24444444594,14,False,30,True,False,ExtractTask,True,False,2
571,5655.24444444594,7,True,-1,False,False,RestTask,True,True,-1
572,5668.97777777936,1,False,31,True,False,ExtractTask,True,False,4
572,5668.97777777936,10,False,51,True,False,ExtractTask,False,False,3
572,5668.97777777936,11,True,-1,False,False,RestTask,True,True,-1
572,5668.97777777936,3,False,85,True,False,ParkPodTask,True,False,3
572,5668.97777777936,5,True,-1,False,False,RestTask,True,True,-1
572,5668.97777777936,4,False,72,True,False,ExtractTask,True,False,2
572,5668.97777777936,12,False,26,True,False,ExtractTask,True,False,2
572,5668.97777777936,13,True,-1,False,False,RestTask,True,True,-1
572,5668.97777777936,14,False,30,True,False,ExtractTask,True,False,2
572,5668.97777777936,7,True,-1,False,False,RestTask,True,True,-1
573,5671.55555555715,1,False,31,True,False,ExtractTask,True,False,4
573,5671.55555555715,10,False,51,True,False,ExtractTask,False,False,3
573,5671.55555555715,11,True,-1,False,False,RestTask,True,True,-1
573,5671.55555555715,3,False,85,True,False,ParkPodTask,False,False,3
573,5671.55555555715,5,True,-1,False,False,RestTask,True,True,-1
573,5671.55555555715,4,False,72,True,False,ExtractTask,True,False,2
573,5671.55555555715,12,False,26,True,False,ExtractTask,False,False,2
573,5671.55555555715,13,True,-1,False,False,RestTask,True,True,-1
573,5671.55555555715,14,False,30,True,False,ExtractTask,True,False,2
573,5671.55555555715,7,True,-1,False,False,RestTask,True,True,-1
574,5679.02222222386,1,False,31,True,False,ExtractTask,True,False,4
574,5679.02222222386,10,False,51,True,False,ExtractTask,True,False,3
574,5679.02222222386,11,True,-1,False,False,RestTask,True,True,-1
574,5679.02222222386,3,True,-1,False,False,ParkPodTask,True,True,-1
574,5679.02222222386,5,True,-1,False,False,RestTask,True,True,-1
574,5679.02222222386,4,False,72,True,False,ExtractTask,True,False,2
574,5679.02222222386,12,False,26,True,False,ExtractTask,True,False,2
574,5679.02222222386,13,True,-1,False,False,RestTask,True,True,-1
574,5679.02222222386,14,False,30,True,False,ExtractTask,True,False,2
574,5679.02222222386,7,True,-1,False,False,RestTask,True,True,-1
575,5679.06666666831,1,False,31,True,False,ExtractTask,True,False,4
575,5679.06666666831,10,False,51,True,False,ExtractTask,True,False,3
575,5679.06666666831,11,True,-1,False,False,RestTask,True,True,-1
575,5679.06666666831,3,True,-1,False,False,ParkPodTask,True,True,-1
575,5679.06666666831,5,True,-1,False,False,RestTask,True,True,-1
575,5679.06666666831,4,False,72,True,False,ExtractTask,True,False,2
575,5679.06666666831,12,False,26,True,False,ExtractTask,True,False,2
575,5679.06666666831,13,True,-1,False,False,RestTask,True,True,-1
575,5679.06666666831,14,False,30,True,False,ExtractTask,True,False,1
575,5679.06666666831,7,True,-1,False,False,RestTask,True,True,-1
576,5685.28888889056,1,False,31,True,False,ExtractTask,True,False,4
576,5685.28888889056,10,False,51,True,False,ExtractTask,True,False,3
576,5685.28888889056,11,True,-1,False,False,RestTask,True,True,-1
576,5685.28888889056,3,True,-1,False,False,RestTask,False,True,-1
576,5685.28888889056,5,True,-1,False,False,RestTask,True,True,-1
576,5685.28888889056,4,False,72,True,False,ExtractTask,True,False,2
576,5685.28888889056,12,False,26,True,False,ExtractTask,True,False,2
576,5685.28888889056,13,True,-1,False,False,RestTask,True,True,-1
576,5685.28888889056,14,False,30,True,False,ExtractTask,True,False,1
576,5685.28888889056,7,True,-1,False,False,RestTask,True,True,-1
577,5685.33333333501,1,False,31,True,False,ExtractTask,True,False,4
577,5685.33333333501,10,False,51,True,False,ExtractTask,True,False,3
577,5685.33333333501,11,True,-1,False,False,RestTask,True,True,-1
577,5685.33333333501,3,True,-1,False,False,RestTask,False,True,-1
577,5685.33333333501,5,True,-1,False,False,RestTask,True,True,-1
577,5685.33333333501,4,False,72,True,False,ExtractTask,True,False,2
577,5685.33333333501,12,False,26,True,False,ExtractTask,True,False,2
577,5685.33333333501,13,True,-1,False,False,RestTask,True,True,-1
577,5685.33333333501,14,False,30,True,False,ExtractTask,True,False,1
577,5685.33333333501,7,True,-1,False,False,RestTask,True,True,-1
578,5689.06666666836,1,False,31,True,False,ExtractTask,True,False,4
578,5689.06666666836,10,False,51,True,False,ExtractTask,True,False,3
578,5689.06666666836,11,True,-1,False,False,RestTask,True,True,-1
578,5689.06666666836,3,True,-1,False,False,RestTask,True,True,-1
578,5689.06666666836,5,True,-1,False,False,RestTask,True,True,-1
578,5689.06666666836,4,False,72,True,False,ExtractTask,True,False,2
578,5689.06666666836,12,False,26,True,False,ExtractTask,True,False,2
578,5689.06666666836,13,True,-1,False,False,RestTask,True,True,-1
578,5689.06666666836,14,False,30,True,False,ExtractTask,True,False,1
578,5689.06666666836,7,True,-1,False,False,RestTask,True,True,-1
579,5689.11111111281,1,False,31,True,False,ExtractTask,True,False,4
579,5689.11111111281,10,False,51,True,False,ExtractTask,True,False,3
579,5689.11111111281,11,True,-1,False,False,RestTask,True,True,-1
579,5689.11111111281,3,True,-1,False,False,RestTask,True,True,-1
579,5689.11111111281,5,True,-1,True,True,RestTask,True,False,-1
579,5689.11111111281,4,False,72,True,False,ExtractTask,True,False,2
579,5689.11111111281,12,False,26,True,False,ExtractTask,True,False,2
579,5689.11111111281,13,True,-1,False,False,RestTask,True,True,-1
579,5689.11111111281,14,False,30,True,False,ExtractTask,True,False,0
579,5689.11111111281,7,True,-1,False,False,RestTask,True,True,-1
580,5695.33333333507,1,False,31,True,False,ExtractTask,False,False,4
580,5695.33333333507,10,False,51,True,False,ExtractTask,True,False,3
580,5695.33333333507,11,True,-1,False,False,RestTask,True,True,-1
580,5695.33333333507,3,True,-1,False,False,RestTask,True,True,-1
580,5695.33333333507,5,True,-1,True,False,ExtractTask,False,False,-1
580,5695.33333333507,4,False,72,True,False,ExtractTask,True,False,2
580,5695.33333333507,12,False,26,True,False,ExtractTask,True,False,2
580,5695.33333333507,13,True,-1,False,False,RestTask,True,True,-1
580,5695.33333333507,14,False,30,True,False,ParkPodTask,False,False,0
580,5695.33333333507,7,True,-1,False,False,RestTask,True,True,-1
581,5709.11111111293,1,False,31,True,False,ExtractTask,True,False,4
581,5709.11111111293,10,False,51,True,False,ExtractTask,True,False,3
581,5709.11111111293,11,True,-1,False,False,RestTask,True,True,-1
581,5709.11111111293,3,True,-1,False,False,RestTask,True,True,-1
581,5709.11111111293,5,False,32,True,False,ExtractTask,False,False,4
581,5709.11111111293,4,False,72,True,False,ExtractTask,True,False,2
581,5709.11111111293,12,False,26,True,False,ExtractTask,True,False,2
581,5709.11111111293,13,True,-1,False,False,RestTask,True,True,-1
581,5709.11111111293,14,True,-1,False,False,RestTask,False,True,-1
581,5709.11111111293,7,True,-1,False,False,RestTask,True,True,-1
582,5719.15555555743,1,False,31,True,False,ExtractTask,True,False,4
582,5719.15555555743,10,False,51,True,False,ExtractTask,True,False,3
582,5719.15555555743,11,True,-1,False,False,RestTask,True,True,-1
582,5719.15555555743,3,True,-1,False,False,RestTask,True,True,-1
582,5719.15555555743,5,False,32,True,False,ExtractTask,False,False,4
582,5719.15555555743,4,False,72,True,False,ExtractTask,True,False,2
582,5719.15555555743,12,False,26,True,False,ExtractTask,True,False,2
582,5719.15555555743,13,True,-1,False,False,RestTask,True,True,-1
582,5719.15555555743,14,True,-1,False,False,RestTask,True,True,-1
582,5719.15555555743,7,True,-1,False,False,RestTask,True,True,-1
583,5729.15555555749,1,False,31,True,False,ExtractTask,True,False,4
583,5729.15555555749,10,False,51,True,False,ExtractTask,True,False,3
583,5729.15555555749,11,True,-1,False,False,RestTask,True,True,-1
583,5729.15555555749,3,True,-1,False,False,RestTask,True,True,-1
583,5729.15555555749,5,False,32,True,False,ExtractTask,True,False,4
583,5729.15555555749,4,False,72,True,False,ExtractTask,True,False,2
583,5729.15555555749,12,False,26,True,False,ExtractTask,True,False,2
583,5729.15555555749,13,True,-1,False,False,RestTask,True,True,-1
583,5729.15555555749,14,True,-1,False,False,RestTask,True,True,-1
583,5729.15555555749,7,True,-1,False,False,RestTask,True,True,-1
584,5735.37777777975,1,False,31,True,False,ExtractTask,True,False,3
584,5735.37777777975,10,False,51,True,False,ExtractTask,True,False,3
584,5735.37777777975,11,True,-1,False,False,RestTask,True,True,-1
584,5735.37777777975,3,True,-1,False,False,RestTask,True,True,-1
584,5735.37777777975,5,False,32,True,False,ExtractTask,True,False,4
584,5735.37777777975,4,False,72,True,False,ExtractTask,True,False,2
584,5735.37777777975,12,False,26,True,False,ExtractTask,True,False,2
584,5735.37777777975,13,True,-1,False,False,RestTask,True,True,-1
584,5735.37777777975,14,True,-1,True,False,ExtractTask,False,False,-1
584,5735.37777777975,7,True,-1,False,False,RestTask,True,True,-1
585,5749.20000000205,1,False,31,True,False,ExtractTask,True,False,2
585,5749.20000000205,10,False,51,True,False,ExtractTask,True,False,3
585,5749.20000000205,11,True,-1,False,False,RestTask,True,True,-1
585,5749.20000000205,3,True,-1,False,False,RestTask,True,True,-1
585,5749.20000000205,5,False,32,True,False,ExtractTask,True,False,4
585,5749.20000000205,4,False,72,True,False,ExtractTask,True,False,2
585,5749.20000000205,12,False,26,True,False,ParkPodTask,False,False,1
585,5749.20000000205,13,True,-1,False,False,RestTask,True,True,-1
585,5749.20000000205,14,False,24,True,False,ExtractTask,False,False,4
585,5749.20000000205,7,True,-1,False,False,RestTask,True,True,-1
586,5755.42222222431,1,False,31,True,False,ExtractTask,True,False,2
586,5755.42222222431,10,False,51,True,False,ExtractTask,True,False,3
586,5755.42222222431,11,True,-1,False,False,RestTask,True,True,-1
586,5755.42222222431,3,True,-1,True,False,ExtractTask,False,False,-1
586,5755.42222222431,5,False,32,True,False,ExtractTask,True,False,4
586,5755.42222222431,4,False,72,True,False,ExtractTask,True,False,2
586,5755.42222222431,12,False,26,True,False,ParkPodTask,False,False,1
586,5755.42222222431,13,True,-1,False,False,RestTask,True,True,-1
586,5755.42222222431,14,False,24,True,False,ExtractTask,False,False,4
586,5755.42222222431,7,True,-1,False,False,RestTask,True,True,-1
587,5765.46666666882,1,False,31,True,False,ParkPodTask,False,False,2
587,5765.46666666882,10,False,51,True,False,ExtractTask,False,False,3
587,5765.46666666882,11,True,-1,False,False,RestTask,True,True,-1
587,5765.46666666882,3,False,58,True,False,ExtractTask,False,False,3
587,5765.46666666882,5,False,32,True,False,ExtractTask,True,False,4
587,5765.46666666882,4,False,72,True,False,ExtractTask,True,False,2
587,5765.46666666882,12,False,26,True,False,ParkPodTask,False,False,1
587,5765.46666666882,13,True,-1,False,False,RestTask,True,True,-1
587,5765.46666666882,14,False,24,True,False,ExtractTask,True,False,4
587,5765.46666666882,7,True,-1,True,False,ExtractTask,False,False,-1
588,5779.24444444668,1,True,-1,False,False,ParkPodTask,True,True,-1
588,5779.24444444668,10,False,51,True,False,ExtractTask,True,False,3
588,5779.24444444668,11,True,-1,False,False,RestTask,True,True,-1
588,5779.24444444668,3,False,58,True,False,ExtractTask,False,False,3
588,5779.24444444668,5,False,32,True,False,ExtractTask,True,False,4
588,5779.24444444668,4,False,72,True,False,ExtractTask,True,False,2
588,5779.24444444668,12,True,-1,False,False,RestTask,True,True,-1
588,5779.24444444668,13,True,-1,False,False,RestTask,True,True,-1
588,5779.24444444668,14,False,24,True,False,ExtractTask,True,False,4
588,5779.24444444668,7,False,45,True,False,ExtractTask,False,False,4
589,5785.51111111338,1,True,-1,True,False,ExtractTask,False,False,-1
589,5785.51111111338,10,False,51,True,False,ExtractTask,True,False,2
589,5785.51111111338,11,True,-1,False,False,RestTask,True,True,-1
589,5785.51111111338,3,False,58,True,False,ExtractTask,True,False,3
589,5785.51111111338,5,False,32,True,False,ExtractTask,True,False,4
589,5785.51111111338,4,False,72,True,False,ExtractTask,True,False,2
589,5785.51111111338,12,True,-1,False,False,RestTask,True,True,-1
589,5785.51111111338,13,True,-1,False,False,RestTask,True,True,-1
589,5785.51111111338,14,False,24,True,False,ExtractTask,True,False,4
589,5785.51111111338,7,False,45,True,False,ExtractTask,False,False,4
590,5805.55555555794,1,False,1,True,False,ExtractTask,False,False,2
590,5805.55555555794,10,False,51,True,False,ExtractTask,True,False,2
590,5805.55555555794,11,True,-1,False,False,RestTask,True,True,-1
590,5805.55555555794,3,False,58,True,False,ExtractTask,True,False,3
590,5805.55555555794,5,False,32,True,False,ExtractTask,True,False,4
590,5805.55555555794,4,False,72,True,False,ExtractTask,True,False,2
590,5805.55555555794,12,True,-1,False,False,RestTask,True,True,-1
590,5805.55555555794,13,True,-1,False,False,RestTask,True,True,-1
590,5805.55555555794,14,False,24,True,False,ExtractTask,True,False,4
590,5805.55555555794,7,False,45,True,False,ExtractTask,True,False,4
591,5815.60000000245,1,False,1,True,False,ExtractTask,True,False,2
591,5815.60000000245,10,False,51,True,False,ExtractTask,True,False,2
591,5815.60000000245,11,True,-1,False,False,RestTask,True,True,-1
591,5815.60000000245,3,False,58,True,False,ExtractTask,True,False,3
591,5815.60000000245,5,False,32,True,False,ExtractTask,True,False,4
591,5815.60000000245,4,False,72,True,False,ExtractTask,True,False,2
591,5815.60000000245,12,True,-1,False,False,RestTask,True,True,-1
591,5815.60000000245,13,True,-1,False,False,RestTask,True,True,-1
591,5815.60000000245,14,False,24,True,False,ExtractTask,True,False,4
591,5815.60000000245,7,False,45,True,False,ExtractTask,True,False,4
592,5825.64444444695,1,False,1,True,False,ExtractTask,True,False,2
592,5825.64444444695,10,False,51,True,False,ExtractTask,True,False,1
592,5825.64444444695,11,True,-1,False,False,RestTask,True,True,-1
592,5825.64444444695,3,False,58,True,False,ExtractTask,True,False,3
592,5825.64444444695,5,False,32,True,False,ExtractTask,True,False,4
592,5825.64444444695,4,False,72,True,False,ExtractTask,True,False,2
592,5825.64444444695,12,True,-1,True,False,ExtractTask,False,False,-1
592,5825.64444444695,13,True,-1,False,False,RestTask,True,True,-1
592,5825.64444444695,14,False,24,True,False,ExtractTask,True,False,4
592,5825.64444444695,7,False,45,True,False,ExtractTask,True,False,4
593,5855.68888889157,1,False,1,True,False,ExtractTask,True,False,2
593,5855.68888889157,10,False,51,True,False,ParkPodTask,False,False,1
593,5855.68888889157,11,True,-1,False,False,RestTask,True,True,-1
593,5855.68888889157,3,False,58,True,False,ExtractTask,True,False,3
593,5855.68888889157,5,False,32,True,False,ExtractTask,True,False,3
593,5855.68888889157,4,False,72,True,False,ExtractTask,True,False,2
593,5855.68888889157,12,False,68,True,False,ExtractTask,False,False,3
593,5855.68888889157,13,True,-1,False,False,RestTask,True,True,-1
593,5855.68888889157,14,False,24,True,False,ExtractTask,True,False,4
593,5855.68888889157,7,False,45,True,False,ExtractTask,True,False,4
594,5859.28888889159,1,False,1,True,False,ExtractTask,True,False,2
594,5859.28888889159,10,True,-1,False,False,ParkPodTask,True,True,-1
594,5859.28888889159,11,True,-1,False,False,RestTask,True,True,-1
594,5859.28888889159,3,False,58,True,False,ExtractTask,True,False,3
594,5859.28888889159,5,False,32,True,False,ExtractTask,True,False,3
594,5859.28888889159,4,False,72,True,False,ParkPodTask,False,False,2
594,5859.28888889159,12,False,68,True,False,ExtractTask,False,False,3
594,5859.28888889159,13,True,-1,True,False,ExtractTask,False,False,-1
594,5859.28888889159,14,False,24,True,False,ExtractTask,True,False,4
594,5859.28888889159,7,False,45,True,False,ExtractTask,True,False,4
595,5875.73333333613,1,False,1,True,False,ExtractTask,True,False,2
595,5875.73333333613,10,True,-1,False,False,RestTask,True,True,-1
595,5875.73333333613,11,True,-1,False,False,RestTask,True,True,-1
595,5875.73333333613,3,False,58,True,False,ExtractTask,True,False,3
595,5875.73333333613,5,False,32,True,False,ExtractTask,True,False,3
595,5875.73333333613,4,True,-1,False,False,RestTask,False,True,-1
595,5875.73333333613,12,False,68,True,False,ExtractTask,True,False,3
595,5875.73333333613,13,False,13,True,False,ExtractTask,False,False,4
595,5875.73333333613,14,False,24,True,False,ExtractTask,True,False,4
595,5875.73333333613,7,False,45,True,False,ExtractTask,True,False,4
596,5889.33333333622,1,False,1,True,False,ExtractTask,True,False,2
596,5889.33333333622,10,True,-1,False,False,RestTask,True,True,-1
596,5889.33333333622,11,True,-1,False,False,RestTask,True,True,-1
596,5889.33333333622,3,False,58,True,False,ExtractTask,True,False,3
596,5889.33333333622,5,False,32,True,False,ExtractTask,True,False,3
596,5889.33333333622,4,True,-1,True,False,ExtractTask,False,False,-1
596,5889.33333333622,12,False,68,True,False,ExtractTask,True,False,3
596,5889.33333333622,13,False,13,True,False,ExtractTask,False,False,4
596,5889.33333333622,14,False,24,True,False,ExtractTask,True,False,4
596,5889.33333333622,7,False,45,True,False,ExtractTask,True,False,4
597,5895.7777777807,1,False,1,True,False,ExtractTask,True,False,2
597,5895.7777777807,10,True,-1,False,False,RestTask,True,True,-1
597,5895.7777777807,11,True,-1,False,False,RestTask,True,True,-1
597,5895.7777777807,3,False,58,True,False,ExtractTask,True,False,3
597,5895.7777777807,5,False,32,True,False,ExtractTask,True,False,3
597,5895.7777777807,4,False,21,True,False,ExtractTask,False,False,3
597,5895.7777777807,12,False,68,True,False,ExtractTask,True,False,3
597,5895.7777777807,13,False,13,True,False,ExtractTask,True,False,4
597,5895.7777777807,14,False,24,True,False,ExtractTask,True,False,4
597,5895.7777777807,7,False,45,True,False,ExtractTask,True,False,4
598,5899.37777778072,1,False,1,True,False,ExtractTask,True,False,2
598,5899.37777778072,10,True,-1,False,False,RestTask,True,True,-1
598,5899.37777778072,11,True,-1,True,False,ExtractTask,False,False,-1
598,5899.37777778072,3,False,58,True,False,ExtractTask,True,False,3
598,5899.37777778072,5,False,32,True,False,ExtractTask,True,False,3
598,5899.37777778072,4,False,21,True,False,ExtractTask,False,False,3
598,5899.37777778072,12,False,68,True,False,ExtractTask,True,False,3
598,5899.37777778072,13,False,13,True,False,ExtractTask,True,False,4
598,5899.37777778072,14,False,24,True,False,ExtractTask,True,False,4
598,5899.37777778072,7,False,45,True,False,ExtractTask,True,False,4
599,5915.82222222526,1,False,1,True,False,ExtractTask,True,False,2
599,5915.82222222526,10,True,-1,False,False,RestTask,True,True,-1
599,5915.82222222526,11,False,99,True,False,ExtractTask,False,False,1
599,5915.82222222526,3,False,58,True,False,ExtractTask,True,False,3
599,5915.82222222526,5,False,32,True,False,ExtractTask,True,False,2
599,5915.82222222526,4,False,21,True,False,ExtractTask,False,False,3
599,5915.82222222526,12,False,68,True,False,ExtractTask,True,False,3
599,5915.82222222526,13,False,13,True,False,ExtractTask,True,False,4
599,5915.82222222526,14,False,24,True,False,ExtractTask,True,False,4
599,5915.82222222526,7,False,45,True,False,ExtractTask,True,False,4
600,5939.4222222254,1,False,1,True,False,ExtractTask,True,False,2
600,5939.4222222254,10,True,-1,False,False,RestTask,True,True,-1
600,5939.4222222254,11,False,99,True,False,ExtractTask,True,False,1
600,5939.4222222254,3,False,58,True,False,ExtractTask,True,False,3
600,5939.4222222254,5,False,32,True,False,ExtractTask,True,False,2
600,5939.4222222254,4,False,21,True,False,ExtractTask,True,False,3
600,5939.4222222254,12,False,68,True,False,ExtractTask,True,False,3
600,5939.4222222254,13,False,13,True,False,ExtractTask,True,False,4
600,5939.4222222254,14,False,24,True,False,ExtractTask,True,False,4
600,5939.4222222254,7,False,45,True,False,ParkPodTask,False,False,4
601,5955.86666666994,1,False,1,True,False,ExtractTask,True,False,2
601,5955.86666666994,10,True,-1,False,False,RestTask,True,True,-1
601,5955.86666666994,11,False,99,True,False,ExtractTask,True,False,1
601,5955.86666666994,3,False,58,True,False,ExtractTask,True,False,3
601,5955.86666666994,5,False,32,True,False,ExtractTask,True,False,1
601,5955.86666666994,4,False,21,True,False,ExtractTask,True,False,3
601,5955.86666666994,12,False,68,True,False,ExtractTask,True,False,3
601,5955.86666666994,13,False,13,True,False,ExtractTask,True,False,4
601,5955.86666666994,14,False,24,True,False,ExtractTask,True,False,4
601,5955.86666666994,7,True,-1,False,False,RestTask,False,True,-1
602,5959.46666666996,1,False,1,True,False,ExtractTask,True,False,2
602,5959.46666666996,10,True,-1,False,False,RestTask,True,True,-1
602,5959.46666666996,11,False,99,True,False,ExtractTask,True,False,1
602,5959.46666666996,3,False,58,True,False,ExtractTask,True,False,3
602,5959.46666666996,5,False,32,True,False,ExtractTask,True,False,1
602,5959.46666666996,4,False,21,True,False,ExtractTask,True,False,3
602,5959.46666666996,12,False,68,True,False,ExtractTask,True,False,3
602,5959.46666666996,13,False,13,True,False,ExtractTask,True,False,4
602,5959.46666666996,14,False,24,True,False,ExtractTask,True,False,4
602,5959.46666666996,7,True,-1,False,False,RestTask,False,True,-1
603,5975.9111111145,1,False,1,True,False,ExtractTask,True,False,2
603,5975.9111111145,10,True,-1,False,False,RestTask,True,True,-1
603,5975.9111111145,11,False,99,True,False,ExtractTask,True,False,1
603,5975.9111111145,3,False,58,True,False,ExtractTask,True,False,3
603,5975.9111111145,5,False,32,True,False,ExtractTask,True,False,1
603,5975.9111111145,4,False,21,True,False,ExtractTask,True,False,3
603,5975.9111111145,12,False,68,True,False,ExtractTask,True,False,3
603,5975.9111111145,13,False,13,True,False,ExtractTask,True,False,4
603,5975.9111111145,14,False,24,True,False,ExtractTask,True,False,4
603,5975.9111111145,7,True,-1,False,False,RestTask,True,True,-1
604,5979.51111111453,1,False,1,True,False,ExtractTask,True,False,2
604,5979.51111111453,10,True,-1,False,False,RestTask,True,True,-1
604,5979.51111111453,11,False,99,True,False,ExtractTask,True,False,1
604,5979.51111111453,3,False,58,True,False,ExtractTask,True,False,3
604,5979.51111111453,5,False,32,True,False,ExtractTask,True,False,1
604,5979.51111111453,4,False,21,True,False,ExtractTask,True,False,3
604,5979.51111111453,12,False,68,True,False,ParkPodTask,False,False,2
604,5979.51111111453,13,False,13,True,False,ExtractTask,True,False,4
604,5979.51111111453,14,False,24,True,False,ExtractTask,True,False,4
604,5979.51111111453,7,True,-1,False,False,RestTask,True,True,-1
605,5989.55555555903,1,False,1,True,False,ExtractTask,False,False,2
605,5989.55555555903,10,True,-1,False,False,RestTask,True,True,-1
605,5989.55555555903,11,False,99,True,False,ExtractTask,True,False,1
605,5989.55555555903,3,False,58,True,False,ExtractTask,True,False,3
605,5989.55555555903,5,False,32,True,False,ParkPodTask,False,False,1
605,5989.55555555903,4,False,21,True,False,ExtractTask,True,False,3
605,5989.55555555903,12,False,68,True,False,ParkPodTask,False,False,2
605,5989.55555555903,13,False,13,True,False,ExtractTask,True,False,4
605,5989.55555555903,14,False,24,True,False,ExtractTask,True,False,4
605,5989.55555555903,7,True,-1,False,False,RestTask,True,True,-1
606,5995.95555555907,1,False,1,True,False,ExtractTask,True,False,2
606,5995.95555555907,10,True,-1,False,False,RestTask,True,True,-1
606,5995.95555555907,11,False,99,True,False,ExtractTask,True,False,1
606,5995.95555555907,3,False,58,True,False,ExtractTask,True,False,3
606,5995.95555555907,5,False,32,True,False,ParkPodTask,False,False,1
606,5995.95555555907,4,False,21,True,False,ExtractTask,True,False,3
606,5995.95555555907,12,True,-1,False,False,RestTask,False,True,-1
606,5995.95555555907,13,False,13,True,False,ExtractTask,True,False,4
606,5995.95555555907,14,False,24,True,False,ExtractTask,True,False,4
606,5995.95555555907,7,True,-1,False,False,RestTask,True,True,-1
607,5999.60000000353,1,False,1,True,False,ExtractTask,True,False,2
607,5999.60000000353,10,True,-1,True,True,RestTask,True,False,-1
607,5999.60000000353,11,False,99,True,False,ExtractTask,True,False,1
607,5999.60000000353,3,False,58,True,False,ExtractTask,True,False,3
607,5999.60000000353,5,True,-1,False,False,ParkPodTask,True,True,-1
607,5999.60000000353,4,False,21,True,False,ExtractTask,True,False,3
607,5999.60000000353,12,True,-1,True,True,RestTask,False,False,-1
607,5999.60000000353,13,False,13,True,False,ExtractTask,True,False,4
607,5999.60000000353,14,False,24,True,False,ExtractTask,True,False,4
607,5999.60000000353,7,True,-1,False,False,RestTask,True,True,-1
608,6039.64444444821,1,False,1,True,False,ExtractTask,True,False,2
608,6039.64444444821,10,False,15,True,False,ExtractTask,True,False,2
608,6039.64444444821,11,False,99,True,False,ExtractTask,True,False,1
608,6039.64444444821,3,False,58,True,False,ExtractTask,True,False,3
608,6039.64444444821,5,True,-1,False,False,RestTask,True,True,-1
608,6039.64444444821,4,False,21,True,False,ExtractTask,True,False,3
608,6039.64444444821,12,False,37,True,False,ExtractTask,False,False,3
608,6039.64444444821,13,True,-1,False,False,RestTask,False,True,-1
608,6039.64444444821,14,False,24,True,False,ExtractTask,True,False,4
608,6039.64444444821,7,True,-1,False,False,RestTask,True,True,-1
609,6046.00000000381,1,False,1,True,False,ExtractTask,True,False,2
609,6046.00000000381,10,False,15,True,False,ExtractTask,True,False,2
609,6046.00000000381,11,False,99,True,False,ExtractTask,True,False,1
609,6046.00000000381,3,False,58,True,False,ExtractTask,True,False,3
609,6046.00000000381,5,True,-1,False,False,RestTask,True,True,-1
609,6046.00000000381,4,False,21,True,False,ExtractTask,True,False,3
609,6046.00000000381,12,False,37,True,False,ExtractTask,False,False,3
609,6046.00000000381,13,True,-1,False,False,RestTask,True,True,-1
609,6046.00000000381,14,False,24,True,False,ExtractTask,True,False,4
609,6046.00000000381,7,True,-1,False,False,RestTask,True,True,-1
610,6059.68888889278,1,False,1,True,False,ExtractTask,True,False,2
610,6059.68888889278,10,False,15,True,False,ExtractTask,True,False,2
610,6059.68888889278,11,False,99,True,False,ExtractTask,True,False,1
610,6059.68888889278,3,False,58,True,False,ExtractTask,True,False,3
610,6059.68888889278,5,True,-1,False,False,RestTask,True,True,-1
610,6059.68888889278,4,False,21,True,False,ExtractTask,True,False,3
610,6059.68888889278,12,False,37,True,False,ExtractTask,False,False,3
610,6059.68888889278,13,True,-1,False,False,RestTask,True,True,-1
610,6059.68888889278,14,False,24,True,False,ExtractTask,True,False,4
610,6059.68888889278,7,True,-1,False,False,RestTask,True,True,-1
611,6069.73333333728,1,False,1,True,False,ExtractTask,True,False,2
611,6069.73333333728,10,False,15,True,False,ExtractTask,True,False,2
611,6069.73333333728,11,False,99,True,False,ExtractTask,True,False,1
611,6069.73333333728,3,False,58,True,False,ExtractTask,True,False,3
611,6069.73333333728,5,True,-1,False,False,RestTask,True,True,-1
611,6069.73333333728,4,False,21,True,False,ExtractTask,True,False,3
611,6069.73333333728,12,False,37,True,False,ExtractTask,True,False,3
611,6069.73333333728,13,True,-1,False,False,RestTask,True,True,-1
611,6069.73333333728,14,False,24,True,False,ExtractTask,True,False,3
611,6069.73333333728,7,True,-1,False,False,RestTask,True,True,-1
612,6079.77777778179,1,False,1,True,False,ExtractTask,True,False,2
612,6079.77777778179,10,False,15,True,False,ExtractTask,True,False,2
612,6079.77777778179,11,False,99,True,False,ExtractTask,True,False,1
612,6079.77777778179,3,False,58,True,False,ExtractTask,True,False,3
612,6079.77777778179,5,True,-1,False,False,RestTask,True,True,-1
612,6079.77777778179,4,False,21,True,False,ExtractTask,True,False,3
612,6079.77777778179,12,False,37,True,False,ExtractTask,True,False,3
612,6079.77777778179,13,True,-1,False,False,RestTask,True,True,-1
612,6079.77777778179,14,False,24,True,False,ExtractTask,True,False,3
612,6079.77777778179,7,True,-1,False,False,RestTask,True,True,-1
613,6089.82222222629,1,False,1,True,False,ExtractTask,True,False,2
613,6089.82222222629,10,False,15,True,False,ExtractTask,True,False,2
613,6089.82222222629,11,False,99,True,False,ExtractTask,True,False,1
613,6089.82222222629,3,False,58,True,False,ExtractTask,True,False,3
613,6089.82222222629,5,True,-1,False,False,RestTask,True,True,-1
613,6089.82222222629,4,False,21,True,False,ExtractTask,True,False,3
613,6089.82222222629,12,False,37,True,False,ExtractTask,True,False,3
613,6089.82222222629,13,True,-1,False,False,RestTask,True,True,-1
613,6089.82222222629,14,False,24,True,False,ParkPodTask,False,False,3
613,6089.82222222629,7,True,-1,False,False,RestTask,True,True,-1
614,6099.86666667079,1,False,1,True,False,ExtractTask,True,False,2
614,6099.86666667079,10,False,15,True,False,ExtractTask,True,False,2
614,6099.86666667079,11,False,99,True,False,ExtractTask,True,False,1
614,6099.86666667079,3,False,58,True,False,ExtractTask,True,False,3
614,6099.86666667079,5,True,-1,False,False,RestTask,True,True,-1
614,6099.86666667079,4,False,21,True,False,ParkPodTask,False,False,2
614,6099.86666667079,12,False,37,True,False,ExtractTask,True,False,3
614,6099.86666667079,13,False,23,True,False,ExtractTask,False,False,3
614,6099.86666667079,14,False,24,True,False,ParkPodTask,False,False,3
614,6099.86666667079,7,True,-1,False,False,RestTask,True,True,-1
615,6106.04444444861,1,False,1,True,False,ExtractTask,True,False,2
615,6106.04444444861,10,False,15,True,False,ExtractTask,True,False,2
615,6106.04444444861,11,False,99,True,False,ExtractTask,True,False,1
615,6106.04444444861,3,False,58,True,False,ExtractTask,True,False,3
615,6106.04444444861,5,True,-1,False,False,RestTask,True,True,-1
615,6106.04444444861,4,False,21,True,False,ParkPodTask,False,False,2
615,6106.04444444861,12,False,37,True,False,ExtractTask,False,False,3
615,6106.04444444861,13,False,23,True,False,ExtractTask,False,False,3
615,6106.04444444861,14,True,-1,False,False,RestTask,False,True,-1
615,6106.04444444861,7,True,-1,False,False,RestTask,True,True,-1
616,6116.08888889311,1,False,1,True,False,ExtractTask,True,False,2
616,6116.08888889311,10,False,15,True,False,ExtractTask,True,False,2
616,6116.08888889311,11,False,99,True,False,ExtractTask,True,False,1
616,6116.08888889311,3,False,58,True,False,ExtractTask,True,False,3
616,6116.08888889311,5,True,-1,False,False,RestTask,True,True,-1
616,6116.08888889311,4,True,-1,False,False,ParkPodTask,True,True,-1
616,6116.08888889311,12,False,37,True,False,ExtractTask,True,False,3
616,6116.08888889311,13,False,23,True,False,ExtractTask,False,False,3
616,6116.08888889311,14,True,-1,True,True,RestTask,True,False,-1
616,6116.08888889311,7,True,-1,False,False,RestTask,True,True,-1
617,6119.91111111536,1,False,1,True,False,ExtractTask,True,False,2
617,6119.91111111536,10,False,15,True,False,ExtractTask,True,False,2
617,6119.91111111536,11,False,99,True,False,ExtractTask,True,False,1
617,6119.91111111536,3,False,58,True,False,ExtractTask,True,False,3
617,6119.91111111536,5,True,-1,False,False,RestTask,True,True,-1
617,6119.91111111536,4,True,-1,False,False,RestTask,False,True,-1
617,6119.91111111536,12,False,37,True,False,ExtractTask,True,False,3
617,6119.91111111536,13,False,23,True,False,ExtractTask,True,False,3
617,6119.91111111536,14,True,-1,True,False,ExtractTask,False,False,-1
617,6119.91111111536,7,True,-1,False,False,RestTask,True,True,-1
618,6129.95555555986,1,False,1,True,False,ExtractTask,True,False,2
618,6129.95555555986,10,False,15,True,False,ExtractTask,True,False,2
618,6129.95555555986,11,False,99,True,False,ExtractTask,True,False,1
618,6129.95555555986,3,False,58,True,False,ExtractTask,True,False,3
618,6129.95555555986,5,True,-1,False,False,RestTask,True,True,-1
618,6129.95555555986,4,True,-1,False,False,RestTask,True,True,-1
618,6129.95555555986,12,False,37,True,False,ExtractTask,True,False,3
618,6129.95555555986,13,False,23,True,False,ExtractTask,True,False,3
618,6129.95555555986,14,True,-1,True,False,ExtractTask,False,False,-1
618,6129.95555555986,7,True,-1,False,False,RestTask,True,True,-1
619,6136.13333333767,1,False,1,True,False,ExtractTask,True,False,2
619,6136.13333333767,10,False,15,True,False,ExtractTask,True,False,2
619,6136.13333333767,11,False,99,True,False,ExtractTask,True,False,1
619,6136.13333333767,3,False,58,True,False,ExtractTask,True,False,3
619,6136.13333333767,5,True,-1,False,False,RestTask,True,True,-1
619,6136.13333333767,4,True,-1,False,False,RestTask,True,True,-1
619,6136.13333333767,12,False,37,True,False,ExtractTask,True,False,3
619,6136.13333333767,13,False,23,True,False,ExtractTask,True,False,3
619,6136.13333333767,14,False,73,True,False,ExtractTask,False,False,3
619,6136.13333333767,7,True,-1,False,False,RestTask,True,True,-1
620,6156.17777778224,1,False,1,True,False,ExtractTask,True,False,2
620,6156.17777778224,10,False,15,True,False,ExtractTask,True,False,2
620,6156.17777778224,11,False,99,True,False,ExtractTask,True,False,1
620,6156.17777778224,3,False,58,True,False,ExtractTask,True,False,3
620,6156.17777778224,5,True,-1,False,False,RestTask,True,True,-1
620,6156.17777778224,4,True,-1,False,False,RestTask,True,True,-1
620,6156.17777778224,12,False,37,True,False,ExtractTask,True,False,3
620,6156.17777778224,13,False,23,True,False,ExtractTask,True,False,3
620,6156.17777778224,14,False,73,True,False,ExtractTask,False,False,3
620,6156.17777778224,7,True,-1,False,False,RestTask,True,True,-1
621,6190.00000000466,1,False,1,True,False,ExtractTask,True,False,2
621,6190.00000000466,10,False,15,True,False,ExtractTask,True,False,2
621,6190.00000000466,11,False,99,True,False,ExtractTask,True,False,1
621,6190.00000000466,3,False,58,True,False,ParkPodTask,False,False,2
621,6190.00000000466,5,True,-1,False,False,RestTask,True,True,-1
621,6190.00000000466,4,True,-1,False,False,RestTask,True,True,-1
621,6190.00000000466,12,False,37,True,False,ExtractTask,True,False,3
621,6190.00000000466,13,False,23,True,False,ExtractTask,True,False,3
621,6190.00000000466,14,False,73,True,False,ExtractTask,True,False,3
621,6190.00000000466,7,True,-1,False,False,RestTask,True,True,-1
622,6196.22222222692,1,False,1,True,False,ExtractTask,True,False,2
622,6196.22222222692,10,False,15,True,False,ExtractTask,True,False,2
622,6196.22222222692,11,False,99,True,False,ExtractTask,True,False,1
622,6196.22222222692,3,True,-1,False,False,ParkPodTask,True,True,-1
622,6196.22222222692,5,True,-1,False,False,RestTask,True,True,-1
622,6196.22222222692,4,True,-1,False,False,RestTask,True,True,-1
622,6196.22222222692,12,False,37,True,False,ExtractTask,True,False,3
622,6196.22222222692,13,False,23,True,False,ExtractTask,True,False,3
622,6196.22222222692,14,False,73,True,False,ExtractTask,True,False,3
622,6196.22222222692,7,True,-1,False,False,RestTask,True,True,-1
623,6196.26666667136,1,False,1,True,False,ExtractTask,True,False,2
623,6196.26666667136,10,False,15,True,False,ExtractTask,True,False,2
623,6196.26666667136,11,False,99,True,False,ExtractTask,True,False,1
623,6196.26666667136,3,True,-1,False,False,ParkPodTask,True,True,-1
623,6196.26666667136,5,True,-1,False,False,RestTask,True,True,-1
623,6196.26666667136,4,True,-1,False,False,RestTask,True,True,-1
623,6196.26666667136,12,False,37,True,False,ExtractTask,True,False,3
623,6196.26666667136,13,False,23,True,False,ExtractTask,True,False,3
623,6196.26666667136,14,False,73,True,False,ExtractTask,True,False,3
623,6196.26666667136,7,True,-1,False,False,RestTask,True,True,-1
624,6200.04444444916,1,False,1,True,False,ExtractTask,True,False,2
624,6200.04444444916,10,False,15,True,False,ExtractTask,True,False,2
624,6200.04444444916,11,False,99,True,False,ParkPodTask,False,False,1
624,6200.04444444916,3,True,-1,False,False,RestTask,False,True,-1
624,6200.04444444916,5,True,-1,False,False,RestTask,True,True,-1
624,6200.04444444916,4,True,-1,False,False,RestTask,True,True,-1
624,6200.04444444916,12,False,37,True,False,ExtractTask,True,False,3
624,6200.04444444916,13,False,23,True,False,ExtractTask,True,False,3
624,6200.04444444916,14,False,73,True,False,ExtractTask,True,False,3
624,6200.04444444916,7,True,-1,False,False,RestTask,True,True,-1
625,6200.08888889361,1,False,1,True,False,ExtractTask,True,False,2
625,6200.08888889361,10,False,15,True,False,ExtractTask,True,False,2
625,6200.08888889361,11,False,99,True,False,ParkPodTask,False,False,1
625,6200.08888889361,3,True,-1,True,True,RestTask,False,False,-1
625,6200.08888889361,5,True,-1,False,False,RestTask,True,True,-1
625,6200.08888889361,4,True,-1,False,False,RestTask,True,True,-1
625,6200.08888889361,12,False,37,True,False,ExtractTask,True,False,3
625,6200.08888889361,13,False,23,True,False,ExtractTask,True,False,3
625,6200.08888889361,14,False,73,True,False,ExtractTask,True,False,3
625,6200.08888889361,7,True,-1,False,False,RestTask,True,True,-1
626,6206.26666667142,1,False,1,True,False,ExtractTask,True,False,2
626,6206.26666667142,10,False,15,True,False,ExtractTask,True,False,2
626,6206.26666667142,11,False,99,True,False,ParkPodTask,False,False,1
626,6206.26666667142,3,True,-1,True,True,RestTask,False,False,-1
626,6206.26666667142,5,True,-1,False,False,RestTask,True,True,-1
626,6206.26666667142,4,True,-1,False,False,RestTask,True,True,-1
626,6206.26666667142,12,False,37,True,False,ExtractTask,True,False,3
626,6206.26666667142,13,False,23,True,False,ExtractTask,True,False,3
626,6206.26666667142,14,False,73,True,False,ExtractTask,False,False,3
626,6206.26666667142,7,True,-1,False,False,RestTask,True,True,-1
627,6206.31111111587,1,False,1,True,False,ExtractTask,True,False,2
627,6206.31111111587,10,False,15,True,False,ExtractTask,True,False,2
627,6206.31111111587,11,False,99,True,False,ParkPodTask,False,False,1
627,6206.31111111587,3,True,-1,True,True,RestTask,False,False,-1
627,6206.31111111587,5,True,-1,False,False,RestTask,True,True,-1
627,6206.31111111587,4,True,-1,False,False,RestTask,True,True,-1
627,6206.31111111587,12,False,37,True,False,ExtractTask,True,False,3
627,6206.31111111587,13,False,23,True,False,ExtractTask,True,False,3
627,6206.31111111587,14,False,73,True,False,ExtractTask,False,False,3
627,6206.31111111587,7,True,-1,False,False,RestTask,True,True,-1
628,6220.08888889373,1,False,1,True,False,ExtractTask,True,False,2
628,6220.08888889373,10,False,15,True,False,ExtractTask,True,False,2
628,6220.08888889373,11,True,-1,False,False,RestTask,False,True,-1
628,6220.08888889373,3,True,-1,True,False,ExtractTask,False,False,-1
628,6220.08888889373,5,True,-1,False,False,RestTask,True,True,-1
628,6220.08888889373,4,True,-1,False,False,RestTask,True,True,-1
628,6220.08888889373,12,False,37,True,False,ExtractTask,True,False,3
628,6220.08888889373,13,False,23,True,False,ExtractTask,True,False,3
628,6220.08888889373,14,False,73,True,False,ExtractTask,True,False,3
628,6220.08888889373,7,True,-1,False,False,RestTask,True,True,-1
629,6220.13333333817,1,False,1,True,False,ExtractTask,True,False,2
629,6220.13333333817,10,False,15,True,False,ExtractTask,True,False,2
629,6220.13333333817,11,True,-1,False,False,RestTask,False,True,-1
629,6220.13333333817,3,True,-1,True,False,ExtractTask,False,False,-1
629,6220.13333333817,5,True,-1,False,False,RestTask,True,True,-1
629,6220.13333333817,4,True,-1,False,False,RestTask,True,True,-1
629,6220.13333333817,12,False,37,True,False,ExtractTask,True,False,3
629,6220.13333333817,13,False,23,True,False,ExtractTask,True,False,3
629,6220.13333333817,14,False,73,True,False,ExtractTask,True,False,3
629,6220.13333333817,7,True,-1,False,False,RestTask,True,True,-1
630,6240.13333333829,1,True,-1,False,False,RestTask,False,True,-1
630,6240.13333333829,10,False,15,True,False,ExtractTask,True,False,2
630,6240.13333333829,11,True,-1,False,False,RestTask,True,True,-1
630,6240.13333333829,3,False,65,True,False,ExtractTask,False,False,2
630,6240.13333333829,5,True,-1,False,False,RestTask,True,True,-1
630,6240.13333333829,4,True,-1,False,False,RestTask,True,True,-1
630,6240.13333333829,12,False,37,True,False,ExtractTask,True,False,3
630,6240.13333333829,13,False,23,True,False,ExtractTask,True,False,3
630,6240.13333333829,14,False,73,True,False,ExtractTask,True,False,3
630,6240.13333333829,7,True,-1,False,False,RestTask,True,True,-1
631,6270.17777778291,1,True,-1,False,False,RestTask,True,True,-1
631,6270.17777778291,10,False,15,True,False,ExtractTask,True,False,2
631,6270.17777778291,11,True,-1,False,False,RestTask,True,True,-1
631,6270.17777778291,3,False,65,True,False,ExtractTask,True,False,2
631,6270.17777778291,5,True,-1,False,False,RestTask,True,True,-1
631,6270.17777778291,4,True,-1,False,False,RestTask,True,True,-1
631,6270.17777778291,12,False,37,True,False,ExtractTask,True,False,3
631,6270.17777778291,13,False,23,True,False,ExtractTask,True,False,3
631,6270.17777778291,14,False,73,True,False,ExtractTask,True,False,3
631,6270.17777778291,7,False,69,True,False,ExtractTask,True,False,3
632,6290.22222222747,1,True,-1,False,False,RestTask,True,True,-1
632,6290.22222222747,10,False,15,True,False,ParkPodTask,False,False,2
632,6290.22222222747,11,True,-1,False,False,RestTask,True,True,-1
632,6290.22222222747,3,False,65,True,False,ExtractTask,True,False,2
632,6290.22222222747,5,True,-1,False,False,RestTask,True,True,-1
632,6290.22222222747,4,True,-1,False,False,RestTask,True,True,-1
632,6290.22222222747,12,False,37,True,False,ExtractTask,True,False,3
632,6290.22222222747,13,False,23,True,False,ExtractTask,True,False,3
632,6290.22222222747,14,False,73,True,False,ExtractTask,True,False,3
632,6290.22222222747,7,False,69,True,False,ExtractTask,True,False,3
633,6296.3111111164,1,True,-1,False,False,RestTask,True,True,-1
633,6296.3111111164,10,False,15,True,False,ParkPodTask,False,False,2
633,6296.3111111164,11,True,-1,False,False,RestTask,True,True,-1
633,6296.3111111164,3,False,65,True,False,ExtractTask,True,False,2
633,6296.3111111164,5,True,-1,False,False,RestTask,True,True,-1
633,6296.3111111164,4,True,-1,False,False,RestTask,True,True,-1
633,6296.3111111164,12,False,37,True,False,ExtractTask,True,False,3
633,6296.3111111164,13,False,23,True,False,ExtractTask,True,False,3
633,6296.3111111164,14,False,73,True,False,ExtractTask,True,False,3
633,6296.3111111164,7,False,69,True,False,ExtractTask,True,False,3
634,6306.3555555609,1,True,-1,False,False,RestTask,True,True,-1
634,6306.3555555609,10,False,15,True,False,ParkPodTask,False,False,2
634,6306.3555555609,11,True,-1,False,False,RestTask,True,True,-1
634,6306.3555555609,3,False,65,True,False,ExtractTask,True,False,2
634,6306.3555555609,5,True,-1,False,False,RestTask,True,True,-1
634,6306.3555555609,4,True,-1,False,False,RestTask,True,True,-1
634,6306.3555555609,12,False,37,True,False,ExtractTask,True,False,3
634,6306.3555555609,13,False,23,True,False,ExtractTask,True,False,2
634,6306.3555555609,14,False,73,True,False,ExtractTask,True,False,3
634,6306.3555555609,7,False,69,True,False,ExtractTask,True,False,3
635,6316.40000000541,1,True,-1,False,False,RestTask,True,True,-1
635,6316.40000000541,10,True,-1,False,False,RestTask,False,True,-1
635,6316.40000000541,11,True,-1,False,False,RestTask,True,True,-1
635,6316.40000000541,3,False,65,True,False,ExtractTask,False,False,2
635,6316.40000000541,5,True,-1,False,False,RestTask,True,True,-1
635,6316.40000000541,4,True,-1,False,False,RestTask,True,True,-1
635,6316.40000000541,12,False,37,True,False,ExtractTask,True,False,2
635,6316.40000000541,13,False,23,True,False,ParkPodTask,False,False,2
635,6316.40000000541,14,False,73,True,False,ExtractTask,True,False,3
635,6316.40000000541,7,False,69,True,False,ExtractTask,True,False,3
636,6330.26666667216,1,True,-1,False,False,RestTask,True,True,-1
636,6330.26666667216,10,True,-1,True,False,ExtractTask,False,False,-1
636,6330.26666667216,11,True,-1,False,False,RestTask,True,True,-1
636,6330.26666667216,3,False,65,True,False,ExtractTask,True,False,2
636,6330.26666667216,5,True,-1,False,False,RestTask,True,True,-1
636,6330.26666667216,4,True,-1,False,False,RestTask,True,True,-1
636,6330.26666667216,12,False,37,True,False,ExtractTask,True,False,2
636,6330.26666667216,13,False,23,True,False,ParkPodTask,False,False,2
636,6330.26666667216,14,False,73,True,False,ExtractTask,True,False,3
636,6330.26666667216,7,False,69,True,False,ExtractTask,True,False,3
637,6336.44444444997,1,True,-1,False,False,RestTask,True,True,-1
637,6336.44444444997,10,False,7,True,False,ExtractTask,False,False,2
637,6336.44444444997,11,True,-1,True,False,ExtractTask,False,False,-1
637,6336.44444444997,3,False,65,True,False,ExtractTask,True,False,2
637,6336.44444444997,5,True,-1,False,False,RestTask,True,True,-1
637,6336.44444444997,4,True,-1,False,False,RestTask,True,True,-1
637,6336.44444444997,12,False,37,True,False,ExtractTask,True,False,2
637,6336.44444444997,13,True,-1,False,False,RestTask,False,True,-1
637,6336.44444444997,14,False,73,True,False,ExtractTask,True,False,3
637,6336.44444444997,7,False,69,True,False,ExtractTask,True,False,3
638,6350.31111111672,1,True,-1,False,False,RestTask,True,True,-1
638,6350.31111111672,10,False,7,True,False,ExtractTask,False,False,2
638,6350.31111111672,11,False,39,True,False,ExtractTask,False,False,2
638,6350.31111111672,3,False,65,True,False,ExtractTask,True,False,2
638,6350.31111111672,5,True,-1,False,False,RestTask,True,True,-1
638,6350.31111111672,4,True,-1,False,False,RestTask,True,True,-1
638,6350.31111111672,12,False,37,True,False,ExtractTask,True,False,2
638,6350.31111111672,13,True,-1,False,False,RestTask,True,True,-1
638,6350.31111111672,14,False,73,True,False,ExtractTask,True,False,3
638,6350.31111111672,7,False,69,True,False,ExtractTask,True,False,3
639,6356.48888889453,1,True,-1,False,False,RestTask,True,True,-1
639,6356.48888889453,10,False,7,True,False,ExtractTask,True,False,2
639,6356.48888889453,11,False,39,True,False,ExtractTask,False,False,2
639,6356.48888889453,3,False,65,True,False,ExtractTask,True,False,2
639,6356.48888889453,5,True,-1,False,False,RestTask,True,True,-1
639,6356.48888889453,4,True,-1,False,False,RestTask,True,True,-1
639,6356.48888889453,12,False,37,True,False,ExtractTask,True,False,2
639,6356.48888889453,13,True,-1,False,False,RestTask,True,True,-1
639,6356.48888889453,14,False,73,True,False,ExtractTask,True,False,3
639,6356.48888889453,7,False,69,True,False,ExtractTask,True,False,3
640,6360.35555556122,1,True,-1,False,False,RestTask,True,True,-1
640,6360.35555556122,10,False,7,True,False,ExtractTask,True,False,2
640,6360.35555556122,11,False,39,True,False,ExtractTask,False,False,2
640,6360.35555556122,3,False,65,True,False,ExtractTask,True,False,2
640,6360.35555556122,5,True,-1,False,False,RestTask,True,True,-1
640,6360.35555556122,4,True,-1,False,False,RestTask,True,True,-1
640,6360.35555556122,12,False,37,True,False,ExtractTask,True,False,2
640,6360.35555556122,13,True,-1,False,False,RestTask,True,True,-1
640,6360.35555556122,14,False,73,True,False,ExtractTask,True,False,3
640,6360.35555556122,7,False,69,True,False,ExtractTask,True,False,3
641,6386.53333333915,1,True,-1,False,False,RestTask,True,True,-1
641,6386.53333333915,10,False,7,True,False,ExtractTask,True,False,2
641,6386.53333333915,11,False,39,True,False,ExtractTask,True,False,2
641,6386.53333333915,3,True,-1,False,False,RestTask,False,True,-1
641,6386.53333333915,5,True,-1,False,False,RestTask,True,True,-1
641,6386.53333333915,4,True,-1,False,False,RestTask,True,True,-1
641,6386.53333333915,12,False,37,True,False,ExtractTask,True,False,1
641,6386.53333333915,13,True,-1,False,False,RestTask,True,True,-1
641,6386.53333333915,14,False,73,True,False,ExtractTask,True,False,3
641,6386.53333333915,7,False,69,True,False,ExtractTask,True,False,3
642,6390.40000000584,1,True,-1,False,False,RestTask,True,True,-1
642,6390.40000000584,10,False,7,True,False,ExtractTask,True,False,2
642,6390.40000000584,11,False,39,True,False,ExtractTask,True,False,2
642,6390.40000000584,3,True,-1,False,False,RestTask,False,True,-1
642,6390.40000000584,5,True,-1,False,False,RestTask,True,True,-1
642,6390.40000000584,4,True,-1,False,False,RestTask,True,True,-1
642,6390.40000000584,12,False,37,True,False,ExtractTask,True,False,1
642,6390.40000000584,13,True,-1,False,False,RestTask,True,True,-1
642,6390.40000000584,14,False,73,True,False,ExtractTask,True,False,3
642,6390.40000000584,7,False,69,True,False,ExtractTask,True,False,3
643,6396.57777778366,1,True,-1,False,False,RestTask,True,True,-1
643,6396.57777778366,10,False,7,True,False,ExtractTask,True,False,2
643,6396.57777778366,11,False,39,True,False,ExtractTask,True,False,2
643,6396.57777778366,3,True,-1,False,False,RestTask,True,True,-1
643,6396.57777778366,5,True,-1,False,False,RestTask,True,True,-1
643,6396.57777778366,4,True,-1,False,False,RestTask,True,True,-1
643,6396.57777778366,12,False,37,True,False,ExtractTask,True,False,1
643,6396.57777778366,13,True,-1,False,False,RestTask,True,True,-1
643,6396.57777778366,14,False,73,True,False,ExtractTask,True,False,3
643,6396.57777778366,7,False,69,True,False,ExtractTask,True,False,2
644,6400.44444445035,1,True,-1,True,True,RestTask,True,False,-1
644,6400.44444445035,10,False,7,True,False,ExtractTask,True,False,2
644,6400.44444445035,11,False,39,True,False,ExtractTask,True,False,2
644,6400.44444445035,3,True,-1,False,False,RestTask,True,True,-1
644,6400.44444445035,5,True,-1,False,False,RestTask,True,True,-1
644,6400.44444445035,4,True,-1,False,False,RestTask,True,True,-1
644,6400.44444445035,12,False,37,True,False,ParkPodTask,False,False,1
644,6400.44444445035,13,True,-1,False,False,RestTask,True,True,-1
644,6400.44444445035,14,False,73,True,False,ExtractTask,True,False,3
644,6400.44444445035,7,False,69,True,False,ExtractTask,True,False,2
645,6406.62222222816,1,True,-1,True,False,ExtractTask,False,False,-1
645,6406.62222222816,10,False,7,True,False,ExtractTask,True,False,2
645,6406.62222222816,11,False,39,True,False,ExtractTask,True,False,2
645,6406.62222222816,3,True,-1,False,False,RestTask,True,True,-1
645,6406.62222222816,5,True,-1,False,False,RestTask,True,True,-1
645,6406.62222222816,4,True,-1,False,False,RestTask,True,True,-1
645,6406.62222222816,12,False,37,True,False,ParkPodTask,False,False,1
645,6406.62222222816,13,True,-1,False,False,RestTask,True,True,-1
645,6406.62222222816,14,False,73,True,False,ExtractTask,True,False,3
645,6406.62222222816,7,False,69,True,False,ExtractTask,True,False,2
646,6410.48888889485,1,False,98,True,False,ExtractTask,False,False,3
646,6410.48888889485,10,False,7,True,False,ExtractTask,True,False,2
646,6410.48888889485,11,False,39,True,False,ExtractTask,True,False,2
646,6410.48888889485,3,True,-1,False,False,RestTask,True,True,-1
646,6410.48888889485,5,True,-1,False,False,RestTask,True,True,-1
646,6410.48888889485,4,True,-1,False,False,RestTask,True,True,-1
646,6410.48888889485,12,True,-1,False,False,ParkPodTask,True,True,-1
646,6410.48888889485,13,True,-1,False,False,RestTask,True,True,-1
646,6410.48888889485,14,False,73,True,False,ExtractTask,True,False,3
646,6410.48888889485,7,False,69,True,False,ExtractTask,True,False,2
647,6416.66666667267,1,False,98,True,False,ExtractTask,False,False,3
647,6416.66666667267,10,False,7,True,False,ExtractTask,True,False,2
647,6416.66666667267,11,False,39,True,False,ExtractTask,True,False,2
647,6416.66666667267,3,True,-1,False,False,RestTask,True,True,-1
647,6416.66666667267,5,True,-1,False,False,RestTask,True,True,-1
647,6416.66666667267,4,True,-1,False,False,RestTask,True,True,-1
647,6416.66666667267,12,True,-1,True,False,ExtractTask,False,False,-1
647,6416.66666667267,13,True,-1,False,False,RestTask,True,True,-1
647,6416.66666667267,14,False,73,True,False,ExtractTask,True,False,3
647,6416.66666667267,7,False,69,True,False,ExtractTask,True,False,2
648,6436.71111111723,1,False,98,True,False,ExtractTask,True,False,3
648,6436.71111111723,10,False,7,True,False,ExtractTask,True,False,2
648,6436.71111111723,11,False,39,True,False,ExtractTask,True,False,2
648,6436.71111111723,3,True,-1,False,False,RestTask,True,True,-1
648,6436.71111111723,5,True,-1,False,False,RestTask,True,True,-1
648,6436.71111111723,4,True,-1,False,False,RestTask,True,True,-1
648,6436.71111111723,12,False,80,True,False,ExtractTask,False,False,4
648,6436.71111111723,13,True,-1,False,False,RestTask,True,True,-1
648,6436.71111111723,14,False,73,True,False,ExtractTask,True,False,3
648,6436.71111111723,7,False,69,True,False,ExtractTask,True,False,2
649,6440.53333333947,1,False,98,True,False,ExtractTask,True,False,3
649,6440.53333333947,10,False,7,True,False,ExtractTask,True,False,2
649,6440.53333333947,11,False,39,True,False,ExtractTask,True,False,2
649,6440.53333333947,3,True,-1,True,False,ExtractTask,False,False,-1
649,6440.53333333947,5,True,-1,False,False,RestTask,True,True,-1
649,6440.53333333947,4,True,-1,False,False,RestTask,True,True,-1
649,6440.53333333947,12,False,80,True,False,ExtractTask,False,False,4
649,6440.53333333947,13,True,-1,False,False,RestTask,True,True,-1
649,6440.53333333947,14,False,73,True,False,ExtractTask,True,False,3
649,6440.53333333947,7,False,69,True,False,ExtractTask,True,False,2
650,6446.75555556173,1,False,98,True,False,ExtractTask,True,False,3
650,6446.75555556173,10,False,7,True,False,ExtractTask,True,False,2
650,6446.75555556173,11,False,39,True,False,ExtractTask,True,False,2
650,6446.75555556173,3,False,26,True,False,ExtractTask,False,False,4
650,6446.75555556173,5,True,-1,False,False,RestTask,True,True,-1
650,6446.75555556173,4,True,-1,False,False,RestTask,True,True,-1
650,6446.75555556173,12,False,80,True,False,ExtractTask,True,False,4
650,6446.75555556173,13,False,0,True,False,ExtractTask,True,False,3
650,6446.75555556173,14,False,73,True,False,ExtractTask,True,False,3
650,6446.75555556173,7,False,69,True,False,ExtractTask,True,False,2
651,6470.5777777841,1,False,98,True,False,ExtractTask,True,False,3
651,6470.5777777841,10,False,7,True,False,ExtractTask,True,False,2
651,6470.5777777841,11,False,39,True,False,ExtractTask,True,False,2
651,6470.5777777841,3,False,26,True,False,ExtractTask,False,False,4
651,6470.5777777841,5,True,-1,False,False,RestTask,True,True,-1
651,6470.5777777841,4,True,-1,False,False,RestTask,True,True,-1
651,6470.5777777841,12,False,80,True,False,ExtractTask,True,False,4
651,6470.5777777841,13,False,0,True,False,ExtractTask,True,False,3
651,6470.5777777841,14,False,73,True,False,ExtractTask,True,False,2
651,6470.5777777841,7,False,69,True,False,ExtractTask,True,False,2
652,6476.80000000635,1,False,98,True,False,ExtractTask,True,False,3
652,6476.80000000635,10,False,7,True,False,ExtractTask,True,False,2
652,6476.80000000635,11,False,39,True,False,ExtractTask,True,False,2
652,6476.80000000635,3,False,26,True,False,ExtractTask,True,False,4
652,6476.80000000635,5,True,-1,False,False,RestTask,True,True,-1
652,6476.80000000635,4,True,-1,False,False,RestTask,True,True,-1
652,6476.80000000635,12,False,80,True,False,ExtractTask,True,False,4
652,6476.80000000635,13,False,0,True,False,ExtractTask,True,False,3
652,6476.80000000635,14,False,73,True,False,ExtractTask,True,False,2
652,6476.80000000635,7,False,69,True,False,ExtractTask,True,False,2
653,6486.84444445086,1,False,98,True,False,ExtractTask,True,False,3
653,6486.84444445086,10,False,7,True,False,ExtractTask,True,False,2
653,6486.84444445086,11,False,39,True,False,ExtractTask,False,False,2
653,6486.84444445086,3,False,26,True,False,ExtractTask,True,False,4
653,6486.84444445086,5,True,-1,True,False,ExtractTask,False,False,-1
653,6486.84444445086,4,True,-1,False,False,RestTask,True,True,-1
653,6486.84444445086,12,False,80,True,False,ExtractTask,True,False,4
653,6486.84444445086,13,False,0,True,False,ExtractTask,True,False,3
653,6486.84444445086,14,False,73,True,False,ExtractTask,True,False,2
653,6486.84444445086,7,False,69,True,False,ParkPodTask,False,False,1
654,6500.62222222872,1,False,98,True,False,ExtractTask,True,False,3
654,6500.62222222872,10,False,7,True,False,ExtractTask,True,False,2
654,6500.62222222872,11,False,39,True,False,ExtractTask,True,False,2
654,6500.62222222872,3,False,26,True,False,ExtractTask,True,False,4
654,6500.62222222872,5,False,83,True,False,ExtractTask,False,False,3
654,6500.62222222872,4,False,94,True,False,ExtractTask,False,False,4
654,6500.62222222872,12,False,80,True,False,ExtractTask,True,False,4
654,6500.62222222872,13,False,0,True,False,ExtractTask,True,False,3
654,6500.62222222872,14,False,73,True,False,ParkPodTask,False,False,1
654,6500.62222222872,7,True,-1,False,False,RestTask,False,True,-1
655,6516.88888889548,1,False,98,True,False,ExtractTask,True,False,3
655,6516.88888889548,10,False,7,True,False,ExtractTask,True,False,2
655,6516.88888889548,11,False,39,True,False,ExtractTask,True,False,2
655,6516.88888889548,3,False,26,True,False,ExtractTask,True,False,4
655,6516.88888889548,5,False,83,True,False,ExtractTask,True,False,3
655,6516.88888889548,4,False,94,True,False,ExtractTask,False,False,4
655,6516.88888889548,12,False,80,True,False,ExtractTask,True,False,4
655,6516.88888889548,13,False,0,True,False,ExtractTask,True,False,3
655,6516.88888889548,14,True,-1,False,False,RestTask,False,True,-1
655,6516.88888889548,7,True,-1,True,False,ExtractTask,False,False,-1
656,6530.66666667334,1,False,98,True,False,ExtractTask,True,False,3
656,6530.66666667334,10,False,7,True,False,ExtractTask,True,False,1
656,6530.66666667334,11,False,39,True,False,ExtractTask,True,False,2
656,6530.66666667334,3,False,26,True,False,ExtractTask,True,False,4
656,6530.66666667334,5,False,83,True,False,ExtractTask,True,False,3
656,6530.66666667334,4,False,94,True,False,ExtractTask,True,False,4
656,6530.66666667334,12,False,80,True,False,ExtractTask,True,False,4
656,6530.66666667334,13,False,0,True,False,ExtractTask,True,False,3
656,6530.66666667334,14,True,-1,True,False,ExtractTask,False,False,-1
656,6530.66666667334,7,False,8,True,False,ExtractTask,False,False,2
657,6550.7111111179,1,False,98,True,False,ExtractTask,True,False,3
657,6550.7111111179,10,False,7,True,False,ExtractTask,True,False,1
657,6550.7111111179,11,False,39,True,False,ExtractTask,True,False,2
657,6550.7111111179,3,False,26,True,False,ExtractTask,True,False,4
657,6550.7111111179,5,False,83,True,False,ExtractTask,True,False,3
657,6550.7111111179,4,False,94,True,False,ExtractTask,True,False,4
657,6550.7111111179,12,False,80,True,False,ExtractTask,True,False,4
657,6550.7111111179,13,False,0,True,False,ExtractTask,True,False,3
657,6550.7111111179,14,False,42,True,False,ExtractTask,False,False,1
657,6550.7111111179,7,False,8,True,False,ExtractTask,True,False,2
658,6596.9333333404,1,False,98,True,False,ParkPodTask,False,False,3
658,6596.9333333404,10,True,-1,False,False,RestTask,False,True,-1
658,6596.9333333404,11,False,39,True,False,ExtractTask,True,False,1
658,6596.9333333404,3,False,26,True,False,ExtractTask,True,False,4
658,6596.9333333404,5,False,83,True,False,ExtractTask,True,False,3
658,6596.9333333404,4,False,94,True,False,ExtractTask,False,False,4
658,6596.9333333404,12,False,80,True,False,ExtractTask,True,False,4
658,6596.9333333404,13,False,0,True,False,ExtractTask,True,False,3
658,6596.9333333404,14,False,42,True,False,ExtractTask,True,False,1
658,6596.9333333404,7,False,8,True,False,ExtractTask,True,False,2
659,6600.75555556264,1,True,-1,False,False,ParkPodTask,True,True,-1
659,6600.75555556264,10,True,-1,False,False,RestTask,True,True,-1
659,6600.75555556264,11,False,39,True,False,ExtractTask,True,False,1
659,6600.75555556264,3,False,26,True,False,ExtractTask,True,False,4
659,6600.75555556264,5,False,83,True,False,ExtractTask,True,False,3
659,6600.75555556264,4,False,94,True,False,ExtractTask,True,False,4
659,6600.75555556264,12,False,80,True,False,ExtractTask,True,False,4
659,6600.75555556264,13,False,0,True,False,ExtractTask,True,False,3
659,6600.75555556264,14,False,42,True,False,ExtractTask,True,False,1
659,6600.75555556264,7,False,8,True,False,ExtractTask,True,False,2
660,6610.80000000715,1,True,-1,False,False,RestTask,True,True,-1
660,6610.80000000715,10,True,-1,False,False,RestTask,True,True,-1
660,6610.80000000715,11,False,39,True,False,ExtractTask,True,False,1
660,6610.80000000715,3,False,26,True,False,ExtractTask,True,False,4
660,6610.80000000715,5,False,83,True,False,ExtractTask,True,False,3
660,6610.80000000715,4,False,94,True,False,ExtractTask,True,False,4
660,6610.80000000715,12,False,80,True,False,ExtractTask,True,False,4
660,6610.80000000715,13,False,0,True,False,ExtractTask,True,False,3
660,6610.80000000715,14,False,42,True,False,ExtractTask,True,False,1
660,6610.80000000715,7,False,8,True,False,ExtractTask,True,False,2
661,6616.97777778496,1,True,-1,False,False,RestTask,True,True,-1
661,6616.97777778496,10,True,-1,False,False,RestTask,True,True,-1
661,6616.97777778496,11,False,39,True,False,ParkPodTask,False,False,0
661,6616.97777778496,3,False,26,True,False,ExtractTask,True,False,4
661,6616.97777778496,5,False,83,True,False,ExtractTask,True,False,3
661,6616.97777778496,4,False,94,True,False,ExtractTask,True,False,4
661,6616.97777778496,12,False,80,True,False,ExtractTask,False,False,4
661,6616.97777778496,13,False,0,True,False,ExtractTask,True,False,3
661,6616.97777778496,14,False,42,True,False,ExtractTask,True,False,1
661,6616.97777778496,7,False,8,True,False,ExtractTask,True,False,2
662,6620.84444445165,1,True,-1,False,False,RestTask,True,True,-1
662,6620.84444445165,10,True,-1,True,False,ExtractTask,False,False,-1
662,6620.84444445165,11,False,39,True,False,ParkPodTask,False,False,0
662,6620.84444445165,3,False,26,True,False,ExtractTask,True,False,4
662,6620.84444445165,5,False,83,True,False,ExtractTask,True,False,3
662,6620.84444445165,4,False,94,True,False,ExtractTask,True,False,4
662,6620.84444445165,12,False,80,True,False,ExtractTask,True,False,4
662,6620.84444445165,13,False,0,True,False,ExtractTask,False,False,3
662,6620.84444445165,14,False,42,True,False,ExtractTask,True,False,1
662,6620.84444445165,7,False,8,True,False,ExtractTask,True,False,2
663,6630.88888889615,1,True,-1,False,False,RestTask,True,True,-1
663,6630.88888889615,10,False,1,True,False,ExtractTask,False,False,2
663,6630.88888889615,11,True,-1,False,False,RestTask,False,True,-1
663,6630.88888889615,3,False,26,True,False,ExtractTask,True,False,4
663,6630.88888889615,5,False,83,True,False,ExtractTask,True,False,3
663,6630.88888889615,4,False,94,True,False,ExtractTask,True,False,4
663,6630.88888889615,12,False,80,True,False,ExtractTask,True,False,4
663,6630.88888889615,13,False,0,True,False,ExtractTask,True,False,3
663,6630.88888889615,14,False,42,True,False,ExtractTask,True,False,1
663,6630.88888889615,7,False,8,True,False,ExtractTask,True,False,2
664,6637.02222222952,1,True,-1,False,False,RestTask,True,True,-1
664,6637.02222222952,10,False,1,True,False,ExtractTask,False,False,2
664,6637.02222222952,11,True,-1,False,False,RestTask,True,True,-1
664,6637.02222222952,3,False,26,True,False,ExtractTask,True,False,4
664,6637.02222222952,5,False,83,True,False,ExtractTask,True,False,3
664,6637.02222222952,4,False,94,True,False,ExtractTask,True,False,4
664,6637.02222222952,12,False,80,True,False,ExtractTask,True,False,4
664,6637.02222222952,13,False,0,True,False,ExtractTask,True,False,3
664,6637.02222222952,14,False,42,True,False,ExtractTask,True,False,1
664,6637.02222222952,7,False,8,True,False,ExtractTask,True,False,2
665,6670.93333334084,1,True,-1,False,False,RestTask,True,True,-1
665,6670.93333334084,10,False,1,True,False,ExtractTask,True,False,2
665,6670.93333334084,11,True,-1,False,False,RestTask,True,True,-1
665,6670.93333334084,3,False,26,True,False,ExtractTask,True,False,4
665,6670.93333334084,5,False,83,True,False,ExtractTask,True,False,3
665,6670.93333334084,4,False,94,True,False,ExtractTask,True,False,4
665,6670.93333334084,12,False,80,True,False,ParkPodTask,False,False,3
665,6670.93333334084,13,False,0,True,False,ExtractTask,True,False,3
665,6670.93333334084,14,False,42,True,False,ExtractTask,True,False,1
665,6670.93333334084,7,False,8,True,False,ExtractTask,True,False,2
666,6690.9777777854,1,True,-1,False,False,RestTask,True,True,-1
666,6690.9777777854,10,False,1,True,False,ExtractTask,True,False,2
666,6690.9777777854,11,True,-1,False,False,RestTask,True,True,-1
666,6690.9777777854,3,False,26,True,False,ParkPodTask,False,False,3
666,6690.9777777854,5,False,83,True,False,ExtractTask,True,False,3
666,6690.9777777854,4,False,94,True,False,ExtractTask,True,False,4
666,6690.9777777854,12,True,-1,False,False,RestTask,True,True,-1
666,6690.9777777854,13,False,0,True,False,ExtractTask,True,False,3
666,6690.9777777854,14,False,42,True,False,ExtractTask,True,False,1
666,6690.9777777854,7,False,8,True,False,ExtractTask,True,False,2
667,6707.06666667438,1,True,-1,False,False,RestTask,True,True,-1
667,6707.06666667438,10,False,1,True,False,ExtractTask,True,False,2
667,6707.06666667438,11,True,-1,False,False,RestTask,True,True,-1
667,6707.06666667438,3,True,-1,False,False,RestTask,False,True,-1
667,6707.06666667438,5,False,83,True,False,ExtractTask,True,False,3
667,6707.06666667438,4,False,94,True,False,ExtractTask,True,False,4
667,6707.06666667438,12,True,-1,False,False,RestTask,True,True,-1
667,6707.06666667438,13,False,0,True,False,ExtractTask,True,False,3
667,6707.06666667438,14,False,42,True,False,ExtractTask,True,False,1
667,6707.06666667438,7,False,8,True,False,ExtractTask,True,False,2
668,6711.02222222996,1,True,-1,False,False,RestTask,True,True,-1
668,6711.02222222996,10,False,1,True,False,ExtractTask,True,False,2
668,6711.02222222996,11,False,69,True,False,ExtractTask,True,False,2
668,6711.02222222996,3,True,-1,False,False,RestTask,True,True,-1
668,6711.02222222996,5,False,83,True,False,ExtractTask,True,False,3
668,6711.02222222996,4,False,94,True,False,ExtractTask,True,False,4
668,6711.02222222996,12,True,-1,False,False,RestTask,True,True,-1
668,6711.02222222996,13,False,0,True,False,ExtractTask,True,False,3
668,6711.02222222996,14,False,42,True,False,ExtractTask,True,False,1
668,6711.02222222996,7,False,8,True,False,ExtractTask,True,False,2
669,6731.06666667452,1,True,-1,False,False,RestTask,True,True,-1
669,6731.06666667452,10,False,1,True,False,ExtractTask,True,False,2
669,6731.06666667452,11,False,69,True,False,ExtractTask,False,False,2
669,6731.06666667452,3,True,-1,False,False,RestTask,True,True,-1
669,6731.06666667452,5,False,83,True,False,ExtractTask,True,False,3
669,6731.06666667452,4,False,94,True,False,ExtractTask,True,False,4
669,6731.06666667452,12,True,-1,False,False,RestTask,True,True,-1
669,6731.06666667452,13,False,0,True,False,ExtractTask,True,False,3
669,6731.06666667452,14,False,42,True,False,ExtractTask,True,False,1
669,6731.06666667452,7,False,8,True,False,ExtractTask,True,False,2
670,6757.11111111912,1,True,-1,False,False,RestTask,True,True,-1
670,6757.11111111912,10,False,1,True,False,ExtractTask,True,False,2
670,6757.11111111912,11,False,69,True,False,ExtractTask,True,False,2
670,6757.11111111912,3,True,-1,False,False,RestTask,True,True,-1
670,6757.11111111912,5,True,-1,False,False,RestTask,False,True,-1
670,6757.11111111912,4,False,94,True,False,ExtractTask,True,False,4
670,6757.11111111912,12,True,-1,False,False,RestTask,True,True,-1
670,6757.11111111912,13,False,0,True,False,ExtractTask,True,False,3
670,6757.11111111912,14,False,42,True,False,ExtractTask,True,False,1
670,6757.11111111912,7,False,8,True,False,ExtractTask,True,False,2
671,6771.11111111921,1,True,-1,False,False,RestTask,True,True,-1
671,6771.11111111921,10,False,1,True,False,ExtractTask,True,False,2
671,6771.11111111921,11,False,69,True,False,ExtractTask,True,False,2
671,6771.11111111921,3,True,-1,False,False,RestTask,True,True,-1
671,6771.11111111921,5,True,-1,False,False,RestTask,True,True,-1
671,6771.11111111921,4,False,94,True,False,ExtractTask,True,False,4
671,6771.11111111921,12,True,-1,False,False,RestTask,True,True,-1
671,6771.11111111921,13,False,0,True,False,ParkPodTask,False,False,2
671,6771.11111111921,14,False,42,True,False,ExtractTask,True,False,1
671,6771.11111111921,7,False,8,True,False,ExtractTask,True,False,2
672,6781.15555556371,1,True,-1,False,False,RestTask,True,True,-1
672,6781.15555556371,10,False,1,True,False,ExtractTask,True,False,2
672,6781.15555556371,11,False,69,True,False,ExtractTask,True,False,2
672,6781.15555556371,3,True,-1,False,False,RestTask,True,True,-1
672,6781.15555556371,5,True,-1,True,False,ExtractTask,False,False,-1
672,6781.15555556371,4,False,94,True,False,ExtractTask,True,False,4
672,6781.15555556371,12,True,-1,False,False,RestTask,True,True,-1
672,6781.15555556371,13,True,-1,False,False,RestTask,False,True,-1
672,6781.15555556371,14,False,42,True,False,ExtractTask,True,False,1
672,6781.15555556371,7,False,8,True,False,ExtractTask,True,False,2
673,6797.1555555638,1,True,-1,False,False,RestTask,True,True,-1
673,6797.1555555638,10,False,1,True,False,ExtractTask,True,False,2
673,6797.1555555638,11,False,69,True,False,ExtractTask,True,False,2
673,6797.1555555638,3,False,45,True,False,ExtractTask,False,False,5
673,6797.1555555638,5,False,91,True,False,ExtractTask,False,False,2
673,6797.1555555638,4,False,94,True,False,ExtractTask,True,False,4
673,6797.1555555638,12,True,-1,False,False,RestTask,True,True,-1
673,6797.1555555638,13,True,-1,False,False,RestTask,True,True,-1
673,6797.1555555638,14,False,42,True,False,ExtractTask,True,False,1
673,6797.1555555638,7,False,8,True,False,ExtractTask,True,False,2
674,6811.20000000833,1,True,-1,False,False,RestTask,True,True,-1
674,6811.20000000833,10,False,1,True,False,ExtractTask,True,False,2
674,6811.20000000833,11,False,69,True,False,ExtractTask,True,False,2
674,6811.20000000833,3,False,45,True,False,ExtractTask,False,False,5
674,6811.20000000833,5,False,91,True,False,ExtractTask,True,False,2
674,6811.20000000833,4,False,94,True,False,ExtractTask,True,False,3
674,6811.20000000833,12,True,-1,False,False,RestTask,True,True,-1
674,6811.20000000833,13,True,-1,False,False,RestTask,True,True,-1
674,6811.20000000833,14,False,42,True,False,ExtractTask,True,False,1
674,6811.20000000833,7,False,8,True,False,ExtractTask,True,False,2
675,6831.24444445289,1,True,-1,False,False,RestTask,True,True,-1
675,6831.24444445289,10,False,1,True,False,ExtractTask,True,False,2
675,6831.24444445289,11,False,69,True,False,ExtractTask,True,False,2
675,6831.24444445289,3,False,45,True,False,ExtractTask,True,False,5
675,6831.24444445289,5,False,91,True,False,ExtractTask,True,False,2
675,6831.24444445289,4,False,94,True,False,ExtractTask,True,False,3
675,6831.24444445289,12,True,-1,False,False,RestTask,True,True,-1
675,6831.24444445289,13,True,-1,False,False,RestTask,True,True,-1
675,6831.24444445289,14,False,42,True,False,ExtractTask,True,False,1
675,6831.24444445289,7,False,8,True,False,ExtractTask,True,False,2
676,6837.20000000849,1,True,-1,False,False,RestTask,True,True,-1
676,6837.20000000849,10,False,1,True,False,ExtractTask,True,False,2
676,6837.20000000849,11,False,69,True,False,ExtractTask,True,False,2
676,6837.20000000849,3,False,45,True,False,ExtractTask,True,False,5
676,6837.20000000849,5,False,91,True,False,ExtractTask,True,False,2
676,6837.20000000849,4,False,94,True,False,ExtractTask,True,False,3
676,6837.20000000849,12,True,-1,False,False,RestTask,True,True,-1
676,6837.20000000849,13,True,-1,False,False,RestTask,True,True,-1
676,6837.20000000849,14,False,42,True,False,ExtractTask,True,False,1
676,6837.20000000849,7,False,8,True,False,ExtractTask,True,False,2
677,6841.2888888974,1,True,-1,False,False,RestTask,True,True,-1
677,6841.2888888974,10,False,1,True,False,ExtractTask,True,False,2
677,6841.2888888974,11,False,69,True,False,ExtractTask,True,False,2
677,6841.2888888974,3,False,45,True,False,ExtractTask,True,False,5
677,6841.2888888974,5,False,91,True,False,ExtractTask,True,False,2
677,6841.2888888974,4,False,94,True,False,ExtractTask,True,False,3
677,6841.2888888974,12,True,-1,False,False,RestTask,True,True,-1
677,6841.2888888974,13,True,-1,False,False,RestTask,True,True,-1
677,6841.2888888974,14,False,42,True,False,ExtractTask,True,False,1
677,6841.2888888974,7,False,8,True,False,ExtractTask,True,False,2
678,6851.3333333419,1,True,-1,False,False,RestTask,True,True,-1
678,6851.3333333419,10,False,1,True,False,ExtractTask,True,False,2
678,6851.3333333419,11,False,69,True,False,ExtractTask,True,False,2
678,6851.3333333419,3,False,45,True,False,ExtractTask,True,False,5
678,6851.3333333419,5,False,91,True,False,ExtractTask,True,False,2
678,6851.3333333419,4,False,94,True,False,ExtractTask,True,False,3
678,6851.3333333419,12,True,-1,False,False,RestTask,True,True,-1
678,6851.3333333419,13,True,-1,False,False,RestTask,True,True,-1
678,6851.3333333419,14,False,42,True,False,ExtractTask,True,False,1
678,6851.3333333419,7,False,8,True,False,ExtractTask,True,False,1
679,6887.24444445323,1,True,-1,False,False,RestTask,True,True,-1
679,6887.24444445323,10,False,1,True,False,ExtractTask,True,False,2
679,6887.24444445323,11,False,69,True,False,ExtractTask,False,False,2
679,6887.24444445323,3,False,45,True,False,ExtractTask,True,False,5
679,6887.24444445323,5,False,91,True,False,ExtractTask,False,False,2
679,6887.24444445323,4,False,94,True,False,ParkPodTask,False,False,2
679,6887.24444445323,12,True,-1,False,False,RestTask,True,True,-1
679,6887.24444445323,13,True,-1,False,False,RestTask,True,True,-1
679,6887.24444445323,14,False,42,True,False,ExtractTask,True,False,1
679,6887.24444445323,7,False,8,True,False,ParkPodTask,False,False,1
680,6897.28888889773,1,True,-1,False,False,RestTask,True,True,-1
680,6897.28888889773,10,False,1,True,False,ExtractTask,True,False,2
680,6897.28888889773,11,False,69,True,False,ExtractTask,True,False,2
680,6897.28888889773,3,False,45,True,False,ExtractTask,True,False,5
680,6897.28888889773,5,False,91,True,False,ExtractTask,True,False,2
680,6897.28888889773,4,True,-1,False,False,RestTask,False,True,-1
680,6897.28888889773,12,True,-1,False,False,RestTask,True,True,-1
680,6897.28888889773,13,True,-1,False,False,RestTask,True,True,-1
680,6897.28888889773,14,False,42,True,False,ExtractTask,True,False,1
680,6897.28888889773,7,True,-1,False,False,RestTask,False,True,-1
681,6901.37777778664,1,True,-1,False,False,RestTask,True,True,-1
681,6901.37777778664,10,False,1,True,False,ExtractTask,True,False,2
681,6901.37777778664,11,False,69,True,False,ExtractTask,True,False,2
681,6901.37777778664,3,False,45,True,False,ExtractTask,True,False,5
681,6901.37777778664,5,False,91,True,False,ExtractTask,True,False,2
681,6901.37777778664,4,True,-1,False,False,RestTask,False,True,-1
681,6901.37777778664,12,True,-1,False,False,RestTask,True,True,-1
681,6901.37777778664,13,True,-1,False,False,RestTask,True,True,-1
681,6901.37777778664,14,False,42,True,False,ExtractTask,True,False,1
681,6901.37777778664,7,True,-1,False,False,RestTask,False,True,-1
682,6911.42222223115,1,True,-1,False,False,RestTask,True,True,-1
682,6911.42222223115,10,False,1,True,False,ExtractTask,True,False,2
682,6911.42222223115,11,False,69,True,False,ExtractTask,True,False,2
682,6911.42222223115,3,False,45,True,False,ExtractTask,True,False,5
682,6911.42222223115,5,False,91,True,False,ExtractTask,True,False,2
682,6911.42222223115,4,True,-1,False,False,RestTask,True,True,-1
682,6911.42222223115,12,True,-1,False,False,RestTask,True,True,-1
682,6911.42222223115,13,True,-1,False,False,RestTask,True,True,-1
682,6911.42222223115,14,False,42,True,False,ExtractTask,True,False,1
682,6911.42222223115,7,True,-1,True,False,ExtractTask,False,False,-1
683,6917.33333334229,1,True,-1,False,False,RestTask,True,True,-1
683,6917.33333334229,10,False,1,True,False,ExtractTask,True,False,2
683,6917.33333334229,11,False,69,True,False,ExtractTask,True,False,2
683,6917.33333334229,3,False,45,True,False,ExtractTask,False,False,5
683,6917.33333334229,5,False,91,True,False,ParkPodTask,False,False,2
683,6917.33333334229,4,True,-1,False,False,RestTask,True,True,-1
683,6917.33333334229,12,True,-1,False,False,RestTask,True,True,-1
683,6917.33333334229,13,True,-1,True,False,ExtractTask,False,False,-1
683,6917.33333334229,14,False,42,True,False,ExtractTask,True,False,1
683,6917.33333334229,7,False,41,True,False,ExtractTask,True,False,2
684,6941.46666667577,1,True,-1,False,False,RestTask,True,True,-1
684,6941.46666667577,10,False,1,True,False,ExtractTask,True,False,2
684,6941.46666667577,11,False,69,True,False,ExtractTask,True,False,2
684,6941.46666667577,3,False,45,True,False,ExtractTask,True,False,5
684,6941.46666667577,5,True,-1,False,False,RestTask,True,True,-1
684,6941.46666667577,4,True,-1,False,False,RestTask,True,True,-1
684,6941.46666667577,12,True,-1,False,False,RestTask,True,True,-1
684,6941.46666667577,13,False,39,True,False,ExtractTask,False,False,1
684,6941.46666667577,14,False,42,True,False,ParkPodTask,False,False,0
684,6941.46666667577,7,False,41,True,False,ExtractTask,False,False,2
685,6947.37777778691,1,True,-1,False,False,RestTask,True,True,-1
685,6947.37777778691,10,False,1,True,False,ExtractTask,True,False,2
685,6947.37777778691,11,False,69,True,False,ExtractTask,True,False,2
685,6947.37777778691,3,False,45,True,False,ExtractTask,True,False,5
685,6947.37777778691,5,True,-1,False,False,RestTask,True,True,-1
685,6947.37777778691,4,True,-1,False,False,RestTask,True,True,-1
685,6947.37777778691,12,True,-1,False,False,RestTask,True,True,-1
685,6947.37777778691,13,False,39,True,False,ExtractTask,False,False,1
685,6947.37777778691,14,False,42,True,False,ParkPodTask,False,False,0
685,6947.37777778691,7,False,41,True,False,ExtractTask,True,False,2
686,6957.42222223142,1,True,-1,False,False,RestTask,True,True,-1
686,6957.42222223142,10,False,1,True,False,ExtractTask,True,False,2
686,6957.42222223142,11,False,69,True,False,ExtractTask,True,False,2
686,6957.42222223142,3,False,45,True,False,ExtractTask,True,False,5
686,6957.42222223142,5,False,31,True,False,ExtractTask,True,False,3
686,6957.42222223142,4,True,-1,False,False,RestTask,True,True,-1
686,6957.42222223142,12,True,-1,False,False,RestTask,True,True,-1
686,6957.42222223142,13,False,39,True,False,ExtractTask,True,False,1
686,6957.42222223142,14,True,-1,False,False,RestTask,False,True,-1
686,6957.42222223142,7,False,41,True,False,ExtractTask,True,False,2
687,6961.51111112033,1,True,-1,False,False,RestTask,True,True,-1
687,6961.51111112033,10,False,1,True,False,ExtractTask,True,False,2
687,6961.51111112033,11,False,69,True,False,ExtractTask,True,False,2
687,6961.51111112033,3,False,45,True,False,ExtractTask,True,False,5
687,6961.51111112033,5,False,31,True,False,ExtractTask,False,False,3
687,6961.51111112033,4,True,-1,False,False,RestTask,True,True,-1
687,6961.51111112033,12,True,-1,False,False,RestTask,True,True,-1
687,6961.51111112033,13,False,39,True,False,ExtractTask,True,False,1
687,6961.51111112033,14,True,-1,False,False,RestTask,False,True,-1
687,6961.51111112033,7,False,41,True,False,ExtractTask,True,False,2
688,6971.55555556484,1,True,-1,False,False,RestTask,True,True,-1
688,6971.55555556484,10,False,1,True,False,ExtractTask,True,False,2
688,6971.55555556484,11,False,69,True,False,ExtractTask,True,False,2
688,6971.55555556484,3,False,45,True,False,ExtractTask,True,False,4
688,6971.55555556484,5,False,31,True,False,ExtractTask,False,False,3
688,6971.55555556484,4,False,5,True,False,ExtractTask,False,False,3
688,6971.55555556484,12,True,-1,False,False,RestTask,True,True,-1
688,6971.55555556484,13,False,39,True,False,ExtractTask,True,False,1
688,6971.55555556484,14,True,-1,False,False,RestTask,True,True,-1
688,6971.55555556484,7,False,41,True,False,ExtractTask,True,False,2
689,6977.46666667598,1,True,-1,False,False,RestTask,True,True,-1
689,6977.46666667598,10,False,1,True,False,ExtractTask,True,False,2
689,6977.46666667598,11,False,69,True,False,ExtractTask,True,False,2
689,6977.46666667598,3,False,45,True,False,ExtractTask,True,False,3
689,6977.46666667598,5,False,31,True,False,ExtractTask,False,False,3
689,6977.46666667598,4,False,5,True,False,ExtractTask,False,False,3
689,6977.46666667598,12,True,-1,False,False,RestTask,True,True,-1
689,6977.46666667598,13,False,39,True,False,ExtractTask,True,False,1
689,6977.46666667598,14,True,-1,False,False,RestTask,True,True,-1
689,6977.46666667598,7,False,41,True,False,ExtractTask,True,False,2
690,6981.60000000934,1,True,-1,False,False,RestTask,True,True,-1
690,6981.60000000934,10,False,1,True,False,ExtractTask,True,False,2
690,6981.60000000934,11,False,69,True,False,ExtractTask,True,False,2
690,6981.60000000934,3,False,45,True,False,ExtractTask,True,False,3
690,6981.60000000934,5,False,31,True,False,ExtractTask,False,False,3
690,6981.60000000934,4,False,5,True,False,ExtractTask,False,False,3
690,6981.60000000934,12,True,-1,False,False,RestTask,True,True,-1
690,6981.60000000934,13,False,39,True,False,ExtractTask,True,False,1
690,6981.60000000934,14,True,-1,False,False,RestTask,True,True,-1
690,6981.60000000934,7,False,41,True,False,ExtractTask,True,False,2
691,7037.51111112078,1,True,-1,False,False,RestTask,True,True,-1
691,7037.51111112078,10,True,-1,False,False,RestTask,False,True,-1
691,7037.51111112078,11,False,69,True,False,ExtractTask,True,False,1
691,7037.51111112078,3,False,45,True,False,ExtractTask,True,False,3
691,7037.51111112078,5,False,31,True,False,ExtractTask,True,False,3
691,7037.51111112078,4,False,5,True,False,ExtractTask,True,False,3
691,7037.51111112078,12,True,-1,False,False,RestTask,True,True,-1
691,7037.51111112078,13,False,39,True,False,ExtractTask,True,False,1
691,7037.51111112078,14,True,-1,False,False,RestTask,True,True,-1
691,7037.51111112078,7,False,41,True,False,ExtractTask,True,False,2
692,7041.64444445414,1,True,-1,False,False,RestTask,True,True,-1
692,7041.64444445414,10,True,-1,False,False,RestTask,False,True,-1
692,7041.64444445414,11,False,69,True,False,ExtractTask,True,False,1
692,7041.64444445414,3,False,45,True,False,ExtractTask,True,False,3
692,7041.64444445414,5,False,31,True,False,ExtractTask,True,False,3
692,7041.64444445414,4,False,5,True,False,ExtractTask,True,False,3
692,7041.64444445414,12,True,-1,False,False,RestTask,True,True,-1
692,7041.64444445414,13,False,39,True,False,ExtractTask,True,False,1
692,7041.64444445414,14,True,-1,False,False,RestTask,True,True,-1
692,7041.64444445414,7,False,41,True,False,ExtractTask,True,False,2
693,7061.6888888987,1,True,-1,False,False,RestTask,True,True,-1
693,7061.6888888987,10,True,-1,False,False,RestTask,True,True,-1
693,7061.6888888987,11,False,69,True,False,ExtractTask,True,False,1
693,7061.6888888987,3,False,45,True,False,ParkPodTask,False,False,2
693,7061.6888888987,5,False,31,True,False,ExtractTask,True,False,3
693,7061.6888888987,4,False,5,True,False,ExtractTask,False,False,3
693,7061.6888888987,12,True,-1,False,False,RestTask,True,True,-1
693,7061.6888888987,13,False,39,True,False,ExtractTask,True,False,1
693,7061.6888888987,14,True,-1,False,False,RestTask,True,True,-1
693,7061.6888888987,7,False,41,True,False,ExtractTask,True,False,2
694,7067.5555555654,1,True,-1,False,False,RestTask,True,True,-1
694,7067.5555555654,10,True,-1,False,False,RestTask,True,True,-1
694,7067.5555555654,11,False,69,True,False,ExtractTask,True,False,1
694,7067.5555555654,3,True,-1,False,False,ParkPodTask,True,True,-1
694,7067.5555555654,5,False,31,True,False,ExtractTask,True,False,3
694,7067.5555555654,4,False,5,True,False,ExtractTask,True,False,3
694,7067.5555555654,12,True,-1,False,False,RestTask,True,True,-1
694,7067.5555555654,13,False,39,True,False,ExtractTask,True,False,1
694,7067.5555555654,14,True,-1,False,False,RestTask,True,True,-1
694,7067.5555555654,7,False,41,True,False,ExtractTask,True,False,2
695,7071.73333334321,1,True,-1,False,False,RestTask,True,True,-1
695,7071.73333334321,10,True,-1,False,False,RestTask,True,True,-1
695,7071.73333334321,11,False,69,True,False,ExtractTask,True,False,1
695,7071.73333334321,3,True,-1,False,False,RestTask,False,True,-1
695,7071.73333334321,5,False,31,True,False,ExtractTask,True,False,3
695,7071.73333334321,4,False,5,True,False,ExtractTask,True,False,3
695,7071.73333334321,12,True,-1,False,False,RestTask,True,True,-1
695,7071.73333334321,13,False,39,True,False,ExtractTask,True,False,1
695,7071.73333334321,14,True,-1,False,False,RestTask,True,True,-1
695,7071.73333334321,7,False,41,True,False,ExtractTask,True,False,2
696,7087.60000000997,1,True,-1,False,False,RestTask,True,True,-1
696,7087.60000000997,10,True,-1,False,False,RestTask,True,True,-1
696,7087.60000000997,11,False,69,True,False,ExtractTask,True,False,1
696,7087.60000000997,3,True,-1,False,False,RestTask,True,True,-1
696,7087.60000000997,5,False,31,True,False,ExtractTask,True,False,3
696,7087.60000000997,4,False,5,True,False,ExtractTask,True,False,3
696,7087.60000000997,12,True,-1,False,False,RestTask,True,True,-1
696,7087.60000000997,13,False,39,True,False,ExtractTask,True,False,1
696,7087.60000000997,14,True,-1,False,False,RestTask,True,True,-1
696,7087.60000000997,7,False,41,True,False,ExtractTask,True,False,2
697,7097.64444445447,1,True,-1,False,False,RestTask,True,True,-1
697,7097.64444445447,10,True,-1,False,False,RestTask,True,True,-1
697,7097.64444445447,11,False,69,True,False,ParkPodTask,False,False,0
697,7097.64444445447,3,True,-1,False,False,RestTask,True,True,-1
697,7097.64444445447,5,False,31,True,False,ExtractTask,True,False,3
697,7097.64444445447,4,False,5,True,False,ExtractTask,True,False,3
697,7097.64444445447,12,True,-1,False,False,RestTask,True,True,-1
697,7097.64444445447,13,False,39,True,False,ExtractTask,True,False,1
697,7097.64444445447,14,True,-1,False,False,RestTask,True,True,-1
697,7097.64444445447,7,False,41,True,False,ExtractTask,True,False,2
698,7107.68888889897,1,True,-1,False,False,RestTask,True,True,-1
698,7107.68888889897,10,True,-1,False,False,RestTask,True,True,-1
698,7107.68888889897,11,True,-1,False,False,RestTask,False,True,-1
698,7107.68888889897,3,True,-1,False,False,RestTask,True,True,-1
698,7107.68888889897,5,False,31,True,False,ExtractTask,True,False,3
698,7107.68888889897,4,False,5,True,False,ExtractTask,True,False,3
698,7107.68888889897,12,True,-1,False,False,RestTask,True,True,-1
698,7107.68888889897,13,False,39,True,False,ExtractTask,True,False,1
698,7107.68888889897,14,True,-1,False,False,RestTask,True,True,-1
698,7107.68888889897,7,False,41,True,False,ExtractTask,True,False,2
699,7107.73333334342,1,True,-1,False,False,RestTask,True,True,-1
699,7107.73333334342,10,True,-1,False,False,RestTask,True,True,-1
699,7107.73333334342,11,True,-1,True,True,RestTask,False,False,-1
699,7107.73333334342,3,True,-1,False,False,RestTask,True,True,-1
699,7107.73333334342,5,False,31,True,False,ExtractTask,True,False,3
699,7107.73333334342,4,False,5,True,False,ExtractTask,True,False,3
699,7107.73333334342,12,True,-1,False,False,RestTask,True,True,-1
699,7107.73333334342,13,False,39,True,False,ExtractTask,True,False,1
699,7107.73333334342,14,True,-1,False,False,RestTask,True,True,-1
699,7107.73333334342,7,False,41,True,False,ExtractTask,True,False,2
700,7117.73333334348,1,True,-1,False,False,RestTask,True,True,-1
700,7117.73333334348,10,True,-1,False,False,RestTask,True,True,-1
700,7117.73333334348,11,True,-1,True,True,RestTask,True,False,-1
700,7117.73333334348,3,True,-1,False,False,RestTask,True,True,-1
700,7117.73333334348,5,False,31,True,False,ExtractTask,True,False,3
700,7117.73333334348,4,False,5,True,False,ExtractTask,True,False,3
700,7117.73333334348,12,True,-1,False,False,RestTask,True,True,-1
700,7117.73333334348,13,False,39,True,False,ExtractTask,True,False,1
700,7117.73333334348,14,True,-1,False,False,RestTask,True,True,-1
700,7117.73333334348,7,False,41,True,False,ExtractTask,True,False,2
701,7131.777777788,1,True,-1,False,False,RestTask,True,True,-1
701,7131.777777788,10,True,-1,False,False,RestTask,True,True,-1
701,7131.777777788,11,False,83,True,False,ExtractTask,True,False,3
701,7131.777777788,3,True,-1,False,False,RestTask,True,True,-1
701,7131.777777788,5,False,31,True,False,ExtractTask,True,False,3
701,7131.777777788,4,False,5,True,False,ExtractTask,True,False,3
701,7131.777777788,12,True,-1,False,False,RestTask,True,True,-1
701,7131.777777788,13,False,39,True,False,ExtractTask,True,False,1
701,7131.777777788,14,True,-1,False,False,RestTask,True,True,-1
701,7131.777777788,7,False,41,True,False,ExtractTask,True,False,2
702,7137.77777778804,1,True,-1,False,False,RestTask,True,True,-1
702,7137.77777778804,10,True,-1,False,False,RestTask,True,True,-1
702,7137.77777778804,11,False,83,True,False,ExtractTask,False,False,3
702,7137.77777778804,3,True,-1,False,False,RestTask,True,True,-1
702,7137.77777778804,5,False,31,True,False,ExtractTask,True,False,3
702,7137.77777778804,4,False,5,True,False,ExtractTask,True,False,3
702,7137.77777778804,12,True,-1,False,False,RestTask,True,True,-1
702,7137.77777778804,13,False,39,True,False,ExtractTask,True,False,1
702,7137.77777778804,14,True,-1,False,False,RestTask,True,True,-1
702,7137.77777778804,7,False,41,True,False,ExtractTask,True,False,2
703,7146.00000001031,1,True,-1,False,False,RestTask,True,True,-1
703,7146.00000001031,10,True,-1,False,False,RestTask,True,True,-1
703,7146.00000001031,11,False,83,True,False,ExtractTask,False,False,3
703,7146.00000001031,3,True,-1,False,False,RestTask,True,True,-1
703,7146.00000001031,5,False,31,True,False,ExtractTask,True,False,3
703,7146.00000001031,4,False,5,True,False,ExtractTask,True,False,3
703,7146.00000001031,12,True,-1,False,False,RestTask,True,True,-1
703,7146.00000001031,13,False,39,True,False,ExtractTask,True,False,1
703,7146.00000001031,14,True,-1,False,False,RestTask,True,True,-1
703,7146.00000001031,7,False,41,True,False,ExtractTask,True,False,2
704,7157.8222222326,1,True,-1,False,False,RestTask,True,True,-1
704,7157.8222222326,10,True,-1,False,False,RestTask,True,True,-1
704,7157.8222222326,11,False,83,True,False,ExtractTask,True,False,3
704,7157.8222222326,3,True,-1,False,False,RestTask,True,True,-1
704,7157.8222222326,5,False,31,True,False,ExtractTask,True,False,3
704,7157.8222222326,4,False,5,True,False,ExtractTask,True,False,3
704,7157.8222222326,12,True,-1,False,False,RestTask,True,True,-1
704,7157.8222222326,13,False,39,True,False,ExtractTask,True,False,1
704,7157.8222222326,14,True,-1,False,False,RestTask,True,True,-1
704,7157.8222222326,7,False,41,True,False,ExtractTask,True,False,2
705,7157.86666667705,1,True,-1,False,False,RestTask,True,True,-1
705,7157.86666667705,10,True,-1,False,False,RestTask,True,True,-1
705,7157.86666667705,11,False,83,True,False,ExtractTask,True,False,3
705,7157.86666667705,3,True,-1,True,True,RestTask,True,False,-1
705,7157.86666667705,5,False,31,True,False,ExtractTask,True,False,2
705,7157.86666667705,4,False,5,True,False,ExtractTask,True,False,3
705,7157.86666667705,12,True,-1,False,False,RestTask,True,True,-1
705,7157.86666667705,13,False,39,True,False,ExtractTask,True,False,1
705,7157.86666667705,14,True,-1,False,False,RestTask,True,True,-1
705,7157.86666667705,7,False,41,True,False,ExtractTask,True,False,2
706,7161.82222223263,1,True,-1,False,False,RestTask,True,True,-1
706,7161.82222223263,10,True,-1,False,False,RestTask,True,True,-1
706,7161.82222223263,11,False,83,True,False,ExtractTask,True,False,3
706,7161.82222223263,3,True,-1,True,False,ExtractTask,False,False,-1
706,7161.82222223263,5,False,31,True,False,ParkPodTask,False,False,2
706,7161.82222223263,4,False,5,True,False,ExtractTask,True,False,3
706,7161.82222223263,12,True,-1,False,False,RestTask,True,True,-1
706,7161.82222223263,13,False,39,True,False,ExtractTask,True,False,1
706,7161.82222223263,14,True,-1,False,False,RestTask,True,True,-1
706,7161.82222223263,7,False,41,True,False,ExtractTask,True,False,2
707,7167.86666667711,1,True,-1,False,False,RestTask,True,True,-1
707,7167.86666667711,10,True,-1,True,False,ExtractTask,False,False,-1
707,7167.86666667711,11,False,83,True,False,ExtractTask,True,False,3
707,7167.86666667711,3,True,-1,True,False,ExtractTask,False,False,-1
707,7167.86666667711,5,False,31,True,False,ParkPodTask,False,False,2
707,7167.86666667711,4,False,5,True,False,ExtractTask,True,False,3
707,7167.86666667711,12,True,-1,False,False,RestTask,True,True,-1
707,7167.86666667711,13,False,39,True,False,ExtractTask,True,False,1
707,7167.86666667711,14,True,-1,False,False,RestTask,True,True,-1
707,7167.86666667711,7,False,41,True,False,ExtractTask,True,False,2
708,7177.91111112161,1,True,-1,False,False,RestTask,True,True,-1
708,7177.91111112161,10,False,68,True,False,ExtractTask,False,False,2
708,7177.91111112161,11,False,83,True,False,ExtractTask,True,False,3
708,7177.91111112161,3,False,70,True,False,ExtractTask,False,False,3
708,7177.91111112161,5,True,-1,False,False,RestTask,False,True,-1
708,7177.91111112161,4,False,5,True,False,ExtractTask,True,False,3
708,7177.91111112161,12,True,-1,True,False,ExtractTask,False,False,-1
708,7177.91111112161,13,False,39,True,False,ExtractTask,False,False,1
708,7177.91111112161,14,True,-1,False,False,RestTask,True,True,-1
708,7177.91111112161,7,False,41,True,False,ParkPodTask,False,False,1
709,7181.86666667719,1,True,-1,True,False,ExtractTask,False,False,-1
709,7181.86666667719,10,False,68,True,False,ExtractTask,False,False,2
709,7181.86666667719,11,False,83,True,False,ExtractTask,True,False,3
709,7181.86666667719,3,False,70,True,False,ExtractTask,False,False,3
709,7181.86666667719,5,True,-1,False,False,RestTask,False,True,-1
709,7181.86666667719,4,False,5,True,False,ExtractTask,True,False,3
709,7181.86666667719,12,False,84,True,False,ExtractTask,False,False,1
709,7181.86666667719,13,False,39,True,False,ExtractTask,True,False,1
709,7181.86666667719,14,True,-1,False,False,RestTask,True,True,-1
709,7181.86666667719,7,False,41,True,False,ParkPodTask,False,False,1
710,7191.91111112169,1,False,54,True,False,ExtractTask,False,False,3
710,7191.91111112169,10,False,68,True,False,ExtractTask,False,False,2
710,7191.91111112169,11,False,83,True,False,ExtractTask,True,False,3
710,7191.91111112169,3,False,70,True,False,ExtractTask,True,False,3
710,7191.91111112169,5,True,-1,False,False,RestTask,True,True,-1
710,7191.91111112169,4,False,5,True,False,ExtractTask,True,False,3
710,7191.91111112169,12,False,84,True,False,ExtractTask,False,False,1
710,7191.91111112169,13,False,39,True,False,ExtractTask,True,False,1
710,7191.91111112169,14,True,-1,False,False,RestTask,True,True,-1
710,7191.91111112169,7,True,-1,False,False,RestTask,False,True,-1
711,7197.95555556617,1,False,54,True,False,ExtractTask,False,False,3
711,7197.95555556617,10,False,68,True,False,ExtractTask,True,False,2
711,7197.95555556617,11,False,83,True,False,ExtractTask,True,False,3
711,7197.95555556617,3,False,70,True,False,ExtractTask,True,False,3
711,7197.95555556617,5,True,-1,False,False,RestTask,True,True,-1
711,7197.95555556617,4,False,5,True,False,ExtractTask,True,False,3
711,7197.95555556617,12,False,84,True,False,ExtractTask,False,False,1
711,7197.95555556617,13,False,39,True,False,ExtractTask,True,False,1
711,7197.95555556617,14,True,-1,False,False,RestTask,True,True,-1
711,7197.95555556617,7,True,-1,False,False,RestTask,False,True,-1
712,7208.00000001068,1,False,54,True,False,ExtractTask,False,False,3
712,7208.00000001068,10,False,68,True,False,ExtractTask,True,False,2
712,7208.00000001068,11,False,83,True,False,ExtractTask,True,False,3
712,7208.00000001068,3,False,70,True,False,ExtractTask,True,False,3
712,7208.00000001068,5,True,-1,False,False,RestTask,True,True,-1
712,7208.00000001068,4,False,5,True,False,ExtractTask,False,False,3
712,7208.00000001068,12,False,84,True,False,ExtractTask,True,False,1
712,7208.00000001068,13,False,39,True,False,ParkPodTask,False,False,1
712,7208.00000001068,14,True,-1,True,False,ExtractTask,False,False,-1
712,7208.00000001068,7,True,-1,False,False,RestTask,True,True,-1
713,7211.95555556626,1,False,54,True,False,ExtractTask,False,False,3
713,7211.95555556626,10,False,68,True,False,ExtractTask,True,False,2
713,7211.95555556626,11,False,83,True,False,ExtractTask,True,False,3
713,7211.95555556626,3,False,70,True,False,ExtractTask,True,False,3
713,7211.95555556626,5,True,-1,False,False,RestTask,True,True,-1
713,7211.95555556626,4,False,5,True,False,ExtractTask,True,False,3
713,7211.95555556626,12,False,84,True,False,ExtractTask,True,False,1
713,7211.95555556626,13,False,39,True,False,ParkPodTask,False,False,1
713,7211.95555556626,14,False,49,True,False,ExtractTask,False,False,2
713,7211.95555556626,7,True,-1,False,False,RestTask,True,True,-1
714,7232.00000001082,1,False,54,True,False,ExtractTask,True,False,3
714,7232.00000001082,10,False,68,True,False,ExtractTask,True,False,2
714,7232.00000001082,11,False,83,True,False,ExtractTask,True,False,1
714,7232.00000001082,3,False,70,True,False,ExtractTask,True,False,3
714,7232.00000001082,5,True,-1,False,False,RestTask,True,True,-1
714,7232.00000001082,4,False,5,True,False,ExtractTask,True,False,3
714,7232.00000001082,12,False,84,True,False,ExtractTask,True,False,1
714,7232.00000001082,13,True,-1,False,False,RestTask,True,True,-1
714,7232.00000001082,14,False,49,True,False,ExtractTask,True,False,2
714,7232.00000001082,7,True,-1,False,False,RestTask,True,True,-1
715,7258.04444445542,1,False,54,True,False,ExtractTask,True,False,3
715,7258.04444445542,10,False,68,True,False,ExtractTask,True,False,2
715,7258.04444445542,11,True,-1,False,False,RestTask,True,True,-1
715,7258.04444445542,3,False,70,True,False,ExtractTask,True,False,2
715,7258.04444445542,5,False,89,True,False,ExtractTask,False,False,1
715,7258.04444445542,4,False,5,True,False,ExtractTask,True,False,3
715,7258.04444445542,12,False,84,True,False,ExtractTask,True,False,1
715,7258.04444445542,13,True,-1,False,False,RestTask,True,True,-1
715,7258.04444445542,14,False,49,True,False,ExtractTask,True,False,2
715,7258.04444445542,7,True,-1,False,False,RestTask,True,True,-1
716,7262.04444445544,1,False,54,True,False,ExtractTask,True,False,3
716,7262.04444445544,10,False,68,True,False,ExtractTask,True,False,2
716,7262.04444445544,11,True,-1,False,False,RestTask,True,True,-1
716,7262.04444445544,3,False,70,True,False,ExtractTask,True,False,2
716,7262.04444445544,5,False,89,True,False,ExtractTask,False,False,1
716,7262.04444445544,4,False,5,True,False,ExtractTask,True,False,3
716,7262.04444445544,12,False,84,True,False,ExtractTask,True,False,1
716,7262.04444445544,13,True,-1,False,False,RestTask,True,True,-1
716,7262.04444445544,14,False,49,True,False,ExtractTask,True,False,2
716,7262.04444445544,7,True,-1,False,False,RestTask,True,True,-1
717,7278.08888889998,1,False,54,True,False,ExtractTask,True,False,3
717,7278.08888889998,10,False,68,True,False,ExtractTask,True,False,2
717,7278.08888889998,11,True,-1,False,False,RestTask,True,True,-1
717,7278.08888889998,3,False,70,True,False,ExtractTask,True,False,2
717,7278.08888889998,5,False,89,True,False,ExtractTask,True,False,1
717,7278.08888889998,4,False,5,True,False,ExtractTask,True,False,3
717,7278.08888889998,12,False,84,True,False,ExtractTask,True,False,1
717,7278.08888889998,13,True,-1,False,False,RestTask,True,True,-1
717,7278.08888889998,14,False,49,True,False,ExtractTask,True,False,2
717,7278.08888889998,7,True,-1,False,False,RestTask,True,True,-1
718,7298.13333334454,1,False,54,True,False,ExtractTask,True,False,3
718,7298.13333334454,10,False,68,True,False,ExtractTask,True,False,2
718,7298.13333334454,11,True,-1,False,False,RestTask,True,True,-1
718,7298.13333334454,3,False,70,True,False,ExtractTask,True,False,2
718,7298.13333334454,5,False,89,True,False,ExtractTask,True,False,1
718,7298.13333334454,4,True,-1,False,False,ParkPodTask,True,True,-1
718,7298.13333334454,12,False,84,True,False,ExtractTask,True,False,1
718,7298.13333334454,13,True,-1,False,False,RestTask,True,True,-1
718,7298.13333334454,14,False,49,True,False,ExtractTask,True,False,2
718,7298.13333334454,7,True,-1,False,False,RestTask,True,True,-1
719,7302.08888890012,1,False,54,True,False,ExtractTask,True,False,3
719,7302.08888890012,10,False,68,True,False,ExtractTask,True,False,2
719,7302.08888890012,11,True,-1,False,False,RestTask,True,True,-1
719,7302.08888890012,3,False,70,True,False,ExtractTask,True,False,2
719,7302.08888890012,5,False,89,True,False,ExtractTask,True,False,1
719,7302.08888890012,4,True,-1,False,False,RestTask,False,True,-1
719,7302.08888890012,12,False,84,True,False,ExtractTask,True,False,1
719,7302.08888890012,13,True,-1,True,False,ExtractTask,False,False,-1
719,7302.08888890012,14,False,49,True,False,ExtractTask,True,False,2
719,7302.08888890012,7,True,-1,False,False,RestTask,True,True,-1
720,7308.17777778905,1,False,54,True,False,ExtractTask,True,False,3
720,7308.17777778905,10,False,68,True,False,ExtractTask,True,False,2
720,7308.17777778905,11,True,-1,False,False,RestTask,True,True,-1
720,7308.17777778905,3,False,70,True,False,ExtractTask,True,False,2
720,7308.17777778905,5,False,89,True,False,ExtractTask,True,False,1
720,7308.17777778905,4,True,-1,True,True,RestTask,True,False,-1
720,7308.17777778905,12,False,84,True,False,ExtractTask,True,False,1
720,7308.17777778905,13,True,-1,True,False,ExtractTask,False,False,-1
720,7308.17777778905,14,False,49,True,False,ExtractTask,True,False,2
720,7308.17777778905,7,True,-1,False,False,RestTask,True,True,-1
721,7312.13333334463,1,False,54,True,False,ExtractTask,True,False,3
721,7312.13333334463,10,False,68,True,False,ExtractTask,True,False,2
721,7312.13333334463,11,True,-1,False,False,RestTask,True,True,-1
721,7312.13333334463,3,False,70,True,False,ExtractTask,True,False,2
721,7312.13333334463,5,False,89,True,False,ExtractTask,True,False,1
721,7312.13333334463,4,True,-1,True,True,RestTask,True,False,-1
721,7312.13333334463,12,False,84,True,False,ExtractTask,True,False,1
721,7312.13333334463,13,False,98,True,False,ExtractTask,True,False,3
721,7312.13333334463,14,False,49,True,False,ExtractTask,True,False,2
721,7312.13333334463,7,True,-1,True,False,ExtractTask,False,False,-1
722,7322.17777778913,1,False,54,True,False,ExtractTask,True,False,3
722,7322.17777778913,10,False,68,True,False,ExtractTask,True,False,2
722,7322.17777778913,11,False,47,True,False,ExtractTask,False,False,3
722,7322.17777778913,3,False,70,True,False,ParkPodTask,False,False,1
722,7322.17777778913,5,False,89,True,False,ExtractTask,True,False,1
722,7322.17777778913,4,True,-1,True,False,ExtractTask,False,False,-1
722,7322.17777778913,12,False,84,True,False,ExtractTask,True,False,1
722,7322.17777778913,13,False,98,True,False,ExtractTask,False,False,3
722,7322.17777778913,14,False,49,True,False,ExtractTask,True,False,2
722,7322.17777778913,7,False,19,True,False,ExtractTask,False,False,3
723,7332.22222223363,1,False,54,True,False,ExtractTask,True,False,3
723,7332.22222223363,10,False,68,True,False,ExtractTask,True,False,2
723,7332.22222223363,11,False,47,True,False,ExtractTask,False,False,3
723,7332.22222223363,3,True,-1,False,False,ParkPodTask,True,True,-1
723,7332.22222223363,5,False,89,True,False,ExtractTask,True,False,1
723,7332.22222223363,4,False,23,True,False,ExtractTask,False,False,2
723,7332.22222223363,12,False,84,True,False,ParkPodTask,False,False,1
723,7332.22222223363,13,False,98,True,False,ExtractTask,False,False,3
723,7332.22222223363,14,False,49,True,False,ExtractTask,True,False,2
723,7332.22222223363,7,False,19,True,False,ExtractTask,False,False,3
724,7338.22222223367,1,False,54,True,False,ExtractTask,True,False,3
724,7338.22222223367,10,False,68,True,False,ExtractTask,True,False,2
724,7338.22222223367,11,False,47,True,False,ExtractTask,False,False,3
724,7338.22222223367,3,True,-1,False,False,RestTask,False,True,-1
724,7338.22222223367,5,False,89,True,False,ExtractTask,True,False,1
724,7338.22222223367,4,False,23,True,False,ExtractTask,False,False,2
724,7338.22222223367,12,False,84,True,False,ParkPodTask,False,False,1
724,7338.22222223367,13,False,98,True,False,ExtractTask,False,False,3
724,7338.22222223367,14,False,49,True,False,ExtractTask,True,False,2
724,7338.22222223367,7,False,19,True,False,ExtractTask,False,False,3
725,7348.26666667817,1,False,54,True,False,ExtractTask,True,False,3
725,7348.26666667817,10,False,68,True,False,ExtractTask,True,False,2
725,7348.26666667817,11,False,47,True,False,ExtractTask,True,False,3
725,7348.26666667817,3,True,-1,False,False,RestTask,True,True,-1
725,7348.26666667817,5,False,89,True,False,ExtractTask,True,False,1
725,7348.26666667817,4,False,23,True,False,ExtractTask,False,False,2
725,7348.26666667817,12,True,-1,False,False,RestTask,True,True,-1
725,7348.26666667817,13,False,98,True,False,ExtractTask,True,False,3
725,7348.26666667817,14,False,49,True,False,ExtractTask,True,False,2
725,7348.26666667817,7,False,19,True,False,ExtractTask,False,False,3
726,7372.26666667832,1,False,54,True,False,ExtractTask,True,False,3
726,7372.26666667832,10,True,-1,False,False,RestTask,False,True,-1
726,7372.26666667832,11,False,47,True,False,ExtractTask,True,False,3
726,7372.26666667832,3,True,-1,False,False,RestTask,True,True,-1
726,7372.26666667832,5,False,89,True,False,ExtractTask,True,False,1
726,7372.26666667832,4,False,23,True,False,ExtractTask,True,False,2
726,7372.26666667832,12,True,-1,False,False,RestTask,True,True,-1
726,7372.26666667832,13,False,98,True,False,ExtractTask,True,False,3
726,7372.26666667832,14,False,49,True,False,ExtractTask,True,False,2
726,7372.26666667832,7,False,19,True,False,ExtractTask,True,False,3
727,7402.31111112294,1,False,54,True,False,ExtractTask,True,False,2
727,7402.31111112294,10,True,-1,True,False,ExtractTask,False,False,-1
727,7402.31111112294,11,False,47,True,False,ExtractTask,True,False,3
727,7402.31111112294,3,True,-1,False,False,RestTask,True,True,-1
727,7402.31111112294,5,False,89,True,False,ExtractTask,True,False,1
727,7402.31111112294,4,False,23,True,False,ExtractTask,True,False,2
727,7402.31111112294,12,True,-1,False,False,RestTask,True,True,-1
727,7402.31111112294,13,False,98,True,False,ExtractTask,True,False,3
727,7402.31111112294,14,False,49,True,False,ExtractTask,True,False,2
727,7402.31111112294,7,False,19,True,False,ExtractTask,True,False,3
728,7408.31111112297,1,False,54,True,False,ExtractTask,True,False,2
728,7408.31111112297,10,False,6,True,False,ExtractTask,False,False,4
728,7408.31111112297,11,False,47,True,False,ExtractTask,True,False,3
728,7408.31111112297,3,True,-1,False,False,RestTask,True,True,-1
728,7408.31111112297,5,False,89,True,False,ExtractTask,True,False,1
728,7408.31111112297,4,False,23,True,False,ExtractTask,True,False,2
728,7408.31111112297,12,True,-1,True,False,ExtractTask,False,False,-1
728,7408.31111112297,13,False,98,True,False,ExtractTask,True,False,3
728,7408.31111112297,14,False,49,True,False,ExtractTask,True,False,2
728,7408.31111112297,7,False,19,True,False,ExtractTask,True,False,3
729,7428.35555556754,1,False,54,True,False,ParkPodTask,False,False,2
729,7428.35555556754,10,False,6,True,False,ExtractTask,False,False,4
729,7428.35555556754,11,False,47,True,False,ExtractTask,True,False,3
729,7428.35555556754,3,True,-1,False,False,RestTask,True,True,-1
729,7428.35555556754,5,False,89,True,False,ParkPodTask,False,False,1
729,7428.35555556754,4,False,23,True,False,ExtractTask,True,False,2
729,7428.35555556754,12,False,41,True,False,ExtractTask,False,False,2
729,7428.35555556754,13,False,98,True,False,ExtractTask,True,False,3
729,7428.35555556754,14,False,49,True,False,ExtractTask,True,False,2
729,7428.35555556754,7,False,19,True,False,ExtractTask,False,False,3
730,7438.40000001204,1,True,-1,False,False,RestTask,True,True,-1
730,7438.40000001204,10,False,6,True,False,ExtractTask,True,False,4
730,7438.40000001204,11,False,47,True,False,ExtractTask,True,False,3
730,7438.40000001204,3,True,-1,False,False,RestTask,True,True,-1
730,7438.40000001204,5,True,-1,False,False,RestTask,False,True,-1
730,7438.40000001204,4,False,23,True,False,ExtractTask,True,False,2
730,7438.40000001204,12,False,41,True,False,ExtractTask,False,False,2
730,7438.40000001204,13,False,98,True,False,ExtractTask,True,False,3
730,7438.40000001204,14,False,49,True,False,ExtractTask,True,False,2
730,7438.40000001204,7,False,19,True,False,ExtractTask,True,False,3
731,7452.35555556768,1,True,-1,False,False,RestTask,True,True,-1
731,7452.35555556768,10,False,6,True,False,ExtractTask,True,False,4
731,7452.35555556768,11,False,47,True,False,ExtractTask,True,False,3
731,7452.35555556768,3,True,-1,False,False,RestTask,True,True,-1
731,7452.35555556768,5,True,-1,False,False,RestTask,True,True,-1
731,7452.35555556768,4,False,23,True,False,ExtractTask,True,False,2
731,7452.35555556768,12,False,41,True,False,ExtractTask,True,False,2
731,7452.35555556768,13,False,98,True,False,ExtractTask,True,False,3
731,7452.35555556768,14,False,49,True,False,ExtractTask,True,False,2
731,7452.35555556768,7,False,19,True,False,ExtractTask,True,False,3
732,7458.4444444566,1,True,-1,True,False,ExtractTask,False,False,-1
732,7458.4444444566,10,False,6,True,False,ExtractTask,True,False,4
732,7458.4444444566,11,False,47,True,False,ExtractTask,True,False,3
732,7458.4444444566,3,True,-1,False,False,RestTask,True,True,-1
732,7458.4444444566,5,True,-1,False,False,RestTask,True,True,-1
732,7458.4444444566,4,False,23,True,False,ExtractTask,True,False,2
732,7458.4444444566,12,False,41,True,False,ExtractTask,True,False,2
732,7458.4444444566,13,False,98,True,False,ExtractTask,True,False,3
732,7458.4444444566,14,False,49,True,False,ExtractTask,True,False,2
732,7458.4444444566,7,False,19,True,False,ExtractTask,True,False,3
733,7472.40000001224,1,False,94,True,False,ExtractTask,False,False,3
733,7472.40000001224,10,False,6,True,False,ExtractTask,True,False,4
733,7472.40000001224,11,False,47,True,False,ExtractTask,True,False,3
733,7472.40000001224,3,True,-1,False,False,RestTask,True,True,-1
733,7472.40000001224,5,True,-1,False,False,RestTask,True,True,-1
733,7472.40000001224,4,False,23,True,False,ExtractTask,True,False,2
733,7472.40000001224,12,False,41,True,False,ExtractTask,True,False,2
733,7472.40000001224,13,False,98,True,False,ExtractTask,True,False,3
733,7472.40000001224,14,False,49,True,False,ExtractTask,True,False,2
733,7472.40000001224,7,False,19,True,False,ExtractTask,True,False,3
734,7488.48888890122,1,False,94,True,False,ExtractTask,True,False,3
734,7488.48888890122,10,False,6,True,False,ExtractTask,True,False,4
734,7488.48888890122,11,False,47,True,False,ExtractTask,True,False,3
734,7488.48888890122,3,True,-1,False,False,RestTask,True,True,-1
734,7488.48888890122,5,True,-1,False,False,RestTask,True,True,-1
734,7488.48888890122,4,False,23,True,False,ExtractTask,True,False,2
734,7488.48888890122,12,False,41,True,False,ExtractTask,True,False,2
734,7488.48888890122,13,False,98,True,False,ExtractTask,True,False,3
734,7488.48888890122,14,False,49,True,False,ExtractTask,True,False,2
734,7488.48888890122,7,False,19,True,False,ExtractTask,True,False,3
735,7508.53333334579,1,False,94,True,False,ExtractTask,True,False,3
735,7508.53333334579,10,False,6,True,False,ExtractTask,True,False,4
735,7508.53333334579,11,False,47,True,False,ParkPodTask,False,False,2
735,7508.53333334579,3,True,-1,False,False,RestTask,True,True,-1
735,7508.53333334579,5,True,-1,False,False,RestTask,True,True,-1
735,7508.53333334579,4,False,23,True,False,ExtractTask,False,False,2
735,7508.53333334579,12,False,41,True,False,ExtractTask,True,False,2
735,7508.53333334579,13,False,98,True,False,ExtractTask,True,False,3
735,7508.53333334579,14,False,49,True,False,ExtractTask,True,False,2
735,7508.53333334579,7,False,19,True,False,ExtractTask,True,False,3
736,7512.44444445692,1,False,94,True,False,ExtractTask,True,False,3
736,7512.44444445692,10,False,6,True,False,ExtractTask,True,False,4
736,7512.44444445692,11,False,47,True,False,ParkPodTask,False,False,2
736,7512.44444445692,3,True,-1,False,False,RestTask,True,True,-1
736,7512.44444445692,5,True,-1,False,False,RestTask,True,True,-1
736,7512.44444445692,4,False,23,True,False,ExtractTask,True,False,2
736,7512.44444445692,12,False,41,True,False,ExtractTask,False,False,2
736,7512.44444445692,13,False,98,True,False,ExtractTask,True,False,3
736,7512.44444445692,14,False,49,True,False,ParkPodTask,False,False,1
736,7512.44444445692,7,False,19,True,False,ExtractTask,True,False,3
737,7522.48888890143,1,False,94,True,False,ExtractTask,True,False,3
737,7522.48888890143,10,False,6,True,False,ExtractTask,True,False,4
737,7522.48888890143,11,True,-1,False,False,ParkPodTask,True,True,-1
737,7522.48888890143,3,True,-1,False,False,RestTask,True,True,-1
737,7522.48888890143,5,True,-1,False,False,RestTask,True,True,-1
737,7522.48888890143,4,False,23,True,False,ExtractTask,True,False,2
737,7522.48888890143,12,False,41,True,False,ExtractTask,True,False,2
737,7522.48888890143,13,False,98,True,False,ExtractTask,True,False,3
737,7522.48888890143,14,False,49,True,False,ParkPodTask,False,False,1
737,7522.48888890143,7,False,19,True,False,ExtractTask,True,False,3
738,7528.57777779035,1,False,94,True,False,ExtractTask,True,False,3
738,7528.57777779035,10,False,6,True,False,ExtractTask,True,False,4
738,7528.57777779035,11,True,-1,True,False,ExtractTask,False,False,-1
738,7528.57777779035,3,True,-1,False,False,RestTask,True,True,-1
738,7528.57777779035,5,True,-1,False,False,RestTask,True,True,-1
738,7528.57777779035,4,False,23,True,False,ExtractTask,True,False,2
738,7528.57777779035,12,False,41,True,False,ExtractTask,True,False,2
738,7528.57777779035,13,False,98,True,False,ExtractTask,True,False,3
738,7528.57777779035,14,False,49,True,False,ParkPodTask,False,False,1
738,7528.57777779035,7,False,19,True,False,ExtractTask,True,False,3
739,7532.53333334593,1,False,94,True,False,ExtractTask,True,False,3
739,7532.53333334593,10,False,6,True,False,ExtractTask,True,False,4
739,7532.53333334593,11,False,20,True,False,ExtractTask,True,False,2
739,7532.53333334593,3,True,-1,False,False,RestTask,True,True,-1
739,7532.53333334593,5,True,-1,False,False,RestTask,True,True,-1
739,7532.53333334593,4,False,23,True,False,ExtractTask,True,False,2
739,7532.53333334593,12,False,41,True,False,ExtractTask,True,False,2
739,7532.53333334593,13,False,98,True,False,ExtractTask,True,False,3
739,7532.53333334593,14,True,-1,False,False,RestTask,False,True,-1
739,7532.53333334593,7,False,19,True,False,ExtractTask,True,False,3
740,7548.62222223491,1,False,94,True,False,ExtractTask,True,False,3
740,7548.62222223491,10,False,6,True,False,ExtractTask,True,False,4
740,7548.62222223491,11,False,20,True,False,ExtractTask,False,False,2
740,7548.62222223491,3,True,-1,False,False,RestTask,True,True,-1
740,7548.62222223491,5,True,-1,False,False,RestTask,True,True,-1
740,7548.62222223491,4,False,23,True,False,ExtractTask,True,False,2
740,7548.62222223491,12,False,41,True,False,ExtractTask,True,False,2
740,7548.62222223491,13,False,98,True,False,ExtractTask,True,False,2
740,7548.62222223491,14,True,-1,False,False,RestTask,True,True,-1
740,7548.62222223491,7,False,19,True,False,ExtractTask,True,False,3
741,7558.66666667942,1,False,94,True,False,ExtractTask,True,False,3
741,7558.66666667942,10,False,6,True,False,ExtractTask,True,False,4
741,7558.66666667942,11,False,20,True,False,ExtractTask,False,False,2
741,7558.66666667942,3,True,-1,False,False,RestTask,True,True,-1
741,7558.66666667942,5,True,-1,False,False,RestTask,True,True,-1
741,7558.66666667942,4,False,23,True,False,ExtractTask,True,False,2
741,7558.66666667942,12,False,41,True,False,ExtractTask,True,False,2
741,7558.66666667942,13,False,98,True,False,ExtractTask,True,False,2
741,7558.66666667942,14,True,-1,False,False,RestTask,True,True,-1
741,7558.66666667942,7,False,19,True,False,ExtractTask,True,False,3
742,7562.57777779055,1,False,94,True,False,ExtractTask,True,False,3
742,7562.57777779055,10,False,6,True,False,ExtractTask,True,False,4
742,7562.57777779055,11,False,20,True,False,ExtractTask,True,False,2
742,7562.57777779055,3,True,-1,False,False,RestTask,True,True,-1
742,7562.57777779055,5,True,-1,False,False,RestTask,True,True,-1
742,7562.57777779055,4,False,23,True,False,ExtractTask,True,False,2
742,7562.57777779055,12,False,41,True,False,ExtractTask,True,False,2
742,7562.57777779055,13,False,98,True,False,ExtractTask,True,False,2
742,7562.57777779055,14,True,-1,False,False,RestTask,True,True,-1
742,7562.57777779055,7,False,19,True,False,ExtractTask,True,False,3
743,7568.71111112392,1,False,94,True,False,ExtractTask,True,False,3
743,7568.71111112392,10,False,6,True,False,ExtractTask,True,False,4
743,7568.71111112392,11,False,20,True,False,ExtractTask,True,False,2
743,7568.71111112392,3,True,-1,False,False,RestTask,True,True,-1
743,7568.71111112392,5,False,65,True,False,ExtractTask,True,False,2
743,7568.71111112392,4,False,23,True,False,ExtractTask,True,False,1
743,7568.71111112392,12,False,41,True,False,ExtractTask,True,False,2
743,7568.71111112392,13,False,98,True,False,ExtractTask,True,False,2
743,7568.71111112392,14,True,-1,False,False,RestTask,True,True,-1
743,7568.71111112392,7,False,19,True,False,ExtractTask,True,False,3
744,7578.75555556842,1,False,94,True,False,ExtractTask,True,False,3
744,7578.75555556842,10,False,6,True,False,ExtractTask,True,False,4
744,7578.75555556842,11,False,20,True,False,ExtractTask,True,False,2
744,7578.75555556842,3,True,-1,False,False,RestTask,True,True,-1
744,7578.75555556842,5,False,65,True,False,ExtractTask,True,False,2
744,7578.75555556842,4,False,23,True,False,ExtractTask,True,False,1
744,7578.75555556842,12,False,41,True,False,ExtractTask,True,False,2
744,7578.75555556842,13,False,98,True,False,ExtractTask,True,False,2
744,7578.75555556842,14,True,-1,False,False,RestTask,True,True,-1
744,7578.75555556842,7,False,19,True,False,ExtractTask,True,False,3
745,7588.80000001293,1,False,94,True,False,ExtractTask,True,False,3
745,7588.80000001293,10,False,6,True,False,ExtractTask,True,False,4
745,7588.80000001293,11,False,20,True,False,ExtractTask,True,False,2
745,7588.80000001293,3,True,-1,False,False,RestTask,True,True,-1
745,7588.80000001293,5,False,65,True,False,ExtractTask,True,False,2
745,7588.80000001293,4,False,23,True,False,ExtractTask,True,False,1
745,7588.80000001293,12,False,41,True,False,ExtractTask,True,False,2
745,7588.80000001293,13,False,98,True,False,ParkPodTask,False,False,2
745,7588.80000001293,14,True,-1,False,False,RestTask,True,True,-1
745,7588.80000001293,7,False,19,True,False,ExtractTask,True,False,3
746,7598.84444445743,1,False,94,True,False,ExtractTask,True,False,3
746,7598.84444445743,10,False,6,True,False,ExtractTask,True,False,4
746,7598.84444445743,11,False,20,True,False,ExtractTask,True,False,2
746,7598.84444445743,3,True,-1,False,False,RestTask,True,True,-1
746,7598.84444445743,5,False,65,True,False,ExtractTask,True,False,2
746,7598.84444445743,4,False,23,True,False,ExtractTask,True,False,1
746,7598.84444445743,12,False,41,True,False,ExtractTask,True,False,2
746,7598.84444445743,13,True,-1,False,False,RestTask,False,True,-1
746,7598.84444445743,14,True,-1,False,False,RestTask,True,True,-1
746,7598.84444445743,7,False,19,True,False,ExtractTask,True,False,3
747,7622.62222223535,1,False,94,True,False,ExtractTask,True,False,3
747,7622.62222223535,10,False,6,True,False,ExtractTask,True,False,4
747,7622.62222223535,11,False,20,True,False,ExtractTask,True,False,2
747,7622.62222223535,3,True,-1,False,False,RestTask,True,True,-1
747,7622.62222223535,5,False,65,True,False,ExtractTask,True,False,2
747,7622.62222223535,4,True,-1,False,False,RestTask,False,True,-1
747,7622.62222223535,12,False,41,True,False,ExtractTask,True,False,2
747,7622.62222223535,13,True,-1,True,False,ExtractTask,False,False,-1
747,7622.62222223535,14,True,-1,False,False,RestTask,True,True,-1
747,7622.62222223535,7,False,19,True,False,ExtractTask,True,False,3
748,7638.88888890211,1,False,94,True,False,ExtractTask,True,False,3
748,7638.88888890211,10,False,6,True,False,ExtractTask,True,False,4
748,7638.88888890211,11,False,20,True,False,ExtractTask,True,False,2
748,7638.88888890211,3,True,-1,False,False,RestTask,True,True,-1
748,7638.88888890211,5,False,65,True,False,ExtractTask,True,False,2
748,7638.88888890211,4,True,-1,False,False,RestTask,True,True,-1
748,7638.88888890211,12,False,41,True,False,ExtractTask,True,False,2
748,7638.88888890211,13,False,69,True,False,ExtractTask,False,False,1
748,7638.88888890211,14,True,-1,False,False,RestTask,True,True,-1
748,7638.88888890211,7,False,19,True,False,ExtractTask,True,False,3
749,7658.93333334668,1,False,94,True,False,ExtractTask,True,False,3
749,7658.93333334668,10,False,6,True,False,ExtractTask,True,False,4
749,7658.93333334668,11,False,20,True,False,ExtractTask,True,False,2
749,7658.93333334668,3,True,-1,False,False,RestTask,True,True,-1
749,7658.93333334668,5,False,65,True,False,ExtractTask,True,False,2
749,7658.93333334668,4,True,-1,False,False,RestTask,True,True,-1
749,7658.93333334668,12,False,41,True,False,ExtractTask,True,False,2
749,7658.93333334668,13,False,69,True,False,ExtractTask,True,False,1
749,7658.93333334668,14,True,-1,False,False,RestTask,True,True,-1
749,7658.93333334668,7,False,19,True,False,ExtractTask,True,False,3
750,7678.97777779124,1,False,94,True,False,ExtractTask,True,False,3
750,7678.97777779124,10,False,6,True,False,ExtractTask,True,False,4
750,7678.97777779124,11,False,20,True,False,ExtractTask,True,False,2
750,7678.97777779124,3,True,-1,False,False,RestTask,True,True,-1
750,7678.97777779124,5,False,65,True,False,ExtractTask,True,False,2
750,7678.97777779124,4,True,-1,False,False,RestTask,True,True,-1
750,7678.97777779124,12,False,41,True,False,ExtractTask,True,False,2
750,7678.97777779124,13,False,69,True,False,ExtractTask,True,False,1
750,7678.97777779124,14,True,-1,False,False,RestTask,True,True,-1
750,7678.97777779124,7,False,19,True,False,ExtractTask,True,False,3
751,7699.0222222358,1,False,94,True,False,ExtractTask,True,False,3
751,7699.0222222358,10,False,6,True,False,ExtractTask,True,False,4
751,7699.0222222358,11,False,20,True,False,ExtractTask,True,False,2
751,7699.0222222358,3,True,-1,False,False,RestTask,True,True,-1
751,7699.0222222358,5,False,65,True,False,ExtractTask,True,False,2
751,7699.0222222358,4,False,21,True,False,ExtractTask,False,False,5
751,7699.0222222358,12,False,41,True,False,ExtractTask,True,False,2
751,7699.0222222358,13,False,69,True,False,ExtractTask,True,False,1
751,7699.0222222358,14,True,-1,False,False,RestTask,True,True,-1
751,7699.0222222358,7,False,19,True,False,ExtractTask,True,False,2
752,7709.06666668031,1,False,94,True,False,ExtractTask,True,False,3
752,7709.06666668031,10,False,6,True,False,ParkPodTask,False,False,4
752,7709.06666668031,11,False,20,True,False,ExtractTask,True,False,2
752,7709.06666668031,3,True,-1,False,False,RestTask,True,True,-1
752,7709.06666668031,5,False,65,True,False,ExtractTask,True,False,2
752,7709.06666668031,4,False,21,True,False,ExtractTask,False,False,5
752,7709.06666668031,12,False,41,True,False,ExtractTask,False,False,2
752,7709.06666668031,13,False,69,True,False,ExtractTask,True,False,1
752,7709.06666668031,14,True,-1,False,False,RestTask,True,True,-1
752,7709.06666668031,7,False,19,True,False,ExtractTask,True,False,2
753,7722.66666668039,1,False,94,True,False,ExtractTask,True,False,3
753,7722.66666668039,10,True,-1,False,False,RestTask,False,True,-1
753,7722.66666668039,11,False,20,True,False,ExtractTask,True,False,2
753,7722.66666668039,3,True,-1,False,False,RestTask,True,True,-1
753,7722.66666668039,5,False,65,True,False,ExtractTask,True,False,2
753,7722.66666668039,4,False,21,True,False,ExtractTask,False,False,5
753,7722.66666668039,12,False,41,True,False,ExtractTask,True,False,2
753,7722.66666668039,13,False,69,True,False,ExtractTask,True,False,1
753,7722.66666668039,14,True,-1,False,False,RestTask,True,True,-1
753,7722.66666668039,7,False,19,True,False,ExtractTask,True,False,2
754,7749.11111112499,1,False,94,True,False,ExtractTask,True,False,3
754,7749.11111112499,10,True,-1,False,False,RestTask,True,True,-1
754,7749.11111112499,11,False,20,True,False,ExtractTask,True,False,2
754,7749.11111112499,3,True,-1,False,False,RestTask,True,True,-1
754,7749.11111112499,5,False,65,True,False,ExtractTask,True,False,2
754,7749.11111112499,4,False,21,True,False,ExtractTask,True,False,5
754,7749.11111112499,12,True,-1,False,False,RestTask,False,True,-1
754,7749.11111112499,13,False,69,True,False,ExtractTask,True,False,1
754,7749.11111112499,14,True,-1,False,False,RestTask,True,True,-1
754,7749.11111112499,7,False,19,True,False,ParkPodTask,False,False,1
755,7752.71111112501,1,False,94,True,False,ExtractTask,True,False,3
755,7752.71111112501,10,True,-1,False,False,RestTask,True,True,-1
755,7752.71111112501,11,False,20,True,False,ExtractTask,True,False,2
755,7752.71111112501,3,True,-1,False,False,RestTask,True,True,-1
755,7752.71111112501,5,False,65,True,False,ExtractTask,True,False,2
755,7752.71111112501,4,False,21,True,False,ExtractTask,True,False,5
755,7752.71111112501,12,True,-1,False,False,RestTask,True,True,-1
755,7752.71111112501,13,False,69,True,False,ExtractTask,True,False,1
755,7752.71111112501,14,True,-1,False,False,RestTask,True,True,-1
755,7752.71111112501,7,False,19,True,False,ParkPodTask,False,False,1
756,7759.15555556949,1,False,94,True,False,ParkPodTask,False,False,3
756,7759.15555556949,10,True,-1,False,False,RestTask,True,True,-1
756,7759.15555556949,11,False,20,True,False,ExtractTask,False,False,2
756,7759.15555556949,3,True,-1,False,False,RestTask,True,True,-1
756,7759.15555556949,5,False,65,True,False,ExtractTask,True,False,2
756,7759.15555556949,4,False,21,True,False,ExtractTask,True,False,5
756,7759.15555556949,12,True,-1,False,False,RestTask,True,True,-1
756,7759.15555556949,13,False,69,True,False,ExtractTask,True,False,1
756,7759.15555556949,14,True,-1,False,False,RestTask,True,True,-1
756,7759.15555556949,7,True,-1,False,False,RestTask,False,True,-1
757,7779.20000001405,1,True,-1,False,False,RestTask,False,True,-1
757,7779.20000001405,10,False,87,True,False,ExtractTask,False,False,3
757,7779.20000001405,11,False,20,True,False,ExtractTask,True,False,2
757,7779.20000001405,3,True,-1,False,False,RestTask,True,True,-1
757,7779.20000001405,5,False,65,True,False,ExtractTask,True,False,2
757,7779.20000001405,4,False,21,True,False,ExtractTask,True,False,5
757,7779.20000001405,12,True,-1,False,False,RestTask,True,True,-1
757,7779.20000001405,13,False,69,True,False,ExtractTask,True,False,1
757,7779.20000001405,14,True,-1,False,False,RestTask,True,True,-1
757,7779.20000001405,7,True,-1,False,False,RestTask,True,True,-1
758,7782.75555556963,1,True,-1,False,False,RestTask,False,True,-1
758,7782.75555556963,10,False,87,True,False,ExtractTask,False,False,3
758,7782.75555556963,11,False,20,True,False,ExtractTask,True,False,2
758,7782.75555556963,3,True,-1,False,False,RestTask,True,True,-1
758,7782.75555556963,5,False,65,True,False,ExtractTask,True,False,2
758,7782.75555556963,4,False,21,True,False,ExtractTask,True,False,5
758,7782.75555556963,12,True,-1,False,False,RestTask,True,True,-1
758,7782.75555556963,13,False,69,True,False,ExtractTask,True,False,1
758,7782.75555556963,14,True,-1,False,False,RestTask,True,True,-1
758,7782.75555556963,7,True,-1,False,False,RestTask,True,True,-1
759,7812.80000001425,1,True,-1,False,False,RestTask,True,True,-1
759,7812.80000001425,10,False,87,True,False,ExtractTask,True,False,3
759,7812.80000001425,11,False,20,True,False,ExtractTask,True,False,2
759,7812.80000001425,3,True,-1,False,False,RestTask,True,True,-1
759,7812.80000001425,5,False,65,True,False,ExtractTask,True,False,2
759,7812.80000001425,4,False,21,True,False,ExtractTask,True,False,5
759,7812.80000001425,12,False,6,True,False,ExtractTask,False,False,4
759,7812.80000001425,13,False,69,True,False,ExtractTask,True,False,1
759,7812.80000001425,14,True,-1,False,False,RestTask,True,True,-1
759,7812.80000001425,7,True,-1,False,False,RestTask,True,True,-1
760,7832.84444445882,1,True,-1,False,False,RestTask,True,True,-1
760,7832.84444445882,10,False,87,True,False,ExtractTask,True,False,3
760,7832.84444445882,11,False,20,True,False,ExtractTask,True,False,2
760,7832.84444445882,3,True,-1,False,False,RestTask,True,True,-1
760,7832.84444445882,5,False,65,True,False,ExtractTask,True,False,2
760,7832.84444445882,4,False,21,True,False,ExtractTask,True,False,5
760,7832.84444445882,12,False,6,True,False,ExtractTask,True,False,4
760,7832.84444445882,13,False,69,True,False,ParkPodTask,False,False,1
760,7832.84444445882,14,True,-1,False,False,RestTask,True,True,-1
760,7832.84444445882,7,True,-1,False,False,RestTask,True,True,-1
761,7849.24444445891,1,True,-1,False,False,RestTask,True,True,-1
761,7849.24444445891,10,False,87,True,False,ExtractTask,True,False,3
761,7849.24444445891,11,False,20,True,False,ExtractTask,True,False,2
761,7849.24444445891,3,True,-1,False,False,RestTask,True,True,-1
761,7849.24444445891,5,False,65,True,False,ExtractTask,True,False,2
761,7849.24444445891,4,False,21,True,False,ExtractTask,True,False,5
761,7849.24444445891,12,False,6,True,False,ExtractTask,True,False,4
761,7849.24444445891,13,True,-1,False,False,RestTask,False,True,-1
761,7849.24444445891,14,True,-1,False,False,RestTask,True,True,-1
761,7849.24444445891,7,False,81,True,False,ExtractTask,False,False,2
762,7852.88888890338,1,True,-1,False,False,RestTask,True,True,-1
762,7852.88888890338,10,False,87,True,False,ExtractTask,True,False,3
762,7852.88888890338,11,False,20,True,False,ExtractTask,True,False,2
762,7852.88888890338,3,True,-1,False,False,RestTask,True,True,-1
762,7852.88888890338,5,False,65,True,False,ExtractTask,True,False,2
762,7852.88888890338,4,False,21,True,False,ExtractTask,True,False,5
762,7852.88888890338,12,False,6,True,False,ExtractTask,True,False,4
762,7852.88888890338,13,True,-1,False,False,RestTask,False,True,-1
762,7852.88888890338,14,True,-1,True,True,RestTask,True,False,-1
762,7852.88888890338,7,False,81,True,False,ExtractTask,False,False,2
763,7869.28888890348,1,True,-1,False,False,RestTask,True,True,-1
763,7869.28888890348,10,False,87,True,False,ExtractTask,True,False,3
763,7869.28888890348,11,False,20,True,False,ExtractTask,True,False,2
763,7869.28888890348,3,True,-1,False,False,RestTask,True,True,-1
763,7869.28888890348,5,False,65,True,False,ExtractTask,True,False,2
763,7869.28888890348,4,False,21,True,False,ExtractTask,True,False,5
763,7869.28888890348,12,False,6,True,False,ExtractTask,True,False,4
763,7869.28888890348,13,True,-1,False,False,RestTask,True,True,-1
763,7869.28888890348,14,False,97,True,False,ExtractTask,False,False,2
763,7869.28888890348,7,False,81,True,False,ExtractTask,True,False,2
764,7899.3333333481,1,True,-1,False,False,RestTask,True,True,-1
764,7899.3333333481,10,False,87,True,False,ExtractTask,True,False,3
764,7899.3333333481,11,False,20,True,False,ExtractTask,True,False,2
764,7899.3333333481,3,True,-1,False,False,RestTask,True,True,-1
764,7899.3333333481,5,False,65,True,False,ExtractTask,True,False,2
764,7899.3333333481,4,False,21,True,False,ExtractTask,True,False,5
764,7899.3333333481,12,False,6,True,False,ExtractTask,True,False,4
764,7899.3333333481,13,True,-1,False,False,RestTask,True,True,-1
764,7899.3333333481,14,False,97,True,False,ExtractTask,True,False,2
764,7899.3333333481,7,False,81,True,False,ExtractTask,True,False,2
765,7909.3777777926,1,True,-1,False,False,RestTask,True,True,-1
765,7909.3777777926,10,False,87,True,False,ExtractTask,True,False,3
765,7909.3777777926,11,False,20,True,False,ExtractTask,True,False,1
765,7909.3777777926,3,True,-1,False,False,RestTask,True,True,-1
765,7909.3777777926,5,False,65,True,False,ExtractTask,True,False,2
765,7909.3777777926,4,False,21,True,False,ExtractTask,True,False,5
765,7909.3777777926,12,False,6,True,False,ExtractTask,True,False,4
765,7909.3777777926,13,True,-1,False,False,RestTask,True,True,-1
765,7909.3777777926,14,False,97,True,False,ExtractTask,True,False,2
765,7909.3777777926,7,False,81,True,False,ExtractTask,True,False,2
766,7912.93333334818,1,True,-1,False,False,RestTask,True,True,-1
766,7912.93333334818,10,False,87,True,False,ExtractTask,True,False,3
766,7912.93333334818,11,False,20,True,False,ExtractTask,True,False,1
766,7912.93333334818,3,True,-1,True,False,ExtractTask,False,False,-1
766,7912.93333334818,5,False,65,True,False,ExtractTask,True,False,2
766,7912.93333334818,4,False,21,True,False,ExtractTask,True,False,4
766,7912.93333334818,12,False,6,True,False,ExtractTask,True,False,4
766,7912.93333334818,13,True,-1,False,False,RestTask,True,True,-1
766,7912.93333334818,14,False,97,True,False,ExtractTask,True,False,2
766,7912.93333334818,7,False,81,True,False,ExtractTask,True,False,2
767,7939.42222223722,1,True,-1,False,False,RestTask,True,True,-1
767,7939.42222223722,10,False,87,True,False,ExtractTask,True,False,3
767,7939.42222223722,11,True,-1,False,False,RestTask,False,True,-1
767,7939.42222223722,3,False,72,True,False,ExtractTask,True,False,4
767,7939.42222223722,5,False,65,True,False,ExtractTask,True,False,2
767,7939.42222223722,4,False,21,True,False,ExtractTask,True,False,4
767,7939.42222223722,12,False,6,True,False,ExtractTask,True,False,4
767,7939.42222223722,13,True,-1,False,False,RestTask,True,True,-1
767,7939.42222223722,14,False,97,True,False,ExtractTask,True,False,2
767,7939.42222223722,7,False,81,True,False,ExtractTask,True,False,2
768,7949.46666668173,1,True,-1,False,False,RestTask,True,True,-1
768,7949.46666668173,10,False,87,True,False,ExtractTask,True,False,3
768,7949.46666668173,11,True,-1,True,True,RestTask,False,False,-1
768,7949.46666668173,3,False,72,True,False,ExtractTask,True,False,4
768,7949.46666668173,5,False,65,True,False,ExtractTask,True,False,2
768,7949.46666668173,4,False,21,True,False,ParkPodTask,False,False,3
768,7949.46666668173,12,False,6,True,False,ExtractTask,True,False,4
768,7949.46666668173,13,True,-1,False,False,RestTask,True,True,-1
768,7949.46666668173,14,False,97,True,False,ExtractTask,False,False,2
768,7949.46666668173,7,False,81,True,False,ExtractTask,True,False,2
769,7962.97777779292,1,True,-1,False,False,RestTask,True,True,-1
769,7962.97777779292,10,False,87,True,False,ExtractTask,True,False,3
769,7962.97777779292,11,True,-1,True,False,ExtractTask,False,False,-1
769,7962.97777779292,3,False,72,True,False,ExtractTask,True,False,4
769,7962.97777779292,5,False,65,True,False,ExtractTask,True,False,2
769,7962.97777779292,4,True,-1,False,False,RestTask,True,True,-1
769,7962.97777779292,12,False,6,True,False,ExtractTask,True,False,4
769,7962.97777779292,13,True,-1,False,False,RestTask,True,True,-1
769,7962.97777779292,14,False,97,True,False,ExtractTask,True,False,2
769,7962.97777779292,7,False,81,True,False,ExtractTask,True,False,2
770,7969.51111112629,1,True,-1,False,False,RestTask,True,True,-1
770,7969.51111112629,10,False,87,True,False,ExtractTask,True,False,3
770,7969.51111112629,11,True,-1,True,False,ExtractTask,False,False,-1
770,7969.51111112629,3,False,72,True,False,ExtractTask,True,False,4
770,7969.51111112629,5,False,65,True,False,ExtractTask,True,False,2
770,7969.51111112629,4,True,-1,False,False,RestTask,True,True,-1
770,7969.51111112629,12,False,6,True,False,ExtractTask,True,False,4
770,7969.51111112629,13,True,-1,False,False,RestTask,True,True,-1
770,7969.51111112629,14,False,97,True,False,ExtractTask,True,False,2
770,7969.51111112629,7,False,81,True,False,ExtractTask,True,False,2
771,7973.02222223742,1,True,-1,False,False,RestTask,True,True,-1
771,7973.02222223742,10,False,87,True,False,ExtractTask,True,False,3
771,7973.02222223742,11,True,-1,True,False,ExtractTask,False,False,-1
771,7973.02222223742,3,False,72,True,False,ExtractTask,True,False,4
771,7973.02222223742,5,False,65,True,False,ExtractTask,True,False,2
771,7973.02222223742,4,True,-1,False,False,RestTask,True,True,-1
771,7973.02222223742,12,False,6,True,False,ExtractTask,True,False,4
771,7973.02222223742,13,True,-1,False,False,RestTask,True,True,-1
771,7973.02222223742,14,False,97,True,False,ExtractTask,True,False,2
771,7973.02222223742,7,False,81,True,False,ExtractTask,True,False,2
772,7989.55555557085,1,True,-1,False,False,RestTask,True,True,-1
772,7989.55555557085,10,False,87,True,False,ExtractTask,True,False,3
772,7989.55555557085,11,False,13,True,False,ExtractTask,False,False,5
772,7989.55555557085,3,False,72,True,False,ExtractTask,True,False,4
772,7989.55555557085,5,False,65,True,False,ExtractTask,True,False,2
772,7989.55555557085,4,True,-1,False,False,RestTask,True,True,-1
772,7989.55555557085,12,False,6,True,False,ExtractTask,True,False,4
772,7989.55555557085,13,True,-1,False,False,RestTask,True,True,-1
772,7989.55555557085,14,False,97,True,False,ExtractTask,True,False,2
772,7989.55555557085,7,False,81,True,False,ExtractTask,True,False,2
773,8003.06666668204,1,True,-1,False,False,RestTask,True,True,-1
773,8003.06666668204,10,False,87,True,False,ExtractTask,True,False,3
773,8003.06666668204,11,False,13,True,False,ExtractTask,True,False,5
773,8003.06666668204,3,False,72,True,False,ExtractTask,True,False,4
773,8003.06666668204,5,False,65,True,False,ParkPodTask,False,False,1
773,8003.06666668204,4,False,19,True,False,ExtractTask,False,False,1
773,8003.06666668204,12,False,6,True,False,ExtractTask,True,False,4
773,8003.06666668204,13,True,-1,False,False,RestTask,True,True,-1
773,8003.06666668204,14,False,97,True,False,ExtractTask,True,False,2
773,8003.06666668204,7,False,81,True,False,ExtractTask,True,False,2
774,8013.11111112655,1,True,-1,False,False,RestTask,True,True,-1
774,8013.11111112655,10,False,87,True,False,ExtractTask,True,False,3
774,8013.11111112655,11,False,13,True,False,ExtractTask,True,False,5
774,8013.11111112655,3,False,72,True,False,ExtractTask,True,False,4
774,8013.11111112655,5,True,-1,False,False,RestTask,False,True,-1
774,8013.11111112655,4,False,19,True,False,ExtractTask,False,False,1
774,8013.11111112655,12,False,6,True,False,ExtractTask,True,False,4
774,8013.11111112655,13,True,-1,False,False,RestTask,True,True,-1
774,8013.11111112655,14,False,97,True,False,ExtractTask,True,False,2
774,8013.11111112655,7,False,81,True,False,ExtractTask,True,False,2
775,8029.60000001553,1,True,-1,False,False,RestTask,True,True,-1
775,8029.60000001553,10,False,87,True,False,ExtractTask,True,False,2
775,8029.60000001553,11,False,13,True,False,ExtractTask,True,False,5
775,8029.60000001553,3,False,72,True,False,ExtractTask,True,False,4
775,8029.60000001553,5,True,-1,False,False,RestTask,True,True,-1
775,8029.60000001553,4,False,19,True,False,ExtractTask,True,False,1
775,8029.60000001553,12,False,6,True,False,ExtractTask,True,False,4
775,8029.60000001553,13,True,-1,False,False,RestTask,True,True,-1
775,8029.60000001553,14,False,97,True,False,ExtractTask,True,False,2
775,8029.60000001553,7,False,81,True,False,ExtractTask,True,False,2
776,8033.15555557111,1,True,-1,True,False,ExtractTask,False,False,-1
776,8033.15555557111,10,False,87,True,False,ExtractTask,True,False,2
776,8033.15555557111,11,False,13,True,False,ExtractTask,True,False,5
776,8033.15555557111,3,False,72,True,False,ExtractTask,True,False,4
776,8033.15555557111,5,True,-1,False,False,RestTask,True,True,-1
776,8033.15555557111,4,False,19,True,False,ExtractTask,True,False,1
776,8033.15555557111,12,False,6,True,False,ExtractTask,True,False,4
776,8033.15555557111,13,True,-1,False,False,RestTask,True,True,-1
776,8033.15555557111,14,False,97,True,False,ExtractTask,True,False,2
776,8033.15555557111,7,False,81,True,False,ExtractTask,True,False,2
777,8039.64444446004,1,False,36,True,False,ExtractTask,True,False,4
777,8039.64444446004,10,False,87,True,False,ExtractTask,True,False,2
777,8039.64444446004,11,False,13,True,False,ExtractTask,True,False,5
777,8039.64444446004,3,False,72,True,False,ExtractTask,True,False,4
777,8039.64444446004,5,True,-1,False,False,RestTask,True,True,-1
777,8039.64444446004,4,False,19,True,False,ExtractTask,True,False,1
777,8039.64444446004,12,False,6,True,False,ExtractTask,True,False,4
777,8039.64444446004,13,True,-1,False,False,RestTask,True,True,-1
777,8039.64444446004,14,False,97,True,False,ExtractTask,True,False,2
777,8039.64444446004,7,False,81,True,False,ExtractTask,True,False,2
778,8043.20000001561,1,False,36,True,False,ExtractTask,False,False,4
778,8043.20000001561,10,False,87,True,False,ExtractTask,True,False,2
778,8043.20000001561,11,False,13,True,False,ExtractTask,True,False,5
778,8043.20000001561,3,False,72,True,False,ExtractTask,True,False,4
778,8043.20000001561,5,True,-1,False,False,RestTask,True,True,-1
778,8043.20000001561,4,False,19,True,False,ExtractTask,True,False,1
778,8043.20000001561,12,False,6,True,False,ExtractTask,True,False,4
778,8043.20000001561,13,True,-1,False,False,RestTask,True,True,-1
778,8043.20000001561,14,False,97,True,False,ExtractTask,True,False,2
778,8043.20000001561,7,False,81,True,False,ExtractTask,True,False,2
779,8063.24444446018,1,False,36,True,False,ExtractTask,False,False,4
779,8063.24444446018,10,False,87,True,False,ParkPodTask,False,False,2
779,8063.24444446018,11,False,13,True,False,ExtractTask,True,False,5
779,8063.24444446018,3,False,72,True,False,ExtractTask,True,False,4
779,8063.24444446018,5,True,-1,False,False,RestTask,True,True,-1
779,8063.24444446018,4,False,19,True,False,ExtractTask,True,False,1
779,8063.24444446018,12,False,6,True,False,ExtractTask,True,False,3
779,8063.24444446018,13,True,-1,False,False,RestTask,True,True,-1
779,8063.24444446018,14,False,97,True,False,ExtractTask,True,False,2
779,8063.24444446018,7,False,81,True,False,ExtractTask,True,False,2
780,8069.68888890466,1,False,36,True,False,ExtractTask,True,False,4
780,8069.68888890466,10,True,-1,False,False,RestTask,False,True,-1
780,8069.68888890466,11,False,13,True,False,ExtractTask,True,False,5
780,8069.68888890466,3,False,72,True,False,ExtractTask,True,False,4
780,8069.68888890466,5,True,-1,False,False,RestTask,True,True,-1
780,8069.68888890466,4,False,19,True,False,ExtractTask,True,False,1
780,8069.68888890466,12,False,6,True,False,ExtractTask,True,False,2
780,8069.68888890466,13,True,-1,False,False,RestTask,True,True,-1
780,8069.68888890466,14,False,97,True,False,ExtractTask,True,False,2
780,8069.68888890466,7,False,81,True,False,ExtractTask,True,False,2
781,8073.28888890468,1,False,36,True,False,ExtractTask,True,False,4
781,8073.28888890468,10,True,-1,False,False,RestTask,False,True,-1
781,8073.28888890468,11,False,13,True,False,ExtractTask,True,False,5
781,8073.28888890468,3,False,72,True,False,ExtractTask,True,False,4
781,8073.28888890468,5,True,-1,False,False,RestTask,True,True,-1
781,8073.28888890468,4,False,19,True,False,ExtractTask,True,False,1
781,8073.28888890468,12,False,6,True,False,ExtractTask,True,False,2
781,8073.28888890468,13,True,-1,False,False,RestTask,True,True,-1
781,8073.28888890468,14,False,97,True,False,ExtractTask,True,False,2
781,8073.28888890468,7,False,81,True,False,ExtractTask,True,False,2
782,8083.33333334919,1,False,36,True,False,ExtractTask,True,False,4
782,8083.33333334919,10,True,-1,True,False,ExtractTask,False,False,-1
782,8083.33333334919,11,False,13,True,False,ExtractTask,True,False,5
782,8083.33333334919,3,False,72,True,False,ExtractTask,True,False,4
782,8083.33333334919,5,True,-1,False,False,RestTask,True,True,-1
782,8083.33333334919,4,False,19,True,False,ExtractTask,True,False,1
782,8083.33333334919,12,False,6,True,False,ExtractTask,True,False,2
782,8083.33333334919,13,True,-1,False,False,RestTask,True,True,-1
782,8083.33333334919,14,False,97,True,False,ExtractTask,True,False,2
782,8083.33333334919,7,False,81,True,False,ExtractTask,True,False,2
783,8093.37777779369,1,False,36,True,False,ExtractTask,True,False,4
783,8093.37777779369,10,False,67,True,False,ExtractTask,False,False,2
783,8093.37777779369,11,False,13,True,False,ExtractTask,True,False,5
783,8093.37777779369,3,False,72,True,False,ExtractTask,True,False,4
783,8093.37777779369,5,True,-1,True,False,ExtractTask,False,False,-1
783,8093.37777779369,4,False,19,True,False,ExtractTask,True,False,1
783,8093.37777779369,12,False,6,True,False,ExtractTask,True,False,2
783,8093.37777779369,13,True,-1,False,False,RestTask,True,True,-1
783,8093.37777779369,14,False,97,True,False,ParkPodTask,False,False,2
783,8093.37777779369,7,False,81,True,False,ExtractTask,True,False,2
784,8099.73333334928,1,False,36,True,False,ExtractTask,True,False,4
784,8099.73333334928,10,False,67,True,False,ExtractTask,False,False,2
784,8099.73333334928,11,False,13,True,False,ExtractTask,True,False,5
784,8099.73333334928,3,False,72,True,False,ExtractTask,True,False,4
784,8099.73333334928,5,False,31,True,False,ExtractTask,False,False,2
784,8099.73333334928,4,False,19,True,False,ExtractTask,False,False,1
784,8099.73333334928,12,False,6,True,False,ExtractTask,True,False,2
784,8099.73333334928,13,True,-1,False,False,RestTask,True,True,-1
784,8099.73333334928,14,False,97,True,False,ParkPodTask,False,False,2
784,8099.73333334928,7,False,81,True,False,ExtractTask,True,False,2
785,8109.77777779379,1,False,36,True,False,ExtractTask,True,False,4
785,8109.77777779379,10,False,67,True,False,ExtractTask,True,False,2
785,8109.77777779379,11,False,13,True,False,ExtractTask,True,False,5
785,8109.77777779379,3,False,72,True,False,ExtractTask,True,False,4
785,8109.77777779379,5,False,31,True,False,ExtractTask,False,False,2
785,8109.77777779379,4,False,19,True,False,ExtractTask,True,False,1
785,8109.77777779379,12,False,6,True,False,ExtractTask,True,False,2
785,8109.77777779379,13,True,-1,False,False,RestTask,True,True,-1
785,8109.77777779379,14,True,-1,False,False,RestTask,False,True,-1
785,8109.77777779379,7,False,81,True,False,ExtractTask,True,False,2
786,8133.42222223837,1,False,36,True,False,ExtractTask,True,False,4
786,8133.42222223837,10,False,67,True,False,ExtractTask,True,False,2
786,8133.42222223837,11,False,13,True,False,ExtractTask,True,False,5
786,8133.42222223837,3,False,72,True,False,ExtractTask,True,False,4
786,8133.42222223837,5,False,31,True,False,ExtractTask,False,False,2
786,8133.42222223837,4,False,19,True,False,ExtractTask,True,False,1
786,8133.42222223837,12,False,6,True,False,ParkPodTask,False,False,2
786,8133.42222223837,13,False,30,True,False,ExtractTask,False,False,1
786,8133.42222223837,14,True,-1,False,False,RestTask,True,True,-1
786,8133.42222223837,7,False,81,True,False,ExtractTask,True,False,2
787,8149.82222223847,1,False,36,True,False,ExtractTask,True,False,4
787,8149.82222223847,10,False,67,True,False,ExtractTask,True,False,2
787,8149.82222223847,11,False,13,True,False,ExtractTask,True,False,5
787,8149.82222223847,3,False,72,True,False,ExtractTask,True,False,3
787,8149.82222223847,5,False,31,True,False,ExtractTask,True,False,2
787,8149.82222223847,4,False,19,True,False,ExtractTask,True,False,1
787,8149.82222223847,12,True,-1,False,False,RestTask,False,True,-1
787,8149.82222223847,13,False,30,True,False,ExtractTask,True,False,1
787,8149.82222223847,14,False,42,True,False,ExtractTask,False,False,2
787,8149.82222223847,7,False,81,True,False,ExtractTask,True,False,2
788,8153.46666668293,1,False,36,True,False,ExtractTask,True,False,4
788,8153.46666668293,10,False,67,True,False,ExtractTask,True,False,2
788,8153.46666668293,11,False,13,True,False,ExtractTask,True,False,5
788,8153.46666668293,3,False,72,True,False,ExtractTask,True,False,3
788,8153.46666668293,5,False,31,True,False,ExtractTask,True,False,2
788,8153.46666668293,4,False,19,True,False,ExtractTask,True,False,1
788,8153.46666668293,12,True,-1,False,False,RestTask,False,True,-1
788,8153.46666668293,13,False,30,True,False,ExtractTask,True,False,1
788,8153.46666668293,14,False,42,True,False,ExtractTask,False,False,2
788,8153.46666668293,7,False,81,True,False,ExtractTask,True,False,2
789,8163.51111112744,1,False,36,True,False,ExtractTask,True,False,4
789,8163.51111112744,10,False,67,True,False,ExtractTask,True,False,2
789,8163.51111112744,11,False,13,True,False,ExtractTask,True,False,5
789,8163.51111112744,3,False,72,True,False,ParkPodTask,False,False,3
789,8163.51111112744,5,False,31,True,False,ExtractTask,True,False,2
789,8163.51111112744,4,False,19,True,False,ExtractTask,True,False,1
789,8163.51111112744,12,True,-1,False,False,RestTask,True,True,-1
789,8163.51111112744,13,False,30,True,False,ExtractTask,True,False,1
789,8163.51111112744,14,False,42,True,False,ExtractTask,True,False,2
789,8163.51111112744,7,False,81,True,False,ExtractTask,True,False,2
790,8173.55555557194,1,False,36,True,False,ExtractTask,True,False,4
790,8173.55555557194,10,False,67,True,False,ExtractTask,True,False,2
790,8173.55555557194,11,False,13,True,False,ExtractTask,True,False,5
790,8173.55555557194,3,False,72,True,False,ParkPodTask,False,False,3
790,8173.55555557194,5,False,31,True,False,ExtractTask,True,False,2
790,8173.55555557194,4,False,19,True,False,ExtractTask,True,False,1
790,8173.55555557194,12,True,-1,False,False,RestTask,True,True,-1
790,8173.55555557194,13,False,30,True,False,ExtractTask,True,False,1
790,8173.55555557194,14,False,42,True,False,ExtractTask,False,False,2
790,8173.55555557194,7,False,81,True,False,ParkPodTask,False,False,2
791,8183.60000001644,1,False,36,True,False,ExtractTask,True,False,4
791,8183.60000001644,10,False,67,True,False,ExtractTask,True,False,2
791,8183.60000001644,11,False,13,True,False,ExtractTask,True,False,5
791,8183.60000001644,3,True,-1,False,False,RestTask,False,True,-1
791,8183.60000001644,5,False,31,True,False,ExtractTask,True,False,2
791,8183.60000001644,4,False,19,True,False,ExtractTask,True,False,1
791,8183.60000001644,12,True,-1,False,False,RestTask,True,True,-1
791,8183.60000001644,13,False,30,True,False,ExtractTask,True,False,1
791,8183.60000001644,14,False,42,True,False,ExtractTask,True,False,2
791,8183.60000001644,7,True,-1,False,False,RestTask,False,True,-1
792,8189.86666668315,1,False,36,True,False,ExtractTask,True,False,4
792,8189.86666668315,10,False,67,True,False,ExtractTask,True,False,2
792,8189.86666668315,11,False,13,True,False,ExtractTask,True,False,5
792,8189.86666668315,3,True,-1,False,False,RestTask,True,True,-1
792,8189.86666668315,5,False,31,True,False,ExtractTask,True,False,2
792,8189.86666668315,4,False,19,True,False,ExtractTask,True,False,1
792,8189.86666668315,12,True,-1,False,False,RestTask,True,True,-1
792,8189.86666668315,13,False,30,True,False,ExtractTask,True,False,1
792,8189.86666668315,14,False,42,True,False,ExtractTask,True,False,2
792,8189.86666668315,7,True,-1,True,True,RestTask,False,False,-1
793,8213.73333334951,1,False,36,True,False,ExtractTask,True,False,4
793,8213.73333334951,10,False,67,True,False,ExtractTask,True,False,2
793,8213.73333334951,11,False,13,True,False,ExtractTask,True,False,5
793,8213.73333334951,3,True,-1,False,False,RestTask,True,True,-1
793,8213.73333334951,5,False,31,True,False,ExtractTask,True,False,2
793,8213.73333334951,4,False,19,True,False,ExtractTask,True,False,1
793,8213.73333334951,12,True,-1,False,False,RestTask,True,True,-1
793,8213.73333334951,13,False,30,True,False,ExtractTask,True,False,1
793,8213.73333334951,14,False,42,True,False,ExtractTask,True,False,2
793,8213.73333334951,7,False,90,True,False,ExtractTask,False,False,1
794,8230.08888890483,1,False,36,True,False,ExtractTask,True,False,4
794,8230.08888890483,10,False,67,True,False,ParkPodTask,False,False,2
794,8230.08888890483,11,False,13,True,False,ParkPodTask,False,False,5
794,8230.08888890483,3,True,-1,False,False,RestTask,True,True,-1
794,8230.08888890483,5,False,31,True,False,ExtractTask,False,False,2
794,8230.08888890483,4,False,19,True,False,ExtractTask,True,False,1
794,8230.08888890483,12,True,-1,False,False,RestTask,True,True,-1
794,8230.08888890483,13,False,30,True,False,ExtractTask,False,False,1
794,8230.08888890483,14,False,42,True,False,ExtractTask,True,False,2
794,8230.08888890483,7,False,90,True,False,ExtractTask,False,False,1
795,8240.17777779357,1,False,36,True,False,ExtractTask,True,False,4
795,8240.17777779357,10,False,67,True,False,ParkPodTask,False,False,2
795,8240.17777779357,11,True,-1,False,False,ParkPodTask,True,True,-1
795,8240.17777779357,3,True,-1,False,False,RestTask,True,True,-1
795,8240.17777779357,5,False,31,True,False,ExtractTask,True,False,2
795,8240.17777779357,4,False,19,True,False,ExtractTask,True,False,1
795,8240.17777779357,12,True,-1,True,False,ExtractTask,False,False,-1
795,8240.17777779357,13,False,30,True,False,ExtractTask,True,False,1
795,8240.17777779357,14,False,42,True,False,ExtractTask,True,False,2
795,8240.17777779357,7,False,90,True,False,ExtractTask,False,False,1
796,8243.91111112685,1,False,36,True,False,ExtractTask,True,False,4
796,8243.91111112685,10,True,-1,False,False,RestTask,False,True,-1
796,8243.91111112685,11,True,-1,False,False,RestTask,False,True,-1
796,8243.91111112685,3,True,-1,False,False,RestTask,True,True,-1
796,8243.91111112685,5,False,31,True,False,ExtractTask,True,False,2
796,8243.91111112685,4,False,19,True,False,ExtractTask,True,False,1
796,8243.91111112685,12,False,77,True,False,ExtractTask,True,False,1
796,8243.91111112685,13,False,30,True,False,ExtractTask,True,False,1
796,8243.91111112685,14,False,42,True,False,ExtractTask,True,False,2
796,8243.91111112685,7,False,90,True,False,ExtractTask,True,False,1
797,8254.00000001559,1,False,36,True,False,ExtractTask,True,False,4
797,8254.00000001559,10,True,-1,False,False,RestTask,False,True,-1
797,8254.00000001559,11,True,-1,False,False,RestTask,True,True,-1
797,8254.00000001559,3,True,-1,False,False,RestTask,True,True,-1
797,8254.00000001559,5,False,31,True,False,ParkPodTask,False,False,2
797,8254.00000001559,4,False,19,True,False,ParkPodTask,False,False,0
797,8254.00000001559,12,False,77,True,False,ExtractTask,False,False,1
797,8254.00000001559,13,False,30,True,False,ExtractTask,True,False,1
797,8254.00000001559,14,False,42,True,False,ExtractTask,True,False,2
797,8254.00000001559,7,False,90,True,False,ExtractTask,True,False,1
798,8264.08888890433,1,False,36,True,False,ExtractTask,True,False,4
798,8264.08888890433,10,True,-1,False,False,RestTask,True,True,-1
798,8264.08888890433,11,True,-1,False,False,RestTask,True,True,-1
798,8264.08888890433,3,True,-1,False,False,RestTask,True,True,-1
798,8264.08888890433,5,True,-1,False,False,ParkPodTask,True,True,-1
798,8264.08888890433,4,False,19,True,False,ParkPodTask,False,False,0
798,8264.08888890433,12,False,77,True,False,ExtractTask,False,False,1
798,8264.08888890433,13,False,30,True,False,ExtractTask,True,False,1
798,8264.08888890433,14,False,42,True,False,ExtractTask,True,False,2
798,8264.08888890433,7,False,90,True,False,ExtractTask,True,False,1
799,8270.35555557091,1,False,36,True,False,ExtractTask,True,False,4
799,8270.35555557091,10,True,-1,False,False,RestTask,True,True,-1
799,8270.35555557091,11,True,-1,False,False,RestTask,True,True,-1
799,8270.35555557091,3,False,13,True,False,ExtractTask,False,False,5
799,8270.35555557091,5,True,-1,False,False,RestTask,True,True,-1
799,8270.35555557091,4,False,19,True,False,ParkPodTask,False,False,0
799,8270.35555557091,12,False,77,True,False,ExtractTask,False,False,1
799,8270.35555557091,13,False,30,True,False,ExtractTask,True,False,1
799,8270.35555557091,14,False,42,True,False,ExtractTask,True,False,2
799,8270.35555557091,7,False,90,True,False,ExtractTask,True,False,1
800,8290.48888890395,1,False,36,True,False,ExtractTask,True,False,4
800,8290.48888890395,10,True,-1,False,False,RestTask,True,True,-1
800,8290.48888890395,11,True,-1,False,False,RestTask,True,True,-1
800,8290.48888890395,3,False,13,True,False,ExtractTask,True,False,5
800,8290.48888890395,5,True,-1,False,False,RestTask,True,True,-1
800,8290.48888890395,4,True,-1,False,False,RestTask,True,True,-1
800,8290.48888890395,12,False,77,True,False,ExtractTask,True,False,1
800,8290.48888890395,13,False,30,True,False,ExtractTask,True,False,1
800,8290.48888890395,14,False,42,True,False,ExtractTask,True,False,2
800,8290.48888890395,7,False,90,True,False,ExtractTask,True,False,1
801,8304.31111112597,1,False,36,True,False,ExtractTask,True,False,4
801,8304.31111112597,10,True,-1,False,False,RestTask,True,True,-1
801,8304.31111112597,11,True,-1,False,False,RestTask,True,True,-1
801,8304.31111112597,3,False,13,True,False,ExtractTask,True,False,5
801,8304.31111112597,5,False,26,True,False,ExtractTask,False,False,3
801,8304.31111112597,4,True,-1,False,False,RestTask,True,True,-1
801,8304.31111112597,12,False,77,True,False,ExtractTask,True,False,1
801,8304.31111112597,13,False,30,True,False,ExtractTask,True,False,1
801,8304.31111112597,14,False,42,True,False,ExtractTask,True,False,2
801,8304.31111112597,7,False,90,True,False,ExtractTask,True,False,1
802,8334.48888890331,1,False,36,True,False,ExtractTask,True,False,4
802,8334.48888890331,10,True,-1,False,False,RestTask,True,True,-1
802,8334.48888890331,11,True,-1,False,False,RestTask,True,True,-1
802,8334.48888890331,3,False,13,True,False,ExtractTask,True,False,5
802,8334.48888890331,5,False,26,True,False,ExtractTask,True,False,3
802,8334.48888890331,4,True,-1,False,False,RestTask,True,True,-1
802,8334.48888890331,12,False,77,True,False,ExtractTask,True,False,1
802,8334.48888890331,13,False,30,True,False,ExtractTask,True,False,1
802,8334.48888890331,14,False,42,True,False,ExtractTask,True,False,2
802,8334.48888890331,7,False,90,True,False,ExtractTask,True,False,1
803,8340.75555556989,1,False,36,True,False,ExtractTask,True,False,4
803,8340.75555556989,10,True,-1,False,False,RestTask,True,True,-1
803,8340.75555556989,11,True,-1,False,False,RestTask,True,True,-1
803,8340.75555556989,3,False,13,True,False,ExtractTask,True,False,5
803,8340.75555556989,5,False,26,True,False,ExtractTask,True,False,3
803,8340.75555556989,4,True,-1,False,False,RestTask,True,True,-1
803,8340.75555556989,12,False,77,True,False,ExtractTask,True,False,1
803,8340.75555556989,13,False,30,True,False,ExtractTask,True,False,1
803,8340.75555556989,14,False,42,True,False,ExtractTask,True,False,2
803,8340.75555556989,7,False,90,True,False,ExtractTask,True,False,1
804,8354.62222223635,1,False,36,True,False,ParkPodTask,False,False,4
804,8354.62222223635,10,True,-1,False,False,RestTask,True,True,-1
804,8354.62222223635,11,True,-1,False,False,RestTask,True,True,-1
804,8354.62222223635,3,False,13,True,False,ExtractTask,True,False,5
804,8354.62222223635,5,False,26,True,False,ExtractTask,True,False,3
804,8354.62222223635,4,True,-1,False,False,RestTask,True,True,-1
804,8354.62222223635,12,False,77,True,False,ExtractTask,True,False,1
804,8354.62222223635,13,False,30,True,False,ExtractTask,True,False,1
804,8354.62222223635,14,False,42,True,False,ExtractTask,True,False,2
804,8354.62222223635,7,False,90,True,False,ExtractTask,True,False,1
805,8360.88888890293,1,False,36,True,False,ParkPodTask,False,False,4
805,8360.88888890293,10,True,-1,False,False,RestTask,True,True,-1
805,8360.88888890293,11,True,-1,False,False,RestTask,True,True,-1
805,8360.88888890293,3,False,13,True,False,ExtractTask,True,False,5
805,8360.88888890293,5,False,26,True,False,ExtractTask,False,False,3
805,8360.88888890293,4,True,-1,False,False,RestTask,True,True,-1
805,8360.88888890293,12,False,77,True,False,ExtractTask,True,False,1
805,8360.88888890293,13,False,30,True,False,ExtractTask,True,False,1
805,8360.88888890293,14,False,42,True,False,ExtractTask,True,False,2
805,8360.88888890293,7,False,90,True,False,ExtractTask,True,False,1
806,8374.75555556939,1,True,-1,False,False,RestTask,True,True,-1
806,8374.75555556939,10,True,-1,False,False,RestTask,True,True,-1
806,8374.75555556939,11,True,-1,False,False,RestTask,True,True,-1
806,8374.75555556939,3,False,13,True,False,ExtractTask,True,False,5
806,8374.75555556939,5,False,26,True,False,ExtractTask,True,False,3
806,8374.75555556939,4,True,-1,False,False,RestTask,True,True,-1
806,8374.75555556939,12,False,77,True,False,ExtractTask,True,False,1
806,8374.75555556939,13,False,30,True,False,ExtractTask,True,False,1
806,8374.75555556939,14,False,42,True,False,ParkPodTask,False,False,1
806,8374.75555556939,7,False,90,True,False,ExtractTask,True,False,1
807,8381.02222223597,1,True,-1,False,False,RestTask,True,True,-1
807,8381.02222223597,10,True,-1,False,False,RestTask,True,True,-1
807,8381.02222223597,11,True,-1,False,False,RestTask,True,True,-1
807,8381.02222223597,3,False,13,True,False,ExtractTask,False,False,5
807,8381.02222223597,5,False,26,True,False,ExtractTask,True,False,3
807,8381.02222223597,4,True,-1,False,False,RestTask,True,True,-1
807,8381.02222223597,12,False,77,True,False,ExtractTask,True,False,1
807,8381.02222223597,13,False,30,True,False,ExtractTask,True,False,1
807,8381.02222223597,14,False,42,True,False,ParkPodTask,False,False,1
807,8381.02222223597,7,False,90,True,False,ParkPodTask,False,False,1
808,8384.84444445813,1,True,-1,False,False,RestTask,True,True,-1
808,8384.84444445813,10,True,-1,False,False,RestTask,True,True,-1
808,8384.84444445813,11,True,-1,False,False,RestTask,True,True,-1
808,8384.84444445813,3,False,13,True,False,ExtractTask,True,False,5
808,8384.84444445813,5,False,26,True,False,ExtractTask,True,False,3
808,8384.84444445813,4,True,-1,False,False,RestTask,True,True,-1
808,8384.84444445813,12,False,77,True,False,ExtractTask,True,False,1
808,8384.84444445813,13,False,30,True,False,ExtractTask,True,False,1
808,8384.84444445813,14,False,42,True,False,ParkPodTask,False,False,1
808,8384.84444445813,7,False,90,True,False,ParkPodTask,False,False,1
809,8394.93333334687,1,True,-1,False,False,RestTask,True,True,-1
809,8394.93333334687,10,True,-1,False,False,RestTask,True,True,-1
809,8394.93333334687,11,True,-1,True,False,ExtractTask,False,False,-1
809,8394.93333334687,3,False,13,True,False,ExtractTask,True,False,5
809,8394.93333334687,5,False,26,True,False,ExtractTask,True,False,3
809,8394.93333334687,4,True,-1,False,False,RestTask,True,True,-1
809,8394.93333334687,12,False,77,True,False,ExtractTask,True,False,1
809,8394.93333334687,13,False,30,True,False,ExtractTask,True,False,1
809,8394.93333334687,14,True,-1,False,False,RestTask,False,True,-1
809,8394.93333334687,7,False,90,True,False,ParkPodTask,False,False,1
810,8401.15555556901,1,True,-1,False,False,RestTask,True,True,-1
810,8401.15555556901,10,True,-1,False,False,RestTask,True,True,-1
810,8401.15555556901,11,False,33,True,False,ExtractTask,False,False,3
810,8401.15555556901,3,False,13,True,False,ExtractTask,True,False,5
810,8401.15555556901,5,False,26,True,False,ExtractTask,True,False,3
810,8401.15555556901,4,True,-1,False,False,RestTask,True,True,-1
810,8401.15555556901,12,False,77,True,False,ExtractTask,True,False,1
810,8401.15555556901,13,False,30,True,False,ExtractTask,True,False,1
810,8401.15555556901,14,True,-1,False,False,RestTask,False,True,-1
810,8401.15555556901,7,True,-1,False,False,RestTask,False,True,-1
811,8411.24444445775,1,True,-1,False,False,RestTask,True,True,-1
811,8411.24444445775,10,True,-1,False,False,RestTask,True,True,-1
811,8411.24444445775,11,False,33,True,False,ExtractTask,False,False,3
811,8411.24444445775,3,False,13,True,False,ExtractTask,True,False,4
811,8411.24444445775,5,False,26,True,False,ExtractTask,True,False,3
811,8411.24444445775,4,True,-1,False,False,RestTask,True,True,-1
811,8411.24444445775,12,False,77,True,False,ExtractTask,True,False,1
811,8411.24444445775,13,False,30,True,False,ExtractTask,True,False,1
811,8411.24444445775,14,True,-1,False,False,RestTask,True,True,-1
811,8411.24444445775,7,True,-1,False,False,RestTask,False,True,-1
812,8415.06666667992,1,True,-1,False,False,RestTask,True,True,-1
812,8415.06666667992,10,True,-1,False,False,RestTask,True,True,-1
812,8415.06666667992,11,False,33,True,False,ExtractTask,False,False,3
812,8415.06666667992,3,False,13,True,False,ExtractTask,True,False,4
812,8415.06666667992,5,False,26,True,False,ExtractTask,True,False,3
812,8415.06666667992,4,True,-1,False,False,RestTask,True,True,-1
812,8415.06666667992,12,False,77,True,False,ExtractTask,True,False,1
812,8415.06666667992,13,False,30,True,False,ExtractTask,True,False,1
812,8415.06666667992,14,True,-1,False,False,RestTask,True,True,-1
812,8415.06666667992,7,True,-1,False,False,RestTask,False,True,-1
813,8435.20000001296,1,True,-1,False,False,RestTask,True,True,-1
813,8435.20000001296,10,True,-1,False,False,RestTask,True,True,-1
813,8435.20000001296,11,False,33,True,False,ExtractTask,True,False,3
813,8435.20000001296,3,False,13,True,False,ExtractTask,True,False,3
813,8435.20000001296,5,False,26,True,False,ExtractTask,True,False,3
813,8435.20000001296,4,True,-1,False,False,RestTask,True,True,-1
813,8435.20000001296,12,False,77,True,False,ExtractTask,True,False,1
813,8435.20000001296,13,False,30,True,False,ExtractTask,True,False,1
813,8435.20000001296,14,True,-1,False,False,RestTask,True,True,-1
813,8435.20000001296,7,True,-1,False,False,RestTask,True,True,-1
814,8445.2888889017,1,True,-1,False,False,RestTask,True,True,-1
814,8445.2888889017,10,True,-1,False,False,RestTask,True,True,-1
814,8445.2888889017,11,False,33,True,False,ExtractTask,True,False,3
814,8445.2888889017,3,False,13,True,False,ExtractTask,True,False,2
814,8445.2888889017,5,False,26,True,False,ExtractTask,True,False,3
814,8445.2888889017,4,True,-1,False,False,RestTask,True,True,-1
814,8445.2888889017,12,False,77,True,False,ExtractTask,True,False,1
814,8445.2888889017,13,False,30,True,False,ExtractTask,True,False,1
814,8445.2888889017,14,True,-1,False,False,RestTask,True,True,-1
814,8445.2888889017,7,False,25,True,False,ExtractTask,False,False,2
815,8455.37777779044,1,True,-1,False,False,RestTask,True,True,-1
815,8455.37777779044,10,True,-1,False,False,RestTask,True,True,-1
815,8455.37777779044,11,False,33,True,False,ExtractTask,True,False,3
815,8455.37777779044,3,False,13,True,False,ExtractTask,True,False,2
815,8455.37777779044,5,False,26,True,False,ExtractTask,True,False,3
815,8455.37777779044,4,True,-1,False,False,RestTask,True,True,-1
815,8455.37777779044,12,False,77,True,False,ExtractTask,True,False,1
815,8455.37777779044,13,False,30,True,False,ParkPodTask,False,False,0
815,8455.37777779044,14,True,-1,False,False,RestTask,True,True,-1
815,8455.37777779044,7,False,25,True,False,ExtractTask,False,False,2
816,8461.51111112368,1,True,-1,False,False,RestTask,True,True,-1
816,8461.51111112368,10,True,-1,False,False,RestTask,True,True,-1
816,8461.51111112368,11,False,33,True,False,ExtractTask,True,False,3
816,8461.51111112368,3,False,13,True,False,ExtractTask,True,False,2
816,8461.51111112368,5,False,26,True,False,ExtractTask,True,False,3
816,8461.51111112368,4,True,-1,False,False,RestTask,True,True,-1
816,8461.51111112368,12,False,77,True,False,ExtractTask,True,False,1
816,8461.51111112368,13,False,30,True,False,ParkPodTask,False,False,0
816,8461.51111112368,14,True,-1,False,False,RestTask,True,True,-1
816,8461.51111112368,7,False,25,True,False,ExtractTask,False,False,2
817,8471.60000001243,1,True,-1,False,False,RestTask,True,True,-1
817,8471.60000001243,10,True,-1,True,False,ExtractTask,False,False,-1
817,8471.60000001243,11,False,33,True,False,ExtractTask,True,False,3
817,8471.60000001243,3,False,13,True,False,ExtractTask,True,False,2
817,8471.60000001243,5,False,26,True,False,ExtractTask,True,False,3
817,8471.60000001243,4,True,-1,False,False,RestTask,True,True,-1
817,8471.60000001243,12,False,77,True,False,ExtractTask,True,False,1
817,8471.60000001243,13,True,-1,False,False,RestTask,False,True,-1
817,8471.60000001243,14,True,-1,False,False,RestTask,True,True,-1
817,8471.60000001243,7,False,25,True,False,ExtractTask,False,False,2
818,8481.68888890117,1,False,69,True,False,ExtractTask,False,False,1
818,8481.68888890117,10,False,72,True,False,ExtractTask,False,False,3
818,8481.68888890117,11,False,33,True,False,ExtractTask,False,False,3
818,8481.68888890117,3,False,13,True,False,ParkPodTask,False,False,2
818,8481.68888890117,5,False,26,True,False,ExtractTask,True,False,3
818,8481.68888890117,4,True,-1,False,False,RestTask,True,True,-1
818,8481.68888890117,12,False,77,True,False,ExtractTask,True,False,1
818,8481.68888890117,13,True,-1,False,False,RestTask,True,True,-1
818,8481.68888890117,14,True,-1,False,False,RestTask,True,True,-1
818,8481.68888890117,7,False,25,True,False,ExtractTask,True,False,2
819,8489.60000001216,1,False,69,True,False,ExtractTask,False,False,1
819,8489.60000001216,10,False,72,True,False,ExtractTask,False,False,3
819,8489.60000001216,11,False,33,True,False,ExtractTask,True,False,3
819,8489.60000001216,3,False,13,True,False,ParkPodTask,False,False,2
819,8489.60000001216,5,False,26,True,False,ExtractTask,True,False,3
819,8489.60000001216,4,True,-1,False,False,RestTask,True,True,-1
819,8489.60000001216,12,False,77,True,False,ExtractTask,True,False,1
819,8489.60000001216,13,True,-1,False,False,RestTask,True,True,-1
819,8489.60000001216,14,True,-1,False,False,RestTask,True,True,-1
819,8489.60000001216,7,False,25,True,False,ExtractTask,True,False,2
820,8490.31111112326,1,False,69,True,False,ExtractTask,False,False,1
820,8490.31111112326,10,False,72,True,False,ExtractTask,False,False,3
820,8490.31111112326,11,False,33,True,False,ExtractTask,True,False,3
820,8490.31111112326,3,True,-1,False,False,ParkPodTask,True,True,-1
820,8490.31111112326,5,False,26,True,False,ExtractTask,True,False,3
820,8490.31111112326,4,True,-1,False,False,RestTask,True,True,-1
820,8490.31111112326,12,False,77,True,False,ExtractTask,True,False,1
820,8490.31111112326,13,True,-1,False,False,RestTask,True,True,-1
820,8490.31111112326,14,True,-1,False,False,RestTask,True,True,-1
820,8490.31111112326,7,False,25,True,False,ExtractTask,True,False,2
821,8495.60000001208,1,False,69,True,False,ExtractTask,False,False,1
821,8495.60000001208,10,False,72,True,False,ExtractTask,True,False,3
821,8495.60000001208,11,False,33,True,False,ExtractTask,True,False,3
821,8495.60000001208,3,True,-1,False,False,RestTask,False,True,-1
821,8495.60000001208,5,False,26,True,False,ExtractTask,True,False,3
821,8495.60000001208,4,True,-1,False,False,RestTask,True,True,-1
821,8495.60000001208,12,False,77,True,False,ExtractTask,True,False,1
821,8495.60000001208,13,True,-1,False,False,RestTask,True,True,-1
821,8495.60000001208,14,True,-1,False,False,RestTask,True,True,-1
821,8495.60000001208,7,False,25,True,False,ExtractTask,True,False,2
822,8515.73333334512,1,False,69,True,False,ExtractTask,True,False,1
822,8515.73333334512,10,False,72,True,False,ExtractTask,True,False,3
822,8515.73333334512,11,False,33,True,False,ExtractTask,True,False,3
822,8515.73333334512,3,True,-1,False,False,RestTask,True,True,-1
822,8515.73333334512,5,False,26,True,False,ExtractTask,True,False,3
822,8515.73333334512,4,False,35,True,False,ExtractTask,False,False,2
822,8515.73333334512,12,False,77,True,False,ExtractTask,True,False,1
822,8515.73333334512,13,True,-1,False,False,RestTask,True,True,-1
822,8515.73333334512,14,True,-1,False,False,RestTask,True,True,-1
822,8515.73333334512,7,False,25,True,False,ExtractTask,True,False,2
823,8542.0000000114,1,False,69,True,False,ExtractTask,True,False,1
823,8542.0000000114,10,False,72,True,False,ExtractTask,True,False,3
823,8542.0000000114,11,False,33,True,False,ExtractTask,True,False,3
823,8542.0000000114,3,False,27,True,False,ExtractTask,False,False,1
823,8542.0000000114,5,False,26,True,False,ExtractTask,True,False,3
823,8542.0000000114,4,False,35,True,False,ExtractTask,True,False,2
823,8542.0000000114,12,True,-1,False,False,RestTask,False,True,-1
823,8542.0000000114,13,True,-1,False,False,RestTask,True,True,-1
823,8542.0000000114,14,True,-1,False,False,RestTask,True,True,-1
823,8542.0000000114,7,False,25,True,False,ExtractTask,True,False,2
824,8552.08888890014,1,False,69,True,False,ExtractTask,True,False,1
824,8552.08888890014,10,False,72,True,False,ExtractTask,True,False,3
824,8552.08888890014,11,False,33,True,False,ExtractTask,True,False,2
824,8552.08888890014,3,False,27,True,False,ExtractTask,False,False,1
824,8552.08888890014,5,False,26,True,False,ExtractTask,True,False,3
824,8552.08888890014,4,False,35,True,False,ExtractTask,True,False,2
824,8552.08888890014,12,True,-1,False,False,RestTask,True,True,-1
824,8552.08888890014,13,True,-1,False,False,RestTask,True,True,-1
824,8552.08888890014,14,True,-1,False,False,RestTask,True,True,-1
824,8552.08888890014,7,False,25,True,False,ExtractTask,True,False,2
825,8555.95555556675,1,False,69,True,False,ExtractTask,True,False,1
825,8555.95555556675,10,False,72,True,False,ExtractTask,True,False,3
825,8555.95555556675,11,False,33,True,False,ExtractTask,True,False,2
825,8555.95555556675,3,False,27,True,False,ExtractTask,True,False,1
825,8555.95555556675,5,False,26,True,False,ExtractTask,True,False,3
825,8555.95555556675,4,False,35,True,False,ExtractTask,True,False,2
825,8555.95555556675,12,True,-1,False,False,RestTask,True,True,-1
825,8555.95555556675,13,True,-1,False,False,RestTask,True,True,-1
825,8555.95555556675,14,True,-1,False,False,RestTask,True,True,-1
825,8555.95555556675,7,False,25,True,False,ExtractTask,True,False,2
826,8562.17777778889,1,False,69,True,False,ExtractTask,True,False,1
826,8562.17777778889,10,False,72,True,False,ExtractTask,True,False,3
826,8562.17777778889,11,False,33,True,False,ExtractTask,True,False,2
826,8562.17777778889,3,False,27,True,False,ExtractTask,True,False,1
826,8562.17777778889,5,False,26,True,False,ExtractTask,True,False,3
826,8562.17777778889,4,False,35,True,False,ExtractTask,True,False,2
826,8562.17777778889,12,True,-1,False,False,RestTask,True,True,-1
826,8562.17777778889,13,True,-1,False,False,RestTask,True,True,-1
826,8562.17777778889,14,True,-1,True,False,ExtractTask,False,False,-1
826,8562.17777778889,7,False,25,True,False,ExtractTask,True,False,2
827,8572.26666667763,1,False,69,True,False,ExtractTask,True,False,1
827,8572.26666667763,10,False,72,True,False,ExtractTask,True,False,3
827,8572.26666667763,11,False,33,True,False,ExtractTask,True,False,2
827,8572.26666667763,3,False,27,True,False,ExtractTask,True,False,1
827,8572.26666667763,5,False,26,True,False,ExtractTask,True,False,3
827,8572.26666667763,4,False,35,True,False,ExtractTask,True,False,2
827,8572.26666667763,12,True,-1,False,False,RestTask,True,True,-1
827,8572.26666667763,13,True,-1,False,False,RestTask,True,True,-1
827,8572.26666667763,14,False,6,True,False,ExtractTask,False,False,6
827,8572.26666667763,7,False,25,True,False,ExtractTask,True,False,2
828,8582.35555556637,1,False,69,True,False,ExtractTask,True,False,1
828,8582.35555556637,10,False,72,True,False,ExtractTask,True,False,3
828,8582.35555556637,11,False,33,True,False,ParkPodTask,False,False,2
828,8582.35555556637,3,False,27,True,False,ExtractTask,True,False,1
828,8582.35555556637,5,False,26,True,False,ExtractTask,True,False,3
828,8582.35555556637,4,False,35,True,False,ExtractTask,True,False,2
828,8582.35555556637,12,True,-1,False,False,RestTask,True,True,-1
828,8582.35555556637,13,True,-1,True,False,ExtractTask,False,False,-1
828,8582.35555556637,14,False,6,True,False,ExtractTask,False,False,6
828,8582.35555556637,7,False,25,True,False,ExtractTask,False,False,2
829,8592.44444445511,1,False,69,True,False,ExtractTask,True,False,1
829,8592.44444445511,10,False,72,True,False,ExtractTask,True,False,3
829,8592.44444445511,11,True,-1,False,False,RestTask,False,True,-1
829,8592.44444445511,3,False,27,True,False,ExtractTask,True,False,1
829,8592.44444445511,5,False,26,True,False,ExtractTask,True,False,3
829,8592.44444445511,4,False,35,True,False,ExtractTask,True,False,2
829,8592.44444445511,12,True,-1,False,False,RestTask,True,True,-1
829,8592.44444445511,13,False,9,True,False,ExtractTask,False,False,2
829,8592.44444445511,14,False,6,True,False,ExtractTask,True,False,6
829,8592.44444445511,7,False,25,True,False,ExtractTask,True,False,2
830,8596.17777778839,1,False,69,True,False,ExtractTask,True,False,1
830,8596.17777778839,10,False,72,True,False,ExtractTask,True,False,3
830,8596.17777778839,11,True,-1,True,True,RestTask,False,False,-1
830,8596.17777778839,3,False,27,True,False,ExtractTask,True,False,1
830,8596.17777778839,5,False,26,True,False,ExtractTask,True,False,3
830,8596.17777778839,4,False,35,True,False,ExtractTask,True,False,2
830,8596.17777778839,12,True,-1,False,False,RestTask,True,True,-1
830,8596.17777778839,13,False,9,True,False,ExtractTask,False,False,2
830,8596.17777778839,14,False,6,True,False,ExtractTask,True,False,6
830,8596.17777778839,7,False,25,True,False,ExtractTask,True,False,2
831,8616.31111112143,1,False,69,True,False,ExtractTask,True,False,1
831,8616.31111112143,10,False,72,True,False,ParkPodTask,False,False,3
831,8616.31111112143,11,False,97,True,False,ExtractTask,False,False,3
831,8616.31111112143,3,False,27,True,False,ExtractTask,True,False,1
831,8616.31111112143,5,True,-1,False,False,RestTask,True,True,-1
831,8616.31111112143,4,False,35,True,False,ExtractTask,True,False,2
831,8616.31111112143,12,True,-1,False,False,RestTask,True,True,-1
831,8616.31111112143,13,False,9,True,False,ExtractTask,True,False,2
831,8616.31111112143,14,False,6,True,False,ExtractTask,True,False,6
831,8616.31111112143,7,False,25,True,False,ExtractTask,True,False,2
832,8622.62222223245,1,False,69,True,False,ExtractTask,True,False,1
832,8622.62222223245,10,False,72,True,False,ParkPodTask,False,False,3
832,8622.62222223245,11,False,97,True,False,ExtractTask,False,False,3
832,8622.62222223245,3,False,27,True,False,ExtractTask,True,False,1
832,8622.62222223245,5,True,-1,True,True,RestTask,True,False,-1
832,8622.62222223245,4,False,35,True,False,ExtractTask,True,False,2
832,8622.62222223245,12,True,-1,True,False,ExtractTask,False,False,-1
832,8622.62222223245,13,False,9,True,False,ExtractTask,True,False,2
832,8622.62222223245,14,False,6,True,False,ExtractTask,True,False,6
832,8622.62222223245,7,False,25,True,False,ExtractTask,True,False,2
833,8636.44444445447,1,False,69,True,False,ExtractTask,True,False,1
833,8636.44444445447,10,True,-1,False,False,RestTask,True,True,-1
833,8636.44444445447,11,False,97,True,False,ExtractTask,True,False,3
833,8636.44444445447,3,False,27,True,False,ExtractTask,True,False,1
833,8636.44444445447,5,True,-1,True,False,ExtractTask,False,False,-1
833,8636.44444445447,4,False,35,True,False,ExtractTask,True,False,2
833,8636.44444445447,12,False,89,True,False,ExtractTask,False,False,4
833,8636.44444445447,13,False,9,True,False,ExtractTask,True,False,2
833,8636.44444445447,14,False,6,True,False,ExtractTask,True,False,6
833,8636.44444445447,7,False,25,True,False,ExtractTask,True,False,2
834,8642.75555556549,1,False,69,True,False,ExtractTask,True,False,1
834,8642.75555556549,10,True,-1,False,False,RestTask,True,True,-1
834,8642.75555556549,11,False,97,True,False,ExtractTask,True,False,3
834,8642.75555556549,3,False,27,True,False,ExtractTask,True,False,1
834,8642.75555556549,5,False,94,True,False,ExtractTask,False,False,3
834,8642.75555556549,4,False,35,True,False,ExtractTask,True,False,2
834,8642.75555556549,12,False,89,True,False,ExtractTask,True,False,4
834,8642.75555556549,13,False,9,True,False,ExtractTask,True,False,2
834,8642.75555556549,14,False,6,True,False,ExtractTask,True,False,6
834,8642.75555556549,7,False,25,True,False,ExtractTask,True,False,2
835,8642.80000000993,1,False,69,True,False,ExtractTask,True,False,0
835,8642.80000000993,10,True,-1,False,False,RestTask,True,True,-1
835,8642.80000000993,11,False,97,True,False,ExtractTask,True,False,3
835,8642.80000000993,3,False,27,True,False,ExtractTask,True,False,1
835,8642.80000000993,5,False,94,True,False,ExtractTask,False,False,3
835,8642.80000000993,4,False,35,True,False,ExtractTask,True,False,2
835,8642.80000000993,12,False,89,True,False,ExtractTask,True,False,4
835,8642.80000000993,13,False,9,True,False,ExtractTask,True,False,2
835,8642.80000000993,14,False,6,True,False,ExtractTask,True,False,6
835,8642.80000000993,7,False,25,True,False,ExtractTask,True,False,2
836,8652.84444445423,1,False,69,True,False,ParkPodTask,False,False,0
836,8652.84444445423,10,True,-1,False,False,RestTask,True,True,-1
836,8652.84444445423,11,False,97,True,False,ExtractTask,True,False,3
836,8652.84444445423,3,False,27,True,False,ExtractTask,True,False,1
836,8652.84444445423,5,False,94,True,False,ExtractTask,False,False,3
836,8652.84444445423,4,False,35,True,False,ExtractTask,True,False,2
836,8652.84444445423,12,False,89,True,False,ExtractTask,True,False,4
836,8652.84444445423,13,False,9,True,False,ExtractTask,True,False,2
836,8652.84444445423,14,False,6,True,False,ExtractTask,True,False,6
836,8652.84444445423,7,False,25,True,False,ExtractTask,True,False,2
837,8666.62222223181,1,True,-1,False,False,RestTask,False,True,-1
837,8666.62222223181,10,True,-1,False,False,RestTask,True,True,-1
837,8666.62222223181,11,False,97,True,False,ExtractTask,True,False,3
837,8666.62222223181,3,False,27,True,False,ExtractTask,True,False,1
837,8666.62222223181,5,False,94,True,False,ExtractTask,True,False,3
837,8666.62222223181,4,False,35,True,False,ExtractTask,True,False,2
837,8666.62222223181,12,False,89,True,False,ExtractTask,True,False,4
837,8666.62222223181,13,False,9,True,False,ExtractTask,True,False,2
837,8666.62222223181,14,False,6,True,False,ExtractTask,True,False,6
837,8666.62222223181,7,False,25,True,False,ExtractTask,True,False,2
838,8672.97777778727,1,True,-1,False,False,RestTask,True,True,-1
838,8672.97777778727,10,True,-1,False,False,RestTask,True,True,-1
838,8672.97777778727,11,False,97,True,False,ExtractTask,True,False,3
838,8672.97777778727,3,False,27,True,False,ExtractTask,True,False,1
838,8672.97777778727,5,False,94,True,False,ExtractTask,True,False,3
838,8672.97777778727,4,False,35,True,False,ExtractTask,True,False,2
838,8672.97777778727,12,False,89,True,False,ExtractTask,True,False,4
838,8672.97777778727,13,False,9,True,False,ExtractTask,True,False,2
838,8672.97777778727,14,False,6,True,False,ExtractTask,True,False,6
838,8672.97777778727,7,False,25,True,False,ExtractTask,True,False,2
839,8693.11111112031,1,True,-1,False,False,RestTask,True,True,-1
839,8693.11111112031,10,True,-1,False,False,RestTask,True,True,-1
839,8693.11111112031,11,False,97,True,False,ExtractTask,True,False,3
839,8693.11111112031,3,False,27,True,False,ExtractTask,True,False,1
839,8693.11111112031,5,False,94,True,False,ExtractTask,True,False,3
839,8693.11111112031,4,False,35,True,False,ExtractTask,True,False,2
839,8693.11111112031,12,False,89,True,False,ExtractTask,True,False,4
839,8693.11111112031,13,False,9,True,False,ExtractTask,True,False,2
839,8693.11111112031,14,False,6,True,False,ExtractTask,True,False,6
839,8693.11111112031,7,True,-1,False,False,ParkPodTask,True,True,-1
840,8706.84444445345,1,False,68,True,False,ExtractTask,True,False,4
840,8706.84444445345,10,False,83,True,False,ExtractTask,False,False,3
840,8706.84444445345,11,False,97,True,False,ExtractTask,True,False,3
840,8706.84444445345,3,False,27,True,False,ExtractTask,True,False,1
840,8706.84444445345,5,False,94,True,False,ExtractTask,True,False,3
840,8706.84444445345,4,False,35,True,False,ParkPodTask,False,False,2
840,8706.84444445345,12,False,89,True,False,ExtractTask,False,False,4
840,8706.84444445345,13,False,9,True,False,ParkPodTask,False,False,2
840,8706.84444445345,14,False,6,True,False,ExtractTask,True,False,6
840,8706.84444445345,7,True,-1,False,False,RestTask,False,True,-1
841,8713.24444445335,1,False,68,True,False,ExtractTask,False,False,4
841,8713.24444445335,10,False,83,True,False,ExtractTask,False,False,3
841,8713.24444445335,11,False,97,True,False,ExtractTask,True,False,3
841,8713.24444445335,3,False,27,True,False,ExtractTask,True,False,1
841,8713.24444445335,5,False,94,True,False,ExtractTask,True,False,3
841,8713.24444445335,4,True,-1,False,False,ParkPodTask,True,True,-1
841,8713.24444445335,12,False,89,True,False,ExtractTask,True,False,4
841,8713.24444445335,13,False,9,True,False,ParkPodTask,False,False,2
841,8713.24444445335,14,False,6,True,False,ExtractTask,True,False,6
841,8713.24444445335,7,True,-1,False,False,RestTask,True,True,-1
842,8716.93333334219,1,False,68,True,False,ExtractTask,False,False,4
842,8716.93333334219,10,False,83,True,False,ExtractTask,False,False,3
842,8716.93333334219,11,False,97,True,False,ExtractTask,True,False,3
842,8716.93333334219,3,False,27,True,False,ExtractTask,True,False,1
842,8716.93333334219,5,False,94,True,False,ExtractTask,True,False,3
842,8716.93333334219,4,True,-1,False,False,RestTask,False,True,-1
842,8716.93333334219,12,False,89,True,False,ExtractTask,True,False,4
842,8716.93333334219,13,True,-1,False,False,ParkPodTask,True,True,-1
842,8716.93333334219,14,False,6,True,False,ExtractTask,True,False,6
842,8716.93333334219,7,True,-1,False,False,RestTask,True,True,-1
843,8723.3333333421,1,False,68,True,False,ExtractTask,False,False,4
843,8723.3333333421,10,False,83,True,False,ExtractTask,False,False,3
843,8723.3333333421,11,False,97,True,False,ExtractTask,True,False,3
843,8723.3333333421,3,False,27,True,False,ExtractTask,True,False,1
843,8723.3333333421,5,False,94,True,False,ExtractTask,True,False,3
843,8723.3333333421,4,True,-1,False,False,RestTask,True,True,-1
843,8723.3333333421,12,False,89,True,False,ExtractTask,True,False,4
843,8723.3333333421,13,True,-1,False,False,RestTask,True,True,-1
843,8723.3333333421,14,False,6,True,False,ExtractTask,True,False,6
843,8723.3333333421,7,True,-1,False,False,RestTask,True,True,-1
844,8733.42222223084,1,False,68,True,False,ExtractTask,False,False,4
844,8733.42222223084,10,False,83,True,False,ExtractTask,True,False,3
844,8733.42222223084,11,False,97,True,False,ExtractTask,True,False,3
844,8733.42222223084,3,False,27,True,False,ExtractTask,True,False,1
844,8733.42222223084,5,False,94,True,False,ExtractTask,True,False,3
844,8733.42222223084,4,False,35,True,False,ExtractTask,True,False,2
844,8733.42222223084,12,False,89,True,False,ExtractTask,True,False,4
844,8733.42222223084,13,True,-1,False,False,RestTask,True,True,-1
844,8733.42222223084,14,False,6,True,False,ExtractTask,True,False,6
844,8733.42222223084,7,True,-1,False,False,RestTask,True,True,-1
845,8745.02222223067,1,False,68,True,False,ExtractTask,True,False,4
845,8745.02222223067,10,False,83,True,False,ExtractTask,True,False,3
845,8745.02222223067,11,False,97,True,False,ExtractTask,True,False,3
845,8745.02222223067,3,False,27,True,False,ParkPodTask,False,False,1
845,8745.02222223067,5,False,94,True,False,ExtractTask,True,False,3
845,8745.02222223067,4,False,35,True,False,ExtractTask,False,False,2
845,8745.02222223067,12,False,89,True,False,ExtractTask,False,False,4
845,8745.02222223067,13,True,-1,False,False,RestTask,True,True,-1
845,8745.02222223067,14,False,6,True,False,ExtractTask,True,False,6
845,8745.02222223067,7,True,-1,False,False,RestTask,True,True,-1
846,8760.97777778599,1,False,68,True,False,ExtractTask,True,False,4
846,8760.97777778599,10,False,83,True,False,ExtractTask,True,False,3
846,8760.97777778599,11,False,97,True,False,ExtractTask,True,False,2
846,8760.97777778599,3,True,-1,False,False,RestTask,True,True,-1
846,8760.97777778599,5,False,94,True,False,ExtractTask,True,False,3
846,8760.97777778599,4,False,35,True,False,ExtractTask,False,False,2
846,8760.97777778599,12,False,89,True,False,ExtractTask,True,False,4
846,8760.97777778599,13,True,-1,False,False,RestTask,True,True,-1
846,8760.97777778599,14,False,6,True,False,ExtractTask,True,False,5
846,8760.97777778599,7,True,-1,False,False,RestTask,True,True,-1
847,8763.60000000818,1,False,68,True,False,ExtractTask,True,False,4
847,8763.60000000818,10,False,83,True,False,ExtractTask,True,False,3
847,8763.60000000818,11,False,97,True,False,ExtractTask,True,False,2
847,8763.60000000818,3,True,-1,False,False,RestTask,True,True,-1
847,8763.60000000818,5,False,94,True,False,ExtractTask,True,False,3
847,8763.60000000818,4,False,35,True,False,ExtractTask,False,False,2
847,8763.60000000818,12,False,89,True,False,ExtractTask,True,False,4
847,8763.60000000818,13,True,-1,False,False,RestTask,True,True,-1
847,8763.60000000818,14,False,6,True,False,ExtractTask,True,False,5
847,8763.60000000818,7,True,-1,False,False,RestTask,True,True,-1
848,8767.20000000812,1,False,68,True,False,ExtractTask,True,False,4
848,8767.20000000812,10,False,83,True,False,ExtractTask,True,False,3
848,8767.20000000812,11,False,97,True,False,ParkPodTask,False,False,2
848,8767.20000000812,3,True,-1,False,False,RestTask,True,True,-1
848,8767.20000000812,5,False,94,True,False,ExtractTask,True,False,3
848,8767.20000000812,4,False,35,True,False,ExtractTask,True,False,2
848,8767.20000000812,12,False,89,True,False,ExtractTask,True,False,4
848,8767.20000000812,13,True,-1,False,False,RestTask,True,True,-1
848,8767.20000000812,14,False,6,True,False,ExtractTask,True,False,5
848,8767.20000000812,7,True,-1,False,False,RestTask,True,True,-1
849,8767.24444445257,1,False,68,True,False,ExtractTask,True,False,4
849,8767.24444445257,10,False,83,True,False,ExtractTask,True,False,3
849,8767.24444445257,11,False,97,True,False,ParkPodTask,False,False,2
849,8767.24444445257,3,True,-1,False,False,RestTask,True,True,-1
849,8767.24444445257,5,False,94,True,False,ExtractTask,True,False,3
849,8767.24444445257,4,False,35,True,False,ExtractTask,True,False,2
849,8767.24444445257,12,False,89,True,False,ExtractTask,True,False,4
849,8767.24444445257,13,True,-1,False,False,RestTask,True,True,-1
849,8767.24444445257,14,False,6,True,False,ExtractTask,True,False,5
849,8767.24444445257,7,True,-1,True,True,RestTask,True,False,-1
850,8773.68888889692,1,False,68,True,False,ExtractTask,True,False,4
850,8773.68888889692,10,False,83,True,False,ExtractTask,True,False,3
850,8773.68888889692,11,False,97,True,False,ParkPodTask,False,False,2
850,8773.68888889692,3,True,-1,False,False,RestTask,True,True,-1
850,8773.68888889692,5,False,94,True,False,ExtractTask,True,False,3
850,8773.68888889692,4,False,35,True,False,ExtractTask,False,False,2
850,8773.68888889692,12,False,89,True,False,ExtractTask,True,False,4
850,8773.68888889692,13,True,-1,False,False,RestTask,True,True,-1
850,8773.68888889692,14,False,6,True,False,ExtractTask,True,False,5
850,8773.68888889692,7,True,-1,True,False,ExtractTask,False,False,-1
851,8797.37777778546,1,False,68,True,False,ExtractTask,True,False,4
851,8797.37777778546,10,False,83,True,False,ExtractTask,True,False,3
851,8797.37777778546,11,True,-1,False,False,RestTask,True,True,-1
851,8797.37777778546,3,False,12,True,False,ExtractTask,False,False,4
851,8797.37777778546,5,False,94,True,False,ExtractTask,True,False,3
851,8797.37777778546,4,False,35,True,False,ExtractTask,True,False,2
851,8797.37777778546,12,False,89,True,False,ExtractTask,True,False,4
851,8797.37777778546,13,True,-1,False,False,RestTask,True,True,-1
851,8797.37777778546,14,False,6,True,False,ExtractTask,True,False,5
851,8797.37777778546,7,False,32,True,False,ExtractTask,False,False,3
852,8823.95555556285,1,False,68,True,False,ExtractTask,True,False,4
852,8823.95555556285,10,False,83,True,False,ExtractTask,True,False,3
852,8823.95555556285,11,True,-1,False,False,RestTask,True,True,-1
852,8823.95555556285,3,False,12,True,False,ExtractTask,True,False,4
852,8823.95555556285,5,False,94,True,False,ExtractTask,True,False,3
852,8823.95555556285,4,False,35,True,False,ExtractTask,True,False,2
852,8823.95555556285,12,False,89,True,False,ExtractTask,True,False,4
852,8823.95555556285,13,True,-1,False,False,RestTask,True,True,-1
852,8823.95555556285,14,False,6,True,False,ExtractTask,True,False,5
852,8823.95555556285,7,False,32,True,False,ExtractTask,True,False,3
853,8884.26666667309,1,False,68,True,False,ExtractTask,True,False,4
853,8884.26666667309,10,False,83,True,False,ParkPodTask,False,False,3
853,8884.26666667309,11,True,-1,False,False,RestTask,True,True,-1
853,8884.26666667309,3,False,12,True,False,ExtractTask,True,False,4
853,8884.26666667309,5,False,94,True,False,ExtractTask,True,False,3
853,8884.26666667309,4,False,35,True,False,ExtractTask,False,False,2
853,8884.26666667309,12,False,89,True,False,ExtractTask,True,False,4
853,8884.26666667309,13,True,-1,False,False,RestTask,True,True,-1
853,8884.26666667309,14,True,-1,False,False,RestTask,False,True,-1
853,8884.26666667309,7,False,32,True,False,ExtractTask,True,False,3
854,8894.35555556183,1,False,68,True,False,ExtractTask,True,False,4
854,8894.35555556183,10,True,-1,False,False,RestTask,False,True,-1
854,8894.35555556183,11,True,-1,False,False,RestTask,True,True,-1
854,8894.35555556183,3,False,12,True,False,ExtractTask,True,False,4
854,8894.35555556183,5,False,94,True,False,ExtractTask,False,False,3
854,8894.35555556183,4,False,35,True,False,ExtractTask,True,False,2
854,8894.35555556183,12,False,89,True,False,ParkPodTask,False,False,4
854,8894.35555556183,13,False,15,True,False,ExtractTask,True,False,3
854,8894.35555556183,14,True,-1,False,False,RestTask,True,True,-1
854,8894.35555556183,7,False,32,True,False,ExtractTask,True,False,3
855,8897.86666667289,1,False,68,True,False,ExtractTask,True,False,4
855,8897.86666667289,10,True,-1,False,False,RestTask,False,True,-1
855,8897.86666667289,11,True,-1,False,False,RestTask,True,True,-1
855,8897.86666667289,3,False,12,True,False,ExtractTask,True,False,4
855,8897.86666667289,5,False,94,True,False,ExtractTask,True,False,3
855,8897.86666667289,4,False,35,True,False,ExtractTask,True,False,2
855,8897.86666667289,12,False,89,True,False,ParkPodTask,False,False,4
855,8897.86666667289,13,False,15,True,False,ExtractTask,False,False,3
855,8897.86666667289,14,True,-1,False,False,RestTask,True,True,-1
855,8897.86666667289,7,False,32,True,False,ExtractTask,True,False,3
856,8907.95555556163,1,False,68,True,False,ExtractTask,True,False,4
856,8907.95555556163,10,True,-1,False,False,RestTask,True,True,-1
856,8907.95555556163,11,True,-1,False,False,RestTask,True,True,-1
856,8907.95555556163,3,False,12,True,False,ExtractTask,True,False,4
856,8907.95555556163,5,False,94,True,False,ExtractTask,True,False,3
856,8907.95555556163,4,False,35,True,False,ExtractTask,True,False,2
856,8907.95555556163,12,True,-1,False,False,RestTask,False,True,-1
856,8907.95555556163,13,False,15,True,False,ExtractTask,False,False,3
856,8907.95555556163,14,True,-1,False,False,RestTask,True,True,-1
856,8907.95555556163,7,False,32,True,False,ExtractTask,True,False,3
857,8914.48888889487,1,False,68,True,False,ExtractTask,True,False,4
857,8914.48888889487,10,True,-1,False,False,RestTask,True,True,-1
857,8914.48888889487,11,True,-1,False,False,RestTask,True,True,-1
857,8914.48888889487,3,False,12,True,False,ExtractTask,True,False,4
857,8914.48888889487,5,False,94,True,False,ExtractTask,True,False,3
857,8914.48888889487,4,False,35,True,False,ExtractTask,True,False,2
857,8914.48888889487,12,True,-1,False,False,RestTask,False,True,-1
857,8914.48888889487,13,False,15,True,False,ExtractTask,False,False,3
857,8914.48888889487,14,True,-1,False,False,RestTask,True,True,-1
857,8914.48888889487,7,False,32,True,False,ExtractTask,True,False,3
858,8918.04444445037,1,False,68,True,False,ExtractTask,True,False,4
858,8918.04444445037,10,True,-1,False,False,RestTask,True,True,-1
858,8918.04444445037,11,True,-1,False,False,RestTask,True,True,-1
858,8918.04444445037,3,False,12,True,False,ExtractTask,True,False,4
858,8918.04444445037,5,False,94,True,False,ExtractTask,True,False,3
858,8918.04444445037,4,False,35,True,False,ExtractTask,True,False,2
858,8918.04444445037,12,True,-1,False,False,RestTask,False,True,-1
858,8918.04444445037,13,False,15,True,False,ExtractTask,True,False,3
858,8918.04444445037,14,True,-1,False,False,RestTask,True,True,-1
858,8918.04444445037,7,False,32,True,False,ExtractTask,True,False,3
859,8918.08888889482,1,False,68,True,False,ExtractTask,True,False,4
859,8918.08888889482,10,True,-1,False,False,RestTask,True,True,-1
859,8918.08888889482,11,True,-1,False,False,RestTask,True,True,-1
859,8918.08888889482,3,False,12,True,False,ExtractTask,True,False,4
859,8918.08888889482,5,False,94,True,False,ExtractTask,True,False,3
859,8918.08888889482,4,False,35,True,False,ExtractTask,True,False,2
859,8918.08888889482,12,True,-1,False,False,RestTask,True,True,-1
859,8918.08888889482,13,False,15,True,False,ExtractTask,True,False,3
859,8918.08888889482,14,True,-1,False,False,RestTask,True,True,-1
859,8918.08888889482,7,False,32,True,False,ExtractTask,True,False,3
860,8938.17777778341,1,False,68,True,False,ExtractTask,True,False,4
860,8938.17777778341,10,True,-1,False,False,RestTask,True,True,-1
860,8938.17777778341,11,True,-1,False,False,RestTask,True,True,-1
860,8938.17777778341,3,False,12,True,False,ExtractTask,True,False,4
860,8938.17777778341,5,False,94,True,False,ExtractTask,True,False,3
860,8938.17777778341,4,False,35,True,False,ExtractTask,True,False,2
860,8938.17777778341,12,True,-1,False,False,RestTask,True,True,-1
860,8938.17777778341,13,False,15,True,False,ExtractTask,True,False,3
860,8938.17777778341,14,True,-1,False,False,RestTask,True,True,-1
860,8938.17777778341,7,False,32,True,False,ExtractTask,True,False,3
861,8938.22222222786,1,False,68,True,False,ExtractTask,True,False,4
861,8938.22222222786,10,True,-1,False,False,RestTask,True,True,-1
861,8938.22222222786,11,True,-1,False,False,RestTask,True,True,-1
861,8938.22222222786,3,False,12,True,False,ExtractTask,True,False,4
861,8938.22222222786,5,False,94,True,False,ExtractTask,True,False,3
861,8938.22222222786,4,False,35,True,False,ExtractTask,True,False,2
861,8938.22222222786,12,True,-1,False,False,RestTask,True,True,-1
861,8938.22222222786,13,False,15,True,False,ExtractTask,True,False,3
861,8938.22222222786,14,True,-1,False,False,RestTask,True,True,-1
861,8938.22222222786,7,False,32,True,False,ExtractTask,True,False,3
862,8948.26666667216,1,False,68,True,False,ExtractTask,True,False,4
862,8948.26666667216,10,True,-1,False,False,RestTask,True,True,-1
862,8948.26666667216,11,True,-1,False,False,RestTask,True,True,-1
862,8948.26666667216,3,False,12,True,False,ExtractTask,True,False,4
862,8948.26666667216,5,False,94,True,False,ExtractTask,True,False,3
862,8948.26666667216,4,False,35,True,False,ExtractTask,True,False,2
862,8948.26666667216,12,True,-1,False,False,RestTask,True,True,-1
862,8948.26666667216,13,False,15,True,False,ExtractTask,True,False,3
862,8948.26666667216,14,True,-1,False,False,RestTask,True,True,-1
862,8948.26666667216,7,False,32,True,False,ExtractTask,True,False,3
863,8958.3555555609,1,False,68,True,False,ExtractTask,True,False,4
863,8958.3555555609,10,True,-1,True,False,ExtractTask,False,False,-1
863,8958.3555555609,11,True,-1,False,False,RestTask,True,True,-1
863,8958.3555555609,3,False,12,True,False,ExtractTask,True,False,4
863,8958.3555555609,5,False,94,True,False,ExtractTask,True,False,2
863,8958.3555555609,4,False,35,True,False,ExtractTask,True,False,2
863,8958.3555555609,12,False,5,True,False,ExtractTask,False,False,6
863,8958.3555555609,13,False,15,True,False,ExtractTask,True,False,3
863,8958.3555555609,14,True,-1,False,False,RestTask,True,True,-1
863,8958.3555555609,7,False,32,True,False,ExtractTask,True,False,3
864,8968.44444444964,1,False,68,True,False,ExtractTask,True,False,4
864,8968.44444444964,10,False,98,True,False,ExtractTask,False,False,2
864,8968.44444444964,11,True,-1,False,False,RestTask,True,True,-1
864,8968.44444444964,3,False,12,True,False,ExtractTask,True,False,4
864,8968.44444444964,5,False,94,True,False,ParkPodTask,False,False,1
864,8968.44444444964,4,False,35,True,False,ExtractTask,True,False,2
864,8968.44444444964,12,False,5,True,False,ExtractTask,False,False,6
864,8968.44444444964,13,False,15,True,False,ExtractTask,True,False,3
864,8968.44444444964,14,False,24,True,False,ExtractTask,False,False,4
864,8968.44444444964,7,False,32,True,False,ExtractTask,True,False,3
865,8974.8000000051,1,False,68,True,False,ExtractTask,True,False,4
865,8974.8000000051,10,False,98,True,False,ExtractTask,False,False,2
865,8974.8000000051,11,True,-1,True,False,ExtractTask,False,False,-1
865,8974.8000000051,3,False,12,True,False,ExtractTask,True,False,4
865,8974.8000000051,5,True,-1,False,False,ParkPodTask,True,True,-1
865,8974.8000000051,4,False,35,True,False,ExtractTask,True,False,2
865,8974.8000000051,12,False,5,True,False,ExtractTask,False,False,6
865,8974.8000000051,13,False,15,True,False,ExtractTask,True,False,3
865,8974.8000000051,14,False,24,True,False,ExtractTask,False,False,4
865,8974.8000000051,7,False,32,True,False,ExtractTask,True,False,3
866,8988.57777778268,1,False,68,True,False,ExtractTask,True,False,4
866,8988.57777778268,10,False,98,True,False,ExtractTask,True,False,2
866,8988.57777778268,11,False,89,True,False,ExtractTask,False,False,4
866,8988.57777778268,3,False,12,True,False,ExtractTask,True,False,4
866,8988.57777778268,5,True,-1,False,False,RestTask,True,True,-1
866,8988.57777778268,4,False,35,True,False,ExtractTask,True,False,2
866,8988.57777778268,12,False,5,True,False,ExtractTask,True,False,6
866,8988.57777778268,13,False,15,True,False,ExtractTask,True,False,3
866,8988.57777778268,14,False,24,True,False,ExtractTask,False,False,4
866,8988.57777778268,7,False,32,True,False,ExtractTask,True,False,3
867,9008.71111111572,1,False,68,True,False,ParkPodTask,False,False,4
867,9008.71111111572,10,False,98,True,False,ExtractTask,True,False,2
867,9008.71111111572,11,False,89,True,False,ExtractTask,True,False,4
867,9008.71111111572,3,False,12,True,False,ExtractTask,True,False,4
867,9008.71111111572,5,False,65,True,False,ExtractTask,False,False,2
867,9008.71111111572,4,False,35,True,False,ExtractTask,True,False,2
867,9008.71111111572,12,False,5,True,False,ExtractTask,False,False,6
867,9008.71111111572,13,False,15,True,False,ExtractTask,True,False,3
867,9008.71111111572,14,False,24,True,False,ExtractTask,True,False,4
867,9008.71111111572,7,False,32,True,False,ExtractTask,True,False,2
868,9015.02222222674,1,True,-1,False,False,RestTask,False,True,-1
868,9015.02222222674,10,False,98,True,False,ExtractTask,True,False,2
868,9015.02222222674,11,False,89,True,False,ExtractTask,True,False,4
868,9015.02222222674,3,False,12,True,False,ExtractTask,True,False,4
868,9015.02222222674,5,False,65,True,False,ExtractTask,True,False,2
868,9015.02222222674,4,False,35,True,False,ExtractTask,True,False,2
868,9015.02222222674,12,False,5,True,False,ExtractTask,True,False,6
868,9015.02222222674,13,False,15,True,False,ExtractTask,True,False,3
868,9015.02222222674,14,False,24,True,False,ExtractTask,True,False,4
868,9015.02222222674,7,False,32,True,False,ExtractTask,True,False,2
869,9018.80000000446,1,True,-1,False,False,RestTask,False,True,-1
869,9018.80000000446,10,False,98,True,False,ExtractTask,True,False,2
869,9018.80000000446,11,False,89,True,False,ExtractTask,True,False,4
869,9018.80000000446,3,False,12,True,False,ExtractTask,True,False,4
869,9018.80000000446,5,False,65,True,False,ExtractTask,True,False,2
869,9018.80000000446,4,False,35,True,False,ExtractTask,True,False,2
869,9018.80000000446,12,False,5,True,False,ExtractTask,True,False,6
869,9018.80000000446,13,False,15,True,False,ExtractTask,True,False,3
869,9018.80000000446,14,False,24,True,False,ExtractTask,True,False,4
869,9018.80000000446,7,False,32,True,False,ExtractTask,True,False,2
870,9035.15555555978,1,False,87,True,False,ExtractTask,True,False,4
870,9035.15555555978,10,False,98,True,False,ExtractTask,True,False,2
870,9035.15555555978,11,False,89,True,False,ExtractTask,True,False,4
870,9035.15555555978,3,False,12,True,False,ExtractTask,True,False,4
870,9035.15555555978,5,False,65,True,False,ExtractTask,True,False,2
870,9035.15555555978,4,False,35,True,False,ExtractTask,True,False,2
870,9035.15555555978,12,False,5,True,False,ExtractTask,True,False,6
870,9035.15555555978,13,False,15,True,False,ExtractTask,True,False,3
870,9035.15555555978,14,False,24,True,False,ExtractTask,True,False,4
870,9035.15555555978,7,False,32,True,False,ExtractTask,True,False,2
871,9055.28888889282,1,False,87,True,False,ExtractTask,True,False,4
871,9055.28888889282,10,False,98,True,False,ExtractTask,True,False,2
871,9055.28888889282,11,False,89,True,False,ExtractTask,True,False,4
871,9055.28888889282,3,False,12,True,False,ExtractTask,True,False,4
871,9055.28888889282,5,False,65,True,False,ExtractTask,True,False,2
871,9055.28888889282,4,False,35,True,False,ExtractTask,True,False,2
871,9055.28888889282,12,False,5,True,False,ExtractTask,True,False,6
871,9055.28888889282,13,False,15,True,False,ExtractTask,True,False,3
871,9055.28888889282,14,False,24,True,False,ExtractTask,True,False,4
871,9055.28888889282,7,False,32,True,False,ExtractTask,True,False,2
872,9095.51111111446,1,False,87,True,False,ExtractTask,True,False,4
872,9095.51111111446,10,False,98,True,False,ExtractTask,True,False,2
872,9095.51111111446,11,False,89,True,False,ExtractTask,True,False,4
872,9095.51111111446,3,False,12,True,False,ParkPodTask,False,False,4
872,9095.51111111446,5,False,65,True,False,ExtractTask,True,False,2
872,9095.51111111446,4,True,-1,False,False,RestTask,True,True,-1
872,9095.51111111446,12,False,5,True,False,ExtractTask,True,False,6
872,9095.51111111446,13,False,15,True,False,ExtractTask,True,False,3
872,9095.51111111446,14,False,24,True,False,ExtractTask,True,False,4
872,9095.51111111446,7,False,32,True,False,ExtractTask,True,False,2
873,9115.6444444475,1,False,87,True,False,ExtractTask,True,False,4
873,9115.6444444475,10,False,98,True,False,ExtractTask,True,False,2
873,9115.6444444475,11,False,89,True,False,ExtractTask,True,False,4
873,9115.6444444475,3,True,-1,False,False,RestTask,False,True,-1
873,9115.6444444475,5,False,65,True,False,ExtractTask,True,False,2
873,9115.6444444475,4,True,-1,False,False,RestTask,True,True,-1
873,9115.6444444475,12,False,5,True,False,ExtractTask,True,False,6
873,9115.6444444475,13,False,15,True,False,ExtractTask,True,False,3
873,9115.6444444475,14,False,24,True,False,ExtractTask,True,False,4
873,9115.6444444475,7,True,-1,False,False,RestTask,False,True,-1
874,9129.33333333619,1,False,87,True,False,ExtractTask,True,False,4
874,9129.33333333619,10,False,98,True,False,ParkPodTask,False,False,2
874,9129.33333333619,11,False,89,True,False,ExtractTask,True,False,4
874,9129.33333333619,3,True,-1,False,False,RestTask,True,True,-1
874,9129.33333333619,5,False,65,True,False,ExtractTask,False,False,2
874,9129.33333333619,4,True,-1,False,False,RestTask,True,True,-1
874,9129.33333333619,12,False,5,True,False,ExtractTask,True,False,6
874,9129.33333333619,13,False,15,True,False,ExtractTask,True,False,2
874,9129.33333333619,14,False,24,True,False,ExtractTask,True,False,4
874,9129.33333333619,7,True,-1,False,False,RestTask,False,True,-1
875,9149.46666666923,1,False,87,True,False,ExtractTask,True,False,4
875,9149.46666666923,10,True,-1,False,False,RestTask,False,True,-1
875,9149.46666666923,11,False,89,True,False,ExtractTask,True,False,4
875,9149.46666666923,3,True,-1,False,False,RestTask,True,True,-1
875,9149.46666666923,5,False,65,True,False,ExtractTask,True,False,2
875,9149.46666666923,4,True,-1,False,False,RestTask,True,True,-1
875,9149.46666666923,12,False,5,True,False,ExtractTask,True,False,6
875,9149.46666666923,13,False,15,True,False,ExtractTask,True,False,2
875,9149.46666666923,14,False,24,True,False,ExtractTask,True,False,4
875,9149.46666666923,7,True,-1,False,False,RestTask,True,True,-1
876,9155.86666666914,1,False,87,True,False,ExtractTask,True,False,4
876,9155.86666666914,10,True,-1,False,False,RestTask,True,True,-1
876,9155.86666666914,11,False,89,True,False,ExtractTask,True,False,4
876,9155.86666666914,3,True,-1,False,False,RestTask,True,True,-1
876,9155.86666666914,5,False,65,True,False,ExtractTask,True,False,2
876,9155.86666666914,4,True,-1,False,False,RestTask,True,True,-1
876,9155.86666666914,12,False,5,True,False,ExtractTask,True,False,6
876,9155.86666666914,13,False,15,True,False,ExtractTask,True,False,2
876,9155.86666666914,14,False,24,True,False,ExtractTask,True,False,4
876,9155.86666666914,7,True,-1,False,False,RestTask,True,True,-1
877,9176.00000000218,1,False,87,True,False,ExtractTask,True,False,4
877,9176.00000000218,10,True,-1,False,False,RestTask,True,True,-1
877,9176.00000000218,11,False,89,True,False,ExtractTask,True,False,4
877,9176.00000000218,3,True,-1,False,False,RestTask,True,True,-1
877,9176.00000000218,5,False,65,True,False,ExtractTask,True,False,2
877,9176.00000000218,4,True,-1,False,False,RestTask,True,True,-1
877,9176.00000000218,12,False,5,True,False,ExtractTask,True,False,6
877,9176.00000000218,13,False,15,True,False,ParkPodTask,False,False,2
877,9176.00000000218,14,False,24,True,False,ExtractTask,True,False,4
877,9176.00000000218,7,True,-1,False,False,RestTask,True,True,-1
878,9179.64444444657,1,False,87,True,False,ExtractTask,True,False,4
878,9179.64444444657,10,True,-1,False,False,RestTask,True,True,-1
878,9179.64444444657,11,False,89,True,False,ExtractTask,True,False,4
878,9179.64444444657,3,True,-1,True,False,ExtractTask,False,False,-1
878,9179.64444444657,5,False,65,True,False,ExtractTask,True,False,2
878,9179.64444444657,4,True,-1,False,False,RestTask,True,True,-1
878,9179.64444444657,12,False,5,True,False,ExtractTask,True,False,5
878,9179.64444444657,13,False,15,True,False,ParkPodTask,False,False,2
878,9179.64444444657,14,False,24,True,False,ExtractTask,True,False,4
878,9179.64444444657,7,True,-1,False,False,RestTask,True,True,-1
879,9186.08888889092,1,False,87,True,False,ExtractTask,True,False,4
879,9186.08888889092,10,True,-1,False,False,RestTask,True,True,-1
879,9186.08888889092,11,False,89,True,False,ExtractTask,True,False,4
879,9186.08888889092,3,False,92,True,False,ExtractTask,False,False,2
879,9186.08888889092,5,False,65,True,False,ExtractTask,True,False,2
879,9186.08888889092,4,True,-1,False,False,RestTask,True,True,-1
879,9186.08888889092,12,False,5,True,False,ExtractTask,True,False,5
879,9186.08888889092,13,False,15,True,False,ParkPodTask,False,False,2
879,9186.08888889092,14,False,24,True,False,ExtractTask,True,False,4
879,9186.08888889092,7,True,-1,False,False,RestTask,True,True,-1
880,9199.77777777961,1,False,87,True,False,ExtractTask,True,False,4
880,9199.77777777961,10,True,-1,False,False,RestTask,True,True,-1
880,9199.77777777961,11,False,89,True,False,ExtractTask,True,False,4
880,9199.77777777961,3,False,92,True,False,ExtractTask,False,False,2
880,9199.77777777961,5,False,65,True,False,ExtractTask,True,False,2
880,9199.77777777961,4,True,-1,False,False,RestTask,True,True,-1
880,9199.77777777961,12,False,5,True,False,ExtractTask,True,False,5
880,9199.77777777961,13,True,-1,False,False,RestTask,False,True,-1
880,9199.77777777961,14,False,24,True,False,ExtractTask,True,False,4
880,9199.77777777961,7,True,-1,False,False,RestTask,True,True,-1
881,9199.82222222405,1,False,87,True,False,ExtractTask,True,False,4
881,9199.82222222405,10,True,-1,False,False,RestTask,True,True,-1
881,9199.82222222405,11,False,89,True,False,ExtractTask,True,False,4
881,9199.82222222405,3,False,92,True,False,ExtractTask,False,False,2
881,9199.82222222405,5,False,65,True,False,ExtractTask,True,False,2
881,9199.82222222405,4,True,-1,False,False,RestTask,True,True,-1
881,9199.82222222405,12,False,5,True,False,ExtractTask,True,False,5
881,9199.82222222405,13,True,-1,False,False,RestTask,False,True,-1
881,9199.82222222405,14,False,24,True,False,ExtractTask,True,False,4
881,9199.82222222405,7,True,-1,False,False,RestTask,True,True,-1
882,9206.22222222396,1,False,87,True,False,ExtractTask,True,False,4
882,9206.22222222396,10,True,-1,False,False,RestTask,True,True,-1
882,9206.22222222396,11,False,89,True,False,ExtractTask,True,False,4
882,9206.22222222396,3,False,92,True,False,ExtractTask,True,False,2
882,9206.22222222396,5,False,65,True,False,ExtractTask,True,False,2
882,9206.22222222396,4,True,-1,False,False,RestTask,True,True,-1
882,9206.22222222396,12,False,5,True,False,ExtractTask,True,False,5
882,9206.22222222396,13,True,-1,False,False,RestTask,True,True,-1
882,9206.22222222396,14,False,24,True,False,ExtractTask,True,False,4
882,9206.22222222396,7,True,-1,False,False,RestTask,True,True,-1
883,9216.3111111127,1,False,87,True,False,ExtractTask,True,False,4
883,9216.3111111127,10,True,-1,False,False,RestTask,True,True,-1
883,9216.3111111127,11,False,89,True,False,ExtractTask,False,False,4
883,9216.3111111127,3,False,92,True,False,ExtractTask,True,False,2
883,9216.3111111127,5,False,65,True,False,ExtractTask,True,False,2
883,9216.3111111127,4,True,-1,False,False,RestTask,True,True,-1
883,9216.3111111127,12,False,5,True,False,ExtractTask,True,False,5
883,9216.3111111127,13,True,-1,False,False,RestTask,True,True,-1
883,9216.3111111127,14,False,24,True,False,ParkPodTask,False,False,4
883,9216.3111111127,7,True,-1,False,False,RestTask,True,True,-1
884,9219.91111111265,1,False,87,True,False,ExtractTask,False,False,4
884,9219.91111111265,10,True,-1,False,False,RestTask,True,True,-1
884,9219.91111111265,11,False,89,True,False,ExtractTask,True,False,4
884,9219.91111111265,3,False,92,True,False,ExtractTask,True,False,2
884,9219.91111111265,5,False,65,True,False,ExtractTask,True,False,2
884,9219.91111111265,4,True,-1,True,True,RestTask,True,False,-1
884,9219.91111111265,12,False,5,True,False,ExtractTask,True,False,5
884,9219.91111111265,13,True,-1,False,False,RestTask,True,True,-1
884,9219.91111111265,14,False,24,True,False,ParkPodTask,False,False,4
884,9219.91111111265,7,True,-1,False,False,RestTask,True,True,-1
885,9230.00000000139,1,False,87,True,False,ExtractTask,True,False,4
885,9230.00000000139,10,True,-1,False,False,RestTask,True,True,-1
885,9230.00000000139,11,False,89,True,False,ExtractTask,True,False,4
885,9230.00000000139,3,False,92,True,False,ExtractTask,True,False,2
885,9230.00000000139,5,False,65,True,False,ExtractTask,True,False,2
885,9230.00000000139,4,False,80,True,False,ExtractTask,False,False,4
885,9230.00000000139,12,False,5,True,False,ExtractTask,True,False,5
885,9230.00000000139,13,False,31,True,False,ExtractTask,True,False,4
885,9230.00000000139,14,True,-1,False,False,RestTask,False,True,-1
885,9230.00000000139,7,True,-1,False,False,RestTask,True,True,-1
886,9236.44444444574,1,False,87,True,False,ExtractTask,True,False,4
886,9236.44444444574,10,True,-1,False,False,RestTask,True,True,-1
886,9236.44444444574,11,False,89,True,False,ExtractTask,True,False,4
886,9236.44444444574,3,False,92,True,False,ExtractTask,True,False,2
886,9236.44444444574,5,False,65,True,False,ExtractTask,True,False,2
886,9236.44444444574,4,False,80,True,False,ExtractTask,False,False,4
886,9236.44444444574,12,False,5,True,False,ExtractTask,True,False,5
886,9236.44444444574,13,False,31,True,False,ExtractTask,False,False,4
886,9236.44444444574,14,True,-1,False,False,RestTask,False,True,-1
886,9236.44444444574,7,True,-1,False,False,RestTask,True,True,-1
887,9246.53333333448,1,False,87,True,False,ExtractTask,True,False,4
887,9246.53333333448,10,True,-1,False,False,RestTask,True,True,-1
887,9246.53333333448,11,False,89,True,False,ExtractTask,True,False,4
887,9246.53333333448,3,False,92,True,False,ExtractTask,True,False,2
887,9246.53333333448,5,False,65,True,False,ExtractTask,True,False,2
887,9246.53333333448,4,False,80,True,False,ExtractTask,False,False,4
887,9246.53333333448,12,False,5,True,False,ExtractTask,True,False,5
887,9246.53333333448,13,False,31,True,False,ExtractTask,False,False,4
887,9246.53333333448,14,True,-1,False,False,RestTask,True,True,-1
887,9246.53333333448,7,False,54,True,False,ExtractTask,True,False,3
888,9286.75555555612,1,False,87,True,False,ExtractTask,True,False,4
888,9286.75555555612,10,True,-1,False,False,RestTask,True,True,-1
888,9286.75555555612,11,False,89,True,False,ExtractTask,True,False,4
888,9286.75555555612,3,False,92,True,False,ExtractTask,True,False,2
888,9286.75555555612,5,False,65,True,False,ExtractTask,True,False,2
888,9286.75555555612,4,False,80,True,False,ExtractTask,True,False,4
888,9286.75555555612,12,False,5,True,False,ExtractTask,True,False,5
888,9286.75555555612,13,False,31,True,False,ExtractTask,True,False,4
888,9286.75555555612,14,True,-1,False,False,RestTask,True,True,-1
888,9286.75555555612,7,False,54,True,False,ExtractTask,True,False,3
889,9310.40000000022,1,False,87,True,False,ExtractTask,True,False,4
889,9310.40000000022,10,False,68,True,False,ExtractTask,False,False,4
889,9310.40000000022,11,False,89,True,False,ParkPodTask,False,False,4
889,9310.40000000022,3,False,92,True,False,ExtractTask,True,False,2
889,9310.40000000022,5,False,65,True,False,ExtractTask,True,False,2
889,9310.40000000022,4,False,80,True,False,ExtractTask,True,False,4
889,9310.40000000022,12,False,5,True,False,ExtractTask,True,False,4
889,9310.40000000022,13,False,31,True,False,ExtractTask,False,False,4
889,9310.40000000022,14,True,-1,False,False,RestTask,True,True,-1
889,9310.40000000022,7,False,54,True,False,ExtractTask,True,False,3
890,9330.53333333326,1,False,87,True,False,ExtractTask,True,False,4
890,9330.53333333326,10,False,68,True,False,ExtractTask,False,False,4
890,9330.53333333326,11,True,-1,False,False,RestTask,False,True,-1
890,9330.53333333326,3,False,92,True,False,ExtractTask,True,False,2
890,9330.53333333326,5,False,65,True,False,ParkPodTask,False,False,2
890,9330.53333333326,4,False,80,True,False,ExtractTask,True,False,4
890,9330.53333333326,12,False,5,True,False,ParkPodTask,False,False,4
890,9330.53333333326,13,False,31,True,False,ExtractTask,True,False,4
890,9330.53333333326,14,False,18,True,False,ExtractTask,False,False,2
890,9330.53333333326,7,False,54,True,False,ExtractTask,True,False,3
891,9337.02222222205,1,False,87,True,False,ExtractTask,True,False,4
891,9337.02222222205,10,False,68,True,False,ExtractTask,True,False,4
891,9337.02222222205,11,True,-1,False,False,RestTask,True,True,-1
891,9337.02222222205,3,False,92,True,False,ExtractTask,True,False,2
891,9337.02222222205,5,False,65,True,False,ParkPodTask,False,False,2
891,9337.02222222205,4,False,80,True,False,ExtractTask,True,False,4
891,9337.02222222205,12,True,-1,False,False,RestTask,False,True,-1
891,9337.02222222205,13,False,31,True,False,ExtractTask,True,False,4
891,9337.02222222205,14,False,18,True,False,ExtractTask,False,False,2
891,9337.02222222205,7,False,54,True,False,ExtractTask,True,False,3
892,9350.6666666663,1,False,87,True,False,ExtractTask,True,False,4
892,9350.6666666663,10,False,68,True,False,ExtractTask,True,False,4
892,9350.6666666663,11,True,-1,False,False,RestTask,True,True,-1
892,9350.6666666663,3,False,92,True,False,ExtractTask,True,False,2
892,9350.6666666663,5,True,-1,False,False,RestTask,True,True,-1
892,9350.6666666663,4,False,80,True,False,ExtractTask,True,False,4
892,9350.6666666663,12,True,-1,False,False,RestTask,True,True,-1
892,9350.6666666663,13,False,31,True,False,ExtractTask,True,False,4
892,9350.6666666663,14,False,18,True,False,ExtractTask,True,False,2
892,9350.6666666663,7,False,54,True,False,ExtractTask,True,False,3
893,9357.15555555509,1,False,87,True,False,ExtractTask,True,False,4
893,9357.15555555509,10,False,68,True,False,ExtractTask,True,False,4
893,9357.15555555509,11,True,-1,False,False,RestTask,True,True,-1
893,9357.15555555509,3,False,92,True,False,ExtractTask,True,False,2
893,9357.15555555509,5,True,-1,False,False,RestTask,True,True,-1
893,9357.15555555509,4,False,80,True,False,ExtractTask,True,False,4
893,9357.15555555509,12,True,-1,False,False,RestTask,True,True,-1
893,9357.15555555509,13,False,31,True,False,ExtractTask,True,False,4
893,9357.15555555509,14,False,18,True,False,ExtractTask,True,False,2
893,9357.15555555509,7,False,54,True,False,ExtractTask,True,False,3
894,9360.75555555504,1,False,87,True,False,ExtractTask,True,False,4
894,9360.75555555504,10,False,68,True,False,ExtractTask,True,False,4
894,9360.75555555504,11,True,-1,False,False,RestTask,True,True,-1
894,9360.75555555504,3,False,92,True,False,ExtractTask,True,False,2
894,9360.75555555504,5,True,-1,False,False,RestTask,True,True,-1
894,9360.75555555504,4,False,80,True,False,ExtractTask,True,False,4
894,9360.75555555504,12,True,-1,False,False,RestTask,True,True,-1
894,9360.75555555504,13,False,31,True,False,ExtractTask,True,False,4
894,9360.75555555504,14,False,18,True,False,ExtractTask,True,False,2
894,9360.75555555504,7,False,54,True,False,ExtractTask,True,False,3
895,9370.84444444378,1,False,87,True,False,ExtractTask,True,False,4
895,9370.84444444378,10,False,68,True,False,ExtractTask,True,False,4
895,9370.84444444378,11,True,-1,False,False,RestTask,True,True,-1
895,9370.84444444378,3,False,92,True,False,ExtractTask,True,False,2
895,9370.84444444378,5,True,-1,False,False,RestTask,True,True,-1
895,9370.84444444378,4,False,80,True,False,ExtractTask,True,False,4
895,9370.84444444378,12,True,-1,False,False,RestTask,True,True,-1
895,9370.84444444378,13,False,31,True,False,ExtractTask,True,False,4
895,9370.84444444378,14,False,18,True,False,ExtractTask,True,False,2
895,9370.84444444378,7,False,54,True,False,ExtractTask,True,False,3
896,9377.28888888814,1,False,87,True,False,ExtractTask,True,False,4
896,9377.28888888814,10,False,68,True,False,ExtractTask,True,False,4
896,9377.28888888814,11,True,-1,False,False,RestTask,True,True,-1
896,9377.28888888814,3,False,92,True,False,ExtractTask,True,False,2
896,9377.28888888814,5,True,-1,False,False,RestTask,True,True,-1
896,9377.28888888814,4,False,80,True,False,ExtractTask,True,False,4
896,9377.28888888814,12,True,-1,False,False,RestTask,True,True,-1
896,9377.28888888814,13,False,31,True,False,ExtractTask,True,False,4
896,9377.28888888814,14,False,18,True,False,ExtractTask,True,False,2
896,9377.28888888814,7,False,54,True,False,ExtractTask,True,False,3
897,9387.37777777688,1,False,87,True,False,ParkPodTask,False,False,3
897,9387.37777777688,10,False,68,True,False,ExtractTask,True,False,4
897,9387.37777777688,11,True,-1,False,False,RestTask,True,True,-1
897,9387.37777777688,3,False,92,True,False,ExtractTask,True,False,2
897,9387.37777777688,5,True,-1,False,False,RestTask,True,True,-1
897,9387.37777777688,4,False,80,True,False,ExtractTask,True,False,4
897,9387.37777777688,12,True,-1,False,False,RestTask,True,True,-1
897,9387.37777777688,13,False,31,True,False,ExtractTask,False,False,4
897,9387.37777777688,14,False,18,True,False,ExtractTask,True,False,2
897,9387.37777777688,7,False,54,True,False,ExtractTask,True,False,3
898,9401.02222222112,1,True,-1,False,False,ParkPodTask,True,True,-1
898,9401.02222222112,10,False,68,True,False,ExtractTask,True,False,4
898,9401.02222222112,11,True,-1,False,False,RestTask,True,True,-1
898,9401.02222222112,3,False,92,True,False,ExtractTask,True,False,2
898,9401.02222222112,5,True,-1,False,False,RestTask,True,True,-1
898,9401.02222222112,4,False,80,True,False,ExtractTask,True,False,4
898,9401.02222222112,12,True,-1,False,False,RestTask,True,True,-1
898,9401.02222222112,13,False,31,True,False,ExtractTask,True,False,4
898,9401.02222222112,14,False,18,True,False,ExtractTask,True,False,2
898,9401.02222222112,7,False,54,True,False,ExtractTask,True,False,3
899,9407.51111110992,1,True,-1,True,False,ExtractTask,False,False,-1
899,9407.51111110992,10,False,68,True,False,ExtractTask,True,False,4
899,9407.51111110992,11,True,-1,False,False,RestTask,True,True,-1
899,9407.51111110992,3,False,92,True,False,ExtractTask,True,False,2
899,9407.51111110992,5,True,-1,False,False,RestTask,True,True,-1
899,9407.51111110992,4,False,80,True,False,ExtractTask,True,False,4
899,9407.51111110992,12,True,-1,False,False,RestTask,True,True,-1
899,9407.51111110992,13,False,31,True,False,ExtractTask,True,False,4
899,9407.51111110992,14,False,18,True,False,ExtractTask,True,False,2
899,9407.51111110992,7,False,54,True,False,ExtractTask,True,False,3
900,9417.59999999866,1,False,81,True,False,ExtractTask,False,False,2
900,9417.59999999866,10,False,68,True,False,ExtractTask,False,False,4
900,9417.59999999866,11,True,-1,False,False,RestTask,True,True,-1
900,9417.59999999866,3,False,92,True,False,ParkPodTask,False,False,2
900,9417.59999999866,5,True,-1,False,False,RestTask,True,True,-1
900,9417.59999999866,4,False,80,True,False,ExtractTask,True,False,4
900,9417.59999999866,12,True,-1,False,False,RestTask,True,True,-1
900,9417.59999999866,13,False,31,True,False,ExtractTask,True,False,4
900,9417.59999999866,14,False,18,True,False,ExtractTask,True,False,2
900,9417.59999999866,7,False,54,True,False,ExtractTask,True,False,3
901,9421.15555555416,1,False,81,True,False,ExtractTask,False,False,2
901,9421.15555555416,10,False,68,True,False,ExtractTask,True,False,4
901,9421.15555555416,11,True,-1,False,False,RestTask,True,True,-1
901,9421.15555555416,3,False,92,True,False,ParkPodTask,False,False,2
901,9421.15555555416,5,True,-1,False,False,RestTask,True,True,-1
901,9421.15555555416,4,False,80,True,False,ExtractTask,True,False,4
901,9421.15555555416,12,True,-1,True,False,ExtractTask,False,False,-1
901,9421.15555555416,13,False,31,True,False,ExtractTask,True,False,4
901,9421.15555555416,14,False,18,True,False,ExtractTask,True,False,2
901,9421.15555555416,7,False,54,True,False,ExtractTask,True,False,3
902,9427.6888888874,1,False,81,True,False,ExtractTask,False,False,2
902,9427.6888888874,10,False,68,True,False,ExtractTask,True,False,4
902,9427.6888888874,11,True,-1,False,False,RestTask,True,True,-1
902,9427.6888888874,3,True,-1,False,False,ParkPodTask,True,True,-1
902,9427.6888888874,5,True,-1,False,False,RestTask,True,True,-1
902,9427.6888888874,4,False,80,True,False,ExtractTask,True,False,4
902,9427.6888888874,12,True,-1,True,False,ExtractTask,False,False,-1
902,9427.6888888874,13,False,31,True,False,ExtractTask,True,False,4
902,9427.6888888874,14,False,18,True,False,ExtractTask,True,False,2
902,9427.6888888874,7,False,54,True,False,ExtractTask,True,False,3
903,9447.82222222044,1,False,81,True,False,ExtractTask,True,False,2
903,9447.82222222044,10,False,68,True,False,ExtractTask,True,False,4
903,9447.82222222044,11,True,-1,False,False,RestTask,True,True,-1
903,9447.82222222044,3,True,-1,False,False,RestTask,True,True,-1
903,9447.82222222044,5,False,77,True,False,ExtractTask,True,False,2
903,9447.82222222044,4,False,80,True,False,ExtractTask,True,False,4
903,9447.82222222044,12,False,96,True,False,ExtractTask,False,False,2
903,9447.82222222044,13,False,31,True,False,ExtractTask,True,False,4
903,9447.82222222044,14,False,18,True,False,ExtractTask,True,False,2
903,9447.82222222044,7,False,54,True,False,ExtractTask,True,False,3
904,9461.3777777758,1,False,81,True,False,ExtractTask,True,False,2
904,9461.3777777758,10,False,68,True,False,ExtractTask,True,False,4
904,9461.3777777758,11,True,-1,False,False,RestTask,True,True,-1
904,9461.3777777758,3,True,-1,False,False,RestTask,True,True,-1
904,9461.3777777758,5,False,77,True,False,ExtractTask,False,False,2
904,9461.3777777758,4,False,80,True,False,ExtractTask,True,False,4
904,9461.3777777758,12,False,96,True,False,ExtractTask,True,False,2
904,9461.3777777758,13,False,31,True,False,ParkPodTask,False,False,4
904,9461.3777777758,14,False,18,True,False,ExtractTask,True,False,2
904,9461.3777777758,7,False,54,True,False,ExtractTask,True,False,3
905,9471.46666666454,1,False,81,True,False,ExtractTask,True,False,2
905,9471.46666666454,10,False,68,True,False,ExtractTask,True,False,4
905,9471.46666666454,11,True,-1,False,False,RestTask,True,True,-1
905,9471.46666666454,3,True,-1,False,False,RestTask,True,True,-1
905,9471.46666666454,5,False,77,True,False,ExtractTask,True,False,2
905,9471.46666666454,4,False,80,True,False,ExtractTask,True,False,4
905,9471.46666666454,12,False,96,True,False,ExtractTask,True,False,2
905,9471.46666666454,13,True,-1,False,False,RestTask,False,True,-1
905,9471.46666666454,14,False,18,True,False,ExtractTask,True,False,2
905,9471.46666666454,7,False,54,True,False,ExtractTask,True,False,3
906,9491.59999999758,1,False,81,True,False,ExtractTask,True,False,2
906,9491.59999999758,10,False,68,True,False,ExtractTask,True,False,4
906,9491.59999999758,11,True,-1,False,False,RestTask,True,True,-1
906,9491.59999999758,3,True,-1,False,False,RestTask,True,True,-1
906,9491.59999999758,5,False,77,True,False,ExtractTask,True,False,2
906,9491.59999999758,4,False,80,True,False,ParkPodTask,False,False,4
906,9491.59999999758,12,False,96,True,False,ExtractTask,True,False,2
906,9491.59999999758,13,True,-1,False,False,RestTask,True,True,-1
906,9491.59999999758,14,False,18,True,False,ExtractTask,True,False,2
906,9491.59999999758,7,False,54,True,False,ExtractTask,True,False,3
907,9498.08888888638,1,False,81,True,False,ExtractTask,True,False,2
907,9498.08888888638,10,False,68,True,False,ExtractTask,True,False,4
907,9498.08888888638,11,True,-1,False,False,RestTask,True,True,-1
907,9498.08888888638,3,True,-1,False,False,RestTask,True,True,-1
907,9498.08888888638,5,False,77,True,False,ExtractTask,True,False,2
907,9498.08888888638,4,False,80,True,False,ParkPodTask,False,False,4
907,9498.08888888638,12,False,96,True,False,ExtractTask,False,False,2
907,9498.08888888638,13,True,-1,False,False,RestTask,True,True,-1
907,9498.08888888638,14,False,18,True,False,ExtractTask,True,False,2
907,9498.08888888638,7,False,54,True,False,ExtractTask,True,False,3
908,9511.73333333062,1,False,81,True,False,ExtractTask,True,False,2
908,9511.73333333062,10,False,68,True,False,ExtractTask,True,False,4
908,9511.73333333062,11,True,-1,False,False,RestTask,True,True,-1
908,9511.73333333062,3,True,-1,False,False,RestTask,True,True,-1
908,9511.73333333062,5,False,77,True,False,ExtractTask,True,False,2
908,9511.73333333062,4,True,-1,False,False,RestTask,False,True,-1
908,9511.73333333062,12,False,96,True,False,ExtractTask,True,False,2
908,9511.73333333062,13,False,89,True,False,ExtractTask,False,False,4
908,9511.73333333062,14,False,18,True,False,ExtractTask,True,False,2
908,9511.73333333062,7,False,54,True,False,ExtractTask,True,False,3
909,9518.22222221942,1,False,81,True,False,ExtractTask,True,False,2
909,9518.22222221942,10,False,68,True,False,ExtractTask,True,False,4
909,9518.22222221942,11,True,-1,False,False,RestTask,True,True,-1
909,9518.22222221942,3,True,-1,True,False,ExtractTask,False,False,-1
909,9518.22222221942,5,False,77,True,False,ExtractTask,True,False,2
909,9518.22222221942,4,True,-1,False,False,RestTask,False,True,-1
909,9518.22222221942,12,False,96,True,False,ExtractTask,True,False,2
909,9518.22222221942,13,False,89,True,False,ExtractTask,False,False,4
909,9518.22222221942,14,False,18,True,False,ExtractTask,True,False,2
909,9518.22222221942,7,False,54,True,False,ExtractTask,True,False,3
910,9531.86666666366,1,False,81,True,False,ExtractTask,True,False,2
910,9531.86666666366,10,False,68,True,False,ExtractTask,True,False,4
910,9531.86666666366,11,True,-1,False,False,RestTask,True,True,-1
910,9531.86666666366,3,False,26,True,False,ExtractTask,False,False,3
910,9531.86666666366,5,False,77,True,False,ExtractTask,True,False,2
910,9531.86666666366,4,True,-1,False,False,RestTask,True,True,-1
910,9531.86666666366,12,False,96,True,False,ExtractTask,True,False,2
910,9531.86666666366,13,False,89,True,False,ExtractTask,True,False,4
910,9531.86666666366,14,False,18,True,False,ExtractTask,True,False,1
910,9531.86666666366,7,False,54,True,False,ExtractTask,True,False,3
911,9538.35555555246,1,False,81,True,False,ExtractTask,True,False,2
911,9538.35555555246,10,False,68,True,False,ExtractTask,True,False,4
911,9538.35555555246,11,True,-1,False,False,RestTask,True,True,-1
911,9538.35555555246,3,False,26,True,False,ExtractTask,False,False,3
911,9538.35555555246,5,False,77,True,False,ExtractTask,True,False,2
911,9538.35555555246,4,True,-1,False,False,RestTask,True,True,-1
911,9538.35555555246,12,False,96,True,False,ExtractTask,True,False,2
911,9538.35555555246,13,False,89,True,False,ExtractTask,True,False,4
911,9538.35555555246,14,False,18,True,False,ExtractTask,True,False,1
911,9538.35555555246,7,False,54,True,False,ExtractTask,True,False,3
912,9551.9999999967,1,False,81,True,False,ExtractTask,True,False,2
912,9551.9999999967,10,False,68,True,False,ExtractTask,True,False,4
912,9551.9999999967,11,False,2,True,False,ExtractTask,True,False,2
912,9551.9999999967,3,False,26,True,False,ExtractTask,True,False,3
912,9551.9999999967,5,False,77,True,False,ExtractTask,True,False,2
912,9551.9999999967,4,True,-1,False,False,RestTask,True,True,-1
912,9551.9999999967,12,False,96,True,False,ExtractTask,True,False,2
912,9551.9999999967,13,False,89,True,False,ExtractTask,True,False,4
912,9551.9999999967,14,False,18,True,False,ExtractTask,True,False,1
912,9551.9999999967,7,False,54,True,False,ExtractTask,True,False,2
913,9562.08888888545,1,False,81,True,False,ExtractTask,True,False,2
913,9562.08888888545,10,False,68,True,False,ExtractTask,True,False,4
913,9562.08888888545,11,False,2,True,False,ExtractTask,False,False,2
913,9562.08888888545,3,False,26,True,False,ExtractTask,True,False,3
913,9562.08888888545,5,False,77,True,False,ExtractTask,True,False,2
913,9562.08888888545,4,False,86,True,False,ExtractTask,False,False,2
913,9562.08888888545,12,False,96,True,False,ExtractTask,True,False,2
913,9562.08888888545,13,False,89,True,False,ExtractTask,True,False,4
913,9562.08888888545,14,False,18,True,False,ParkPodTask,False,False,0
913,9562.08888888545,7,False,54,True,False,ExtractTask,True,False,2
914,9568.5333333298,1,False,81,True,False,ExtractTask,True,False,2
914,9568.5333333298,10,False,68,True,False,ExtractTask,True,False,4
914,9568.5333333298,11,False,2,True,False,ExtractTask,True,False,2
914,9568.5333333298,3,False,26,True,False,ExtractTask,True,False,3
914,9568.5333333298,5,False,77,True,False,ExtractTask,True,False,2
914,9568.5333333298,4,False,86,True,False,ExtractTask,False,False,2
914,9568.5333333298,12,False,96,True,False,ExtractTask,True,False,2
914,9568.5333333298,13,False,89,True,False,ExtractTask,True,False,4
914,9568.5333333298,14,False,18,True,False,ParkPodTask,False,False,0
914,9568.5333333298,7,False,54,True,False,ExtractTask,True,False,2
915,9572.17777777419,1,False,81,True,False,ExtractTask,True,False,2
915,9572.17777777419,10,False,68,True,False,ExtractTask,True,False,4
915,9572.17777777419,11,False,2,True,False,ExtractTask,True,False,2
915,9572.17777777419,3,False,26,True,False,ExtractTask,True,False,3
915,9572.17777777419,5,False,77,True,False,ExtractTask,True,False,2
915,9572.17777777419,4,False,86,True,False,ExtractTask,False,False,2
915,9572.17777777419,12,False,96,True,False,ExtractTask,True,False,2
915,9572.17777777419,13,False,89,True,False,ExtractTask,True,False,4
915,9572.17777777419,14,True,-1,False,False,RestTask,False,True,-1
915,9572.17777777419,7,False,54,True,False,ExtractTask,True,False,2
916,9582.26666666293,1,False,81,True,False,ExtractTask,True,False,2
916,9582.26666666293,10,False,68,True,False,ExtractTask,True,False,4
916,9582.26666666293,11,False,2,True,False,ExtractTask,True,False,2
916,9582.26666666293,3,False,26,True,False,ExtractTask,True,False,3
916,9582.26666666293,5,False,77,True,False,ExtractTask,True,False,2
916,9582.26666666293,4,False,86,True,False,ExtractTask,True,False,2
916,9582.26666666293,12,False,96,True,False,ExtractTask,True,False,2
916,9582.26666666293,13,False,89,True,False,ExtractTask,True,False,4
916,9582.26666666293,14,True,-1,True,True,RestTask,True,False,-1
916,9582.26666666293,7,False,54,True,False,ParkPodTask,True,False,2
917,9588.66666666284,1,False,81,True,False,ExtractTask,True,False,2
917,9588.66666666284,10,False,68,True,False,ExtractTask,True,False,4
917,9588.66666666284,11,False,2,True,False,ExtractTask,True,False,2
917,9588.66666666284,3,False,26,True,False,ExtractTask,True,False,3
917,9588.66666666284,5,False,77,True,False,ExtractTask,True,False,2
917,9588.66666666284,4,False,86,True,False,ExtractTask,True,False,2
917,9588.66666666284,12,False,96,True,False,ExtractTask,False,False,2
917,9588.66666666284,13,False,89,True,False,ExtractTask,True,False,4
917,9588.66666666284,14,True,-1,True,False,ExtractTask,False,False,-1
917,9588.66666666284,7,False,54,True,False,ParkPodTask,False,False,2
918,9598.75555555158,1,False,81,True,False,ExtractTask,True,False,2
918,9598.75555555158,10,False,68,True,False,ExtractTask,True,False,3
918,9598.75555555158,11,False,2,True,False,ExtractTask,True,False,2
918,9598.75555555158,3,False,26,True,False,ExtractTask,True,False,3
918,9598.75555555158,5,False,77,True,False,ExtractTask,True,False,2
918,9598.75555555158,4,False,86,True,False,ExtractTask,True,False,2
918,9598.75555555158,12,False,96,True,False,ExtractTask,True,False,2
918,9598.75555555158,13,False,89,True,False,ExtractTask,True,False,4
918,9598.75555555158,14,True,-1,True,False,ExtractTask,False,False,-1
918,9598.75555555158,7,True,-1,False,False,RestTask,False,True,-1
919,9622.48888888457,1,True,-1,False,False,RestTask,False,True,-1
919,9622.48888888457,10,False,68,True,False,ExtractTask,True,False,2
919,9622.48888888457,11,False,2,True,False,ExtractTask,True,False,2
919,9622.48888888457,3,False,26,True,False,ExtractTask,True,False,2
919,9622.48888888457,5,False,77,True,False,ExtractTask,True,False,2
919,9622.48888888457,4,False,86,True,False,ExtractTask,True,False,2
919,9622.48888888457,12,False,96,True,False,ExtractTask,True,False,2
919,9622.48888888457,13,False,89,True,False,ExtractTask,True,False,4
919,9622.48888888457,14,False,12,True,False,ExtractTask,False,False,4
919,9622.48888888457,7,False,36,True,False,ExtractTask,False,False,5
920,9632.57777777331,1,True,-1,True,True,RestTask,True,False,-1
920,9632.57777777331,10,False,68,True,False,ParkPodTask,False,False,2
920,9632.57777777331,11,False,2,True,False,ExtractTask,True,False,2
920,9632.57777777331,3,False,26,True,False,ParkPodTask,False,False,2
920,9632.57777777331,5,False,77,True,False,ExtractTask,True,False,2
920,9632.57777777331,4,False,86,True,False,ExtractTask,True,False,2
920,9632.57777777331,12,False,96,True,False,ExtractTask,True,False,2
920,9632.57777777331,13,False,89,True,False,ExtractTask,True,False,4
920,9632.57777777331,14,False,12,True,False,ExtractTask,True,False,4
920,9632.57777777331,7,False,36,True,False,ExtractTask,False,False,5
921,9638.17777777323,1,True,-1,True,False,ExtractTask,False,False,-1
921,9638.17777777323,10,False,68,True,False,ParkPodTask,False,False,2
921,9638.17777777323,11,False,2,True,False,ExtractTask,True,False,2
921,9638.17777777323,3,True,-1,False,False,ParkPodTask,True,True,-1
921,9638.17777777323,5,False,77,True,False,ExtractTask,False,False,2
921,9638.17777777323,4,False,86,True,False,ExtractTask,True,False,2
921,9638.17777777323,12,False,96,True,False,ExtractTask,True,False,2
921,9638.17777777323,13,False,89,True,False,ExtractTask,True,False,4
921,9638.17777777323,14,False,12,True,False,ExtractTask,True,False,4
921,9638.17777777323,7,False,36,True,False,ExtractTask,True,False,5
922,9642.66666666205,1,False,74,True,False,ExtractTask,True,False,2
922,9642.66666666205,10,False,68,True,False,ParkPodTask,False,False,2
922,9642.66666666205,11,False,2,True,False,ExtractTask,True,False,2
922,9642.66666666205,3,True,-1,True,False,ExtractTask,False,False,-1
922,9642.66666666205,5,False,77,True,False,ExtractTask,True,False,2
922,9642.66666666205,4,False,86,True,False,ExtractTask,True,False,2
922,9642.66666666205,12,False,96,True,False,ExtractTask,True,False,2
922,9642.66666666205,13,False,89,True,False,ExtractTask,True,False,4
922,9642.66666666205,14,False,12,True,False,ExtractTask,True,False,4
922,9642.66666666205,7,False,36,True,False,ExtractTask,False,False,5
923,9649.02222221751,1,False,74,True,False,ExtractTask,False,False,2
923,9649.02222221751,10,True,-1,False,False,RestTask,False,True,-1
923,9649.02222221751,11,False,2,True,False,ExtractTask,True,False,2
923,9649.02222221751,3,True,-1,True,False,ExtractTask,False,False,-1
923,9649.02222221751,5,False,77,True,False,ExtractTask,True,False,2
923,9649.02222221751,4,False,86,True,False,ExtractTask,True,False,2
923,9649.02222221751,12,False,96,True,False,ExtractTask,True,False,2
923,9649.02222221751,13,False,89,True,False,ExtractTask,True,False,4
923,9649.02222221751,14,False,12,True,False,ExtractTask,True,False,4
923,9649.02222221751,7,False,36,True,False,ExtractTask,True,False,5
924,9662.79999999509,1,False,74,True,False,ExtractTask,False,False,2
924,9662.79999999509,10,True,-1,True,False,ExtractTask,False,False,-1
924,9662.79999999509,11,False,2,True,False,ExtractTask,True,False,2
924,9662.79999999509,3,False,27,True,False,ExtractTask,False,False,1
924,9662.79999999509,5,False,77,True,False,ExtractTask,True,False,2
924,9662.79999999509,4,False,86,True,False,ExtractTask,True,False,2
924,9662.79999999509,12,False,96,True,False,ParkPodTask,False,False,2
924,9662.79999999509,13,False,89,True,False,ExtractTask,True,False,4
924,9662.79999999509,14,False,12,True,False,ExtractTask,True,False,4
924,9662.79999999509,7,False,36,True,False,ExtractTask,True,False,5
925,9669.15555555055,1,False,74,True,False,ExtractTask,False,False,2
925,9669.15555555055,10,True,-1,True,False,ExtractTask,False,False,-1
925,9669.15555555055,11,False,2,True,False,ExtractTask,True,False,2
925,9669.15555555055,3,False,27,True,False,ExtractTask,False,False,1
925,9669.15555555055,5,False,77,True,False,ExtractTask,True,False,2
925,9669.15555555055,4,False,86,True,False,ExtractTask,True,False,2
925,9669.15555555055,12,True,-1,False,False,RestTask,False,True,-1
925,9669.15555555055,13,False,89,True,False,ExtractTask,True,False,4
925,9669.15555555055,14,False,12,True,False,ExtractTask,True,False,4
925,9669.15555555055,7,False,36,True,False,ExtractTask,True,False,5
926,9699.33333332789,1,False,74,True,False,ExtractTask,True,False,2
926,9699.33333332789,10,False,83,True,False,ExtractTask,True,False,3
926,9699.33333332789,11,False,2,True,False,ExtractTask,True,False,2
926,9699.33333332789,3,False,27,True,False,ExtractTask,True,False,1
926,9699.33333332789,5,False,77,True,False,ParkPodTask,False,False,2
926,9699.33333332789,4,False,86,True,False,ParkPodTask,False,False,2
926,9699.33333332789,12,True,-1,False,False,RestTask,True,True,-1
926,9699.33333332789,13,False,89,True,False,ExtractTask,True,False,4
926,9699.33333332789,14,False,12,True,False,ExtractTask,False,False,4
926,9699.33333332789,7,False,36,True,False,ExtractTask,False,False,5
927,9703.02222221673,1,False,74,True,False,ExtractTask,True,False,2
927,9703.02222221673,10,False,83,True,False,ExtractTask,True,False,3
927,9703.02222221673,11,False,2,True,False,ExtractTask,True,False,2
927,9703.02222221673,3,False,27,True,False,ExtractTask,False,False,1
927,9703.02222221673,5,True,-1,False,False,ParkPodTask,True,True,-1
927,9703.02222221673,4,False,86,True,False,ParkPodTask,False,False,2
927,9703.02222221673,12,True,-1,False,False,RestTask,True,True,-1
927,9703.02222221673,13,False,89,True,False,ExtractTask,True,False,3
927,9703.02222221673,14,False,12,True,False,ExtractTask,True,False,4
927,9703.02222221673,7,False,36,True,False,ExtractTask,True,False,5
928,9709.42222221664,1,False,74,True,False,ExtractTask,True,False,2
928,9709.42222221664,10,False,83,True,False,ExtractTask,True,False,3
928,9709.42222221664,11,False,2,True,False,ExtractTask,True,False,2
928,9709.42222221664,3,False,27,True,False,ExtractTask,True,False,1
928,9709.42222221664,5,True,-1,False,False,RestTask,False,True,-1
928,9709.42222221664,4,True,-1,False,False,RestTask,False,True,-1
928,9709.42222221664,12,True,-1,False,False,RestTask,True,True,-1
928,9709.42222221664,13,False,89,True,False,ExtractTask,True,False,3
928,9709.42222221664,14,False,12,True,False,ExtractTask,True,False,4
928,9709.42222221664,7,False,36,True,False,ExtractTask,True,False,5
929,9719.51111110538,1,False,74,True,False,ExtractTask,True,False,2
929,9719.51111110538,10,False,83,True,False,ExtractTask,True,False,3
929,9719.51111110538,11,False,2,True,False,ExtractTask,True,False,2
929,9719.51111110538,3,False,27,True,False,ExtractTask,True,False,1
929,9719.51111110538,5,True,-1,False,False,RestTask,True,True,-1
929,9719.51111110538,4,True,-1,False,False,RestTask,True,True,-1
929,9719.51111110538,12,True,-1,False,False,RestTask,True,True,-1
929,9719.51111110538,13,False,89,True,False,ExtractTask,True,False,3
929,9719.51111110538,14,False,12,True,False,ExtractTask,True,False,4
929,9719.51111110538,7,False,36,True,False,ExtractTask,True,False,5
930,9723.15555554977,1,False,74,True,False,ExtractTask,True,False,2
930,9723.15555554977,10,False,83,True,False,ExtractTask,True,False,3
930,9723.15555554977,11,False,2,True,False,ExtractTask,True,False,2
930,9723.15555554977,3,False,27,True,False,ExtractTask,True,False,1
930,9723.15555554977,5,True,-1,False,False,RestTask,True,True,-1
930,9723.15555554977,4,True,-1,False,False,RestTask,True,True,-1
930,9723.15555554977,12,True,-1,False,False,RestTask,True,True,-1
930,9723.15555554977,13,False,89,True,False,ExtractTask,True,False,3
930,9723.15555554977,14,False,12,True,False,ExtractTask,True,False,4
930,9723.15555554977,7,False,36,True,False,ExtractTask,True,False,5
931,9729.59999999412,1,False,74,True,False,ExtractTask,True,False,2
931,9729.59999999412,10,False,83,True,False,ExtractTask,True,False,3
931,9729.59999999412,11,False,2,True,False,ExtractTask,True,False,2
931,9729.59999999412,3,False,27,True,False,ExtractTask,True,False,1
931,9729.59999999412,5,True,-1,False,False,RestTask,True,True,-1
931,9729.59999999412,4,False,9,True,False,ExtractTask,True,False,2
931,9729.59999999412,12,True,-1,False,False,RestTask,True,True,-1
931,9729.59999999412,13,False,89,True,False,ExtractTask,True,False,3
931,9729.59999999412,14,False,12,True,False,ExtractTask,True,False,4
931,9729.59999999412,7,False,36,True,False,ExtractTask,True,False,5
932,9739.68888888286,1,False,74,True,False,ExtractTask,True,False,2
932,9739.68888888286,10,False,83,True,False,ExtractTask,True,False,3
932,9739.68888888286,11,False,2,True,False,ExtractTask,True,False,2
932,9739.68888888286,3,False,27,True,False,ExtractTask,True,False,1
932,9739.68888888286,5,False,35,True,False,ExtractTask,False,False,2
932,9739.68888888286,4,False,9,True,False,ExtractTask,False,False,2
932,9739.68888888286,12,True,-1,False,False,RestTask,True,True,-1
932,9739.68888888286,13,False,89,True,False,ExtractTask,True,False,2
932,9739.68888888286,14,False,12,True,False,ExtractTask,True,False,4
932,9739.68888888286,7,False,36,True,False,ExtractTask,True,False,5
933,9743.28888888281,1,False,74,True,False,ExtractTask,True,False,2
933,9743.28888888281,10,False,83,True,False,ExtractTask,True,False,3
933,9743.28888888281,11,False,2,True,False,ExtractTask,True,False,2
933,9743.28888888281,3,False,27,True,False,ExtractTask,True,False,1
933,9743.28888888281,5,False,35,True,False,ExtractTask,False,False,2
933,9743.28888888281,4,False,9,True,False,ExtractTask,False,False,2
933,9743.28888888281,12,True,-1,False,False,RestTask,True,True,-1
933,9743.28888888281,13,False,89,True,False,ParkPodTask,False,False,2
933,9743.28888888281,14,False,12,True,False,ExtractTask,True,False,4
933,9743.28888888281,7,False,36,True,False,ExtractTask,True,False,5
934,9769.8666666602,1,False,74,True,False,ExtractTask,True,False,2
934,9769.8666666602,10,False,83,True,False,ExtractTask,True,False,3
934,9769.8666666602,11,False,2,True,False,ExtractTask,True,False,2
934,9769.8666666602,3,False,27,True,False,ExtractTask,True,False,1
934,9769.8666666602,5,False,35,True,False,ExtractTask,True,False,2
934,9769.8666666602,4,False,9,True,False,ExtractTask,True,False,2
934,9769.8666666602,12,True,-1,False,False,RestTask,True,True,-1
934,9769.8666666602,13,True,-1,False,False,RestTask,True,True,-1
934,9769.8666666602,14,False,12,True,False,ExtractTask,True,False,4
934,9769.8666666602,7,False,36,True,False,ExtractTask,True,False,5
935,9779.95555554894,1,False,74,True,False,ExtractTask,True,False,2
935,9779.95555554894,10,False,83,True,False,ExtractTask,True,False,3
935,9779.95555554894,11,False,2,True,False,ExtractTask,True,False,2
935,9779.95555554894,3,False,27,True,False,ExtractTask,True,False,1
935,9779.95555554894,5,False,35,True,False,ExtractTask,True,False,2
935,9779.95555554894,4,False,9,True,False,ExtractTask,True,False,2
935,9779.95555554894,12,True,-1,True,False,ExtractTask,False,False,-1
935,9779.95555554894,13,True,-1,False,False,RestTask,True,True,-1
935,9779.95555554894,14,False,12,True,False,ExtractTask,True,False,4
935,9779.95555554894,7,False,36,True,False,ExtractTask,True,False,5
936,9813.64444443734,1,False,74,True,False,ExtractTask,True,False,2
936,9813.64444443734,10,False,83,True,False,ExtractTask,True,False,3
936,9813.64444443734,11,False,2,True,False,ExtractTask,True,False,2
936,9813.64444443734,3,False,27,True,False,ExtractTask,True,False,1
936,9813.64444443734,5,False,35,True,False,ExtractTask,True,False,2
936,9813.64444443734,4,False,9,True,False,ExtractTask,False,False,2
936,9813.64444443734,12,False,21,True,False,ExtractTask,True,False,4
936,9813.64444443734,13,True,-1,False,False,RestTask,True,True,-1
936,9813.64444443734,14,False,12,True,False,ParkPodTask,False,False,3
936,9813.64444443734,7,False,36,True,False,ExtractTask,True,False,5
937,9823.73333332608,1,False,74,True,False,ExtractTask,True,False,2
937,9823.73333332608,10,False,83,True,False,ExtractTask,True,False,3
937,9823.73333332608,11,False,2,True,False,ExtractTask,True,False,2
937,9823.73333332608,3,False,27,True,False,ExtractTask,True,False,1
937,9823.73333332608,5,False,35,True,False,ExtractTask,True,False,2
937,9823.73333332608,4,False,9,True,False,ExtractTask,True,False,2
937,9823.73333332608,12,False,21,True,False,ExtractTask,True,False,4
937,9823.73333332608,13,True,-1,True,False,ExtractTask,False,False,-1
937,9823.73333332608,14,True,-1,False,False,RestTask,False,True,-1
937,9823.73333332608,7,False,36,True,False,ExtractTask,True,False,5
938,9840.26666665918,1,False,74,True,False,ExtractTask,True,False,2
938,9840.26666665918,10,False,83,True,False,ExtractTask,True,False,3
938,9840.26666665918,11,False,2,True,False,ParkPodTask,False,False,2
938,9840.26666665918,3,False,27,True,False,ExtractTask,True,False,1
938,9840.26666665918,5,False,35,True,False,ExtractTask,False,False,2
938,9840.26666665918,4,False,9,True,False,ExtractTask,True,False,2
938,9840.26666665918,12,False,21,True,False,ExtractTask,True,False,4
938,9840.26666665918,13,False,24,True,False,ExtractTask,False,False,4
938,9840.26666665918,14,True,-1,True,False,ExtractTask,False,False,-1
938,9840.26666665918,7,False,36,True,False,ExtractTask,True,False,5
939,9860.39999999222,1,False,74,True,False,ExtractTask,True,False,2
939,9860.39999999222,10,False,83,True,False,ExtractTask,True,False,3
939,9860.39999999222,11,True,-1,False,False,RestTask,True,True,-1
939,9860.39999999222,3,False,27,True,False,ExtractTask,True,False,1
939,9860.39999999222,5,False,35,True,False,ExtractTask,True,False,2
939,9860.39999999222,4,False,9,True,False,ExtractTask,True,False,2
939,9860.39999999222,12,False,21,True,False,ExtractTask,True,False,4
939,9860.39999999222,13,False,24,True,False,ExtractTask,True,False,4
939,9860.39999999222,14,False,72,True,False,ExtractTask,True,False,3
939,9860.39999999222,7,False,36,True,False,ExtractTask,True,False,4
940,9900.62222221385,1,True,-1,False,False,ParkPodTask,True,True,-1
940,9900.62222221385,10,False,83,True,False,ExtractTask,True,False,3
940,9900.62222221385,11,True,-1,False,False,RestTask,True,True,-1
940,9900.62222221385,3,False,27,True,False,ExtractTask,True,False,1
940,9900.62222221385,5,False,35,True,False,ExtractTask,True,False,2
940,9900.62222221385,4,False,9,True,False,ExtractTask,True,False,2
940,9900.62222221385,12,False,21,True,False,ExtractTask,True,False,4
940,9900.62222221385,13,False,24,True,False,ExtractTask,True,False,4
940,9900.62222221385,14,False,72,True,False,ExtractTask,True,False,3
940,9900.62222221385,7,False,36,True,False,ExtractTask,True,False,4
941,9904.13333332491,1,True,-1,False,False,RestTask,False,True,-1
941,9904.13333332491,10,False,83,True,False,ExtractTask,True,False,3
941,9904.13333332491,11,True,-1,False,False,RestTask,True,True,-1
941,9904.13333332491,3,False,27,True,False,ExtractTask,True,False,1
941,9904.13333332491,5,False,35,True,False,ExtractTask,True,False,2
941,9904.13333332491,4,False,9,True,False,ExtractTask,True,False,2
941,9904.13333332491,12,False,21,True,False,ExtractTask,True,False,4
941,9904.13333332491,13,False,24,True,False,ExtractTask,True,False,4
941,9904.13333332491,14,False,72,True,False,ExtractTask,True,False,3
941,9904.13333332491,7,False,36,True,False,ExtractTask,True,False,4
942,9910.7111111026,1,True,-1,False,False,RestTask,True,True,-1
942,9910.7111111026,10,False,83,True,False,ExtractTask,True,False,3
942,9910.7111111026,11,True,-1,False,False,RestTask,True,True,-1
942,9910.7111111026,3,False,27,True,False,ExtractTask,True,False,1
942,9910.7111111026,5,False,35,True,False,ExtractTask,True,False,2
942,9910.7111111026,4,False,9,True,False,ExtractTask,True,False,2
942,9910.7111111026,12,False,21,True,False,ExtractTask,True,False,4
942,9910.7111111026,13,False,24,True,False,ExtractTask,True,False,4
942,9910.7111111026,14,False,72,True,False,ExtractTask,True,False,3
942,9910.7111111026,7,False,36,True,False,ExtractTask,True,False,4
943,9914.22222221366,1,True,-1,False,False,RestTask,True,True,-1
943,9914.22222221366,10,False,83,True,False,ExtractTask,True,False,3
943,9914.22222221366,11,True,-1,True,False,ExtractTask,False,False,-1
943,9914.22222221366,3,False,27,True,False,ExtractTask,True,False,1
943,9914.22222221366,5,False,35,True,False,ExtractTask,True,False,2
943,9914.22222221366,4,False,9,True,False,ExtractTask,True,False,2
943,9914.22222221366,12,False,21,True,False,ExtractTask,True,False,4
943,9914.22222221366,13,False,24,True,False,ExtractTask,True,False,4
943,9914.22222221366,14,False,72,True,False,ExtractTask,True,False,3
943,9914.22222221366,7,False,36,True,False,ExtractTask,True,False,4
944,9920.79999999134,1,True,-1,False,False,RestTask,True,True,-1
944,9920.79999999134,10,False,83,True,False,ExtractTask,True,False,3
944,9920.79999999134,11,False,19,True,False,ExtractTask,True,False,2
944,9920.79999999134,3,False,27,True,False,ExtractTask,True,False,1
944,9920.79999999134,5,False,35,True,False,ExtractTask,True,False,2
944,9920.79999999134,4,False,9,True,False,ExtractTask,True,False,2
944,9920.79999999134,12,False,21,True,False,ExtractTask,True,False,4
944,9920.79999999134,13,False,24,True,False,ExtractTask,True,False,4
944,9920.79999999134,14,False,72,True,False,ExtractTask,True,False,3
944,9920.79999999134,7,False,36,True,False,ExtractTask,True,False,4
945,9924.3111111024,1,True,-1,True,True,RestTask,True,False,-1
945,9924.3111111024,10,False,83,True,False,ExtractTask,True,False,3
945,9924.3111111024,11,False,19,True,False,ExtractTask,False,False,2
945,9924.3111111024,3,False,27,True,False,ExtractTask,True,False,1
945,9924.3111111024,5,False,35,True,False,ExtractTask,True,False,2
945,9924.3111111024,4,False,9,True,False,ExtractTask,True,False,2
945,9924.3111111024,12,False,21,True,False,ExtractTask,True,False,4
945,9924.3111111024,13,False,24,True,False,ExtractTask,True,False,4
945,9924.3111111024,14,False,72,True,False,ExtractTask,True,False,3
945,9924.3111111024,7,False,36,True,False,ParkPodTask,False,False,4
946,9940.93333332438,1,False,98,True,False,ExtractTask,False,False,3
946,9940.93333332438,10,False,83,True,False,ParkPodTask,False,False,3
946,9940.93333332438,11,False,19,True,False,ExtractTask,False,False,2
946,9940.93333332438,3,False,27,True,False,ExtractTask,True,False,1
946,9940.93333332438,5,False,35,True,False,ExtractTask,True,False,2
946,9940.93333332438,4,False,9,True,False,ExtractTask,True,False,2
946,9940.93333332438,12,False,21,True,False,ExtractTask,True,False,4
946,9940.93333332438,13,False,24,True,False,ExtractTask,True,False,4
946,9940.93333332438,14,False,72,True,False,ExtractTask,True,False,3
946,9940.93333332438,7,True,-1,False,False,RestTask,False,True,-1
947,9951.02222221312,1,False,98,True,False,ExtractTask,False,False,3
947,9951.02222221312,10,True,-1,False,False,RestTask,False,True,-1
947,9951.02222221312,11,False,19,True,False,ExtractTask,True,False,2
947,9951.02222221312,3,False,27,True,False,ParkPodTask,False,False,0
947,9951.02222221312,5,False,35,True,False,ExtractTask,True,False,2
947,9951.02222221312,4,False,9,True,False,ExtractTask,False,False,2
947,9951.02222221312,12,False,21,True,False,ExtractTask,True,False,4
947,9951.02222221312,13,False,24,True,False,ExtractTask,True,False,4
947,9951.02222221312,14,False,72,True,False,ExtractTask,True,False,3
947,9951.02222221312,7,True,-1,False,False,RestTask,True,True,-1
948,9954.48888887974,1,False,98,True,False,ExtractTask,False,False,3
948,9954.48888887974,10,True,-1,False,False,RestTask,False,True,-1
948,9954.48888887974,11,False,19,True,False,ExtractTask,True,False,2
948,9954.48888887974,3,False,27,True,False,ParkPodTask,False,False,0
948,9954.48888887974,5,False,35,True,False,ExtractTask,True,False,2
948,9954.48888887974,4,False,9,True,False,ExtractTask,True,False,2
948,9954.48888887974,12,False,21,True,False,ExtractTask,True,False,4
948,9954.48888887974,13,False,24,True,False,ExtractTask,True,False,4
948,9954.48888887974,14,False,72,True,False,ExtractTask,False,False,3
948,9954.48888887974,7,True,-1,False,False,RestTask,True,True,-1
949,9964.57777776848,1,False,98,True,False,ExtractTask,True,False,3
949,9964.57777776848,10,True,-1,False,False,RestTask,True,True,-1
949,9964.57777776848,11,False,19,True,False,ExtractTask,True,False,2
949,9964.57777776848,3,True,-1,False,False,RestTask,False,True,-1
949,9964.57777776848,5,False,35,True,False,ExtractTask,True,False,2
949,9964.57777776848,4,False,9,True,False,ExtractTask,True,False,2
949,9964.57777776848,12,False,21,True,False,ExtractTask,True,False,4
949,9964.57777776848,13,False,24,True,False,ExtractTask,True,False,4
949,9964.57777776848,14,False,72,True,False,ExtractTask,True,False,3
949,9964.57777776848,7,True,-1,False,False,RestTask,True,True,-1
950,9971.15555554616,1,False,98,True,False,ExtractTask,True,False,3
950,9971.15555554616,10,True,-1,False,False,RestTask,True,True,-1
950,9971.15555554616,11,False,19,True,False,ExtractTask,True,False,2
950,9971.15555554616,3,True,-1,False,False,RestTask,False,True,-1
950,9971.15555554616,5,False,35,True,False,ExtractTask,True,False,2
950,9971.15555554616,4,False,9,True,False,ExtractTask,True,False,2
950,9971.15555554616,12,False,21,True,False,ExtractTask,True,False,4
950,9971.15555554616,13,False,24,True,False,ExtractTask,True,False,4
950,9971.15555554616,14,False,72,True,False,ExtractTask,True,False,3
950,9971.15555554616,7,True,-1,False,False,RestTask,True,True,-1
951,9994.75555554582,1,False,98,True,False,ExtractTask,True,False,3
951,9994.75555554582,10,True,-1,False,False,RestTask,True,True,-1
951,9994.75555554582,11,False,19,True,False,ExtractTask,True,False,2
951,9994.75555554582,3,True,-1,False,False,RestTask,True,True,-1
951,9994.75555554582,5,False,35,True,False,ExtractTask,True,False,2
951,9994.75555554582,4,False,9,True,False,ExtractTask,True,False,2
951,9994.75555554582,12,False,21,True,False,ExtractTask,True,False,4
951,9994.75555554582,13,False,24,True,False,ExtractTask,True,False,4
951,9994.75555554582,14,False,72,True,False,ExtractTask,True,False,3
951,9994.75555554582,7,True,-1,False,False,RestTask,True,True,-1
952,10001.3333333235,1,False,98,True,False,ExtractTask,True,False,3
952,10001.3333333235,10,True,-1,False,False,RestTask,True,True,-1
952,10001.3333333235,11,False,19,True,False,ExtractTask,True,False,2
952,10001.3333333235,3,True,-1,False,False,RestTask,True,True,-1
952,10001.3333333235,5,False,35,True,False,ExtractTask,True,False,2
952,10001.3333333235,4,False,9,True,False,ParkPodTask,False,False,2
952,10001.3333333235,12,False,21,True,False,ExtractTask,True,False,4
952,10001.3333333235,13,False,24,True,False,ExtractTask,False,False,4
952,10001.3333333235,14,False,72,True,False,ExtractTask,True,False,3
952,10001.3333333235,7,True,-1,False,False,RestTask,True,True,-1
953,10004.8444444346,1,False,98,True,False,ExtractTask,True,False,3
953,10004.8444444346,10,True,-1,False,False,RestTask,True,True,-1
953,10004.8444444346,11,False,19,True,False,ExtractTask,True,False,2
953,10004.8444444346,3,True,-1,False,False,RestTask,True,True,-1
953,10004.8444444346,5,False,35,True,False,ParkPodTask,False,False,1
953,10004.8444444346,4,False,9,True,False,ParkPodTask,False,False,2
953,10004.8444444346,12,False,21,True,False,ExtractTask,True,False,4
953,10004.8444444346,13,False,24,True,False,ExtractTask,True,False,4
953,10004.8444444346,14,False,72,True,False,ExtractTask,True,False,3
953,10004.8444444346,7,True,-1,False,False,RestTask,True,True,-1
954,10011.4222222122,1,False,98,True,False,ExtractTask,False,False,3
954,10011.4222222122,10,True,-1,True,False,ExtractTask,False,False,-1
954,10011.4222222122,11,False,19,True,False,ExtractTask,True,False,2
954,10011.4222222122,3,True,-1,False,False,RestTask,True,True,-1
954,10011.4222222122,5,False,35,True,False,ParkPodTask,False,False,1
954,10011.4222222122,4,True,-1,False,False,ParkPodTask,True,True,-1
954,10011.4222222122,12,False,21,True,False,ExtractTask,True,False,4
954,10011.4222222122,13,False,24,True,False,ExtractTask,True,False,3
954,10011.4222222122,14,False,72,True,False,ExtractTask,True,False,3
954,10011.4222222122,7,True,-1,False,False,RestTask,True,True,-1
955,10014.9333333233,1,False,98,True,False,ExtractTask,True,False,3
955,10014.9333333233,10,False,42,True,False,ExtractTask,False,False,2
955,10014.9333333233,11,False,19,True,False,ExtractTask,True,False,2
955,10014.9333333233,3,True,-1,False,False,RestTask,True,True,-1
955,10014.9333333233,5,False,35,True,False,ParkPodTask,False,False,1
955,10014.9333333233,4,True,-1,False,False,RestTask,False,True,-1
955,10014.9333333233,12,False,21,True,False,ExtractTask,True,False,4
955,10014.9333333233,13,False,24,True,False,ExtractTask,True,False,3
955,10014.9333333233,14,False,72,True,False,ExtractTask,True,False,3
955,10014.9333333233,7,True,-1,False,False,RestTask,True,True,-1
956,10025.022222212,1,False,98,True,False,ExtractTask,True,False,3
956,10025.022222212,10,False,42,True,False,ExtractTask,False,False,2
956,10025.022222212,11,False,19,True,False,ExtractTask,True,False,2
956,10025.022222212,3,True,-1,False,False,RestTask,True,True,-1
956,10025.022222212,5,True,-1,False,False,RestTask,False,True,-1
956,10025.022222212,4,True,-1,False,False,RestTask,True,True,-1
956,10025.022222212,12,False,21,True,False,ExtractTask,True,False,3
956,10025.022222212,13,False,24,True,False,ExtractTask,True,False,3
956,10025.022222212,14,False,72,True,False,ExtractTask,True,False,3
956,10025.022222212,7,True,-1,False,False,RestTask,True,True,-1
957,10031.5555555453,1,False,98,True,False,ExtractTask,True,False,3
957,10031.5555555453,10,False,42,True,False,ExtractTask,False,False,2
957,10031.5555555453,11,False,19,True,False,ExtractTask,True,False,2
957,10031.5555555453,3,True,-1,True,False,ExtractTask,False,False,-1
957,10031.5555555453,5,True,-1,False,False,RestTask,False,True,-1
957,10031.5555555453,4,True,-1,False,False,RestTask,True,True,-1
957,10031.5555555453,12,False,21,True,False,ExtractTask,True,False,3
957,10031.5555555453,13,False,24,True,False,ExtractTask,True,False,3
957,10031.5555555453,14,False,72,True,False,ExtractTask,True,False,3
957,10031.5555555453,7,True,-1,False,False,RestTask,True,True,-1
958,10035.1111111008,1,False,98,True,False,ExtractTask,True,False,3
958,10035.1111111008,10,False,42,True,False,ExtractTask,True,False,2
958,10035.1111111008,11,False,19,True,False,ExtractTask,True,False,2
958,10035.1111111008,3,True,-1,True,False,ExtractTask,False,False,-1
958,10035.1111111008,5,True,-1,True,True,RestTask,True,False,-1
958,10035.1111111008,4,True,-1,False,False,RestTask,True,True,-1
958,10035.1111111008,12,False,21,True,False,ExtractTask,True,False,3
958,10035.1111111008,13,False,24,True,False,ExtractTask,True,False,3
958,10035.1111111008,14,False,72,True,False,ExtractTask,True,False,3
958,10035.1111111008,7,True,-1,False,False,RestTask,True,True,-1
959,10045.1999999895,1,False,98,True,False,ExtractTask,True,False,3
959,10045.1999999895,10,False,42,True,False,ExtractTask,True,False,2
959,10045.1999999895,11,False,19,True,False,ExtractTask,True,False,2
959,10045.1999999895,3,False,14,True,False,ExtractTask,False,False,3
959,10045.1999999895,5,True,-1,True,False,ExtractTask,False,False,-1
959,10045.1999999895,4,False,23,True,False,ExtractTask,False,False,2
959,10045.1999999895,12,False,21,True,False,ExtractTask,True,False,3
959,10045.1999999895,13,False,24,True,False,ExtractTask,True,False,3
959,10045.1999999895,14,False,72,True,False,ExtractTask,True,False,3
959,10045.1999999895,7,True,-1,False,False,RestTask,True,True,-1
960,10051.6888888783,1,False,98,True,False,ExtractTask,True,False,3
960,10051.6888888783,10,False,42,True,False,ExtractTask,True,False,2
960,10051.6888888783,11,False,19,True,False,ExtractTask,True,False,2
960,10051.6888888783,3,False,14,True,False,ExtractTask,False,False,3
960,10051.6888888783,5,False,36,True,False,ExtractTask,False,False,4
960,10051.6888888783,4,False,23,True,False,ExtractTask,False,False,2
960,10051.6888888783,12,False,21,True,False,ExtractTask,True,False,3
960,10051.6888888783,13,False,24,True,False,ParkPodTask,False,False,2
960,10051.6888888783,14,False,72,True,False,ExtractTask,False,False,3
960,10051.6888888783,7,True,-1,False,False,RestTask,True,True,-1
961,10055.2888888783,1,False,98,True,False,ExtractTask,True,False,3
961,10055.2888888783,10,False,42,True,False,ExtractTask,True,False,2
961,10055.2888888783,11,False,19,True,False,ExtractTask,True,False,2
961,10055.2888888783,3,False,14,True,False,ExtractTask,False,False,3
961,10055.2888888783,5,False,36,True,False,ExtractTask,False,False,4
961,10055.2888888783,4,False,23,True,False,ExtractTask,False,False,2
961,10055.2888888783,12,False,21,True,False,ExtractTask,True,False,3
961,10055.2888888783,13,False,24,True,False,ParkPodTask,False,False,2
961,10055.2888888783,14,False,72,True,False,ExtractTask,True,False,3
961,10055.2888888783,7,True,-1,False,False,RestTask,True,True,-1
962,10065.377777767,1,False,98,True,False,ExtractTask,True,False,3
962,10065.377777767,10,False,42,True,False,ExtractTask,True,False,2
962,10065.377777767,11,False,19,True,False,ExtractTask,True,False,2
962,10065.377777767,3,False,14,True,False,ExtractTask,False,False,3
962,10065.377777767,5,False,36,True,False,ExtractTask,False,False,4
962,10065.377777767,4,False,23,True,False,ExtractTask,False,False,2
962,10065.377777767,12,False,21,True,False,ExtractTask,True,False,3
962,10065.377777767,13,True,-1,False,False,RestTask,False,True,-1
962,10065.377777767,14,False,72,True,False,ExtractTask,True,False,2
962,10065.377777767,7,True,-1,False,False,RestTask,True,True,-1
963,10081.8666666557,1,False,98,True,False,ExtractTask,True,False,3
963,10081.8666666557,10,False,42,True,False,ExtractTask,True,False,2
963,10081.8666666557,11,False,19,True,False,ExtractTask,True,False,2
963,10081.8666666557,3,False,14,True,False,ExtractTask,True,False,3
963,10081.8666666557,5,False,36,True,False,ExtractTask,True,False,4
963,10081.8666666557,4,False,23,True,False,ExtractTask,True,False,2
963,10081.8666666557,12,False,21,True,False,ExtractTask,True,False,2
963,10081.8666666557,13,True,-1,False,False,RestTask,True,True,-1
963,10081.8666666557,14,False,72,True,False,ExtractTask,True,False,2
963,10081.8666666557,7,True,-1,False,False,RestTask,True,True,-1
964,10105.5999999886,1,False,98,True,False,ExtractTask,True,False,3
964,10105.5999999886,10,False,42,True,False,ExtractTask,True,False,1
964,10105.5999999886,11,False,19,True,False,ExtractTask,True,False,2
964,10105.5999999886,3,False,14,True,False,ExtractTask,True,False,3
964,10105.5999999886,5,False,36,True,False,ExtractTask,True,False,4
964,10105.5999999886,4,False,23,True,False,ExtractTask,True,False,2
964,10105.5999999886,12,True,-1,False,False,RestTask,True,True,-1
964,10105.5999999886,13,True,-1,False,False,RestTask,True,True,-1
964,10105.5999999886,14,True,-1,False,False,RestTask,False,True,-1
964,10105.5999999886,7,True,-1,False,False,RestTask,True,True,-1
965,10112.044444433,1,False,98,True,False,ExtractTask,True,False,3
965,10112.044444433,10,False,42,True,False,ExtractTask,True,False,1
965,10112.044444433,11,False,19,True,False,ExtractTask,True,False,2
965,10112.044444433,3,False,14,True,False,ExtractTask,True,False,3
965,10112.044444433,5,False,36,True,False,ExtractTask,True,False,4
965,10112.044444433,4,False,23,True,False,ExtractTask,True,False,2
965,10112.044444433,12,True,-1,False,False,RestTask,False,True,-1
965,10112.044444433,13,True,-1,False,False,RestTask,True,True,-1
965,10112.044444433,14,True,-1,False,False,RestTask,True,True,-1
965,10112.044444433,7,True,-1,False,False,RestTask,True,True,-1
966,10132.177777766,1,False,98,True,False,ExtractTask,True,False,3
966,10132.177777766,10,False,42,True,False,ParkPodTask,False,False,1
966,10132.177777766,11,False,19,True,False,ExtractTask,True,False,2
966,10132.177777766,3,False,14,True,False,ExtractTask,True,False,3
966,10132.177777766,5,False,36,True,False,ExtractTask,True,False,4
966,10132.177777766,4,False,23,True,False,ExtractTask,True,False,2
966,10132.177777766,12,True,-1,False,False,RestTask,True,True,-1
966,10132.177777766,13,True,-1,False,False,RestTask,True,True,-1
966,10132.177777766,14,True,-1,False,False,RestTask,True,True,-1
966,10132.177777766,7,True,-1,False,False,RestTask,True,True,-1
967,10135.777777766,1,False,98,True,False,ExtractTask,True,False,3
967,10135.777777766,10,True,-1,False,False,ParkPodTask,True,True,-1
967,10135.777777766,11,False,19,True,False,ExtractTask,True,False,2
967,10135.777777766,3,False,14,True,False,ExtractTask,True,False,3
967,10135.777777766,5,False,36,True,False,ExtractTask,True,False,4
967,10135.777777766,4,False,23,True,False,ExtractTask,True,False,2
967,10135.777777766,12,True,-1,False,False,RestTask,True,True,-1
967,10135.777777766,13,True,-1,False,False,RestTask,True,True,-1
967,10135.777777766,14,True,-1,False,False,RestTask,True,True,-1
967,10135.777777766,7,True,-1,False,False,RestTask,True,True,-1
968,10152.3111110991,1,False,98,True,False,ExtractTask,True,False,3
968,10152.3111110991,10,True,-1,False,False,RestTask,True,True,-1
968,10152.3111110991,11,False,19,True,False,ExtractTask,True,False,2
968,10152.3111110991,3,False,14,True,False,ExtractTask,True,False,3
968,10152.3111110991,5,False,36,True,False,ExtractTask,True,False,4
968,10152.3111110991,4,False,23,True,False,ExtractTask,True,False,2
968,10152.3111110991,12,True,-1,False,False,RestTask,True,True,-1
968,10152.3111110991,13,True,-1,False,False,RestTask,True,True,-1
968,10152.3111110991,14,True,-1,False,False,RestTask,True,True,-1
968,10152.3111110991,7,True,-1,False,False,RestTask,True,True,-1
969,10162.3999999878,1,False,98,True,False,ExtractTask,True,False,3
969,10162.3999999878,10,True,-1,False,False,RestTask,True,True,-1
969,10162.3999999878,11,False,19,True,False,ExtractTask,True,False,2
969,10162.3999999878,3,False,14,True,False,ExtractTask,True,False,3
969,10162.3999999878,5,False,36,True,False,ExtractTask,True,False,4
969,10162.3999999878,4,False,23,True,False,ExtractTask,True,False,2
969,10162.3999999878,12,True,-1,False,False,RestTask,True,True,-1
969,10162.3999999878,13,True,-1,False,False,RestTask,True,True,-1
969,10162.3999999878,14,True,-1,False,False,RestTask,True,True,-1
969,10162.3999999878,7,True,-1,False,False,RestTask,True,True,-1
970,10172.4888888766,1,False,98,True,False,ExtractTask,True,False,3
970,10172.4888888766,10,True,-1,False,False,RestTask,True,True,-1
970,10172.4888888766,11,False,19,True,False,ParkPodTask,False,False,2
970,10172.4888888766,3,False,14,True,False,ExtractTask,True,False,3
970,10172.4888888766,5,False,36,True,False,ExtractTask,True,False,4
970,10172.4888888766,4,False,23,True,False,ExtractTask,True,False,2
970,10172.4888888766,12,True,-1,False,False,RestTask,True,True,-1
970,10172.4888888766,13,True,-1,False,False,RestTask,True,True,-1
970,10172.4888888766,14,True,-1,False,False,RestTask,True,True,-1
970,10172.4888888766,7,True,-1,False,False,RestTask,True,True,-1
971,10182.5777777653,1,False,98,True,False,ExtractTask,True,False,3
971,10182.5777777653,10,True,-1,False,False,RestTask,True,True,-1
971,10182.5777777653,11,False,19,True,False,ParkPodTask,False,False,2
971,10182.5777777653,3,False,14,True,False,ExtractTask,True,False,3
971,10182.5777777653,5,False,36,True,False,ExtractTask,True,False,4
971,10182.5777777653,4,False,23,True,False,ExtractTask,True,False,2
971,10182.5777777653,12,True,-1,False,False,RestTask,True,True,-1
971,10182.5777777653,13,True,-1,False,False,RestTask,True,True,-1
971,10182.5777777653,14,True,-1,False,False,RestTask,True,True,-1
971,10182.5777777653,7,True,-1,False,False,RestTask,True,True,-1
972,10196.0888888762,1,False,98,True,False,ExtractTask,True,False,3
972,10196.0888888762,10,True,-1,False,False,RestTask,True,True,-1
972,10196.0888888762,11,True,-1,False,False,RestTask,True,True,-1
972,10196.0888888762,3,False,14,True,False,ExtractTask,True,False,3
972,10196.0888888762,5,False,36,True,False,ExtractTask,True,False,4
972,10196.0888888762,4,False,23,True,False,ExtractTask,True,False,2
972,10196.0888888762,12,True,-1,False,False,RestTask,True,True,-1
972,10196.0888888762,13,True,-1,False,False,RestTask,True,True,-1
972,10196.0888888762,14,True,-1,False,False,RestTask,True,True,-1
972,10196.0888888762,7,True,-1,False,False,RestTask,True,True,-1
973,10202.7111110983,1,False,98,True,False,ExtractTask,True,False,3
973,10202.7111110983,10,True,-1,False,False,RestTask,True,True,-1
973,10202.7111110983,11,True,-1,False,False,RestTask,True,True,-1
973,10202.7111110983,3,False,14,True,False,ExtractTask,True,False,3
973,10202.7111110983,5,False,36,True,False,ExtractTask,True,False,4
973,10202.7111110983,4,False,23,True,False,ExtractTask,True,False,2
973,10202.7111110983,12,True,-1,False,False,RestTask,True,True,-1
973,10202.7111110983,13,True,-1,False,False,RestTask,True,True,-1
973,10202.7111110983,14,True,-1,False,False,RestTask,True,True,-1
973,10202.7111110983,7,True,-1,False,False,RestTask,True,True,-1
974,10212.7999999871,1,False,98,True,False,ExtractTask,True,False,3
974,10212.7999999871,10,True,-1,False,False,RestTask,True,True,-1
974,10212.7999999871,11,True,-1,False,False,RestTask,True,True,-1
974,10212.7999999871,3,False,14,True,False,ExtractTask,True,False,3
974,10212.7999999871,5,False,36,True,False,ExtractTask,True,False,4
974,10212.7999999871,4,False,23,True,False,ExtractTask,True,False,2
974,10212.7999999871,12,True,-1,False,False,RestTask,True,True,-1
974,10212.7999999871,13,True,-1,False,False,RestTask,True,True,-1
974,10212.7999999871,14,True,-1,False,False,RestTask,True,True,-1
974,10212.7999999871,7,True,-1,False,False,RestTask,True,True,-1
975,10216.2222222093,1,False,98,True,False,ExtractTask,True,False,3
975,10216.2222222093,10,True,-1,False,False,RestTask,True,True,-1
975,10216.2222222093,11,True,-1,True,False,ExtractTask,False,False,-1
975,10216.2222222093,3,False,14,True,False,ExtractTask,True,False,3
975,10216.2222222093,5,False,36,True,False,ExtractTask,True,False,4
975,10216.2222222093,4,False,23,True,False,ExtractTask,True,False,2
975,10216.2222222093,12,True,-1,False,False,RestTask,True,True,-1
975,10216.2222222093,13,True,-1,False,False,RestTask,True,True,-1
975,10216.2222222093,14,True,-1,False,False,RestTask,True,True,-1
975,10216.2222222093,7,True,-1,False,False,RestTask,True,True,-1
976,10222.8888888758,1,False,98,True,False,ExtractTask,True,False,3
976,10222.8888888758,10,True,-1,False,False,RestTask,True,True,-1
976,10222.8888888758,11,False,11,True,False,ExtractTask,True,False,2
976,10222.8888888758,3,False,14,True,False,ExtractTask,True,False,3
976,10222.8888888758,5,False,36,True,False,ExtractTask,True,False,4
976,10222.8888888758,4,False,23,True,False,ExtractTask,True,False,2
976,10222.8888888758,12,True,-1,False,False,RestTask,True,True,-1
976,10222.8888888758,13,True,-1,False,False,RestTask,True,True,-1
976,10222.8888888758,14,True,-1,False,False,RestTask,True,True,-1
976,10222.8888888758,7,True,-1,False,False,RestTask,True,True,-1
977,10226.311111098,1,False,98,True,False,ExtractTask,True,False,3
977,10226.311111098,10,True,-1,False,False,RestTask,True,True,-1
977,10226.311111098,11,False,11,True,False,ExtractTask,False,False,2
977,10226.311111098,3,False,14,True,False,ExtractTask,True,False,3
977,10226.311111098,5,False,36,True,False,ExtractTask,True,False,4
977,10226.311111098,4,False,23,True,False,ExtractTask,True,False,2
977,10226.311111098,12,True,-1,False,False,RestTask,True,True,-1
977,10226.311111098,13,True,-1,False,False,RestTask,True,True,-1
977,10226.311111098,14,True,-1,False,False,RestTask,True,True,-1
977,10226.311111098,7,True,-1,False,False,RestTask,True,True,-1
978,10232.9777777646,1,False,98,True,False,ExtractTask,True,False,3
978,10232.9777777646,10,True,-1,False,False,RestTask,True,True,-1
978,10232.9777777646,11,False,11,True,False,ExtractTask,False,False,2
978,10232.9777777646,3,False,14,True,False,ExtractTask,True,False,3
978,10232.9777777646,5,False,36,True,False,ExtractTask,True,False,4
978,10232.9777777646,4,False,23,True,False,ExtractTask,True,False,2
978,10232.9777777646,12,True,-1,False,False,RestTask,True,True,-1
978,10232.9777777646,13,True,-1,False,False,RestTask,True,True,-1
978,10232.9777777646,14,True,-1,False,False,RestTask,True,True,-1
978,10232.9777777646,7,True,-1,False,False,RestTask,True,True,-1
979,10236.3999999867,1,False,98,True,False,ExtractTask,True,False,3
979,10236.3999999867,10,True,-1,False,False,RestTask,True,True,-1
979,10236.3999999867,11,False,11,True,False,ExtractTask,False,False,2
979,10236.3999999867,3,False,14,True,False,ExtractTask,True,False,3
979,10236.3999999867,5,False,36,True,False,ExtractTask,True,False,4
979,10236.3999999867,4,False,23,True,False,ExtractTask,True,False,2
979,10236.3999999867,12,True,-1,False,False,RestTask,True,True,-1
979,10236.3999999867,13,True,-1,False,False,RestTask,True,True,-1
979,10236.3999999867,14,True,-1,False,False,RestTask,True,True,-1
979,10236.3999999867,7,True,-1,False,False,RestTask,True,True,-1
980,10253.1111110976,1,False,98,True,False,ParkPodTask,False,False,3
980,10253.1111110976,10,False,85,True,False,ExtractTask,False,False,3
980,10253.1111110976,11,False,11,True,False,ExtractTask,True,False,2
980,10253.1111110976,3,False,14,True,False,ExtractTask,True,False,3
980,10253.1111110976,5,False,36,True,False,ExtractTask,True,False,4
980,10253.1111110976,4,False,23,True,False,ExtractTask,True,False,2
980,10253.1111110976,12,True,-1,False,False,RestTask,True,True,-1
980,10253.1111110976,13,True,-1,False,False,RestTask,True,True,-1
980,10253.1111110976,14,True,-1,False,False,RestTask,True,True,-1
980,10253.1111110976,7,True,-1,False,False,RestTask,True,True,-1
981,10266.5777777641,1,True,-1,False,False,RestTask,True,True,-1
981,10266.5777777641,10,False,85,True,False,ExtractTask,True,False,3
981,10266.5777777641,11,False,11,True,False,ExtractTask,True,False,2
981,10266.5777777641,3,False,14,True,False,ExtractTask,True,False,3
981,10266.5777777641,5,False,36,True,False,ExtractTask,True,False,4
981,10266.5777777641,4,False,23,True,False,ExtractTask,True,False,2
981,10266.5777777641,12,True,-1,False,False,RestTask,True,True,-1
981,10266.5777777641,13,True,-1,False,False,RestTask,True,True,-1
981,10266.5777777641,14,True,-1,False,False,RestTask,True,True,-1
981,10266.5777777641,7,True,-1,False,False,RestTask,True,True,-1
982,10273.2444444307,1,False,27,True,False,ExtractTask,True,False,1
982,10273.2444444307,10,False,85,True,False,ExtractTask,True,False,3
982,10273.2444444307,11,False,11,True,False,ExtractTask,True,False,2
982,10273.2444444307,3,False,14,True,False,ParkPodTask,False,False,2
982,10273.2444444307,5,False,36,True,False,ExtractTask,True,False,4
982,10273.2444444307,4,False,23,True,False,ExtractTask,False,False,2
982,10273.2444444307,12,True,-1,False,False,RestTask,True,True,-1
982,10273.2444444307,13,True,-1,False,False,RestTask,True,True,-1
982,10273.2444444307,14,True,-1,False,False,RestTask,True,True,-1
982,10273.2444444307,7,True,-1,False,False,RestTask,True,True,-1
983,10286.7111110971,1,False,27,True,False,ExtractTask,False,False,1
983,10286.7111110971,10,False,85,True,False,ExtractTask,True,False,3
983,10286.7111110971,11,False,11,True,False,ExtractTask,True,False,2
983,10286.7111110971,3,False,14,True,False,ParkPodTask,False,False,2
983,10286.7111110971,5,False,36,True,False,ExtractTask,True,False,4
983,10286.7111110971,4,False,23,True,False,ExtractTask,True,False,2
983,10286.7111110971,12,True,-1,False,False,RestTask,True,True,-1
983,10286.7111110971,13,True,-1,False,False,RestTask,True,True,-1
983,10286.7111110971,14,True,-1,False,False,RestTask,True,True,-1
983,10286.7111110971,7,True,-1,False,False,RestTask,True,True,-1
984,10306.8444444302,1,False,27,True,False,ExtractTask,True,False,1
984,10306.8444444302,10,False,85,True,False,ExtractTask,True,False,3
984,10306.8444444302,11,False,11,True,False,ExtractTask,True,False,2
984,10306.8444444302,3,True,-1,False,False,RestTask,True,True,-1
984,10306.8444444302,5,False,36,True,False,ExtractTask,True,False,4
984,10306.8444444302,4,False,23,True,False,ExtractTask,True,False,2
984,10306.8444444302,12,True,-1,False,False,RestTask,True,True,-1
984,10306.8444444302,13,True,-1,False,False,RestTask,True,True,-1
984,10306.8444444302,14,True,-1,False,False,RestTask,True,True,-1
984,10306.8444444302,7,True,-1,False,False,RestTask,True,True,-1
985,10313.4666666523,1,False,27,True,False,ExtractTask,True,False,1
985,10313.4666666523,10,False,85,True,False,ExtractTask,True,False,3
985,10313.4666666523,11,False,11,True,False,ExtractTask,True,False,2
985,10313.4666666523,3,True,-1,True,False,ExtractTask,False,False,-1
985,10313.4666666523,5,False,36,True,False,ExtractTask,True,False,4
985,10313.4666666523,4,False,23,True,False,ExtractTask,True,False,2
985,10313.4666666523,12,True,-1,False,False,RestTask,True,True,-1
985,10313.4666666523,13,True,-1,False,False,RestTask,True,True,-1
985,10313.4666666523,14,True,-1,False,False,RestTask,True,True,-1
985,10313.4666666523,7,True,-1,False,False,RestTask,True,True,-1
986,10333.5999999853,1,False,27,True,False,ExtractTask,True,False,1
986,10333.5999999853,10,False,85,True,False,ExtractTask,True,False,3
986,10333.5999999853,11,False,11,True,False,ExtractTask,True,False,2
986,10333.5999999853,3,False,12,True,False,ExtractTask,False,False,3
986,10333.5999999853,5,False,36,True,False,ParkPodTask,False,False,3
986,10333.5999999853,4,False,23,True,False,ExtractTask,True,False,2
986,10333.5999999853,12,True,-1,False,False,RestTask,True,True,-1
986,10333.5999999853,13,True,-1,False,False,RestTask,True,True,-1
986,10333.5999999853,14,True,-1,False,False,RestTask,True,True,-1
986,10333.5999999853,7,True,-1,False,False,RestTask,True,True,-1
987,10343.6888888741,1,False,27,True,False,ExtractTask,True,False,1
987,10343.6888888741,10,False,85,True,False,ExtractTask,True,False,3
987,10343.6888888741,11,False,11,True,False,ExtractTask,True,False,2
987,10343.6888888741,3,False,12,True,False,ExtractTask,True,False,3
987,10343.6888888741,5,True,-1,False,False,ParkPodTask,True,True,-1
987,10343.6888888741,4,False,23,True,False,ExtractTask,True,False,2
987,10343.6888888741,12,False,13,True,False,ExtractTask,True,False,4
987,10343.6888888741,13,True,-1,False,False,RestTask,True,True,-1
987,10343.6888888741,14,True,-1,False,False,RestTask,True,True,-1
987,10343.6888888741,7,True,-1,False,False,RestTask,True,True,-1
988,10353.7777777628,1,False,27,True,False,ExtractTask,True,False,1
988,10353.7777777628,10,False,85,True,False,ExtractTask,True,False,3
988,10353.7777777628,11,False,11,True,False,ExtractTask,True,False,2
988,10353.7777777628,3,False,12,True,False,ExtractTask,True,False,3
988,10353.7777777628,5,True,-1,False,False,RestTask,False,True,-1
988,10353.7777777628,4,False,23,True,False,ExtractTask,True,False,2
988,10353.7777777628,12,False,13,True,False,ExtractTask,False,False,4
988,10353.7777777628,13,True,-1,False,False,RestTask,True,True,-1
988,10353.7777777628,14,True,-1,False,False,RestTask,True,True,-1
988,10353.7777777628,7,True,-1,False,False,RestTask,True,True,-1
989,10357.1111110961,1,False,27,True,False,ExtractTask,True,False,1
989,10357.1111110961,10,False,85,True,False,ExtractTask,True,False,3
989,10357.1111110961,11,False,11,True,False,ExtractTask,True,False,2
989,10357.1111110961,3,False,12,True,False,ExtractTask,True,False,3
989,10357.1111110961,5,True,-1,False,False,RestTask,False,True,-1
989,10357.1111110961,4,False,23,True,False,ExtractTask,True,False,2
989,10357.1111110961,12,False,13,True,False,ExtractTask,False,False,4
989,10357.1111110961,13,True,-1,False,False,RestTask,True,True,-1
989,10357.1111110961,14,True,-1,False,False,RestTask,True,True,-1
989,10357.1111110961,7,True,-1,False,False,RestTask,True,True,-1
990,10363.8666666516,1,False,27,True,False,ExtractTask,True,False,1
990,10363.8666666516,10,False,85,True,False,ExtractTask,True,False,3
990,10363.8666666516,11,False,11,True,False,ExtractTask,True,False,2
990,10363.8666666516,3,False,12,True,False,ExtractTask,True,False,3
990,10363.8666666516,5,True,-1,False,False,RestTask,True,True,-1
990,10363.8666666516,4,False,23,True,False,ExtractTask,True,False,2
990,10363.8666666516,12,False,13,True,False,ExtractTask,False,False,4
990,10363.8666666516,13,True,-1,False,False,RestTask,True,True,-1
990,10363.8666666516,14,True,-1,False,False,RestTask,True,True,-1
990,10363.8666666516,7,True,-1,False,False,RestTask,True,True,-1
991,10373.9555555403,1,False,27,True,False,ExtractTask,True,False,1
991,10373.9555555403,10,False,85,True,False,ExtractTask,True,False,3
991,10373.9555555403,11,False,11,True,False,ExtractTask,True,False,2
991,10373.9555555403,3,False,12,True,False,ExtractTask,True,False,3
991,10373.9555555403,5,True,-1,False,False,RestTask,True,True,-1
991,10373.9555555403,4,False,23,True,False,ExtractTask,True,False,2
991,10373.9555555403,12,False,13,True,False,ExtractTask,True,False,4
991,10373.9555555403,13,True,-1,False,False,RestTask,True,True,-1
991,10373.9555555403,14,False,67,True,False,ExtractTask,False,False,3
991,10373.9555555403,7,True,-1,False,False,RestTask,True,True,-1
992,10377.2444444291,1,False,27,True,False,ExtractTask,True,False,1
992,10377.2444444291,10,False,85,True,False,ExtractTask,True,False,3
992,10377.2444444291,11,False,11,True,False,ExtractTask,True,False,2
992,10377.2444444291,3,False,12,True,False,ExtractTask,True,False,3
992,10377.2444444291,5,True,-1,False,False,RestTask,True,True,-1
992,10377.2444444291,4,False,23,True,False,ExtractTask,True,False,2
992,10377.2444444291,12,False,13,True,False,ExtractTask,True,False,4
992,10377.2444444291,13,True,-1,False,False,RestTask,True,True,-1
992,10377.2444444291,14,False,67,True,False,ExtractTask,False,False,3
992,10377.2444444291,7,True,-1,False,False,RestTask,True,True,-1
993,10384.044444429,1,False,27,True,False,ExtractTask,True,False,1
993,10384.044444429,10,False,85,True,False,ExtractTask,True,False,3
993,10384.044444429,11,False,11,True,False,ExtractTask,True,False,2
993,10384.044444429,3,False,12,True,False,ExtractTask,True,False,3
993,10384.044444429,5,True,-1,False,False,RestTask,True,True,-1
993,10384.044444429,4,False,23,True,False,ExtractTask,True,False,2
993,10384.044444429,12,False,13,True,False,ExtractTask,True,False,4
993,10384.044444429,13,True,-1,False,False,RestTask,True,True,-1
993,10384.044444429,14,False,67,True,False,ExtractTask,False,False,3
993,10384.044444429,7,True,-1,False,False,RestTask,True,True,-1
994,10404.1777777621,1,False,27,True,False,ExtractTask,True,False,1
994,10404.1777777621,10,False,85,True,False,ExtractTask,True,False,3
994,10404.1777777621,11,True,-1,False,False,ParkPodTask,True,True,-1
994,10404.1777777621,3,False,12,True,False,ExtractTask,True,False,3
994,10404.1777777621,5,True,-1,False,False,RestTask,True,True,-1
994,10404.1777777621,4,False,23,True,False,ExtractTask,True,False,2
994,10404.1777777621,12,False,13,True,False,ExtractTask,True,False,4
994,10404.1777777621,13,True,-1,False,False,RestTask,True,True,-1
994,10404.1777777621,14,False,67,True,False,ExtractTask,True,False,3
994,10404.1777777621,7,True,-1,False,False,RestTask,True,True,-1
995,10417.4666666508,1,False,27,True,False,ExtractTask,True,False,1
995,10417.4666666508,10,False,85,True,False,ExtractTask,True,False,3
995,10417.4666666508,11,True,-1,False,False,RestTask,False,True,-1
995,10417.4666666508,3,False,12,True,False,ExtractTask,False,False,3
995,10417.4666666508,5,True,-1,False,False,RestTask,True,True,-1
995,10417.4666666508,4,False,23,True,False,ParkPodTask,False,False,2
995,10417.4666666508,12,False,13,True,False,ExtractTask,True,False,4
995,10417.4666666508,13,True,-1,False,False,RestTask,True,True,-1
995,10417.4666666508,14,False,67,True,False,ExtractTask,True,False,3
995,10417.4666666508,7,True,-1,False,False,RestTask,True,True,-1
996,10424.3111110951,1,False,27,True,False,ExtractTask,True,False,1
996,10424.3111110951,10,False,85,True,False,ExtractTask,True,False,3
996,10424.3111110951,11,True,-1,False,False,RestTask,True,True,-1
996,10424.3111110951,3,False,12,True,False,ExtractTask,True,False,3
996,10424.3111110951,5,True,-1,False,False,RestTask,True,True,-1
996,10424.3111110951,4,False,23,True,False,ParkPodTask,False,False,2
996,10424.3111110951,12,False,13,True,False,ExtractTask,True,False,4
996,10424.3111110951,13,True,-1,False,False,RestTask,True,True,-1
996,10424.3111110951,14,False,67,True,False,ExtractTask,True,False,3
996,10424.3111110951,7,True,-1,False,False,RestTask,True,True,-1
997,10434.3999999839,1,False,27,True,False,ExtractTask,True,False,1
997,10434.3999999839,10,False,85,True,False,ExtractTask,True,False,3
997,10434.3999999839,11,False,61,True,False,ExtractTask,False,False,2
997,10434.3999999839,3,False,12,True,False,ExtractTask,True,False,3
997,10434.3999999839,5,True,-1,False,False,RestTask,True,True,-1
997,10434.3999999839,4,True,-1,False,False,ParkPodTask,True,True,-1
997,10434.3999999839,12,False,13,True,False,ExtractTask,True,False,4
997,10434.3999999839,13,True,-1,False,False,RestTask,True,True,-1
997,10434.3999999839,14,False,67,True,False,ExtractTask,True,False,3
997,10434.3999999839,7,True,-1,False,False,RestTask,True,True,-1
998,10437.5999999838,1,False,27,True,False,ExtractTask,True,False,1
998,10437.5999999838,10,False,85,True,False,ExtractTask,True,False,3
998,10437.5999999838,11,False,61,True,False,ExtractTask,False,False,2
998,10437.5999999838,3,False,12,True,False,ExtractTask,True,False,3
998,10437.5999999838,5,True,-1,False,False,RestTask,True,True,-1
998,10437.5999999838,4,True,-1,False,False,RestTask,False,True,-1
998,10437.5999999838,12,False,13,True,False,ExtractTask,True,False,4
998,10437.5999999838,13,True,-1,False,False,RestTask,True,True,-1
998,10437.5999999838,14,False,67,True,False,ExtractTask,True,False,3
998,10437.5999999838,7,True,-1,False,False,RestTask,True,True,-1
999,10454.5333333169,1,False,27,True,False,ExtractTask,True,False,1
999,10454.5333333169,10,False,85,True,False,ExtractTask,True,False,3
999,10454.5333333169,11,False,61,True,False,ExtractTask,False,False,2
999,10454.5333333169,3,False,12,True,False,ExtractTask,True,False,3
999,10454.5333333169,5,True,-1,False,False,RestTask,True,True,-1
999,10454.5333333169,4,True,-1,False,False,RestTask,True,True,-1
999,10454.5333333169,12,False,13,True,False,ExtractTask,True,False,3
999,10454.5333333169,13,True,-1,False,False,RestTask,True,True,-1
999,10454.5333333169,14,False,67,True,False,ExtractTask,True,False,3
999,10454.5333333169,7,True,-1,False,False,RestTask,True,True,-1
1000,10474.6666666499,1,False,27,True,False,ExtractTask,True,False,1
1000,10474.6666666499,10,False,85,True,False,ExtractTask,True,False,3
1000,10474.6666666499,11,False,61,True,False,ExtractTask,True,False,2
1000,10474.6666666499,3,False,12,True,False,ExtractTask,True,False,3
1000,10474.6666666499,5,True,-1,False,False,RestTask,True,True,-1
1000,10474.6666666499,4,True,-1,False,False,RestTask,True,True,-1
1000,10474.6666666499,12,False,13,True,False,ParkPodTask,False,False,3
1000,10474.6666666499,13,True,-1,False,False,RestTask,True,True,-1
1000,10474.6666666499,14,False,67,True,False,ExtractTask,True,False,3
1000,10474.6666666499,7,True,-1,False,False,RestTask,True,True,-1
1001,10494.799999983,1,False,27,True,False,ExtractTask,True,False,1
1001,10494.799999983,10,False,85,True,False,ExtractTask,True,False,3
1001,10494.799999983,11,False,61,True,False,ExtractTask,True,False,2
1001,10494.799999983,3,False,12,True,False,ExtractTask,True,False,3
1001,10494.799999983,5,True,-1,False,False,RestTask,True,True,-1
1001,10494.799999983,4,True,-1,False,False,RestTask,True,True,-1
1001,10494.799999983,12,True,-1,False,False,RestTask,True,True,-1
1001,10494.799999983,13,False,98,True,False,ExtractTask,False,False,3
1001,10494.799999983,14,False,67,True,False,ExtractTask,True,False,3
1001,10494.799999983,7,True,-1,False,False,RestTask,True,True,-1
1002,10497.9111110941,1,False,27,True,False,ExtractTask,True,False,1
1002,10497.9111110941,10,False,85,True,False,ExtractTask,True,False,3
1002,10497.9111110941,11,False,61,True,False,ExtractTask,True,False,2
1002,10497.9111110941,3,False,12,True,False,ExtractTask,True,False,3
1002,10497.9111110941,5,True,-1,False,False,RestTask,True,True,-1
1002,10497.9111110941,4,True,-1,False,False,RestTask,True,True,-1
1002,10497.9111110941,12,True,-1,False,False,RestTask,True,True,-1
1002,10497.9111110941,13,False,98,True,False,ExtractTask,False,False,3
1002,10497.9111110941,14,False,67,True,False,ExtractTask,True,False,2
1002,10497.9111110941,7,True,-1,False,False,RestTask,True,True,-1
1003,10504.8888888717,1,False,27,True,False,ExtractTask,True,False,1
1003,10504.8888888717,10,False,85,True,False,ExtractTask,True,False,3
1003,10504.8888888717,11,False,61,True,False,ExtractTask,True,False,2
1003,10504.8888888717,3,False,12,True,False,ExtractTask,True,False,3
1003,10504.8888888717,5,True,-1,False,False,RestTask,True,True,-1
1003,10504.8888888717,4,True,-1,False,False,RestTask,True,True,-1
1003,10504.8888888717,12,True,-1,False,False,RestTask,True,True,-1
1003,10504.8888888717,13,False,98,True,False,ExtractTask,False,False,3
1003,10504.8888888717,14,False,67,True,False,ExtractTask,True,False,2
1003,10504.8888888717,7,True,-1,False,False,RestTask,True,True,-1
1004,10518.0444444271,1,False,27,True,False,ExtractTask,True,False,1
1004,10518.0444444271,10,False,85,True,False,ExtractTask,True,False,3
1004,10518.0444444271,11,False,61,True,False,ExtractTask,True,False,2
1004,10518.0444444271,3,False,12,True,False,ExtractTask,True,False,3
1004,10518.0444444271,5,True,-1,False,False,RestTask,True,True,-1
1004,10518.0444444271,4,True,-1,False,False,RestTask,True,True,-1
1004,10518.0444444271,12,True,-1,False,False,RestTask,True,True,-1
1004,10518.0444444271,13,False,98,True,False,ExtractTask,False,False,3
1004,10518.0444444271,14,True,-1,False,False,ParkPodTask,True,True,-1
1004,10518.0444444271,7,True,-1,False,False,RestTask,True,True,-1
1005,10525.0222222048,1,False,27,True,False,ExtractTask,True,False,1
1005,10525.0222222048,10,False,85,True,False,ExtractTask,True,False,2
1005,10525.0222222048,11,False,61,True,False,ExtractTask,True,False,2
1005,10525.0222222048,3,False,12,True,False,ExtractTask,True,False,3
1005,10525.0222222048,5,True,-1,False,False,RestTask,True,True,-1
1005,10525.0222222048,4,True,-1,False,False,RestTask,True,True,-1
1005,10525.0222222048,12,True,-1,False,False,RestTask,True,True,-1
1005,10525.0222222048,13,False,98,True,False,ExtractTask,True,False,3
1005,10525.0222222048,14,False,54,True,False,ExtractTask,False,False,2
1005,10525.0222222048,7,True,-1,False,False,RestTask,True,True,-1
1006,10545.1555555378,1,False,27,True,False,ExtractTask,True,False,1
1006,10545.1555555378,10,True,-1,False,False,ParkPodTask,True,True,-1
1006,10545.1555555378,11,False,61,True,False,ExtractTask,True,False,2
1006,10545.1555555378,3,False,12,True,False,ExtractTask,True,False,3
1006,10545.1555555378,5,True,-1,False,False,RestTask,True,True,-1
1006,10545.1555555378,4,True,-1,False,False,RestTask,True,True,-1
1006,10545.1555555378,12,True,-1,False,False,RestTask,True,True,-1
1006,10545.1555555378,13,False,98,True,False,ExtractTask,True,False,3
1006,10545.1555555378,14,False,54,True,False,ExtractTask,True,False,2
1006,10545.1555555378,7,True,-1,False,False,RestTask,True,True,-1
1007,10548.2222222044,1,False,27,True,False,ExtractTask,True,False,1
1007,10548.2222222044,10,True,-1,False,False,RestTask,False,True,-1
1007,10548.2222222044,11,False,61,True,False,ExtractTask,True,False,2
1007,10548.2222222044,3,False,12,True,False,ExtractTask,True,False,3
1007,10548.2222222044,5,True,-1,False,False,RestTask,True,True,-1
1007,10548.2222222044,4,True,-1,True,False,ExtractTask,True,False,-1
1007,10548.2222222044,12,True,-1,False,False,RestTask,True,True,-1
1007,10548.2222222044,13,False,98,True,False,ExtractTask,True,False,3
1007,10548.2222222044,14,False,54,True,False,ExtractTask,True,False,2
1007,10548.2222222044,7,True,-1,False,False,RestTask,True,True,-1
1008,10555.2444444265,1,False,27,True,False,ExtractTask,True,False,1
1008,10555.2444444265,10,True,-1,False,False,RestTask,False,True,-1
1008,10555.2444444265,11,False,61,True,False,ExtractTask,True,False,2
1008,10555.2444444265,3,False,12,True,False,ExtractTask,True,False,3
1008,10555.2444444265,5,True,-1,False,False,RestTask,True,True,-1
1008,10555.2444444265,4,True,-1,True,False,ExtractTask,False,False,-1
1008,10555.2444444265,12,True,-1,False,False,RestTask,True,True,-1
1008,10555.2444444265,13,False,98,True,False,ExtractTask,True,False,3
1008,10555.2444444265,14,False,54,True,False,ExtractTask,True,False,2
1008,10555.2444444265,7,True,-1,False,False,RestTask,True,True,-1
1009,10568.3555555375,1,False,27,True,False,ExtractTask,True,False,1
1009,10568.3555555375,10,True,-1,False,False,RestTask,True,True,-1
1009,10568.3555555375,11,False,61,True,False,ExtractTask,True,False,2
1009,10568.3555555375,3,False,12,True,False,ExtractTask,True,False,3
1009,10568.3555555375,5,True,-1,True,False,ExtractTask,False,False,-1
1009,10568.3555555375,4,False,25,True,False,ExtractTask,False,False,2
1009,10568.3555555375,12,True,-1,False,False,RestTask,True,True,-1
1009,10568.3555555375,13,False,98,True,False,ExtractTask,True,False,3
1009,10568.3555555375,14,False,54,True,False,ExtractTask,True,False,2
1009,10568.3555555375,7,True,-1,False,False,RestTask,True,True,-1
1010,10575.3777777596,1,False,27,True,False,ExtractTask,True,False,1
1010,10575.3777777596,10,True,-1,False,False,RestTask,True,True,-1
1010,10575.3777777596,11,False,61,True,False,ExtractTask,True,False,2
1010,10575.3777777596,3,False,12,True,False,ExtractTask,True,False,3
1010,10575.3777777596,5,False,29,True,False,ExtractTask,False,False,4
1010,10575.3777777596,4,False,25,True,False,ExtractTask,False,False,2
1010,10575.3777777596,12,True,-1,False,False,RestTask,True,True,-1
1010,10575.3777777596,13,False,98,True,False,ExtractTask,True,False,3
1010,10575.3777777596,14,False,54,True,False,ExtractTask,True,False,2
1010,10575.3777777596,7,True,-1,False,False,RestTask,True,True,-1
1011,10598.5333333148,1,False,27,True,False,ParkPodTask,False,False,1
1011,10598.5333333148,10,True,-1,False,False,RestTask,True,True,-1
1011,10598.5333333148,11,False,61,True,False,ExtractTask,True,False,2
1011,10598.5333333148,3,False,12,True,False,ExtractTask,True,False,3
1011,10598.5333333148,5,False,29,True,False,ExtractTask,False,False,4
1011,10598.5333333148,4,False,25,True,False,ExtractTask,True,False,2
1011,10598.5333333148,12,False,65,True,False,ExtractTask,False,False,3
1011,10598.5333333148,13,False,98,True,False,ExtractTask,True,False,3
1011,10598.5333333148,14,False,54,True,False,ExtractTask,True,False,2
1011,10598.5333333148,7,True,-1,False,False,RestTask,True,True,-1
1012,10608.6222222036,1,True,-1,False,False,RestTask,False,True,-1
1012,10608.6222222036,10,True,-1,False,False,RestTask,True,True,-1
1012,10608.6222222036,11,False,61,True,False,ExtractTask,True,False,2
1012,10608.6222222036,3,False,12,True,False,ExtractTask,True,False,3
1012,10608.6222222036,5,False,29,True,False,ExtractTask,True,False,4
1012,10608.6222222036,4,False,25,True,False,ExtractTask,True,False,2
1012,10608.6222222036,12,False,65,True,False,ExtractTask,True,False,3
1012,10608.6222222036,13,False,98,True,False,ExtractTask,True,False,3
1012,10608.6222222036,14,False,54,True,False,ExtractTask,True,False,2
1012,10608.6222222036,7,True,-1,True,False,ExtractTask,False,False,-1
1013,10618.7111110923,1,True,-1,False,False,RestTask,True,True,-1
1013,10618.7111110923,10,True,-1,False,False,RestTask,True,True,-1
1013,10618.7111110923,11,False,61,True,False,ParkPodTask,True,False,2
1013,10618.7111110923,3,False,12,True,False,ExtractTask,True,False,3
1013,10618.7111110923,5,False,29,True,False,ExtractTask,True,False,4
1013,10618.7111110923,4,False,25,True,False,ExtractTask,True,False,2
1013,10618.7111110923,12,False,65,True,False,ExtractTask,True,False,3
1013,10618.7111110923,13,False,98,True,False,ExtractTask,True,False,3
1013,10618.7111110923,14,False,54,True,False,ExtractTask,True,False,2
1013,10618.7111110923,7,False,72,True,False,ExtractTask,False,False,2
1014,10628.799999981,1,True,-1,False,False,RestTask,True,True,-1
1014,10628.799999981,10,True,-1,False,False,RestTask,True,True,-1
1014,10628.799999981,11,False,61,True,False,ParkPodTask,False,False,2
1014,10628.799999981,3,False,12,True,False,ExtractTask,True,False,3
1014,10628.799999981,5,False,29,True,False,ExtractTask,True,False,4
1014,10628.799999981,4,False,25,True,False,ExtractTask,True,False,2
1014,10628.799999981,12,False,65,True,False,ExtractTask,False,False,3
1014,10628.799999981,13,False,98,True,False,ExtractTask,True,False,3
1014,10628.799999981,14,False,54,True,False,ExtractTask,True,False,2
1014,10628.799999981,7,False,72,True,False,ExtractTask,False,False,2
1015,10635.6888888698,1,True,-1,False,False,RestTask,True,True,-1
1015,10635.6888888698,10,True,-1,False,False,RestTask,True,True,-1
1015,10635.6888888698,11,True,-1,False,False,RestTask,False,True,-1
1015,10635.6888888698,3,False,12,True,False,ExtractTask,True,False,3
1015,10635.6888888698,5,False,29,True,False,ExtractTask,True,False,4
1015,10635.6888888698,4,False,25,True,False,ExtractTask,True,False,2
1015,10635.6888888698,12,False,65,True,False,ExtractTask,True,False,3
1015,10635.6888888698,13,False,98,True,False,ExtractTask,True,False,3
1015,10635.6888888698,14,False,54,True,False,ExtractTask,True,False,2
1015,10635.6888888698,7,False,72,True,False,ExtractTask,False,False,2
1016,10645.7777777586,1,True,-1,False,False,RestTask,True,True,-1
1016,10645.7777777586,10,True,-1,False,False,RestTask,True,True,-1
1016,10645.7777777586,11,True,-1,False,False,RestTask,True,True,-1
1016,10645.7777777586,3,False,12,True,False,ExtractTask,True,False,3
1016,10645.7777777586,5,False,29,True,False,ExtractTask,True,False,4
1016,10645.7777777586,4,False,25,True,False,ExtractTask,True,False,2
1016,10645.7777777586,12,False,65,True,False,ExtractTask,True,False,3
1016,10645.7777777586,13,False,98,True,False,ExtractTask,True,False,3
1016,10645.7777777586,14,False,54,True,False,ExtractTask,True,False,2
1016,10645.7777777586,7,False,72,True,False,ExtractTask,True,False,2
1017,10675.9555555359,1,False,96,True,False,ExtractTask,False,False,2
1017,10675.9555555359,10,True,-1,False,False,RestTask,True,True,-1
1017,10675.9555555359,11,True,-1,False,False,RestTask,True,True,-1
1017,10675.9555555359,3,False,12,True,False,ExtractTask,True,False,3
1017,10675.9555555359,5,False,29,True,False,ExtractTask,True,False,4
1017,10675.9555555359,4,False,25,True,False,ExtractTask,True,False,2
1017,10675.9555555359,12,False,65,True,False,ExtractTask,True,False,3
1017,10675.9555555359,13,False,98,True,False,ExtractTask,True,False,3
1017,10675.9555555359,14,False,54,True,False,ExtractTask,True,False,2
1017,10675.9555555359,7,False,72,True,False,ExtractTask,True,False,2
1018,10696.0888888689,1,False,96,True,False,ExtractTask,False,False,2
1018,10696.0888888689,10,True,-1,False,False,RestTask,True,True,-1
1018,10696.0888888689,11,True,-1,False,False,RestTask,True,True,-1
1018,10696.0888888689,3,False,12,True,False,ExtractTask,True,False,2
1018,10696.0888888689,5,False,29,True,False,ExtractTask,True,False,4
1018,10696.0888888689,4,False,25,True,False,ParkPodTask,False,False,2
1018,10696.0888888689,12,False,65,True,False,ExtractTask,True,False,3
1018,10696.0888888689,13,True,-1,False,False,RestTask,False,True,-1
1018,10696.0888888689,14,False,54,True,False,ExtractTask,True,False,2
1018,10696.0888888689,7,False,72,True,False,ExtractTask,True,False,2
1019,10706.1777777577,1,False,96,True,False,ExtractTask,True,False,2
1019,10706.1777777577,10,True,-1,False,False,RestTask,True,True,-1
1019,10706.1777777577,11,True,-1,False,False,RestTask,True,True,-1
1019,10706.1777777577,3,False,12,True,False,ExtractTask,True,False,2
1019,10706.1777777577,5,False,29,True,False,ExtractTask,True,False,4
1019,10706.1777777577,4,True,-1,False,False,RestTask,False,True,-1
1019,10706.1777777577,12,False,65,True,False,ExtractTask,True,False,3
1019,10706.1777777577,13,True,-1,False,False,RestTask,False,True,-1
1019,10706.1777777577,14,False,54,True,False,ExtractTask,True,False,2
1019,10706.1777777577,7,False,72,True,False,ExtractTask,True,False,2
1020,10709.1999999799,1,False,96,True,False,ExtractTask,True,False,2
1020,10709.1999999799,10,True,-1,False,False,RestTask,True,True,-1
1020,10709.1999999799,11,True,-1,False,False,RestTask,True,True,-1
1020,10709.1999999799,3,False,12,True,False,ExtractTask,True,False,2
1020,10709.1999999799,5,False,29,True,False,ExtractTask,True,False,4
1020,10709.1999999799,4,True,-1,True,True,RestTask,True,False,-1
1020,10709.1999999799,12,False,65,True,False,ExtractTask,True,False,3
1020,10709.1999999799,13,True,-1,False,False,RestTask,True,True,-1
1020,10709.1999999799,14,False,54,True,False,ExtractTask,True,False,2
1020,10709.1999999799,7,False,72,True,False,ExtractTask,True,False,2
1021,10719.2888888686,1,False,96,True,False,ExtractTask,True,False,2
1021,10719.2888888686,10,True,-1,False,False,RestTask,True,True,-1
1021,10719.2888888686,11,False,69,True,False,ExtractTask,False,False,2
1021,10719.2888888686,3,False,12,True,False,ExtractTask,True,False,2
1021,10719.2888888686,5,False,29,True,False,ExtractTask,True,False,4
1021,10719.2888888686,4,True,-1,True,False,ExtractTask,False,False,-1
1021,10719.2888888686,12,False,65,True,False,ExtractTask,True,False,3
1021,10719.2888888686,13,False,14,True,False,ExtractTask,False,False,5
1021,10719.2888888686,14,False,54,True,False,ExtractTask,True,False,2
1021,10719.2888888686,7,False,72,True,False,ExtractTask,True,False,2
1022,10739.4222222016,1,False,96,True,False,ExtractTask,True,False,2
1022,10739.4222222016,10,True,-1,False,False,RestTask,True,True,-1
1022,10739.4222222016,11,False,69,True,False,ExtractTask,True,False,2
1022,10739.4222222016,3,True,-1,False,False,RestTask,False,True,-1
1022,10739.4222222016,5,False,29,True,False,ExtractTask,True,False,3
1022,10739.4222222016,4,False,35,True,False,ExtractTask,True,False,3
1022,10739.4222222016,12,False,65,True,False,ExtractTask,True,False,3
1022,10739.4222222016,13,False,14,True,False,ExtractTask,False,False,5
1022,10739.4222222016,14,False,54,True,False,ExtractTask,True,False,2
1022,10739.4222222016,7,False,72,True,False,ExtractTask,True,False,2
1023,10759.5555555347,1,False,96,True,False,ExtractTask,True,False,2
1023,10759.5555555347,10,True,-1,False,False,RestTask,True,True,-1
1023,10759.5555555347,11,False,69,True,False,ExtractTask,True,False,2
1023,10759.5555555347,3,False,60,True,False,ExtractTask,True,False,4
1023,10759.5555555347,5,False,29,True,False,ExtractTask,True,False,3
1023,10759.5555555347,4,False,35,True,False,ExtractTask,True,False,3
1023,10759.5555555347,12,False,65,True,False,ExtractTask,True,False,3
1023,10759.5555555347,13,False,14,True,False,ExtractTask,True,False,5
1023,10759.5555555347,14,False,54,True,False,ExtractTask,True,False,2
1023,10759.5555555347,7,False,72,True,False,ExtractTask,True,False,2
1024,10796.6222222008,1,False,96,True,False,ExtractTask,True,False,2
1024,10796.6222222008,10,True,-1,False,False,RestTask,True,True,-1
1024,10796.6222222008,11,False,69,True,False,ExtractTask,True,False,2
1024,10796.6222222008,3,False,60,True,False,ExtractTask,True,False,4
1024,10796.6222222008,5,False,29,True,False,ExtractTask,True,False,3
1024,10796.6222222008,4,False,35,True,False,ExtractTask,True,False,3
1024,10796.6222222008,12,False,65,True,False,ExtractTask,True,False,3
1024,10796.6222222008,13,False,14,True,False,ExtractTask,True,False,5
1024,10796.6222222008,14,False,54,True,False,ExtractTask,True,False,2
1024,10796.6222222008,7,False,72,True,False,ExtractTask,True,False,2
1025,10829.9111110892,1,False,96,True,False,ExtractTask,True,False,2
1025,10829.9111110892,10,False,74,True,False,ExtractTask,False,False,4
1025,10829.9111110892,11,False,69,True,False,ExtractTask,True,False,2
1025,10829.9111110892,3,False,60,True,False,ExtractTask,True,False,4
1025,10829.9111110892,5,False,29,True,False,ParkPodTask,False,False,2
1025,10829.9111110892,4,False,35,True,False,ExtractTask,True,False,3
1025,10829.9111110892,12,False,65,True,False,ExtractTask,True,False,3
1025,10829.9111110892,13,False,14,True,False,ExtractTask,True,False,5
1025,10829.9111110892,14,True,-1,False,False,RestTask,False,True,-1
1025,10829.9111110892,7,False,72,True,False,ExtractTask,True,False,2
1026,10846.8888888667,1,False,96,True,False,ExtractTask,True,False,2
1026,10846.8888888667,10,False,74,True,False,ExtractTask,True,False,4
1026,10846.8888888667,11,False,69,True,False,ExtractTask,True,False,2
1026,10846.8888888667,3,False,60,True,False,ExtractTask,True,False,4
1026,10846.8888888667,5,True,-1,False,False,RestTask,False,True,-1
1026,10846.8888888667,4,False,35,True,False,ExtractTask,True,False,3
1026,10846.8888888667,12,False,65,True,False,ExtractTask,True,False,3
1026,10846.8888888667,13,False,14,True,False,ExtractTask,True,False,5
1026,10846.8888888667,14,True,-1,False,False,RestTask,True,True,-1
1026,10846.8888888667,7,False,72,True,False,ExtractTask,True,False,2
1027,10860.0888888666,1,False,96,True,False,ExtractTask,True,False,2
1027,10860.0888888666,10,False,74,True,False,ExtractTask,True,False,4
1027,10860.0888888666,11,False,69,True,False,ExtractTask,True,False,2
1027,10860.0888888666,3,False,60,True,False,ExtractTask,True,False,4
1027,10860.0888888666,5,True,-1,False,False,RestTask,True,True,-1
1027,10860.0888888666,4,False,35,True,False,ExtractTask,True,False,3
1027,10860.0888888666,12,False,65,True,False,ExtractTask,True,False,3
1027,10860.0888888666,13,False,14,True,False,ExtractTask,True,False,5
1027,10860.0888888666,14,True,-1,True,False,ExtractTask,False,False,-1
1027,10860.0888888666,7,False,72,True,False,ExtractTask,True,False,2
1028,10867.0222221998,1,False,96,True,False,ExtractTask,True,False,2
1028,10867.0222221998,10,False,74,True,False,ExtractTask,True,False,4
1028,10867.0222221998,11,False,69,True,False,ExtractTask,True,False,2
1028,10867.0222221998,3,False,60,True,False,ExtractTask,True,False,4
1028,10867.0222221998,5,True,-1,False,False,RestTask,True,True,-1
1028,10867.0222221998,4,False,35,True,False,ExtractTask,True,False,3
1028,10867.0222221998,12,False,65,True,False,ExtractTask,True,False,3
1028,10867.0222221998,13,False,14,True,False,ExtractTask,True,False,5
1028,10867.0222221998,14,False,64,True,False,ExtractTask,False,False,3
1028,10867.0222221998,7,False,72,True,False,ExtractTask,True,False,2
1029,10880.2222221996,1,False,96,True,False,ExtractTask,True,False,2
1029,10880.2222221996,10,False,74,True,False,ExtractTask,True,False,4
1029,10880.2222221996,11,False,69,True,False,ExtractTask,True,False,2
1029,10880.2222221996,3,False,60,True,False,ExtractTask,False,False,4
1029,10880.2222221996,5,True,-1,False,False,RestTask,True,True,-1
1029,10880.2222221996,4,False,35,True,False,ExtractTask,True,False,3
1029,10880.2222221996,12,False,65,True,False,ExtractTask,True,False,3
1029,10880.2222221996,13,False,14,True,False,ExtractTask,True,False,5
1029,10880.2222221996,14,False,64,True,False,ExtractTask,False,False,3
1029,10880.2222221996,7,False,72,True,False,ParkPodTask,False,False,2
1030,10920.4444444212,1,False,96,True,False,ExtractTask,True,False,2
1030,10920.4444444212,10,False,74,True,False,ExtractTask,True,False,4
1030,10920.4444444212,11,False,69,True,False,ExtractTask,True,False,2
1030,10920.4444444212,3,False,60,True,False,ExtractTask,True,False,4
1030,10920.4444444212,5,True,-1,False,False,RestTask,True,True,-1
1030,10920.4444444212,4,False,35,True,False,ExtractTask,True,False,3
1030,10920.4444444212,12,False,65,True,False,ParkPodTask,False,False,3
1030,10920.4444444212,13,False,14,True,False,ExtractTask,True,False,5
1030,10920.4444444212,14,False,64,True,False,ExtractTask,False,False,3
1030,10920.4444444212,7,True,-1,False,False,RestTask,True,True,-1
1031,10937.3777777543,1,False,96,True,False,ExtractTask,True,False,2
1031,10937.3777777543,10,False,74,True,False,ExtractTask,True,False,4
1031,10937.3777777543,11,False,69,True,False,ExtractTask,True,False,2
1031,10937.3777777543,3,False,60,True,False,ExtractTask,True,False,4
1031,10937.3777777543,5,True,-1,False,False,RestTask,True,True,-1
1031,10937.3777777543,4,False,35,True,False,ExtractTask,True,False,3
1031,10937.3777777543,12,True,-1,False,False,RestTask,False,True,-1
1031,10937.3777777543,13,False,14,True,False,ExtractTask,True,False,5
1031,10937.3777777543,14,False,64,True,False,ExtractTask,True,False,3
1031,10937.3777777543,7,True,-1,False,False,RestTask,True,True,-1
1032,10937.4222221988,1,False,96,True,False,ExtractTask,True,False,2
1032,10937.4222221988,10,False,74,True,False,ExtractTask,True,False,4
1032,10937.4222221988,11,False,69,True,False,ExtractTask,True,False,2
1032,10937.4222221988,3,False,60,True,False,ExtractTask,True,False,4
1032,10937.4222221988,5,True,-1,False,False,RestTask,True,True,-1
1032,10937.4222221988,4,False,35,True,False,ExtractTask,True,False,3
1032,10937.4222221988,12,True,-1,False,False,RestTask,False,True,-1
1032,10937.4222221988,13,False,14,True,False,ExtractTask,True,False,5
1032,10937.4222221988,14,False,64,True,False,ExtractTask,True,False,3
1032,10937.4222221988,7,True,-1,False,False,RestTask,True,True,-1
1033,10947.4666666431,1,False,96,True,False,ExtractTask,True,False,2
1033,10947.4666666431,10,False,74,True,False,ExtractTask,True,False,4
1033,10947.4666666431,11,False,69,True,False,ParkPodTask,False,False,1
1033,10947.4666666431,3,False,60,True,False,ExtractTask,True,False,4
1033,10947.4666666431,5,True,-1,False,False,RestTask,True,True,-1
1033,10947.4666666431,4,False,35,True,False,ExtractTask,True,False,3
1033,10947.4666666431,12,True,-1,False,False,RestTask,True,True,-1
1033,10947.4666666431,13,False,14,True,False,ExtractTask,False,False,5
1033,10947.4666666431,14,False,64,True,False,ExtractTask,True,False,3
1033,10947.4666666431,7,True,-1,False,False,RestTask,True,True,-1
1034,10950.6222221986,1,False,96,True,False,ExtractTask,True,False,2
1034,10950.6222221986,10,False,74,True,False,ExtractTask,True,False,4
1034,10950.6222221986,11,False,69,True,False,ParkPodTask,False,False,1
1034,10950.6222221986,3,False,60,True,False,ExtractTask,True,False,4
1034,10950.6222221986,5,True,-1,False,False,RestTask,True,True,-1
1034,10950.6222221986,4,False,35,True,False,ExtractTask,True,False,3
1034,10950.6222221986,12,True,-1,False,False,RestTask,True,True,-1
1034,10950.6222221986,13,False,14,True,False,ExtractTask,True,False,5
1034,10950.6222221986,14,False,64,True,False,ExtractTask,True,False,3
1034,10950.6222221986,7,True,-1,True,False,ExtractTask,False,False,-1
1035,10960.7111110873,1,False,96,True,False,ExtractTask,True,False,2
1035,10960.7111110873,10,False,74,True,False,ExtractTask,True,False,4
1035,10960.7111110873,11,True,-1,False,False,RestTask,False,True,-1
1035,10960.7111110873,3,False,60,True,False,ExtractTask,True,False,4
1035,10960.7111110873,5,True,-1,False,False,RestTask,True,True,-1
1035,10960.7111110873,4,False,35,True,False,ExtractTask,True,False,3
1035,10960.7111110873,12,True,-1,False,False,RestTask,True,True,-1
1035,10960.7111110873,13,False,14,True,False,ExtractTask,True,False,5
1035,10960.7111110873,14,False,64,True,False,ExtractTask,True,False,3
1035,10960.7111110873,7,True,-1,True,False,ExtractTask,False,False,-1
1036,10980.8444444204,1,False,96,True,False,ParkPodTask,False,False,2
1036,10980.8444444204,10,False,74,True,False,ExtractTask,True,False,4
1036,10980.8444444204,11,True,-1,False,False,RestTask,True,True,-1
1036,10980.8444444204,3,False,60,True,False,ExtractTask,True,False,4
1036,10980.8444444204,5,True,-1,False,False,RestTask,True,True,-1
1036,10980.8444444204,4,False,35,True,False,ExtractTask,True,False,3
1036,10980.8444444204,12,True,-1,False,False,RestTask,True,True,-1
1036,10980.8444444204,13,False,14,True,False,ParkPodTask,False,False,5
1036,10980.8444444204,14,False,64,True,False,ExtractTask,True,False,3
1036,10980.8444444204,7,False,65,True,False,ExtractTask,False,False,3
1037,10987.6888888647,1,True,-1,False,False,RestTask,False,True,-1
1037,10987.6888888647,10,False,74,True,False,ExtractTask,True,False,4
1037,10987.6888888647,11,True,-1,False,False,RestTask,True,True,-1
1037,10987.6888888647,3,False,60,True,False,ExtractTask,True,False,4
1037,10987.6888888647,5,True,-1,False,False,RestTask,True,True,-1
1037,10987.6888888647,4,False,35,True,False,ExtractTask,True,False,3
1037,10987.6888888647,12,True,-1,False,False,RestTask,True,True,-1
1037,10987.6888888647,13,True,-1,False,False,RestTask,False,True,-1
1037,10987.6888888647,14,False,64,True,False,ExtractTask,True,False,3
1037,10987.6888888647,7,False,65,True,False,ExtractTask,True,False,3
1038,10990.9333333091,1,True,-1,False,False,RestTask,False,True,-1
1038,10990.9333333091,10,False,74,True,False,ExtractTask,True,False,4
1038,10990.9333333091,11,True,-1,False,False,RestTask,True,True,-1
1038,10990.9333333091,3,False,60,True,False,ExtractTask,True,False,4
1038,10990.9333333091,5,True,-1,False,False,RestTask,True,True,-1
1038,10990.9333333091,4,False,35,True,False,ExtractTask,True,False,3
1038,10990.9333333091,12,True,-1,False,False,RestTask,True,True,-1
1038,10990.9333333091,13,True,-1,False,False,RestTask,False,True,-1
1038,10990.9333333091,14,False,64,True,False,ExtractTask,True,False,3
1038,10990.9333333091,7,False,65,True,False,ExtractTask,True,False,3
1039,11011.0666666421,1,True,-1,False,False,RestTask,True,True,-1
1039,11011.0666666421,10,False,74,True,False,ExtractTask,True,False,4
1039,11011.0666666421,11,False,25,True,False,ExtractTask,False,False,2
1039,11011.0666666421,3,False,60,True,False,ExtractTask,True,False,4
1039,11011.0666666421,5,True,-1,False,False,RestTask,True,True,-1
1039,11011.0666666421,4,False,35,True,False,ExtractTask,True,False,3
1039,11011.0666666421,12,True,-1,False,False,RestTask,True,True,-1
1039,11011.0666666421,13,True,-1,False,False,RestTask,True,True,-1
1039,11011.0666666421,14,False,64,True,False,ExtractTask,True,False,3
1039,11011.0666666421,7,False,65,True,False,ExtractTask,True,False,3
1040,11021.1555555309,1,True,-1,False,False,RestTask,True,True,-1
1040,11021.1555555309,10,False,74,True,False,ExtractTask,True,False,4
1040,11021.1555555309,11,False,25,True,False,ExtractTask,False,False,2
1040,11021.1555555309,3,False,60,True,False,ExtractTask,True,False,4
1040,11021.1555555309,5,True,-1,True,False,ExtractTask,False,False,-1
1040,11021.1555555309,4,False,35,True,False,ParkPodTask,False,False,3
1040,11021.1555555309,12,True,-1,False,False,RestTask,True,True,-1
1040,11021.1555555309,13,True,-1,False,False,RestTask,True,True,-1
1040,11021.1555555309,14,False,64,True,False,ExtractTask,True,False,3
1040,11021.1555555309,7,False,65,True,False,ExtractTask,True,False,3
1041,11027.9111110863,1,True,-1,False,False,RestTask,True,True,-1
1041,11027.9111110863,10,False,74,True,False,ExtractTask,True,False,4
1041,11027.9111110863,11,False,25,True,False,ExtractTask,True,False,2
1041,11027.9111110863,3,False,60,True,False,ExtractTask,True,False,3
1041,11027.9111110863,5,False,6,True,False,ExtractTask,False,False,5
1041,11027.9111110863,4,False,35,True,False,ParkPodTask,False,False,3
1041,11027.9111110863,12,True,-1,False,False,RestTask,True,True,-1
1041,11027.9111110863,13,True,-1,False,False,RestTask,True,True,-1
1041,11027.9111110863,14,False,64,True,False,ExtractTask,True,False,3
1041,11027.9111110863,7,False,65,True,False,ExtractTask,False,False,3
1042,11031.2444444196,1,True,-1,False,False,RestTask,True,True,-1
1042,11031.2444444196,10,False,74,True,False,ExtractTask,True,False,4
1042,11031.2444444196,11,False,25,True,False,ExtractTask,True,False,2
1042,11031.2444444196,3,False,60,True,False,ExtractTask,True,False,3
1042,11031.2444444196,5,False,6,True,False,ExtractTask,False,False,5
1042,11031.2444444196,4,False,35,True,False,ParkPodTask,False,False,3
1042,11031.2444444196,12,True,-1,False,False,RestTask,True,True,-1
1042,11031.2444444196,13,True,-1,False,False,RestTask,True,True,-1
1042,11031.2444444196,14,False,64,True,False,ExtractTask,True,False,3
1042,11031.2444444196,7,False,65,True,False,ExtractTask,True,False,3
1043,11037.9999999751,1,True,-1,False,False,RestTask,True,True,-1
1043,11037.9999999751,10,False,74,True,False,ExtractTask,True,False,4
1043,11037.9999999751,11,False,25,True,False,ExtractTask,True,False,2
1043,11037.9999999751,3,False,60,True,False,ExtractTask,True,False,3
1043,11037.9999999751,5,False,6,True,False,ExtractTask,False,False,5
1043,11037.9999999751,4,True,-1,False,False,RestTask,False,True,-1
1043,11037.9999999751,12,True,-1,False,False,RestTask,True,True,-1
1043,11037.9999999751,13,True,-1,False,False,RestTask,True,True,-1
1043,11037.9999999751,14,False,64,True,False,ExtractTask,True,False,3
1043,11037.9999999751,7,False,65,True,False,ExtractTask,True,False,3
1044,11041.3333333084,1,True,-1,False,False,RestTask,True,True,-1
1044,11041.3333333084,10,False,74,True,False,ExtractTask,True,False,4
1044,11041.3333333084,11,False,25,True,False,ExtractTask,True,False,2
1044,11041.3333333084,3,False,60,True,False,ExtractTask,True,False,3
1044,11041.3333333084,5,False,6,True,False,ExtractTask,False,False,5
1044,11041.3333333084,4,True,-1,False,False,RestTask,False,True,-1
1044,11041.3333333084,12,True,-1,False,False,RestTask,True,True,-1
1044,11041.3333333084,13,True,-1,False,False,RestTask,True,True,-1
1044,11041.3333333084,14,False,64,True,False,ExtractTask,True,False,3
1044,11041.3333333084,7,False,65,True,False,ExtractTask,True,False,3
1045,11051.4222221971,1,True,-1,False,False,RestTask,True,True,-1
1045,11051.4222221971,10,False,74,True,False,ExtractTask,True,False,4
1045,11051.4222221971,11,False,25,True,False,ExtractTask,True,False,2
1045,11051.4222221971,3,False,60,True,False,ExtractTask,True,False,2
1045,11051.4222221971,5,False,6,True,False,ExtractTask,True,False,5
1045,11051.4222221971,4,True,-1,False,False,RestTask,True,True,-1
1045,11051.4222221971,12,True,-1,False,False,RestTask,True,True,-1
1045,11051.4222221971,13,True,-1,False,False,RestTask,True,True,-1
1045,11051.4222221971,14,False,64,True,False,ExtractTask,True,False,3
1045,11051.4222221971,7,False,65,True,False,ExtractTask,True,False,3
1046,11071.5555555301,1,True,-1,False,False,RestTask,True,True,-1
1046,11071.5555555301,10,False,74,True,False,ExtractTask,True,False,4
1046,11071.5555555301,11,False,25,True,False,ExtractTask,True,False,2
1046,11071.5555555301,3,True,-1,False,False,RestTask,False,True,-1
1046,11071.5555555301,5,False,6,True,False,ExtractTask,True,False,5
1046,11071.5555555301,4,True,-1,False,False,RestTask,True,True,-1
1046,11071.5555555301,12,True,-1,False,False,RestTask,True,True,-1
1046,11071.5555555301,13,True,-1,False,False,RestTask,True,True,-1
1046,11071.5555555301,14,False,64,True,False,ExtractTask,True,False,3
1046,11071.5555555301,7,False,65,True,False,ExtractTask,True,False,3
1047,11088.266666641,1,False,31,True,False,ExtractTask,False,False,4
1047,11088.266666641,10,False,74,True,False,ExtractTask,True,False,4
1047,11088.266666641,11,False,25,True,False,ExtractTask,True,False,2
1047,11088.266666641,3,True,-1,False,False,RestTask,True,True,-1
1047,11088.266666641,5,False,6,True,False,ExtractTask,True,False,5
1047,11088.266666641,4,True,-1,False,False,RestTask,True,True,-1
1047,11088.266666641,12,True,-1,False,False,RestTask,True,True,-1
1047,11088.266666641,13,True,-1,False,False,RestTask,True,True,-1
1047,11088.266666641,14,False,64,True,False,ExtractTask,True,False,3
1047,11088.266666641,7,False,65,True,False,ExtractTask,True,False,3
1048,11098.3555555298,1,False,31,True,False,ExtractTask,False,False,4
1048,11098.3555555298,10,False,74,True,False,ExtractTask,True,False,3
1048,11098.3555555298,11,False,25,True,False,ExtractTask,True,False,2
1048,11098.3555555298,3,True,-1,False,False,RestTask,True,True,-1
1048,11098.3555555298,5,False,6,True,False,ExtractTask,True,False,5
1048,11098.3555555298,4,True,-1,False,False,RestTask,True,True,-1
1048,11098.3555555298,12,True,-1,False,False,RestTask,True,True,-1
1048,11098.3555555298,13,True,-1,False,False,RestTask,True,True,-1
1048,11098.3555555298,14,False,64,True,False,ExtractTask,True,False,3
1048,11098.3555555298,7,False,65,True,False,ExtractTask,True,False,3
1049,11111.7777777518,1,False,31,True,False,ExtractTask,False,False,4
1049,11111.7777777518,10,False,74,True,False,ExtractTask,True,False,3
1049,11111.7777777518,11,False,25,True,False,ExtractTask,True,False,2
1049,11111.7777777518,3,True,-1,False,False,RestTask,True,True,-1
1049,11111.7777777518,5,False,6,True,False,ExtractTask,True,False,5
1049,11111.7777777518,4,False,13,True,False,ExtractTask,True,False,5
1049,11111.7777777518,12,True,-1,False,False,RestTask,True,True,-1
1049,11111.7777777518,13,True,-1,False,False,RestTask,True,True,-1
1049,11111.7777777518,14,False,64,True,False,ExtractTask,True,False,3
1049,11111.7777777518,7,False,65,True,False,ExtractTask,True,False,3
1050,11131.9111110848,1,False,31,True,False,ExtractTask,True,False,4
1050,11131.9111110848,10,False,74,True,False,ExtractTask,True,False,3
1050,11131.9111110848,11,True,-1,False,False,RestTask,False,True,-1
1050,11131.9111110848,3,True,-1,False,False,RestTask,True,True,-1
1050,11131.9111110848,5,False,6,True,False,ExtractTask,True,False,4
1050,11131.9111110848,4,False,13,True,False,ExtractTask,False,False,5
1050,11131.9111110848,12,True,-1,False,False,RestTask,True,True,-1
1050,11131.9111110848,13,True,-1,False,False,RestTask,True,True,-1
1050,11131.9111110848,14,False,64,True,False,ExtractTask,True,False,3
1050,11131.9111110848,7,False,65,True,False,ExtractTask,True,False,3
1051,11158.66666664,1,False,31,True,False,ExtractTask,True,False,4
1051,11158.66666664,10,False,74,True,False,ExtractTask,True,False,3
1051,11158.66666664,11,True,-1,False,False,RestTask,True,True,-1
1051,11158.66666664,3,True,-1,False,False,RestTask,True,True,-1
1051,11158.66666664,5,False,6,True,False,ExtractTask,True,False,4
1051,11158.66666664,4,False,13,True,False,ExtractTask,True,False,5
1051,11158.66666664,12,False,33,True,False,ExtractTask,False,False,3
1051,11158.66666664,13,False,12,True,False,ExtractTask,False,False,2
1051,11158.66666664,14,False,64,True,False,ExtractTask,True,False,3
1051,11158.66666664,7,False,65,True,False,ExtractTask,True,False,3
1052,11162.0888888622,1,False,31,True,False,ExtractTask,True,False,4
1052,11162.0888888622,10,False,74,True,False,ExtractTask,True,False,3
1052,11162.0888888622,11,True,-1,False,False,RestTask,True,True,-1
1052,11162.0888888622,3,True,-1,False,False,RestTask,True,True,-1
1052,11162.0888888622,5,False,6,True,False,ExtractTask,True,False,4
1052,11162.0888888622,4,False,13,True,False,ExtractTask,True,False,5
1052,11162.0888888622,12,False,33,True,False,ExtractTask,True,False,3
1052,11162.0888888622,13,False,12,True,False,ExtractTask,False,False,2
1052,11162.0888888622,14,False,64,True,False,ExtractTask,True,False,3
1052,11162.0888888622,7,False,65,True,False,ExtractTask,True,False,3
1053,11182.2222221952,1,False,31,True,False,ExtractTask,True,False,4
1053,11182.2222221952,10,False,74,True,False,ExtractTask,True,False,3
1053,11182.2222221952,11,False,26,True,False,ExtractTask,False,False,5
1053,11182.2222221952,3,True,-1,False,False,RestTask,True,True,-1
1053,11182.2222221952,5,False,6,True,False,ExtractTask,True,False,4
1053,11182.2222221952,4,False,13,True,False,ExtractTask,True,False,5
1053,11182.2222221952,12,False,33,True,False,ExtractTask,True,False,3
1053,11182.2222221952,13,False,12,True,False,ExtractTask,True,False,2
1053,11182.2222221952,14,False,64,True,False,ExtractTask,True,False,3
1053,11182.2222221952,7,False,65,True,False,ExtractTask,True,False,3
1054,11188.8444444173,1,False,31,True,False,ExtractTask,True,False,4
1054,11188.8444444173,10,False,74,True,False,ExtractTask,True,False,3
1054,11188.8444444173,11,False,26,True,False,ExtractTask,True,False,5
1054,11188.8444444173,3,True,-1,False,False,RestTask,True,True,-1
1054,11188.8444444173,5,False,6,True,False,ExtractTask,True,False,3
1054,11188.8444444173,4,False,13,True,False,ExtractTask,True,False,5
1054,11188.8444444173,12,False,33,True,False,ExtractTask,True,False,3
1054,11188.8444444173,13,False,12,True,False,ExtractTask,True,False,2
1054,11188.8444444173,14,False,64,True,False,ExtractTask,True,False,3
1054,11188.8444444173,7,False,65,True,False,ExtractTask,True,False,3
1055,11192.3111110839,1,False,31,True,False,ExtractTask,True,False,4
1055,11192.3111110839,10,False,74,True,False,ExtractTask,True,False,3
1055,11192.3111110839,11,False,26,True,False,ExtractTask,True,False,5
1055,11192.3111110839,3,True,-1,False,False,RestTask,True,True,-1
1055,11192.3111110839,5,False,6,True,False,ExtractTask,True,False,3
1055,11192.3111110839,4,False,13,True,False,ExtractTask,True,False,5
1055,11192.3111110839,12,False,33,True,False,ExtractTask,True,False,3
1055,11192.3111110839,13,False,12,True,False,ExtractTask,True,False,2
1055,11192.3111110839,14,False,64,True,False,ExtractTask,True,False,3
1055,11192.3111110839,7,False,65,True,False,ExtractTask,True,False,3
1056,11219.0222221947,1,False,31,True,False,ExtractTask,True,False,4
1056,11219.0222221947,10,False,74,True,False,ParkPodTask,False,False,2
1056,11219.0222221947,11,False,26,True,False,ExtractTask,True,False,5
1056,11219.0222221947,3,True,-1,False,False,RestTask,True,True,-1
1056,11219.0222221947,5,False,6,True,False,ExtractTask,True,False,3
1056,11219.0222221947,4,False,13,True,False,ExtractTask,False,False,5
1056,11219.0222221947,12,False,33,True,False,ExtractTask,True,False,3
1056,11219.0222221947,13,False,12,True,False,ExtractTask,True,False,2
1056,11219.0222221947,14,False,64,True,False,ExtractTask,True,False,3
1056,11219.0222221947,7,False,65,True,False,ExtractTask,True,False,3
1057,11229.1111110834,1,False,31,True,False,ExtractTask,False,False,4
1057,11229.1111110834,10,True,-1,False,False,RestTask,False,True,-1
1057,11229.1111110834,11,False,26,True,False,ExtractTask,True,False,5
1057,11229.1111110834,3,True,-1,False,False,RestTask,True,True,-1
1057,11229.1111110834,5,False,6,True,False,ParkPodTask,False,False,3
1057,11229.1111110834,4,False,13,True,False,ExtractTask,True,False,5
1057,11229.1111110834,12,False,33,True,False,ExtractTask,True,False,3
1057,11229.1111110834,13,False,12,True,False,ExtractTask,True,False,2
1057,11229.1111110834,14,False,64,True,False,ExtractTask,True,False,3
1057,11229.1111110834,7,False,65,True,False,ExtractTask,True,False,3
1058,11242.5777777499,1,False,31,True,False,ExtractTask,True,False,3
1058,11242.5777777499,10,True,-1,False,False,RestTask,False,True,-1
1058,11242.5777777499,11,False,26,True,False,ExtractTask,True,False,5
1058,11242.5777777499,3,True,-1,False,False,RestTask,True,True,-1
1058,11242.5777777499,5,True,-1,False,False,RestTask,False,True,-1
1058,11242.5777777499,4,False,13,True,False,ExtractTask,True,False,5
1058,11242.5777777499,12,False,33,True,False,ExtractTask,True,False,3
1058,11242.5777777499,13,False,12,True,False,ExtractTask,True,False,2
1058,11242.5777777499,14,False,64,True,False,ExtractTask,True,False,3
1058,11242.5777777499,7,False,65,True,False,ExtractTask,True,False,3
1059,11252.6666666386,1,False,31,True,False,ExtractTask,True,False,3
1059,11252.6666666386,10,True,-1,True,False,ExtractTask,False,False,-1
1059,11252.6666666386,11,False,26,True,False,ExtractTask,True,False,5
1059,11252.6666666386,3,True,-1,False,False,RestTask,True,True,-1
1059,11252.6666666386,5,True,-1,False,False,RestTask,True,True,-1
1059,11252.6666666386,4,False,13,True,False,ExtractTask,True,False,5
1059,11252.6666666386,12,False,33,True,False,ExtractTask,True,False,3
1059,11252.6666666386,13,False,12,True,False,ExtractTask,True,False,2
1059,11252.6666666386,14,False,64,True,False,ExtractTask,True,False,3
1059,11252.6666666386,7,False,65,True,False,ExtractTask,True,False,3
1060,11292.8888888603,1,False,31,True,False,ExtractTask,True,False,3
1060,11292.8888888603,10,False,98,True,False,ExtractTask,True,False,4
1060,11292.8888888603,11,False,26,True,False,ExtractTask,True,False,5
1060,11292.8888888603,3,True,-1,False,False,RestTask,True,True,-1
1060,11292.8888888603,5,True,-1,False,False,RestTask,True,True,-1
1060,11292.8888888603,4,False,13,True,False,ExtractTask,True,False,5
1060,11292.8888888603,12,False,33,True,False,ExtractTask,True,False,3
1060,11292.8888888603,13,False,12,True,False,ExtractTask,True,False,2
1060,11292.8888888603,14,False,64,True,False,ExtractTask,True,False,3
1060,11292.8888888603,7,False,65,True,False,ExtractTask,True,False,3
1061,11299.4666666379,1,False,31,True,False,ExtractTask,True,False,3
1061,11299.4666666379,10,False,98,True,False,ExtractTask,True,False,4
1061,11299.4666666379,11,False,26,True,False,ExtractTask,True,False,5
1061,11299.4666666379,3,True,-1,False,False,RestTask,True,True,-1
1061,11299.4666666379,5,True,-1,False,False,RestTask,True,True,-1
1061,11299.4666666379,4,False,13,True,False,ExtractTask,True,False,5
1061,11299.4666666379,12,False,33,True,False,ExtractTask,True,False,3
1061,11299.4666666379,13,False,12,True,False,ExtractTask,True,False,2
1061,11299.4666666379,14,False,64,True,False,ExtractTask,True,False,3
1061,11299.4666666379,7,False,65,True,False,ExtractTask,True,False,3
1062,11319.599999971,1,False,31,True,False,ExtractTask,True,False,3
1062,11319.599999971,10,False,98,True,False,ExtractTask,True,False,4
1062,11319.599999971,11,False,26,True,False,ExtractTask,True,False,5
1062,11319.599999971,3,True,-1,False,False,RestTask,True,True,-1
1062,11319.599999971,5,True,-1,False,False,RestTask,True,True,-1
1062,11319.599999971,4,False,13,True,False,ExtractTask,True,False,5
1062,11319.599999971,12,False,33,True,False,ExtractTask,True,False,3
1062,11319.599999971,13,False,12,True,False,ExtractTask,True,False,2
1062,11319.599999971,14,False,64,True,False,ParkPodTask,False,False,2
1062,11319.599999971,7,False,65,True,False,ExtractTask,True,False,3
1063,11329.6888888597,1,False,31,True,False,ExtractTask,True,False,3
1063,11329.6888888597,10,False,98,True,False,ExtractTask,True,False,4
1063,11329.6888888597,11,False,26,True,False,ExtractTask,True,False,5
1063,11329.6888888597,3,True,-1,False,False,RestTask,True,True,-1
1063,11329.6888888597,5,True,-1,False,False,RestTask,True,True,-1
1063,11329.6888888597,4,False,13,True,False,ExtractTask,True,False,5
1063,11329.6888888597,12,False,33,True,False,ExtractTask,True,False,3
1063,11329.6888888597,13,False,12,True,False,ExtractTask,True,False,2
1063,11329.6888888597,14,True,-1,False,False,RestTask,False,True,-1
1063,11329.6888888597,7,False,65,True,False,ExtractTask,True,False,3
1064,11339.7777777485,1,False,31,True,False,ParkPodTask,False,False,3
1064,11339.7777777485,10,False,98,True,False,ExtractTask,True,False,4
1064,11339.7777777485,11,False,26,True,False,ExtractTask,True,False,5
1064,11339.7777777485,3,True,-1,False,False,RestTask,True,True,-1
1064,11339.7777777485,5,True,-1,False,False,RestTask,True,True,-1
1064,11339.7777777485,4,False,13,True,False,ExtractTask,True,False,5
1064,11339.7777777485,12,False,33,True,False,ExtractTask,False,False,3
1064,11339.7777777485,13,False,12,True,False,ExtractTask,True,False,2
1064,11339.7777777485,14,True,-1,True,True,RestTask,False,False,-1
1064,11339.7777777485,7,False,65,True,False,ExtractTask,True,False,3
1065,11343.1555555262,1,False,31,True,False,ParkPodTask,False,False,3
1065,11343.1555555262,10,False,98,True,False,ExtractTask,True,False,4
1065,11343.1555555262,11,False,26,True,False,ExtractTask,False,False,5
1065,11343.1555555262,3,True,-1,False,False,RestTask,True,True,-1
1065,11343.1555555262,5,True,-1,True,False,ExtractTask,False,False,-1
1065,11343.1555555262,4,False,13,True,False,ExtractTask,True,False,5
1065,11343.1555555262,12,False,33,True,False,ExtractTask,True,False,3
1065,11343.1555555262,13,False,12,True,False,ExtractTask,True,False,2
1065,11343.1555555262,14,True,-1,True,True,RestTask,True,False,-1
1065,11343.1555555262,7,False,65,True,False,ExtractTask,True,False,3
1066,11359.9111110815,1,True,-1,False,False,RestTask,True,True,-1
1066,11359.9111110815,10,False,98,True,False,ExtractTask,True,False,4
1066,11359.9111110815,11,False,26,True,False,ExtractTask,True,False,5
1066,11359.9111110815,3,True,-1,False,False,RestTask,True,True,-1
1066,11359.9111110815,5,False,19,True,False,ExtractTask,False,False,3
1066,11359.9111110815,4,False,13,True,False,ExtractTask,True,False,5
1066,11359.9111110815,12,False,33,True,False,ExtractTask,True,False,3
1066,11359.9111110815,13,False,12,True,False,ExtractTask,True,False,2
1066,11359.9111110815,14,True,-1,True,False,ExtractTask,False,False,-1
1066,11359.9111110815,7,False,65,True,False,ExtractTask,True,False,2
1067,11380.0444444145,1,True,-1,False,False,RestTask,True,True,-1
1067,11380.0444444145,10,False,98,True,False,ExtractTask,True,False,4
1067,11380.0444444145,11,False,26,True,False,ExtractTask,True,False,5
1067,11380.0444444145,3,True,-1,False,False,RestTask,True,True,-1
1067,11380.0444444145,5,False,19,True,False,ExtractTask,False,False,3
1067,11380.0444444145,4,False,13,True,False,ExtractTask,True,False,4
1067,11380.0444444145,12,False,33,True,False,ExtractTask,True,False,3
1067,11380.0444444145,13,False,12,True,False,ExtractTask,True,False,2
1067,11380.0444444145,14,False,83,True,False,ExtractTask,False,False,3
1067,11380.0444444145,7,True,-1,False,False,ParkPodTask,True,True,-1
1068,11390.1333333033,1,True,-1,False,False,RestTask,True,True,-1
1068,11390.1333333033,10,False,98,True,False,ExtractTask,True,False,4
1068,11390.1333333033,11,False,26,True,False,ExtractTask,True,False,5
1068,11390.1333333033,3,True,-1,False,False,RestTask,True,True,-1
1068,11390.1333333033,5,False,19,True,False,ExtractTask,True,False,3
1068,11390.1333333033,4,False,13,True,False,ExtractTask,True,False,4
1068,11390.1333333033,12,False,33,True,False,ExtractTask,True,False,3
1068,11390.1333333033,13,False,12,True,False,ExtractTask,True,False,2
1068,11390.1333333033,14,False,83,True,False,ExtractTask,False,False,3
1068,11390.1333333033,7,True,-1,False,False,RestTask,False,True,-1
1069,11390.1777777477,1,True,-1,False,False,RestTask,True,True,-1
1069,11390.1777777477,10,False,98,True,False,ExtractTask,True,False,4
1069,11390.1777777477,11,False,26,True,False,ExtractTask,True,False,5
1069,11390.1777777477,3,True,-1,False,False,RestTask,True,True,-1
1069,11390.1777777477,5,False,19,True,False,ExtractTask,True,False,3
1069,11390.1777777477,4,False,13,True,False,ExtractTask,True,False,4
1069,11390.1777777477,12,False,33,True,False,ExtractTask,True,False,3
1069,11390.1777777477,13,False,12,True,False,ExtractTask,True,False,2
1069,11390.1777777477,14,False,83,True,False,ExtractTask,False,False,3
1069,11390.1777777477,7,True,-1,False,False,RestTask,False,True,-1
1070,11400.222222192,1,True,-1,False,False,RestTask,True,True,-1
1070,11400.222222192,10,False,98,True,False,ExtractTask,True,False,4
1070,11400.222222192,11,False,26,True,False,ExtractTask,True,False,5
1070,11400.222222192,3,True,-1,False,False,RestTask,True,True,-1
1070,11400.222222192,5,False,19,True,False,ExtractTask,True,False,3
1070,11400.222222192,4,False,13,True,False,ExtractTask,True,False,4
1070,11400.222222192,12,False,33,True,False,ParkPodTask,False,False,3
1070,11400.222222192,13,False,12,True,False,ExtractTask,False,False,2
1070,11400.222222192,14,False,83,True,False,ExtractTask,False,False,3
1070,11400.222222192,7,True,-1,False,False,RestTask,True,True,-1
1071,11400.2666666365,1,True,-1,False,False,RestTask,True,True,-1
1071,11400.2666666365,10,False,98,True,False,ExtractTask,True,False,4
1071,11400.2666666365,11,False,26,True,False,ExtractTask,True,False,5
1071,11400.2666666365,3,True,-1,False,False,RestTask,True,True,-1
1071,11400.2666666365,5,False,19,True,False,ExtractTask,True,False,3
1071,11400.2666666365,4,False,13,True,False,ExtractTask,True,False,4
1071,11400.2666666365,12,False,33,True,False,ParkPodTask,False,False,3
1071,11400.2666666365,13,False,12,True,False,ExtractTask,False,False,2
1071,11400.2666666365,14,False,83,True,False,ExtractTask,False,False,3
1071,11400.2666666365,7,True,-1,False,False,RestTask,True,True,-1
1072,11403.4666666364,1,True,-1,False,False,RestTask,True,True,-1
1072,11403.4666666364,10,False,98,True,False,ExtractTask,False,False,4
1072,11403.4666666364,11,False,26,True,False,ExtractTask,True,False,5
1072,11403.4666666364,3,True,-1,False,False,RestTask,True,True,-1
1072,11403.4666666364,5,False,19,True,False,ExtractTask,True,False,3
1072,11403.4666666364,4,False,13,True,False,ParkPodTask,False,False,4
1072,11403.4666666364,12,False,33,True,False,ParkPodTask,False,False,3
1072,11403.4666666364,13,False,12,True,False,ExtractTask,True,False,2
1072,11403.4666666364,14,False,83,True,False,ExtractTask,True,False,3
1072,11403.4666666364,7,True,-1,False,False,RestTask,True,True,-1
1073,11410.3111110808,1,True,-1,False,False,RestTask,True,True,-1
1073,11410.3111110808,10,False,98,True,False,ExtractTask,True,False,4
1073,11410.3111110808,11,False,26,True,False,ExtractTask,True,False,5
1073,11410.3111110808,3,False,76,True,False,ExtractTask,False,False,4
1073,11410.3111110808,5,False,19,True,False,ExtractTask,True,False,3
1073,11410.3111110808,4,False,13,True,False,ParkPodTask,False,False,4
1073,11410.3111110808,12,False,33,True,False,ParkPodTask,False,False,3
1073,11410.3111110808,13,False,12,True,False,ExtractTask,True,False,2
1073,11410.3111110808,14,False,83,True,False,ExtractTask,True,False,3
1073,11410.3111110808,7,True,-1,False,False,RestTask,True,True,-1
1074,11413.5555555252,1,True,-1,False,False,RestTask,True,True,-1
1074,11413.5555555252,10,False,98,True,False,ExtractTask,True,False,4
1074,11413.5555555252,11,False,26,True,False,ExtractTask,True,False,5
1074,11413.5555555252,3,False,76,True,False,ExtractTask,False,False,4
1074,11413.5555555252,5,False,19,True,False,ExtractTask,True,False,3
1074,11413.5555555252,4,False,13,True,False,ParkPodTask,False,False,4
1074,11413.5555555252,12,True,-1,False,False,RestTask,False,True,-1
1074,11413.5555555252,13,False,12,True,False,ExtractTask,True,False,2
1074,11413.5555555252,14,False,83,True,False,ExtractTask,True,False,3
1074,11413.5555555252,7,True,-1,False,False,RestTask,True,True,-1
1075,11430.4444444138,1,True,-1,False,False,RestTask,True,True,-1
1075,11430.4444444138,10,False,98,True,False,ExtractTask,True,False,4
1075,11430.4444444138,11,False,26,True,False,ExtractTask,True,False,5
1075,11430.4444444138,3,False,76,True,False,ExtractTask,False,False,4
1075,11430.4444444138,5,False,19,True,False,ExtractTask,True,False,3
1075,11430.4444444138,4,True,-1,False,False,RestTask,False,True,-1
1075,11430.4444444138,12,True,-1,True,False,ExtractTask,False,False,-1
1075,11430.4444444138,13,False,12,True,False,ExtractTask,True,False,1
1075,11430.4444444138,14,False,83,True,False,ExtractTask,True,False,3
1075,11430.4444444138,7,True,-1,False,False,RestTask,True,True,-1
1076,11440.5333333026,1,True,-1,False,False,RestTask,True,True,-1
1076,11440.5333333026,10,False,98,True,False,ExtractTask,True,False,4
1076,11440.5333333026,11,False,26,True,False,ExtractTask,True,False,5
1076,11440.5333333026,3,False,76,True,False,ExtractTask,True,False,4
1076,11440.5333333026,5,False,19,True,False,ExtractTask,True,False,2
1076,11440.5333333026,4,True,-1,False,False,RestTask,True,True,-1
1076,11440.5333333026,12,False,33,True,False,ExtractTask,False,False,3
1076,11440.5333333026,13,False,12,True,False,ExtractTask,True,False,1
1076,11440.5333333026,14,False,83,True,False,ExtractTask,True,False,3
1076,11440.5333333026,7,True,-1,False,False,RestTask,True,True,-1
1077,11450.6222221913,1,True,-1,False,False,RestTask,True,True,-1
1077,11450.6222221913,10,False,98,True,False,ExtractTask,True,False,4
1077,11450.6222221913,11,False,26,True,False,ExtractTask,True,False,5
1077,11450.6222221913,3,False,76,True,False,ExtractTask,True,False,4
1077,11450.6222221913,5,False,19,True,False,ExtractTask,True,False,2
1077,11450.6222221913,4,True,-1,False,False,RestTask,True,True,-1
1077,11450.6222221913,12,False,33,True,False,ExtractTask,False,False,3
1077,11450.6222221913,13,False,12,True,False,ExtractTask,True,False,1
1077,11450.6222221913,14,False,83,True,False,ExtractTask,True,False,3
1077,11450.6222221913,7,True,-1,False,False,RestTask,True,True,-1
1078,11460.71111108,1,True,-1,False,False,RestTask,True,True,-1
1078,11460.71111108,10,False,98,True,False,ExtractTask,True,False,4
1078,11460.71111108,11,False,26,True,False,ExtractTask,False,False,5
1078,11460.71111108,3,False,76,True,False,ExtractTask,True,False,4
1078,11460.71111108,5,False,19,True,False,ExtractTask,True,False,2
1078,11460.71111108,4,True,-1,False,False,RestTask,True,True,-1
1078,11460.71111108,12,False,33,True,False,ExtractTask,True,False,3
1078,11460.71111108,13,False,12,True,False,ParkPodTask,False,False,1
1078,11460.71111108,14,False,83,True,False,ExtractTask,True,False,3
1078,11460.71111108,7,True,-1,False,False,RestTask,True,True,-1
1079,11470.7999999688,1,True,-1,True,False,ExtractTask,False,False,-1
1079,11470.7999999688,10,False,98,True,False,ExtractTask,True,False,4
1079,11470.7999999688,11,False,26,True,False,ExtractTask,True,False,5
1079,11470.7999999688,3,False,76,True,False,ExtractTask,True,False,4
1079,11470.7999999688,5,False,19,True,False,ExtractTask,True,False,2
1079,11470.7999999688,4,True,-1,False,False,RestTask,True,True,-1
1079,11470.7999999688,12,False,33,True,False,ExtractTask,True,False,3
1079,11470.7999999688,13,True,-1,False,False,RestTask,False,True,-1
1079,11470.7999999688,14,False,83,True,False,ExtractTask,True,False,3
1079,11470.7999999688,7,True,-1,False,False,RestTask,True,True,-1
1080,11473.8666666354,1,False,70,True,False,ExtractTask,True,False,2
1080,11473.8666666354,10,False,98,True,False,ExtractTask,True,False,4
1080,11473.8666666354,11,False,26,True,False,ExtractTask,True,False,5
1080,11473.8666666354,3,False,76,True,False,ExtractTask,True,False,4
1080,11473.8666666354,5,False,19,True,False,ExtractTask,True,False,2
1080,11473.8666666354,4,True,-1,False,False,RestTask,True,True,-1
1080,11473.8666666354,12,False,33,True,False,ExtractTask,True,False,3
1080,11473.8666666354,13,True,-1,False,False,RestTask,False,True,-1
1080,11473.8666666354,14,False,83,True,False,ExtractTask,True,False,3
1080,11473.8666666354,7,True,-1,False,False,RestTask,True,True,-1
1081,11473.9111110798,1,False,70,True,False,ExtractTask,True,False,2
1081,11473.9111110798,10,False,98,True,False,ExtractTask,True,False,4
1081,11473.9111110798,11,False,26,True,False,ExtractTask,True,False,5
1081,11473.9111110798,3,False,76,True,False,ExtractTask,True,False,4
1081,11473.9111110798,5,False,19,True,False,ExtractTask,True,False,2
1081,11473.9111110798,4,True,-1,False,False,RestTask,True,True,-1
1081,11473.9111110798,12,False,33,True,False,ExtractTask,True,False,3
1081,11473.9111110798,13,True,-1,False,False,RestTask,False,True,-1
1081,11473.9111110798,14,False,83,True,False,ExtractTask,True,False,3
1081,11473.9111110798,7,True,-1,False,False,RestTask,True,True,-1
1082,11480.8888888575,1,False,70,True,False,ExtractTask,False,False,2
1082,11480.8888888575,10,False,98,True,False,ExtractTask,True,False,4
1082,11480.8888888575,11,False,26,True,False,ExtractTask,True,False,5
1082,11480.8888888575,3,False,76,True,False,ExtractTask,True,False,4
1082,11480.8888888575,5,False,19,True,False,ExtractTask,True,False,2
1082,11480.8888888575,4,True,-1,False,False,RestTask,True,True,-1
1082,11480.8888888575,12,False,33,True,False,ExtractTask,True,False,3
1082,11480.8888888575,13,True,-1,False,False,RestTask,True,True,-1
1082,11480.8888888575,14,False,83,True,False,ExtractTask,True,False,3
1082,11480.8888888575,7,True,-1,False,False,RestTask,True,True,-1
1083,11480.933333302,1,False,70,True,False,ExtractTask,False,False,2
1083,11480.933333302,10,False,98,True,False,ExtractTask,True,False,4
1083,11480.933333302,11,False,26,True,False,ExtractTask,True,False,5
1083,11480.933333302,3,False,76,True,False,ExtractTask,True,False,4
1083,11480.933333302,5,False,19,True,False,ExtractTask,True,False,2
1083,11480.933333302,4,True,-1,False,False,RestTask,True,True,-1
1083,11480.933333302,12,False,33,True,False,ExtractTask,True,False,3
1083,11480.933333302,13,True,-1,False,False,RestTask,True,True,-1
1083,11480.933333302,14,False,83,True,False,ExtractTask,True,False,3
1083,11480.933333302,7,True,-1,False,False,RestTask,True,True,-1
1084,11501.0222221906,1,False,70,True,False,ExtractTask,True,False,2
1084,11501.0222221906,10,False,98,True,False,ExtractTask,True,False,4
1084,11501.0222221906,11,False,26,True,False,ExtractTask,True,False,5
1084,11501.0222221906,3,False,76,True,False,ExtractTask,True,False,4
1084,11501.0222221906,5,False,19,True,False,ParkPodTask,False,False,2
1084,11501.0222221906,4,True,-1,False,False,RestTask,True,True,-1
1084,11501.0222221906,12,False,33,True,False,ExtractTask,True,False,3
1084,11501.0222221906,13,True,-1,False,False,RestTask,True,True,-1
1084,11501.0222221906,14,False,83,True,False,ExtractTask,True,False,2
1084,11501.0222221906,7,True,-1,False,False,RestTask,True,True,-1
1085,11511.1111110793,1,False,70,True,False,ExtractTask,True,False,2
1085,11511.1111110793,10,False,98,True,False,ExtractTask,True,False,4
1085,11511.1111110793,11,False,26,True,False,ExtractTask,True,False,5
1085,11511.1111110793,3,False,76,True,False,ExtractTask,True,False,4
1085,11511.1111110793,5,True,-1,False,False,RestTask,False,True,-1
1085,11511.1111110793,4,True,-1,False,False,RestTask,True,True,-1
1085,11511.1111110793,12,False,33,True,False,ExtractTask,True,False,3
1085,11511.1111110793,13,False,11,True,False,ExtractTask,True,False,4
1085,11511.1111110793,14,False,83,True,False,ExtractTask,True,False,2
1085,11511.1111110793,7,True,-1,False,False,RestTask,True,True,-1
1086,11521.199999968,1,False,70,True,False,ExtractTask,True,False,2
1086,11521.199999968,10,False,98,True,False,ExtractTask,True,False,4
1086,11521.199999968,11,False,26,True,False,ExtractTask,True,False,5
1086,11521.199999968,3,False,76,True,False,ExtractTask,True,False,4
1086,11521.199999968,5,True,-1,False,False,RestTask,True,True,-1
1086,11521.199999968,4,True,-1,False,False,RestTask,True,True,-1
1086,11521.199999968,12,False,33,True,False,ExtractTask,True,False,3
1086,11521.199999968,13,False,11,True,False,ExtractTask,False,False,4
1086,11521.199999968,14,False,83,True,False,ExtractTask,True,False,1
1086,11521.199999968,7,True,-1,False,False,RestTask,True,True,-1
1087,11524.1333333013,1,False,70,True,False,ExtractTask,True,False,2
1087,11524.1333333013,10,False,98,True,False,ExtractTask,True,False,4
1087,11524.1333333013,11,False,26,True,False,ExtractTask,True,False,5
1087,11524.1333333013,3,False,76,True,False,ExtractTask,True,False,4
1087,11524.1333333013,5,True,-1,False,False,RestTask,True,True,-1
1087,11524.1333333013,4,True,-1,False,False,RestTask,True,True,-1
1087,11524.1333333013,12,False,33,True,False,ExtractTask,True,False,3
1087,11524.1333333013,13,False,11,True,False,ExtractTask,False,False,4
1087,11524.1333333013,14,False,83,True,False,ExtractTask,True,False,1
1087,11524.1333333013,7,True,-1,False,False,RestTask,True,True,-1
1088,11541.3333333011,1,False,70,True,False,ExtractTask,True,False,2
1088,11541.3333333011,10,False,98,True,False,ExtractTask,True,False,4
1088,11541.3333333011,11,False,26,True,False,ExtractTask,True,False,5
1088,11541.3333333011,3,False,76,True,False,ExtractTask,True,False,4
1088,11541.3333333011,5,True,-1,False,False,RestTask,True,True,-1
1088,11541.3333333011,4,True,-1,False,False,RestTask,True,True,-1
1088,11541.3333333011,12,False,33,True,False,ExtractTask,True,False,3
1088,11541.3333333011,13,False,11,True,False,ExtractTask,True,False,4
1088,11541.3333333011,14,False,83,True,False,ParkPodTask,False,False,0
1088,11541.3333333011,7,True,-1,False,False,RestTask,True,True,-1
1089,11551.4222221898,1,False,70,True,False,ExtractTask,True,False,2
1089,11551.4222221898,10,False,98,True,False,ExtractTask,False,False,4
1089,11551.4222221898,11,False,26,True,False,ParkPodTask,False,False,4
1089,11551.4222221898,3,False,76,True,False,ExtractTask,True,False,4
1089,11551.4222221898,5,True,-1,False,False,RestTask,True,True,-1
1089,11551.4222221898,4,False,58,True,False,ExtractTask,True,False,3
1089,11551.4222221898,12,False,33,True,False,ExtractTask,True,False,3
1089,11551.4222221898,13,False,11,True,False,ExtractTask,True,False,4
1089,11551.4222221898,14,True,-1,False,False,RestTask,False,True,-1
1089,11551.4222221898,7,True,-1,False,False,RestTask,True,True,-1
1090,11554.3111110787,1,False,70,True,False,ExtractTask,True,False,2
1090,11554.3111110787,10,False,98,True,False,ExtractTask,True,False,4
1090,11554.3111110787,11,False,26,True,False,ParkPodTask,False,False,4
1090,11554.3111110787,3,False,76,True,False,ExtractTask,True,False,4
1090,11554.3111110787,5,True,-1,False,False,RestTask,True,True,-1
1090,11554.3111110787,4,False,58,True,False,ExtractTask,False,False,3
1090,11554.3111110787,12,False,33,True,False,ExtractTask,False,False,3
1090,11554.3111110787,13,False,11,True,False,ExtractTask,True,False,4
1090,11554.3111110787,14,True,-1,True,True,RestTask,True,False,-1
1090,11554.3111110787,7,True,-1,False,False,RestTask,True,True,-1
1091,11571.5555555229,1,False,70,True,False,ExtractTask,True,False,2
1091,11571.5555555229,10,False,98,True,False,ExtractTask,True,False,3
1091,11571.5555555229,11,True,-1,False,False,RestTask,False,True,-1
1091,11571.5555555229,3,False,76,True,False,ExtractTask,True,False,4
1091,11571.5555555229,5,True,-1,False,False,RestTask,True,True,-1
1091,11571.5555555229,4,False,58,True,False,ExtractTask,False,False,3
1091,11571.5555555229,12,False,33,True,False,ExtractTask,True,False,3
1091,11571.5555555229,13,False,11,True,False,ExtractTask,True,False,4
1091,11571.5555555229,14,False,13,True,False,ExtractTask,False,False,4
1091,11571.5555555229,7,True,-1,False,False,RestTask,True,True,-1
1092,11574.4444444117,1,False,70,True,False,ExtractTask,True,False,2
1092,11574.4444444117,10,False,98,True,False,ExtractTask,True,False,3
1092,11574.4444444117,11,True,-1,False,False,RestTask,True,True,-1
1092,11574.4444444117,3,False,76,True,False,ExtractTask,True,False,4
1092,11574.4444444117,5,True,-1,False,False,RestTask,True,True,-1
1092,11574.4444444117,4,False,58,True,False,ExtractTask,False,False,3
1092,11574.4444444117,12,False,33,True,False,ExtractTask,True,False,3
1092,11574.4444444117,13,False,11,True,False,ExtractTask,True,False,4
1092,11574.4444444117,14,False,13,True,False,ExtractTask,False,False,4
1092,11574.4444444117,7,True,-1,False,False,RestTask,True,True,-1
1093,11574.4888888562,1,False,70,True,False,ExtractTask,True,False,2
1093,11574.4888888562,10,False,98,True,False,ExtractTask,True,False,3
1093,11574.4888888562,11,True,-1,True,True,RestTask,True,False,-1
1093,11574.4888888562,3,False,76,True,False,ExtractTask,True,False,4
1093,11574.4888888562,5,True,-1,False,False,RestTask,True,True,-1
1093,11574.4888888562,4,False,58,True,False,ExtractTask,False,False,3
1093,11574.4888888562,12,False,33,True,False,ExtractTask,True,False,3
1093,11574.4888888562,13,False,11,True,False,ExtractTask,True,False,4
1093,11574.4888888562,14,False,13,True,False,ExtractTask,False,False,4
1093,11574.4888888562,7,True,-1,False,False,RestTask,True,True,-1
1094,11581.6444444116,1,False,70,True,False,ExtractTask,True,False,2
1094,11581.6444444116,10,False,98,True,False,ExtractTask,True,False,3
1094,11581.6444444116,11,True,-1,True,False,ExtractTask,False,False,-1
1094,11581.6444444116,3,False,76,True,False,ExtractTask,True,False,4
1094,11581.6444444116,5,True,-1,False,False,RestTask,True,True,-1
1094,11581.6444444116,4,False,58,True,False,ExtractTask,False,False,3
1094,11581.6444444116,12,False,33,True,False,ExtractTask,True,False,3
1094,11581.6444444116,13,False,11,True,False,ExtractTask,True,False,4
1094,11581.6444444116,14,False,13,True,False,ExtractTask,False,False,4
1094,11581.6444444116,7,True,-1,False,False,RestTask,True,True,-1
1095,11581.6888888561,1,False,70,True,False,ExtractTask,True,False,2
1095,11581.6888888561,10,False,98,True,False,ExtractTask,True,False,3
1095,11581.6888888561,11,True,-1,True,False,ExtractTask,False,False,-1
1095,11581.6888888561,3,False,76,True,False,ExtractTask,True,False,4
1095,11581.6888888561,5,True,-1,False,False,RestTask,True,True,-1
1095,11581.6888888561,4,False,58,True,False,ExtractTask,False,False,3
1095,11581.6888888561,12,False,33,True,False,ExtractTask,True,False,3
1095,11581.6888888561,13,False,11,True,False,ExtractTask,True,False,4
1095,11581.6888888561,14,False,13,True,False,ExtractTask,False,False,4
1095,11581.6888888561,7,True,-1,False,False,RestTask,True,True,-1
1096,11604.6222221891,1,False,70,True,False,ExtractTask,True,False,2
1096,11604.6222221891,10,False,98,True,False,ExtractTask,True,False,3
1096,11604.6222221891,11,False,86,True,False,ExtractTask,False,False,2
1096,11604.6222221891,3,False,76,True,False,ExtractTask,True,False,4
1096,11604.6222221891,5,True,-1,False,False,RestTask,True,True,-1
1096,11604.6222221891,4,False,58,True,False,ExtractTask,True,False,3
1096,11604.6222221891,12,False,33,True,False,ExtractTask,True,False,3
1096,11604.6222221891,13,False,11,True,False,ExtractTask,True,False,4
1096,11604.6222221891,14,False,13,True,False,ExtractTask,True,False,4
1096,11604.6222221891,7,True,-1,False,False,RestTask,True,True,-1
1097,11604.6666666335,1,False,70,True,False,ExtractTask,True,False,2
1097,11604.6666666335,10,False,98,True,False,ExtractTask,True,False,2
1097,11604.6666666335,11,False,86,True,False,ExtractTask,False,False,2
1097,11604.6666666335,3,False,76,True,False,ExtractTask,True,False,4
1097,11604.6666666335,5,True,-1,False,False,RestTask,True,True,-1
1097,11604.6666666335,4,False,58,True,False,ExtractTask,True,False,3
1097,11604.6666666335,12,False,33,True,False,ExtractTask,True,False,3
1097,11604.6666666335,13,False,11,True,False,ExtractTask,True,False,4
1097,11604.6666666335,14,False,13,True,False,ExtractTask,True,False,4
1097,11604.6666666335,7,True,-1,False,False,RestTask,True,True,-1
1098,11621.8666666333,1,True,-1,False,False,RestTask,False,True,-1
1098,11621.8666666333,10,False,98,True,False,ParkPodTask,False,False,1
1098,11621.8666666333,11,False,86,True,False,ExtractTask,True,False,2
1098,11621.8666666333,3,False,76,True,False,ExtractTask,False,False,4
1098,11621.8666666333,5,True,-1,False,False,RestTask,True,True,-1
1098,11621.8666666333,4,False,58,True,False,ExtractTask,True,False,3
1098,11621.8666666333,12,False,33,True,False,ExtractTask,True,False,3
1098,11621.8666666333,13,False,11,True,False,ExtractTask,True,False,4
1098,11621.8666666333,14,False,13,True,False,ExtractTask,True,False,4
1098,11621.8666666333,7,True,-1,False,False,RestTask,True,True,-1
1099,11624.7555555221,1,True,-1,False,False,RestTask,False,True,-1
1099,11624.7555555221,10,False,98,True,False,ParkPodTask,False,False,1
1099,11624.7555555221,11,False,86,True,False,ExtractTask,False,False,2
1099,11624.7555555221,3,False,76,True,False,ExtractTask,True,False,4
1099,11624.7555555221,5,True,-1,False,False,RestTask,True,True,-1
1099,11624.7555555221,4,False,58,True,False,ExtractTask,True,False,3
1099,11624.7555555221,12,False,33,True,False,ExtractTask,True,False,3
1099,11624.7555555221,13,False,11,True,False,ExtractTask,True,False,4
1099,11624.7555555221,14,False,13,True,False,ExtractTask,True,False,4
1099,11624.7555555221,7,True,-1,False,False,RestTask,True,True,-1
1100,11631.955555522,1,True,-1,False,False,RestTask,True,True,-1
1100,11631.955555522,10,True,-1,False,False,RestTask,False,True,-1
1100,11631.955555522,11,False,86,True,False,ExtractTask,True,False,2
1100,11631.955555522,3,False,76,True,False,ExtractTask,True,False,3
1100,11631.955555522,5,True,-1,False,False,RestTask,True,True,-1
1100,11631.955555522,4,False,58,True,False,ExtractTask,True,False,3
1100,11631.955555522,12,False,33,True,False,ExtractTask,True,False,3
1100,11631.955555522,13,False,11,True,False,ExtractTask,True,False,4
1100,11631.955555522,14,False,13,True,False,ExtractTask,True,False,4
1100,11631.955555522,7,True,-1,False,False,RestTask,True,True,-1
1101,11634.8444444108,1,True,-1,False,False,RestTask,True,True,-1
1101,11634.8444444108,10,True,-1,False,False,RestTask,False,True,-1
1101,11634.8444444108,11,False,86,True,False,ExtractTask,True,False,2
1101,11634.8444444108,3,False,76,True,False,ExtractTask,True,False,3
1101,11634.8444444108,5,True,-1,False,False,RestTask,True,True,-1
1101,11634.8444444108,4,False,58,True,False,ExtractTask,True,False,3
1101,11634.8444444108,12,False,33,True,False,ExtractTask,True,False,3
1101,11634.8444444108,13,False,11,True,False,ExtractTask,True,False,3
1101,11634.8444444108,14,False,13,True,False,ExtractTask,True,False,4
1101,11634.8444444108,7,True,-1,False,False,RestTask,True,True,-1
1102,11652.088888855,1,True,-1,False,False,RestTask,True,True,-1
1102,11652.088888855,10,True,-1,False,False,RestTask,True,True,-1
1102,11652.088888855,11,False,86,True,False,ExtractTask,True,False,2
1102,11652.088888855,3,False,76,True,False,ExtractTask,True,False,3
1102,11652.088888855,5,False,6,True,False,ExtractTask,False,False,3
1102,11652.088888855,4,False,58,True,False,ExtractTask,True,False,3
1102,11652.088888855,12,False,33,True,False,ExtractTask,True,False,3
1102,11652.088888855,13,False,11,True,False,ExtractTask,True,False,3
1102,11652.088888855,14,False,13,True,False,ExtractTask,True,False,4
1102,11652.088888855,7,True,-1,False,False,RestTask,True,True,-1
1103,11654.9777777439,1,True,-1,False,False,RestTask,True,True,-1
1103,11654.9777777439,10,True,-1,False,False,RestTask,True,True,-1
1103,11654.9777777439,11,False,86,True,False,ExtractTask,True,False,2
1103,11654.9777777439,3,False,76,True,False,ExtractTask,True,False,3
1103,11654.9777777439,5,False,6,True,False,ExtractTask,False,False,3
1103,11654.9777777439,4,False,58,True,False,ExtractTask,True,False,3
1103,11654.9777777439,12,False,33,True,False,ExtractTask,True,False,3
1103,11654.9777777439,13,False,11,True,False,ExtractTask,True,False,3
1103,11654.9777777439,14,False,13,True,False,ExtractTask,True,False,4
1103,11654.9777777439,7,True,-1,False,False,RestTask,True,True,-1
1104,11672.2222221881,1,True,-1,False,False,RestTask,True,True,-1
1104,11672.2222221881,10,True,-1,False,False,RestTask,True,True,-1
1104,11672.2222221881,11,False,86,True,False,ExtractTask,True,False,2
1104,11672.2222221881,3,False,76,True,False,ExtractTask,True,False,3
1104,11672.2222221881,5,False,6,True,False,ExtractTask,True,False,3
1104,11672.2222221881,4,False,58,True,False,ExtractTask,True,False,3
1104,11672.2222221881,12,False,33,True,False,ExtractTask,True,False,3
1104,11672.2222221881,13,False,11,True,False,ExtractTask,True,False,3
1104,11672.2222221881,14,False,13,True,False,ExtractTask,True,False,4
1104,11672.2222221881,7,True,-1,False,False,RestTask,True,True,-1
1105,11672.2666666325,1,True,-1,False,False,RestTask,True,True,-1
1105,11672.2666666325,10,True,-1,False,False,RestTask,True,True,-1
1105,11672.2666666325,11,False,86,True,False,ExtractTask,True,False,2
1105,11672.2666666325,3,False,76,True,False,ExtractTask,True,False,3
1105,11672.2666666325,5,False,6,True,False,ExtractTask,True,False,3
1105,11672.2666666325,4,False,58,True,False,ExtractTask,True,False,3
1105,11672.2666666325,12,False,33,True,False,ExtractTask,True,False,3
1105,11672.2666666325,13,False,11,True,False,ExtractTask,True,False,3
1105,11672.2666666325,14,False,13,True,False,ExtractTask,True,False,4
1105,11672.2666666325,7,True,-1,False,False,RestTask,True,True,-1
1106,11685.1555555212,1,True,-1,False,False,RestTask,True,True,-1
1106,11685.1555555212,10,True,-1,False,False,RestTask,True,True,-1
1106,11685.1555555212,11,False,86,True,False,ExtractTask,True,False,2
1106,11685.1555555212,3,False,76,True,False,ExtractTask,True,False,3
1106,11685.1555555212,5,False,6,True,False,ExtractTask,True,False,3
1106,11685.1555555212,4,False,58,True,False,ExtractTask,True,False,3
1106,11685.1555555212,12,False,33,True,False,ExtractTask,True,False,3
1106,11685.1555555212,13,False,11,True,False,ExtractTask,True,False,3
1106,11685.1555555212,14,False,13,True,False,ExtractTask,True,False,4
1106,11685.1555555212,7,True,-1,False,False,RestTask,True,True,-1
1107,11685.1999999657,1,True,-1,False,False,RestTask,True,True,-1
1107,11685.1999999657,10,True,-1,False,False,RestTask,True,True,-1
1107,11685.1999999657,11,False,86,True,False,ExtractTask,True,False,2
1107,11685.1999999657,3,False,76,True,False,ExtractTask,True,False,3
1107,11685.1999999657,5,False,6,True,False,ExtractTask,True,False,3
1107,11685.1999999657,4,False,58,True,False,ExtractTask,True,False,3
1107,11685.1999999657,12,False,33,True,False,ExtractTask,True,False,3
1107,11685.1999999657,13,False,11,True,False,ExtractTask,True,False,3
1107,11685.1999999657,14,False,13,True,False,ExtractTask,True,False,4
1107,11685.1999999657,7,True,-1,False,False,RestTask,True,True,-1
1108,11692.3555555211,1,True,-1,False,False,RestTask,True,True,-1
1108,11692.3555555211,10,True,-1,False,False,RestTask,True,True,-1
1108,11692.3555555211,11,False,86,True,False,ExtractTask,True,False,2
1108,11692.3555555211,3,False,76,True,False,ExtractTask,True,False,3
1108,11692.3555555211,5,False,6,True,False,ExtractTask,True,False,3
1108,11692.3555555211,4,False,58,True,False,ExtractTask,True,False,3
1108,11692.3555555211,12,False,33,True,False,ExtractTask,True,False,3
1108,11692.3555555211,13,False,11,True,False,ExtractTask,True,False,3
1108,11692.3555555211,14,False,13,True,False,ExtractTask,True,False,4
1108,11692.3555555211,7,True,-1,False,False,RestTask,True,True,-1
1109,11692.3999999656,1,True,-1,False,False,RestTask,True,True,-1
1109,11692.3999999656,10,True,-1,False,False,RestTask,True,True,-1
1109,11692.3999999656,11,False,86,True,False,ExtractTask,True,False,2
1109,11692.3999999656,3,False,76,True,False,ExtractTask,True,False,3
1109,11692.3999999656,5,False,6,True,False,ExtractTask,True,False,3
1109,11692.3999999656,4,False,58,True,False,ExtractTask,True,False,3
1109,11692.3999999656,12,False,33,True,False,ExtractTask,True,False,3
1109,11692.3999999656,13,False,11,True,False,ExtractTask,True,False,2
1109,11692.3999999656,14,False,13,True,False,ExtractTask,True,False,4
1109,11692.3999999656,7,True,-1,False,False,RestTask,True,True,-1
1110,11702.4444444099,1,True,-1,False,False,RestTask,True,True,-1
1110,11702.4444444099,10,True,-1,False,False,RestTask,True,True,-1
1110,11702.4444444099,11,False,86,True,False,ExtractTask,True,False,2
1110,11702.4444444099,3,False,76,True,False,ExtractTask,True,False,2
1110,11702.4444444099,5,False,6,True,False,ExtractTask,True,False,3
1110,11702.4444444099,4,False,58,True,False,ExtractTask,True,False,3
1110,11702.4444444099,12,False,33,True,False,ExtractTask,True,False,3
1110,11702.4444444099,13,False,11,True,False,ParkPodTask,False,False,2
1110,11702.4444444099,14,False,13,True,False,ExtractTask,True,False,4
1110,11702.4444444099,7,True,-1,False,False,RestTask,True,True,-1
1111,11702.4888888543,1,True,-1,False,False,RestTask,True,True,-1
1111,11702.4888888543,10,True,-1,True,True,RestTask,True,False,-1
1111,11702.4888888543,11,False,86,True,False,ExtractTask,True,False,2
1111,11702.4888888543,3,False,76,True,False,ExtractTask,True,False,2
1111,11702.4888888543,5,False,6,True,False,ExtractTask,True,False,3
1111,11702.4888888543,4,False,58,True,False,ExtractTask,True,False,3
1111,11702.4888888543,12,False,33,True,False,ExtractTask,True,False,3
1111,11702.4888888543,13,False,11,True,False,ParkPodTask,False,False,2
1111,11702.4888888543,14,False,13,True,False,ExtractTask,True,False,4
1111,11702.4888888543,7,True,-1,False,False,RestTask,True,True,-1
1112,11712.5333332986,1,True,-1,False,False,RestTask,True,True,-1
1112,11712.5333332986,10,True,-1,True,False,ExtractTask,False,False,-1
1112,11712.5333332986,11,False,86,True,False,ExtractTask,True,False,2
1112,11712.5333332986,3,False,76,True,False,ParkPodTask,False,False,1
1112,11712.5333332986,5,False,6,True,False,ExtractTask,True,False,3
1112,11712.5333332986,4,False,58,True,False,ExtractTask,True,False,3
1112,11712.5333332986,12,False,33,True,False,ExtractTask,True,False,3
1112,11712.5333332986,13,True,-1,False,False,ParkPodTask,True,True,-1
1112,11712.5333332986,14,False,13,True,False,ExtractTask,True,False,4
1112,11712.5333332986,7,True,-1,False,False,RestTask,True,True,-1
1113,11712.577777743,1,True,-1,False,False,RestTask,True,True,-1
1113,11712.577777743,10,True,-1,True,False,ExtractTask,False,False,-1
1113,11712.577777743,11,False,86,True,False,ExtractTask,False,False,2
1113,11712.577777743,3,False,76,True,False,ParkPodTask,False,False,1
1113,11712.577777743,5,False,6,True,False,ExtractTask,True,False,3
1113,11712.577777743,4,False,58,True,False,ExtractTask,True,False,3
1113,11712.577777743,12,False,33,True,False,ExtractTask,True,False,3
1113,11712.577777743,13,True,-1,False,False,ParkPodTask,True,True,-1
1113,11712.577777743,14,False,13,True,False,ExtractTask,True,False,4
1113,11712.577777743,7,True,-1,True,True,RestTask,True,False,-1
1114,11715.3333332986,1,True,-1,False,False,RestTask,True,True,-1
1114,11715.3333332986,10,False,55,True,False,ExtractTask,True,False,3
1114,11715.3333332986,11,False,86,True,False,ExtractTask,True,False,2
1114,11715.3333332986,3,False,76,True,False,ParkPodTask,False,False,1
1114,11715.3333332986,5,False,6,True,False,ExtractTask,False,False,3
1114,11715.3333332986,4,False,58,True,False,ExtractTask,True,False,3
1114,11715.3333332986,12,False,33,True,False,ExtractTask,True,False,3
1114,11715.3333332986,13,True,-1,False,False,RestTask,False,True,-1
1114,11715.3333332986,14,False,13,True,False,ExtractTask,True,False,4
1114,11715.3333332986,7,True,-1,True,True,RestTask,True,False,-1
1115,11725.4222221873,1,True,-1,False,False,RestTask,True,True,-1
1115,11725.4222221873,10,False,55,True,False,ExtractTask,False,False,3
1115,11725.4222221873,11,False,86,True,False,ExtractTask,True,False,2
1115,11725.4222221873,3,True,-1,False,False,RestTask,True,True,-1
1115,11725.4222221873,5,False,6,True,False,ExtractTask,True,False,3
1115,11725.4222221873,4,False,58,True,False,ExtractTask,True,False,3
1115,11725.4222221873,12,False,33,True,False,ExtractTask,True,False,3
1115,11725.4222221873,13,True,-1,True,False,ExtractTask,False,False,-1
1115,11725.4222221873,14,False,13,True,False,ExtractTask,True,False,4
1115,11725.4222221873,7,False,73,True,False,ExtractTask,False,False,4
1116,11742.7111110759,1,True,-1,False,False,RestTask,True,True,-1
1116,11742.7111110759,10,False,55,True,False,ExtractTask,True,False,3
1116,11742.7111110759,11,False,86,True,False,ExtractTask,True,False,2
1116,11742.7111110759,3,True,-1,False,False,RestTask,True,True,-1
1116,11742.7111110759,5,False,6,True,False,ExtractTask,True,False,3
1116,11742.7111110759,4,False,58,True,False,ExtractTask,True,False,3
1116,11742.7111110759,12,False,33,True,False,ExtractTask,True,False,3
1116,11742.7111110759,13,False,36,True,False,ExtractTask,False,False,3
1116,11742.7111110759,14,False,13,True,False,ExtractTask,True,False,4
1116,11742.7111110759,7,False,73,True,False,ExtractTask,False,False,4
1117,11745.5555555203,1,True,-1,False,False,RestTask,True,True,-1
1117,11745.5555555203,10,False,55,True,False,ExtractTask,True,False,3
1117,11745.5555555203,11,False,86,True,False,ExtractTask,True,False,2
1117,11745.5555555203,3,True,-1,False,False,RestTask,True,True,-1
1117,11745.5555555203,5,False,6,True,False,ExtractTask,True,False,3
1117,11745.5555555203,4,False,58,True,False,ExtractTask,True,False,3
1117,11745.5555555203,12,False,33,True,False,ExtractTask,True,False,3
1117,11745.5555555203,13,False,36,True,False,ExtractTask,False,False,3
1117,11745.5555555203,14,False,13,True,False,ExtractTask,True,False,4
1117,11745.5555555203,7,False,73,True,False,ExtractTask,False,False,4
1118,11745.5999999648,1,True,-1,False,False,RestTask,True,True,-1
1118,11745.5999999648,10,False,55,True,False,ExtractTask,True,False,3
1118,11745.5999999648,11,False,86,True,False,ExtractTask,True,False,2
1118,11745.5999999648,3,True,-1,False,False,RestTask,True,True,-1
1118,11745.5999999648,5,False,6,True,False,ExtractTask,True,False,3
1118,11745.5999999648,4,False,58,True,False,ExtractTask,True,False,3
1118,11745.5999999648,12,False,33,True,False,ExtractTask,True,False,3
1118,11745.5999999648,13,False,36,True,False,ExtractTask,False,False,3
1118,11745.5999999648,14,False,13,True,False,ExtractTask,True,False,4
1118,11745.5999999648,7,False,73,True,False,ExtractTask,False,False,4
1119,11752.7999999647,1,True,-1,False,False,RestTask,True,True,-1
1119,11752.7999999647,10,False,55,True,False,ExtractTask,True,False,3
1119,11752.7999999647,11,False,86,True,False,ExtractTask,True,False,2
1119,11752.7999999647,3,True,-1,False,False,RestTask,True,True,-1
1119,11752.7999999647,5,False,6,True,False,ExtractTask,True,False,3
1119,11752.7999999647,4,False,58,True,False,ExtractTask,True,False,3
1119,11752.7999999647,12,False,33,True,False,ExtractTask,True,False,3
1119,11752.7999999647,13,False,36,True,False,ExtractTask,True,False,3
1119,11752.7999999647,14,False,13,True,False,ExtractTask,True,False,4
1119,11752.7999999647,7,False,73,True,False,ExtractTask,True,False,4
1120,11752.8444444091,1,True,-1,False,False,RestTask,True,True,-1
1120,11752.8444444091,10,False,55,True,False,ExtractTask,True,False,3
1120,11752.8444444091,11,False,86,True,False,ExtractTask,True,False,2
1120,11752.8444444091,3,True,-1,False,False,RestTask,True,True,-1
1120,11752.8444444091,5,False,6,True,False,ExtractTask,True,False,3
1120,11752.8444444091,4,False,58,True,False,ExtractTask,True,False,3
1120,11752.8444444091,12,False,33,True,False,ExtractTask,True,False,3
1120,11752.8444444091,13,False,36,True,False,ExtractTask,True,False,3
1120,11752.8444444091,14,False,13,True,False,ExtractTask,True,False,4
1120,11752.8444444091,7,False,73,True,False,ExtractTask,True,False,4
1121,11754.7999999646,1,True,-1,False,False,RestTask,True,True,-1
1121,11754.7999999646,10,False,55,True,False,ExtractTask,True,False,3
1121,11754.7999999646,11,False,86,True,False,ExtractTask,True,False,2
1121,11754.7999999646,3,True,-1,False,False,RestTask,True,True,-1
1121,11754.7999999646,5,False,6,True,False,ExtractTask,True,False,3
1121,11754.7999999646,4,False,58,True,False,ExtractTask,True,False,3
1121,11754.7999999646,12,False,33,True,False,ExtractTask,True,False,3
1121,11754.7999999646,13,False,36,True,False,ExtractTask,True,False,3
1121,11754.7999999646,14,False,13,True,False,ExtractTask,True,False,4
1121,11754.7999999646,7,False,73,True,False,ExtractTask,True,False,4
1122,11764.8444444089,1,True,-1,False,False,RestTask,True,True,-1
1122,11764.8444444089,10,False,55,True,False,ExtractTask,True,False,3
1122,11764.8444444089,11,False,86,True,False,ExtractTask,True,False,2
1122,11764.8444444089,3,True,-1,False,False,RestTask,True,True,-1
1122,11764.8444444089,5,False,6,True,False,ExtractTask,True,False,3
1122,11764.8444444089,4,False,58,True,False,ExtractTask,True,False,3
1122,11764.8444444089,12,False,33,True,False,ExtractTask,True,False,3
1122,11764.8444444089,13,False,36,True,False,ExtractTask,True,False,3
1122,11764.8444444089,14,False,13,True,False,ExtractTask,True,False,4
1122,11764.8444444089,7,False,73,True,False,ExtractTask,True,False,4
1123,11766.9333332978,1,True,-1,False,False,RestTask,True,True,-1
1123,11766.9333332978,10,False,55,True,False,ExtractTask,True,False,3
1123,11766.9333332978,11,False,86,True,False,ExtractTask,True,False,2
1123,11766.9333332978,3,True,-1,False,False,RestTask,True,True,-1
1123,11766.9333332978,5,False,6,True,False,ExtractTask,True,False,3
1123,11766.9333332978,4,False,58,True,False,ExtractTask,True,False,3
1123,11766.9333332978,12,False,33,True,False,ExtractTask,True,False,3
1123,11766.9333332978,13,False,36,True,False,ExtractTask,True,False,3
1123,11766.9333332978,14,False,13,True,False,ExtractTask,True,False,4
1123,11766.9333332978,7,False,73,True,False,ExtractTask,True,False,4
1124,11774.8888888532,1,True,-1,False,False,RestTask,True,True,-1
1124,11774.8888888532,10,False,55,True,False,ExtractTask,True,False,3
1124,11774.8888888532,11,False,86,True,False,ExtractTask,True,False,2
1124,11774.8888888532,3,True,-1,False,False,RestTask,True,True,-1
1124,11774.8888888532,5,False,6,True,False,ExtractTask,True,False,3
1124,11774.8888888532,4,False,58,True,False,ExtractTask,True,False,3
1124,11774.8888888532,12,False,33,True,False,ExtractTask,True,False,3
1124,11774.8888888532,13,False,36,True,False,ExtractTask,True,False,3
1124,11774.8888888532,14,False,13,True,False,ExtractTask,True,False,4
1124,11774.8888888532,7,False,73,True,False,ExtractTask,True,False,4
1125,11776.9777777421,1,True,-1,False,False,RestTask,True,True,-1
1125,11776.9777777421,10,False,55,True,False,ExtractTask,True,False,3
1125,11776.9777777421,11,False,86,True,False,ExtractTask,True,False,2
1125,11776.9777777421,3,True,-1,False,False,RestTask,True,True,-1
1125,11776.9777777421,5,False,6,True,False,ExtractTask,True,False,3
1125,11776.9777777421,4,False,58,True,False,ExtractTask,True,False,3
1125,11776.9777777421,12,False,33,True,False,ExtractTask,True,False,3
1125,11776.9777777421,13,False,36,True,False,ExtractTask,True,False,3
1125,11776.9777777421,14,False,13,True,False,ExtractTask,True,False,4
1125,11776.9777777421,7,False,73,True,False,ExtractTask,True,False,4
1126,11789.1555555197,1,True,-1,False,False,RestTask,True,True,-1
1126,11789.1555555197,10,False,55,True,False,ExtractTask,True,False,3
1126,11789.1555555197,11,False,86,True,False,ExtractTask,True,False,2
1126,11789.1555555197,3,True,-1,False,False,RestTask,True,True,-1
1126,11789.1555555197,5,False,6,True,False,ExtractTask,True,False,3
1126,11789.1555555197,4,False,58,True,False,ExtractTask,True,False,3
1126,11789.1555555197,12,False,33,True,False,ExtractTask,True,False,2
1126,11789.1555555197,13,False,36,True,False,ExtractTask,True,False,3
1126,11789.1555555197,14,False,13,True,False,ExtractTask,True,False,4
1126,11789.1555555197,7,False,73,True,False,ExtractTask,True,False,4
1127,11791.2444444086,1,True,-1,False,False,RestTask,True,True,-1
1127,11791.2444444086,10,False,55,True,False,ExtractTask,True,False,3
1127,11791.2444444086,11,False,86,True,False,ExtractTask,True,False,2
1127,11791.2444444086,3,True,-1,False,False,RestTask,True,True,-1
1127,11791.2444444086,5,False,6,True,False,ExtractTask,True,False,3
1127,11791.2444444086,4,False,58,True,False,ExtractTask,True,False,3
1127,11791.2444444086,12,False,33,True,False,ExtractTask,True,False,2
1127,11791.2444444086,13,False,36,True,False,ExtractTask,True,False,3
1127,11791.2444444086,14,False,13,True,False,ExtractTask,True,False,4
1127,11791.2444444086,7,False,73,True,False,ExtractTask,True,False,4
1128,11795.8222221863,1,True,-1,False,False,RestTask,True,True,-1
1128,11795.8222221863,10,False,55,True,False,ExtractTask,True,False,3
1128,11795.8222221863,11,False,86,True,False,ExtractTask,True,False,2
1128,11795.8222221863,3,True,-1,False,False,RestTask,True,True,-1
1128,11795.8222221863,5,False,6,True,False,ExtractTask,True,False,3
1128,11795.8222221863,4,False,58,True,False,ExtractTask,True,False,2
1128,11795.8222221863,12,False,33,True,False,ExtractTask,True,False,2
1128,11795.8222221863,13,False,36,True,False,ExtractTask,True,False,3
1128,11795.8222221863,14,False,13,True,False,ExtractTask,True,False,4
1128,11795.8222221863,7,False,73,True,False,ExtractTask,True,False,4
1129,11805.911111075,1,True,-1,False,False,RestTask,True,True,-1
1129,11805.911111075,10,False,55,True,False,ExtractTask,True,False,3
1129,11805.911111075,11,False,86,True,False,ExtractTask,True,False,2
1129,11805.911111075,3,True,-1,False,False,RestTask,True,True,-1
1129,11805.911111075,5,False,6,True,False,ExtractTask,True,False,3
1129,11805.911111075,4,True,-1,False,False,ParkPodTask,True,True,-1
1129,11805.911111075,12,False,33,True,False,ParkPodTask,False,False,2
1129,11805.911111075,13,False,36,True,False,ExtractTask,False,False,3
1129,11805.911111075,14,False,13,True,False,ExtractTask,True,False,4
1129,11805.911111075,7,False,73,True,False,ExtractTask,True,False,4
1130,11813.1111110749,1,True,-1,False,False,RestTask,True,True,-1
1130,11813.1111110749,10,False,55,True,False,ExtractTask,True,False,3
1130,11813.1111110749,11,False,86,True,False,ExtractTask,True,False,2
1130,11813.1111110749,3,True,-1,True,False,ExtractTask,False,False,-1
1130,11813.1111110749,5,False,6,True,False,ExtractTask,True,False,3
1130,11813.1111110749,4,True,-1,False,False,RestTask,False,True,-1
1130,11813.1111110749,12,True,-1,False,False,RestTask,False,True,-1
1130,11813.1111110749,13,False,36,True,False,ExtractTask,True,False,3
1130,11813.1111110749,14,False,13,True,False,ExtractTask,True,False,4
1130,11813.1111110749,7,False,73,True,False,ExtractTask,True,False,4
1131,11815.9999999638,1,True,-1,False,False,RestTask,True,True,-1
1131,11815.9999999638,10,False,55,True,False,ExtractTask,True,False,3
1131,11815.9999999638,11,False,86,True,False,ExtractTask,True,False,2
1131,11815.9999999638,3,False,65,True,False,ExtractTask,True,False,2
1131,11815.9999999638,5,False,6,True,False,ExtractTask,True,False,3
1131,11815.9999999638,4,True,-1,False,False,RestTask,True,True,-1
1131,11815.9999999638,12,True,-1,False,False,RestTask,False,True,-1
1131,11815.9999999638,13,False,36,True,False,ExtractTask,True,False,3
1131,11815.9999999638,14,False,13,True,False,ExtractTask,True,False,4
1131,11815.9999999638,7,False,73,True,False,ExtractTask,True,False,4
1132,11843.2888888523,1,True,-1,False,False,RestTask,True,True,-1
1132,11843.2888888523,10,False,55,True,False,ExtractTask,True,False,3
1132,11843.2888888523,11,False,86,True,False,ExtractTask,True,False,2
1132,11843.2888888523,3,False,65,True,False,ExtractTask,False,False,2
1132,11843.2888888523,5,False,6,True,False,ExtractTask,True,False,3
1132,11843.2888888523,4,False,85,True,False,ExtractTask,False,False,4
1132,11843.2888888523,12,True,-1,False,False,RestTask,True,True,-1
1132,11843.2888888523,13,False,36,True,False,ExtractTask,True,False,3
1132,11843.2888888523,14,False,13,True,False,ParkPodTask,False,False,4
1132,11843.2888888523,7,False,73,True,False,ExtractTask,True,False,4
1133,11853.377777741,1,False,9,True,False,ExtractTask,False,False,3
1133,11853.377777741,10,False,55,True,False,ExtractTask,True,False,3
1133,11853.377777741,11,False,86,True,False,ExtractTask,True,False,2
1133,11853.377777741,3,False,65,True,False,ExtractTask,True,False,2
1133,11853.377777741,5,False,6,True,False,ExtractTask,True,False,3
1133,11853.377777741,4,False,85,True,False,ExtractTask,True,False,4
1133,11853.377777741,12,True,-1,False,False,RestTask,True,True,-1
1133,11853.377777741,13,False,36,True,False,ExtractTask,True,False,3
1133,11853.377777741,14,True,-1,False,False,RestTask,False,True,-1
1133,11853.377777741,7,False,73,True,False,ExtractTask,True,False,4
1134,11856.2222221854,1,False,9,True,False,ExtractTask,False,False,3
1134,11856.2222221854,10,False,55,True,False,ExtractTask,True,False,3
1134,11856.2222221854,11,False,86,True,False,ExtractTask,True,False,2
1134,11856.2222221854,3,False,65,True,False,ExtractTask,True,False,2
1134,11856.2222221854,5,False,6,True,False,ExtractTask,True,False,3
1134,11856.2222221854,4,False,85,True,False,ExtractTask,True,False,4
1134,11856.2222221854,12,True,-1,False,False,RestTask,True,True,-1
1134,11856.2222221854,13,False,36,True,False,ExtractTask,True,False,3
1134,11856.2222221854,14,True,-1,False,False,RestTask,False,True,-1
1134,11856.2222221854,7,False,73,True,False,ExtractTask,True,False,4
1135,11856.2666666298,1,False,9,True,False,ExtractTask,False,False,3
1135,11856.2666666298,10,False,55,True,False,ExtractTask,True,False,3
1135,11856.2666666298,11,False,86,True,False,ExtractTask,True,False,2
1135,11856.2666666298,3,False,65,True,False,ExtractTask,True,False,2
1135,11856.2666666298,5,False,6,True,False,ExtractTask,True,False,3
1135,11856.2666666298,4,False,85,True,False,ExtractTask,True,False,4
1135,11856.2666666298,12,True,-1,False,False,RestTask,True,True,-1
1135,11856.2666666298,13,False,36,True,False,ExtractTask,True,False,3
1135,11856.2666666298,14,True,-1,False,False,RestTask,False,True,-1
1135,11856.2666666298,7,False,73,True,False,ExtractTask,True,False,4
1136,11861.5111110742,1,False,9,True,False,ExtractTask,False,False,3
1136,11861.5111110742,10,False,55,True,False,ExtractTask,True,False,3
1136,11861.5111110742,11,False,86,True,False,ExtractTask,True,False,2
1136,11861.5111110742,3,False,65,True,False,ExtractTask,True,False,2
1136,11861.5111110742,5,False,6,True,False,ExtractTask,True,False,3
1136,11861.5111110742,4,False,85,True,False,ExtractTask,True,False,4
1136,11861.5111110742,12,True,-1,False,False,RestTask,True,True,-1
1136,11861.5111110742,13,False,36,True,False,ExtractTask,True,False,3
1136,11861.5111110742,14,True,-1,False,False,RestTask,True,True,-1
1136,11861.5111110742,7,False,73,True,False,ExtractTask,True,False,4
1137,11866.3111110741,1,False,9,True,False,ExtractTask,False,False,3
1137,11866.3111110741,10,False,55,True,False,ExtractTask,True,False,3
1137,11866.3111110741,11,False,86,True,False,ExtractTask,True,False,2
1137,11866.3111110741,3,False,65,True,False,ExtractTask,True,False,2
1137,11866.3111110741,5,False,6,True,False,ExtractTask,True,False,3
1137,11866.3111110741,4,False,85,True,False,ExtractTask,True,False,4
1137,11866.3111110741,12,True,-1,False,False,RestTask,True,True,-1
1137,11866.3111110741,13,False,36,True,False,ExtractTask,True,False,3
1137,11866.3111110741,14,True,-1,True,False,ExtractTask,False,False,-1
1137,11866.3111110741,7,False,73,True,False,ExtractTask,True,False,4
1138,11896.4888888515,1,False,9,True,False,ExtractTask,True,False,3
1138,11896.4888888515,10,False,55,True,False,ExtractTask,True,False,3
1138,11896.4888888515,11,False,86,True,False,ExtractTask,True,False,1
1138,11896.4888888515,3,False,65,True,False,ExtractTask,True,False,2
1138,11896.4888888515,5,False,6,True,False,ExtractTask,True,False,3
1138,11896.4888888515,4,False,85,True,False,ExtractTask,True,False,4
1138,11896.4888888515,12,False,23,True,False,ExtractTask,False,False,4
1138,11896.4888888515,13,False,36,True,False,ExtractTask,True,False,3
1138,11896.4888888515,14,False,15,True,False,ExtractTask,True,False,3
1138,11896.4888888515,7,False,73,True,False,ExtractTask,True,False,4
1139,11913.6888888512,1,False,9,True,False,ExtractTask,True,False,3
1139,11913.6888888512,10,True,-1,False,False,RestTask,False,True,-1
1139,11913.6888888512,11,False,86,True,False,ParkPodTask,False,False,1
1139,11913.6888888512,3,False,65,True,False,ExtractTask,True,False,2
1139,11913.6888888512,5,False,6,True,False,ExtractTask,False,False,3
1139,11913.6888888512,4,False,85,True,False,ExtractTask,True,False,4
1139,11913.6888888512,12,False,23,True,False,ExtractTask,True,False,4
1139,11913.6888888512,13,False,36,True,False,ExtractTask,True,False,3
1139,11913.6888888512,14,False,15,True,False,ExtractTask,True,False,3
1139,11913.6888888512,7,False,73,True,False,ExtractTask,True,False,4
1140,11926.6666666288,1,False,9,True,False,ExtractTask,True,False,3
1140,11926.6666666288,10,True,-1,True,False,ExtractTask,False,False,-1
1140,11926.6666666288,11,True,-1,False,False,RestTask,False,True,-1
1140,11926.6666666288,3,False,65,True,False,ExtractTask,True,False,2
1140,11926.6666666288,5,False,6,True,False,ExtractTask,True,False,3
1140,11926.6666666288,4,False,85,True,False,ExtractTask,True,False,4
1140,11926.6666666288,12,False,23,True,False,ExtractTask,True,False,4
1140,11926.6666666288,13,False,36,True,False,ExtractTask,True,False,3
1140,11926.6666666288,14,False,15,True,False,ExtractTask,True,False,3
1140,11926.6666666288,7,False,73,True,False,ExtractTask,True,False,4
1141,11933.8222221843,1,False,9,True,False,ExtractTask,True,False,3
1141,11933.8222221843,10,False,13,True,False,ExtractTask,True,False,4
1141,11933.8222221843,11,True,-1,False,False,RestTask,False,True,-1
1141,11933.8222221843,3,False,65,True,False,ExtractTask,True,False,2
1141,11933.8222221843,5,False,6,True,False,ExtractTask,True,False,3
1141,11933.8222221843,4,False,85,True,False,ExtractTask,True,False,4
1141,11933.8222221843,12,False,23,True,False,ExtractTask,True,False,4
1141,11933.8222221843,13,False,36,True,False,ExtractTask,True,False,3
1141,11933.8222221843,14,False,15,True,False,ExtractTask,True,False,3
1141,11933.8222221843,7,False,73,True,False,ExtractTask,True,False,4
1142,11936.7555555176,1,False,9,True,False,ExtractTask,True,False,3
1142,11936.7555555176,10,False,13,True,False,ExtractTask,False,False,4
1142,11936.7555555176,11,True,-1,False,False,RestTask,False,True,-1
1142,11936.7555555176,3,False,65,True,False,ExtractTask,True,False,2
1142,11936.7555555176,5,False,6,True,False,ExtractTask,True,False,3
1142,11936.7555555176,4,False,85,True,False,ExtractTask,True,False,4
1142,11936.7555555176,12,False,23,True,False,ExtractTask,True,False,4
1142,11936.7555555176,13,False,36,True,False,ExtractTask,True,False,3
1142,11936.7555555176,14,False,15,True,False,ExtractTask,True,False,3
1142,11936.7555555176,7,False,73,True,False,ExtractTask,True,False,4
1143,11946.8444444063,1,False,9,True,False,ExtractTask,True,False,3
1143,11946.8444444063,10,False,13,True,False,ExtractTask,False,False,4
1143,11946.8444444063,11,False,20,True,False,ExtractTask,True,False,2
1143,11946.8444444063,3,False,65,True,False,ExtractTask,True,False,2
1143,11946.8444444063,5,False,6,True,False,ParkPodTask,False,False,3
1143,11946.8444444063,4,False,85,True,False,ExtractTask,True,False,4
1143,11946.8444444063,12,False,23,True,False,ExtractTask,False,False,4
1143,11946.8444444063,13,False,36,True,False,ExtractTask,True,False,3
1143,11946.8444444063,14,False,15,True,False,ExtractTask,True,False,3
1143,11946.8444444063,7,False,73,True,False,ExtractTask,True,False,4
1144,11956.933333295,1,False,9,True,False,ExtractTask,True,False,3
1144,11956.933333295,10,False,13,True,False,ExtractTask,True,False,4
1144,11956.933333295,11,False,20,True,False,ExtractTask,False,False,2
1144,11956.933333295,3,False,65,True,False,ExtractTask,True,False,2
1144,11956.933333295,5,True,-1,False,False,RestTask,False,True,-1
1144,11956.933333295,4,False,85,True,False,ExtractTask,True,False,4
1144,11956.933333295,12,False,23,True,False,ExtractTask,True,False,4
1144,11956.933333295,13,False,36,True,False,ParkPodTask,False,False,3
1144,11956.933333295,14,False,15,True,False,ExtractTask,True,False,3
1144,11956.933333295,7,False,73,True,False,ExtractTask,True,False,4
1145,11967.0222221838,1,False,9,True,False,ExtractTask,True,False,3
1145,11967.0222221838,10,False,13,True,False,ExtractTask,True,False,4
1145,11967.0222221838,11,False,20,True,False,ExtractTask,False,False,2
1145,11967.0222221838,3,False,65,True,False,ExtractTask,True,False,2
1145,11967.0222221838,5,True,-1,True,True,RestTask,True,False,-1
1145,11967.0222221838,4,False,85,True,False,ExtractTask,True,False,4
1145,11967.0222221838,12,False,23,True,False,ExtractTask,True,False,4
1145,11967.0222221838,13,True,-1,False,False,RestTask,False,True,-1
1145,11967.0222221838,14,False,15,True,False,ExtractTask,True,False,3
1145,11967.0222221838,7,False,73,True,False,ExtractTask,True,False,4
1146,11974.0444444059,1,False,9,True,False,ExtractTask,True,False,3
1146,11974.0444444059,10,False,13,True,False,ExtractTask,True,False,4
1146,11974.0444444059,11,False,20,True,False,ExtractTask,False,False,2
1146,11974.0444444059,3,False,65,True,False,ExtractTask,True,False,2
1146,11974.0444444059,5,True,-1,True,False,ExtractTask,False,False,-1
1146,11974.0444444059,4,False,85,True,False,ExtractTask,True,False,4
1146,11974.0444444059,12,False,23,True,False,ExtractTask,True,False,4
1146,11974.0444444059,13,True,-1,False,False,RestTask,False,True,-1
1146,11974.0444444059,14,False,15,True,False,ExtractTask,True,False,3
1146,11974.0444444059,7,False,73,True,False,ExtractTask,True,False,4
1147,11987.1555555168,1,False,9,True,False,ExtractTask,True,False,3
1147,11987.1555555168,10,False,13,True,False,ExtractTask,True,False,4
1147,11987.1555555168,11,False,20,True,False,ExtractTask,True,False,2
1147,11987.1555555168,3,False,65,True,False,ExtractTask,True,False,2
1147,11987.1555555168,5,False,98,True,False,ExtractTask,False,False,1
1147,11987.1555555168,4,False,85,True,False,ExtractTask,True,False,4
1147,11987.1555555168,12,False,23,True,False,ExtractTask,True,False,4
1147,11987.1555555168,13,True,-1,False,False,RestTask,True,True,-1
1147,11987.1555555168,14,False,15,True,False,ExtractTask,True,False,3
1147,11987.1555555168,7,False,73,True,False,ExtractTask,True,False,4
1148,12004.2222221832,1,False,9,True,False,ExtractTask,True,False,3
1148,12004.2222221832,10,False,13,True,False,ExtractTask,True,False,4
1148,12004.2222221832,11,False,20,True,False,ExtractTask,True,False,2
1148,12004.2222221832,3,False,65,True,False,ExtractTask,True,False,2
1148,12004.2222221832,5,False,98,True,False,ExtractTask,True,False,1
1148,12004.2222221832,4,False,85,True,False,ExtractTask,True,False,4
1148,12004.2222221832,12,False,23,True,False,ExtractTask,True,False,4
1148,12004.2222221832,13,True,-1,False,False,RestTask,True,True,-1
1148,12004.2222221832,14,False,15,True,False,ExtractTask,True,False,3
1148,12004.2222221832,7,False,73,True,False,ExtractTask,True,False,4
1149,12024.3555555163,1,False,9,True,False,ExtractTask,True,False,3
1149,12024.3555555163,10,False,13,True,False,ExtractTask,True,False,4
1149,12024.3555555163,11,False,20,True,False,ExtractTask,True,False,2
1149,12024.3555555163,3,False,65,True,False,ExtractTask,True,False,2
1149,12024.3555555163,5,False,98,True,False,ExtractTask,True,False,1
1149,12024.3555555163,4,False,85,True,False,ExtractTask,True,False,4
1149,12024.3555555163,12,False,23,True,False,ExtractTask,True,False,4
1149,12024.3555555163,13,True,-1,False,False,RestTask,True,True,-1
1149,12024.3555555163,14,False,15,True,False,ExtractTask,False,False,3
1149,12024.3555555163,7,False,73,True,False,ParkPodTask,False,False,2
1150,12034.444444405,1,False,9,True,False,ExtractTask,True,False,3
1150,12034.444444405,10,False,13,True,False,ExtractTask,True,False,4
1150,12034.444444405,11,False,20,True,False,ExtractTask,True,False,2
1150,12034.444444405,3,False,65,True,False,ExtractTask,True,False,2
1150,12034.444444405,5,False,98,True,False,ExtractTask,True,False,1
1150,12034.444444405,4,False,85,True,False,ExtractTask,True,False,3
1150,12034.444444405,12,False,23,True,False,ExtractTask,True,False,4
1150,12034.444444405,13,True,-1,False,False,RestTask,True,True,-1
1150,12034.444444405,14,False,15,True,False,ExtractTask,True,False,3
1150,12034.444444405,7,True,-1,False,False,RestTask,True,True,-1
1151,12047.4666666271,1,False,9,True,False,ExtractTask,True,False,3
1151,12047.4666666271,10,False,13,True,False,ExtractTask,True,False,4
1151,12047.4666666271,11,False,20,True,False,ExtractTask,True,False,2
1151,12047.4666666271,3,True,-1,False,False,ParkPodTask,True,True,-1
1151,12047.4666666271,5,False,98,True,False,ExtractTask,True,False,1
1151,12047.4666666271,4,False,85,True,False,ExtractTask,True,False,3
1151,12047.4666666271,12,False,23,True,False,ExtractTask,True,False,4
1151,12047.4666666271,13,True,-1,False,False,RestTask,True,True,-1
1151,12047.4666666271,14,False,15,True,False,ExtractTask,True,False,3
1151,12047.4666666271,7,True,-1,False,False,RestTask,True,True,-1
1152,12057.5555555158,1,False,9,True,False,ExtractTask,True,False,3
1152,12057.5555555158,10,False,13,True,False,ExtractTask,True,False,4
1152,12057.5555555158,11,False,20,True,False,ExtractTask,True,False,2
1152,12057.5555555158,3,True,-1,False,False,RestTask,False,True,-1
1152,12057.5555555158,5,False,98,True,False,ExtractTask,False,False,1
1152,12057.5555555158,4,False,85,True,False,ParkPodTask,False,False,2
1152,12057.5555555158,12,False,23,True,False,ExtractTask,True,False,4
1152,12057.5555555158,13,True,-1,True,False,ExtractTask,False,False,-1
1152,12057.5555555158,14,False,15,True,False,ExtractTask,True,False,3
1152,12057.5555555158,7,True,-1,False,False,RestTask,True,True,-1
1153,12067.6444444045,1,False,9,True,False,ExtractTask,True,False,3
1153,12067.6444444045,10,False,13,True,False,ExtractTask,True,False,4
1153,12067.6444444045,11,False,20,True,False,ExtractTask,True,False,2
1153,12067.6444444045,3,True,-1,False,False,RestTask,True,True,-1
1153,12067.6444444045,5,False,98,True,False,ExtractTask,True,False,1
1153,12067.6444444045,4,True,-1,False,False,RestTask,False,True,-1
1153,12067.6444444045,12,False,23,True,False,ExtractTask,True,False,4
1153,12067.6444444045,13,False,5,True,False,ExtractTask,False,False,7
1153,12067.6444444045,14,False,15,True,False,ExtractTask,True,False,3
1153,12067.6444444045,7,True,-1,True,False,ExtractTask,False,False,-1
1154,12074.6666666267,1,False,9,True,False,ExtractTask,True,False,3
1154,12074.6666666267,10,False,13,True,False,ExtractTask,True,False,4
1154,12074.6666666267,11,False,20,True,False,ExtractTask,True,False,2
1154,12074.6666666267,3,True,-1,False,False,RestTask,True,True,-1
1154,12074.6666666267,5,False,98,True,False,ExtractTask,True,False,1
1154,12074.6666666267,4,True,-1,False,False,RestTask,False,True,-1
1154,12074.6666666267,12,False,23,True,False,ExtractTask,True,False,4
1154,12074.6666666267,13,False,5,True,False,ExtractTask,False,False,7
1154,12074.6666666267,14,False,15,True,False,ExtractTask,True,False,3
1154,12074.6666666267,7,False,69,True,False,ExtractTask,True,False,2
1155,12074.7111110711,1,False,9,True,False,ExtractTask,True,False,3
1155,12074.7111110711,10,False,13,True,False,ExtractTask,True,False,4
1155,12074.7111110711,11,False,20,True,False,ExtractTask,True,False,2
1155,12074.7111110711,3,True,-1,False,False,RestTask,True,True,-1
1155,12074.7111110711,5,False,98,True,False,ExtractTask,True,False,1
1155,12074.7111110711,4,True,-1,False,False,RestTask,False,True,-1
1155,12074.7111110711,12,False,23,True,False,ExtractTask,True,False,4
1155,12074.7111110711,13,False,5,True,False,ExtractTask,False,False,7
1155,12074.7111110711,14,False,15,True,False,ExtractTask,True,False,3
1155,12074.7111110711,7,False,69,True,False,ExtractTask,True,False,2
1156,12079.5999999599,1,False,9,True,False,ExtractTask,True,False,3
1156,12079.5999999599,10,False,13,True,False,ExtractTask,True,False,4
1156,12079.5999999599,11,False,20,True,False,ExtractTask,True,False,2
1156,12079.5999999599,3,True,-1,False,False,RestTask,True,True,-1
1156,12079.5999999599,5,False,98,True,False,ExtractTask,True,False,1
1156,12079.5999999599,4,True,-1,False,False,RestTask,True,True,-1
1156,12079.5999999599,12,False,23,True,False,ExtractTask,True,False,4
1156,12079.5999999599,13,False,5,True,False,ExtractTask,False,False,7
1156,12079.5999999599,14,False,15,True,False,ExtractTask,True,False,3
1156,12079.5999999599,7,False,69,True,False,ExtractTask,True,False,2
1157,12114.8888888483,1,False,9,True,False,ExtractTask,True,False,3
1157,12114.8888888483,10,False,13,True,False,ExtractTask,True,False,4
1157,12114.8888888483,11,False,20,True,False,ExtractTask,False,False,2
1157,12114.8888888483,3,True,-1,False,False,RestTask,True,True,-1
1157,12114.8888888483,5,False,98,True,False,ExtractTask,True,False,1
1157,12114.8888888483,4,True,-1,False,False,RestTask,True,True,-1
1157,12114.8888888483,12,False,23,True,False,ParkPodTask,False,False,3
1157,12114.8888888483,13,False,5,True,False,ExtractTask,True,False,7
1157,12114.8888888483,14,False,15,True,False,ExtractTask,True,False,3
1157,12114.8888888483,7,False,69,True,False,ExtractTask,True,False,2
1158,12127.9555555148,1,False,9,True,False,ExtractTask,True,False,3
1158,12127.9555555148,10,False,13,True,False,ExtractTask,True,False,4
1158,12127.9555555148,11,False,20,True,False,ParkPodTask,False,False,2
1158,12127.9555555148,3,True,-1,False,False,RestTask,True,True,-1
1158,12127.9555555148,5,False,98,True,False,ExtractTask,True,False,1
1158,12127.9555555148,4,True,-1,False,False,RestTask,True,True,-1
1158,12127.9555555148,12,True,-1,False,False,RestTask,False,True,-1
1158,12127.9555555148,13,False,5,True,False,ExtractTask,True,False,7
1158,12127.9555555148,14,False,15,True,False,ExtractTask,True,False,3
1158,12127.9555555148,7,False,69,True,False,ExtractTask,False,False,2
1159,12135.0222221813,1,False,9,True,False,ExtractTask,True,False,3
1159,12135.0222221813,10,False,13,True,False,ExtractTask,True,False,4
1159,12135.0222221813,11,False,20,True,False,ParkPodTask,False,False,2
1159,12135.0222221813,3,True,-1,False,False,RestTask,True,True,-1
1159,12135.0222221813,5,False,98,True,False,ExtractTask,True,False,1
1159,12135.0222221813,4,True,-1,False,False,RestTask,True,True,-1
1159,12135.0222221813,12,True,-1,False,False,RestTask,False,True,-1
1159,12135.0222221813,13,False,5,True,False,ExtractTask,True,False,7
1159,12135.0222221813,14,False,15,True,False,ExtractTask,True,False,3
1159,12135.0222221813,7,False,69,True,False,ExtractTask,True,False,2
1160,12145.1111110701,1,False,9,True,False,ExtractTask,True,False,3
1160,12145.1111110701,10,False,13,True,False,ExtractTask,True,False,4
1160,12145.1111110701,11,True,-1,False,False,RestTask,True,True,-1
1160,12145.1111110701,3,True,-1,False,False,RestTask,True,True,-1
1160,12145.1111110701,5,False,98,True,False,ExtractTask,True,False,1
1160,12145.1111110701,4,True,-1,False,False,RestTask,True,True,-1
1160,12145.1111110701,12,True,-1,False,False,RestTask,True,True,-1
1160,12145.1111110701,13,False,5,True,False,ExtractTask,True,False,7
1160,12145.1111110701,14,False,15,True,False,ExtractTask,True,False,3
1160,12145.1111110701,7,False,69,True,False,ExtractTask,True,False,2
1161,12148.0888888478,1,False,9,True,False,ExtractTask,True,False,3
1161,12148.0888888478,10,False,13,True,False,ExtractTask,True,False,4
1161,12148.0888888478,11,True,-1,True,True,RestTask,True,False,-1
1161,12148.0888888478,3,True,-1,False,False,RestTask,True,True,-1
1161,12148.0888888478,5,False,98,True,False,ExtractTask,True,False,1
1161,12148.0888888478,4,True,-1,False,False,RestTask,True,True,-1
1161,12148.0888888478,12,True,-1,False,False,RestTask,True,True,-1
1161,12148.0888888478,13,False,5,True,False,ExtractTask,True,False,7
1161,12148.0888888478,14,False,15,True,False,ExtractTask,True,False,3
1161,12148.0888888478,7,False,69,True,False,ExtractTask,True,False,2
1162,12155.1999999588,1,False,9,True,False,ExtractTask,True,False,3
1162,12155.1999999588,10,False,13,True,False,ExtractTask,True,False,4
1162,12155.1999999588,11,True,-1,True,False,ExtractTask,False,False,-1
1162,12155.1999999588,3,True,-1,False,False,RestTask,True,True,-1
1162,12155.1999999588,5,False,98,True,False,ExtractTask,True,False,1
1162,12155.1999999588,4,True,-1,False,False,RestTask,True,True,-1
1162,12155.1999999588,12,True,-1,False,False,RestTask,True,True,-1
1162,12155.1999999588,13,False,5,True,False,ExtractTask,True,False,7
1162,12155.1999999588,14,False,15,True,False,ExtractTask,True,False,3
1162,12155.1999999588,7,False,69,True,False,ExtractTask,True,False,2
1163,12168.2222221809,1,False,9,True,False,ExtractTask,True,False,2
1163,12168.2222221809,10,False,13,True,False,ExtractTask,True,False,4
1163,12168.2222221809,11,False,20,True,False,ExtractTask,False,False,2
1163,12168.2222221809,3,True,-1,False,False,RestTask,True,True,-1
1163,12168.2222221809,5,False,98,True,False,ExtractTask,True,False,1
1163,12168.2222221809,4,True,-1,False,False,RestTask,True,True,-1
1163,12168.2222221809,12,True,-1,False,False,RestTask,True,True,-1
1163,12168.2222221809,13,False,5,True,False,ExtractTask,True,False,7
1163,12168.2222221809,14,False,15,True,False,ExtractTask,True,False,3
1163,12168.2222221809,7,False,69,True,False,ExtractTask,True,False,2
1164,12168.2666666253,1,False,9,True,False,ExtractTask,True,False,2
1164,12168.2666666253,10,False,13,True,False,ExtractTask,True,False,4
1164,12168.2666666253,11,False,20,True,False,ExtractTask,False,False,2
1164,12168.2666666253,3,True,-1,False,False,RestTask,True,True,-1
1164,12168.2666666253,5,False,98,True,False,ExtractTask,True,False,1
1164,12168.2666666253,4,True,-1,False,False,RestTask,True,True,-1
1164,12168.2666666253,12,True,-1,False,False,RestTask,True,True,-1
1164,12168.2666666253,13,False,5,True,False,ExtractTask,True,False,7
1164,12168.2666666253,14,False,15,True,False,ExtractTask,True,False,3
1164,12168.2666666253,7,False,69,True,False,ExtractTask,True,False,2
1165,12195.4222221805,1,True,-1,False,False,RestTask,True,True,-1
1165,12195.4222221805,10,False,13,True,False,ExtractTask,True,False,4
1165,12195.4222221805,11,False,20,True,False,ExtractTask,True,False,2
1165,12195.4222221805,3,True,-1,False,False,RestTask,True,True,-1
1165,12195.4222221805,5,False,98,True,False,ParkPodTask,False,False,0
1165,12195.4222221805,4,True,-1,False,False,RestTask,True,True,-1
1165,12195.4222221805,12,True,-1,False,False,RestTask,True,True,-1
1165,12195.4222221805,13,False,5,True,False,ExtractTask,True,False,7
1165,12195.4222221805,14,False,15,True,False,ExtractTask,True,False,3
1165,12195.4222221805,7,False,69,True,False,ExtractTask,True,False,2
1166,12198.3999999582,1,True,-1,False,False,RestTask,True,True,-1
1166,12198.3999999582,10,False,13,True,False,ExtractTask,True,False,4
1166,12198.3999999582,11,False,20,True,False,ExtractTask,True,False,2
1166,12198.3999999582,3,True,-1,False,False,RestTask,True,True,-1
1166,12198.3999999582,5,True,-1,False,False,RestTask,False,True,-1
1166,12198.3999999582,4,True,-1,False,False,RestTask,True,True,-1
1166,12198.3999999582,12,True,-1,True,False,ExtractTask,False,False,-1
1166,12198.3999999582,13,False,5,True,False,ExtractTask,True,False,7
1166,12198.3999999582,14,False,15,True,False,ExtractTask,True,False,3
1166,12198.3999999582,7,False,69,True,False,ExtractTask,True,False,2
1167,12205.5111110692,1,True,-1,False,False,RestTask,True,True,-1
1167,12205.5111110692,10,False,13,True,False,ExtractTask,True,False,4
1167,12205.5111110692,11,False,20,True,False,ExtractTask,True,False,2
1167,12205.5111110692,3,True,-1,True,False,ExtractTask,False,False,-1
1167,12205.5111110692,5,True,-1,False,False,RestTask,False,True,-1
1167,12205.5111110692,4,True,-1,False,False,RestTask,True,True,-1
1167,12205.5111110692,12,False,24,True,False,ExtractTask,False,False,4
1167,12205.5111110692,13,False,5,True,False,ExtractTask,True,False,7
1167,12205.5111110692,14,False,15,True,False,ExtractTask,True,False,3
1167,12205.5111110692,7,False,69,True,False,ExtractTask,True,False,2
1168,12228.5777777355,1,True,-1,False,False,RestTask,True,True,-1
1168,12228.5777777355,10,False,13,True,False,ExtractTask,True,False,4
1168,12228.5777777355,11,False,20,True,False,ExtractTask,True,False,2
1168,12228.5777777355,3,False,89,True,False,ExtractTask,False,False,3
1168,12228.5777777355,5,True,-1,False,False,RestTask,True,True,-1
1168,12228.5777777355,4,True,-1,False,False,RestTask,True,True,-1
1168,12228.5777777355,12,False,24,True,False,ExtractTask,False,False,4
1168,12228.5777777355,13,False,5,True,False,ExtractTask,True,False,7
1168,12228.5777777355,14,False,15,True,False,ParkPodTask,False,False,2
1168,12228.5777777355,7,False,69,True,False,ExtractTask,True,False,2
1169,12245.7333332908,1,True,-1,False,False,RestTask,True,True,-1
1169,12245.7333332908,10,False,13,True,False,ExtractTask,True,False,4
1169,12245.7333332908,11,False,20,True,False,ExtractTask,True,False,2
1169,12245.7333332908,3,False,89,True,False,ExtractTask,True,False,3
1169,12245.7333332908,5,True,-1,False,False,RestTask,True,True,-1
1169,12245.7333332908,4,True,-1,False,False,RestTask,True,True,-1
1169,12245.7333332908,12,False,24,True,False,ExtractTask,True,False,4
1169,12245.7333332908,13,False,5,True,False,ExtractTask,True,False,7
1169,12245.7333332908,14,True,-1,False,False,RestTask,True,True,-1
1169,12245.7333332908,7,False,69,True,False,ExtractTask,True,False,2
1170,12255.8222221796,1,True,-1,False,False,RestTask,True,True,-1
1170,12255.8222221796,10,False,13,True,False,ExtractTask,True,False,4
1170,12255.8222221796,11,False,20,True,False,ExtractTask,True,False,2
1170,12255.8222221796,3,False,89,True,False,ExtractTask,True,False,3
1170,12255.8222221796,5,True,-1,False,False,RestTask,True,True,-1
1170,12255.8222221796,4,False,35,True,False,ExtractTask,True,False,3
1170,12255.8222221796,12,False,24,True,False,ExtractTask,True,False,4
1170,12255.8222221796,13,False,5,True,False,ExtractTask,True,False,7
1170,12255.8222221796,14,True,-1,False,False,RestTask,True,True,-1
1170,12255.8222221796,7,False,69,True,False,ExtractTask,True,False,2
1171,12278.8444444015,1,True,-1,False,False,RestTask,True,True,-1
1171,12278.8444444015,10,False,13,True,False,ExtractTask,True,False,4
1171,12278.8444444015,11,False,20,True,False,ExtractTask,True,False,2
1171,12278.8444444015,3,False,89,True,False,ExtractTask,True,False,3
1171,12278.8444444015,5,True,-1,False,False,RestTask,True,True,-1
1171,12278.8444444015,4,False,35,True,False,ExtractTask,False,False,3
1171,12278.8444444015,12,False,24,True,False,ExtractTask,True,False,4
1171,12278.8444444015,13,False,5,True,False,ParkPodTask,False,False,7
1171,12278.8444444015,14,True,-1,False,False,RestTask,True,True,-1
1171,12278.8444444015,7,False,69,True,False,ExtractTask,True,False,2
1172,12288.9333332902,1,True,-1,False,False,RestTask,True,True,-1
1172,12288.9333332902,10,False,13,True,False,ExtractTask,True,False,4
1172,12288.9333332902,11,False,20,True,False,ExtractTask,True,False,2
1172,12288.9333332902,3,False,89,True,False,ExtractTask,True,False,3
1172,12288.9333332902,5,True,-1,False,False,RestTask,True,True,-1
1172,12288.9333332902,4,False,35,True,False,ExtractTask,True,False,3
1172,12288.9333332902,12,False,24,True,False,ExtractTask,True,False,4
1172,12288.9333332902,13,True,-1,False,False,RestTask,False,True,-1
1172,12288.9333332902,14,True,-1,False,False,RestTask,True,True,-1
1172,12288.9333332902,7,False,69,True,False,ExtractTask,True,False,2
1173,12299.022222179,1,True,-1,False,False,RestTask,True,True,-1
1173,12299.022222179,10,False,13,True,False,ExtractTask,True,False,3
1173,12299.022222179,11,False,20,True,False,ExtractTask,True,False,2
1173,12299.022222179,3,False,89,True,False,ExtractTask,True,False,3
1173,12299.022222179,5,True,-1,False,False,RestTask,True,True,-1
1173,12299.022222179,4,False,35,True,False,ExtractTask,True,False,3
1173,12299.022222179,12,False,24,True,False,ExtractTask,True,False,4
1173,12299.022222179,13,True,-1,False,False,RestTask,False,True,-1
1173,12299.022222179,14,True,-1,False,False,RestTask,True,True,-1
1173,12299.022222179,7,False,69,True,False,ExtractTask,True,False,2
1174,12309.1111110677,1,True,-1,False,False,RestTask,True,True,-1
1174,12309.1111110677,10,False,13,True,False,ParkPodTask,False,False,3
1174,12309.1111110677,11,False,20,True,False,ExtractTask,True,False,2
1174,12309.1111110677,3,False,89,True,False,ExtractTask,True,False,3
1174,12309.1111110677,5,True,-1,False,False,RestTask,True,True,-1
1174,12309.1111110677,4,False,35,True,False,ExtractTask,True,False,3
1174,12309.1111110677,12,False,24,True,False,ExtractTask,True,False,4
1174,12309.1111110677,13,True,-1,False,False,RestTask,True,True,-1
1174,12309.1111110677,14,True,-1,False,False,RestTask,True,True,-1
1174,12309.1111110677,7,False,69,True,False,ExtractTask,True,False,2
1175,12309.1555555121,1,True,-1,False,False,RestTask,True,True,-1
1175,12309.1555555121,10,False,13,True,False,ParkPodTask,False,False,3
1175,12309.1555555121,11,False,20,True,False,ExtractTask,True,False,2
1175,12309.1555555121,3,False,89,True,False,ExtractTask,True,False,3
1175,12309.1555555121,5,True,-1,False,False,RestTask,True,True,-1
1175,12309.1555555121,4,False,35,True,False,ExtractTask,True,False,3
1175,12309.1555555121,12,False,24,True,False,ExtractTask,True,False,4
1175,12309.1555555121,13,True,-1,True,True,RestTask,True,False,-1
1175,12309.1555555121,14,True,-1,False,False,RestTask,True,True,-1
1175,12309.1555555121,7,False,69,True,False,ExtractTask,True,False,2
1176,12319.1999999564,1,True,-1,False,False,RestTask,True,True,-1
1176,12319.1999999564,10,True,-1,False,False,RestTask,False,True,-1
1176,12319.1999999564,11,False,20,True,False,ExtractTask,True,False,2
1176,12319.1999999564,3,False,89,True,False,ExtractTask,True,False,3
1176,12319.1999999564,5,True,-1,False,False,RestTask,True,True,-1
1176,12319.1999999564,4,False,35,True,False,ExtractTask,True,False,3
1176,12319.1999999564,12,False,24,True,False,ExtractTask,True,False,4
1176,12319.1999999564,13,True,-1,True,False,ExtractTask,False,False,-1
1176,12319.1999999564,14,True,-1,False,False,RestTask,True,True,-1
1176,12319.1999999564,7,False,69,True,False,ExtractTask,True,False,2
1177,12319.2444444009,1,True,-1,False,False,RestTask,True,True,-1
1177,12319.2444444009,10,True,-1,False,False,RestTask,False,True,-1
1177,12319.2444444009,11,False,20,True,False,ExtractTask,True,False,2
1177,12319.2444444009,3,False,89,True,False,ExtractTask,True,False,3
1177,12319.2444444009,5,True,-1,False,False,RestTask,True,True,-1
1177,12319.2444444009,4,False,35,True,False,ExtractTask,True,False,3
1177,12319.2444444009,12,False,24,True,False,ExtractTask,True,False,4
1177,12319.2444444009,13,True,-1,True,False,ExtractTask,False,False,-1
1177,12319.2444444009,14,True,-1,False,False,RestTask,True,True,-1
1177,12319.2444444009,7,False,69,True,False,ExtractTask,True,False,2
1178,12326.1777777341,1,True,-1,False,False,RestTask,True,True,-1
1178,12326.1777777341,10,True,-1,False,False,RestTask,False,True,-1
1178,12326.1777777341,11,False,20,True,False,ExtractTask,True,False,2
1178,12326.1777777341,3,False,89,True,False,ExtractTask,True,False,3
1178,12326.1777777341,5,True,-1,False,False,RestTask,True,True,-1
1178,12326.1777777341,4,False,35,True,False,ExtractTask,True,False,3
1178,12326.1777777341,12,False,24,True,False,ExtractTask,True,False,4
1178,12326.1777777341,13,False,29,True,False,ExtractTask,False,False,2
1178,12326.1777777341,14,True,-1,False,False,RestTask,True,True,-1
1178,12326.1777777341,7,False,69,True,False,ExtractTask,True,False,2
1179,12326.2222221786,1,True,-1,False,False,RestTask,True,True,-1
1179,12326.2222221786,10,True,-1,False,False,RestTask,False,True,-1
1179,12326.2222221786,11,False,20,True,False,ExtractTask,True,False,2
1179,12326.2222221786,3,False,89,True,False,ExtractTask,True,False,3
1179,12326.2222221786,5,True,-1,False,False,RestTask,True,True,-1
1179,12326.2222221786,4,False,35,True,False,ExtractTask,True,False,3
1179,12326.2222221786,12,False,24,True,False,ExtractTask,True,False,4
1179,12326.2222221786,13,False,29,True,False,ExtractTask,False,False,2
1179,12326.2222221786,14,True,-1,False,False,RestTask,True,True,-1
1179,12326.2222221786,7,False,69,True,False,ExtractTask,True,False,2
1180,12339.3333332895,1,True,-1,False,False,RestTask,True,True,-1
1180,12339.3333332895,10,True,-1,False,False,RestTask,True,True,-1
1180,12339.3333332895,11,False,20,True,False,ExtractTask,True,False,2
1180,12339.3333332895,3,False,89,True,False,ExtractTask,True,False,3
1180,12339.3333332895,5,True,-1,False,False,RestTask,True,True,-1
1180,12339.3333332895,4,False,35,True,False,ExtractTask,True,False,3
1180,12339.3333332895,12,False,24,True,False,ExtractTask,True,False,4
1180,12339.3333332895,13,False,29,True,False,ExtractTask,False,False,2
1180,12339.3333332895,14,True,-1,False,False,RestTask,True,True,-1
1180,12339.3333332895,7,False,69,True,False,ExtractTask,True,False,2
1181,12339.3777777339,1,True,-1,False,False,RestTask,True,True,-1
1181,12339.3777777339,10,True,-1,False,False,RestTask,True,True,-1
1181,12339.3777777339,11,False,20,True,False,ExtractTask,True,False,2
1181,12339.3777777339,3,False,89,True,False,ExtractTask,True,False,3
1181,12339.3777777339,5,True,-1,False,False,RestTask,True,True,-1
1181,12339.3777777339,4,False,35,True,False,ExtractTask,True,False,3
1181,12339.3777777339,12,False,24,True,False,ExtractTask,True,False,4
1181,12339.3777777339,13,False,29,True,False,ExtractTask,False,False,2
1181,12339.3777777339,14,True,-1,False,False,RestTask,True,True,-1
1181,12339.3777777339,7,False,69,True,False,ExtractTask,True,False,2
1182,12346.3111110672,1,True,-1,False,False,RestTask,True,True,-1
1182,12346.3111110672,10,True,-1,False,False,RestTask,True,True,-1
1182,12346.3111110672,11,False,20,True,False,ExtractTask,True,False,2
1182,12346.3111110672,3,False,89,True,False,ExtractTask,False,False,3
1182,12346.3111110672,5,True,-1,False,False,RestTask,True,True,-1
1182,12346.3111110672,4,False,35,True,False,ExtractTask,True,False,3
1182,12346.3111110672,12,False,24,True,False,ExtractTask,True,False,4
1182,12346.3111110672,13,False,29,True,False,ExtractTask,False,False,2
1182,12346.3111110672,14,True,-1,False,False,RestTask,True,True,-1
1182,12346.3111110672,7,False,69,True,False,ParkPodTask,False,False,2
1183,12346.3555555116,1,True,-1,False,False,RestTask,True,True,-1
1183,12346.3555555116,10,True,-1,False,False,RestTask,True,True,-1
1183,12346.3555555116,11,False,20,True,False,ExtractTask,True,False,2
1183,12346.3555555116,3,False,89,True,False,ExtractTask,False,False,3
1183,12346.3555555116,5,True,-1,False,False,RestTask,True,True,-1
1183,12346.3555555116,4,False,35,True,False,ExtractTask,True,False,3
1183,12346.3555555116,12,False,24,True,False,ExtractTask,True,False,4
1183,12346.3555555116,13,False,29,True,False,ExtractTask,False,False,2
1183,12346.3555555116,14,True,-1,False,False,RestTask,True,True,-1
1183,12346.3555555116,7,False,69,True,False,ParkPodTask,False,False,2
1184,12349.4222221782,1,True,-1,False,False,RestTask,True,True,-1
1184,12349.4222221782,10,True,-1,False,False,RestTask,True,True,-1
1184,12349.4222221782,11,False,20,True,False,ExtractTask,True,False,2
1184,12349.4222221782,3,False,89,True,False,ExtractTask,True,False,3
1184,12349.4222221782,5,True,-1,False,False,RestTask,True,True,-1
1184,12349.4222221782,4,False,35,True,False,ExtractTask,True,False,3
1184,12349.4222221782,12,False,24,True,False,ExtractTask,True,False,4
1184,12349.4222221782,13,False,29,True,False,ExtractTask,True,False,2
1184,12349.4222221782,14,True,-1,False,False,RestTask,True,True,-1
1184,12349.4222221782,7,False,69,True,False,ParkPodTask,False,False,2
1185,12349.4666666227,1,True,-1,False,False,RestTask,True,True,-1
1185,12349.4666666227,10,True,-1,False,False,RestTask,True,True,-1
1185,12349.4666666227,11,False,20,True,False,ExtractTask,True,False,2
1185,12349.4666666227,3,False,89,True,False,ExtractTask,True,False,3
1185,12349.4666666227,5,True,-1,False,False,RestTask,True,True,-1
1185,12349.4666666227,4,False,35,True,False,ExtractTask,True,False,3
1185,12349.4666666227,12,False,24,True,False,ExtractTask,True,False,4
1185,12349.4666666227,13,False,29,True,False,ExtractTask,True,False,2
1185,12349.4666666227,14,True,-1,False,False,RestTask,True,True,-1
1185,12349.4666666227,7,False,69,True,False,ParkPodTask,False,False,2
1186,12369.5555555113,1,True,-1,False,False,RestTask,True,True,-1
1186,12369.5555555113,10,True,-1,False,False,RestTask,True,True,-1
1186,12369.5555555113,11,False,20,True,False,ExtractTask,True,False,2
1186,12369.5555555113,3,False,89,True,False,ExtractTask,True,False,2
1186,12369.5555555113,5,True,-1,False,False,RestTask,True,True,-1
1186,12369.5555555113,4,False,35,True,False,ExtractTask,True,False,3
1186,12369.5555555113,12,False,24,True,False,ExtractTask,True,False,4
1186,12369.5555555113,13,False,29,True,False,ExtractTask,True,False,2
1186,12369.5555555113,14,True,-1,False,False,RestTask,True,True,-1
1186,12369.5555555113,7,True,-1,False,False,RestTask,True,True,-1
1187,12389.6888888443,1,False,96,True,False,ExtractTask,False,False,2
1187,12389.6888888443,10,True,-1,False,False,RestTask,True,True,-1
1187,12389.6888888443,11,False,20,True,False,ParkPodTask,False,False,1
1187,12389.6888888443,3,False,89,True,False,ExtractTask,True,False,2
1187,12389.6888888443,5,True,-1,False,False,RestTask,True,True,-1
1187,12389.6888888443,4,False,35,True,False,ExtractTask,True,False,3
1187,12389.6888888443,12,False,24,True,False,ExtractTask,True,False,4
1187,12389.6888888443,13,False,29,True,False,ExtractTask,True,False,2
1187,12389.6888888443,14,True,-1,False,False,RestTask,True,True,-1
1187,12389.6888888443,7,True,-1,False,False,RestTask,True,True,-1
1188,12396.5777777331,1,False,96,True,False,ExtractTask,True,False,2
1188,12396.5777777331,10,True,-1,False,False,RestTask,True,True,-1
1188,12396.5777777331,11,False,20,True,False,ParkPodTask,False,False,1
1188,12396.5777777331,3,False,89,True,False,ExtractTask,True,False,2
1188,12396.5777777331,5,True,-1,False,False,RestTask,True,True,-1
1188,12396.5777777331,4,False,35,True,False,ExtractTask,True,False,3
1188,12396.5777777331,12,False,24,True,False,ExtractTask,True,False,4
1188,12396.5777777331,13,False,29,True,False,ExtractTask,True,False,2
1188,12396.5777777331,14,True,-1,False,False,RestTask,True,True,-1
1188,12396.5777777331,7,True,-1,False,False,RestTask,True,True,-1
1189,12409.8222221773,1,False,96,True,False,ExtractTask,True,False,2
1189,12409.8222221773,10,True,-1,False,False,RestTask,True,True,-1
1189,12409.8222221773,11,True,-1,False,False,RestTask,False,True,-1
1189,12409.8222221773,3,False,89,True,False,ParkPodTask,False,False,2
1189,12409.8222221773,5,True,-1,False,False,RestTask,True,True,-1
1189,12409.8222221773,4,False,35,True,False,ExtractTask,True,False,3
1189,12409.8222221773,12,False,24,True,False,ExtractTask,True,False,4
1189,12409.8222221773,13,False,29,True,False,ExtractTask,True,False,2
1189,12409.8222221773,14,True,-1,False,False,RestTask,True,True,-1
1189,12409.8222221773,7,True,-1,False,False,RestTask,True,True,-1
1190,12416.7111110661,1,False,96,True,False,ExtractTask,True,False,2
1190,12416.7111110661,10,True,-1,True,False,ExtractTask,False,False,-1
1190,12416.7111110661,11,True,-1,False,False,RestTask,True,True,-1
1190,12416.7111110661,3,True,-1,False,False,RestTask,False,True,-1
1190,12416.7111110661,5,True,-1,False,False,RestTask,True,True,-1
1190,12416.7111110661,4,False,35,True,False,ExtractTask,True,False,3
1190,12416.7111110661,12,False,24,True,False,ExtractTask,True,False,4
1190,12416.7111110661,13,False,29,True,False,ExtractTask,True,False,2
1190,12416.7111110661,14,True,-1,False,False,RestTask,True,True,-1
1190,12416.7111110661,7,True,-1,False,False,RestTask,True,True,-1
1191,12419.9111110661,1,False,96,True,False,ExtractTask,True,False,2
1191,12419.9111110661,10,True,-1,True,False,ExtractTask,False,False,-1
1191,12419.9111110661,11,True,-1,False,False,RestTask,True,True,-1
1191,12419.9111110661,3,True,-1,False,False,RestTask,False,True,-1
1191,12419.9111110661,5,True,-1,False,False,RestTask,True,True,-1
1191,12419.9111110661,4,False,35,True,False,ExtractTask,True,False,3
1191,12419.9111110661,12,False,24,True,False,ExtractTask,True,False,4
1191,12419.9111110661,13,False,29,True,False,ExtractTask,True,False,2
1191,12419.9111110661,14,True,-1,False,False,RestTask,True,True,-1
1191,12419.9111110661,7,True,-1,True,True,RestTask,True,False,-1
1192,12429.9999999548,1,False,96,True,False,ExtractTask,True,False,2
1192,12429.9999999548,10,False,63,True,False,ExtractTask,False,False,2
1192,12429.9999999548,11,True,-1,False,False,RestTask,True,True,-1
1192,12429.9999999548,3,True,-1,False,False,RestTask,True,True,-1
1192,12429.9999999548,5,True,-1,False,False,RestTask,True,True,-1
1192,12429.9999999548,4,False,35,True,False,ExtractTask,True,False,3
1192,12429.9999999548,12,False,24,True,False,ExtractTask,True,False,4
1192,12429.9999999548,13,False,29,True,False,ExtractTask,True,False,2
1192,12429.9999999548,14,True,-1,False,False,RestTask,True,True,-1
1192,12429.9999999548,7,True,-1,True,False,ExtractTask,False,False,-1
1193,12446.8888888435,1,False,96,True,False,ExtractTask,True,False,2
1193,12446.8888888435,10,False,63,True,False,ExtractTask,False,False,2
1193,12446.8888888435,11,True,-1,False,False,RestTask,True,True,-1
1193,12446.8888888435,3,True,-1,False,False,RestTask,True,True,-1
1193,12446.8888888435,5,True,-1,False,False,RestTask,True,True,-1
1193,12446.8888888435,4,False,35,True,False,ExtractTask,True,False,3
1193,12446.8888888435,12,False,24,True,False,ExtractTask,True,False,4
1193,12446.8888888435,13,False,29,True,False,ExtractTask,True,False,2
1193,12446.8888888435,14,True,-1,False,False,RestTask,True,True,-1
1193,12446.8888888435,7,False,95,True,False,ExtractTask,False,False,2
1194,12446.9333332879,1,False,96,True,False,ExtractTask,True,False,2
1194,12446.9333332879,10,False,63,True,False,ExtractTask,False,False,2
1194,12446.9333332879,11,True,-1,False,False,RestTask,True,True,-1
1194,12446.9333332879,3,True,-1,False,False,RestTask,True,True,-1
1194,12446.9333332879,5,True,-1,False,False,RestTask,True,True,-1
1194,12446.9333332879,4,False,35,True,False,ExtractTask,True,False,3
1194,12446.9333332879,12,False,24,True,False,ExtractTask,True,False,4
1194,12446.9333332879,13,False,29,True,False,ExtractTask,True,False,2
1194,12446.9333332879,14,True,-1,False,False,RestTask,True,True,-1
1194,12446.9333332879,7,False,95,True,False,ExtractTask,False,False,2
1195,12460.1777777322,1,False,96,True,False,ExtractTask,True,False,2
1195,12460.1777777322,10,False,63,True,False,ExtractTask,False,False,2
1195,12460.1777777322,11,True,-1,False,False,RestTask,True,True,-1
1195,12460.1777777322,3,True,-1,False,False,RestTask,True,True,-1
1195,12460.1777777322,5,True,-1,False,False,RestTask,True,True,-1
1195,12460.1777777322,4,False,35,True,False,ExtractTask,True,False,3
1195,12460.1777777322,12,False,24,True,False,ExtractTask,True,False,4
1195,12460.1777777322,13,False,29,True,False,ExtractTask,True,False,2
1195,12460.1777777322,14,True,-1,False,False,RestTask,True,True,-1
1195,12460.1777777322,7,False,95,True,False,ExtractTask,False,False,2
1196,12467.0222221765,1,False,96,True,False,ExtractTask,True,False,2
1196,12467.0222221765,10,False,63,True,False,ExtractTask,True,False,2
1196,12467.0222221765,11,True,-1,False,False,RestTask,True,True,-1
1196,12467.0222221765,3,True,-1,False,False,RestTask,True,True,-1
1196,12467.0222221765,5,True,-1,False,False,RestTask,True,True,-1
1196,12467.0222221765,4,False,35,True,False,ExtractTask,True,False,3
1196,12467.0222221765,12,False,24,True,False,ExtractTask,True,False,4
1196,12467.0222221765,13,False,29,True,False,ExtractTask,True,False,2
1196,12467.0222221765,14,True,-1,False,False,RestTask,True,True,-1
1196,12467.0222221765,7,False,95,True,False,ExtractTask,True,False,2
1197,12487.1555555095,1,False,96,True,False,ExtractTask,True,False,2
1197,12487.1555555095,10,False,63,True,False,ExtractTask,True,False,2
1197,12487.1555555095,11,True,-1,False,False,RestTask,True,True,-1
1197,12487.1555555095,3,True,-1,False,False,RestTask,True,True,-1
1197,12487.1555555095,5,True,-1,False,False,RestTask,True,True,-1
1197,12487.1555555095,4,False,35,True,False,ExtractTask,True,False,3
1197,12487.1555555095,12,False,24,True,False,ExtractTask,True,False,4
1197,12487.1555555095,13,False,29,True,False,ExtractTask,True,False,2
1197,12487.1555555095,14,True,-1,False,False,RestTask,True,True,-1
1197,12487.1555555095,7,False,95,True,False,ExtractTask,True,False,2
1198,12510.4444443981,1,False,96,True,False,ExtractTask,True,False,2
1198,12510.4444443981,10,False,63,True,False,ExtractTask,True,False,2
1198,12510.4444443981,11,True,-1,False,False,RestTask,True,True,-1
1198,12510.4444443981,3,True,-1,False,False,RestTask,True,True,-1
1198,12510.4444443981,5,True,-1,False,False,RestTask,True,True,-1
1198,12510.4444443981,4,False,35,True,False,ExtractTask,True,False,3
1198,12510.4444443981,12,False,24,True,False,ExtractTask,True,False,4
1198,12510.4444443981,13,True,-1,False,False,ParkPodTask,True,True,-1
1198,12510.4444443981,14,True,-1,False,False,RestTask,True,True,-1
1198,12510.4444443981,7,False,95,True,False,ExtractTask,True,False,2
1199,12517.3333332869,1,False,96,True,False,ExtractTask,True,False,2
1199,12517.3333332869,10,False,63,True,False,ExtractTask,True,False,2
1199,12517.3333332869,11,True,-1,False,False,RestTask,True,True,-1
1199,12517.3333332869,3,True,-1,False,False,RestTask,True,True,-1
1199,12517.3333332869,5,True,-1,False,False,RestTask,True,True,-1
1199,12517.3333332869,4,False,35,True,False,ExtractTask,True,False,3
1199,12517.3333332869,12,False,24,True,False,ExtractTask,True,False,4
1199,12517.3333332869,13,True,-1,False,False,RestTask,True,True,-1
1199,12517.3333332869,14,True,-1,False,False,RestTask,True,True,-1
1199,12517.3333332869,7,False,95,True,False,ExtractTask,True,False,2
1200,12527.4222221756,1,False,96,True,False,ExtractTask,True,False,2
1200,12527.4222221756,10,False,63,True,False,ExtractTask,True,False,2
1200,12527.4222221756,11,True,-1,False,False,RestTask,True,True,-1
1200,12527.4222221756,3,True,-1,False,False,RestTask,True,True,-1
1200,12527.4222221756,5,True,-1,False,False,RestTask,True,True,-1
1200,12527.4222221756,4,False,35,True,False,ExtractTask,True,False,3
1200,12527.4222221756,12,False,24,True,False,ExtractTask,True,False,3
1200,12527.4222221756,13,True,-1,False,False,RestTask,True,True,-1
1200,12527.4222221756,14,True,-1,False,False,RestTask,True,True,-1
1200,12527.4222221756,7,False,95,True,False,ExtractTask,True,False,2
1201,12540.6222221754,1,False,96,True,False,ExtractTask,True,False,2
1201,12540.6222221754,10,False,63,True,False,ExtractTask,True,False,2
1201,12540.6222221754,11,True,-1,False,False,RestTask,True,True,-1
1201,12540.6222221754,3,True,-1,False,False,RestTask,True,True,-1
1201,12540.6222221754,5,True,-1,False,False,RestTask,True,True,-1
1201,12540.6222221754,4,False,35,True,False,ExtractTask,True,False,3
1201,12540.6222221754,12,False,24,True,False,ParkPodTask,False,False,3
1201,12540.6222221754,13,True,-1,False,False,RestTask,True,True,-1
1201,12540.6222221754,14,True,-1,False,False,RestTask,True,True,-1
1201,12540.6222221754,7,False,95,True,False,ExtractTask,True,False,2
1202,12547.5555555087,1,False,96,True,False,ExtractTask,True,False,2
1202,12547.5555555087,10,False,63,True,False,ExtractTask,True,False,2
1202,12547.5555555087,11,True,-1,False,False,RestTask,True,True,-1
1202,12547.5555555087,3,True,-1,False,False,RestTask,True,True,-1
1202,12547.5555555087,5,False,76,True,False,ExtractTask,True,False,2
1202,12547.5555555087,4,False,35,True,False,ExtractTask,True,False,3
1202,12547.5555555087,12,False,24,True,False,ParkPodTask,False,False,3
1202,12547.5555555087,13,True,-1,False,False,RestTask,True,True,-1
1202,12547.5555555087,14,True,-1,True,False,ExtractTask,False,False,-1
1202,12547.5555555087,7,False,95,True,False,ExtractTask,True,False,2
1203,12557.6444443974,1,False,96,True,False,ExtractTask,True,False,2
1203,12557.6444443974,10,False,63,True,False,ExtractTask,True,False,2
1203,12557.6444443974,11,True,-1,False,False,RestTask,True,True,-1
1203,12557.6444443974,3,False,37,True,False,ExtractTask,True,False,3
1203,12557.6444443974,5,False,76,True,False,ExtractTask,False,False,2
1203,12557.6444443974,4,False,35,True,False,ExtractTask,True,False,3
1203,12557.6444443974,12,True,-1,False,False,ParkPodTask,True,True,-1
1203,12557.6444443974,13,True,-1,False,False,RestTask,True,True,-1
1203,12557.6444443974,14,False,39,True,False,ExtractTask,True,False,2
1203,12557.6444443974,7,False,95,True,False,ExtractTask,True,False,2
1204,12560.7555555085,1,False,96,True,False,ExtractTask,True,False,2
1204,12560.7555555085,10,False,63,True,False,ExtractTask,True,False,2
1204,12560.7555555085,11,True,-1,False,False,RestTask,True,True,-1
1204,12560.7555555085,3,False,37,True,False,ExtractTask,False,False,3
1204,12560.7555555085,5,False,76,True,False,ExtractTask,False,False,2
1204,12560.7555555085,4,False,35,True,False,ExtractTask,True,False,3
1204,12560.7555555085,12,True,-1,False,False,RestTask,False,True,-1
1204,12560.7555555085,13,True,-1,False,False,RestTask,True,True,-1
1204,12560.7555555085,14,False,39,True,False,ExtractTask,False,False,2
1204,12560.7555555085,7,False,95,True,False,ExtractTask,True,False,2
1205,12567.7333332862,1,False,96,True,False,ExtractTask,True,False,2
1205,12567.7333332862,10,False,63,True,False,ExtractTask,True,False,2
1205,12567.7333332862,11,True,-1,False,False,RestTask,True,True,-1
1205,12567.7333332862,3,False,37,True,False,ExtractTask,False,False,3
1205,12567.7333332862,5,False,76,True,False,ExtractTask,True,False,2
1205,12567.7333332862,4,False,35,True,False,ExtractTask,True,False,3
1205,12567.7333332862,12,True,-1,False,False,RestTask,True,True,-1
1205,12567.7333332862,13,True,-1,False,False,RestTask,True,True,-1
1205,12567.7333332862,14,False,39,True,False,ExtractTask,False,False,2
1205,12567.7333332862,7,False,95,True,False,ExtractTask,True,False,2
1206,12570.8444443972,1,False,96,True,False,ExtractTask,True,False,2
1206,12570.8444443972,10,False,63,True,False,ExtractTask,True,False,2
1206,12570.8444443972,11,True,-1,False,False,RestTask,True,True,-1
1206,12570.8444443972,3,False,37,True,False,ExtractTask,False,False,3
1206,12570.8444443972,5,False,76,True,False,ExtractTask,True,False,2
1206,12570.8444443972,4,False,35,True,False,ExtractTask,True,False,3
1206,12570.8444443972,12,True,-1,False,False,RestTask,True,True,-1
1206,12570.8444443972,13,True,-1,False,False,RestTask,True,True,-1
1206,12570.8444443972,14,False,39,True,False,ExtractTask,False,False,2
1206,12570.8444443972,7,False,95,True,False,ExtractTask,True,False,2
1207,12580.933333286,1,False,96,True,False,ParkPodTask,False,False,1
1207,12580.933333286,10,False,63,True,False,ExtractTask,True,False,2
1207,12580.933333286,11,True,-1,False,False,RestTask,True,True,-1
1207,12580.933333286,3,False,37,True,False,ExtractTask,True,False,3
1207,12580.933333286,5,False,76,True,False,ExtractTask,True,False,2
1207,12580.933333286,4,False,35,True,False,ExtractTask,True,False,3
1207,12580.933333286,12,True,-1,False,False,RestTask,True,True,-1
1207,12580.933333286,13,True,-1,False,False,RestTask,True,True,-1
1207,12580.933333286,14,False,39,True,False,ExtractTask,False,False,2
1207,12580.933333286,7,False,95,True,False,ExtractTask,True,False,2
1208,12597.9111110635,1,True,-1,False,False,RestTask,False,True,-1
1208,12597.9111110635,10,False,63,True,False,ExtractTask,True,False,2
1208,12597.9111110635,11,True,-1,False,False,RestTask,True,True,-1
1208,12597.9111110635,3,False,37,True,False,ExtractTask,True,False,3
1208,12597.9111110635,5,False,76,True,False,ExtractTask,True,False,2
1208,12597.9111110635,4,False,35,True,False,ExtractTask,True,False,3
1208,12597.9111110635,12,True,-1,False,False,RestTask,True,True,-1
1208,12597.9111110635,13,False,20,True,False,ExtractTask,False,False,1
1208,12597.9111110635,14,False,39,True,False,ExtractTask,True,False,2
1208,12597.9111110635,7,False,95,True,False,ExtractTask,True,False,2
1209,12601.066666619,1,True,-1,True,True,RestTask,False,False,-1
1209,12601.066666619,10,False,63,True,False,ExtractTask,True,False,2
1209,12601.066666619,11,True,-1,False,False,RestTask,True,True,-1
1209,12601.066666619,3,False,37,True,False,ExtractTask,True,False,3
1209,12601.066666619,5,False,76,True,False,ExtractTask,True,False,2
1209,12601.066666619,4,False,35,True,False,ParkPodTask,False,False,2
1209,12601.066666619,12,True,-1,False,False,RestTask,True,True,-1
1209,12601.066666619,13,False,20,True,False,ExtractTask,False,False,1
1209,12601.066666619,14,False,39,True,False,ExtractTask,True,False,2
1209,12601.066666619,7,False,95,True,False,ExtractTask,True,False,2
1210,12607.9999999522,1,True,-1,True,True,RestTask,True,False,-1
1210,12607.9999999522,10,False,63,True,False,ExtractTask,True,False,2
1210,12607.9999999522,11,True,-1,False,False,RestTask,True,True,-1
1210,12607.9999999522,3,False,37,True,False,ExtractTask,True,False,3
1210,12607.9999999522,5,False,76,True,False,ExtractTask,True,False,2
1210,12607.9999999522,4,False,35,True,False,ParkPodTask,False,False,2
1210,12607.9999999522,12,True,-1,False,False,RestTask,True,True,-1
1210,12607.9999999522,13,False,20,True,False,ExtractTask,False,False,1
1210,12607.9999999522,14,False,39,True,False,ExtractTask,True,False,2
1210,12607.9999999522,7,False,95,True,False,ExtractTask,True,False,2
1211,12618.088888841,1,True,-1,True,False,ExtractTask,False,False,-1
1211,12618.088888841,10,False,63,True,False,ExtractTask,True,False,2
1211,12618.088888841,11,True,-1,False,False,RestTask,True,True,-1
1211,12618.088888841,3,False,37,True,False,ExtractTask,True,False,3
1211,12618.088888841,5,False,76,True,False,ExtractTask,True,False,2
1211,12618.088888841,4,True,-1,False,False,RestTask,False,True,-1
1211,12618.088888841,12,True,-1,False,False,RestTask,True,True,-1
1211,12618.088888841,13,False,20,True,False,ExtractTask,True,False,1
1211,12618.088888841,14,False,39,True,False,ExtractTask,True,False,2
1211,12618.088888841,7,False,95,True,False,ExtractTask,True,False,2
1212,12621.199999952,1,True,-1,True,False,ExtractTask,False,False,-1
1212,12621.199999952,10,False,63,True,False,ExtractTask,True,False,2
1212,12621.199999952,11,True,-1,False,False,RestTask,True,True,-1
1212,12621.199999952,3,False,37,True,False,ExtractTask,True,False,3
1212,12621.199999952,5,False,76,True,False,ExtractTask,True,False,2
1212,12621.199999952,4,True,-1,False,False,RestTask,False,True,-1
1212,12621.199999952,12,True,-1,False,False,RestTask,True,True,-1
1212,12621.199999952,13,False,20,True,False,ExtractTask,True,False,1
1212,12621.199999952,14,False,39,True,False,ExtractTask,True,False,2
1212,12621.199999952,7,False,95,True,False,ExtractTask,True,False,2
1213,12628.1777777297,1,False,5,True,False,ExtractTask,False,False,7
1213,12628.1777777297,10,False,63,True,False,ExtractTask,True,False,2
1213,12628.1777777297,11,True,-1,False,False,RestTask,True,True,-1
1213,12628.1777777297,3,False,37,True,False,ExtractTask,True,False,3
1213,12628.1777777297,5,False,76,True,False,ExtractTask,True,False,2
1213,12628.1777777297,4,True,-1,False,False,RestTask,True,True,-1
1213,12628.1777777297,12,True,-1,False,False,RestTask,True,True,-1
1213,12628.1777777297,13,False,20,True,False,ExtractTask,True,False,1
1213,12628.1777777297,14,False,39,True,False,ExtractTask,True,False,2
1213,12628.1777777297,7,False,95,True,False,ExtractTask,True,False,2
1214,12638.2666666185,1,False,5,True,False,ExtractTask,False,False,7
1214,12638.2666666185,10,False,63,True,False,ExtractTask,True,False,2
1214,12638.2666666185,11,True,-1,False,False,RestTask,True,True,-1
1214,12638.2666666185,3,False,37,True,False,ExtractTask,True,False,3
1214,12638.2666666185,5,False,76,True,False,ExtractTask,True,False,2
1214,12638.2666666185,4,True,-1,False,False,RestTask,True,True,-1
1214,12638.2666666185,12,True,-1,False,False,RestTask,True,True,-1
1214,12638.2666666185,13,False,20,True,False,ExtractTask,True,False,1
1214,12638.2666666185,14,False,39,True,False,ExtractTask,True,False,2
1214,12638.2666666185,7,False,95,True,False,ExtractTask,True,False,2
1215,12648.3555555072,1,False,5,True,False,ExtractTask,False,False,7
1215,12648.3555555072,10,False,63,True,False,ExtractTask,True,False,2
1215,12648.3555555072,11,True,-1,False,False,RestTask,True,True,-1
1215,12648.3555555072,3,False,37,True,False,ExtractTask,True,False,3
1215,12648.3555555072,5,False,76,True,False,ExtractTask,True,False,2
1215,12648.3555555072,4,True,-1,False,False,RestTask,True,True,-1
1215,12648.3555555072,12,True,-1,False,False,RestTask,True,True,-1
1215,12648.3555555072,13,False,20,True,False,ExtractTask,True,False,1
1215,12648.3555555072,14,False,39,True,False,ExtractTask,True,False,2
1215,12648.3555555072,7,False,95,True,False,ExtractTask,True,False,2
1216,12658.4444443959,1,False,5,True,False,ExtractTask,True,False,7
1216,12658.4444443959,10,False,63,True,False,ExtractTask,True,False,2
1216,12658.4444443959,11,True,-1,False,False,RestTask,True,True,-1
1216,12658.4444443959,3,False,37,True,False,ExtractTask,True,False,3
1216,12658.4444443959,5,False,76,True,False,ExtractTask,True,False,2
1216,12658.4444443959,4,True,-1,False,False,RestTask,True,True,-1
1216,12658.4444443959,12,True,-1,False,False,RestTask,True,True,-1
1216,12658.4444443959,13,False,20,True,False,ExtractTask,True,False,1
1216,12658.4444443959,14,False,39,True,False,ExtractTask,True,False,2
1216,12658.4444443959,7,False,95,True,False,ExtractTask,True,False,2
1217,12691.5555555066,1,False,5,True,False,ExtractTask,True,False,7
1217,12691.5555555066,10,False,63,True,False,ExtractTask,True,False,1
1217,12691.5555555066,11,True,-1,False,False,RestTask,True,True,-1
1217,12691.5555555066,3,False,37,True,False,ExtractTask,True,False,3
1217,12691.5555555066,5,False,76,True,False,ExtractTask,True,False,2
1217,12691.5555555066,4,True,-1,False,False,RestTask,True,True,-1
1217,12691.5555555066,12,True,-1,False,False,RestTask,True,True,-1
1217,12691.5555555066,13,False,20,True,False,ExtractTask,True,False,1
1217,12691.5555555066,14,False,39,True,False,ExtractTask,True,False,2
1217,12691.5555555066,7,True,-1,False,False,RestTask,False,True,-1
1218,12698.6666666176,1,False,5,True,False,ExtractTask,True,False,7
1218,12698.6666666176,10,False,63,True,False,ParkPodTask,False,False,1
1218,12698.6666666176,11,True,-1,False,False,RestTask,True,True,-1
1218,12698.6666666176,3,False,37,True,False,ExtractTask,True,False,3
1218,12698.6666666176,5,False,76,True,False,ExtractTask,False,False,2
1218,12698.6666666176,4,True,-1,False,False,RestTask,True,True,-1
1218,12698.6666666176,12,True,-1,False,False,RestTask,True,True,-1
1218,12698.6666666176,13,False,20,True,False,ExtractTask,True,False,1
1218,12698.6666666176,14,False,39,True,False,ExtractTask,True,False,2
1218,12698.6666666176,7,True,-1,False,False,RestTask,True,True,-1
1219,12701.6444443953,1,False,5,True,False,ExtractTask,True,False,7
1219,12701.6444443953,10,False,63,True,False,ParkPodTask,False,False,1
1219,12701.6444443953,11,True,-1,False,False,RestTask,True,True,-1
1219,12701.6444443953,3,False,37,True,False,ExtractTask,True,False,3
1219,12701.6444443953,5,False,76,True,False,ExtractTask,True,False,2
1219,12701.6444443953,4,True,-1,False,False,RestTask,True,True,-1
1219,12701.6444443953,12,True,-1,False,False,RestTask,True,True,-1
1219,12701.6444443953,13,False,20,True,False,ExtractTask,False,False,1
1219,12701.6444443953,14,False,39,True,False,ExtractTask,True,False,2
1219,12701.6444443953,7,True,-1,False,False,RestTask,True,True,-1
1220,12728.8444443949,1,False,5,True,False,ExtractTask,True,False,7
1220,12728.8444443949,10,True,-1,False,False,RestTask,True,True,-1
1220,12728.8444443949,11,True,-1,False,False,RestTask,True,True,-1
1220,12728.8444443949,3,False,37,True,False,ExtractTask,True,False,3
1220,12728.8444443949,5,False,76,True,False,ExtractTask,True,False,1
1220,12728.8444443949,4,True,-1,False,False,RestTask,True,True,-1
1220,12728.8444443949,12,True,-1,False,False,RestTask,True,True,-1
1220,12728.8444443949,13,False,20,True,False,ExtractTask,True,False,1
1220,12728.8444443949,14,False,39,True,False,ExtractTask,True,False,2
1220,12728.8444443949,7,True,-1,False,False,RestTask,True,True,-1
1221,12731.8222221727,1,False,5,True,False,ExtractTask,True,False,7
1221,12731.8222221727,10,True,-1,False,False,RestTask,True,True,-1
1221,12731.8222221727,11,True,-1,False,False,RestTask,True,True,-1
1221,12731.8222221727,3,False,37,True,False,ExtractTask,True,False,3
1221,12731.8222221727,5,False,76,True,False,ExtractTask,True,False,1
1221,12731.8222221727,4,True,-1,False,False,RestTask,True,True,-1
1221,12731.8222221727,12,True,-1,False,False,RestTask,True,True,-1
1221,12731.8222221727,13,False,20,True,False,ExtractTask,True,False,1
1221,12731.8222221727,14,False,39,True,False,ExtractTask,True,False,2
1221,12731.8222221727,7,True,-1,False,False,RestTask,True,True,-1
1222,12738.9333332837,1,False,5,True,False,ExtractTask,True,False,7
1222,12738.9333332837,10,True,-1,False,False,RestTask,True,True,-1
1222,12738.9333332837,11,True,-1,False,False,RestTask,True,True,-1
1222,12738.9333332837,3,False,37,True,False,ExtractTask,True,False,3
1222,12738.9333332837,5,False,76,True,False,ExtractTask,True,False,1
1222,12738.9333332837,4,True,-1,False,False,RestTask,True,True,-1
1222,12738.9333332837,12,True,-1,False,False,RestTask,True,True,-1
1222,12738.9333332837,13,False,20,True,False,ExtractTask,True,False,1
1222,12738.9333332837,14,False,39,True,False,ExtractTask,True,False,2
1222,12738.9333332837,7,True,-1,False,False,RestTask,True,True,-1
1223,12741.9111110614,1,False,5,True,False,ExtractTask,True,False,7
1223,12741.9111110614,10,True,-1,False,False,RestTask,True,True,-1
1223,12741.9111110614,11,True,-1,True,False,ExtractTask,False,False,-1
1223,12741.9111110614,3,False,37,True,False,ExtractTask,True,False,3
1223,12741.9111110614,5,False,76,True,False,ExtractTask,True,False,1
1223,12741.9111110614,4,True,-1,False,False,RestTask,True,True,-1
1223,12741.9111110614,12,True,-1,True,True,RestTask,True,False,-1
1223,12741.9111110614,13,False,20,True,False,ExtractTask,True,False,1
1223,12741.9111110614,14,False,39,True,False,ExtractTask,True,False,2
1223,12741.9111110614,7,True,-1,False,False,RestTask,True,True,-1
1224,12749.0222221724,1,False,5,True,False,ExtractTask,True,False,7
1224,12749.0222221724,10,True,-1,False,False,RestTask,True,True,-1
1224,12749.0222221724,11,False,14,True,False,ExtractTask,False,False,5
1224,12749.0222221724,3,False,37,True,False,ExtractTask,True,False,3
1224,12749.0222221724,5,False,76,True,False,ParkPodTask,False,False,1
1224,12749.0222221724,4,True,-1,False,False,RestTask,True,True,-1
1224,12749.0222221724,12,True,-1,True,False,ExtractTask,False,False,-1
1224,12749.0222221724,13,False,20,True,False,ExtractTask,True,False,1
1224,12749.0222221724,14,False,39,True,False,ExtractTask,False,False,2
1224,12749.0222221724,7,True,-1,False,False,RestTask,True,True,-1
1225,12751.9999999501,1,False,5,True,False,ExtractTask,True,False,7
1225,12751.9999999501,10,True,-1,False,False,RestTask,True,True,-1
1225,12751.9999999501,11,False,14,True,False,ExtractTask,False,False,5
1225,12751.9999999501,3,False,37,True,False,ExtractTask,True,False,3
1225,12751.9999999501,5,False,76,True,False,ParkPodTask,False,False,1
1225,12751.9999999501,4,True,-1,False,False,RestTask,True,True,-1
1225,12751.9999999501,12,True,-1,True,False,ExtractTask,False,False,-1
1225,12751.9999999501,13,False,20,True,False,ExtractTask,True,False,1
1225,12751.9999999501,14,False,39,True,False,ExtractTask,True,False,2
1225,12751.9999999501,7,True,-1,False,False,RestTask,True,True,-1
1226,12762.0888888389,1,False,5,True,False,ExtractTask,True,False,7
1226,12762.0888888389,10,True,-1,False,False,RestTask,True,True,-1
1226,12762.0888888389,11,False,14,True,False,ExtractTask,False,False,5
1226,12762.0888888389,3,False,37,True,False,ExtractTask,True,False,3
1226,12762.0888888389,5,True,-1,False,False,RestTask,False,True,-1
1226,12762.0888888389,4,True,-1,False,False,RestTask,True,True,-1
1226,12762.0888888389,12,False,49,True,False,ExtractTask,False,False,2
1226,12762.0888888389,13,False,20,True,False,ExtractTask,True,False,1
1226,12762.0888888389,14,False,39,True,False,ExtractTask,True,False,2
1226,12762.0888888389,7,False,12,True,False,ExtractTask,True,False,1
1227,12769.1555555054,1,False,5,True,False,ExtractTask,True,False,7
1227,12769.1555555054,10,True,-1,False,False,RestTask,True,True,-1
1227,12769.1555555054,11,False,14,True,False,ExtractTask,False,False,5
1227,12769.1555555054,3,False,37,True,False,ExtractTask,True,False,3
1227,12769.1555555054,5,True,-1,False,False,RestTask,False,True,-1
1227,12769.1555555054,4,True,-1,False,False,RestTask,True,True,-1
1227,12769.1555555054,12,False,49,True,False,ExtractTask,False,False,2
1227,12769.1555555054,13,False,20,True,False,ExtractTask,True,False,1
1227,12769.1555555054,14,False,39,True,False,ExtractTask,True,False,2
1227,12769.1555555054,7,False,12,True,False,ExtractTask,False,False,1
1228,12772.1777777276,1,False,5,True,False,ExtractTask,True,False,7
1228,12772.1777777276,10,True,-1,False,False,RestTask,True,True,-1
1228,12772.1777777276,11,False,14,True,False,ExtractTask,False,False,5
1228,12772.1777777276,3,False,37,True,False,ExtractTask,True,False,3
1228,12772.1777777276,5,True,-1,True,True,RestTask,True,False,-1
1228,12772.1777777276,4,True,-1,False,False,RestTask,True,True,-1
1228,12772.1777777276,12,False,49,True,False,ExtractTask,False,False,2
1228,12772.1777777276,13,False,20,True,False,ExtractTask,True,False,1
1228,12772.1777777276,14,False,39,True,False,ExtractTask,True,False,2
1228,12772.1777777276,7,False,12,True,False,ExtractTask,False,False,1
1229,12782.2666666164,1,False,5,True,False,ExtractTask,True,False,7
1229,12782.2666666164,10,True,-1,False,False,RestTask,True,True,-1
1229,12782.2666666164,11,False,14,True,False,ExtractTask,True,False,5
1229,12782.2666666164,3,False,37,True,False,ExtractTask,True,False,3
1229,12782.2666666164,5,True,-1,True,False,ExtractTask,False,False,-1
1229,12782.2666666164,4,True,-1,False,False,RestTask,True,True,-1
1229,12782.2666666164,12,False,49,True,False,ExtractTask,True,False,2
1229,12782.2666666164,13,False,20,True,False,ExtractTask,True,False,1
1229,12782.2666666164,14,False,39,True,False,ExtractTask,True,False,2
1229,12782.2666666164,7,False,12,True,False,ExtractTask,False,False,1
1230,12819.4222221714,1,False,5,True,False,ExtractTask,True,False,7
1230,12819.4222221714,10,False,67,True,False,ExtractTask,True,False,2
1230,12819.4222221714,11,False,14,True,False,ExtractTask,True,False,5
1230,12819.4222221714,3,True,-1,False,False,RestTask,False,True,-1
1230,12819.4222221714,5,False,74,True,False,ExtractTask,True,False,3
1230,12819.4222221714,4,True,-1,False,False,RestTask,True,True,-1
1230,12819.4222221714,12,False,49,True,False,ExtractTask,True,False,2
1230,12819.4222221714,13,False,20,True,False,ExtractTask,True,False,1
1230,12819.4222221714,14,False,39,True,False,ExtractTask,True,False,1
1230,12819.4222221714,7,False,12,True,False,ExtractTask,True,False,1
1231,12822.488888838,1,False,5,True,False,ExtractTask,True,False,6
1231,12822.488888838,10,False,67,True,False,ExtractTask,True,False,2
1231,12822.488888838,11,False,14,True,False,ExtractTask,True,False,5
1231,12822.488888838,3,True,-1,False,False,RestTask,False,True,-1
1231,12822.488888838,5,False,74,True,False,ExtractTask,True,False,3
1231,12822.488888838,4,True,-1,False,False,RestTask,True,True,-1
1231,12822.488888838,12,False,49,True,False,ExtractTask,True,False,2
1231,12822.488888838,13,False,20,True,False,ExtractTask,True,False,1
1231,12822.488888838,14,False,39,True,False,ExtractTask,True,False,1
1231,12822.488888838,7,False,12,True,False,ExtractTask,True,False,1
1232,12829.5111110601,1,False,5,True,False,ExtractTask,True,False,6
1232,12829.5111110601,10,False,67,True,False,ExtractTask,True,False,2
1232,12829.5111110601,11,False,14,True,False,ExtractTask,True,False,5
1232,12829.5111110601,3,True,-1,False,False,RestTask,True,True,-1
1232,12829.5111110601,5,False,74,True,False,ExtractTask,True,False,3
1232,12829.5111110601,4,True,-1,True,False,ExtractTask,False,False,-1
1232,12829.5111110601,12,False,49,True,False,ExtractTask,True,False,2
1232,12829.5111110601,13,False,20,True,False,ExtractTask,True,False,1
1232,12829.5111110601,14,False,39,True,False,ExtractTask,True,False,1
1232,12829.5111110601,7,False,12,True,False,ExtractTask,True,False,1
1233,12849.6444443932,1,False,5,True,False,ExtractTask,True,False,6
1233,12849.6444443932,10,False,67,True,False,ExtractTask,True,False,2
1233,12849.6444443932,11,False,14,True,False,ExtractTask,True,False,5
1233,12849.6444443932,3,True,-1,False,False,RestTask,True,True,-1
1233,12849.6444443932,5,False,74,True,False,ExtractTask,True,False,3
1233,12849.6444443932,4,False,23,True,False,ExtractTask,False,False,3
1233,12849.6444443932,12,False,49,True,False,ExtractTask,True,False,2
1233,12849.6444443932,13,False,20,True,False,ExtractTask,True,False,1
1233,12849.6444443932,14,True,-1,False,False,RestTask,False,True,-1
1233,12849.6444443932,7,False,12,True,False,ExtractTask,True,False,1
1234,12852.6666666153,1,False,5,True,False,ExtractTask,True,False,6
1234,12852.6666666153,10,False,67,True,False,ExtractTask,True,False,2
1234,12852.6666666153,11,False,14,True,False,ExtractTask,True,False,5
1234,12852.6666666153,3,True,-1,False,False,RestTask,True,True,-1
1234,12852.6666666153,5,False,74,True,False,ExtractTask,True,False,3
1234,12852.6666666153,4,False,23,True,False,ExtractTask,False,False,3
1234,12852.6666666153,12,False,49,True,False,ExtractTask,True,False,2
1234,12852.6666666153,13,False,20,True,False,ExtractTask,True,False,1
1234,12852.6666666153,14,True,-1,False,False,RestTask,False,True,-1
1234,12852.6666666153,7,False,12,True,False,ExtractTask,True,False,1
1235,12862.7555555041,1,False,5,True,False,ExtractTask,True,False,6
1235,12862.7555555041,10,False,67,True,False,ExtractTask,True,False,2
1235,12862.7555555041,11,False,14,True,False,ExtractTask,True,False,5
1235,12862.7555555041,3,True,-1,False,False,RestTask,True,True,-1
1235,12862.7555555041,5,False,74,True,False,ExtractTask,True,False,3
1235,12862.7555555041,4,False,23,True,False,ExtractTask,True,False,3
1235,12862.7555555041,12,False,49,True,False,ExtractTask,True,False,2
1235,12862.7555555041,13,False,20,True,False,ExtractTask,True,False,1
1235,12862.7555555041,14,True,-1,False,False,RestTask,True,True,-1
1235,12862.7555555041,7,False,12,True,False,ExtractTask,True,False,1
1236,12872.8444443928,1,False,5,True,False,ExtractTask,True,False,5
1236,12872.8444443928,10,False,67,True,False,ExtractTask,True,False,2
1236,12872.8444443928,11,False,14,True,False,ExtractTask,True,False,5
1236,12872.8444443928,3,True,-1,False,False,RestTask,True,True,-1
1236,12872.8444443928,5,False,74,True,False,ExtractTask,True,False,3
1236,12872.8444443928,4,False,23,True,False,ExtractTask,False,False,3
1236,12872.8444443928,12,False,49,True,False,ExtractTask,True,False,2
1236,12872.8444443928,13,False,20,True,False,ParkPodTask,False,False,0
1236,12872.8444443928,14,True,-1,False,False,RestTask,True,True,-1
1236,12872.8444443928,7,False,12,True,False,ExtractTask,True,False,1
1237,12882.9333332816,1,False,5,True,False,ParkPodTask,True,False,4
1237,12882.9333332816,10,False,67,True,False,ExtractTask,True,False,2
1237,12882.9333332816,11,False,14,True,False,ExtractTask,True,False,5
1237,12882.9333332816,3,False,96,True,False,ExtractTask,True,False,4
1237,12882.9333332816,5,False,74,True,False,ExtractTask,True,False,3
1237,12882.9333332816,4,False,23,True,False,ExtractTask,True,False,3
1237,12882.9333332816,12,False,49,True,False,ExtractTask,True,False,2
1237,12882.9333332816,13,True,-1,False,False,RestTask,False,True,-1
1237,12882.9333332816,14,True,-1,False,False,RestTask,True,True,-1
1237,12882.9333332816,7,False,12,True,False,ParkPodTask,False,False,1
1238,12903.0666666146,1,True,-1,False,False,RestTask,False,True,-1
1238,12903.0666666146,10,False,67,True,False,ParkPodTask,False,False,2
1238,12903.0666666146,11,False,14,True,False,ParkPodTask,False,False,5
1238,12903.0666666146,3,False,96,True,False,ExtractTask,False,False,4
1238,12903.0666666146,5,False,74,True,False,ExtractTask,True,False,3
1238,12903.0666666146,4,False,23,True,False,ExtractTask,True,False,3
1238,12903.0666666146,12,False,49,True,False,ExtractTask,True,False,2
1238,12903.0666666146,13,True,-1,False,False,RestTask,True,True,-1
1238,12903.0666666146,14,True,-1,False,False,RestTask,True,True,-1
1238,12903.0666666146,7,True,-1,False,False,RestTask,False,True,-1
1239,12909.9555555034,1,True,-1,False,False,RestTask,False,True,-1
1239,12909.9555555034,10,True,-1,False,False,RestTask,False,True,-1
1239,12909.9555555034,11,False,14,True,False,ParkPodTask,False,False,5
1239,12909.9555555034,3,False,96,True,False,ExtractTask,True,False,4
1239,12909.9555555034,5,False,74,True,False,ExtractTask,True,False,3
1239,12909.9555555034,4,False,23,True,False,ExtractTask,True,False,3
1239,12909.9555555034,12,False,49,True,False,ExtractTask,True,False,2
1239,12909.9555555034,13,True,-1,False,False,RestTask,True,True,-1
1239,12909.9555555034,14,True,-1,True,False,ExtractTask,False,False,-1
1239,12909.9555555034,7,True,-1,False,False,RestTask,True,True,-1
1240,12913.1555555033,1,True,-1,False,False,RestTask,True,True,-1
1240,12913.1555555033,10,True,-1,False,False,RestTask,False,True,-1
1240,12913.1555555033,11,False,14,True,False,ParkPodTask,False,False,5
1240,12913.1555555033,3,False,96,True,False,ExtractTask,True,False,4
1240,12913.1555555033,5,False,74,True,False,ExtractTask,True,False,3
1240,12913.1555555033,4,False,23,True,False,ExtractTask,True,False,3
1240,12913.1555555033,12,False,49,True,False,ExtractTask,True,False,2
1240,12913.1555555033,13,True,-1,False,False,RestTask,True,True,-1
1240,12913.1555555033,14,False,11,True,False,ExtractTask,True,False,2
1240,12913.1555555033,7,True,-1,False,False,RestTask,True,True,-1
1241,12923.2444443921,1,True,-1,False,False,RestTask,True,True,-1
1241,12923.2444443921,10,True,-1,False,False,RestTask,True,True,-1
1241,12923.2444443921,11,True,-1,False,False,RestTask,False,True,-1
1241,12923.2444443921,3,False,96,True,False,ExtractTask,True,False,4
1241,12923.2444443921,5,False,74,True,False,ExtractTask,True,False,3
1241,12923.2444443921,4,False,23,True,False,ExtractTask,True,False,3
1241,12923.2444443921,12,False,49,True,False,ExtractTask,True,False,2
1241,12923.2444443921,13,True,-1,False,False,RestTask,True,True,-1
1241,12923.2444443921,14,False,11,True,False,ExtractTask,False,False,2
1241,12923.2444443921,7,False,73,True,False,ExtractTask,False,False,4
1242,12930.0888888364,1,True,-1,False,False,RestTask,True,True,-1
1242,12930.0888888364,10,True,-1,False,False,RestTask,True,True,-1
1242,12930.0888888364,11,True,-1,False,False,RestTask,True,True,-1
1242,12930.0888888364,3,False,96,True,False,ExtractTask,True,False,4
1242,12930.0888888364,5,False,74,True,False,ExtractTask,True,False,3
1242,12930.0888888364,4,False,23,True,False,ExtractTask,True,False,3
1242,12930.0888888364,12,False,49,True,False,ExtractTask,True,False,2
1242,12930.0888888364,13,True,-1,False,False,RestTask,True,True,-1
1242,12930.0888888364,14,False,11,True,False,ExtractTask,False,False,2
1242,12930.0888888364,7,False,73,True,False,ExtractTask,False,False,4
1243,12933.3333332808,1,True,-1,False,False,RestTask,True,True,-1
1243,12933.3333332808,10,True,-1,False,False,RestTask,True,True,-1
1243,12933.3333332808,11,True,-1,False,False,RestTask,True,True,-1
1243,12933.3333332808,3,False,96,True,False,ExtractTask,True,False,4
1243,12933.3333332808,5,False,74,True,False,ExtractTask,True,False,3
1243,12933.3333332808,4,False,23,True,False,ExtractTask,True,False,3
1243,12933.3333332808,12,False,49,True,False,ExtractTask,True,False,2
1243,12933.3333332808,13,True,-1,False,False,RestTask,True,True,-1
1243,12933.3333332808,14,False,11,True,False,ExtractTask,False,False,2
1243,12933.3333332808,7,False,73,True,False,ExtractTask,False,False,4
1244,12950.2222221695,1,True,-1,False,False,RestTask,True,True,-1
1244,12950.2222221695,10,True,-1,False,False,RestTask,True,True,-1
1244,12950.2222221695,11,True,-1,False,False,RestTask,True,True,-1
1244,12950.2222221695,3,False,96,True,False,ExtractTask,True,False,4
1244,12950.2222221695,5,False,74,True,False,ExtractTask,True,False,3
1244,12950.2222221695,4,False,23,True,False,ExtractTask,True,False,2
1244,12950.2222221695,12,False,49,True,False,ExtractTask,True,False,2
1244,12950.2222221695,13,True,-1,False,False,RestTask,True,True,-1
1244,12950.2222221695,14,False,11,True,False,ExtractTask,True,False,2
1244,12950.2222221695,7,False,73,True,False,ExtractTask,True,False,4
1245,12960.3111110582,1,True,-1,False,False,RestTask,True,True,-1
1245,12960.3111110582,10,True,-1,False,False,RestTask,True,True,-1
1245,12960.3111110582,11,True,-1,False,False,RestTask,True,True,-1
1245,12960.3111110582,3,False,96,True,False,ExtractTask,True,False,4
1245,12960.3111110582,5,False,74,True,False,ExtractTask,True,False,3
1245,12960.3111110582,4,False,23,True,False,ExtractTask,True,False,2
1245,12960.3111110582,12,False,49,True,False,ExtractTask,True,False,2
1245,12960.3111110582,13,True,-1,False,False,RestTask,True,True,-1
1245,12960.3111110582,14,False,11,True,False,ExtractTask,True,False,2
1245,12960.3111110582,7,False,73,True,False,ExtractTask,True,False,4
1246,12970.399999947,1,True,-1,False,False,RestTask,True,True,-1
1246,12970.399999947,10,True,-1,False,False,RestTask,True,True,-1
1246,12970.399999947,11,True,-1,False,False,RestTask,True,True,-1
1246,12970.399999947,3,False,96,True,False,ExtractTask,True,False,4
1246,12970.399999947,5,False,74,True,False,ExtractTask,True,False,3
1246,12970.399999947,4,False,23,True,False,ExtractTask,True,False,2
1246,12970.399999947,12,False,49,True,False,ParkPodTask,False,False,1
1246,12970.399999947,13,True,-1,False,False,RestTask,True,True,-1
1246,12970.399999947,14,False,11,True,False,ExtractTask,True,False,2
1246,12970.399999947,7,False,73,True,False,ExtractTask,True,False,4
1247,12990.53333328,1,True,-1,False,False,RestTask,True,True,-1
1247,12990.53333328,10,True,-1,False,False,RestTask,True,True,-1
1247,12990.53333328,11,True,-1,False,False,RestTask,True,True,-1
1247,12990.53333328,3,False,96,True,False,ExtractTask,True,False,4
1247,12990.53333328,5,False,74,True,False,ExtractTask,True,False,3
1247,12990.53333328,4,True,-1,False,False,RestTask,False,True,-1
1247,12990.53333328,12,True,-1,False,False,RestTask,False,True,-1
1247,12990.53333328,13,True,-1,False,False,RestTask,True,True,-1
1247,12990.53333328,14,False,11,True,False,ExtractTask,True,False,2
1247,12990.53333328,7,False,73,True,False,ExtractTask,True,False,4
1248,12993.6444443911,1,True,-1,True,False,ExtractTask,False,False,-1
1248,12993.6444443911,10,True,-1,False,False,RestTask,True,True,-1
1248,12993.6444443911,11,True,-1,False,False,RestTask,True,True,-1
1248,12993.6444443911,3,False,96,True,False,ExtractTask,True,False,4
1248,12993.6444443911,5,False,74,True,False,ExtractTask,True,False,3
1248,12993.6444443911,4,True,-1,False,False,RestTask,False,True,-1
1248,12993.6444443911,12,True,-1,False,False,RestTask,False,True,-1
1248,12993.6444443911,13,True,-1,False,False,RestTask,True,True,-1
1248,12993.6444443911,14,False,11,True,False,ExtractTask,True,False,2
1248,12993.6444443911,7,False,73,True,False,ExtractTask,True,False,4
1249,13000.6222221687,1,True,-1,True,False,ExtractTask,False,False,-1
1249,13000.6222221687,10,True,-1,False,False,RestTask,True,True,-1
1249,13000.6222221687,11,True,-1,False,False,RestTask,True,True,-1
1249,13000.6222221687,3,False,96,True,False,ExtractTask,True,False,4
1249,13000.6222221687,5,False,74,True,False,ExtractTask,True,False,3
1249,13000.6222221687,4,True,-1,False,False,RestTask,False,True,-1
1249,13000.6222221687,12,True,-1,False,False,RestTask,True,True,-1
1249,13000.6222221687,13,True,-1,False,False,RestTask,True,True,-1
1249,13000.6222221687,14,False,11,True,False,ExtractTask,True,False,2
1249,13000.6222221687,7,False,73,True,False,ExtractTask,True,False,4
1250,13010.7111110575,1,False,20,True,False,ExtractTask,False,False,3
1250,13010.7111110575,10,True,-1,False,False,RestTask,True,True,-1
1250,13010.7111110575,11,True,-1,False,False,RestTask,True,True,-1
1250,13010.7111110575,3,False,96,True,False,ExtractTask,True,False,4
1250,13010.7111110575,5,False,74,True,False,ExtractTask,True,False,3
1250,13010.7111110575,4,True,-1,False,False,RestTask,True,True,-1
1250,13010.7111110575,12,True,-1,False,False,RestTask,True,True,-1
1250,13010.7111110575,13,False,29,True,False,ExtractTask,True,False,5
1250,13010.7111110575,14,False,11,True,False,ExtractTask,True,False,2
1250,13010.7111110575,7,False,73,True,False,ExtractTask,True,False,4
1251,13013.7777777241,1,False,20,True,False,ExtractTask,False,False,3
1251,13013.7777777241,10,True,-1,False,False,RestTask,True,True,-1
1251,13013.7777777241,11,True,-1,False,False,RestTask,True,True,-1
1251,13013.7777777241,3,False,96,True,False,ExtractTask,True,False,4
1251,13013.7777777241,5,False,74,True,False,ExtractTask,True,False,3
1251,13013.7777777241,4,True,-1,False,False,RestTask,True,True,-1
1251,13013.7777777241,12,True,-1,False,False,RestTask,True,True,-1
1251,13013.7777777241,13,False,29,True,False,ExtractTask,False,False,5
1251,13013.7777777241,14,False,11,True,False,ExtractTask,True,False,2
1251,13013.7777777241,7,False,73,True,False,ExtractTask,True,False,4
1252,13020.7999999462,1,False,20,True,False,ExtractTask,False,False,3
1252,13020.7999999462,10,True,-1,False,False,RestTask,True,True,-1
1252,13020.7999999462,11,True,-1,False,False,RestTask,True,True,-1
1252,13020.7999999462,3,False,96,True,False,ExtractTask,True,False,4
1252,13020.7999999462,5,False,74,True,False,ExtractTask,True,False,3
1252,13020.7999999462,4,True,-1,False,False,RestTask,True,True,-1
1252,13020.7999999462,12,True,-1,False,False,RestTask,True,True,-1
1252,13020.7999999462,13,False,29,True,False,ExtractTask,False,False,5
1252,13020.7999999462,14,False,11,True,False,ExtractTask,True,False,2
1252,13020.7999999462,7,False,73,True,False,ExtractTask,True,False,4
1253,13030.888888835,1,False,20,True,False,ExtractTask,True,False,3
1253,13030.888888835,10,True,-1,False,False,RestTask,True,True,-1
1253,13030.888888835,11,True,-1,False,False,RestTask,True,True,-1
1253,13030.888888835,3,False,96,True,False,ExtractTask,True,False,4
1253,13030.888888835,5,False,74,True,False,ExtractTask,True,False,2
1253,13030.888888835,4,True,-1,False,False,RestTask,True,True,-1
1253,13030.888888835,12,True,-1,False,False,RestTask,True,True,-1
1253,13030.888888835,13,False,29,True,False,ExtractTask,False,False,5
1253,13030.888888835,14,False,11,True,False,ExtractTask,True,False,2
1253,13030.888888835,7,False,73,True,False,ExtractTask,True,False,4
1254,13051.022222168,1,False,20,True,False,ExtractTask,True,False,3
1254,13051.022222168,10,True,-1,False,False,RestTask,True,True,-1
1254,13051.022222168,11,True,-1,False,False,RestTask,True,True,-1
1254,13051.022222168,3,False,96,True,False,ExtractTask,True,False,3
1254,13051.022222168,5,False,74,True,False,ExtractTask,True,False,2
1254,13051.022222168,4,False,68,True,False,ExtractTask,False,False,4
1254,13051.022222168,12,True,-1,False,False,RestTask,True,True,-1
1254,13051.022222168,13,False,29,True,False,ExtractTask,True,False,5
1254,13051.022222168,14,False,11,True,False,ExtractTask,True,False,2
1254,13051.022222168,7,False,73,True,False,ExtractTask,True,False,4
1255,13064.04444439,1,False,20,True,False,ExtractTask,True,False,3
1255,13064.04444439,10,False,64,True,False,ExtractTask,False,False,4
1255,13064.04444439,11,True,-1,False,False,RestTask,True,True,-1
1255,13064.04444439,3,False,96,True,False,ExtractTask,True,False,3
1255,13064.04444439,5,False,74,True,False,ExtractTask,True,False,2
1255,13064.04444439,4,False,68,True,False,ExtractTask,False,False,4
1255,13064.04444439,12,True,-1,False,False,RestTask,True,True,-1
1255,13064.04444439,13,False,29,True,False,ExtractTask,True,False,5
1255,13064.04444439,14,False,11,True,False,ExtractTask,True,False,2
1255,13064.04444439,7,False,73,True,False,ExtractTask,True,False,4
1256,13074.1333332788,1,False,20,True,False,ExtractTask,True,False,3
1256,13074.1333332788,10,False,64,True,False,ExtractTask,False,False,4
1256,13074.1333332788,11,True,-1,False,False,RestTask,True,True,-1
1256,13074.1333332788,3,False,96,True,False,ExtractTask,True,False,3
1256,13074.1333332788,5,False,74,True,False,ExtractTask,True,False,2
1256,13074.1333332788,4,False,68,True,False,ExtractTask,True,False,4
1256,13074.1333332788,12,True,-1,False,False,RestTask,True,True,-1
1256,13074.1333332788,13,False,29,True,False,ExtractTask,True,False,5
1256,13074.1333332788,14,False,11,True,False,ExtractTask,True,False,2
1256,13074.1333332788,7,False,73,True,False,ExtractTask,True,False,4
1257,13094.2666666118,1,False,20,True,False,ExtractTask,True,False,3
1257,13094.2666666118,10,False,64,True,False,ExtractTask,True,False,4
1257,13094.2666666118,11,True,-1,False,False,RestTask,True,True,-1
1257,13094.2666666118,3,True,-1,False,False,RestTask,False,True,-1
1257,13094.2666666118,5,False,74,True,False,ExtractTask,True,False,1
1257,13094.2666666118,4,False,68,True,False,ExtractTask,True,False,4
1257,13094.2666666118,12,True,-1,False,False,RestTask,True,True,-1
1257,13094.2666666118,13,False,29,True,False,ExtractTask,True,False,5
1257,13094.2666666118,14,False,11,True,False,ParkPodTask,False,False,2
1257,13094.2666666118,7,False,73,True,False,ExtractTask,True,False,4
1258,13114.3999999449,1,False,20,True,False,ExtractTask,True,False,3
1258,13114.3999999449,10,False,64,True,False,ExtractTask,True,False,4
1258,13114.3999999449,11,True,-1,False,False,RestTask,True,True,-1
1258,13114.3999999449,3,True,-1,False,False,RestTask,True,True,-1
1258,13114.3999999449,5,True,-1,False,False,RestTask,False,True,-1
1258,13114.3999999449,4,False,68,True,False,ExtractTask,True,False,4
1258,13114.3999999449,12,False,33,True,False,ExtractTask,False,False,4
1258,13114.3999999449,13,False,29,True,False,ExtractTask,True,False,5
1258,13114.3999999449,14,True,-1,False,False,RestTask,True,True,-1
1258,13114.3999999449,7,False,73,True,False,ExtractTask,True,False,4
1259,13121.3777777225,1,False,20,True,False,ExtractTask,True,False,3
1259,13121.3777777225,10,False,64,True,False,ExtractTask,True,False,4
1259,13121.3777777225,11,True,-1,False,False,RestTask,True,True,-1
1259,13121.3777777225,3,True,-1,False,False,RestTask,True,True,-1
1259,13121.3777777225,5,True,-1,False,False,RestTask,True,True,-1
1259,13121.3777777225,4,False,68,True,False,ExtractTask,True,False,4
1259,13121.3777777225,12,False,33,True,False,ExtractTask,True,False,4
1259,13121.3777777225,13,False,29,True,False,ExtractTask,True,False,5
1259,13121.3777777225,14,True,-1,False,False,RestTask,True,True,-1
1259,13121.3777777225,7,False,73,True,False,ExtractTask,True,False,4
1260,13124.4888888336,1,False,20,True,False,ExtractTask,True,False,3
1260,13124.4888888336,10,False,64,True,False,ExtractTask,True,False,4
1260,13124.4888888336,11,True,-1,False,False,RestTask,True,True,-1
1260,13124.4888888336,3,True,-1,False,False,RestTask,True,True,-1
1260,13124.4888888336,5,True,-1,False,False,RestTask,True,True,-1
1260,13124.4888888336,4,False,68,True,False,ExtractTask,True,False,4
1260,13124.4888888336,12,False,33,True,False,ExtractTask,True,False,4
1260,13124.4888888336,13,False,29,True,False,ExtractTask,True,False,5
1260,13124.4888888336,14,True,-1,False,False,RestTask,True,True,-1
1260,13124.4888888336,7,False,73,True,False,ExtractTask,True,False,4
1261,13134.5777777223,1,False,20,True,False,ExtractTask,True,False,3
1261,13134.5777777223,10,False,64,True,False,ExtractTask,True,False,4
1261,13134.5777777223,11,True,-1,False,False,RestTask,True,True,-1
1261,13134.5777777223,3,True,-1,False,False,RestTask,True,True,-1
1261,13134.5777777223,5,True,-1,False,False,RestTask,True,True,-1
1261,13134.5777777223,4,False,68,True,False,ExtractTask,True,False,4
1261,13134.5777777223,12,False,33,True,False,ExtractTask,True,False,4
1261,13134.5777777223,13,False,29,True,False,ExtractTask,True,False,5
1261,13134.5777777223,14,True,-1,False,False,RestTask,True,True,-1
1261,13134.5777777223,7,False,73,True,False,ExtractTask,True,False,4
1262,13144.6666666111,1,False,20,True,False,ExtractTask,True,False,3
1262,13144.6666666111,10,False,64,True,False,ExtractTask,True,False,4
1262,13144.6666666111,11,True,-1,False,False,RestTask,True,True,-1
1262,13144.6666666111,3,True,-1,False,False,RestTask,True,True,-1
1262,13144.6666666111,5,True,-1,False,False,RestTask,True,True,-1
1262,13144.6666666111,4,False,68,True,False,ExtractTask,True,False,4
1262,13144.6666666111,12,False,33,True,False,ExtractTask,True,False,4
1262,13144.6666666111,13,False,29,True,False,ExtractTask,True,False,5
1262,13144.6666666111,14,True,-1,False,False,RestTask,True,True,-1
1262,13144.6666666111,7,False,73,True,False,ExtractTask,True,False,4
1263,13154.7555554998,1,False,20,True,False,ExtractTask,True,False,3
1263,13154.7555554998,10,False,64,True,False,ExtractTask,True,False,4
1263,13154.7555554998,11,True,-1,False,False,RestTask,True,True,-1
1263,13154.7555554998,3,True,-1,False,False,RestTask,True,True,-1
1263,13154.7555554998,5,True,-1,False,False,RestTask,True,True,-1
1263,13154.7555554998,4,False,68,True,False,ExtractTask,True,False,4
1263,13154.7555554998,12,False,33,True,False,ExtractTask,True,False,4
1263,13154.7555554998,13,False,29,True,False,ExtractTask,True,False,5
1263,13154.7555554998,14,True,-1,False,False,RestTask,True,True,-1
1263,13154.7555554998,7,False,73,True,False,ParkPodTask,False,False,3
1264,13164.8444443886,1,False,20,True,False,ExtractTask,True,False,3
1264,13164.8444443886,10,False,64,True,False,ExtractTask,True,False,4
1264,13164.8444443886,11,True,-1,False,False,RestTask,True,True,-1
1264,13164.8444443886,3,True,-1,True,False,ExtractTask,False,False,-1
1264,13164.8444443886,5,True,-1,False,False,RestTask,True,True,-1
1264,13164.8444443886,4,False,68,True,False,ExtractTask,True,False,4
1264,13164.8444443886,12,False,33,True,False,ExtractTask,True,False,4
1264,13164.8444443886,13,False,29,True,False,ExtractTask,True,False,5
1264,13164.8444443886,14,True,-1,False,False,RestTask,True,True,-1
1264,13164.8444443886,7,True,-1,False,False,RestTask,False,True,-1
1265,13174.9333332773,1,False,20,True,False,ExtractTask,True,False,3
1265,13174.9333332773,10,False,64,True,False,ExtractTask,True,False,4
1265,13174.9333332773,11,True,-1,False,False,RestTask,True,True,-1
1265,13174.9333332773,3,False,47,True,False,ExtractTask,False,False,3
1265,13174.9333332773,5,False,60,True,False,ExtractTask,False,False,3
1265,13174.9333332773,4,False,68,True,False,ExtractTask,True,False,4
1265,13174.9333332773,12,False,33,True,False,ExtractTask,True,False,4
1265,13174.9333332773,13,False,29,True,False,ExtractTask,True,False,5
1265,13174.9333332773,14,True,-1,False,False,RestTask,True,True,-1
1265,13174.9333332773,7,True,-1,False,False,RestTask,True,True,-1
1266,13185.0222221661,1,False,20,True,False,ExtractTask,True,False,3
1266,13185.0222221661,10,False,64,True,False,ExtractTask,True,False,4
1266,13185.0222221661,11,True,-1,False,False,RestTask,True,True,-1
1266,13185.0222221661,3,False,47,True,False,ExtractTask,False,False,3
1266,13185.0222221661,5,False,60,True,False,ExtractTask,False,False,3
1266,13185.0222221661,4,False,68,True,False,ExtractTask,True,False,4
1266,13185.0222221661,12,False,33,True,False,ExtractTask,True,False,4
1266,13185.0222221661,13,False,29,True,False,ExtractTask,True,False,5
1266,13185.0222221661,14,True,-1,False,False,RestTask,True,True,-1
1266,13185.0222221661,7,True,-1,True,False,ExtractTask,False,False,-1
1267,13195.1111110548,1,False,20,True,False,ExtractTask,True,False,3
1267,13195.1111110548,10,False,64,True,False,ExtractTask,True,False,4
1267,13195.1111110548,11,True,-1,False,False,RestTask,True,True,-1
1267,13195.1111110548,3,False,47,True,False,ExtractTask,True,False,3
1267,13195.1111110548,5,False,60,True,False,ExtractTask,False,False,3
1267,13195.1111110548,4,False,68,True,False,ExtractTask,True,False,4
1267,13195.1111110548,12,False,33,True,False,ExtractTask,True,False,4
1267,13195.1111110548,13,False,29,True,False,ExtractTask,True,False,5
1267,13195.1111110548,14,True,-1,False,False,RestTask,True,True,-1
1267,13195.1111110548,7,False,39,True,False,ExtractTask,False,False,2
1268,13201.7777777214,1,False,20,True,False,ExtractTask,True,False,3
1268,13201.7777777214,10,False,64,True,False,ExtractTask,True,False,4
1268,13201.7777777214,11,True,-1,False,False,RestTask,True,True,-1
1268,13201.7777777214,3,False,47,True,False,ExtractTask,True,False,3
1268,13201.7777777214,5,False,60,True,False,ExtractTask,False,False,3
1268,13201.7777777214,4,False,68,True,False,ExtractTask,True,False,4
1268,13201.7777777214,12,False,33,True,False,ExtractTask,True,False,3
1268,13201.7777777214,13,False,29,True,False,ExtractTask,True,False,5
1268,13201.7777777214,14,True,-1,False,False,RestTask,True,True,-1
1268,13201.7777777214,7,False,39,True,False,ExtractTask,False,False,2
1269,13205.1999999435,1,False,20,True,False,ExtractTask,True,False,3
1269,13205.1999999435,10,False,64,True,False,ExtractTask,True,False,4
1269,13205.1999999435,11,True,-1,False,False,RestTask,True,True,-1
1269,13205.1999999435,3,False,47,True,False,ExtractTask,True,False,3
1269,13205.1999999435,5,False,60,True,False,ExtractTask,False,False,3
1269,13205.1999999435,4,False,68,True,False,ExtractTask,True,False,4
1269,13205.1999999435,12,False,33,True,False,ExtractTask,True,False,3
1269,13205.1999999435,13,False,29,True,False,ExtractTask,True,False,5
1269,13205.1999999435,14,True,-1,False,False,RestTask,True,True,-1
1269,13205.1999999435,7,False,39,True,False,ExtractTask,False,False,2
1270,13255.4666666095,1,False,20,True,False,ParkPodTask,False,False,2
1270,13255.4666666095,10,False,64,True,False,ExtractTask,True,False,4
1270,13255.4666666095,11,True,-1,False,False,RestTask,True,True,-1
1270,13255.4666666095,3,False,47,True,False,ParkPodTask,False,False,3
1270,13255.4666666095,5,False,60,True,False,ExtractTask,True,False,3
1270,13255.4666666095,4,False,68,True,False,ExtractTask,True,False,4
1270,13255.4666666095,12,True,-1,False,False,RestTask,False,True,-1
1270,13255.4666666095,13,False,29,True,False,ExtractTask,True,False,4
1270,13255.4666666095,14,True,-1,False,False,RestTask,True,True,-1
1270,13255.4666666095,7,False,39,True,False,ExtractTask,True,False,2
1271,13262.0888888316,1,True,-1,False,False,RestTask,True,True,-1
1271,13262.0888888316,10,False,64,True,False,ExtractTask,True,False,4
1271,13262.0888888316,11,True,-1,False,False,RestTask,True,True,-1
1271,13262.0888888316,3,False,47,True,False,ParkPodTask,False,False,3
1271,13262.0888888316,5,False,60,True,False,ExtractTask,True,False,3
1271,13262.0888888316,4,False,68,True,False,ExtractTask,True,False,4
1271,13262.0888888316,12,True,-1,False,False,RestTask,False,True,-1
1271,13262.0888888316,13,False,29,True,False,ExtractTask,True,False,4
1271,13262.0888888316,14,True,-1,False,False,RestTask,True,True,-1
1271,13262.0888888316,7,False,39,True,False,ExtractTask,True,False,2
1272,13275.5999999425,1,True,-1,False,False,RestTask,True,True,-1
1272,13275.5999999425,10,False,64,True,False,ExtractTask,True,False,4
1272,13275.5999999425,11,True,-1,False,False,RestTask,True,True,-1
1272,13275.5999999425,3,True,-1,False,False,RestTask,True,True,-1
1272,13275.5999999425,5,False,60,True,False,ExtractTask,True,False,3
1272,13275.5999999425,4,False,68,True,False,ExtractTask,True,False,4
1272,13275.5999999425,12,True,-1,False,False,RestTask,True,True,-1
1272,13275.5999999425,13,False,29,True,False,ExtractTask,True,False,4
1272,13275.5999999425,14,True,-1,False,False,RestTask,True,True,-1
1272,13275.5999999425,7,False,39,True,False,ExtractTask,True,False,2
1273,13282.2222221646,1,True,-1,False,False,RestTask,True,True,-1
1273,13282.2222221646,10,False,64,True,False,ExtractTask,True,False,4
1273,13282.2222221646,11,True,-1,False,False,RestTask,True,True,-1
1273,13282.2222221646,3,True,-1,False,False,RestTask,True,True,-1
1273,13282.2222221646,5,False,60,True,False,ExtractTask,True,False,3
1273,13282.2222221646,4,False,68,True,False,ExtractTask,True,False,4
1273,13282.2222221646,12,True,-1,False,False,RestTask,True,True,-1
1273,13282.2222221646,13,False,29,True,False,ExtractTask,True,False,4
1273,13282.2222221646,14,True,-1,False,False,RestTask,True,True,-1
1273,13282.2222221646,7,False,39,True,False,ExtractTask,True,False,2
1274,13312.399999942,1,True,-1,False,False,RestTask,True,True,-1
1274,13312.399999942,10,False,64,True,False,ExtractTask,True,False,4
1274,13312.399999942,11,True,-1,False,False,RestTask,True,True,-1
1274,13312.399999942,3,True,-1,False,False,RestTask,True,True,-1
1274,13312.399999942,5,False,60,True,False,ExtractTask,True,False,3
1274,13312.399999942,4,False,68,True,False,ExtractTask,True,False,4
1274,13312.399999942,12,True,-1,False,False,RestTask,True,True,-1
1274,13312.399999942,13,False,29,True,False,ExtractTask,True,False,3
1274,13312.399999942,14,True,-1,False,False,RestTask,True,True,-1
1274,13312.399999942,7,False,39,True,False,ExtractTask,True,False,2
1275,13315.8222221642,1,True,-1,False,False,RestTask,True,True,-1
1275,13315.8222221642,10,False,64,True,False,ExtractTask,True,False,4
1275,13315.8222221642,11,True,-1,False,False,RestTask,True,True,-1
1275,13315.8222221642,3,True,-1,False,False,RestTask,True,True,-1
1275,13315.8222221642,5,False,60,True,False,ExtractTask,True,False,3
1275,13315.8222221642,4,False,68,True,False,ExtractTask,True,False,4
1275,13315.8222221642,12,True,-1,False,False,RestTask,True,True,-1
1275,13315.8222221642,13,False,29,True,False,ExtractTask,True,False,3
1275,13315.8222221642,14,True,-1,False,False,RestTask,True,True,-1
1275,13315.8222221642,7,False,39,True,False,ExtractTask,True,False,2
1276,13332.533333275,1,True,-1,False,False,RestTask,True,True,-1
1276,13332.533333275,10,False,64,True,False,ExtractTask,True,False,4
1276,13332.533333275,11,True,-1,False,False,RestTask,True,True,-1
1276,13332.533333275,3,True,-1,False,False,RestTask,True,True,-1
1276,13332.533333275,5,False,60,True,False,ExtractTask,True,False,3
1276,13332.533333275,4,False,68,True,False,ExtractTask,True,False,4
1276,13332.533333275,12,True,-1,False,False,RestTask,True,True,-1
1276,13332.533333275,13,False,29,True,False,ExtractTask,True,False,3
1276,13332.533333275,14,True,-1,False,False,RestTask,True,True,-1
1276,13332.533333275,7,False,39,True,False,ExtractTask,True,False,2
1277,13335.9555554972,1,True,-1,False,False,RestTask,True,True,-1
1277,13335.9555554972,10,False,64,True,False,ExtractTask,True,False,4
1277,13335.9555554972,11,True,-1,False,False,RestTask,True,True,-1
1277,13335.9555554972,3,True,-1,False,False,RestTask,True,True,-1
1277,13335.9555554972,5,False,60,True,False,ExtractTask,True,False,3
1277,13335.9555554972,4,False,68,True,False,ExtractTask,True,False,4
1277,13335.9555554972,12,True,-1,False,False,RestTask,True,True,-1
1277,13335.9555554972,13,False,29,True,False,ExtractTask,True,False,3
1277,13335.9555554972,14,True,-1,False,False,RestTask,True,True,-1
1277,13335.9555554972,7,False,39,True,False,ExtractTask,True,False,2
1278,13352.6666666081,1,True,-1,False,False,RestTask,True,True,-1
1278,13352.6666666081,10,False,64,True,False,ExtractTask,True,False,4
1278,13352.6666666081,11,True,-1,False,False,RestTask,True,True,-1
1278,13352.6666666081,3,True,-1,False,False,RestTask,True,True,-1
1278,13352.6666666081,5,False,60,True,False,ParkPodTask,False,False,3
1278,13352.6666666081,4,False,68,True,False,ExtractTask,True,False,4
1278,13352.6666666081,12,True,-1,False,False,RestTask,True,True,-1
1278,13352.6666666081,13,False,29,True,False,ParkPodTask,False,False,3
1278,13352.6666666081,14,True,-1,False,False,RestTask,True,True,-1
1278,13352.6666666081,7,False,39,True,False,ExtractTask,False,False,2
1279,13356.0888888302,1,True,-1,False,False,RestTask,True,True,-1
1279,13356.0888888302,10,False,64,True,False,ExtractTask,True,False,4
1279,13356.0888888302,11,True,-1,True,False,ExtractTask,False,False,-1
1279,13356.0888888302,3,True,-1,False,False,RestTask,True,True,-1
1279,13356.0888888302,5,False,60,True,False,ParkPodTask,False,False,3
1279,13356.0888888302,4,False,68,True,False,ExtractTask,True,False,4
1279,13356.0888888302,12,True,-1,False,False,RestTask,True,True,-1
1279,13356.0888888302,13,False,29,True,False,ParkPodTask,False,False,3
1279,13356.0888888302,14,True,-1,False,False,RestTask,True,True,-1
1279,13356.0888888302,7,False,39,True,False,ExtractTask,True,False,2
1280,13362.7555554968,1,True,-1,False,False,RestTask,True,True,-1
1280,13362.7555554968,10,False,64,True,False,ExtractTask,True,False,4
1280,13362.7555554968,11,True,-1,True,False,ExtractTask,False,False,-1
1280,13362.7555554968,3,True,-1,False,False,RestTask,True,True,-1
1280,13362.7555554968,5,False,60,True,False,ParkPodTask,False,False,3
1280,13362.7555554968,4,False,68,True,False,ExtractTask,True,False,4
1280,13362.7555554968,12,True,-1,False,False,RestTask,True,True,-1
1280,13362.7555554968,13,True,-1,False,False,RestTask,False,True,-1
1280,13362.7555554968,14,True,-1,False,False,RestTask,True,True,-1
1280,13362.7555554968,7,False,39,True,False,ExtractTask,True,False,2
1281,13366.177777719,1,True,-1,False,False,RestTask,True,True,-1
1281,13366.177777719,10,False,64,True,False,ExtractTask,True,False,4
1281,13366.177777719,11,False,14,True,False,ExtractTask,False,False,5
1281,13366.177777719,3,True,-1,False,False,RestTask,True,True,-1
1281,13366.177777719,5,True,-1,False,False,ParkPodTask,True,True,-1
1281,13366.177777719,4,False,68,True,False,ExtractTask,True,False,3
1281,13366.177777719,12,True,-1,False,False,RestTask,True,True,-1
1281,13366.177777719,13,True,-1,False,False,RestTask,False,True,-1
1281,13366.177777719,14,True,-1,False,False,RestTask,True,True,-1
1281,13366.177777719,7,False,39,True,False,ExtractTask,True,False,2
1282,13372.8444443855,1,True,-1,False,False,RestTask,True,True,-1
1282,13372.8444443855,10,False,64,True,False,ExtractTask,True,False,4
1282,13372.8444443855,11,False,14,True,False,ExtractTask,False,False,5
1282,13372.8444443855,3,True,-1,False,False,RestTask,True,True,-1
1282,13372.8444443855,5,True,-1,False,False,RestTask,False,True,-1
1282,13372.8444443855,4,False,68,True,False,ExtractTask,True,False,3
1282,13372.8444443855,12,True,-1,False,False,RestTask,True,True,-1
1282,13372.8444443855,13,True,-1,False,False,RestTask,True,True,-1
1282,13372.8444443855,14,True,-1,False,False,RestTask,True,True,-1
1282,13372.8444443855,7,False,39,True,False,ExtractTask,True,False,2
1283,13396.3555554963,1,True,-1,False,False,RestTask,True,True,-1
1283,13396.3555554963,10,False,64,True,False,ExtractTask,True,False,4
1283,13396.3555554963,11,False,14,True,False,ExtractTask,True,False,5
1283,13396.3555554963,3,True,-1,False,False,RestTask,True,True,-1
1283,13396.3555554963,5,True,-1,False,False,RestTask,True,True,-1
1283,13396.3555554963,4,False,68,True,False,ExtractTask,True,False,3
1283,13396.3555554963,12,True,-1,False,False,RestTask,True,True,-1
1283,13396.3555554963,13,True,-1,False,False,RestTask,True,True,-1
1283,13396.3555554963,14,True,-1,False,False,RestTask,True,True,-1
1283,13396.3555554963,7,False,39,True,False,ExtractTask,True,False,2
1284,13426.5333332737,1,True,-1,False,False,RestTask,True,True,-1
1284,13426.5333332737,10,False,64,True,False,ExtractTask,True,False,4
1284,13426.5333332737,11,False,14,True,False,ExtractTask,True,False,5
1284,13426.5333332737,3,True,-1,False,False,RestTask,True,True,-1
1284,13426.5333332737,5,True,-1,False,False,RestTask,True,True,-1
1284,13426.5333332737,4,False,68,True,False,ExtractTask,True,False,3
1284,13426.5333332737,12,True,-1,False,False,RestTask,True,True,-1
1284,13426.5333332737,13,True,-1,False,False,RestTask,True,True,-1
1284,13426.5333332737,14,True,-1,False,False,RestTask,True,True,-1
1284,13426.5333332737,7,False,39,True,False,ExtractTask,True,False,2
1285,13433.1555554958,1,True,-1,False,False,RestTask,True,True,-1
1285,13433.1555554958,10,False,64,True,False,ExtractTask,True,False,4
1285,13433.1555554958,11,False,14,True,False,ExtractTask,True,False,5
1285,13433.1555554958,3,True,-1,False,False,RestTask,True,True,-1
1285,13433.1555554958,5,True,-1,False,False,RestTask,True,True,-1
1285,13433.1555554958,4,False,68,True,False,ExtractTask,True,False,3
1285,13433.1555554958,12,True,-1,False,False,RestTask,True,True,-1
1285,13433.1555554958,13,True,-1,False,False,RestTask,True,True,-1
1285,13433.1555554958,14,True,-1,False,False,RestTask,True,True,-1
1285,13433.1555554958,7,False,39,True,False,ExtractTask,True,False,2
1286,13446.6666666067,1,True,-1,False,False,RestTask,True,True,-1
1286,13446.6666666067,10,False,64,True,False,ExtractTask,True,False,4
1286,13446.6666666067,11,False,14,True,False,ExtractTask,True,False,5
1286,13446.6666666067,3,True,-1,False,False,RestTask,True,True,-1
1286,13446.6666666067,5,True,-1,False,False,RestTask,True,True,-1
1286,13446.6666666067,4,False,68,True,False,ExtractTask,True,False,3
1286,13446.6666666067,12,True,-1,False,False,RestTask,True,True,-1
1286,13446.6666666067,13,True,-1,False,False,RestTask,True,True,-1
1286,13446.6666666067,14,True,-1,False,False,RestTask,True,True,-1
1286,13446.6666666067,7,False,39,True,False,ExtractTask,True,False,2
1287,13453.2888888288,1,True,-1,False,False,RestTask,True,True,-1
1287,13453.2888888288,10,False,64,True,False,ExtractTask,True,False,4
1287,13453.2888888288,11,False,14,True,False,ExtractTask,True,False,5
1287,13453.2888888288,3,True,-1,False,False,RestTask,True,True,-1
1287,13453.2888888288,5,True,-1,False,False,RestTask,True,True,-1
1287,13453.2888888288,4,False,68,True,False,ExtractTask,True,False,3
1287,13453.2888888288,12,True,-1,True,False,ExtractTask,False,False,-1
1287,13453.2888888288,13,True,-1,False,False,RestTask,True,True,-1
1287,13453.2888888288,14,True,-1,False,False,RestTask,True,True,-1
1287,13453.2888888288,7,False,39,True,False,ExtractTask,True,False,2
1288,13463.3777777176,1,False,15,True,False,ExtractTask,True,False,4
1288,13463.3777777176,10,False,64,True,False,ExtractTask,True,False,4
1288,13463.3777777176,11,False,14,True,False,ExtractTask,True,False,5
1288,13463.3777777176,3,True,-1,False,False,RestTask,True,True,-1
1288,13463.3777777176,5,True,-1,False,False,RestTask,True,True,-1
1288,13463.3777777176,4,False,68,True,False,ExtractTask,True,False,3
1288,13463.3777777176,12,False,72,True,False,ExtractTask,False,False,3
1288,13463.3777777176,13,True,-1,True,False,ExtractTask,False,False,-1
1288,13463.3777777176,14,True,-1,True,False,ExtractTask,False,False,-1
1288,13463.3777777176,7,False,39,True,False,ExtractTask,True,False,2
1289,13466.7999999397,1,False,15,True,False,ExtractTask,False,False,4
1289,13466.7999999397,10,False,64,True,False,ExtractTask,True,False,4
1289,13466.7999999397,11,False,14,True,False,ExtractTask,True,False,5
1289,13466.7999999397,3,True,-1,False,False,RestTask,True,True,-1
1289,13466.7999999397,5,True,-1,False,False,RestTask,True,True,-1
1289,13466.7999999397,4,False,68,True,False,ExtractTask,True,False,3
1289,13466.7999999397,12,False,72,True,False,ExtractTask,False,False,3
1289,13466.7999999397,13,False,21,True,False,ExtractTask,True,False,4
1289,13466.7999999397,14,False,36,True,False,ExtractTask,False,False,4
1289,13466.7999999397,7,False,39,True,False,ExtractTask,True,False,2
1290,13476.8888888285,1,False,15,True,False,ExtractTask,False,False,4
1290,13476.8888888285,10,False,64,True,False,ExtractTask,True,False,4
1290,13476.8888888285,11,False,14,True,False,ExtractTask,True,False,5
1290,13476.8888888285,3,True,-1,False,False,RestTask,True,True,-1
1290,13476.8888888285,5,True,-1,True,False,ExtractTask,False,False,-1
1290,13476.8888888285,4,False,68,True,False,ExtractTask,True,False,2
1290,13476.8888888285,12,False,72,True,False,ExtractTask,False,False,3
1290,13476.8888888285,13,False,21,True,False,ExtractTask,False,False,4
1290,13476.8888888285,14,False,36,True,False,ExtractTask,False,False,4
1290,13476.8888888285,7,False,39,True,False,ExtractTask,True,False,2
1291,13486.9777777172,1,False,15,True,False,ExtractTask,False,False,4
1291,13486.9777777172,10,False,64,True,False,ExtractTask,True,False,4
1291,13486.9777777172,11,False,14,True,False,ExtractTask,True,False,5
1291,13486.9777777172,3,True,-1,False,False,RestTask,True,True,-1
1291,13486.9777777172,5,False,85,True,False,ExtractTask,False,False,2
1291,13486.9777777172,4,False,68,True,False,ParkPodTask,False,False,2
1291,13486.9777777172,12,False,72,True,False,ExtractTask,True,False,3
1291,13486.9777777172,13,False,21,True,False,ExtractTask,True,False,4
1291,13486.9777777172,14,False,36,True,False,ExtractTask,False,False,4
1291,13486.9777777172,7,False,39,True,False,ExtractTask,True,False,2
1292,13497.066666606,1,False,15,True,False,ExtractTask,True,False,4
1292,13497.066666606,10,False,64,True,False,ExtractTask,True,False,4
1292,13497.066666606,11,False,14,True,False,ExtractTask,True,False,5
1292,13497.066666606,3,True,-1,False,False,RestTask,True,True,-1
1292,13497.066666606,5,False,85,True,False,ExtractTask,False,False,2
1292,13497.066666606,4,False,68,True,False,ParkPodTask,False,False,2
1292,13497.066666606,12,False,72,True,False,ExtractTask,True,False,3
1292,13497.066666606,13,False,21,True,False,ExtractTask,False,False,4
1292,13497.066666606,14,False,36,True,False,ExtractTask,False,False,4
1292,13497.066666606,7,False,39,True,False,ExtractTask,True,False,2
1293,13503.5999999392,1,False,15,True,False,ExtractTask,True,False,4
1293,13503.5999999392,10,False,64,True,False,ExtractTask,True,False,4
1293,13503.5999999392,11,False,14,True,False,ExtractTask,True,False,5
1293,13503.5999999392,3,True,-1,False,False,RestTask,True,True,-1
1293,13503.5999999392,5,False,85,True,False,ExtractTask,True,False,2
1293,13503.5999999392,4,True,-1,False,False,RestTask,False,True,-1
1293,13503.5999999392,12,False,72,True,False,ExtractTask,True,False,3
1293,13503.5999999392,13,False,21,True,False,ExtractTask,True,False,4
1293,13503.5999999392,14,False,36,True,False,ExtractTask,False,False,4
1293,13503.5999999392,7,False,39,True,False,ExtractTask,True,False,2
1294,13523.7333332722,1,False,15,True,False,ExtractTask,True,False,4
1294,13523.7333332722,10,False,64,True,False,ExtractTask,True,False,4
1294,13523.7333332722,11,False,14,True,False,ExtractTask,True,False,5
1294,13523.7333332722,3,True,-1,False,False,RestTask,True,True,-1
1294,13523.7333332722,5,False,85,True,False,ExtractTask,True,False,2
1294,13523.7333332722,4,True,-1,False,False,RestTask,True,True,-1
1294,13523.7333332722,12,False,72,True,False,ExtractTask,True,False,3
1294,13523.7333332722,13,False,21,True,False,ExtractTask,True,False,4
1294,13523.7333332722,14,False,36,True,False,ExtractTask,True,False,4
1294,13523.7333332722,7,False,39,True,False,ExtractTask,True,False,1
1295,13527.2444443833,1,False,15,True,False,ExtractTask,True,False,4
1295,13527.2444443833,10,False,64,True,False,ExtractTask,True,False,4
1295,13527.2444443833,11,False,14,True,False,ExtractTask,True,False,5
1295,13527.2444443833,3,True,-1,False,False,RestTask,True,True,-1
1295,13527.2444443833,5,False,85,True,False,ExtractTask,True,False,2
1295,13527.2444443833,4,True,-1,False,False,RestTask,True,True,-1
1295,13527.2444443833,12,False,72,True,False,ExtractTask,True,False,3
1295,13527.2444443833,13,False,21,True,False,ExtractTask,True,False,4
1295,13527.2444443833,14,False,36,True,False,ExtractTask,True,False,4
1295,13527.2444443833,7,False,39,True,False,ExtractTask,True,False,1
1296,13533.822222161,1,False,15,True,False,ExtractTask,True,False,4
1296,13533.822222161,10,False,64,True,False,ExtractTask,True,False,4
1296,13533.822222161,11,False,14,True,False,ExtractTask,True,False,5
1296,13533.822222161,3,True,-1,False,False,RestTask,True,True,-1
1296,13533.822222161,5,False,85,True,False,ExtractTask,True,False,2
1296,13533.822222161,4,True,-1,False,False,RestTask,True,True,-1
1296,13533.822222161,12,False,72,True,False,ExtractTask,False,False,3
1296,13533.822222161,13,False,21,True,False,ExtractTask,True,False,4
1296,13533.822222161,14,False,36,True,False,ExtractTask,True,False,4
1296,13533.822222161,7,False,39,True,False,ParkPodTask,False,False,0
1297,13547.3777777163,1,False,15,True,False,ExtractTask,True,False,4
1297,13547.3777777163,10,False,64,True,False,ExtractTask,True,False,4
1297,13547.3777777163,11,False,14,True,False,ExtractTask,True,False,5
1297,13547.3777777163,3,True,-1,False,False,RestTask,True,True,-1
1297,13547.3777777163,5,False,85,True,False,ExtractTask,True,False,2
1297,13547.3777777163,4,False,19,True,False,ExtractTask,False,False,3
1297,13547.3777777163,12,False,72,True,False,ExtractTask,True,False,3
1297,13547.3777777163,13,False,21,True,False,ExtractTask,True,False,4
1297,13547.3777777163,14,False,36,True,False,ExtractTask,True,False,4
1297,13547.3777777163,7,True,-1,False,False,RestTask,False,True,-1
1298,13597.6444443823,1,False,15,True,False,ExtractTask,True,False,4
1298,13597.6444443823,10,False,64,True,False,ExtractTask,True,False,4
1298,13597.6444443823,11,False,14,True,False,ExtractTask,True,False,5
1298,13597.6444443823,3,False,13,True,False,ExtractTask,True,False,5
1298,13597.6444443823,5,False,85,True,False,ExtractTask,True,False,2
1298,13597.6444443823,4,False,19,True,False,ExtractTask,True,False,3
1298,13597.6444443823,12,True,-1,False,False,RestTask,False,True,-1
1298,13597.6444443823,13,False,21,True,False,ExtractTask,True,False,4
1298,13597.6444443823,14,False,36,True,False,ExtractTask,True,False,4
1298,13597.6444443823,7,False,58,True,False,ExtractTask,True,False,4
1299,13607.733333271,1,False,15,True,False,ExtractTask,True,False,4
1299,13607.733333271,10,False,64,True,False,ParkPodTask,False,False,4
1299,13607.733333271,11,False,14,True,False,ExtractTask,True,False,5
1299,13607.733333271,3,False,13,True,False,ExtractTask,True,False,5
1299,13607.733333271,5,False,85,True,False,ExtractTask,True,False,2
1299,13607.733333271,4,False,19,True,False,ExtractTask,True,False,3
1299,13607.733333271,12,True,-1,False,False,RestTask,True,True,-1
1299,13607.733333271,13,False,21,True,False,ExtractTask,True,False,4
1299,13607.733333271,14,False,36,True,False,ExtractTask,True,False,4
1299,13607.733333271,7,False,58,True,False,ExtractTask,True,False,4
1300,13617.8222221598,1,False,15,True,False,ExtractTask,True,False,4
1300,13617.8222221598,10,False,64,True,False,ParkPodTask,False,False,4
1300,13617.8222221598,11,False,14,True,False,ParkPodTask,False,False,5
1300,13617.8222221598,3,False,13,True,False,ExtractTask,True,False,5
1300,13617.8222221598,5,False,85,True,False,ExtractTask,True,False,1
1300,13617.8222221598,4,False,19,True,False,ExtractTask,False,False,3
1300,13617.8222221598,12,True,-1,False,False,RestTask,True,True,-1
1300,13617.8222221598,13,False,21,True,False,ExtractTask,True,False,4
1300,13617.8222221598,14,False,36,True,False,ExtractTask,True,False,4
1300,13617.8222221598,7,False,58,True,False,ExtractTask,True,False,4
1301,13624.2666666041,1,False,15,True,False,ExtractTask,True,False,4
1301,13624.2666666041,10,True,-1,False,False,RestTask,False,True,-1
1301,13624.2666666041,11,False,14,True,False,ParkPodTask,False,False,5
1301,13624.2666666041,3,False,13,True,False,ExtractTask,True,False,5
1301,13624.2666666041,5,False,85,True,False,ExtractTask,True,False,1
1301,13624.2666666041,4,False,19,True,False,ExtractTask,True,False,3
1301,13624.2666666041,12,True,-1,False,False,RestTask,True,True,-1
1301,13624.2666666041,13,False,21,True,False,ExtractTask,True,False,4
1301,13624.2666666041,14,False,36,True,False,ExtractTask,False,False,4
1301,13624.2666666041,7,False,58,True,False,ExtractTask,True,False,4
1302,13637.9555554928,1,False,15,True,False,ExtractTask,True,False,4
1302,13637.9555554928,10,True,-1,False,False,RestTask,True,True,-1
1302,13637.9555554928,11,True,-1,False,False,RestTask,False,True,-1
1302,13637.9555554928,3,False,13,True,False,ExtractTask,True,False,5
1302,13637.9555554928,5,False,85,True,False,ExtractTask,True,False,1
1302,13637.9555554928,4,False,19,True,False,ExtractTask,True,False,3
1302,13637.9555554928,12,True,-1,False,False,RestTask,True,True,-1
1302,13637.9555554928,13,False,21,True,False,ExtractTask,True,False,4
1302,13637.9555554928,14,False,36,True,False,ExtractTask,True,False,4
1302,13637.9555554928,7,False,58,True,False,ExtractTask,True,False,4
1303,13648.0444443815,1,False,15,True,False,ExtractTask,True,False,4
1303,13648.0444443815,10,True,-1,False,False,RestTask,True,True,-1
1303,13648.0444443815,11,True,-1,False,False,RestTask,True,True,-1
1303,13648.0444443815,3,False,13,True,False,ExtractTask,True,False,5
1303,13648.0444443815,5,False,85,True,False,ParkPodTask,False,False,1
1303,13648.0444443815,4,False,19,True,False,ExtractTask,True,False,3
1303,13648.0444443815,12,True,-1,False,False,RestTask,True,True,-1
1303,13648.0444443815,13,False,21,True,False,ExtractTask,True,False,4
1303,13648.0444443815,14,False,36,True,False,ExtractTask,True,False,4
1303,13648.0444443815,7,False,58,True,False,ExtractTask,True,False,4
1304,13654.4444443815,1,False,15,True,False,ExtractTask,True,False,4
1304,13654.4444443815,10,True,-1,False,False,RestTask,True,True,-1
1304,13654.4444443815,11,True,-1,False,False,RestTask,True,True,-1
1304,13654.4444443815,3,False,13,True,False,ExtractTask,True,False,5
1304,13654.4444443815,5,False,85,True,False,ParkPodTask,False,False,1
1304,13654.4444443815,4,False,19,True,False,ExtractTask,True,False,3
1304,13654.4444443815,12,True,-1,False,False,RestTask,True,True,-1
1304,13654.4444443815,13,False,21,True,False,ExtractTask,True,False,4
1304,13654.4444443815,14,False,36,True,False,ExtractTask,True,False,4
1304,13654.4444443815,7,False,58,True,False,ExtractTask,True,False,4
1305,13678.2222221589,1,False,15,True,False,ExtractTask,True,False,4
1305,13678.2222221589,10,True,-1,False,False,RestTask,True,True,-1
1305,13678.2222221589,11,True,-1,False,False,RestTask,True,True,-1
1305,13678.2222221589,3,False,13,True,False,ExtractTask,True,False,4
1305,13678.2222221589,5,True,-1,False,False,RestTask,True,True,-1
1305,13678.2222221589,4,False,19,True,False,ExtractTask,True,False,3
1305,13678.2222221589,12,True,-1,False,False,RestTask,True,True,-1
1305,13678.2222221589,13,False,21,True,False,ExtractTask,True,False,4
1305,13678.2222221589,14,False,36,True,False,ExtractTask,True,False,4
1305,13678.2222221589,7,False,58,True,False,ExtractTask,True,False,4
1306,13688.3111110476,1,False,15,True,False,ParkPodTask,False,False,4
1306,13688.3111110476,10,True,-1,False,False,RestTask,True,True,-1
1306,13688.3111110476,11,True,-1,False,False,RestTask,True,True,-1
1306,13688.3111110476,3,False,13,True,False,ExtractTask,True,False,4
1306,13688.3111110476,5,True,-1,False,False,RestTask,True,True,-1
1306,13688.3111110476,4,False,19,True,False,ExtractTask,True,False,3
1306,13688.3111110476,12,True,-1,False,False,RestTask,True,True,-1
1306,13688.3111110476,13,False,21,True,False,ExtractTask,True,False,4
1306,13688.3111110476,14,False,36,True,False,ExtractTask,True,False,4
1306,13688.3111110476,7,False,58,True,False,ExtractTask,True,False,4
1307,13698.3999999364,1,False,15,True,False,ParkPodTask,False,False,4
1307,13698.3999999364,10,True,-1,False,False,RestTask,True,True,-1
1307,13698.3999999364,11,True,-1,False,False,RestTask,True,True,-1
1307,13698.3999999364,3,False,13,True,False,ParkPodTask,False,False,4
1307,13698.3999999364,5,True,-1,False,False,RestTask,True,True,-1
1307,13698.3999999364,4,False,19,True,False,ExtractTask,True,False,3
1307,13698.3999999364,12,True,-1,False,False,RestTask,True,True,-1
1307,13698.3999999364,13,False,21,True,False,ExtractTask,True,False,4
1307,13698.3999999364,14,False,36,True,False,ExtractTask,True,False,4
1307,13698.3999999364,7,False,58,True,False,ExtractTask,True,False,4
1308,13708.4888888251,1,True,-1,False,False,RestTask,False,True,-1
1308,13708.4888888251,10,True,-1,False,False,RestTask,True,True,-1
1308,13708.4888888251,11,True,-1,False,False,RestTask,True,True,-1
1308,13708.4888888251,3,False,13,True,False,ParkPodTask,False,False,4
1308,13708.4888888251,5,True,-1,False,False,RestTask,True,True,-1
1308,13708.4888888251,4,False,19,True,False,ExtractTask,True,False,3
1308,13708.4888888251,12,True,-1,False,False,RestTask,True,True,-1
1308,13708.4888888251,13,False,21,True,False,ExtractTask,True,False,4
1308,13708.4888888251,14,False,36,True,False,ExtractTask,True,False,4
1308,13708.4888888251,7,False,58,True,False,ExtractTask,True,False,4
1309,13724.799999936,1,True,-1,True,True,RestTask,True,False,-1
1309,13724.799999936,10,True,-1,False,False,RestTask,True,True,-1
1309,13724.799999936,11,False,39,True,False,ExtractTask,False,False,1
1309,13724.799999936,3,True,-1,False,False,RestTask,False,True,-1
1309,13724.799999936,5,True,-1,False,False,RestTask,True,True,-1
1309,13724.799999936,4,False,19,True,False,ExtractTask,True,False,3
1309,13724.799999936,12,True,-1,False,False,RestTask,True,True,-1
1309,13724.799999936,13,False,21,True,False,ExtractTask,True,False,4
1309,13724.799999936,14,False,36,True,False,ExtractTask,True,False,4
1309,13724.799999936,7,False,58,True,False,ExtractTask,True,False,4
1310,13738.6666666024,1,True,-1,True,False,ExtractTask,False,False,-1
1310,13738.6666666024,10,True,-1,False,False,RestTask,True,True,-1
1310,13738.6666666024,11,False,39,True,False,ExtractTask,False,False,1
1310,13738.6666666024,3,True,-1,False,False,RestTask,True,True,-1
1310,13738.6666666024,5,True,-1,False,False,RestTask,True,True,-1
1310,13738.6666666024,4,False,19,True,False,ExtractTask,True,False,3
1310,13738.6666666024,12,True,-1,False,False,RestTask,True,True,-1
1310,13738.6666666024,13,False,21,True,False,ExtractTask,True,False,4
1310,13738.6666666024,14,False,36,True,False,ExtractTask,True,False,4
1310,13738.6666666024,7,False,58,True,False,ExtractTask,True,False,4
1311,13744.933333269,1,True,-1,True,False,ExtractTask,False,False,-1
1311,13744.933333269,10,True,-1,False,False,RestTask,True,True,-1
1311,13744.933333269,11,False,39,True,False,ExtractTask,True,False,1
1311,13744.933333269,3,True,-1,False,False,RestTask,True,True,-1
1311,13744.933333269,5,True,-1,False,False,RestTask,True,True,-1
1311,13744.933333269,4,False,19,True,False,ExtractTask,True,False,3
1311,13744.933333269,12,True,-1,False,False,RestTask,True,True,-1
1311,13744.933333269,13,False,21,True,False,ExtractTask,True,False,4
1311,13744.933333269,14,False,36,True,False,ExtractTask,True,False,4
1311,13744.933333269,7,False,58,True,False,ExtractTask,True,False,4
1312,13748.7555554912,1,False,23,True,False,ExtractTask,True,False,1
1312,13748.7555554912,10,True,-1,False,False,RestTask,True,True,-1
1312,13748.7555554912,11,False,39,True,False,ExtractTask,True,False,1
1312,13748.7555554912,3,True,-1,False,False,RestTask,True,True,-1
1312,13748.7555554912,5,True,-1,False,False,RestTask,True,True,-1
1312,13748.7555554912,4,False,19,True,False,ExtractTask,True,False,3
1312,13748.7555554912,12,True,-1,False,False,RestTask,True,True,-1
1312,13748.7555554912,13,False,21,True,False,ExtractTask,True,False,4
1312,13748.7555554912,14,False,36,True,False,ExtractTask,True,False,4
1312,13748.7555554912,7,False,58,True,False,ExtractTask,True,False,4
1313,13755.0222221578,1,False,23,True,False,ExtractTask,False,False,1
1313,13755.0222221578,10,True,-1,False,False,RestTask,True,True,-1
1313,13755.0222221578,11,False,39,True,False,ExtractTask,True,False,1
1313,13755.0222221578,3,True,-1,False,False,RestTask,True,True,-1
1313,13755.0222221578,5,True,-1,False,False,RestTask,True,True,-1
1313,13755.0222221578,4,False,19,True,False,ExtractTask,True,False,3
1313,13755.0222221578,12,True,-1,True,False,ExtractTask,False,False,-1
1313,13755.0222221578,13,False,21,True,False,ExtractTask,True,False,4
1313,13755.0222221578,14,False,36,True,False,ExtractTask,True,False,4
1313,13755.0222221578,7,False,58,True,False,ExtractTask,True,False,4
1314,13768.8888888242,1,False,23,True,False,ExtractTask,True,False,1
1314,13768.8888888242,10,True,-1,False,False,RestTask,True,True,-1
1314,13768.8888888242,11,False,39,True,False,ExtractTask,True,False,1
1314,13768.8888888242,3,True,-1,False,False,RestTask,True,True,-1
1314,13768.8888888242,5,False,37,True,False,ExtractTask,False,False,4
1314,13768.8888888242,4,False,19,True,False,ExtractTask,True,False,3
1314,13768.8888888242,12,False,63,True,False,ExtractTask,False,False,4
1314,13768.8888888242,13,False,21,True,False,ExtractTask,True,False,3
1314,13768.8888888242,14,False,36,True,False,ExtractTask,True,False,4
1314,13768.8888888242,7,False,58,True,False,ExtractTask,True,False,4
1315,13778.977777713,1,False,23,True,False,ExtractTask,True,False,1
1315,13778.977777713,10,True,-1,False,False,RestTask,True,True,-1
1315,13778.977777713,11,False,39,True,False,ExtractTask,True,False,1
1315,13778.977777713,3,True,-1,False,False,RestTask,True,True,-1
1315,13778.977777713,5,False,37,True,False,ExtractTask,False,False,4
1315,13778.977777713,4,False,19,True,False,ExtractTask,True,False,3
1315,13778.977777713,12,False,63,True,False,ExtractTask,True,False,4
1315,13778.977777713,13,False,21,True,False,ExtractTask,True,False,2
1315,13778.977777713,14,False,36,True,False,ExtractTask,True,False,4
1315,13778.977777713,7,False,58,True,False,ExtractTask,True,False,4
1316,13785.1999999351,1,False,23,True,False,ExtractTask,True,False,1
1316,13785.1999999351,10,True,-1,False,False,RestTask,True,True,-1
1316,13785.1999999351,11,False,39,True,False,ExtractTask,True,False,1
1316,13785.1999999351,3,True,-1,False,False,RestTask,True,True,-1
1316,13785.1999999351,5,False,37,True,False,ExtractTask,True,False,4
1316,13785.1999999351,4,False,19,True,False,ExtractTask,True,False,3
1316,13785.1999999351,12,False,63,True,False,ExtractTask,True,False,4
1316,13785.1999999351,13,False,21,True,False,ExtractTask,True,False,2
1316,13785.1999999351,14,False,36,True,False,ExtractTask,True,False,4
1316,13785.1999999351,7,False,58,True,False,ExtractTask,True,False,3
1317,13789.0666666017,1,False,23,True,False,ExtractTask,True,False,1
1317,13789.0666666017,10,True,-1,False,False,RestTask,True,True,-1
1317,13789.0666666017,11,False,39,True,False,ExtractTask,True,False,1
1317,13789.0666666017,3,True,-1,False,False,RestTask,True,True,-1
1317,13789.0666666017,5,False,37,True,False,ExtractTask,True,False,4
1317,13789.0666666017,4,False,19,True,False,ExtractTask,True,False,3
1317,13789.0666666017,12,False,63,True,False,ExtractTask,True,False,4
1317,13789.0666666017,13,False,21,True,False,ExtractTask,True,False,2
1317,13789.0666666017,14,False,36,True,False,ExtractTask,True,False,4
1317,13789.0666666017,7,False,58,True,False,ExtractTask,True,False,3
1318,13835.466666601,1,False,23,True,False,ExtractTask,False,False,1
1318,13835.466666601,10,True,-1,False,False,RestTask,True,True,-1
1318,13835.466666601,11,False,39,True,False,ParkPodTask,False,False,1
1318,13835.466666601,3,True,-1,False,False,RestTask,True,True,-1
1318,13835.466666601,5,False,37,True,False,ExtractTask,False,False,4
1318,13835.466666601,4,False,19,True,False,ExtractTask,True,False,3
1318,13835.466666601,12,False,63,True,False,ExtractTask,True,False,4
1318,13835.466666601,13,False,21,True,False,ParkPodTask,False,False,2
1318,13835.466666601,14,False,36,True,False,ExtractTask,True,False,4
1318,13835.466666601,7,True,-1,False,False,RestTask,True,True,-1
1319,13839.3333332676,1,False,23,True,False,ExtractTask,True,False,1
1319,13839.3333332676,10,True,-1,False,False,RestTask,True,True,-1
1319,13839.3333332676,11,False,39,True,False,ParkPodTask,False,False,1
1319,13839.3333332676,3,True,-1,False,False,RestTask,True,True,-1
1319,13839.3333332676,5,False,37,True,False,ExtractTask,True,False,4
1319,13839.3333332676,4,False,19,True,False,ExtractTask,True,False,3
1319,13839.3333332676,12,False,63,True,False,ExtractTask,True,False,4
1319,13839.3333332676,13,False,21,True,False,ParkPodTask,False,False,2
1319,13839.3333332676,14,False,36,True,False,ExtractTask,True,False,3
1319,13839.3333332676,7,True,-1,False,False,RestTask,True,True,-1
1320,13845.5555554898,1,False,23,True,False,ExtractTask,True,False,1
1320,13845.5555554898,10,True,-1,True,False,ExtractTask,False,False,-1
1320,13845.5555554898,11,False,39,True,False,ParkPodTask,False,False,1
1320,13845.5555554898,3,True,-1,False,False,RestTask,True,True,-1
1320,13845.5555554898,5,False,37,True,False,ExtractTask,True,False,4
1320,13845.5555554898,4,False,19,True,False,ExtractTask,True,False,3
1320,13845.5555554898,12,False,63,True,False,ExtractTask,True,False,4
1320,13845.5555554898,13,False,21,True,False,ParkPodTask,False,False,2
1320,13845.5555554898,14,False,36,True,False,ExtractTask,True,False,3
1320,13845.5555554898,7,True,-1,False,False,RestTask,True,True,-1
1321,13849.4222221564,1,False,23,True,False,ExtractTask,True,False,1
1321,13849.4222221564,10,False,77,True,False,ExtractTask,True,False,2
1321,13849.4222221564,11,False,39,True,False,ParkPodTask,False,False,1
1321,13849.4222221564,3,True,-1,False,False,RestTask,True,True,-1
1321,13849.4222221564,5,False,37,True,False,ExtractTask,True,False,4
1321,13849.4222221564,4,False,19,True,False,ExtractTask,True,False,3
1321,13849.4222221564,12,False,63,True,False,ExtractTask,True,False,4
1321,13849.4222221564,13,True,-1,False,False,RestTask,False,True,-1
1321,13849.4222221564,14,False,36,True,False,ExtractTask,True,False,3
1321,13849.4222221564,7,True,-1,False,False,RestTask,True,True,-1
1322,13855.6444443785,1,False,23,True,False,ExtractTask,True,False,1
1322,13855.6444443785,10,False,77,True,False,ExtractTask,False,False,2
1322,13855.6444443785,11,True,-1,False,False,RestTask,False,True,-1
1322,13855.6444443785,3,True,-1,False,False,RestTask,True,True,-1
1322,13855.6444443785,5,False,37,True,False,ExtractTask,True,False,4
1322,13855.6444443785,4,False,19,True,False,ExtractTask,True,False,3
1322,13855.6444443785,12,False,63,True,False,ExtractTask,True,False,4
1322,13855.6444443785,13,True,-1,False,False,RestTask,False,True,-1
1322,13855.6444443785,14,False,36,True,False,ExtractTask,True,False,3
1322,13855.6444443785,7,True,-1,True,False,ExtractTask,False,False,-1
1323,13885.8222221559,1,False,23,True,False,ParkPodTask,False,False,0
1323,13885.8222221559,10,False,77,True,False,ExtractTask,True,False,2
1323,13885.8222221559,11,True,-1,False,False,RestTask,True,True,-1
1323,13885.8222221559,3,True,-1,False,False,RestTask,True,True,-1
1323,13885.8222221559,5,False,37,True,False,ExtractTask,True,False,4
1323,13885.8222221559,4,False,19,True,False,ExtractTask,True,False,3
1323,13885.8222221559,12,False,63,True,False,ExtractTask,True,False,4
1323,13885.8222221559,13,True,-1,False,False,RestTask,True,True,-1
1323,13885.8222221559,14,False,36,True,False,ExtractTask,True,False,3
1323,13885.8222221559,7,False,15,True,False,ExtractTask,True,False,4
1324,13889.644444378,1,False,23,True,False,ParkPodTask,False,False,0
1324,13889.644444378,10,False,77,True,False,ExtractTask,True,False,2
1324,13889.644444378,11,True,-1,False,False,RestTask,True,True,-1
1324,13889.644444378,3,True,-1,False,False,RestTask,True,True,-1
1324,13889.644444378,5,False,37,True,False,ExtractTask,True,False,4
1324,13889.644444378,4,False,19,True,False,ExtractTask,True,False,3
1324,13889.644444378,12,False,63,True,False,ExtractTask,True,False,4
1324,13889.644444378,13,True,-1,False,False,RestTask,True,True,-1
1324,13889.644444378,14,False,36,True,False,ExtractTask,True,False,3
1324,13889.644444378,7,False,15,True,False,ExtractTask,True,False,4
1325,13905.9555554889,1,True,-1,False,False,RestTask,True,True,-1
1325,13905.9555554889,10,False,77,True,False,ExtractTask,True,False,2
1325,13905.9555554889,11,True,-1,False,False,RestTask,True,True,-1
1325,13905.9555554889,3,True,-1,False,False,RestTask,True,True,-1
1325,13905.9555554889,5,False,37,True,False,ExtractTask,True,False,4
1325,13905.9555554889,4,False,19,True,False,ExtractTask,True,False,3
1325,13905.9555554889,12,False,63,True,False,ExtractTask,True,False,4
1325,13905.9555554889,13,True,-1,False,False,RestTask,True,True,-1
1325,13905.9555554889,14,False,36,True,False,ExtractTask,True,False,2
1325,13905.9555554889,7,False,15,True,False,ExtractTask,True,False,4
1326,13909.7777777111,1,True,-1,False,False,RestTask,True,True,-1
1326,13909.7777777111,10,False,77,True,False,ExtractTask,True,False,2
1326,13909.7777777111,11,True,-1,False,False,RestTask,True,True,-1
1326,13909.7777777111,3,True,-1,False,False,RestTask,True,True,-1
1326,13909.7777777111,5,False,37,True,False,ExtractTask,True,False,4
1326,13909.7777777111,4,False,19,True,False,ExtractTask,True,False,3
1326,13909.7777777111,12,False,63,True,False,ExtractTask,True,False,4
1326,13909.7777777111,13,True,-1,False,False,RestTask,True,True,-1
1326,13909.7777777111,14,False,36,True,False,ExtractTask,True,False,2
1326,13909.7777777111,7,False,15,True,False,ExtractTask,True,False,4
1327,13916.0444443776,1,True,-1,False,False,RestTask,True,True,-1
1327,13916.0444443776,10,False,77,True,False,ExtractTask,True,False,2
1327,13916.0444443776,11,True,-1,False,False,RestTask,True,True,-1
1327,13916.0444443776,3,True,-1,False,False,RestTask,True,True,-1
1327,13916.0444443776,5,False,37,True,False,ExtractTask,True,False,4
1327,13916.0444443776,4,False,19,True,False,ExtractTask,True,False,3
1327,13916.0444443776,12,False,63,True,False,ExtractTask,True,False,4
1327,13916.0444443776,13,True,-1,False,False,RestTask,True,True,-1
1327,13916.0444443776,14,False,36,True,False,ExtractTask,True,False,2
1327,13916.0444443776,7,False,15,True,False,ExtractTask,True,False,4
1328,13929.9111110441,1,True,-1,False,False,RestTask,True,True,-1
1328,13929.9111110441,10,False,77,True,False,ExtractTask,True,False,2
1328,13929.9111110441,11,True,-1,False,False,RestTask,True,True,-1
1328,13929.9111110441,3,False,50,True,False,ExtractTask,False,False,2
1328,13929.9111110441,5,False,37,True,False,ExtractTask,True,False,4
1328,13929.9111110441,4,False,19,True,False,ExtractTask,True,False,3
1328,13929.9111110441,12,False,63,True,False,ExtractTask,True,False,4
1328,13929.9111110441,13,True,-1,False,False,RestTask,True,True,-1
1328,13929.9111110441,14,False,36,True,False,ParkPodTask,False,False,1
1328,13929.9111110441,7,False,15,True,False,ExtractTask,True,False,4
1329,13936.1777777107,1,True,-1,False,False,RestTask,True,True,-1
1329,13936.1777777107,10,False,77,True,False,ExtractTask,True,False,2
1329,13936.1777777107,11,True,-1,False,False,RestTask,True,True,-1
1329,13936.1777777107,3,False,50,True,False,ExtractTask,False,False,2
1329,13936.1777777107,5,False,37,True,False,ExtractTask,True,False,4
1329,13936.1777777107,4,False,19,True,False,ExtractTask,True,False,3
1329,13936.1777777107,12,False,63,True,False,ExtractTask,True,False,4
1329,13936.1777777107,13,True,-1,True,False,ExtractTask,False,False,-1
1329,13936.1777777107,14,False,36,True,False,ParkPodTask,False,False,1
1329,13936.1777777107,7,False,15,True,False,ExtractTask,True,False,4
1330,13939.9999999329,1,True,-1,True,False,ExtractTask,False,False,-1
1330,13939.9999999329,10,False,77,True,False,ExtractTask,True,False,2
1330,13939.9999999329,11,True,-1,False,False,RestTask,True,True,-1
1330,13939.9999999329,3,False,50,True,False,ExtractTask,False,False,2
1330,13939.9999999329,5,False,37,True,False,ExtractTask,True,False,4
1330,13939.9999999329,4,False,19,True,False,ExtractTask,True,False,3
1330,13939.9999999329,12,False,63,True,False,ExtractTask,True,False,4
1330,13939.9999999329,13,True,-1,True,False,ExtractTask,False,False,-1
1330,13939.9999999329,14,True,-1,False,False,ParkPodTask,True,True,-1
1330,13939.9999999329,7,False,15,True,False,ExtractTask,True,False,4
1331,13946.2666665994,1,True,-1,True,False,ExtractTask,False,False,-1
1331,13946.2666665994,10,False,77,True,False,ExtractTask,True,False,2
1331,13946.2666665994,11,True,-1,False,False,RestTask,True,True,-1
1331,13946.2666665994,3,False,50,True,False,ExtractTask,False,False,2
1331,13946.2666665994,5,False,37,True,False,ExtractTask,True,False,4
1331,13946.2666665994,4,False,19,True,False,ExtractTask,True,False,3
1331,13946.2666665994,12,False,63,True,False,ExtractTask,True,False,3
1331,13946.2666665994,13,False,90,True,False,ExtractTask,False,False,1
1331,13946.2666665994,14,True,-1,False,False,RestTask,False,True,-1
1331,13946.2666665994,7,False,15,True,False,ExtractTask,True,False,4
1332,13956.3555554882,1,False,70,True,False,ExtractTask,False,False,4
1332,13956.3555554882,10,False,77,True,False,ExtractTask,True,False,2
1332,13956.3555554882,11,True,-1,False,False,RestTask,True,True,-1
1332,13956.3555554882,3,False,50,True,False,ExtractTask,False,False,2
1332,13956.3555554882,5,False,37,True,False,ExtractTask,True,False,4
1332,13956.3555554882,4,False,19,True,False,ExtractTask,True,False,3
1332,13956.3555554882,12,False,63,True,False,ExtractTask,True,False,3
1332,13956.3555554882,13,False,90,True,False,ExtractTask,False,False,1
1332,13956.3555554882,14,True,-1,True,True,RestTask,True,False,-1
1332,13956.3555554882,7,False,15,True,False,ExtractTask,True,False,4
1333,13986.5333332655,1,False,70,True,False,ExtractTask,False,False,4
1333,13986.5333332655,10,False,77,True,False,ExtractTask,True,False,2
1333,13986.5333332655,11,True,-1,False,False,RestTask,True,True,-1
1333,13986.5333332655,3,False,50,True,False,ExtractTask,True,False,2
1333,13986.5333332655,5,False,37,True,False,ExtractTask,True,False,4
1333,13986.5333332655,4,True,-1,False,False,RestTask,False,True,-1
1333,13986.5333332655,12,False,63,True,False,ExtractTask,True,False,3
1333,13986.5333332655,13,False,90,True,False,ExtractTask,True,False,1
1333,13986.5333332655,14,False,12,True,False,ExtractTask,False,False,1
1333,13986.5333332655,7,False,15,True,False,ExtractTask,True,False,4
1334,13990.2666665988,1,False,70,True,False,ExtractTask,True,False,4
1334,13990.2666665988,10,False,77,True,False,ExtractTask,True,False,2
1334,13990.2666665988,11,True,-1,False,False,RestTask,True,True,-1
1334,13990.2666665988,3,False,50,True,False,ExtractTask,True,False,2
1334,13990.2666665988,5,False,37,True,False,ExtractTask,True,False,4
1334,13990.2666665988,4,True,-1,False,False,RestTask,False,True,-1
1334,13990.2666665988,12,False,63,True,False,ExtractTask,True,False,3
1334,13990.2666665988,13,False,90,True,False,ExtractTask,True,False,1
1334,13990.2666665988,14,False,12,True,False,ExtractTask,False,False,1
1334,13990.2666665988,7,False,15,True,False,ExtractTask,True,False,4
1335,13996.6222221542,1,False,70,True,False,ExtractTask,True,False,4
1335,13996.6222221542,10,False,77,True,False,ExtractTask,True,False,2
1335,13996.6222221542,11,True,-1,True,False,ExtractTask,False,False,-1
1335,13996.6222221542,3,False,50,True,False,ExtractTask,True,False,2
1335,13996.6222221542,5,False,37,True,False,ExtractTask,True,False,4
1335,13996.6222221542,4,True,-1,False,False,RestTask,True,True,-1
1335,13996.6222221542,12,False,63,True,False,ExtractTask,True,False,2
1335,13996.6222221542,13,False,90,True,False,ExtractTask,True,False,1
1335,13996.6222221542,14,False,12,True,False,ExtractTask,False,False,1
1335,13996.6222221542,7,False,15,True,False,ExtractTask,True,False,4
1336,14000.3555554875,1,False,70,True,False,ExtractTask,True,False,4
1336,14000.3555554875,10,False,77,True,False,ExtractTask,True,False,2
1336,14000.3555554875,11,False,23,True,False,ExtractTask,False,False,1
1336,14000.3555554875,3,False,50,True,False,ExtractTask,True,False,2
1336,14000.3555554875,5,False,37,True,False,ExtractTask,True,False,4
1336,14000.3555554875,4,True,-1,False,False,RestTask,True,True,-1
1336,14000.3555554875,12,False,63,True,False,ExtractTask,True,False,2
1336,14000.3555554875,13,False,90,True,False,ExtractTask,True,False,1
1336,14000.3555554875,14,False,12,True,False,ExtractTask,True,False,1
1336,14000.3555554875,7,False,15,True,False,ExtractTask,True,False,4
1337,14016.7555554873,1,False,70,True,False,ExtractTask,True,False,4
1337,14016.7555554873,10,False,77,True,False,ExtractTask,True,False,2
1337,14016.7555554873,11,False,23,True,False,ExtractTask,True,False,1
1337,14016.7555554873,3,False,50,True,False,ExtractTask,True,False,2
1337,14016.7555554873,5,False,37,True,False,ExtractTask,True,False,4
1337,14016.7555554873,4,True,-1,False,False,RestTask,True,True,-1
1337,14016.7555554873,12,False,63,True,False,ExtractTask,True,False,2
1337,14016.7555554873,13,False,90,True,False,ExtractTask,True,False,1
1337,14016.7555554873,14,False,12,True,False,ExtractTask,True,False,1
1337,14016.7555554873,7,False,15,True,False,ExtractTask,True,False,4
1338,14036.8888888203,1,False,70,True,False,ExtractTask,True,False,4
1338,14036.8888888203,10,False,77,True,False,ExtractTask,True,False,2
1338,14036.8888888203,11,False,23,True,False,ExtractTask,True,False,1
1338,14036.8888888203,3,False,50,True,False,ExtractTask,True,False,2
1338,14036.8888888203,5,False,37,True,False,ExtractTask,True,False,3
1338,14036.8888888203,4,False,80,True,False,ExtractTask,False,False,5
1338,14036.8888888203,12,True,-1,False,False,RestTask,False,True,-1
1338,14036.8888888203,13,False,90,True,False,ExtractTask,True,False,1
1338,14036.8888888203,14,False,12,True,False,ExtractTask,True,False,1
1338,14036.8888888203,7,False,15,True,False,ExtractTask,True,False,4
1339,14040.5777777092,1,False,70,True,False,ExtractTask,True,False,4
1339,14040.5777777092,10,False,77,True,False,ExtractTask,True,False,2
1339,14040.5777777092,11,False,23,True,False,ExtractTask,True,False,1
1339,14040.5777777092,3,False,50,True,False,ExtractTask,True,False,2
1339,14040.5777777092,5,False,37,True,False,ParkPodTask,False,False,3
1339,14040.5777777092,4,False,80,True,False,ExtractTask,False,False,5
1339,14040.5777777092,12,True,-1,False,False,RestTask,False,True,-1
1339,14040.5777777092,13,False,90,True,False,ExtractTask,True,False,1
1339,14040.5777777092,14,False,12,True,False,ExtractTask,True,False,1
1339,14040.5777777092,7,False,15,True,False,ExtractTask,True,False,4
1340,14057.0222221534,1,False,70,True,False,ExtractTask,True,False,4
1340,14057.0222221534,10,False,77,True,False,ExtractTask,True,False,1
1340,14057.0222221534,11,False,23,True,False,ExtractTask,True,False,1
1340,14057.0222221534,3,False,50,True,False,ExtractTask,True,False,2
1340,14057.0222221534,5,True,-1,False,False,RestTask,False,True,-1
1340,14057.0222221534,4,False,80,True,False,ExtractTask,False,False,5
1340,14057.0222221534,12,True,-1,False,False,RestTask,True,True,-1
1340,14057.0222221534,13,False,90,True,False,ExtractTask,True,False,1
1340,14057.0222221534,14,False,12,True,False,ExtractTask,True,False,1
1340,14057.0222221534,7,False,15,True,False,ExtractTask,True,False,4
1341,14070.7555554865,1,False,70,True,False,ExtractTask,True,False,4
1341,14070.7555554865,10,False,77,True,False,ParkPodTask,False,False,1
1341,14070.7555554865,11,False,23,True,False,ExtractTask,False,False,1
1341,14070.7555554865,3,False,50,True,False,ExtractTask,True,False,2
1341,14070.7555554865,5,True,-1,False,False,RestTask,True,True,-1
1341,14070.7555554865,4,False,80,True,False,ExtractTask,True,False,5
1341,14070.7555554865,12,True,-1,False,False,RestTask,True,True,-1
1341,14070.7555554865,13,False,90,True,False,ExtractTask,True,False,1
1341,14070.7555554865,14,False,12,True,False,ExtractTask,True,False,1
1341,14070.7555554865,7,False,15,True,False,ExtractTask,True,False,4
1342,14080.8444443752,1,False,70,True,False,ExtractTask,True,False,4
1342,14080.8444443752,10,True,-1,False,False,RestTask,False,True,-1
1342,14080.8444443752,11,False,23,True,False,ExtractTask,True,False,1
1342,14080.8444443752,3,False,50,True,False,ExtractTask,True,False,2
1342,14080.8444443752,5,True,-1,False,False,RestTask,True,True,-1
1342,14080.8444443752,4,False,80,True,False,ExtractTask,True,False,5
1342,14080.8444443752,12,True,-1,False,False,RestTask,True,True,-1
1342,14080.8444443752,13,False,90,True,False,ExtractTask,True,False,1
1342,14080.8444443752,14,False,12,True,False,ExtractTask,True,False,1
1342,14080.8444443752,7,False,15,True,False,ExtractTask,True,False,4
1343,14111.0222221526,1,False,70,True,False,ExtractTask,True,False,4
1343,14111.0222221526,10,True,-1,False,False,RestTask,True,True,-1
1343,14111.0222221526,11,False,23,True,False,ExtractTask,True,False,1
1343,14111.0222221526,3,False,50,True,False,ExtractTask,True,False,2
1343,14111.0222221526,5,True,-1,False,False,RestTask,True,True,-1
1343,14111.0222221526,4,False,80,True,False,ExtractTask,True,False,5
1343,14111.0222221526,12,True,-1,False,False,RestTask,True,True,-1
1343,14111.0222221526,13,False,90,True,False,ExtractTask,True,False,1
1343,14111.0222221526,14,False,12,True,False,ExtractTask,True,False,1
1343,14111.0222221526,7,False,15,True,False,ExtractTask,True,False,4
1344,14141.1999999299,1,False,70,True,False,ExtractTask,True,False,4
1344,14141.1999999299,10,True,-1,False,False,RestTask,True,True,-1
1344,14141.1999999299,11,False,23,True,False,ExtractTask,True,False,1
1344,14141.1999999299,3,False,50,True,False,ParkPodTask,False,False,2
1344,14141.1999999299,5,True,-1,False,False,RestTask,True,True,-1
1344,14141.1999999299,4,False,80,True,False,ExtractTask,True,False,5
1344,14141.1999999299,12,True,-1,False,False,RestTask,True,True,-1
1344,14141.1999999299,13,False,90,True,False,ExtractTask,True,False,1
1344,14141.1999999299,14,False,12,True,False,ExtractTask,True,False,1
1344,14141.1999999299,7,False,15,True,False,ExtractTask,True,False,4
1345,14147.4666665965,1,False,70,True,False,ExtractTask,True,False,4
1345,14147.4666665965,10,True,-1,False,False,RestTask,True,True,-1
1345,14147.4666665965,11,False,23,True,False,ExtractTask,True,False,1
1345,14147.4666665965,3,False,50,True,False,ParkPodTask,False,False,2
1345,14147.4666665965,5,True,-1,False,False,RestTask,True,True,-1
1345,14147.4666665965,4,False,80,True,False,ExtractTask,False,False,5
1345,14147.4666665965,12,True,-1,False,False,RestTask,True,True,-1
1345,14147.4666665965,13,False,90,True,False,ExtractTask,True,False,1
1345,14147.4666665965,14,False,12,True,False,ExtractTask,True,False,1
1345,14147.4666665965,7,False,15,True,False,ExtractTask,True,False,4
1346,14157.5555554852,1,False,70,True,False,ExtractTask,True,False,4
1346,14157.5555554852,10,True,-1,False,False,RestTask,True,True,-1
1346,14157.5555554852,11,False,23,True,False,ExtractTask,True,False,1
1346,14157.5555554852,3,True,-1,False,False,RestTask,False,True,-1
1346,14157.5555554852,5,True,-1,False,False,RestTask,True,True,-1
1346,14157.5555554852,4,False,80,True,False,ExtractTask,True,False,5
1346,14157.5555554852,12,True,-1,False,False,RestTask,True,True,-1
1346,14157.5555554852,13,False,90,True,False,ExtractTask,True,False,1
1346,14157.5555554852,14,False,12,True,False,ExtractTask,True,False,1
1346,14157.5555554852,7,False,15,True,False,ExtractTask,True,False,3
1347,14161.333333263,1,False,70,True,False,ExtractTask,True,False,4
1347,14161.333333263,10,True,-1,False,False,RestTask,True,True,-1
1347,14161.333333263,11,False,23,True,False,ExtractTask,True,False,1
1347,14161.333333263,3,True,-1,False,False,RestTask,False,True,-1
1347,14161.333333263,5,True,-1,False,False,RestTask,True,True,-1
1347,14161.333333263,4,False,80,True,False,ExtractTask,True,False,5
1347,14161.333333263,12,True,-1,False,False,RestTask,True,True,-1
1347,14161.333333263,13,False,90,True,False,ExtractTask,True,False,1
1347,14161.333333263,14,False,12,True,False,ExtractTask,True,False,1
1347,14161.333333263,7,False,15,True,False,ExtractTask,True,False,3
1348,14171.4222221517,1,False,70,True,False,ExtractTask,True,False,4
1348,14171.4222221517,10,True,-1,False,False,RestTask,True,True,-1
1348,14171.4222221517,11,False,23,True,False,ExtractTask,True,False,1
1348,14171.4222221517,3,True,-1,False,False,RestTask,True,True,-1
1348,14171.4222221517,5,True,-1,False,False,RestTask,True,True,-1
1348,14171.4222221517,4,False,80,True,False,ExtractTask,True,False,5
1348,14171.4222221517,12,True,-1,False,False,RestTask,True,True,-1
1348,14171.4222221517,13,False,90,True,False,ExtractTask,True,False,1
1348,14171.4222221517,14,False,12,True,False,ExtractTask,True,False,1
1348,14171.4222221517,7,False,15,True,False,ExtractTask,True,False,2
1349,14187.7333332626,1,False,70,True,False,ExtractTask,True,False,4
1349,14187.7333332626,10,True,-1,False,False,RestTask,True,True,-1
1349,14187.7333332626,11,False,23,True,False,ExtractTask,True,False,1
1349,14187.7333332626,3,True,-1,False,False,RestTask,True,True,-1
1349,14187.7333332626,5,True,-1,False,False,RestTask,True,True,-1
1349,14187.7333332626,4,False,80,True,False,ExtractTask,True,False,5
1349,14187.7333332626,12,True,-1,False,False,RestTask,True,True,-1
1349,14187.7333332626,13,False,90,True,False,ExtractTask,True,False,1
1349,14187.7333332626,14,False,12,True,False,ExtractTask,True,False,1
1349,14187.7333332626,7,False,15,True,False,ExtractTask,True,False,2
1350,14207.8666665956,1,False,70,True,False,ExtractTask,True,False,4
1350,14207.8666665956,10,False,54,True,False,ExtractTask,False,False,3
1350,14207.8666665956,11,False,23,True,False,ExtractTask,True,False,1
1350,14207.8666665956,3,True,-1,False,False,RestTask,True,True,-1
1350,14207.8666665956,5,True,-1,False,False,RestTask,True,True,-1
1350,14207.8666665956,4,False,80,True,False,ExtractTask,True,False,5
1350,14207.8666665956,12,True,-1,False,False,RestTask,True,True,-1
1350,14207.8666665956,13,False,90,True,False,ExtractTask,True,False,1
1350,14207.8666665956,14,False,12,True,False,ExtractTask,True,False,1
1350,14207.8666665956,7,False,15,True,False,ExtractTask,True,False,2
1351,14231.7333332619,1,False,70,True,False,ExtractTask,True,False,4
1351,14231.7333332619,10,False,54,True,False,ExtractTask,True,False,3
1351,14231.7333332619,11,False,23,True,False,ExtractTask,True,False,1
1351,14231.7333332619,3,True,-1,False,False,RestTask,True,True,-1
1351,14231.7333332619,5,True,-1,False,False,RestTask,True,True,-1
1351,14231.7333332619,4,False,80,True,False,ExtractTask,True,False,5
1351,14231.7333332619,12,True,-1,False,False,RestTask,True,True,-1
1351,14231.7333332619,13,False,90,True,False,ExtractTask,True,False,1
1351,14231.7333332619,14,False,12,True,False,ExtractTask,True,False,1
1351,14231.7333332619,7,True,-1,False,False,RestTask,False,True,-1
1352,14251.866666595,1,False,70,True,False,ParkPodTask,False,False,4
1352,14251.866666595,10,False,54,True,False,ExtractTask,True,False,3
1352,14251.866666595,11,False,23,True,False,ExtractTask,True,False,1
1352,14251.866666595,3,True,-1,False,False,RestTask,True,True,-1
1352,14251.866666595,5,True,-1,False,False,RestTask,True,True,-1
1352,14251.866666595,4,False,80,True,False,ExtractTask,True,False,5
1352,14251.866666595,12,True,-1,False,False,RestTask,True,True,-1
1352,14251.866666595,13,False,90,True,False,ExtractTask,True,False,1
1352,14251.866666595,14,False,12,True,False,ExtractTask,True,False,1
1352,14251.866666595,7,True,-1,False,False,RestTask,True,True,-1
1353,14258.1333332616,1,True,-1,False,False,RestTask,False,True,-1
1353,14258.1333332616,10,False,54,True,False,ExtractTask,True,False,3
1353,14258.1333332616,11,False,23,True,False,ExtractTask,True,False,1
1353,14258.1333332616,3,True,-1,False,False,RestTask,True,True,-1
1353,14258.1333332616,5,True,-1,False,False,RestTask,True,True,-1
1353,14258.1333332616,4,False,80,True,False,ExtractTask,True,False,5
1353,14258.1333332616,12,True,-1,False,False,RestTask,True,True,-1
1353,14258.1333332616,13,False,90,True,False,ExtractTask,True,False,1
1353,14258.1333332616,14,False,12,True,False,ExtractTask,True,False,1
1353,14258.1333332616,7,True,-1,False,False,RestTask,True,True,-1
1354,14258.177777706,1,True,-1,False,False,RestTask,False,True,-1
1354,14258.177777706,10,False,54,True,False,ExtractTask,True,False,3
1354,14258.177777706,11,False,23,True,False,ExtractTask,True,False,1
1354,14258.177777706,3,True,-1,False,False,RestTask,True,True,-1
1354,14258.177777706,5,True,-1,False,False,RestTask,True,True,-1
1354,14258.177777706,4,False,80,True,False,ExtractTask,True,False,5
1354,14258.177777706,12,True,-1,False,False,RestTask,True,True,-1
1354,14258.177777706,13,False,90,True,False,ExtractTask,True,False,1
1354,14258.177777706,14,False,12,True,False,ExtractTask,True,False,1
1354,14258.177777706,7,True,-1,False,False,RestTask,True,True,-1
1355,14261.9555554837,1,True,-1,True,True,RestTask,False,False,-1
1355,14261.9555554837,10,False,54,True,False,ExtractTask,True,False,3
1355,14261.9555554837,11,False,23,True,False,ExtractTask,True,False,1
1355,14261.9555554837,3,True,-1,False,False,RestTask,True,True,-1
1355,14261.9555554837,5,True,-1,False,False,RestTask,True,True,-1
1355,14261.9555554837,4,False,80,True,False,ExtractTask,True,False,5
1355,14261.9555554837,12,True,-1,True,False,ExtractTask,True,False,-1
1355,14261.9555554837,13,False,90,True,False,ExtractTask,True,False,1
1355,14261.9555554837,14,False,12,True,False,ExtractTask,True,False,1
1355,14261.9555554837,7,True,-1,False,False,RestTask,True,True,-1
1356,14268.2222221503,1,True,-1,True,False,ExtractTask,False,False,-1
1356,14268.2222221503,10,False,54,True,False,ExtractTask,True,False,3
1356,14268.2222221503,11,False,23,True,False,ExtractTask,True,False,1
1356,14268.2222221503,3,True,-1,False,False,RestTask,True,True,-1
1356,14268.2222221503,5,True,-1,False,False,RestTask,True,True,-1
1356,14268.2222221503,4,False,80,True,False,ExtractTask,True,False,5
1356,14268.2222221503,12,True,-1,True,False,ExtractTask,False,False,-1
1356,14268.2222221503,13,False,90,True,False,ExtractTask,True,False,1
1356,14268.2222221503,14,False,12,True,False,ExtractTask,True,False,1
1356,14268.2222221503,7,True,-1,False,False,RestTask,True,True,-1
1357,14282.0888888168,1,False,70,True,False,ExtractTask,False,False,4
1357,14282.0888888168,10,False,54,True,False,ExtractTask,True,False,3
1357,14282.0888888168,11,False,23,True,False,ExtractTask,True,False,1
1357,14282.0888888168,3,True,-1,True,False,ExtractTask,False,False,-1
1357,14282.0888888168,5,True,-1,False,False,RestTask,True,True,-1
1357,14282.0888888168,4,False,80,True,False,ExtractTask,True,False,5
1357,14282.0888888168,12,False,24,True,False,ExtractTask,False,False,4
1357,14282.0888888168,13,False,90,True,False,ParkPodTask,False,False,1
1357,14282.0888888168,14,False,12,True,False,ParkPodTask,True,False,0
1357,14282.0888888168,7,True,-1,False,False,RestTask,True,True,-1
1358,14288.3555554833,1,False,70,True,False,ExtractTask,False,False,4
1358,14288.3555554833,10,False,54,True,False,ExtractTask,False,False,3
1358,14288.3555554833,11,False,23,True,False,ExtractTask,True,False,1
1358,14288.3555554833,3,False,6,True,False,ExtractTask,False,False,4
1358,14288.3555554833,5,True,-1,False,False,RestTask,True,True,-1
1358,14288.3555554833,4,False,80,True,False,ExtractTask,True,False,5
1358,14288.3555554833,12,False,24,True,False,ExtractTask,False,False,4
1358,14288.3555554833,13,True,-1,False,False,RestTask,True,True,-1
1358,14288.3555554833,14,False,12,True,False,ParkPodTask,False,False,0
1358,14288.3555554833,7,True,-1,False,False,RestTask,True,True,-1
1359,14292.1777777055,1,False,70,True,False,ExtractTask,False,False,4
1359,14292.1777777055,10,False,54,True,False,ExtractTask,True,False,3
1359,14292.1777777055,11,False,23,True,False,ExtractTask,True,False,1
1359,14292.1777777055,3,False,6,True,False,ExtractTask,False,False,4
1359,14292.1777777055,5,True,-1,False,False,RestTask,True,True,-1
1359,14292.1777777055,4,False,80,True,False,ExtractTask,True,False,5
1359,14292.1777777055,12,False,24,True,False,ExtractTask,False,False,4
1359,14292.1777777055,13,True,-1,False,False,RestTask,False,True,-1
1359,14292.1777777055,14,False,12,True,False,ParkPodTask,False,False,0
1359,14292.1777777055,7,True,-1,False,False,RestTask,True,True,-1
1360,14298.4444443721,1,False,70,True,False,ExtractTask,False,False,4
1360,14298.4444443721,10,False,54,True,False,ExtractTask,True,False,3
1360,14298.4444443721,11,False,23,True,False,ExtractTask,True,False,1
1360,14298.4444443721,3,False,6,True,False,ExtractTask,False,False,4
1360,14298.4444443721,5,True,-1,False,False,RestTask,True,True,-1
1360,14298.4444443721,4,False,80,True,False,ExtractTask,True,False,5
1360,14298.4444443721,12,False,24,True,False,ExtractTask,True,False,4
1360,14298.4444443721,13,True,-1,True,True,RestTask,False,False,-1
1360,14298.4444443721,14,True,-1,False,False,RestTask,False,True,-1
1360,14298.4444443721,7,True,-1,False,False,RestTask,True,True,-1
1361,14302.2666665942,1,False,70,True,False,ExtractTask,True,False,4
1361,14302.2666665942,10,False,54,True,False,ExtractTask,True,False,3
1361,14302.2666665942,11,False,23,True,False,ExtractTask,True,False,1
1361,14302.2666665942,3,False,6,True,False,ExtractTask,False,False,4
1361,14302.2666665942,5,True,-1,False,False,RestTask,True,True,-1
1361,14302.2666665942,4,False,80,True,False,ExtractTask,True,False,5
1361,14302.2666665942,12,False,24,True,False,ExtractTask,True,False,4
1361,14302.2666665942,13,True,-1,True,True,RestTask,True,False,-1
1361,14302.2666665942,14,True,-1,False,False,RestTask,False,True,-1
1361,14302.2666665942,7,True,-1,False,False,RestTask,True,True,-1
1362,14308.5333332608,1,False,70,True,False,ExtractTask,True,False,4
1362,14308.5333332608,10,False,54,True,False,ExtractTask,True,False,3
1362,14308.5333332608,11,False,23,True,False,ParkPodTask,False,False,1
1362,14308.5333332608,3,False,6,True,False,ExtractTask,False,False,4
1362,14308.5333332608,5,True,-1,False,False,RestTask,True,True,-1
1362,14308.5333332608,4,False,80,True,False,ExtractTask,True,False,5
1362,14308.5333332608,12,False,24,True,False,ExtractTask,False,False,4
1362,14308.5333332608,13,True,-1,True,False,ExtractTask,False,False,-1
1362,14308.5333332608,14,True,-1,False,False,RestTask,False,True,-1
1362,14308.5333332608,7,True,-1,False,False,RestTask,True,True,-1
1363,14312.355555483,1,False,70,True,False,ExtractTask,True,False,4
1363,14312.355555483,10,False,54,True,False,ExtractTask,True,False,3
1363,14312.355555483,11,False,23,True,False,ParkPodTask,False,False,1
1363,14312.355555483,3,False,6,True,False,ExtractTask,True,False,4
1363,14312.355555483,5,True,-1,False,False,RestTask,True,True,-1
1363,14312.355555483,4,False,80,True,False,ExtractTask,True,False,5
1363,14312.355555483,12,False,24,True,False,ExtractTask,True,False,4
1363,14312.355555483,13,False,55,True,False,ExtractTask,True,False,3
1363,14312.355555483,14,True,-1,False,False,RestTask,True,True,-1
1363,14312.355555483,7,True,-1,False,False,RestTask,True,True,-1
1364,14328.6666665939,1,False,70,True,False,ExtractTask,True,False,4
1364,14328.6666665939,10,False,54,True,False,ExtractTask,True,False,3
1364,14328.6666665939,11,True,-1,False,False,RestTask,True,True,-1
1364,14328.6666665939,3,False,6,True,False,ExtractTask,True,False,4
1364,14328.6666665939,5,True,-1,False,False,RestTask,True,True,-1
1364,14328.6666665939,4,False,80,True,False,ExtractTask,True,False,4
1364,14328.6666665939,12,False,24,True,False,ExtractTask,True,False,4
1364,14328.6666665939,13,False,55,True,False,ExtractTask,False,False,3
1364,14328.6666665939,14,True,-1,False,False,RestTask,True,True,-1
1364,14328.6666665939,7,True,-1,False,False,RestTask,True,True,-1
1365,14332.488888816,1,False,70,True,False,ExtractTask,True,False,4
1365,14332.488888816,10,False,54,True,False,ExtractTask,True,False,3
1365,14332.488888816,11,True,-1,False,False,RestTask,True,True,-1
1365,14332.488888816,3,False,6,True,False,ExtractTask,True,False,4
1365,14332.488888816,5,True,-1,False,False,RestTask,True,True,-1
1365,14332.488888816,4,False,80,True,False,ExtractTask,True,False,4
1365,14332.488888816,12,False,24,True,False,ExtractTask,True,False,4
1365,14332.488888816,13,False,55,True,False,ExtractTask,True,False,3
1365,14332.488888816,14,True,-1,False,False,RestTask,True,True,-1
1365,14332.488888816,7,True,-1,False,False,RestTask,True,True,-1
1366,14358.8444443712,1,False,70,True,False,ExtractTask,True,False,4
1366,14358.8444443712,10,False,54,True,False,ExtractTask,True,False,3
1366,14358.8444443712,11,True,-1,False,False,RestTask,True,True,-1
1366,14358.8444443712,3,False,6,True,False,ExtractTask,True,False,4
1366,14358.8444443712,5,True,-1,False,False,RestTask,True,True,-1
1366,14358.8444443712,4,False,80,True,False,ExtractTask,True,False,4
1366,14358.8444443712,12,False,24,True,False,ExtractTask,True,False,4
1366,14358.8444443712,13,False,55,True,False,ExtractTask,True,False,3
1366,14358.8444443712,14,True,-1,False,False,RestTask,True,True,-1
1366,14358.8444443712,7,True,-1,False,False,RestTask,True,True,-1
1367,14372.7111110377,1,False,70,True,False,ExtractTask,True,False,4
1367,14372.7111110377,10,False,54,True,False,ExtractTask,True,False,3
1367,14372.7111110377,11,True,-1,False,False,RestTask,True,True,-1
1367,14372.7111110377,3,False,6,True,False,ExtractTask,True,False,4
1367,14372.7111110377,5,True,-1,False,False,RestTask,True,True,-1
1367,14372.7111110377,4,False,80,True,False,ExtractTask,True,False,4
1367,14372.7111110377,12,False,24,True,False,ParkPodTask,False,False,4
1367,14372.7111110377,13,False,55,True,False,ExtractTask,True,False,3
1367,14372.7111110377,14,True,-1,False,False,RestTask,True,True,-1
1367,14372.7111110377,7,False,35,True,False,ExtractTask,False,False,3
1368,14378.9777777042,1,False,70,True,False,ExtractTask,True,False,4
1368,14378.9777777042,10,False,54,True,False,ExtractTask,True,False,3
1368,14378.9777777042,11,True,-1,False,False,RestTask,True,True,-1
1368,14378.9777777042,3,False,6,True,False,ExtractTask,True,False,4
1368,14378.9777777042,5,True,-1,False,False,RestTask,True,True,-1
1368,14378.9777777042,4,False,80,True,False,ExtractTask,True,False,4
1368,14378.9777777042,12,False,24,True,False,ParkPodTask,False,False,4
1368,14378.9777777042,13,False,55,True,False,ExtractTask,True,False,3
1368,14378.9777777042,14,True,-1,False,False,RestTask,True,True,-1
1368,14378.9777777042,7,False,35,True,False,ExtractTask,False,False,3
1369,14392.8444443707,1,False,70,True,False,ExtractTask,True,False,4
1369,14392.8444443707,10,False,54,True,False,ExtractTask,True,False,3
1369,14392.8444443707,11,True,-1,False,False,RestTask,True,True,-1
1369,14392.8444443707,3,False,6,True,False,ExtractTask,True,False,4
1369,14392.8444443707,5,True,-1,False,False,RestTask,True,True,-1
1369,14392.8444443707,4,False,80,True,False,ParkPodTask,False,False,4
1369,14392.8444443707,12,True,-1,False,False,RestTask,False,True,-1
1369,14392.8444443707,13,False,55,True,False,ExtractTask,True,False,3
1369,14392.8444443707,14,True,-1,False,False,RestTask,True,True,-1
1369,14392.8444443707,7,False,35,True,False,ExtractTask,True,False,3
