#FromID;FromX;FromY;FromIsStorage;FromIsIStation;FromIsOStation;FromIsElevator;ToID;ToX;ToY;ToIsStorage;ToIsIStation;ToIsOStation;ToIsElevator;Count;TravelTimeAvg;TravelTimeVar;TravelTimeMin;TravelTimeMax
6;23.50;3.50;False;True;False;False;102;15.50;1.50;True;False;False;False;3;14.4444444443316;0.0948148147601535;14.266666666605;14.7999999997846
6;23.50;3.50;False;True;False;False;103;16.50;1.50;True;False;False;False;1;19.1111111112241;0;19.1111111112241;19.1111111112241
6;23.50;3.50;False;True;False;False;104;17.50;1.50;True;False;False;False;1;19.0666666663892;0;19.0666666663892;19.0666666663892
6;23.50;3.50;False;True;False;False;105;18.50;1.50;True;False;False;False;6;11.0666666665717;1.07914344617808E-20;11.0666666665056;11.0666666667321
6;23.50;3.50;False;True;False;False;106;5.50;2.50;True;False;False;False;1;16.9333333330869;0;16.9333333330869;16.9333333330869
6;23.50;3.50;False;True;False;False;108;7.50;2.50;True;False;False;False;4;15.4666666665207;2.50437202256555E-20;15.4666666664416;15.4666666667581
6;23.50;3.50;False;True;False;False;109;8.50;2.50;True;False;False;False;2;15.0888888889781;0.166913580248887;14.8000000000875;15.3777777778687
6;23.50;3.50;False;True;False;False;111;10.50;2.50;True;False;False;False;6;13.6518518517466;0.0524773662627249;13.4666666664707;13.9555555553525
6;23.50;3.50;False;True;False;False;112;11.50;2.50;True;False;False;False;2;23.6666666663223;236.168888882015;12.7999999998137;34.5333333328308
6;23.50;3.50;False;True;False;False;113;12.50;2.50;True;False;False;False;8;12.8277777776872;1.42275132293198;12.1333333331568;15.6444444445369
6;23.50;3.50;False;True;False;False;114;13.50;2.50;True;False;False;False;6;11.4666666666648;8.81289824529617E-21;11.4666666664998;11.4666666667345
6;23.50;3.50;False;True;False;False;116;15.50;2.50;True;False;False;False;3;10.3111111111721;0.0948148148159358;10.1333333333932;10.6666666667297
6;23.50;3.50;False;True;False;False;117;16.50;2.50;True;False;False;False;2;9.46666666660155;1.05548504655708E-20;9.46666666652891;9.4666666666742
6;23.50;3.50;False;True;False;False;118;17.50;2.50;True;False;False;False;5;9.41333333321436;0.974222222166257;8.79999999987194;11.0666666665056
6;23.50;3.50;False;True;False;False;135;6.50;4.50;True;False;False;False;3;16.1333333332086;3.63322540451666E-20;16.1333333330986;16.1333333334287
6;23.50;3.50;False;True;False;False;136;7.50;4.50;True;False;False;False;5;15.5466666665054;0.0320000000510192;15.4666666664416;15.8666666667605
6;23.50;3.50;False;True;False;False;137;8.50;4.50;True;False;False;False;1;15.3777777778687;0;15.3777777778687;15.3777777778687
6;23.50;3.50;False;True;False;False;139;10.50;4.50;True;False;False;False;3;16.0148148146294;15.9809053490351;13.4666666664707;20.6222222219221
6;23.50;3.50;False;True;False;False;140;11.50;4.50;True;False;False;False;4;12.7999999998465;4.2881042954749E-21;12.7999999998137;12.7999999999447
6;23.50;3.50;False;True;False;False;141;12.50;4.50;True;False;False;False;1;12.7111111111863;0;12.7111111111863;12.7111111111863
6;23.50;3.50;False;True;False;False;142;13.50;4.50;True;False;False;False;2;11.4666666664998;0;11.4666666664998;11.4666666664998
6;23.50;3.50;False;True;False;False;145;16.50;4.50;True;False;False;False;4;9.67777777782137;0.0755555555641174;9.46666666666815;10.0444444445038
6;23.50;3.50;False;True;False;False;146;17.50;4.50;True;False;False;False;4;9.16666666662707;0.195390946500369;8.79999999987194;9.68888888884703
6;23.50;3.50;False;True;False;False;147;18.50;4.50;True;False;False;False;5;8.3377777777134;0.208987654285797;8.13333333321498;9.15555555542232
6;23.50;3.50;False;True;False;False;153;10.50;5.50;True;False;False;False;1;17.9999999997381;0;17.9999999997381;17.9999999997381
6;23.50;3.50;False;True;False;False;161;18.50;5.50;True;False;False;False;5;10.9333333332511;1.15856112128656E-20;10.9333333331742;10.933333333398
6;23.50;3.50;False;True;False;False;189;18.50;7.50;True;False;False;False;1;12.2666666664882;0;12.2666666664882;12.2666666664882
6;23.50;3.50;False;True;False;False;203;18.50;8.50;True;False;False;False;2;13.3111111109874;0.28543209886295;12.9333333331451;13.6888888888298
6;23.50;3.50;False;True;False;False;245;18.50;11.50;True;False;False;False;1;14.9333333334216;0;14.9333333334216;14.9333333334216
14;23.50;9.50;False;True;False;False;102;15.50;1.50;True;False;False;False;1;18.2666666667747;0;18.2666666667747;18.2666666667747
14;23.50;9.50;False;True;False;False;105;18.50;1.50;True;False;False;False;3;17.1851851849865;13.4643621391992;15.0666666664474;21.4222222219105
14;23.50;9.50;False;True;False;False;112;11.50;2.50;True;False;False;False;1;21.0666666667912;0;21.0666666667912;21.0666666667912
14;23.50;9.50;False;True;False;False;113;12.50;2.50;True;False;False;False;1;20.4000000001206;0;20.4000000001206;20.4000000001206
14;23.50;9.50;False;True;False;False;117;16.50;2.50;True;False;False;False;1;23.1111111112477;0;23.1111111112477;23.1111111112477
14;23.50;9.50;False;True;False;False;141;12.50;4.50;True;False;False;False;1;20.4000000001206;0;20.4000000001206;20.4000000001206
14;23.50;9.50;False;True;False;False;144;15.50;4.50;True;False;False;False;1;16.2666666666796;0;16.2666666666796;16.2666666666796
14;23.50;9.50;False;True;False;False;145;16.50;4.50;True;False;False;False;2;17.7333333332567;6.58439903495273E-20;17.7333333330753;17.7333333334382
14;23.50;9.50;False;True;False;False;146;17.50;4.50;True;False;False;False;1;17.0666666665929;0;17.0666666665929;17.0666666665929
14;23.50;9.50;False;True;False;False;147;18.50;4.50;True;False;False;False;1;16.3999999999292;0;16.3999999999292;16.3999999999292
14;23.50;9.50;False;True;False;False;156;13.50;5.50;True;False;False;False;3;16.1777777776536;0.274567901271084;15.599999999773;16.6222222219803
14;23.50;9.50;False;True;False;False;158;15.50;5.50;True;False;False;False;1;15.6000000000124;0;15.6000000000124;15.6000000000124
14;23.50;9.50;False;True;False;False;159;16.50;5.50;True;False;False;False;2;18.3999999997322;0;18.3999999997322;18.3999999997322
14;23.50;9.50;False;True;False;False;160;17.50;5.50;True;False;False;False;3;19.1555555554963;0.0237037036444879;19.0666666666575;19.333333333052
14;23.50;9.50;False;True;False;False;161;18.50;5.50;True;False;False;False;1;12.4000000000733;0;12.4000000000733;12.4000000000733
14;23.50;9.50;False;True;False;False;184;13.50;7.50;True;False;False;False;1;14.266666666678;0;14.266666666678;14.266666666678
14;23.50;9.50;False;True;False;False;186;15.50;7.50;True;False;False;False;2;14.2666666664591;0;14.2666666664591;14.2666666664591
14;23.50;9.50;False;True;False;False;187;16.50;7.50;True;False;False;False;2;18.3999999997322;0;18.3999999997322;18.3999999997322
14;23.50;9.50;False;True;False;False;188;17.50;7.50;True;False;False;False;1;19.1999999999171;0;19.1999999999171;19.1999999999171
14;23.50;9.50;False;True;False;False;189;18.50;7.50;True;False;False;False;4;11.1888888888542;0.0597530864533278;11.0666666665056;11.5555555556239
14;23.50;9.50;False;True;False;False;190;5.50;8.50;True;False;False;False;1;16.7999999997555;0;16.7999999997555;16.7999999997555
14;23.50;9.50;False;True;False;False;191;6.50;8.50;True;False;False;False;11;16.783838383759;3.35102132442297;16.1333333330986;22.2666666666701
14;23.50;9.50;False;True;False;False;192;7.50;8.50;True;False;False;False;4;15.4666666666592;2.24349993688164E-20;15.4666666664416;15.4666666667581
14;23.50;9.50;False;True;False;False;193;8.50;8.50;True;False;False;False;4;14.8555555554919;0.0123456790349259;14.7999999997846;15.022222222311
14;23.50;9.50;False;True;False;False;195;10.50;8.50;True;False;False;False;3;13.6592592591563;0.111275720272073;13.4666666664707;14.0444444445275
14;23.50;9.50;False;True;False;False;196;11.50;8.50;True;False;False;False;2;13.0222222221682;0.0987654322163485;12.7999999998137;13.2444444445227
14;23.50;9.50;False;True;False;False;197;12.50;8.50;True;False;False;False;2;12.133333333343;7.70611798412057E-21;12.1333333332809;12.1333333334051
14;23.50;9.50;False;True;False;False;198;13.50;8.50;True;False;False;False;2;11.7333333332813;0.0355555554912199;11.6000000000686;11.866666666494
14;23.50;9.50;False;True;False;False;200;15.50;8.50;True;False;False;False;7;10.9587301586377;2.74953556711367;10.1333333331859;14.6222222220094
14;23.50;9.50;False;True;False;False;201;16.50;8.50;True;False;False;False;2;9.46666666652891;0;9.46666666652891;9.46666666652891
14;23.50;9.50;False;True;False;False;203;18.50;8.50;True;False;False;False;4;8.19999999999516;0.0177777777874657;8.13333333321498;8.40000000004966
14;23.50;9.50;False;True;False;False;219;6.50;10.50;True;False;False;False;3;16.1333333331536;9.08306351129166E-21;16.1333333330986;16.1333333332636
14;23.50;9.50;False;True;False;False;220;7.50;10.50;True;False;False;False;2;15.5333333334252;0.00888888888899399;15.4666666667581;15.6000000000922
14;23.50;9.50;False;True;False;False;221;8.50;10.50;True;False;False;False;7;15.3968253966879;1.062621986915;14.7999999997846;17.1555555553059
14;23.50;9.50;False;True;False;False;223;10.50;10.50;True;False;False;False;4;15.4444444444553;3.80905349792541;13.8222222223039;18.0888888889958
14;23.50;9.50;False;True;False;False;224;11.50;10.50;True;False;False;False;6;16.5629629629736;84.959341565579;12.7999999998137;35.3777777779869
14;23.50;9.50;False;True;False;False;225;12.50;10.50;True;False;False;False;2;12.1333333333081;1.47499914539808E-21;12.1333333332809;12.1333333333352
14;23.50;9.50;False;True;False;False;226;13.50;10.50;True;False;False;False;5;11.4666666665233;2.75298083507529E-21;11.4666666664998;11.4666666666171
14;23.50;9.50;False;True;False;False;228;15.50;10.50;True;False;False;False;6;10.7333333332871;2.03516049381308;10.1333333331859;13.6444444443855
14;23.50;9.50;False;True;False;False;229;16.50;10.50;True;False;False;False;11;13.6161616161107;76.4508731782264;9.46666666652891;31.3777777779633
14;23.50;9.50;False;True;False;False;230;17.50;10.50;True;False;False;False;7;8.79999999992822;5.61592304907857E-21;8.79999999987194;8.80000000005202
14;23.50;9.50;False;True;False;False;231;18.50;10.50;True;False;False;False;7;8.4952380952281;0.583656672461378;8.1333333332982;10.1777777776297
14;23.50;9.50;False;True;False;False;235;8.50;11.50;True;False;False;False;1;17.599999999924;0;17.599999999924;17.599999999924
14;23.50;9.50;False;True;False;False;245;18.50;11.50;True;False;False;False;1;11.5111111111792;0;11.5111111111792;11.5111111111792
14;23.50;9.50;False;True;False;False;263;8.50;13.50;True;False;False;False;1;19.4222222219396;0;19.4222222219396;19.4222222219396
14;23.50;9.50;False;True;False;False;265;10.50;13.50;True;False;False;False;1;18.9333333334453;0;18.9333333334453;18.9333333334453
14;23.50;9.50;False;True;False;False;270;15.50;13.50;True;False;False;False;1;22.5333333333224;0;22.5333333333224;22.5333333333224
14;23.50;9.50;False;True;False;False;280;11.50;14.50;True;False;False;False;1;21.0666666666565;0;21.0666666666565;21.0666666666565
14;23.50;9.50;False;True;False;False;281;12.50;14.50;True;False;False;False;4;20.3999999999314;3.05768872471811E-20;20.3999999997031;20.4000000001206
14;23.50;9.50;False;True;False;False;282;13.50;14.50;True;False;False;False;4;19.9777777776419;0.100740740822412;19.7333333330462;20.4000000001206
14;23.50;9.50;False;True;False;False;284;15.50;14.50;True;False;False;False;6;18.6296296294213;0.126748971155142;18.3999999997322;19.111111110833
14;23.50;9.50;False;True;False;False;285;16.50;14.50;True;False;False;False;8;18.4055555553784;3.61506172815045;17.7333333330753;23.1111111107748
14;23.50;9.50;False;True;False;False;286;17.50;14.50;True;False;False;False;2;17.4888888889923;0.166913580248887;17.2000000001017;17.7777777778829
14;23.50;9.50;False;True;False;False;287;18.50;14.50;True;False;False;False;2;12.9333333333436;8.75581018145037E-21;12.9333333332775;12.9333333334098
22;0.50;6.50;False;False;True;False;92;5.50;1.50;True;False;False;False;13;13.0256410255478;0.0508515352752418;12.9333333331451;13.7333333331335
22;0.50;6.50;False;False;True;False;93;6.50;1.50;True;False;False;False;4;17.0666666665929;4.06575814682064E-20;17.0666666664183;17.0666666667676
22;0.50;6.50;False;False;True;False;94;7.50;1.50;True;False;False;False;8;17.8388888888232;0.0891358024656296;17.7333333330753;18.5777777776975
22;0.50;6.50;False;False;True;False;95;8.50;1.50;True;False;False;False;6;18.3999999998578;3.78067862252985E-20;18.3999999997322;18.4000000001088
22;0.50;6.50;False;False;True;False;97;10.50;1.50;True;False;False;False;4;19.7333333332986;3.73695385333081E-20;19.7333333330462;19.73333333345
22;0.50;6.50;False;False;True;False;98;11.50;1.50;True;False;False;False;4;20.4333333331143;0.00444444443735746;20.3999999997031;20.5333333330345
22;0.50;6.50;False;False;True;False;99;12.50;1.50;True;False;False;False;2;21.0666666665218;5.22696463048024E-20;21.0666666663601;21.0666666666834
22;0.50;6.50;False;False;True;False;100;13.50;1.50;True;False;False;False;1;22.9777777777961;0;22.9777777777961;22.9777777777961
22;0.50;6.50;False;False;True;False;106;5.50;2.50;True;False;False;False;5;12.444444444391;0.107654320995061;12.2666666664882;13.022222222166
22;0.50;6.50;False;False;True;False;114;13.50;2.50;True;False;False;False;4;18.9333333331305;2.11097009311416E-20;18.9333333330578;18.9333333333484
22;0.50;6.50;False;False;True;False;134;5.50;4.50;True;False;False;False;12;11.0037037036554;0.0594238682938512;10.9333333331742;11.7777777776064
22;0.50;6.50;False;False;True;False;148;5.50;5.50;True;False;False;False;7;8.16507936507414;0.00705467372538648;8.13333333321498;8.35555555560495
22;0.50;6.50;False;False;True;False;149;6.50;5.50;True;False;False;False;10;8.91111111109887;0.060685871056575;8.79999999987194;9.55555555551427
22;0.50;6.50;False;False;True;False;150;7.50;5.50;True;False;False;False;5;9.46666666655797;4.22199180676159E-21;9.46666666652891;9.4666666666742
22;0.50;6.50;False;False;True;False;151;8.50;5.50;True;False;False;False;10;10.8755555554995;2.05697668058101;10.1333333331859;13.6444444445251
22;0.50;6.50;False;False;True;False;153;10.50;5.50;True;False;False;False;4;12.3111111110519;2.85234567934329;11.4666666664998;14.8444444445322
22;0.50;6.50;False;False;True;False;154;11.50;5.50;True;False;False;False;6;13.5851851851236;4.13524279820888;12.1333333331568;16.6666666664241
22;0.50;6.50;False;False;True;False;155;12.50;5.50;True;False;False;False;7;12.9206349205242;0.101869488590023;12.7999999998137;13.6444444445251
22;0.50;6.50;False;False;True;False;156;13.50;5.50;True;False;False;False;1;13.4666666667463;0;13.4666666667463;13.4666666667463
22;0.50;6.50;False;False;True;False;159;16.50;5.50;True;False;False;False;4;15.4666666664416;0;15.4666666664416;15.4666666664416
22;0.50;6.50;False;False;True;False;161;18.50;5.50;True;False;False;False;1;17.6888888886315;0;17.6888888886315;17.6888888886315
22;0.50;6.50;False;False;True;False;176;5.50;7.50;True;False;False;False;8;8.14444444439182;0.000987654323558639;8.13333333321498;8.22222222227083
22;0.50;6.50;False;False;True;False;177;6.50;7.50;True;False;False;False;7;15.6571428569858;138.855449730277;8.79999999987194;35.0666666661564
22;0.50;6.50;False;False;True;False;178;7.50;7.50;True;False;False;False;8;9.59444444442761;0.0674074074085294;9.46666666652891;10.1777777777338
22;0.50;6.50;False;False;True;False;179;8.50;7.50;True;False;False;False;3;11.2592592592625;3.8031275718085;10.1333333333414;13.5111111110527
22;0.50;6.50;False;False;True;False;181;10.50;7.50;True;False;False;False;5;11.4666666666171;1.37651125734949E-20;11.4666666664998;11.4666666667345
22;0.50;6.50;False;False;True;False;183;12.50;7.50;True;False;False;False;4;12.7999999998792;5.71747239396653E-21;12.7999999998137;12.7999999999447
22;0.50;6.50;False;False;True;False;184;13.50;7.50;True;False;False;False;2;13.4666666666085;3.79713124289405E-20;13.4666666664707;13.4666666667463
22;0.50;6.50;False;False;True;False;186;15.50;7.50;True;False;False;False;1;15.377777777554;0;15.377777777554;15.377777777554
22;0.50;6.50;False;False;True;False;187;16.50;7.50;True;False;False;False;1;16.4444444442051;0;16.4444444442051;16.4444444442051
22;0.50;6.50;False;False;True;False;188;17.50;7.50;True;False;False;False;1;19.6444444441586;0;19.6444444441586;19.6444444441586
22;0.50;6.50;False;False;True;False;189;18.50;7.50;True;False;False;False;2;16.7999999997555;0;16.7999999997555;16.7999999997555
22;0.50;6.50;False;False;True;False;190;5.50;8.50;True;False;False;False;3;11.0666666665811;1.70953417196334E-20;11.0666666665056;11.0666666667321
22;0.50;6.50;False;False;True;False;191;6.50;8.50;True;False;False;False;2;19.0666666667306;4.75734834733974E-21;19.0666666666818;19.0666666667794
22;0.50;6.50;False;False;True;False;192;7.50;8.50;True;False;False;False;4;19.5888888889106;3.10962962996484;18.3999999997322;22.1333333334642
22;0.50;6.50;False;False;True;False;193;8.50;8.50;True;False;False;False;4;14.5222222220839;0.261234567843892;14.2666666664591;15.2888888886664
22;0.50;6.50;False;False;True;False;218;5.50;10.50;True;False;False;False;1;13.0666666664765;0;13.0666666664765;13.0666666664765
22;0.50;6.50;False;False;True;False;219;6.50;10.50;True;False;False;False;2;19.0666666664868;1.9029393389359E-20;19.0666666663892;19.0666666665843
22;0.50;6.50;False;False;True;False;220;7.50;10.50;True;False;False;False;2;18.4888888888565;0.0158024691525623;18.3999999999205;18.5777777777926
22;0.50;6.50;False;False;True;False;221;8.50;10.50;True;False;False;False;4;15.7666666666003;0.111111111183365;15.599999999773;16.2666666667628
22;0.50;6.50;False;False;True;False;223;10.50;10.50;True;False;False;False;2;15.6000000000124;1.27386848308932E-20;15.5999999999326;15.6000000000922
22;0.50;6.50;False;False;True;False;232;5.50;11.50;True;False;False;False;2;16.3999999999292;5.63148696929164E-20;16.3999999997613;16.400000000097
22;0.50;6.50;False;False;True;False;261;6.50;13.50;True;False;False;False;2;17.0666666666802;1.52465930505774E-20;17.0666666665929;17.0666666667676
22;0.50;6.50;False;False;True;False;265;10.50;13.50;True;False;False;False;1;17.599999999924;0;17.599999999924;17.599999999924
30;0.50;12.50;False;False;True;False;97;10.50;1.50;True;False;False;False;3;23.7333333333117;7.86251715843904E-20;23.733333332988;23.7333333334736
30;0.50;12.50;False;False;True;False;102;15.50;1.50;True;False;False;False;1;23.5999999996566;0;23.5999999996566;23.5999999996566
30;0.50;12.50;False;False;True;False;106;5.50;2.50;True;False;False;False;1;16.26666666643;0;16.26666666643;16.26666666643
30;0.50;12.50;False;False;True;False;142;13.50;4.50;True;False;False;False;1;21.5999999996857;0;21.5999999996857;21.5999999996857
30;0.50;12.50;False;False;True;False;148;5.50;5.50;True;False;False;False;1;14.5333333331218;0;14.5333333331218;14.5333333331218
30;0.50;12.50;False;False;True;False;153;10.50;5.50;True;False;False;False;2;19.7333333330462;0;19.7333333330462;19.7333333330462
30;0.50;12.50;False;False;True;False;155;12.50;5.50;True;False;False;False;1;21.0666666667912;0;21.0666666667912;21.0666666667912
30;0.50;12.50;False;False;True;False;156;13.50;5.50;True;False;False;False;1;21.3333333332412;0;21.3333333332412;21.3333333332412
30;0.50;12.50;False;False;True;False;160;17.50;5.50;True;False;False;False;1;24.3999999996449;0;24.3999999996449;24.3999999996449
30;0.50;12.50;False;False;True;False;176;5.50;7.50;True;False;False;False;2;12.9333333332775;3.50232407258015E-20;12.9333333331451;12.9333333334098
30;0.50;12.50;False;False;True;False;178;7.50;7.50;True;False;False;False;1;17.7333333333474;0;17.7333333333474;17.7333333333474
30;0.50;12.50;False;False;True;False;183;12.50;7.50;True;False;False;False;1;21.0666666667912;0;21.0666666667912;21.0666666667912
30;0.50;12.50;False;False;True;False;190;5.50;8.50;True;False;False;False;5;12.3466666666378;0.0240987654068368;12.2666666666137;12.6222222220385
30;0.50;12.50;False;False;True;False;193;8.50;8.50;True;False;False;False;1;22.5333333334665;0;22.5333333334665;22.5333333334665
30;0.50;12.50;False;False;True;False;198;13.50;8.50;True;False;False;False;1;19.5111111112265;0;19.5111111112265;19.5111111112265
30;0.50;12.50;False;False;True;False;200;15.50;8.50;True;False;False;False;2;18.9333333330578;0;18.9333333330578;18.9333333330578
30;0.50;12.50;False;False;True;False;218;5.50;10.50;True;False;False;False;2;10.9333333332861;2.50288309746295E-20;10.9333333331742;10.933333333398
30;0.50;12.50;False;False;True;False;223;10.50;10.50;True;False;False;False;1;23.066666666331;0;23.066666666331;23.066666666331
30;0.50;12.50;False;False;True;False;226;13.50;10.50;True;False;False;False;3;17.7925925924537;0.111275720092006;17.5999999997439;18.1777777775133
30;0.50;12.50;False;False;True;False;228;15.50;10.50;True;False;False;False;2;17.6888888888134;0.0158024692000177;17.5999999997439;17.7777777778829
30;0.50;12.50;False;False;True;False;232;5.50;11.50;True;False;False;False;12;9.04444444436937;3.14523007837975;8.13333333321498;13.6888888886897
30;0.50;12.50;False;False;True;False;233;6.50;11.50;True;False;False;False;6;8.92592592593576;0.0951440329192891;8.79999999996198;9.55555555555705
30;0.50;12.50;False;False;True;False;235;8.50;11.50;True;False;False;False;2;10.1333333332636;1.20937941458315E-20;10.1333333331859;10.1333333333414
30;0.50;12.50;False;False;True;False;237;10.50;11.50;True;False;False;False;3;11.76296296287;0.263374485519517;11.4666666664998;12.3555555553758
30;0.50;12.50;False;False;True;False;238;11.50;11.50;True;False;False;False;6;12.5333333332441;0.959999999882677;12.1333333331568;14.5333333331218
30;0.50;12.50;False;False;True;False;239;12.50;11.50;True;False;False;False;7;13.6571428570915;2.26285714274545;12.7999999998137;16.3999999997613
30;0.50;12.50;False;False;True;False;240;13.50;11.50;True;False;False;False;3;13.6296296295478;0.0796707819035427;13.4666666664707;13.9555555554953
30;0.50;12.50;False;False;True;False;242;15.50;11.50;True;False;False;False;7;15.9682539681742;9.55372134033496;14.7999999997846;22.9777777776785
30;0.50;12.50;False;False;True;False;243;16.50;11.50;True;False;False;False;4;15.7666666665998;0.1598353909997;15.4666666664416;16.3111111112075
30;0.50;12.50;False;False;True;False;244;17.50;11.50;True;False;False;False;1;37.8666666661156;0;37.8666666661156;37.8666666661156
30;0.50;12.50;False;False;True;False;260;5.50;13.50;True;False;False;False;14;8.37460317454866;0.814955908352936;8.13333333321498;11.5111111111792
30;0.50;12.50;False;False;True;False;261;6.50;13.50;True;False;False;False;8;8.79999999992259;3.14877747937456E-21;8.79999999987194;8.800000000007
30;0.50;12.50;False;False;True;False;262;7.50;13.50;True;False;False;False;3;10.1925925926042;1.30831275731654;9.46666666662577;11.5111111111792
30;0.50;12.50;False;False;True;False;263;8.50;13.50;True;False;False;False;8;10.2999999999694;0.060246913596825;10.1333333331859;10.7555555556191
30;0.50;12.50;False;False;True;False;265;10.50;13.50;True;False;False;False;10;11.9199999999707;1.25752537734441;11.4666666664998;14.9777777778663
30;0.50;12.50;False;False;True;False;266;11.50;13.50;True;False;False;False;8;12.7500000000284;2.24871252212572;12.1333333332809;16.4444444445417
30;0.50;12.50;False;False;True;False;267;12.50;13.50;True;False;False;False;7;12.9015873015492;0.0722398588689452;12.7999999998137;13.5111111109145
30;0.50;12.50;False;False;True;False;268;13.50;13.50;True;False;False;False;8;13.5833333333275;0.108888888913142;13.4666666664707;14.4000000000851
30;0.50;12.50;False;False;True;False;271;16.50;13.50;True;False;False;False;6;15.5037037035708;0.00823045268068709;15.4666666664416;15.6888888888211
30;0.50;12.50;False;False;True;False;272;17.50;13.50;True;False;False;False;3;16.1333333332911;2.27076587782291E-21;16.1333333332636;16.1333333333462
30;0.50;12.50;False;False;True;False;274;5.50;14.50;True;False;False;False;10;11.1955555554388;0.0827215363587902;11.0666666665056;11.9111111109378
30;0.50;12.50;False;False;True;False;275;6.50;14.50;True;False;False;False;4;19.0666666665843;5.07450490382906E-20;19.0666666663892;19.0666666667794
30;0.50;12.50;False;False;True;False;276;7.50;14.50;True;False;False;False;8;18.4277777776629;0.00617283950836054;18.3999999997322;18.6222222221418
30;0.50;12.50;False;False;True;False;277;8.50;14.50;True;False;False;False;8;14.2666666665959;1.58861578408593E-20;14.2666666664591;14.266666666751
30;0.50;12.50;False;False;True;False;287;18.50;14.50;True;False;False;False;1;20.9333333334571;0;20.9333333334571;20.9333333334571
92;5.50;1.50;True;False;False;False;6;23.50;3.50;False;True;False;False;9;30.4938271601574;70.0224416991922;25.7777777774027;51.4666666659177
92;5.50;1.50;True;False;False;False;22;0.50;6.50;False;False;True;False;3;66.9481481480848;3524.45300406368;23.6444444445842;134.622222221641
92;5.50;1.50;True;False;False;False;140;11.50;4.50;True;False;False;False;1;9.6444444443041;0;9.6444444443041;9.6444444443041
92;5.50;1.50;True;False;False;False;154;11.50;5.50;True;False;False;False;3;10.3111111110666;1.11305423225135E-20;10.3111111109611;10.3111111111721
92;5.50;1.50;True;False;False;False;155;12.50;5.50;True;False;False;False;1;10.977777777618;0;10.977777777618;10.977777777618
92;5.50;1.50;True;False;False;False;192;7.50;8.50;True;False;False;False;1;10.2666666666748;0;10.2666666666748;10.2666666666748
92;5.50;1.50;True;False;False;False;193;8.50;8.50;True;False;False;False;1;11.0222222220618;0;11.0222222220618;11.0222222220618
92;5.50;1.50;True;False;False;False;196;11.50;8.50;True;False;False;False;3;13.4518518518429;2.0668312758705;12.3111111111839;15.0666666667557
92;5.50;1.50;True;False;False;False;197;12.50;8.50;True;False;False;False;1;15.7333333331044;0;15.7333333331044;15.7333333331044
92;5.50;1.50;True;False;False;False;239;12.50;11.50;True;False;False;False;1;15.9555555553234;0;15.9555555553234;15.9555555553234
92;5.50;1.50;True;False;False;False;265;10.50;13.50;True;False;False;False;1;15.5999999999326;0;15.5999999999326;15.5999999999326
93;6.50;1.50;True;False;False;False;6;23.50;3.50;False;True;False;False;3;34.6814814813264;206.135967089559;25.7777777774027;51.2444444447474
93;6.50;1.50;True;False;False;False;22;0.50;6.50;False;False;True;False;2;77.6222222222491;2506.32000009081;42.2222222216078;113.02222222289
93;6.50;1.50;True;False;False;False;111;10.50;2.50;True;False;False;False;1;6.84444444434484;0;6.84444444434484;6.84444444434484
93;6.50;1.50;True;False;False;False;184;13.50;7.50;True;False;False;False;1;14.3111111109029;0;14.3111111109029;14.3111111109029
93;6.50;1.50;True;False;False;False;224;11.50;10.50;True;False;False;False;1;15.7333333334263;0;15.7333333334263;15.7333333334263
93;6.50;1.50;True;False;False;False;242;15.50;11.50;True;False;False;False;1;18.2666666667747;0;18.2666666667747;18.2666666667747
94;7.50;1.50;True;False;False;False;6;23.50;3.50;False;True;False;False;6;34.1037037036441;41.4646255163802;26.355555555172;41.9111111109301
94;7.50;1.50;True;False;False;False;22;0.50;6.50;False;False;True;False;1;145.155555553443;0;145.155555553443;145.155555553443
94;7.50;1.50;True;False;False;False;30;0.50;12.50;False;False;True;False;2;76.311111110459;248.892839478477;65.1555555555241;87.4666666653939
94;7.50;1.50;True;False;False;False;114;13.50;2.50;True;False;False;False;1;8.13333333338142;0;8.13333333338142;8.13333333338142
94;7.50;1.50;True;False;False;False;136;7.50;4.50;True;False;False;False;1;5.5555555555884;0;5.5555555555884;5.5555555555884
94;7.50;1.50;True;False;False;False;140;11.50;4.50;True;False;False;False;1;8.31111111099017;0;8.31111111099017;8.31111111099017
94;7.50;1.50;True;False;False;False;154;11.50;5.50;True;False;False;False;1;9.5999999998603;0;9.5999999998603;9.5999999998603
94;7.50;1.50;True;False;False;False;195;10.50;8.50;True;False;False;False;1;12.9333333331451;0;12.9333333331451;12.9333333331451
94;7.50;1.50;True;False;False;False;228;15.50;10.50;True;False;False;False;1;17.1111111111247;0;17.1111111111247;17.1111111111247
94;7.50;1.50;True;False;False;False;240;13.50;11.50;True;False;False;False;1;14.3111111110493;0;14.3111111110493;14.3111111110493
94;7.50;1.50;True;False;False;False;242;15.50;11.50;True;False;False;False;1;16.2666666667628;0;16.2666666667628;16.2666666667628
95;8.50;1.50;True;False;False;False;6;23.50;3.50;False;True;False;False;4;39.9222222218561;202.702716044674;25.2888888885209;58.666666665813
95;8.50;1.50;True;False;False;False;22;0.50;6.50;False;False;True;False;1;95.9555555541592;0;95.9555555541592;95.9555555541592
95;8.50;1.50;True;False;False;False;30;0.50;12.50;False;False;True;False;2;96.4222222222566;3883.74222236257;52.3555555547937;140.488888889719
95;8.50;1.50;True;False;False;False;140;11.50;4.50;True;False;False;False;1;7.6444444443332;0;7.6444444443332;7.6444444443332
95;8.50;1.50;True;False;False;False;155;12.50;5.50;True;False;False;False;1;11.1555555553932;0;11.1555555553932;11.1555555553932
95;8.50;1.50;True;False;False;False;184;13.50;7.50;True;False;False;False;1;12.2222222220444;0;12.2222222220444;12.2222222220444
95;8.50;1.50;True;False;False;False;191;6.50;8.50;True;False;False;False;1;10.2666666667274;0;10.2666666667274;10.2666666667274
95;8.50;1.50;True;False;False;False;196;11.50;8.50;True;False;False;False;1;10.3111111111721;0;10.3111111111721;10.3111111111721
95;8.50;1.50;True;False;False;False;200;15.50;8.50;True;False;False;False;1;15.1111111108912;0;15.1111111108912;15.1111111108912
97;10.50;1.50;True;False;False;False;6;23.50;3.50;False;True;False;False;4;29.0111111110684;23.0483950624021;23.1999999998998;34.7111111113163
97;10.50;1.50;True;False;False;False;14;23.50;9.50;False;True;False;False;1;27.0666666668267;0;27.0666666668267;27.0666666668267
97;10.50;1.50;True;False;False;False;22;0.50;6.50;False;False;True;False;2;33.7111111106205;68.3150617264068;27.8666666662612;39.5555555549799
97;10.50;1.50;True;False;False;False;30;0.50;12.50;False;False;True;False;1;50.2222222220544;0;50.2222222220544;50.2222222220544
97;10.50;1.50;True;False;False;False;181;10.50;7.50;True;False;False;False;1;11.4666666667345;0;11.4666666667345;11.4666666667345
97;10.50;1.50;True;False;False;False;184;13.50;7.50;True;False;False;False;1;14.266666666605;0;14.266666666605;14.266666666605
97;10.50;1.50;True;False;False;False;197;12.50;8.50;True;False;False;False;2;13.6000000000804;0;13.6000000000804;13.6000000000804
97;10.50;1.50;True;False;False;False;201;16.50;8.50;True;False;False;False;1;12.9333333331451;0;12.9333333331451;12.9333333331451
97;10.50;1.50;True;False;False;False;224;11.50;10.50;True;False;False;False;1;15.7333333334263;0;15.7333333334263;15.7333333334263
97;10.50;1.50;True;False;False;False;229;16.50;10.50;True;False;False;False;1;14.2666666664591;0;14.2666666664591;14.2666666664591
98;11.50;1.50;True;False;False;False;6;23.50;3.50;False;True;False;False;3;46.3259259253702;882.69102877677;24.1777777774259;80.0888888877234
98;11.50;1.50;True;False;False;False;113;12.50;2.50;True;False;False;False;1;4.71111111104256;0;4.71111111104256;4.71111111104256
98;11.50;1.50;True;False;False;False;139;10.50;4.50;True;False;False;False;1;6.17777777768788;0;6.17777777768788;6.17777777768788
98;11.50;1.50;True;False;False;False;183;12.50;7.50;True;False;False;False;1;8.800000000007;0;8.800000000007;8.800000000007
98;11.50;1.50;True;False;False;False;197;12.50;8.50;True;False;False;False;1;17.1111111108621;0;17.1111111108621;17.1111111108621
98;11.50;1.50;True;False;False;False;226;13.50;10.50;True;False;False;False;1;17.9111111108505;0;17.9111111108505;17.9111111108505
99;12.50;1.50;True;False;False;False;6;23.50;3.50;False;True;False;False;1;53.4666666664357;0;53.4666666664357;53.4666666664357
99;12.50;1.50;True;False;False;False;146;17.50;4.50;True;False;False;False;1;8.97777777778492;0;8.97777777778492;8.97777777778492
99;12.50;1.50;True;False;False;False;155;12.50;5.50;True;False;False;False;1;4.17777777771698;0;4.17777777771698;4.17777777771698
100;13.50;1.50;True;False;False;False;6;23.50;3.50;False;True;False;False;1;33.3333333333599;0;33.3333333333599;33.3333333333599
100;13.50;1.50;True;False;False;False;228;15.50;10.50;True;False;False;False;1;14.266666666678;0;14.266666666678;14.266666666678
102;15.50;1.50;True;False;False;False;22;0.50;6.50;False;False;True;False;3;82.5777777769293;868.290370367327;48.8888888881775;103.555555555108
102;15.50;1.50;True;False;False;False;30;0.50;12.50;False;False;True;False;2;124.199999999911;2685.63061719509;87.5555555560732;160.84444444375
102;15.50;1.50;True;False;False;False;153;10.50;5.50;True;False;False;False;1;11.8222222221711;0;11.8222222221711;11.8222222221711
102;15.50;1.50;True;False;False;False;196;11.50;8.50;True;False;False;False;1;14.9333333332688;0;14.9333333332688;14.9333333332688
102;15.50;1.50;True;False;False;False;200;15.50;8.50;True;False;False;False;1;6.79999999990105;0;6.79999999990105;6.79999999990105
102;15.50;1.50;True;False;False;False;229;16.50;10.50;True;False;False;False;1;10.7999999998428;0;10.7999999998428;10.7999999998428
102;15.50;1.50;True;False;False;False;242;15.50;11.50;True;False;False;False;1;8.80000000005202;0;8.80000000005202;8.80000000005202
103;16.50;1.50;True;False;False;False;30;0.50;12.50;False;False;True;False;1;125.644444444544;0;125.644444444544;125.644444444544
103;16.50;1.50;True;False;False;False;140;11.50;4.50;True;False;False;False;1;10.0000000000591;0;10.0000000000591;10.0000000000591
104;17.50;1.50;True;False;False;False;6;23.50;3.50;False;True;False;False;1;18.3555555555555;0;18.3555555555555;18.3555555555555
104;17.50;1.50;True;False;False;False;154;11.50;5.50;True;False;False;False;1;12.311111110932;0;12.311111110932;12.311111110932
105;18.50;1.50;True;False;False;False;6;23.50;3.50;False;True;False;False;2;21.4666666664668;92.4799999942471;14.6666666666783;28.2666666662553
105;18.50;1.50;True;False;False;False;22;0.50;6.50;False;False;True;False;4;76.4333333323775;2286.32279826824;30.5777777779585;131.688888886973
105;18.50;1.50;True;False;False;False;30;0.50;12.50;False;False;True;False;3;93.3481481470938;193.936460895881;81.9999999988067;108.888888887304
105;18.50;1.50;True;False;False;False;93;6.50;1.50;True;False;False;False;1;9.51111111097271;0;9.51111111097271;9.51111111097271
105;18.50;1.50;True;False;False;False;139;10.50;4.50;True;False;False;False;1;11.1111111111768;0;11.1111111111768;11.1111111111768
105;18.50;1.50;True;False;False;False;150;7.50;5.50;True;False;False;False;1;14.2666666664591;0;14.2666666664591;14.2666666664591
105;18.50;1.50;True;False;False;False;154;11.50;5.50;True;False;False;False;1;10.9777777777304;0;10.9777777777304;10.9777777777304
105;18.50;1.50;True;False;False;False;159;16.50;5.50;True;False;False;False;1;8.08888888877118;0;8.08888888877118;8.08888888877118
105;18.50;1.50;True;False;False;False;176;5.50;7.50;True;False;False;False;1;16.3111111108738;0;16.3111111108738;16.3111111108738
105;18.50;1.50;True;False;False;False;193;8.50;8.50;True;False;False;False;1;14.9777777775598;0;14.9777777775598;14.9777777775598
105;18.50;1.50;True;False;False;False;224;11.50;10.50;True;False;False;False;1;17.1555555555692;0;17.1555555555692;17.1555555555692
105;18.50;1.50;True;False;False;False;263;8.50;13.50;True;False;False;False;1;18.3111111108446;0;18.3111111108446;18.3111111108446
106;5.50;2.50;True;False;False;False;6;23.50;3.50;False;True;False;False;5;35.3688888886738;49.6448395063384;27.8666666662612;43.3333333327028
106;5.50;2.50;True;False;False;False;22;0.50;6.50;False;False;True;False;1;17.8222222219629;0;17.8222222219629;17.8222222219629
106;5.50;2.50;True;False;False;False;30;0.50;12.50;False;False;True;False;1;87.4666666662888;0;87.4666666662888;87.4666666662888
106;5.50;2.50;True;False;False;False;137;8.50;4.50;True;False;False;False;1;6.97777777774763;0;6.97777777774763;6.97777777774763
106;5.50;2.50;True;False;False;False;153;10.50;5.50;True;False;False;False;1;8.97777777764713;0;8.97777777764713;8.97777777764713
106;5.50;2.50;True;False;False;False;156;13.50;5.50;True;False;False;False;1;11.0666666667321;0;11.0666666667321;11.0666666667321
106;5.50;2.50;True;False;False;False;178;7.50;7.50;True;False;False;False;1;8.93333333320334;0;8.93333333320334;8.93333333320334
106;5.50;2.50;True;False;False;False;183;12.50;7.50;True;False;False;False;1;11.6444444445133;0;11.6444444445133;11.6444444445133
106;5.50;2.50;True;False;False;False;196;11.50;8.50;True;False;False;False;2;13.6666666664678;2.9876543209007;12.4444444442634;14.8888888886722
108;7.50;2.50;True;False;False;False;22;0.50;6.50;False;False;True;False;4;68.9666666659753;419.130699569666;46.1777777771058;94.3999999986263
108;7.50;2.50;True;False;False;False;94;7.50;1.50;True;False;False;False;1;2.66666666668243;0;2.66666666668243;2.66666666668243
108;7.50;2.50;True;False;False;False;134;5.50;4.50;True;False;False;False;1;6.93333333323244;0;6.93333333323244;6.93333333323244
108;7.50;2.50;True;False;False;False;177;6.50;7.50;True;False;False;False;1;8.13333333321498;0;8.13333333321498;8.13333333321498
108;7.50;2.50;True;False;False;False;197;12.50;8.50;True;False;False;False;1;17.0222222219745;0;17.0222222219745;17.0222222219745
109;8.50;2.50;True;False;False;False;22;0.50;6.50;False;False;True;False;2;100.844444444823;500.68543211845;85.0222222222899;116.666666667356
109;8.50;2.50;True;False;False;False;153;10.50;5.50;True;False;False;False;1;7.60000000004493;0;7.60000000004493;7.60000000004493
109;8.50;2.50;True;False;False;False;220;7.50;10.50;True;False;False;False;1;12.755555555631;0;12.755555555631;12.755555555631
111;10.50;2.50;True;False;False;False;22;0.50;6.50;False;False;True;False;6;58.1481481476893;805.792921797329;16.2222222219862;91.2444444431167
111;10.50;2.50;True;False;False;False;97;10.50;1.50;True;False;False;False;1;2.66666666666879;0;2.66666666666879;2.66666666666879
111;10.50;2.50;True;False;False;False;102;15.50;1.50;True;False;False;False;3;10.0296296295349;19.0288065834212;7.51111111107866;15.0666666664474
111;10.50;2.50;True;False;False;False;105;18.50;1.50;True;False;False;False;1;9.73333333319169;0;9.73333333319169;9.73333333319169
111;10.50;2.50;True;False;False;False;106;5.50;2.50;True;False;False;False;1;6.08888888880028;0;6.08888888880028;6.08888888880028
111;10.50;2.50;True;False;False;False;113;12.50;2.50;True;False;False;False;1;4.08888888891306;0;4.08888888891306;4.08888888891306
111;10.50;2.50;True;False;False;False;136;7.50;4.50;True;False;False;False;1;7.59999999988941;0;7.59999999988941;7.59999999988941
111;10.50;2.50;True;False;False;False;148;5.50;5.50;True;False;False;False;1;10.2222222222304;0;10.2222222222304;10.2222222222304
111;10.50;2.50;True;False;False;False;154;11.50;5.50;True;False;False;False;1;7.11111111115315;0;7.11111111115315;7.11111111115315
111;10.50;2.50;True;False;False;False;184;13.50;7.50;True;False;False;False;1;12.2222222220444;0;12.2222222220444;12.2222222220444
111;10.50;2.50;True;False;False;False;191;6.50;8.50;True;False;False;False;1;11.5555555555648;0;11.5555555555648;11.5555555555648
111;10.50;2.50;True;False;False;False;195;10.50;8.50;True;False;False;False;1;11.4666666664998;0;11.4666666664998;11.4666666664998
111;10.50;2.50;True;False;False;False;197;12.50;8.50;True;False;False;False;1;14.9333333334216;0;14.9333333334216;14.9333333334216
111;10.50;2.50;True;False;False;False;268;13.50;13.50;True;False;False;False;1;14.2222222223063;0;14.2222222223063;14.2222222223063
112;11.50;2.50;True;False;False;False;22;0.50;6.50;False;False;True;False;2;94.0444444812092;1186.38616932599;69.6888889617185;118.4000000007
112;11.50;2.50;True;False;False;False;30;0.50;12.50;False;False;True;False;1;66.5777777768089;0;66.5777777768089;66.5777777768089
112;11.50;2.50;True;False;False;False;155;12.50;5.50;True;False;False;False;1;8.79999999987194;0;8.79999999987194;8.79999999987194
112;11.50;2.50;True;False;False;False;221;8.50;10.50;True;False;False;False;1;18.5777777778876;0;18.5777777778876;18.5777777778876
112;11.50;2.50;True;False;False;False;224;11.50;10.50;True;False;False;False;1;14.3999999997905;0;14.3999999997905;14.3999999997905
113;12.50;2.50;True;False;False;False;22;0.50;6.50;False;False;True;False;8;74.0055555553417;1060.4621869649;23.1111111107748;118.044444445142
113;12.50;2.50;True;False;False;False;30;0.50;12.50;False;False;True;False;1;119.200000000705;0;119.200000000705;119.200000000705
113;12.50;2.50;True;False;False;False;95;8.50;1.50;True;False;False;False;1;6.84444444434484;0;6.84444444434484;6.84444444434484
113;12.50;2.50;True;False;False;False;111;10.50;2.50;True;False;False;False;1;3.46666666668716;0;3.46666666668716;3.46666666668716
113;12.50;2.50;True;False;False;False;116;15.50;2.50;True;False;False;False;1;3.51111111113187;0;3.51111111113187;3.51111111113187
113;12.50;2.50;True;False;False;False;117;16.50;2.50;True;False;False;False;1;4.79999999993015;0;4.79999999993015;4.79999999993015
113;12.50;2.50;True;False;False;False;134;5.50;4.50;True;False;False;False;2;10.6444444444023;0.285432098927544;10.2666666665173;11.0222222222874
113;12.50;2.50;True;False;False;False;140;11.50;4.50;True;False;False;False;1;6.13333333333821;0;6.13333333333821;6.13333333333821
113;12.50;2.50;True;False;False;False;142;13.50;4.50;True;False;False;False;1;6.13333333324408;0;6.13333333324408;6.13333333324408
113;12.50;2.50;True;False;False;False;147;18.50;4.50;True;False;False;False;1;8.97777777764713;0;8.97777777764713;8.97777777764713
113;12.50;2.50;True;False;False;False;150;7.50;5.50;True;False;False;False;1;10.4888888887363;0;10.4888888887363;10.4888888887363
113;12.50;2.50;True;False;False;False;153;10.50;5.50;True;False;False;False;1;8.39999999987776;0;8.39999999987776;8.39999999987776
113;12.50;2.50;True;False;False;False;155;12.50;5.50;True;False;False;False;1;5.46666666658712;0;5.46666666658712;5.46666666658712
113;12.50;2.50;True;False;False;False;159;16.50;5.50;True;False;False;False;1;10.3999999998487;0;10.3999999998487;10.3999999998487
113;12.50;2.50;True;False;False;False;160;17.50;5.50;True;False;False;False;1;8.97777777764713;0;8.97777777764713;8.97777777764713
113;12.50;2.50;True;False;False;False;196;11.50;8.50;True;False;False;False;1;11.9111111109378;0;11.9111111109378;11.9111111109378
113;12.50;2.50;True;False;False;False;197;12.50;8.50;True;False;False;False;1;7.28888888893198;0;7.28888888893198;7.28888888893198
114;13.50;2.50;True;False;False;False;6;23.50;3.50;False;True;False;False;2;35.9333333329973;0.720000000427608;35.3333333328192;36.5333333331755
114;13.50;2.50;True;False;False;False;22;0.50;6.50;False;False;True;False;5;72.3644444439409;863.296197483928;40.0000000000318;117.822222220508
114;13.50;2.50;True;False;False;False;30;0.50;12.50;False;False;True;False;3;82.1925925923959;541.843621432674;58.0444444435998;104.488888889507
114;13.50;2.50;True;False;False;False;116;15.50;2.50;True;False;False;False;1;2.84444444446126;0;2.84444444446126;2.84444444446126
114;13.50;2.50;True;False;False;False;140;11.50;4.50;True;False;False;False;1;7.42222222222338;0;7.42222222222338;7.42222222222338
114;13.50;2.50;True;False;False;False;154;11.50;5.50;True;False;False;False;1;7.59999999988941;0;7.59999999988941;7.59999999988941
114;13.50;2.50;True;False;False;False;155;12.50;5.50;True;False;False;False;1;7.77777777782376;0;7.77777777782376;7.77777777782376
114;13.50;2.50;True;False;False;False;178;7.50;7.50;True;False;False;False;1;11.6000000000686;0;11.6000000000686;11.6000000000686
114;13.50;2.50;True;False;False;False;183;12.50;7.50;True;False;False;False;1;7.51111111100181;0;7.51111111100181;7.51111111100181
114;13.50;2.50;True;False;False;False;184;13.50;7.50;True;False;False;False;1;6.08888888886258;0;6.08888888886258;6.08888888886258
114;13.50;2.50;True;False;False;False;201;16.50;8.50;True;False;False;False;1;10.8888888887304;0;10.8888888887304;10.8888888887304
114;13.50;2.50;True;False;False;False;221;8.50;10.50;True;False;False;False;1;12.9333333334098;0;12.9333333334098;12.9333333334098
114;13.50;2.50;True;False;False;False;225;12.50;10.50;True;False;False;False;1;13.5111111111219;0;13.5111111111219;13.5111111111219
114;13.50;2.50;True;False;False;False;226;13.50;10.50;True;False;False;False;1;15.0222222220036;0;15.0222222220036;15.0222222220036
116;15.50;2.50;True;False;False;False;22;0.50;6.50;False;False;True;False;3;64.7703703707533;1204.0875720307;41.2444444446883;104.622222222841
116;15.50;2.50;True;False;False;False;139;10.50;4.50;True;False;False;False;1;8.93333333338614;0;8.93333333338614;8.93333333338614
116;15.50;2.50;True;False;False;False;151;8.50;5.50;True;False;False;False;1;10.933333333398;0;10.933333333398;10.933333333398
116;15.50;2.50;True;False;False;False;196;11.50;8.50;True;False;False;False;1;13.5555555556357;0;13.5555555556357;13.5555555556357
117;16.50;2.50;True;False;False;False;22;0.50;6.50;False;False;True;False;3;113.970370370708;8484.63078202832;19.5999999997148;203.644444445648
117;16.50;2.50;True;False;False;False;94;7.50;1.50;True;False;False;False;1;10.1777777776297;0;10.1777777776297;10.1777777776297
117;16.50;2.50;True;False;False;False;197;12.50;8.50;True;False;False;False;1;11.5555555555648;0;11.5555555555648;11.5555555555648
117;16.50;2.50;True;False;False;False;233;6.50;11.50;True;False;False;False;1;17.911111111217;0;17.911111111217;17.911111111217
118;17.50;2.50;True;False;False;False;22;0.50;6.50;False;False;True;False;4;92.333333332332;479.608230435857;62.5777777768672;109.955555553955
118;17.50;2.50;True;False;False;False;30;0.50;12.50;False;False;True;False;1;57.2444444436114;0;57.2444444436114;57.2444444436114
118;17.50;2.50;True;False;False;False;95;8.50;1.50;True;False;False;False;1;10.1777777776297;0;10.1777777776297;10.1777777776297
118;17.50;2.50;True;False;False;False;113;12.50;2.50;True;False;False;False;1;5.46666666658712;0;5.46666666658712;5.46666666658712
118;17.50;2.50;True;False;False;False;114;13.50;2.50;True;False;False;False;1;5.15555555553328;0;5.15555555553328;5.15555555553328
118;17.50;2.50;True;False;False;False;140;11.50;4.50;True;False;False;False;1;9.5999999998603;0;9.5999999998603;9.5999999998603
118;17.50;2.50;True;False;False;False;239;12.50;11.50;True;False;False;False;1;14.2222222220153;0;14.2222222220153;14.2222222220153
134;5.50;4.50;True;False;False;False;6;23.50;3.50;False;True;False;False;7;42.7873015870105;210.116025867595;29.8666666665376;65.3777777781643
134;5.50;4.50;True;False;False;False;22;0.50;6.50;False;False;True;False;3;69.2148148147814;777.604609072964;40.7555555549625;96.4888888889657
134;5.50;4.50;True;False;False;False;30;0.50;12.50;False;False;True;False;2;137.555555555997;116.87506171842;129.911111111879;145.200000000116
134;5.50;4.50;True;False;False;False;111;10.50;2.50;True;False;False;False;1;9.51111111111868;0;9.51111111111868;9.51111111111868
134;5.50;4.50;True;False;False;False;140;11.50;4.50;True;False;False;False;1;5.51111111103091;0;5.51111111103091;5.51111111103091
134;5.50;4.50;True;False;False;False;151;8.50;5.50;True;False;False;False;1;6.8000000000402;0;6.8000000000402;6.8000000000402
134;5.50;4.50;True;False;False;False;155;12.50;5.50;True;False;False;False;1;8.84444444431574;0;8.84444444431574;8.84444444431574
134;5.50;4.50;True;False;False;False;156;13.50;5.50;True;False;False;False;1;13.6000000000804;0;13.6000000000804;13.6000000000804
134;5.50;4.50;True;False;False;False;181;10.50;7.50;True;False;False;False;1;8.97777777773899;0;8.97777777773899;8.97777777773899
134;5.50;4.50;True;False;False;False;183;12.50;7.50;True;False;False;False;1;10.9333333331742;0;10.9333333331742;10.9333333331742
134;5.50;4.50;True;False;False;False;184;13.50;7.50;True;False;False;False;1;10.9777777778427;0;10.9777777778427;10.9777777778427
134;5.50;4.50;True;False;False;False;192;7.50;8.50;True;False;False;False;1;8.26666666671554;0;8.26666666671554;8.26666666671554
134;5.50;4.50;True;False;False;False;196;11.50;8.50;True;False;False;False;1;12.9333333333436;0;12.9333333333436;12.9333333333436
134;5.50;4.50;True;False;False;False;197;12.50;8.50;True;False;False;False;1;21.7777777774609;0;21.7777777774609;21.7777777774609
134;5.50;4.50;True;False;False;False;198;13.50;8.50;True;False;False;False;1;16.3111111108738;0;16.3111111108738;16.3111111108738
135;6.50;4.50;True;False;False;False;22;0.50;6.50;False;False;True;False;3;37.3333333331214;493.513086413491;17.8222222223276;61.5111111108454
135;6.50;4.50;True;False;False;False;97;10.50;1.50;True;False;False;False;1;9.55555555561205;0;9.55555555561205;9.55555555561205
135;6.50;4.50;True;False;False;False;98;11.50;1.50;True;False;False;False;1;10.2222222220735;0;10.2222222220735;10.2222222220735
135;6.50;4.50;True;False;False;False;224;11.50;10.50;True;False;False;False;1;10.977777777618;0;10.977777777618;10.977777777618
136;7.50;4.50;True;False;False;False;22;0.50;6.50;False;False;True;False;6;89.0740740732904;641.262156359718;42.9777777780319;112.622222220583
136;7.50;4.50;True;False;False;False;92;5.50;1.50;True;False;False;False;1;7.60000000004493;0;7.60000000004493;7.60000000004493
136;7.50;4.50;True;False;False;False;106;5.50;2.50;True;False;False;False;2;8.2666666666446;3.55555555597594;6.93333333323244;9.60000000005675
136;7.50;4.50;True;False;False;False;148;5.50;5.50;True;False;False;False;1;6.22222222225901;0;6.22222222225901;6.22222222225901
136;7.50;4.50;True;False;False;False;155;12.50;5.50;True;False;False;False;2;8.04444444432738;0.0158024691353426;7.95555555543979;8.13333333321498
136;7.50;4.50;True;False;False;False;232;5.50;11.50;True;False;False;False;1;9.6444444443041;0;9.6444444443041;9.6444444443041
136;7.50;4.50;True;False;False;False;239;12.50;11.50;True;False;False;False;1;11.644444444275;0;11.644444444275;11.644444444275
137;8.50;4.50;True;False;False;False;92;5.50;1.50;True;False;False;False;2;7.64444444445053;3.0589139052211E-21;7.64444444441142;7.64444444448964
137;8.50;4.50;True;False;False;False;94;7.50;1.50;True;False;False;False;1;6.5777777777746;0;6.5777777777746;6.5777777777746
137;8.50;4.50;True;False;False;False;106;5.50;2.50;True;False;False;False;1;6.97777777774763;0;6.97777777774763;6.97777777774763
137;8.50;4.50;True;False;False;False;114;13.50;2.50;True;False;False;False;1;8.93333333338614;0;8.93333333338614;8.93333333338614
137;8.50;4.50;True;False;False;False;134;5.50;4.50;True;False;False;False;1;3.51111111113187;0;3.51111111113187;3.51111111113187
137;8.50;4.50;True;False;False;False;136;7.50;4.50;True;False;False;False;1;3.28888888890833;0;3.28888888890833;3.28888888890833
137;8.50;4.50;True;False;False;False;139;10.50;4.50;True;False;False;False;1;3.46666666668716;0;3.46666666668716;3.46666666668716
137;8.50;4.50;True;False;False;False;141;12.50;4.50;True;False;False;False;1;4.17777777780248;0;4.17777777780248;4.17777777780248
137;8.50;4.50;True;False;False;False;178;7.50;7.50;True;False;False;False;1;6.17777777775109;0;6.17777777775109;6.17777777775109
137;8.50;4.50;True;False;False;False;192;7.50;8.50;True;False;False;False;1;7.46666666671081;0;7.46666666671081;7.46666666671081
137;8.50;4.50;True;False;False;False;233;6.50;11.50;True;False;False;False;1;10.7111111110648;0;10.7111111110648;10.7111111110648
137;8.50;4.50;True;False;False;False;280;11.50;14.50;True;False;False;False;1;14.3111111111143;0;14.3111111111143;14.3111111111143
137;8.50;4.50;True;False;False;False;282;13.50;14.50;True;False;False;False;1;15.0222222222342;0;15.0222222222342;15.0222222222342
139;10.50;4.50;True;False;False;False;6;23.50;3.50;False;True;False;False;1;55.3333333333341;0;55.3333333333341;55.3333333333341
139;10.50;4.50;True;False;False;False;22;0.50;6.50;False;False;True;False;2;83.5555555556698;4314.17283962772;37.1111111105711;130.000000000769
139;10.50;4.50;True;False;False;False;93;6.50;1.50;True;False;False;False;1;8.93333333338614;0;8.93333333338614;8.93333333338614
139;10.50;4.50;True;False;False;False;94;7.50;1.50;True;False;False;False;2;8.02222222218506;0.119506172758216;7.77777777782376;8.26666666654637
139;10.50;4.50;True;False;False;False;97;10.50;1.50;True;False;False;False;1;4.75555555548635;0;4.75555555548635;4.75555555548635
139;10.50;4.50;True;False;False;False;108;7.50;2.50;True;False;False;False;1;7.33333333322662;0;7.33333333322662;7.33333333322662
139;10.50;4.50;True;False;False;False;111;10.50;2.50;True;False;False;False;3;3.25925925922517;0.129053497922031;2.84444444444307;3.46666666661622
139;10.50;4.50;True;False;False;False;113;12.50;2.50;True;False;False;False;2;6.91111111105897;0.719999999862812;6.31111111111613;7.51111111100181
139;10.50;4.50;True;False;False;False;114;13.50;2.50;True;False;False;False;1;7.59999999988941;0;7.59999999988941;7.59999999988941
139;10.50;4.50;True;False;False;False;134;5.50;4.50;True;False;False;False;3;5.88148148146858;0.129053497983856;5.46666666658712;6.08888888892488
139;10.50;4.50;True;False;False;False;135;6.50;4.50;True;False;False;False;1;5.8666666665813;0;5.8666666665813;5.8666666665813
139;10.50;4.50;True;False;False;False;136;7.50;4.50;True;False;False;False;1;4.75555555548635;0;4.75555555548635;4.75555555548635
139;10.50;4.50;True;False;False;False;140;11.50;4.50;True;False;False;False;1;3.28888888884103;0;3.28888888884103;3.28888888884103
139;10.50;4.50;True;False;False;False;144;15.50;4.50;True;False;False;False;1;5.46666666667102;0;5.46666666667102;5.46666666667102
139;10.50;4.50;True;False;False;False;145;16.50;4.50;True;False;False;False;1;7.51111111115551;0;7.51111111115551;7.51111111115551
139;10.50;4.50;True;False;False;False;151;8.50;5.50;True;False;False;False;1;6.13333333324408;0;6.13333333324408;6.13333333324408
139;10.50;4.50;True;False;False;False;153;10.50;5.50;True;False;False;False;2;18.1777777775237;520.568888873063;2.04444444443561;34.3111111106118
139;10.50;4.50;True;False;False;False;154;11.50;5.50;True;False;False;False;1;34.5333333335375;0;34.5333333335375;34.5333333335375
139;10.50;4.50;True;False;False;False;155;12.50;5.50;True;False;False;False;1;6.13333333324408;0;6.13333333324408;6.13333333324408
139;10.50;4.50;True;False;False;False;176;5.50;7.50;True;False;False;False;1;14.4000000000023;0;14.4000000000023;14.4000000000023
139;10.50;4.50;True;False;False;False;223;10.50;10.50;True;False;False;False;1;6.57777777781666;0;6.57777777781666;6.57777777781666
139;10.50;4.50;True;False;False;False;224;11.50;10.50;True;False;False;False;1;19.4222222219396;0;19.4222222219396;19.4222222219396
139;10.50;4.50;True;False;False;False;233;6.50;11.50;True;False;False;False;1;11.5999999999944;0;11.5999999999944;11.5999999999944
139;10.50;4.50;True;False;False;False;266;11.50;13.50;True;False;False;False;1;15.0666666666016;0;15.0666666666016;15.0666666666016
139;10.50;4.50;True;False;False;False;268;13.50;13.50;True;False;False;False;1;13.1111111109203;0;13.1111111109203;13.1111111109203
140;11.50;4.50;True;False;False;False;22;0.50;6.50;False;False;True;False;3;60.5481481477949;499.165102892779;35.1999999994878;77.3777777782352
140;11.50;4.50;True;False;False;False;92;5.50;1.50;True;False;False;False;2;12.1111111109349;5.85580246896538;10.3999999998487;13.8222222220211
140;11.50;4.50;True;False;False;False;94;7.50;1.50;True;False;False;False;1;9.73333333319169;0;9.73333333319169;9.73333333319169
140;11.50;4.50;True;False;False;False;95;8.50;1.50;True;False;False;False;2;13.9111111109087;50.4454320972973;8.88888888875954;18.9333333330578
140;11.50;4.50;True;False;False;False;105;18.50;1.50;True;False;False;False;2;10.9333333331742;0;10.9333333331742;10.9333333331742
140;11.50;4.50;True;False;False;False;113;12.50;2.50;True;False;False;False;1;6.71111111101345;0;6.71111111101345;6.71111111101345
140;11.50;4.50;True;False;False;False;114;13.50;2.50;True;False;False;False;4;6.58888888885168;0.105843621411486;6.31111111101927;6.93333333337432
140;11.50;4.50;True;False;False;False;136;7.50;4.50;True;False;False;False;1;5.42222222214332;0;5.42222222214332;5.42222222214332
140;11.50;4.50;True;False;False;False;142;13.50;4.50;True;False;False;False;1;4.08888888882939;0;4.08888888882939;4.08888888882939
140;11.50;4.50;True;False;False;False;145;16.50;4.50;True;False;False;False;1;5.46666666658712;0;5.46666666658712;5.46666666658712
140;11.50;4.50;True;False;False;False;153;10.50;5.50;True;False;False;False;2;5.28888888887866;0.252839506152708;4.93333333333726;5.64444444442006
140;11.50;4.50;True;False;False;False;154;11.50;5.50;True;False;False;False;1;3.28888888884103;0;3.28888888884103;3.28888888884103
140;11.50;4.50;True;False;False;False;181;10.50;7.50;True;False;False;False;1;6.17777777775109;0;6.17777777775109;6.17777777775109
140;11.50;4.50;True;False;False;False;200;15.50;8.50;True;False;False;False;1;12.9777777775889;0;12.9777777775889;12.9777777775889
141;12.50;4.50;True;False;False;False;22;0.50;6.50;False;False;True;False;1;128.177777778536;0;128.177777778536;128.177777778536
141;12.50;4.50;True;False;False;False;30;0.50;12.50;False;False;True;False;1;48.0444444442369;0;48.0444444442369;48.0444444442369
141;12.50;4.50;True;False;False;False;149;6.50;5.50;True;False;False;False;1;8.97777777783085;0;8.97777777783085;8.97777777783085
141;12.50;4.50;True;False;False;False;155;12.50;5.50;True;False;False;False;2;2.33333333334713;0.22222222222485;2.00000000001182;2.66666666668243
141;12.50;4.50;True;False;False;False;160;17.50;5.50;True;False;False;False;1;8.13333333338142;0;8.13333333338142;8.13333333338142
142;13.50;4.50;True;False;False;False;6;23.50;3.50;False;True;False;False;1;39.6888888883113;0;39.6888888883113;39.6888888883113
142;13.50;4.50;True;False;False;False;22;0.50;6.50;False;False;True;False;1;64.6666666657256;0;64.6666666657256;64.6666666657256
142;13.50;4.50;True;False;False;False;30;0.50;12.50;False;False;True;False;1;26.5333333329472;0;26.5333333329472;26.5333333329472
142;13.50;4.50;True;False;False;False;140;11.50;4.50;True;False;False;False;1;2.84444444440305;0;2.84444444440305;2.84444444440305
142;13.50;4.50;True;False;False;False;151;8.50;5.50;True;False;False;False;1;8.13333333321498;0;8.13333333321498;8.13333333321498
142;13.50;4.50;True;False;False;False;154;11.50;5.50;True;False;False;False;1;5.51111111103091;0;5.51111111103091;5.51111111103091
144;15.50;4.50;True;False;False;False;30;0.50;12.50;False;False;True;False;1;167.155555555689;0;167.155555555689;167.155555555689
144;15.50;4.50;True;False;False;False;277;8.50;14.50;True;False;False;False;1;17.8222222222364;0;17.8222222222364;17.8222222222364
145;16.50;4.50;True;False;False;False;22;0.50;6.50;False;False;True;False;5;82.8977777781609;3491.90064203177;25.4222222223725;165.51111111209
145;16.50;4.50;True;False;False;False;139;10.50;4.50;True;False;False;False;3;9.67407407410807;9.81794238677934;6.13333333336959;12.0888888888908
145;16.50;4.50;True;False;False;False;149;6.50;5.50;True;False;False;False;1;10.8000000000638;0;10.8000000000638;10.8000000000638
145;16.50;4.50;True;False;False;False;192;7.50;8.50;True;False;False;False;1;22.8000000001348;0;22.8000000001348;22.8000000001348
145;16.50;4.50;True;False;False;False;268;13.50;13.50;True;False;False;False;1;11.644444444275;0;11.644444444275;11.644444444275
146;17.50;4.50;True;False;False;False;22;0.50;6.50;False;False;True;False;3;57.1259259258339;3563.59572011795;20.2666666667865;125.999999999456
146;17.50;4.50;True;False;False;False;30;0.50;12.50;False;False;True;False;2;106.777777777586;4.97876543035745;105.200000000084;108.355555555087
146;17.50;4.50;True;False;False;False;149;6.50;5.50;True;False;False;False;1;12.1333333332809;0;12.1333333332809;12.1333333332809
146;17.50;4.50;True;False;False;False;184;13.50;7.50;True;False;False;False;1;8.31111111107521;0;8.31111111107521;8.31111111107521
146;17.50;4.50;True;False;False;False;188;17.50;7.50;True;False;False;False;1;4.13333333331548;0;4.13333333331548;4.13333333331548
146;17.50;4.50;True;False;False;False;198;13.50;8.50;True;False;False;False;1;9.15555555542232;0;9.15555555542232;9.15555555542232
146;17.50;4.50;True;False;False;False;226;13.50;10.50;True;False;False;False;1;10.3111111111721;0;10.3111111111721;10.3111111111721
146;17.50;4.50;True;False;False;False;238;11.50;11.50;True;False;False;False;1;19.2888888888056;0;19.2888888888056;19.2888888888056
147;18.50;4.50;True;False;False;False;22;0.50;6.50;False;False;True;False;6;74.681481480974;970.897909451303;21.2888888888888;105.333333332878
147;18.50;4.50;True;False;False;False;98;11.50;1.50;True;False;False;False;1;10.9333333332861;0;10.9333333332861;10.9333333332861
147;18.50;4.50;True;False;False;False;154;11.50;5.50;True;False;False;False;1;8.84444444431574;0;8.84444444431574;8.84444444431574
147;18.50;4.50;True;False;False;False;179;8.50;7.50;True;False;False;False;1;12.9333333332775;0;12.9333333332775;12.9333333332775
147;18.50;4.50;True;False;False;False;184;13.50;7.50;True;False;False;False;1;9.06666666653473;0;9.06666666653473;9.06666666653473
147;18.50;4.50;True;False;False;False;197;12.50;8.50;True;False;False;False;1;10.3111111111124;0;10.3111111111124;10.3111111111124
147;18.50;4.50;True;False;False;False;265;10.50;13.50;True;False;False;False;1;17.1111111110372;0;17.1111111110372;17.1111111110372
148;5.50;5.50;True;False;False;False;6;23.50;3.50;False;True;False;False;1;36.1333333328075;0;36.1333333328075;36.1333333328075
148;5.50;5.50;True;False;False;False;22;0.50;6.50;False;False;True;False;5;65.4399999999925;1832.38577781825;29.4222222217941;139.200000000823
148;5.50;5.50;True;False;False;False;30;0.50;12.50;False;False;True;False;2;107.73333333397;148.685432100523;99.111111111697;116.355555556243
148;5.50;5.50;True;False;False;False;113;12.50;2.50;True;False;False;False;2;10.3111111110666;2.22610846450271E-20;10.3111111109611;10.3111111111721
148;5.50;5.50;True;False;False;False;151;8.50;5.50;True;False;False;False;1;4.13333333335777;0;4.13333333335777;4.13333333335777
148;5.50;5.50;True;False;False;False;197;12.50;8.50;True;False;False;False;2;14.9999999997817;8.54222222197361;12.9333333331451;17.0666666664183
148;5.50;5.50;True;False;False;False;220;7.50;10.50;True;False;False;False;1;8.93333333338614;0;8.93333333338614;8.93333333338614
148;5.50;5.50;True;False;False;False;224;11.50;10.50;True;False;False;False;1;13.6000000000804;0;13.6000000000804;13.6000000000804
148;5.50;5.50;True;False;False;False;228;15.50;10.50;True;False;False;False;1;14.266666666678;0;14.266666666678;14.266666666678
149;6.50;5.50;True;False;False;False;6;23.50;3.50;False;True;False;False;5;34.844444444422;152.809876540782;25.8666666665549;56.4888888886449
149;6.50;5.50;True;False;False;False;22;0.50;6.50;False;False;True;False;1;69.4222222219223;0;69.4222222219223;69.4222222219223
149;6.50;5.50;True;False;False;False;30;0.50;12.50;False;False;True;False;3;59.6444444444545;1930.58567902541;23.1111111107748;108.400000000086
149;6.50;5.50;True;False;False;False;153;10.50;5.50;True;False;False;False;1;4.79999999993015;0;4.79999999993015;4.79999999993015
149;6.50;5.50;True;False;False;False;154;11.50;5.50;True;False;False;False;1;5.46666666664305;0;5.46666666664305;5.46666666664305
149;6.50;5.50;True;False;False;False;158;15.50;5.50;True;False;False;False;1;14.0888888889001;0;14.0888888889001;14.0888888889001
149;6.50;5.50;True;False;False;False;183;12.50;7.50;True;False;False;False;2;9.60000000005675;0;9.60000000005675;9.60000000005675
149;6.50;5.50;True;False;False;False;184;13.50;7.50;True;False;False;False;1;13.1111111111886;0;13.1111111111886;13.1111111111886
149;6.50;5.50;True;False;False;False;192;7.50;8.50;True;False;False;False;1;10.4444444444394;0;10.4444444444394;10.4444444444394
149;6.50;5.50;True;False;False;False;197;12.50;8.50;True;False;False;False;1;10.2666666666223;0;10.2666666666223;10.2666666666223
149;6.50;5.50;True;False;False;False;224;11.50;10.50;True;False;False;False;1;22.533333333236;0;22.533333333236;22.533333333236
149;6.50;5.50;True;False;False;False;225;12.50;10.50;True;False;False;False;1;15.5555555554884;0;15.5555555554884;15.5555555554884
149;6.50;5.50;True;False;False;False;239;12.50;11.50;True;False;False;False;1;12.8888888889651;0;12.8888888889651;12.8888888889651
150;7.50;5.50;True;False;False;False;6;23.50;3.50;False;True;False;False;4;24.9444444440815;15.3894650201282;19.5999999997148;28.8444444440247
150;7.50;5.50;True;False;False;False;30;0.50;12.50;False;False;True;False;1;46.0888888889256;0;46.0888888889256;46.0888888889256
150;7.50;5.50;True;False;False;False;153;10.50;5.50;True;False;False;False;1;4.13333333327319;0;4.13333333327319;4.13333333327319
150;7.50;5.50;True;False;False;False;155;12.50;5.50;True;False;False;False;1;13.1555555553641;0;13.1555555553641;13.1555555553641
150;7.50;5.50;True;False;False;False;197;12.50;8.50;True;False;False;False;1;12.4444444442634;0;12.4444444442634;12.4444444442634
150;7.50;5.50;True;False;False;False;224;11.50;10.50;True;False;False;False;1;10.8888888887304;0;10.8888888887304;10.8888888887304
150;7.50;5.50;True;False;False;False;240;13.50;11.50;True;False;False;False;1;12.2666666666764;0;12.2666666666764;12.2666666666764
151;8.50;5.50;True;False;False;False;6;23.50;3.50;False;True;False;False;5;34.8622222220005;197.954172836015;19.8222222219338;53.155555554782
151;8.50;5.50;True;False;False;False;22;0.50;6.50;False;False;True;False;2;107.266666665991;3621.95061732921;64.7111111101694;149.822222221812
151;8.50;5.50;True;False;False;False;30;0.50;12.50;False;False;True;False;2;74.8888888885594;0.667654319210998;74.3111111115504;75.4666666655685
151;8.50;5.50;True;False;False;False;95;8.50;1.50;True;False;False;False;1;13.200000000078;0;13.200000000078;13.200000000078
151;8.50;5.50;True;False;False;False;109;8.50;2.50;True;False;False;False;1;3.51111111113187;0;3.51111111113187;3.51111111113187
151;8.50;5.50;True;False;False;False;134;5.50;4.50;True;False;False;False;1;6.17777777778269;0;6.17777777778269;6.17777777778269
151;8.50;5.50;True;False;False;False;137;8.50;4.50;True;False;False;False;1;2.00000000001182;0;2.00000000001182;2.00000000001182
151;8.50;5.50;True;False;False;False;139;10.50;4.50;True;False;False;False;2;5.48888888886495;0.000987654315987005;5.46666666669898;5.51111111103091
151;8.50;5.50;True;False;False;False;141;12.50;4.50;True;False;False;False;1;6.84444444441488;0;6.84444444441488;6.84444444441488
151;8.50;5.50;True;False;False;False;148;5.50;5.50;True;False;False;False;1;4.13333333335777;0;4.13333333335777;4.13333333335777
151;8.50;5.50;True;False;False;False;176;5.50;7.50;True;False;False;False;1;7.60000000004493;0;7.60000000004493;7.60000000004493
151;8.50;5.50;True;False;False;False;177;6.50;7.50;True;False;False;False;1;6.93333333337432;0;6.93333333337432;6.93333333337432
151;8.50;5.50;True;False;False;False;181;10.50;7.50;True;False;False;False;3;9.11111111097853;14.2281481477341;6.93333333323244;13.4666666664707
151;8.50;5.50;True;False;False;False;186;15.50;7.50;True;False;False;False;1;12.7555555553699;0;12.7555555553699;12.7555555553699
151;8.50;5.50;True;False;False;False;192;7.50;8.50;True;False;False;False;1;7.4222222222661;0;7.4222222222661;7.4222222222661
151;8.50;5.50;True;False;False;False;193;8.50;8.50;True;False;False;False;1;4.75555555558367;0;4.75555555558367;4.75555555558367
151;8.50;5.50;True;False;False;False;240;13.50;11.50;True;False;False;False;1;12.2222222222319;0;12.2222222222319;12.2222222222319
151;8.50;5.50;True;False;False;False;268;13.50;13.50;True;False;False;False;1;15.6888888889816;0;15.6888888889816;15.6888888889816
153;10.50;5.50;True;False;False;False;6;23.50;3.50;False;True;False;False;4;43.9333333330184;908.333168716185;17.599999999924;72.8000000000579
153;10.50;5.50;True;False;False;False;14;23.50;9.50;False;True;False;False;1;23.2444444441062;0;23.2444444441062;23.2444444441062
153;10.50;5.50;True;False;False;False;22;0.50;6.50;False;False;True;False;2;73.8444444433699;5514.83358008641;21.3333333330229;126.355555553717
153;10.50;5.50;True;False;False;False;94;7.50;1.50;True;False;False;False;1;23.0222222223583;0;23.0222222223583;23.0222222223583
153;10.50;5.50;True;False;False;False;97;10.50;1.50;True;False;False;False;1;5.42222222214332;0;5.42222222214332;5.42222222214332
153;10.50;5.50;True;False;False;False;134;5.50;4.50;True;False;False;False;1;8.75555555551773;0;8.75555555551773;8.75555555551773
153;10.50;5.50;True;False;False;False;148;5.50;5.50;True;False;False;False;3;6.57777777772208;0.39703703694011;5.86666666670135;7.06666666656383
153;10.50;5.50;True;False;False;False;154;11.50;5.50;True;False;False;False;2;4.22222222217124;9.48543209839826;2.04444444443561;6.39999999990687
153;10.50;5.50;True;False;False;False;156;13.50;5.50;True;False;False;False;1;4.13333333327319;0;4.13333333327319;4.13333333327319
153;10.50;5.50;True;False;False;False;178;7.50;7.50;True;False;False;False;1;7.60000000004493;0;7.60000000004493;7.60000000004493
153;10.50;5.50;True;False;False;False;191;6.50;8.50;True;False;False;False;1;8.93333333320334;0;8.93333333320334;8.93333333320334
153;10.50;5.50;True;False;False;False;192;7.50;8.50;True;False;False;False;1;7.64444444448964;0;7.64444444448964;7.64444444448964
153;10.50;5.50;True;False;False;False;193;8.50;8.50;True;False;False;False;1;8.22222222210257;0;8.22222222210257;8.22222222210257
153;10.50;5.50;True;False;False;False;196;11.50;8.50;True;False;False;False;1;9.15555555542232;0;9.15555555542232;9.15555555542232
153;10.50;5.50;True;False;False;False;197;12.50;8.50;True;False;False;False;1;10.2222222222827;0;10.2222222222827;10.2222222222827
153;10.50;5.50;True;False;False;False;225;12.50;10.50;True;False;False;False;1;12.4888888888988;0;12.4888888888988;12.4888888888988
154;11.50;5.50;True;False;False;False;6;23.50;3.50;False;True;False;False;4;25.4666666664725;94.3341563719893;16.9333333334334;36.1777777772513
154;11.50;5.50;True;False;False;False;22;0.50;6.50;False;False;True;False;2;30.1555555551167;310.835555546509;17.6888888886315;42.622222221602
154;11.50;5.50;True;False;False;False;30;0.50;12.50;False;False;True;False;1;153.599999999336;0;153.599999999336;153.599999999336
154;11.50;5.50;True;False;False;False;92;5.50;1.50;True;False;False;False;1;10.9333333331742;0;10.9333333331742;10.9333333331742
154;11.50;5.50;True;False;False;False;94;7.50;1.50;True;False;False;False;1;9.5999999998603;0;9.5999999998603;9.5999999998603
154;11.50;5.50;True;False;False;False;105;18.50;1.50;True;False;False;False;2;11.5999999998905;7.0435463134656E-21;11.5999999998312;11.5999999999499
154;11.50;5.50;True;False;False;False;108;7.50;2.50;True;False;False;False;1;9.77777777763549;0;9.77777777763549;9.77777777763549
154;11.50;5.50;True;False;False;False;118;17.50;2.50;True;False;False;False;1;10.8888888887304;0;10.8888888887304;10.8888888887304
154;11.50;5.50;True;False;False;False;135;6.50;4.50;True;False;False;False;1;8.08888888893671;0;8.08888888893671;8.08888888893671
154;11.50;5.50;True;False;False;False;136;7.50;4.50;True;False;False;False;1;8.08888888877118;0;8.08888888877118;8.08888888877118
154;11.50;5.50;True;False;False;False;139;10.50;4.50;True;False;False;False;1;4.71111111104256;0;4.71111111104256;4.71111111104256
154;11.50;5.50;True;False;False;False;146;17.50;4.50;True;False;False;False;1;8.17777777774245;0;8.17777777774245;8.17777777774245
154;11.50;5.50;True;False;False;False;147;18.50;4.50;True;False;False;False;1;9.42222222218152;0;9.42222222218152;9.42222222218152
154;11.50;5.50;True;False;False;False;149;6.50;5.50;True;False;False;False;1;11.4222222221729;0;11.4222222221729;11.4222222221729
154;11.50;5.50;True;False;False;False;155;12.50;5.50;True;False;False;False;4;2.42222222222449;0.100740740744074;2.00000000001182;2.66666666668243
154;11.50;5.50;True;False;False;False;156;13.50;5.50;True;False;False;False;1;4.08888888891306;0;4.08888888891306;4.08888888891306
154;11.50;5.50;True;False;False;False;161;18.50;5.50;True;False;False;False;1;12.1333333331568;0;12.1333333331568;12.1333333331568
154;11.50;5.50;True;False;False;False;195;10.50;8.50;True;False;False;False;1;6.8000000000402;0;6.8000000000402;6.8000000000402
154;11.50;5.50;True;False;False;False;197;12.50;8.50;True;False;False;False;1;10.2666666665173;0;10.2666666665173;10.2666666665173
154;11.50;5.50;True;False;False;False;198;13.50;8.50;True;False;False;False;1;22.4888888890218;0;22.4888888890218;22.4888888890218
154;11.50;5.50;True;False;False;False;224;11.50;10.50;True;False;False;False;1;15.1111111108912;0;15.1111111108912;15.1111111108912
154;11.50;5.50;True;False;False;False;268;13.50;13.50;True;False;False;False;1;11.377777777845;0;11.377777777845;11.377777777845
155;12.50;5.50;True;False;False;False;6;23.50;3.50;False;True;False;False;4;33.4333333329962;176.357366248325;16.7111111108679;46.355555554881
155;12.50;5.50;True;False;False;False;22;0.50;6.50;False;False;True;False;2;26.2222222218406;5.70469135785866;24.5333333329763;27.911111110705
155;12.50;5.50;True;False;False;False;30;0.50;12.50;False;False;True;False;3;154.977777778694;1235.73925927387;121.333333334051;191.466666667799
155;12.50;5.50;True;False;False;False;108;7.50;2.50;True;False;False;False;1;8.97777777764713;0;8.97777777764713;8.97777777764713
155;12.50;5.50;True;False;False;False;112;11.50;2.50;True;False;False;False;3;6.5777777777242;0.479999999935462;6.17777777768788;7.37777777767042
155;12.50;5.50;True;False;False;False;113;12.50;2.50;True;False;False;False;4;3.86666666663155;0.100082304538873;3.51111111106002;4.13333333335777
155;12.50;5.50;True;False;False;False;116;15.50;2.50;True;False;False;False;1;8.26666666671554;0;8.26666666671554;8.26666666671554
155;12.50;5.50;True;False;False;False;117;16.50;2.50;True;False;False;False;1;9.51111111116734;0;9.51111111116734;9.51111111116734
155;12.50;5.50;True;False;False;False;118;17.50;2.50;True;False;False;False;1;8.97777777764713;0;8.97777777764713;8.97777777764713
155;12.50;5.50;True;False;False;False;139;10.50;4.50;True;False;False;False;2;6.13333333324408;0;6.13333333324408;6.13333333324408
155;12.50;5.50;True;False;False;False;140;11.50;4.50;True;False;False;False;1;5.33333333325572;0;5.33333333325572;5.33333333325572
155;12.50;5.50;True;False;False;False;142;13.50;4.50;True;False;False;False;1;5.33333333325572;0;5.33333333325572;5.33333333325572
155;12.50;5.50;True;False;False;False;148;5.50;5.50;True;False;False;False;1;12.7555555553699;0;12.7555555553699;12.7555555553699
155;12.50;5.50;True;False;False;False;150;7.50;5.50;True;False;False;False;1;9.15555555542232;0;9.15555555542232;9.15555555542232
155;12.50;5.50;True;False;False;False;156;13.50;5.50;True;False;False;False;2;3.26666666665415;0.048395061748774;3.11111111106584;3.42222222224245
155;12.50;5.50;True;False;False;False;159;16.50;5.50;True;False;False;False;1;4.79999999993015;0;4.79999999993015;4.79999999993015
155;12.50;5.50;True;False;False;False;161;18.50;5.50;True;False;False;False;1;6.97777777767624;0;6.97777777767624;6.97777777767624
155;12.50;5.50;True;False;False;False;193;8.50;8.50;True;False;False;False;1;12.8888888887013;0;12.8888888887013;12.8888888887013
155;12.50;5.50;True;False;False;False;195;10.50;8.50;True;False;False;False;1;10.3111111109611;0;10.3111111109611;10.3111111109611
155;12.50;5.50;True;False;False;False;196;11.50;8.50;True;False;False;False;2;9.42222222227792;0;9.42222222227792;9.42222222227792
155;12.50;5.50;True;False;False;False;200;15.50;8.50;True;False;False;False;1;11.7777777776064;0;11.7777777776064;11.7777777776064
155;12.50;5.50;True;False;False;False;221;8.50;10.50;True;False;False;False;1;10.2666666667274;0;10.2666666667274;10.2666666667274
155;12.50;5.50;True;False;False;False;232;5.50;11.50;True;False;False;False;2;13.4222222221756;2.46913580305817;12.311111110932;14.5333333334193
155;12.50;5.50;True;False;False;False;267;12.50;13.50;True;False;False;False;1;15.9111111112052;0;15.9111111112052;15.9111111112052
156;13.50;5.50;True;False;False;False;6;23.50;3.50;False;True;False;False;2;43.6888888891472;1533.3491358206;16.0000000000946;71.3777777781997
156;13.50;5.50;True;False;False;False;22;0.50;6.50;False;False;True;False;3;94.8888888879481;683.55160491933;74.6222222218998;124.399999998746
156;13.50;5.50;True;False;False;False;139;10.50;4.50;True;False;False;False;1;10.2666666665173;0;10.2666666665173;10.2666666665173
156;13.50;5.50;True;False;False;False;141;12.50;4.50;True;False;False;False;1;5.33333333331029;0;5.33333333331029;5.33333333331029
156;13.50;5.50;True;False;False;False;145;16.50;4.50;True;False;False;False;2;6.97777777781903;1.28000000001513;6.1777777778143;7.77777777782376
156;13.50;5.50;True;False;False;False;149;6.50;5.50;True;False;False;False;1;15.7777777775482;0;15.7777777775482;15.7777777775482
156;13.50;5.50;True;False;False;False;196;11.50;8.50;True;False;False;False;1;10.8444444443976;0;10.8444444443976;10.8444444443976
156;13.50;5.50;True;False;False;False;197;12.50;8.50;True;False;False;False;2;7.57777777782258;0.0483950617289673;7.4222222222661;7.73333333337905
156;13.50;5.50;True;False;False;False;263;8.50;13.50;True;False;False;False;1;15.6444444445369;0;15.6444444445369;15.6444444445369
156;13.50;5.50;True;False;False;False;271;16.50;13.50;True;False;False;False;1;11.5999999998312;0;11.5999999998312;11.5999999998312
158;15.50;5.50;True;False;False;False;103;16.50;1.50;True;False;False;False;1;7.46666666667261;0;7.46666666667261;7.46666666667261
158;15.50;5.50;True;False;False;False;117;16.50;2.50;True;False;False;False;1;6.17777777778269;0;6.17777777778269;6.17777777778269
158;15.50;5.50;True;False;False;False;184;13.50;7.50;True;False;False;False;1;6.93333333333885;0;6.93333333333885;6.93333333333885
158;15.50;5.50;True;False;False;False;231;18.50;10.50;True;False;False;False;1;8.97777777778492;0;8.97777777778492;8.97777777778492
159;16.50;5.50;True;False;False;False;6;23.50;3.50;False;True;False;False;3;18.4888888886198;14.6982716045105;14.2222222220153;21.6444444441295
159;16.50;5.50;True;False;False;False;22;0.50;6.50;False;False;True;False;1;37.6444444438966;0;37.6444444438966;37.6444444438966
159;16.50;5.50;True;False;False;False;30;0.50;12.50;False;False;True;False;2;45.0666666665643;162.800987669555;36.0444444439199;54.0888888892086
159;16.50;5.50;True;False;False;False;139;10.50;4.50;True;False;False;False;1;8.17777777765878;0;8.17777777765878;8.17777777765878
159;16.50;5.50;True;False;False;False;146;17.50;4.50;True;False;False;False;2;4.66666666669425;0;4.66666666669425;4.66666666669425
159;16.50;5.50;True;False;False;False;156;13.50;5.50;True;False;False;False;1;4.13333333335777;0;4.13333333335777;4.13333333335777
159;16.50;5.50;True;False;False;False;191;6.50;8.50;True;False;False;False;1;12.9333333334098;0;12.9333333334098;12.9333333334098
159;16.50;5.50;True;False;False;False;195;10.50;8.50;True;False;False;False;1;10.2666666665173;0;10.2666666665173;10.2666666665173
159;16.50;5.50;True;False;False;False;224;11.50;10.50;True;False;False;False;1;14.3555555553467;0;14.3555555553467;14.3555555553467
159;16.50;5.50;True;False;False;False;238;11.50;11.50;True;False;False;False;1;17.0222222219745;0;17.0222222219745;17.0222222219745
159;16.50;5.50;True;False;False;False;274;5.50;14.50;True;False;False;False;1;18.2222222219571;0;18.2222222219571;18.2222222219571
159;16.50;5.50;True;False;False;False;277;8.50;14.50;True;False;False;False;1;16.2222222219862;0;16.2222222219862;16.2222222219862
160;17.50;5.50;True;False;False;False;6;23.50;3.50;False;True;False;False;1;41.1555555555554;0;41.1555555555554;41.1555555555554
160;17.50;5.50;True;False;False;False;14;23.50;9.50;False;True;False;False;1;20.3111111108155;0;20.3111111108155;20.3111111108155
160;17.50;5.50;True;False;False;False;22;0.50;6.50;False;False;True;False;1;85.9999999987485;0;85.9999999987485;85.9999999987485
160;17.50;5.50;True;False;False;False;30;0.50;12.50;False;False;True;False;1;94.711111111671;0;94.711111111671;94.711111111671
160;17.50;5.50;True;False;False;False;198;13.50;8.50;True;False;False;False;1;8.93333333320334;0;8.93333333320334;8.93333333320334
160;17.50;5.50;True;False;False;False;230;17.50;10.50;True;False;False;False;1;6.08888888888595;0;6.08888888888595;6.08888888888595
160;17.50;5.50;True;False;False;False;239;12.50;11.50;True;False;False;False;1;14.2222222220153;0;14.2222222220153;14.2222222220153
160;17.50;5.50;True;False;False;False;268;13.50;13.50;True;False;False;False;1;12.2666666667392;0;12.2666666667392;12.2666666667392
161;18.50;5.50;True;False;False;False;6;23.50;3.50;False;True;False;False;1;33.0222222217417;0;33.0222222217417;33.0222222217417
161;18.50;5.50;True;False;False;False;22;0.50;6.50;False;False;True;False;1;39.7777777771989;0;39.7777777771989;39.7777777771989
161;18.50;5.50;True;False;False;False;30;0.50;12.50;False;False;True;False;4;51.7888888887856;477.913251045268;31.3777777773212;82.6666666671554
161;18.50;5.50;True;False;False;False;92;5.50;1.50;True;False;False;False;1;15.599999999773;0;15.599999999773;15.599999999773
161;18.50;5.50;True;False;False;False;95;8.50;1.50;True;False;False;False;1;14.0444444445275;0;14.0444444445275;14.0444444445275
161;18.50;5.50;True;False;False;False;106;5.50;2.50;True;False;False;False;1;14.3111111109029;0;14.3111111109029;14.3111111109029
161;18.50;5.50;True;False;False;False;114;13.50;2.50;True;False;False;False;1;8.97777777764713;0;8.97777777764713;8.97777777764713
161;18.50;5.50;True;False;False;False;155;12.50;5.50;True;False;False;False;1;6.66666666656965;0;6.66666666656965;6.66666666656965
161;18.50;5.50;True;False;False;False;178;7.50;7.50;True;False;False;False;1;17.7333333333361;0;17.7333333333361;17.7333333333361
161;18.50;5.50;True;False;False;False;268;13.50;13.50;True;False;False;False;1;12.3111111111839;0;12.3111111111839;12.3111111111839
176;5.50;7.50;True;False;False;False;6;23.50;3.50;False;True;False;False;2;20.9333333331872;0.774320988026329;20.3111111108155;21.5555555555589
176;5.50;7.50;True;False;False;False;14;23.50;9.50;False;True;False;False;5;26.8000000144841;2.90271598830146;25.1555556290332;28.7111111106933
176;5.50;7.50;True;False;False;False;22;0.50;6.50;False;False;True;False;3;136.281481480546;7967.25399140397;66.0000000000103;236.711111107667
176;5.50;7.50;True;False;False;False;30;0.50;12.50;False;False;True;False;1;75.7333333333936;0;75.7333333333936;75.7333333333936
176;5.50;7.50;True;False;False;False;139;10.50;4.50;True;False;False;False;2;11.2444444443756;5.40839506219447;9.5999999998603;12.8888888888909
176;5.50;7.50;True;False;False;False;181;10.50;7.50;True;False;False;False;3;5.46666666665237;3.38932086114775E-21;5.46666666658712;5.46666666669898
176;5.50;7.50;True;False;False;False;184;13.50;7.50;True;False;False;False;1;12.7999999998137;0;12.7999999998137;12.7999999998137
176;5.50;7.50;True;False;False;False;224;11.50;10.50;True;False;False;False;1;12.9777777775889;0;12.9777777775889;12.9777777775889
176;5.50;7.50;True;False;False;False;242;15.50;11.50;True;False;False;False;2;14.2888888888201;0.949135802058069;13.6000000000804;14.9777777775598
176;5.50;7.50;True;False;False;False;266;11.50;13.50;True;False;False;False;1;11.6444444444388;0;11.6444444444388;11.6444444444388
177;6.50;7.50;True;False;False;False;6;23.50;3.50;False;True;False;False;1;20.2666666667865;0;20.2666666667865;20.2666666667865
177;6.50;7.50;True;False;False;False;14;23.50;9.50;False;True;False;False;3;41.5999999993946;342.105679002389;25.1111111107457;61.5999999991036
177;6.50;7.50;True;False;False;False;22;0.50;6.50;False;False;True;False;1;164.311111112082;0;164.311111112082;164.311111112082
177;6.50;7.50;True;False;False;False;30;0.50;12.50;False;False;True;False;2;92.7555555546169;2354.50469123308;58.4444444444162;127.066666664818
177;6.50;7.50;True;False;False;False;92;5.50;1.50;True;False;False;False;1;8.79999999987194;0;8.79999999987194;8.79999999987194
177;6.50;7.50;True;False;False;False;149;6.50;5.50;True;False;False;False;1;2.84444444444671;0;2.84444444444671;2.84444444444671
177;6.50;7.50;True;False;False;False;183;12.50;7.50;True;False;False;False;1;6.13333333324408;0;6.13333333324408;6.13333333324408
177;6.50;7.50;True;False;False;False;184;13.50;7.50;True;False;False;False;1;12.7555555553699;0;12.7555555553699;12.7555555553699
177;6.50;7.50;True;False;False;False;192;7.50;8.50;True;False;False;False;1;4.66666666667038;0;4.66666666667038;4.66666666667038
177;6.50;7.50;True;False;False;False;196;11.50;8.50;True;False;False;False;1;7.46666666671081;0;7.46666666671081;7.46666666671081
177;6.50;7.50;True;False;False;False;197;12.50;8.50;True;False;False;False;3;11.9111111110378;11.2434567906233;8.17777777765878;14.6666666667534
177;6.50;7.50;True;False;False;False;260;5.50;13.50;True;False;False;False;1;8.79999999987194;0;8.79999999987194;8.79999999987194
178;7.50;7.50;True;False;False;False;6;23.50;3.50;False;True;False;False;1;24.133333333476;0;24.133333333476;24.133333333476
178;7.50;7.50;True;False;False;False;14;23.50;9.50;False;True;False;False;2;27.5111111109672;11.950617281095;25.0666666668149;29.9555555551196
178;7.50;7.50;True;False;False;False;22;0.50;6.50;False;False;True;False;1;46.1777777775783;0;46.1777777775783;46.1777777775783
178;7.50;7.50;True;False;False;False;30;0.50;12.50;False;False;True;False;6;53.5555555675789;1675.22212213521;10.266666740361;108.533333331754
178;7.50;7.50;True;False;False;False;100;13.50;1.50;True;False;False;False;1;12.8888888888991;0;12.8888888888991;12.8888888888991
178;7.50;7.50;True;False;False;False;137;8.50;4.50;True;False;False;False;1;6.79999999997062;0;6.79999999997062;6.79999999997062
178;7.50;7.50;True;False;False;False;139;10.50;4.50;True;False;False;False;1;8.88888888875954;0;8.88888888875954;8.88888888875954
178;7.50;7.50;True;False;False;False;150;7.50;5.50;True;False;False;False;1;6.79999999990105;0;6.79999999990105;6.79999999990105
178;7.50;7.50;True;False;False;False;154;11.50;5.50;True;False;False;False;1;8.26666666671554;0;8.26666666671554;8.26666666671554
178;7.50;7.50;True;False;False;False;155;12.50;5.50;True;False;False;False;2;10.1777777777211;3.09728395007215;8.93333333338614;11.422222222056
178;7.50;7.50;True;False;False;False;179;8.50;7.50;True;False;False;False;1;2.7111111110994;0;2.7111111110994;2.7111111110994
178;7.50;7.50;True;False;False;False;183;12.50;7.50;True;False;False;False;2;12.7777777778241;3.67506172859694;11.4222222222313;14.1333333334169
178;7.50;7.50;True;False;False;False;184;13.50;7.50;True;False;False;False;1;12.5777777777234;0;12.5777777777234;12.5777777777234
178;7.50;7.50;True;False;False;False;190;5.50;8.50;True;False;False;False;1;6.13333333336959;0;6.13333333336959;6.13333333336959
178;7.50;7.50;True;False;False;False;197;12.50;8.50;True;False;False;False;1;13.2444444445227;0;13.2444444445227;13.2444444445227
178;7.50;7.50;True;False;False;False;221;8.50;10.50;True;False;False;False;1;6.8000000000402;0;6.8000000000402;6.8000000000402
179;8.50;7.50;True;False;False;False;14;23.50;9.50;False;True;False;False;1;23.7777777776751;0;23.7777777776751;23.7777777776751
179;8.50;7.50;True;False;False;False;22;0.50;6.50;False;False;True;False;1;60.0888888889367;0;60.0888888889367;60.0888888889367
179;8.50;7.50;True;False;False;False;30;0.50;12.50;False;False;True;False;1;90.2666666662767;0;90.2666666662767;90.2666666662767
179;8.50;7.50;True;False;False;False;151;8.50;5.50;True;False;False;False;2;4.08888888891306;0;4.08888888891306;4.08888888891306
179;8.50;7.50;True;False;False;False;181;10.50;7.50;True;False;False;False;1;3.46666666666943;0;3.46666666666943;3.46666666666943
179;8.50;7.50;True;False;False;False;196;11.50;8.50;True;False;False;False;1;6.17777777775109;0;6.17777777775109;6.17777777775109
181;10.50;7.50;True;False;False;False;14;23.50;9.50;False;True;False;False;3;33.5703703700431;274.902386818472;23.6444444445842;52.7111111103441
181;10.50;7.50;True;False;False;False;30;0.50;12.50;False;False;True;False;2;125.97777777747;1070.30222233225;102.844444442948;149.111111111993
181;10.50;7.50;True;False;False;False;94;7.50;1.50;True;False;False;False;1;9.64444444440278;0;9.64444444440278;9.64444444440278
181;10.50;7.50;True;False;False;False;111;10.50;2.50;True;False;False;False;2;9.28888888888787;29.2187654332994;5.46666666658712;13.1111111111886
181;10.50;7.50;True;False;False;False;135;6.50;4.50;True;False;False;False;1;11.6444444443941;0;11.6444444443941;11.6444444443941
181;10.50;7.50;True;False;False;False;136;7.50;4.50;True;False;False;False;1;8.53333333320916;0;8.53333333320916;8.53333333320916
181;10.50;7.50;True;False;False;False;140;11.50;4.50;True;False;False;False;1;9.42222222208511;0;9.42222222208511;9.42222222208511
181;10.50;7.50;True;False;False;False;153;10.50;5.50;True;False;False;False;1;5.46666666658712;0;5.46666666658712;5.46666666658712
181;10.50;7.50;True;False;False;False;176;5.50;7.50;True;False;False;False;2;6.1999999999565;0.0246913580032059;6.08888888889373;6.31111111101927
181;10.50;7.50;True;False;False;False;177;6.50;7.50;True;False;False;False;1;4.71111111104256;0;4.71111111104256;4.71111111104256
181;10.50;7.50;True;False;False;False;178;7.50;7.50;True;False;False;False;4;5.33333333328937;2.30320987639369;4.13333333335777;7.55555555544561
181;10.50;7.50;True;False;False;False;179;8.50;7.50;True;False;False;False;1;3.46666666666943;0;3.46666666666943;3.46666666666943
181;10.50;7.50;True;False;False;False;191;6.50;8.50;True;False;False;False;1;8.08888888885394;0;8.08888888885394;8.08888888885394
181;10.50;7.50;True;False;False;False;192;7.50;8.50;True;False;False;False;1;6.13333333336959;0;6.13333333336959;6.13333333336959
181;10.50;7.50;True;False;False;False;195;10.50;8.50;True;False;False;False;1;2.00000000001182;0;2.00000000001182;2.00000000001182
181;10.50;7.50;True;False;False;False;196;11.50;8.50;True;False;False;False;1;4.71111111104256;0;4.71111111104256;4.71111111104256
181;10.50;7.50;True;False;False;False;223;10.50;10.50;True;False;False;False;2;6.79999999994334;14.2222222213572;4.13333333335777;9.46666666652891
181;10.50;7.50;True;False;False;False;240;13.50;11.50;True;False;False;False;1;8.31111111107521;0;8.31111111107521;8.31111111107521
183;12.50;7.50;True;False;False;False;14;23.50;9.50;False;True;False;False;4;24.5222222221687;27.3321810715215;21.0666666666834;32.3111111113021
183;12.50;7.50;True;False;False;False;22;0.50;6.50;False;False;True;False;2;127.511111109578;18414.9372832907;31.5555555557421;223.466666663415
183;12.50;7.50;True;False;False;False;102;15.50;1.50;True;False;False;False;1;9.64444444450146;0;9.64444444450146;9.64444444450146
183;12.50;7.50;True;False;False;False;105;18.50;1.50;True;False;False;False;1;12.2666666667392;0;12.2666666667392;12.2666666667392
183;12.50;7.50;True;False;False;False;108;7.50;2.50;True;False;False;False;1;10.933333333398;0;10.933333333398;10.933333333398
183;12.50;7.50;True;False;False;False;113;12.50;2.50;True;False;False;False;1;6.08888888892488;0;6.08888888892488;6.08888888892488
183;12.50;7.50;True;False;False;False;114;13.50;2.50;True;False;False;False;2;8.44444444442877;0.193580246886017;8.13333333333981;8.75555555551773
183;12.50;7.50;True;False;False;False;118;17.50;2.50;True;False;False;False;1;10.933333333342;0;10.933333333342;10.933333333342
183;12.50;7.50;True;False;False;False;139;10.50;4.50;True;False;False;False;1;8.22222222210257;0;8.22222222210257;8.22222222210257
183;12.50;7.50;True;False;False;False;140;11.50;4.50;True;False;False;False;1;7.4222222222661;0;7.4222222222661;7.4222222222661
183;12.50;7.50;True;False;False;False;145;16.50;4.50;True;False;False;False;1;8.31111111116024;0;8.31111111116024;8.31111111116024
183;12.50;7.50;True;False;False;False;155;12.50;5.50;True;False;False;False;1;3.46666666661622;0;3.46666666661622;3.46666666661622
183;12.50;7.50;True;False;False;False;156;13.50;5.50;True;False;False;False;2;6.75555555552637;0;6.75555555552637;6.75555555552637
183;12.50;7.50;True;False;False;False;159;16.50;5.50;True;False;False;False;1;8.26666666671554;0;8.26666666671554;8.26666666671554
183;12.50;7.50;True;False;False;False;161;18.50;5.50;True;False;False;False;2;15.9333333334275;80.2222222231707;9.60000000005675;22.2666666667983
183;12.50;7.50;True;False;False;False;177;6.50;7.50;True;False;False;False;1;6.13333333324408;0;6.13333333324408;6.13333333324408
183;12.50;7.50;True;False;False;False;184;13.50;7.50;True;False;False;False;3;2.66666666664605;2.48154183765908E-22;2.66666666662786;2.66666666665515
183;12.50;7.50;True;False;False;False;187;16.50;7.50;True;False;False;False;2;5.11111111103673;0.193580246907946;4.79999999993015;5.42222222214332
183;12.50;7.50;True;False;False;False;189;18.50;7.50;True;False;False;False;1;11.4666666666171;0;11.4666666666171;11.4666666666171
183;12.50;7.50;True;False;False;False;190;5.50;8.50;True;False;False;False;1;10.9333333331742;0;10.9333333331742;10.9333333331742
183;12.50;7.50;True;False;False;False;196;11.50;8.50;True;False;False;False;2;5.02222222220371;0.193580246975855;4.71111111104256;5.33333333336486
183;12.50;7.50;True;False;False;False;200;15.50;8.50;True;False;False;False;1;6.13333333336959;0;6.13333333336959;6.13333333336959
183;12.50;7.50;True;False;False;False;219;6.50;10.50;True;False;False;False;1;11.644444444275;0;11.644444444275;11.644444444275
183;12.50;7.50;True;False;False;False;224;11.50;10.50;True;False;False;False;1;10.2666666667274;0;10.2666666667274;10.2666666667274
183;12.50;7.50;True;False;False;False;267;12.50;13.50;True;False;False;False;1;15.0222222220036;0;15.0222222220036;15.0222222220036
184;13.50;7.50;True;False;False;False;14;23.50;9.50;False;True;False;False;1;23.066666666685;0;23.066666666685;23.066666666685
184;13.50;7.50;True;False;False;False;22;0.50;6.50;False;False;True;False;2;65.0444444434979;10.4780246910531;62.7555555546423;67.3333333323535
184;13.50;7.50;True;False;False;False;30;0.50;12.50;False;False;True;False;1;89.2444444440589;0;89.2444444440589;89.2444444440589
184;13.50;7.50;True;False;False;False;93;6.50;1.50;True;False;False;False;1;12.311111110932;0;12.311111110932;12.311111110932
184;13.50;7.50;True;False;False;False;97;10.50;1.50;True;False;False;False;1;10.8888888888418;0;10.8888888888418;10.8888888888418
184;13.50;7.50;True;False;False;False;98;11.50;1.50;True;False;False;False;1;9.73333333319169;0;9.73333333319169;9.73333333319169
184;13.50;7.50;True;False;False;False;113;12.50;2.50;True;False;False;False;1;8.44444444449437;0;8.44444444449437;8.44444444449437
184;13.50;7.50;True;False;False;False;118;17.50;2.50;True;False;False;False;1;10.1333333331859;0;10.1333333331859;10.1333333331859
184;13.50;7.50;True;False;False;False;134;5.50;4.50;True;False;False;False;1;20.7555555556783;0;20.7555555556783;20.7555555556783
184;13.50;7.50;True;False;False;False;137;8.50;4.50;True;False;False;False;1;10.2222222222827;0;10.2222222222827;10.2222222222827
184;13.50;7.50;True;False;False;False;146;17.50;4.50;True;False;False;False;1;8.31111111107521;0;8.31111111107521;8.31111111107521
184;13.50;7.50;True;False;False;False;147;18.50;4.50;True;False;False;False;1;9.59999999995853;0;9.59999999995853;9.59999999995853
184;13.50;7.50;True;False;False;False;149;6.50;5.50;True;False;False;False;1;14.1333333332723;0;14.1333333332723;14.1333333332723
184;13.50;7.50;True;False;False;False;159;16.50;5.50;True;False;False;False;1;7.59999999988941;0;7.59999999988941;7.59999999988941
184;13.50;7.50;True;False;False;False;186;15.50;7.50;True;False;False;False;1;3.9111111110542;0;3.9111111110542;3.9111111110542
184;13.50;7.50;True;False;False;False;187;16.50;7.50;True;False;False;False;1;4.22222222216078;0;4.22222222216078;4.22222222216078
184;13.50;7.50;True;False;False;False;188;17.50;7.50;True;False;False;False;1;5.51111111103091;0;5.51111111103091;5.51111111103091
184;13.50;7.50;True;False;False;False;189;18.50;7.50;True;False;False;False;1;5.46666666658712;0;5.46666666658712;5.46666666658712
184;13.50;7.50;True;False;False;False;200;15.50;8.50;True;False;False;False;1;6.13333333333821;0;6.13333333333821;6.13333333333821
184;13.50;7.50;True;False;False;False;203;18.50;8.50;True;False;False;False;1;7.51111111107866;0;7.51111111107866;7.51111111107866
184;13.50;7.50;True;False;False;False;224;11.50;10.50;True;False;False;False;1;6.97777777767624;0;6.97777777767624;6.97777777767624
184;13.50;7.50;True;False;False;False;229;16.50;10.50;True;False;False;False;2;8.31111111106839;0.888888888654441;7.64444444448964;8.97777777764713
184;13.50;7.50;True;False;False;False;287;18.50;14.50;True;False;False;False;1;13.6444444442459;0;13.6444444442459;13.6444444442459
186;15.50;7.50;True;False;False;False;14;23.50;9.50;False;True;False;False;1;23.8222222218756;0;23.8222222218756;23.8222222218756
186;15.50;7.50;True;False;False;False;22;0.50;6.50;False;False;True;False;1;108.222222220647;0;108.222222220647;108.222222220647
186;15.50;7.50;True;False;False;False;30;0.50;12.50;False;False;True;False;1;78.7999999988533;0;78.7999999988533;78.7999999988533
186;15.50;7.50;True;False;False;False;147;18.50;4.50;True;False;False;False;1;8.26666666654637;0;8.26666666654637;8.26666666654637
186;15.50;7.50;True;False;False;False;161;18.50;5.50;True;False;False;False;1;6.97777777767624;0;6.97777777767624;6.97777777767624
186;15.50;7.50;True;False;False;False;224;11.50;10.50;True;False;False;False;1;8.31111111099017;0;8.31111111099017;8.31111111099017
186;15.50;7.50;True;False;False;False;239;12.50;11.50;True;False;False;False;1;10.9333333331742;0;10.9333333331742;10.9333333331742
186;15.50;7.50;True;False;False;False;242;15.50;11.50;True;False;False;False;1;9.51111111097271;0;9.51111111097271;9.51111111097271
187;16.50;7.50;True;False;False;False;14;23.50;9.50;False;True;False;False;1;18.5777777775074;0;18.5777777775074;18.5777777775074
187;16.50;7.50;True;False;False;False;30;0.50;12.50;False;False;True;False;2;81.8666666654753;2649.91999992288;45.466666666005;118.266666664946
187;16.50;7.50;True;False;False;False;186;15.50;7.50;True;False;False;False;1;2.66666666662786;0;2.66666666662786;2.66666666662786
187;16.50;7.50;True;False;False;False;196;11.50;8.50;True;False;False;False;1;14.2666666664591;0;14.2666666664591;14.2666666664591
187;16.50;7.50;True;False;False;False;229;16.50;10.50;True;False;False;False;1;4.13333333327319;0;4.13333333327319;4.13333333327319
187;16.50;7.50;True;False;False;False;260;5.50;13.50;True;False;False;False;1;14.9777777775598;0;14.9777777775598;14.9777777775598
188;17.50;7.50;True;False;False;False;14;23.50;9.50;False;True;False;False;1;23.066666666331;0;23.066666666331;23.066666666331
188;17.50;7.50;True;False;False;False;30;0.50;12.50;False;False;True;False;2;53.4666666662863;1177.74222222655;29.1999999995751;77.7333333329975
188;17.50;7.50;True;False;False;False;113;12.50;2.50;True;False;False;False;1;11.5555555553874;0;11.5555555553874;11.5555555553874
188;17.50;7.50;True;False;False;False;189;18.50;7.50;True;False;False;False;1;3.37777777772862;0;3.37777777772862;3.37777777772862
188;17.50;7.50;True;False;False;False;261;6.50;13.50;True;False;False;False;1;15.9999999999309;0;15.9999999999309;15.9999999999309
189;18.50;7.50;True;False;False;False;14;23.50;9.50;False;True;False;False;2;15.0222222220036;3.79654320976605;13.6444444442459;16.3999999997613
189;18.50;7.50;True;False;False;False;22;0.50;6.50;False;False;True;False;1;61.4666666664011;0;61.4666666664011;61.4666666664011
189;18.50;7.50;True;False;False;False;30;0.50;12.50;False;False;True;False;3;74.9777777771921;457.601975293977;54.044444443658;96.7999999985914
189;18.50;7.50;True;False;False;False;97;10.50;1.50;True;False;False;False;1;15.9555555553234;0;15.9555555553234;15.9555555553234
189;18.50;7.50;True;False;False;False;193;8.50;8.50;True;False;False;False;1;14.933333333116;0;14.933333333116;14.933333333116
189;18.50;7.50;True;False;False;False;195;10.50;8.50;True;False;False;False;1;13.0666666664765;0;13.0666666664765;13.0666666664765
189;18.50;7.50;True;False;False;False;224;11.50;10.50;True;False;False;False;1;10.3111111109611;0;10.3111111109611;10.3111111109611
189;18.50;7.50;True;False;False;False;242;15.50;11.50;True;False;False;False;1;8.31111111107521;0;8.31111111107521;8.31111111107521
189;18.50;7.50;True;False;False;False;270;15.50;13.50;True;False;False;False;1;9.64444444444595;0;9.64444444444595;9.64444444444595
189;18.50;7.50;True;False;False;False;287;18.50;14.50;True;False;False;False;1;6.8000000000402;0;6.8000000000402;6.8000000000402
190;5.50;8.50;True;False;False;False;14;23.50;9.50;False;True;False;False;2;30.2222222222447;0.19358024672148;29.9111111112879;30.5333333332014
190;5.50;8.50;True;False;False;False;22;0.50;6.50;False;False;True;False;6;87.3777777772038;1779.09570368379;37.0222222224411;139.7333333313
190;5.50;8.50;True;False;False;False;30;0.50;12.50;False;False;True;False;1;12.2666666664882;0;12.2666666664882;12.2666666664882
190;5.50;8.50;True;False;False;False;137;8.50;4.50;True;False;False;False;1;13.7333333334145;0;13.7333333334145;13.7333333334145
190;5.50;8.50;True;False;False;False;154;11.50;5.50;True;False;False;False;1;12.2666666666137;0;12.2666666666137;12.2666666666137
190;5.50;8.50;True;False;False;False;155;12.50;5.50;True;False;False;False;1;12.9333333334098;0;12.9333333334098;12.9333333334098
190;5.50;8.50;True;False;False;False;183;12.50;7.50;True;False;False;False;1;11.5111111111792;0;11.5111111111792;11.5111111111792
190;5.50;8.50;True;False;False;False;184;13.50;7.50;True;False;False;False;1;14.3111111109029;0;14.3111111109029;14.3111111109029
190;5.50;8.50;True;False;False;False;196;11.50;8.50;True;False;False;False;2;8.48888888879355;17.7343209868024;5.5111111110873;11.4666666664998
190;5.50;8.50;True;False;False;False;224;11.50;10.50;True;False;False;False;1;11.4666666664998;0;11.4666666664998;11.4666666664998
190;5.50;8.50;True;False;False;False;260;5.50;13.50;True;False;False;False;1;6.08888888880028;0;6.08888888880028;6.08888888880028
191;6.50;8.50;True;False;False;False;14;23.50;9.50;False;True;False;False;1;34.5777777776284;0;34.5777777776284;34.5777777776284
191;6.50;8.50;True;False;False;False;22;0.50;6.50;False;False;True;False;5;75.742222222078;927.62508641569;42.6666666667006;112.711111111777
191;6.50;8.50;True;False;False;False;30;0.50;12.50;False;False;True;False;6;91.6222222218595;371.668345678659;57.555555554718;109.200000000646
191;6.50;8.50;True;False;False;False;113;12.50;2.50;True;False;False;False;1;11.6444444445133;0;11.6444444445133;11.6444444445133
191;6.50;8.50;True;False;False;False;137;8.50;4.50;True;False;False;False;1;7.64444444448964;0;7.64444444448964;7.64444444448964
191;6.50;8.50;True;False;False;False;176;5.50;7.50;True;False;False;False;2;5.15555555551485;0.478024691276999;4.6666666666674;5.64444444436231
191;6.50;8.50;True;False;False;False;183;12.50;7.50;True;False;False;False;1;11.644444444275;0;11.644444444275;11.644444444275
191;6.50;8.50;True;False;False;False;228;15.50;10.50;True;False;False;False;1;15.7777777777903;0;15.7777777777903;15.7777777777903
191;6.50;8.50;True;False;False;False;233;6.50;11.50;True;False;False;False;1;4.7555555555563;0;4.7555555555563;4.7555555555563
191;6.50;8.50;True;False;False;False;260;5.50;13.50;True;False;False;False;1;8.13333333321498;0;8.13333333321498;8.13333333321498
191;6.50;8.50;True;False;False;False;261;6.50;13.50;True;False;False;False;2;5.46666666663668;0.774320987508417;4.84444444447308;6.08888888880028
191;6.50;8.50;True;False;False;False;263;8.50;13.50;True;False;False;False;1;9.68888888884703;0;9.68888888884703;9.68888888884703
191;6.50;8.50;True;False;False;False;275;6.50;14.50;True;False;False;False;2;6.1333333333132;0.774320987803821;5.51111111103091;6.75555555559549
191;6.50;8.50;True;False;False;False;276;7.50;14.50;True;False;False;False;1;8.79999999987194;0;8.79999999987194;8.79999999987194
191;6.50;8.50;True;False;False;False;277;8.50;14.50;True;False;False;False;2;14.0666666667498;20.765432099011;10.8444444445086;17.2888888889911
192;7.50;8.50;True;False;False;False;6;23.50;3.50;False;True;False;False;2;32.2888888890798;11.7343209877931;29.8666666668432;34.7111111113163
192;7.50;8.50;True;False;False;False;22;0.50;6.50;False;False;True;False;1;33.1555555557516;0;33.1555555557516;33.1555555557516
192;7.50;8.50;True;False;False;False;30;0.50;12.50;False;False;True;False;4;113.111111111258;1555.30403295577;64.9777777781619;158.000000000934
192;7.50;8.50;True;False;False;False;106;5.50;2.50;True;False;False;False;1;9.60000000005675;0;9.60000000005675;9.60000000005675
192;7.50;8.50;True;False;False;False;137;8.50;4.50;True;False;False;False;1;6.84444444444989;0;6.84444444444989;6.84444444444989
192;7.50;8.50;True;False;False;False;149;6.50;5.50;True;False;False;False;1;6.8000000000402;0;6.8000000000402;6.8000000000402
192;7.50;8.50;True;False;False;False;150;7.50;5.50;True;False;False;False;1;8.800000000007;0;8.800000000007;8.800000000007
192;7.50;8.50;True;False;False;False;151;8.50;5.50;True;False;False;False;1;19.9555555556735;0;19.9555555556735;19.9555555556735
192;7.50;8.50;True;False;False;False;153;10.50;5.50;True;False;False;False;1;8.044444444492;0;8.044444444492;8.044444444492
192;7.50;8.50;True;False;False;False;155;12.50;5.50;True;False;False;False;1;11.1555555553932;0;11.1555555553932;11.1555555553932
192;7.50;8.50;True;False;False;False;177;6.50;7.50;True;False;False;False;1;6.35555555555248;0;6.35555555555248;6.35555555555248
192;7.50;8.50;True;False;False;False;183;12.50;7.50;True;False;False;False;1;7.51111111115551;0;7.51111111115551;7.51111111115551
192;7.50;8.50;True;False;False;False;190;5.50;8.50;True;False;False;False;1;3.46666666668716;0;3.46666666668716;3.46666666668716
192;7.50;8.50;True;False;False;False;193;8.50;8.50;True;False;False;False;1;3.28888888890833;0;3.28888888890833;3.28888888890833
192;7.50;8.50;True;False;False;False;220;7.50;10.50;True;False;False;False;2;3.77777777779124;0.193580246926904;3.46666666666943;4.08888888891306
192;7.50;8.50;True;False;False;False;226;13.50;10.50;True;False;False;False;1;13.2888888889674;0;13.2888888889674;13.2888888889674
192;7.50;8.50;True;False;False;False;232;5.50;11.50;True;False;False;False;2;8.04444444441424;0.395061728537976;7.59999999988941;8.48888888893907
192;7.50;8.50;True;False;False;False;235;8.50;11.50;True;False;False;False;1;6.17777777777479;0;6.17777777777479;6.17777777777479
192;7.50;8.50;True;False;False;False;242;15.50;11.50;True;False;False;False;2;13.3333333332871;2.46913580305413;12.2222222220444;14.4444444445298
193;8.50;8.50;True;False;False;False;6;23.50;3.50;False;True;False;False;1;29.9111111106758;0;29.9111111106758;29.9111111106758
193;8.50;8.50;True;False;False;False;14;23.50;9.50;False;True;False;False;3;25.6740740738672;7.00115226255563;23.8666666663194;28.7111111106933
193;8.50;8.50;True;False;False;False;22;0.50;6.50;False;False;True;False;2;40.399999999684;382.107654294832;26.5777777779349;54.2222222214332
193;8.50;8.50;True;False;False;False;30;0.50;12.50;False;False;True;False;3;113.659259259614;3402.8134980465;46.4444444437686;151.06666666756
193;8.50;8.50;True;False;False;False;92;5.50;1.50;True;False;False;False;1;10.9333333331742;0;10.9333333331742;10.9333333331742
193;8.50;8.50;True;False;False;False;111;10.50;2.50;True;False;False;False;1;9.5999999998603;0;9.5999999998603;9.5999999998603
193;8.50;8.50;True;False;False;False;134;5.50;4.50;True;False;False;False;1;8.93333333320334;0;8.93333333320334;8.93333333320334
193;8.50;8.50;True;False;False;False;136;7.50;4.50;True;False;False;False;1;8.08888888893671;0;8.08888888893671;8.08888888893671
193;8.50;8.50;True;False;False;False;148;5.50;5.50;True;False;False;False;1;7.64444444448964;0;7.64444444448964;7.64444444448964
193;8.50;8.50;True;False;False;False;151;8.50;5.50;True;False;False;False;1;4.93333333326154;0;4.93333333326154;4.93333333326154
193;8.50;8.50;True;False;False;False;155;12.50;5.50;True;False;False;False;1;11.199999999837;0;11.199999999837;11.199999999837
193;8.50;8.50;True;False;False;False;181;10.50;7.50;True;False;False;False;1;5.51111111103091;0;5.51111111103091;5.51111111103091
193;8.50;8.50;True;False;False;False;191;6.50;8.50;True;False;False;False;3;5.62962962961562;14.0352263379214;3.46666666661622;9.95555555561441
193;8.50;8.50;True;False;False;False;197;12.50;8.50;True;False;False;False;1;17.8666666664067;0;17.8666666664067;17.8666666664067
193;8.50;8.50;True;False;False;False;221;8.50;10.50;True;False;False;False;1;4.08888888891306;0;4.08888888891306;4.08888888891306
193;8.50;8.50;True;False;False;False;223;10.50;10.50;True;False;False;False;1;6.93333333337432;0;6.93333333337432;6.93333333337432
193;8.50;8.50;True;False;False;False;224;11.50;10.50;True;False;False;False;1;10.8000000000638;0;10.8000000000638;10.8000000000638
193;8.50;8.50;True;False;False;False;232;5.50;11.50;True;False;False;False;1;8.26666666654637;0;8.26666666654637;8.26666666654637
193;8.50;8.50;True;False;False;False;265;10.50;13.50;True;False;False;False;1;8.93333333338614;0;8.93333333338614;8.93333333338614
195;10.50;8.50;True;False;False;False;22;0.50;6.50;False;False;True;False;2;52.8444444445408;2014.00888894012;21.1111111108039;84.5777777782778
195;10.50;8.50;True;False;False;False;30;0.50;12.50;False;False;True;False;2;40.3111111106841;1221.27802464004;15.6000000000922;65.022222221276
195;10.50;8.50;True;False;False;False;111;10.50;2.50;True;False;False;False;1;15.6888888886606;0;15.6888888886606;15.6888888886606
195;10.50;8.50;True;False;False;False;151;8.50;5.50;True;False;False;False;1;8.57777777765295;0;8.57777777765295;8.57777777765295
195;10.50;8.50;True;False;False;False;181;10.50;7.50;True;False;False;False;1;3.28888888884103;0;3.28888888884103;3.28888888884103
195;10.50;8.50;True;False;False;False;190;5.50;8.50;True;False;False;False;2;7.99999999988358;9.48543209848937;5.8222222221375;10.1777777776297
195;10.50;8.50;True;False;False;False;191;6.50;8.50;True;False;False;False;1;4.79999999993015;0;4.79999999993015;4.79999999993015
195;10.50;8.50;True;False;False;False;192;7.50;8.50;True;False;False;False;2;7.59999999993579;18.8088888877725;4.53333333336013;10.6666666665114
195;10.50;8.50;True;False;False;False;193;8.50;8.50;True;False;False;False;2;4.13333333327319;0.00395061728383564;4.08888888882939;4.17777777771698
195;10.50;8.50;True;False;False;False;218;5.50;10.50;True;False;False;False;1;9.5555555554165;0;9.5555555554165;9.5555555554165
195;10.50;8.50;True;False;False;False;221;8.50;10.50;True;False;False;False;1;6.93333333323244;0;6.93333333323244;6.93333333323244
195;10.50;8.50;True;False;False;False;232;5.50;11.50;True;False;False;False;1;10.2222222220735;0;10.2222222220735;10.2222222220735
195;10.50;8.50;True;False;False;False;237;10.50;11.50;True;False;False;False;2;4.68888888886931;0.00888888890160565;4.62222222215496;4.75555555558367
195;10.50;8.50;True;False;False;False;263;8.50;13.50;True;False;False;False;1;9.02222222209093;0;9.02222222209093;9.02222222209093
195;10.50;8.50;True;False;False;False;274;5.50;14.50;True;False;False;False;1;11.5999999998312;0;11.5999999998312;11.5999999998312
195;10.50;8.50;True;False;False;False;276;7.50;14.50;True;False;False;False;1;9.64444444450146;0;9.64444444450146;9.64444444450146
196;11.50;8.50;True;False;False;False;14;23.50;9.50;False;True;False;False;1;30.7111111111159;0;30.7111111111159;30.7111111111159
196;11.50;8.50;True;False;False;False;30;0.50;12.50;False;False;True;False;2;61.9777777778372;2045.15654327332;29.9999999995634;93.955555556111
196;11.50;8.50;True;False;False;False;93;6.50;1.50;True;False;False;False;1;12.2666666667392;0;12.2666666667392;12.2666666667392
196;11.50;8.50;True;False;False;False;99;12.50;1.50;True;False;False;False;1;10.9777777777304;0;10.9777777777304;10.9777777777304
196;11.50;8.50;True;False;False;False;151;8.50;5.50;True;False;False;False;2;10.0222222221357;4.97876543232839;8.44444444432156;11.5999999999499
196;11.50;8.50;True;False;False;False;153;10.50;5.50;True;False;False;False;1;6.79999999990105;0;6.79999999990105;6.79999999990105
196;11.50;8.50;True;False;False;False;176;5.50;7.50;True;False;False;False;1;13.6888888886897;0;13.6888888886897;13.6888888886897
196;11.50;8.50;True;False;False;False;181;10.50;7.50;True;False;False;False;1;5.33333333336486;0;5.33333333336486;5.33333333336486
196;11.50;8.50;True;False;False;False;183;12.50;7.50;True;False;False;False;1;5.95555555546889;0;5.95555555546889;5.95555555546889
196;11.50;8.50;True;False;False;False;190;5.50;8.50;True;False;False;False;2;6.13333333329115;4.43048275841059E-21;6.13333333324408;6.13333333333821
196;11.50;8.50;True;False;False;False;191;6.50;8.50;True;False;False;False;2;8.11111111115906;8.17876543219547;6.08888888892488;10.1333333333932
196;11.50;8.50;True;False;False;False;192;7.50;8.50;True;False;False;False;1;4.80000000002838;0;4.80000000002838;4.80000000002838
196;11.50;8.50;True;False;False;False;193;8.50;8.50;True;False;False;False;1;4.13333333335777;0;4.13333333335777;4.13333333335777
196;11.50;8.50;True;False;False;False;195;10.50;8.50;True;False;False;False;3;2.99259259256875;0.150781892993596;2.66666666662786;3.42222222217242
196;11.50;8.50;True;False;False;False;197;12.50;8.50;True;False;False;False;1;2.04444444443561;0;2.04444444443561;2.04444444443561
196;11.50;8.50;True;False;False;False;198;13.50;8.50;True;False;False;False;1;8.80000000005202;0;8.80000000005202;8.80000000005202
196;11.50;8.50;True;False;False;False;218;5.50;10.50;True;False;False;False;1;10.2222222220735;0;10.2222222220735;10.2222222220735
196;11.50;8.50;True;False;False;False;221;8.50;10.50;True;False;False;False;1;8.80000000005202;0;8.80000000005202;8.80000000005202
196;11.50;8.50;True;False;False;False;223;10.50;10.50;True;False;False;False;1;6.13333333324408;0;6.13333333324408;6.13333333324408
196;11.50;8.50;True;False;False;False;224;11.50;10.50;True;False;False;False;5;3.59999999998599;0.282469135780889;2.84444444444671;4.13333333327319
196;11.50;8.50;True;False;False;False;225;12.50;10.50;True;False;False;False;1;6.13333333333821;0;6.13333333333821;6.13333333333821
196;11.50;8.50;True;False;False;False;229;16.50;10.50;True;False;False;False;1;13.7333333331335;0;13.7333333331335;13.7333333331335
196;11.50;8.50;True;False;False;False;232;5.50;11.50;True;False;False;False;1;10.2666666667274;0;10.2666666667274;10.2666666667274
196;11.50;8.50;True;False;False;False;238;11.50;11.50;True;False;False;False;1;19.8222222219338;0;19.8222222219338;19.8222222219338
196;11.50;8.50;True;False;False;False;261;6.50;13.50;True;False;False;False;1;12.311111110932;0;12.311111110932;12.311111110932
196;11.50;8.50;True;False;False;False;263;8.50;13.50;True;False;False;False;1;12.0000000000709;0;12.0000000000709;12.0000000000709
196;11.50;8.50;True;False;False;False;266;11.50;13.50;True;False;False;False;1;6.08888888892488;0;6.08888888892488;6.08888888892488
196;11.50;8.50;True;False;False;False;267;12.50;13.50;True;False;False;False;1;8.75555555560732;0;8.75555555560732;8.75555555560732
196;11.50;8.50;True;False;False;False;277;8.50;14.50;True;False;False;False;1;10.2666666666223;0;10.2666666666223;10.2666666666223
196;11.50;8.50;True;False;False;False;281;12.50;14.50;True;False;False;False;1;9.42222222222972;0;9.42222222222972;9.42222222222972
197;12.50;8.50;True;False;False;False;14;23.50;9.50;False;True;False;False;1;71.6000000000034;0;71.6000000000034;71.6000000000034
197;12.50;8.50;True;False;False;False;22;0.50;6.50;False;False;True;False;2;119.15555555533;7843.08543195855;56.5333333336675;181.777777776992
197;12.50;8.50;True;False;False;False;95;8.50;1.50;True;False;False;False;1;15.377777777554;0;15.377777777554;15.377777777554
197;12.50;8.50;True;False;False;False;97;10.50;1.50;True;False;False;False;1;13.9555555556381;0;13.9555555556381;13.9555555556381
197;12.50;8.50;True;False;False;False;105;18.50;1.50;True;False;False;False;2;13.2444444443557;0.193580247037398;12.9333333331451;13.5555555555663
197;12.50;8.50;True;False;False;False;149;6.50;5.50;True;False;False;False;1;14.3555555554935;0;14.3555555554935;14.3555555554935
197;12.50;8.50;True;False;False;False;177;6.50;7.50;True;False;False;False;2;10.355555555519;1.280000000328;9.5555555554165;11.1555555556215
197;12.50;8.50;True;False;False;False;183;12.50;7.50;True;False;False;False;1;2.00000000001182;0;2.00000000001182;2.00000000001182
197;12.50;8.50;True;False;False;False;184;13.50;7.50;True;False;False;False;1;5.33333333325572;0;5.33333333325572;5.33333333325572
197;12.50;8.50;True;False;False;False;186;15.50;7.50;True;False;False;False;1;6.17777777768788;0;6.17777777768788;6.17777777768788
197;12.50;8.50;True;False;False;False;189;18.50;7.50;True;False;False;False;1;8.79999999987194;0;8.79999999987194;8.79999999987194
197;12.50;8.50;True;False;False;False;191;6.50;8.50;True;False;False;False;2;11.7777777777301;0.193580247061873;11.4666666664998;12.0888888889604
197;12.50;8.50;True;False;False;False;193;8.50;8.50;True;False;False;False;1;10.1333333333932;0;10.1333333333932;10.1333333333932
197;12.50;8.50;True;False;False;False;195;10.50;8.50;True;False;False;False;1;6.1777777778143;0;6.1777777778143;6.1777777778143
197;12.50;8.50;True;False;False;False;198;13.50;8.50;True;False;False;False;1;2.66666666668243;0;2.66666666668243;2.66666666668243
197;12.50;8.50;True;False;False;False;200;15.50;8.50;True;False;False;False;3;7.31851851842612;30.436213990749;4.13333333327319;13.6888888886897
197;12.50;8.50;True;False;False;False;201;16.50;8.50;True;False;False;False;2;8.26666666654637;24.035555554856;4.79999999993015;11.7333333331626
197;12.50;8.50;True;False;False;False;203;18.50;8.50;True;False;False;False;1;13.5999999998021;0;13.5999999998021;13.5999999998021
197;12.50;8.50;True;False;False;False;221;8.50;10.50;True;False;False;False;1;9.64444444440278;0;9.64444444440278;9.64444444440278
197;12.50;8.50;True;False;False;False;226;13.50;10.50;True;False;False;False;1;6.31111111101927;0;6.31111111101927;6.31111111101927
197;12.50;8.50;True;False;False;False;228;15.50;10.50;True;False;False;False;1;7.59999999988941;0;7.59999999988941;7.59999999988941
197;12.50;8.50;True;False;False;False;229;16.50;10.50;True;False;False;False;1;8.26666666671554;0;8.26666666671554;8.26666666671554
197;12.50;8.50;True;False;False;False;230;17.50;10.50;True;False;False;False;1;8.93333333338614;0;8.93333333338614;8.93333333338614
197;12.50;8.50;True;False;False;False;231;18.50;10.50;True;False;False;False;1;9.5999999998603;0;9.5999999998603;9.5999999998603
197;12.50;8.50;True;False;False;False;238;11.50;11.50;True;False;False;False;2;9.84444444437713;11.734320986577;7.4222222222661;12.2666666664882
197;12.50;8.50;True;False;False;False;267;12.50;13.50;True;False;False;False;2;8.51111111104956;11.7343209867092;6.08888888892488;10.9333333331742
197;12.50;8.50;True;False;False;False;274;5.50;14.50;True;False;False;False;1;15.6444444442168;0;15.6444444442168;15.6444444442168
197;12.50;8.50;True;False;False;False;277;8.50;14.50;True;False;False;False;1;11.5555555555056;0;11.5555555555056;11.5555555555056
197;12.50;8.50;True;False;False;False;281;12.50;14.50;True;False;False;False;2;5.82222222225664;0.193580246915869;5.51111111114369;6.13333333336959
197;12.50;8.50;True;False;False;False;282;13.50;14.50;True;False;False;False;1;10.3555555554049;0;10.3555555554049;10.3555555554049
197;12.50;8.50;True;False;False;False;285;16.50;14.50;True;False;False;False;1;13.0666666664765;0;13.0666666664765;13.0666666664765
198;13.50;8.50;True;False;False;False;14;23.50;9.50;False;True;False;False;1;26.0444444445984;0;26.0444444445984;26.0444444445984
198;13.50;8.50;True;False;False;False;30;0.50;12.50;False;False;True;False;2;83.3555555560483;1560.54222224067;55.4222222225499;111.288888889547
198;13.50;8.50;True;False;False;False;93;6.50;1.50;True;False;False;False;1;14.7555555553408;0;14.7555555553408;14.7555555553408
198;13.50;8.50;True;False;False;False;105;18.50;1.50;True;False;False;False;1;12.6222222220385;0;12.6222222220385;12.6222222220385
198;13.50;8.50;True;False;False;False;106;5.50;2.50;True;False;False;False;1;16.4888888886489;0;16.4888888886489;16.4888888886489
198;13.50;8.50;True;False;False;False;155;12.50;5.50;True;False;False;False;1;6.8000000000402;0;6.8000000000402;6.8000000000402
198;13.50;8.50;True;False;False;False;189;18.50;7.50;True;False;False;False;1;8.13333333338142;0;8.13333333338142;8.13333333338142
198;13.50;8.50;True;False;False;False;226;13.50;10.50;True;False;False;False;1;2.84444444440305;0;2.84444444440305;2.84444444440305
198;13.50;8.50;True;False;False;False;244;17.50;11.50;True;False;False;False;1;9.5555555554165;0;9.5555555554165;9.5555555554165
198;13.50;8.50;True;False;False;False;260;5.50;13.50;True;False;False;False;1;13.5555555556357;0;13.5555555556357;13.5555555556357
198;13.50;8.50;True;False;False;False;261;6.50;13.50;True;False;False;False;1;12.8888888887013;0;12.8888888887013;12.8888888887013
200;15.50;8.50;True;False;False;False;14;23.50;9.50;False;True;False;False;3;25.4370370367985;2.08855967083813;23.8666666663194;26.7111111107224
200;15.50;8.50;True;False;False;False;22;0.50;6.50;False;False;True;False;1;68.0888888885947;0;68.0888888885947;68.0888888885947
200;15.50;8.50;True;False;False;False;30;0.50;12.50;False;False;True;False;5;50.7822222219696;1718.82133336607;22.4444444441178;118.844444445147
200;15.50;8.50;True;False;False;False;102;15.50;1.50;True;False;False;False;1;6.39999999990687;0;6.39999999990687;6.39999999990687
200;15.50;8.50;True;False;False;False;139;10.50;4.50;True;False;False;False;2;12.6222222221279;1.91209876502696;11.6444444444537;13.5999999998021
200;15.50;8.50;True;False;False;False;155;12.50;5.50;True;False;False;False;2;9.15555555542232;0.142222222218083;8.88888888875954;9.42222222208511
200;15.50;8.50;True;False;False;False;193;8.50;8.50;True;False;False;False;1;12.7555555553699;0;12.7555555553699;12.7555555553699
200;15.50;8.50;True;False;False;False;197;12.50;8.50;True;False;False;False;1;9.46666666652891;0;9.46666666652891;9.46666666652891
200;15.50;8.50;True;False;False;False;229;16.50;10.50;True;False;False;False;1;5.6888888888061;0;5.6888888888061;5.6888888888061
200;15.50;8.50;True;False;False;False;238;11.50;11.50;True;False;False;False;1;9.55555555561205;0;9.55555555561205;9.55555555561205
200;15.50;8.50;True;False;False;False;239;12.50;11.50;True;False;False;False;1;8.88888888875954;0;8.88888888875954;8.88888888875954
200;15.50;8.50;True;False;False;False;242;15.50;11.50;True;False;False;False;1;3.51111111106002;0;3.51111111106002;3.51111111106002
200;15.50;8.50;True;False;False;False;261;6.50;13.50;True;False;False;False;1;14.488888888678;0;14.488888888678;14.488888888678
200;15.50;8.50;True;False;False;False;263;8.50;13.50;True;False;False;False;1;13.1555555553641;0;13.1555555553641;13.1555555553641
200;15.50;8.50;True;False;False;False;272;17.50;13.50;True;False;False;False;1;9.73333333329128;0;9.73333333329128;9.73333333329128
201;16.50;8.50;True;False;False;False;30;0.50;12.50;False;False;True;False;2;52.4888888881251;1080.60839503028;29.2444444440189;75.7333333322313
201;16.50;8.50;True;False;False;False;118;17.50;2.50;True;False;False;False;1;11.2888888887246;0;11.2888888887246;11.2888888887246
201;16.50;8.50;True;False;False;False;197;12.50;8.50;True;False;False;False;1;10.755555555399;0;10.755555555399;10.755555555399
201;16.50;8.50;True;False;False;False;200;15.50;8.50;True;False;False;False;1;3.51111111106002;0;3.51111111106002;3.51111111106002
201;16.50;8.50;True;False;False;False;228;15.50;10.50;True;False;False;False;1;6.13333333324408;0;6.13333333324408;6.13333333324408
201;16.50;8.50;True;False;False;False;271;16.50;13.50;True;False;False;False;1;6.08888888880028;0;6.08888888880028;6.08888888880028
203;18.50;8.50;True;False;False;False;14;23.50;9.50;False;True;False;False;2;19.1111111110144;61.728395063963;13.5555555553583;24.6666666666705
203;18.50;8.50;True;False;False;False;22;0.50;6.50;False;False;True;False;2;91.2222222212188;1555.58024683216;63.3333333330597;119.111111109378
203;18.50;8.50;True;False;False;False;30;0.50;12.50;False;False;True;False;2;69.1777777777984;90.675555546168;62.4444444448136;75.9111111107832
203;18.50;8.50;True;False;False;False;184;13.50;7.50;True;False;False;False;2;7.53333333326236;0.000987654324394779;7.51111111100181;7.55555555552291
203;18.50;8.50;True;False;False;False;196;11.50;8.50;True;False;False;False;1;11.4666666666685;0;11.4666666666685;11.4666666666685
203;18.50;8.50;True;False;False;False;220;7.50;10.50;True;False;False;False;1;13.5555555556357;0;13.5555555556357;13.5555555556357
203;18.50;8.50;True;False;False;False;237;10.50;11.50;True;False;False;False;1;17.0666666664183;0;17.0666666664183;17.0666666664183
203;18.50;8.50;True;False;False;False;238;11.50;11.50;True;False;False;False;1;11.5555555556239;0;11.5555555556239;11.5555555556239
218;5.50;10.50;True;False;False;False;30;0.50;12.50;False;False;True;False;4;63.1111111288562;2154.99983266372;9.24444451815361;104.711111109587
218;5.50;10.50;True;False;False;False;183;12.50;7.50;True;False;False;False;1;10.3111111109611;0;10.3111111109611;10.3111111109611
218;5.50;10.50;True;False;False;False;196;11.50;8.50;True;False;False;False;1;8.97777777764713;0;8.97777777764713;8.97777777764713
218;5.50;10.50;True;False;False;False;223;10.50;10.50;True;False;False;False;1;4.84444444447308;0;4.84444444447308;4.84444444447308
219;6.50;10.50;True;False;False;False;14;23.50;9.50;False;True;False;False;1;30.4888888887572;0;30.4888888887572;30.4888888887572
219;6.50;10.50;True;False;False;False;22;0.50;6.50;False;False;True;False;2;68.6888888882997;266.035555566746;57.1555555547238;80.2222222218757
219;6.50;10.50;True;False;False;False;30;0.50;12.50;False;False;True;False;2;76.6222222211072;201.781728389189;66.5777777768089;86.6666666654055
219;6.50;10.50;True;False;False;False;183;12.50;7.50;True;False;False;False;1;14.6222222220094;0;14.6222222220094;14.6222222220094
219;6.50;10.50;True;False;False;False;203;18.50;8.50;True;False;False;False;1;19.2444444441644;0;19.2444444441644;19.2444444441644
219;6.50;10.50;True;False;False;False;225;12.50;10.50;True;False;False;False;1;10.8444444443976;0;10.8444444443976;10.8444444443976
219;6.50;10.50;True;False;False;False;235;8.50;11.50;True;False;False;False;1;5.5111111110873;0;5.5111111110873;5.5111111110873
219;6.50;10.50;True;False;False;False;260;5.50;13.50;True;False;False;False;1;6.17777777768788;0;6.17777777768788;6.17777777768788
220;7.50;10.50;True;False;False;False;14;23.50;9.50;False;True;False;False;2;33.3777777778002;1.27999999945561;32.5777777779704;34.1777777776301
220;7.50;10.50;True;False;False;False;22;0.50;6.50;False;False;True;False;2;104.222222222657;2228.15209881597;70.8444444445008;137.600000000813
220;7.50;10.50;True;False;False;False;156;13.50;5.50;True;False;False;False;1;13.0666666667439;0;13.0666666667439;13.0666666667439
220;7.50;10.50;True;False;False;False;192;7.50;8.50;True;False;False;False;1;4.08888888891306;0;4.08888888891306;4.08888888891306
220;7.50;10.50;True;False;False;False;196;11.50;8.50;True;False;False;False;1;8.26666666667325;0;8.26666666667325;8.26666666667325
220;7.50;10.50;True;False;False;False;240;13.50;11.50;True;False;False;False;1;8.17777777774245;0;8.17777777774245;8.17777777774245
220;7.50;10.50;True;False;False;False;260;5.50;13.50;True;False;False;False;1;6.97777777781903;0;6.97777777781903;6.97777777781903
220;7.50;10.50;True;False;False;False;263;8.50;13.50;True;False;False;False;1;6.1777777778143;0;6.1777777778143;6.1777777778143
221;8.50;10.50;True;False;False;False;14;23.50;9.50;False;True;False;False;2;26.8222222220543;51.7935802408797;21.7333333334618;31.9111111106467
221;8.50;10.50;True;False;False;False;22;0.50;6.50;False;False;True;False;4;96.822222221965;1687.9282304567;38.5777777772164;133.999999999421
221;8.50;10.50;True;False;False;False;30;0.50;12.50;False;False;True;False;5;81.582222221116;2424.84108633667;19.7777777778947;153.466666664433
221;8.50;10.50;True;False;False;False;92;5.50;1.50;True;False;False;False;1;13.1111111111886;0;13.1111111111886;13.1111111111886
221;8.50;10.50;True;False;False;False;178;7.50;7.50;True;False;False;False;1;7.4222222222661;0;7.4222222222661;7.4222222222661
221;8.50;10.50;True;False;False;False;188;17.50;7.50;True;False;False;False;1;16.4444444442051;0;16.4444444442051;16.4444444442051
221;8.50;10.50;True;False;False;False;189;18.50;7.50;True;False;False;False;1;17.1111111108621;0;17.1111111108621;17.1111111108621
221;8.50;10.50;True;False;False;False;190;5.50;8.50;True;False;False;False;1;7.60000000004493;0;7.60000000004493;7.60000000004493
221;8.50;10.50;True;False;False;False;224;11.50;10.50;True;False;False;False;2;4.44444444440092;0.193580246881632;4.13333333331548;4.75555555548635
221;8.50;10.50;True;False;False;False;226;13.50;10.50;True;False;False;False;1;10.7999999998428;0;10.7999999998428;10.7999999998428
221;8.50;10.50;True;False;False;False;228;15.50;10.50;True;False;False;False;1;6.79999999997062;0;6.79999999997062;6.79999999997062
221;8.50;10.50;True;False;False;False;232;5.50;11.50;True;False;False;False;1;6.1777777778143;0;6.1777777778143;6.1777777778143
221;8.50;10.50;True;False;False;False;237;10.50;11.50;True;False;False;False;1;6.75555555559549;0;6.75555555559549;6.75555555559549
221;8.50;10.50;True;False;False;False;239;12.50;11.50;True;False;False;False;1;10.3111111109611;0;10.3111111109611;10.3111111109611
221;8.50;10.50;True;False;False;False;262;7.50;13.50;True;False;False;False;1;7.15555555559786;0;7.15555555559786;7.15555555559786
221;8.50;10.50;True;False;False;False;267;12.50;13.50;True;False;False;False;1;8.62222222227319;0;8.62222222227319;8.62222222227319
221;8.50;10.50;True;False;False;False;275;6.50;14.50;True;False;False;False;1;7.64444444448964;0;7.64444444448964;7.64444444448964
221;8.50;10.50;True;False;False;False;277;8.50;14.50;True;False;False;False;1;4.17777777771698;0;4.17777777771698;4.17777777771698
223;10.50;10.50;True;False;False;False;14;23.50;9.50;False;True;False;False;3;26.799999999932;34.5441975269245;21.6444444445724;33.1999999995169
223;10.50;10.50;True;False;False;False;22;0.50;6.50;False;False;True;False;2;102.644444443654;2296.9135800847;68.755555555962;136.533333331347
223;10.50;10.50;True;False;False;False;30;0.50;12.50;False;False;True;False;2;59.5555555555093;670.593580225665;41.2444444446883;77.8666666663303
223;10.50;10.50;True;False;False;False;197;12.50;8.50;True;False;False;False;2;7.97777777769397;5.55555555517862;6.31111111108385;9.6444444443041
223;10.50;10.50;True;False;False;False;198;13.50;8.50;True;False;False;False;1;11.5555555556239;0;11.5555555556239;11.5555555556239
223;10.50;10.50;True;False;False;False;218;5.50;10.50;True;False;False;False;1;6.8000000000402;0;6.8000000000402;6.8000000000402
223;10.50;10.50;True;False;False;False;221;8.50;10.50;True;False;False;False;1;4.08888888891306;0;4.08888888891306;4.08888888891306
223;10.50;10.50;True;False;False;False;242;15.50;11.50;True;False;False;False;1;11.6000000000686;0;11.6000000000686;11.6000000000686
223;10.50;10.50;True;False;False;False;263;8.50;13.50;True;False;False;False;1;7.73333333337905;0;7.73333333337905;7.73333333337905
223;10.50;10.50;True;False;False;False;265;10.50;13.50;True;False;False;False;2;3.86666666668953;0.252839506175829;3.51111111113187;4.22222222224718
223;10.50;10.50;True;False;False;False;274;5.50;14.50;True;False;False;False;1;9.6444444443041;0;9.6444444443041;9.6444444443041
224;11.50;10.50;True;False;False;False;22;0.50;6.50;False;False;True;False;2;110.577777778252;3285.90222229012;70.0444444445002;151.111111112004
224;11.50;10.50;True;False;False;False;30;0.50;12.50;False;False;True;False;5;119.315555554751;370.282074055432;100.577777777343;140.355555554949
224;11.50;10.50;True;False;False;False;92;5.50;1.50;True;False;False;False;1;13.6444444443855;0;13.6444444443855;13.6444444443855
224;11.50;10.50;True;False;False;False;97;10.50;1.50;True;False;False;False;1;17.7333333334382;0;17.7333333334382;17.7333333334382
224;11.50;10.50;True;False;False;False;134;5.50;4.50;True;False;False;False;1;15.8666666664358;0;15.8666666664358;15.8666666664358
224;11.50;10.50;True;False;False;False;176;5.50;7.50;True;False;False;False;1;10.8888888887304;0;10.8888888887304;10.8888888887304
224;11.50;10.50;True;False;False;False;218;5.50;10.50;True;False;False;False;1;6.13333333324408;0;6.13333333324408;6.13333333324408
224;11.50;10.50;True;False;False;False;219;6.50;10.50;True;False;False;False;2;5.7777777776937;0.193580246907946;5.46666666658712;6.08888888880028
224;11.50;10.50;True;False;False;False;221;8.50;10.50;True;False;False;False;3;3.92592592588077;0.516213991739621;3.51111111106002;4.75555555548635
224;11.50;10.50;True;False;False;False;223;10.50;10.50;True;False;False;False;2;2.71111111112714;1.01135802470332;2.00000000001182;3.42222222224245
224;11.50;10.50;True;False;False;False;226;13.50;10.50;True;False;False;False;2;3.44444444442343;0.719999999909196;2.84444444446126;4.04444444438559
224;11.50;10.50;True;False;False;False;228;15.50;10.50;True;False;False;False;2;7.59999999993852;15.6799999989936;4.80000000002838;10.3999999998487
224;11.50;10.50;True;False;False;False;229;16.50;10.50;True;False;False;False;2;5.55555555547471;0.568888888872332;5.02222222214914;6.08888888880028
224;11.50;10.50;True;False;False;False;230;17.50;10.50;True;False;False;False;2;6.42222222212877;0.222222222215755;6.08888888880028;6.75555555545725
224;11.50;10.50;True;False;False;False;231;18.50;10.50;True;False;False;False;1;6.75555555559549;0;6.75555555559549;6.75555555559549
224;11.50;10.50;True;False;False;False;232;5.50;11.50;True;False;False;False;1;8.13333333338142;0;8.13333333338142;8.13333333338142
224;11.50;10.50;True;False;False;False;235;8.50;11.50;True;False;False;False;1;7.42222222211421;0;7.42222222211421;7.42222222211421
224;11.50;10.50;True;False;False;False;239;12.50;11.50;True;False;False;False;2;5.64444444447781;0.193580246915869;5.33333333336486;5.95555555559076
224;11.50;10.50;True;False;False;False;242;15.50;11.50;True;False;False;False;1;6.8000000000402;0;6.8000000000402;6.8000000000402
224;11.50;10.50;True;False;False;False;260;5.50;13.50;True;False;False;False;4;10.2555555554741;0.500905349853231;9.64444444440278;11.2444444444534
224;11.50;10.50;True;False;False;False;261;6.50;13.50;True;False;False;False;1;9.59999999995853;0;9.59999999995853;9.59999999995853
224;11.50;10.50;True;False;False;False;265;10.50;13.50;True;False;False;False;1;6.1777777778143;0;6.1777777778143;6.1777777778143
224;11.50;10.50;True;False;False;False;266;11.50;13.50;True;False;False;False;1;5.02222222220053;0;5.02222222220053;5.02222222220053
224;11.50;10.50;True;False;False;False;274;5.50;14.50;True;False;False;False;2;12.9333333331451;8.72691357999293;10.8444444442866;15.0222222220036
224;11.50;10.50;True;False;False;False;276;7.50;14.50;True;False;False;False;1;9.5999999998603;0;9.5999999998603;9.5999999998603
224;11.50;10.50;True;False;False;False;282;13.50;14.50;True;False;False;False;1;8.44444444432156;0;8.44444444432156;8.44444444432156
224;11.50;10.50;True;False;False;False;284;15.50;14.50;True;False;False;False;2;10.1555555554626;0.61728395072109;9.5999999998603;10.7111111110648
225;12.50;10.50;True;False;False;False;30;0.50;12.50;False;False;True;False;1;94.4000000000751;0;94.4000000000751;94.4000000000751
225;12.50;10.50;True;False;False;False;183;12.50;7.50;True;False;False;False;1;4.48888888889246;0;4.48888888889246;4.48888888889246
225;12.50;10.50;True;False;False;False;203;18.50;8.50;True;False;False;False;1;9.6000000000015;0;9.6000000000015;9.6000000000015
225;12.50;10.50;True;False;False;False;219;6.50;10.50;True;False;False;False;1;11.4666666666171;0;11.4666666666171;11.4666666666171
225;12.50;10.50;True;False;False;False;226;13.50;10.50;True;False;False;False;1;2.66666666666879;0;2.66666666666879;2.66666666666879
225;12.50;10.50;True;False;False;False;230;17.50;10.50;True;False;False;False;1;11.4222222221729;0;11.4222222221729;11.4222222221729
225;12.50;10.50;True;False;False;False;231;18.50;10.50;True;False;False;False;2;7.88888888887639;6.16395061738228;6.13333333330684;9.64444444444595
225;12.50;10.50;True;False;False;False;238;11.50;11.50;True;False;False;False;1;5.33333333333758;0;5.33333333333758;5.33333333333758
225;12.50;10.50;True;False;False;False;239;12.50;11.50;True;False;False;False;1;2.66666666666879;0;2.66666666666879;2.66666666666879
225;12.50;10.50;True;False;False;False;261;6.50;13.50;True;False;False;False;1;10.4888888888436;0;10.4888888888436;10.4888888888436
226;13.50;10.50;True;False;False;False;14;23.50;9.50;False;True;False;False;2;26.7777777776587;0.222222221854988;26.4444444446008;27.1111111107166
226;13.50;10.50;True;False;False;False;22;0.50;6.50;False;False;True;False;3;103.3037037022;2219.80510281605;49.3333333326154;136.22222222024
226;13.50;10.50;True;False;False;False;30;0.50;12.50;False;False;True;False;3;83.86666666648;1549.51308643077;55.0222222225475;128.711111111214
226;13.50;10.50;True;False;False;False;139;10.50;4.50;True;False;False;False;1;17.5555555553001;0;17.5555555553001;17.5555555553001
226;13.50;10.50;True;False;False;False;140;11.50;4.50;True;False;False;False;1;9.5999999998603;0;9.5999999998603;9.5999999998603
226;13.50;10.50;True;False;False;False;153;10.50;5.50;True;False;False;False;1;17.9555555552943;0;17.9555555552943;17.9555555552943
226;13.50;10.50;True;False;False;False;178;7.50;7.50;True;False;False;False;1;11.7777777776064;0;11.7777777776064;11.7777777776064
226;13.50;10.50;True;False;False;False;188;17.50;7.50;True;False;False;False;1;8.93333333320334;0;8.93333333320334;8.93333333320334
226;13.50;10.50;True;False;False;False;191;6.50;8.50;True;False;False;False;1;12.7555555555005;0;12.7555555555005;12.7555555555005
226;13.50;10.50;True;False;False;False;224;11.50;10.50;True;False;False;False;1;2.84444444446126;0;2.84444444446126;2.84444444446126
226;13.50;10.50;True;False;False;False;229;16.50;10.50;True;False;False;False;1;4.79999999993015;0;4.79999999993015;4.79999999993015
226;13.50;10.50;True;False;False;False;237;10.50;11.50;True;False;False;False;1;6.66666666656965;0;6.66666666656965;6.66666666656965
226;13.50;10.50;True;False;False;False;240;13.50;11.50;True;False;False;False;1;2.93333333329065;0;2.93333333329065;2.93333333329065
226;13.50;10.50;True;False;False;False;263;8.50;13.50;True;False;False;False;1;8.97777777764713;0;8.97777777764713;8.97777777764713
226;13.50;10.50;True;False;False;False;268;13.50;13.50;True;False;False;False;1;5.11111111103673;0;5.11111111103673;5.11111111103673
226;13.50;10.50;True;False;False;False;285;16.50;14.50;True;False;False;False;2;8.93333333324904;4.17736549096936E-21;8.93333333320334;8.93333333329474
228;15.50;10.50;True;False;False;False;14;23.50;9.50;False;True;False;False;1;31.8666666662029;0;31.8666666662029;31.8666666662029
228;15.50;10.50;True;False;False;False;22;0.50;6.50;False;False;True;False;3;82.1481481476969;2040.71572011064;30.0888888890668;111.022222220607
228;15.50;10.50;True;False;False;False;30;0.50;12.50;False;False;True;False;4;114.355555555006;155.953251012753;95.9111111116781;122.933333332802
228;15.50;10.50;True;False;False;False;109;8.50;2.50;True;False;False;False;1;14.8888888889007;0;14.8888888889007;14.8888888889007
228;15.50;10.50;True;False;False;False;146;17.50;4.50;True;False;False;False;1;9.60000000000764;0;9.60000000000764;9.60000000000764
228;15.50;10.50;True;False;False;False;147;18.50;4.50;True;False;False;False;1;9.64444444445212;0;9.64444444445212;9.64444444445212
228;15.50;10.50;True;False;False;False;176;5.50;7.50;True;False;False;False;1;13.2444444442517;0;13.2444444442517;13.2444444442517
228;15.50;10.50;True;False;False;False;181;10.50;7.50;True;False;False;False;1;12.2222222222945;0;12.2222222222945;12.2222222222945
228;15.50;10.50;True;False;False;False;183;12.50;7.50;True;False;False;False;1;13.6888888888298;0;13.6888888888298;13.6888888888298
228;15.50;10.50;True;False;False;False;192;7.50;8.50;True;False;False;False;1;13.4222222223016;0;13.4222222223016;13.4222222223016
228;15.50;10.50;True;False;False;False;195;10.50;8.50;True;False;False;False;1;10.7999999998428;0;10.7999999998428;10.7999999998428
228;15.50;10.50;True;False;False;False;196;11.50;8.50;True;False;False;False;1;11.8222222222921;0;11.8222222222921;11.8222222222921
228;15.50;10.50;True;False;False;False;200;15.50;8.50;True;False;False;False;1;2.84444444440305;0;2.84444444440305;2.84444444440305
228;15.50;10.50;True;False;False;False;203;18.50;8.50;True;False;False;False;1;6.97777777774763;0;6.97777777774763;6.97777777774763
228;15.50;10.50;True;False;False;False;230;17.50;10.50;True;False;False;False;1;3.46666666661622;0;3.46666666661622;3.46666666661622
228;15.50;10.50;True;False;False;False;231;18.50;10.50;True;False;False;False;1;4.13333333333662;0;4.13333333333662;4.13333333333662
228;15.50;10.50;True;False;False;False;232;5.50;11.50;True;False;False;False;1;11.3333333331684;0;11.3333333331684;11.3333333331684
228;15.50;10.50;True;False;False;False;240;13.50;11.50;True;False;False;False;1;5.5111111110873;0;5.5111111110873;5.5111111110873
228;15.50;10.50;True;False;False;False;242;15.50;11.50;True;False;False;False;2;2.0222222222186;0.000987654320524373;2.00000000000159;2.04444444443561
228;15.50;10.50;True;False;False;False;243;16.50;11.50;True;False;False;False;1;4.66666666669425;0;4.66666666669425;4.66666666669425
228;15.50;10.50;True;False;False;False;276;7.50;14.50;True;False;False;False;1;13.5999999999412;0;13.5999999999412;13.5999999999412
229;16.50;10.50;True;False;False;False;14;23.50;9.50;False;True;False;False;2;28.9111111112072;0.222222222125108;28.5777777779467;29.2444444444677
229;16.50;10.50;True;False;False;False;22;0.50;6.50;False;False;True;False;4;138.56666666544;1353.0908641913;98.5333333318995;181.644444441801
229;16.50;10.50;True;False;False;False;30;0.50;12.50;False;False;True;False;5;89.7511111103964;1198.33046918185;54.4444444436522;144.488888889743
229;16.50;10.50;True;False;False;False;161;18.50;5.50;True;False;False;False;1;8.31111111099017;0;8.31111111099017;8.31111111099017
229;16.50;10.50;True;False;False;False;178;7.50;7.50;True;False;False;False;1;12.8888888889651;0;12.8888888889651;12.8888888889651
229;16.50;10.50;True;False;False;False;192;7.50;8.50;True;False;False;False;1;14.0888888889722;0;14.0888888889722;14.0888888889722
229;16.50;10.50;True;False;False;False;200;15.50;8.50;True;False;False;False;1;6.13333333324408;0;6.13333333324408;6.13333333324408
229;16.50;10.50;True;False;False;False;224;11.50;10.50;True;False;False;False;1;5.46666666658712;0;5.46666666658712;5.46666666658712
229;16.50;10.50;True;False;False;False;232;5.50;11.50;True;False;False;False;1;11.5111111109436;0;11.5111111109436;11.5111111109436
229;16.50;10.50;True;False;False;False;240;13.50;11.50;True;False;False;False;1;6.17777777768788;0;6.17777777768788;6.17777777768788
229;16.50;10.50;True;False;False;False;243;16.50;11.50;True;False;False;False;2;2.84444444440305;1.27999999996275;2.04444444441469;3.64444444439141
229;16.50;10.50;True;False;False;False;262;7.50;13.50;True;False;False;False;1;11.6444444444537;0;11.6444444444537;11.6444444444537
229;16.50;10.50;True;False;False;False;265;10.50;13.50;True;False;False;False;1;9.6444444443041;0;9.6444444443041;9.6444444443041
229;16.50;10.50;True;False;False;False;271;16.50;13.50;True;False;False;False;1;3.95555555549799;0;3.95555555549799;3.95555555549799
229;16.50;10.50;True;False;False;False;276;7.50;14.50;True;False;False;False;1;12.3111111111839;0;12.3111111111839;12.3111111111839
229;16.50;10.50;True;False;False;False;285;16.50;14.50;True;False;False;False;1;4.31111111104838;0;4.31111111104838;4.31111111104838
230;17.50;10.50;True;False;False;False;14;23.50;9.50;False;True;False;False;1;29.2888888888747;0;29.2888888888747;29.2888888888747
230;17.50;10.50;True;False;False;False;22;0.50;6.50;False;False;True;False;1;59.0666666670159;0;59.0666666670159;59.0666666670159
230;17.50;10.50;True;False;False;False;30;0.50;12.50;False;False;True;False;5;58.8622222214193;579.675654299738;26.2222222221089;92.1777777764364
230;17.50;10.50;True;False;False;False;139;10.50;4.50;True;False;False;False;1;16.8888888888807;0;16.8888888888807;16.8888888888807
230;17.50;10.50;True;False;False;False;181;10.50;7.50;True;False;False;False;1;15.9111111108796;0;15.9111111108796;15.9111111108796
230;17.50;10.50;True;False;False;False;224;11.50;10.50;True;False;False;False;1;6.13333333336959;0;6.13333333336959;6.13333333336959
230;17.50;10.50;True;False;False;False;243;16.50;11.50;True;False;False;False;1;4.71111111104256;0;4.71111111104256;4.71111111104256
230;17.50;10.50;True;False;False;False;260;5.50;13.50;True;False;False;False;1;14.0888888886839;0;14.0888888886839;14.0888888886839
230;17.50;10.50;True;False;False;False;272;17.50;13.50;True;False;False;False;1;3.95555555553847;0;3.95555555553847;3.95555555553847
230;17.50;10.50;True;False;False;False;274;5.50;14.50;True;False;False;False;1;14.3111111109029;0;14.3111111109029;14.3111111109029
231;18.50;10.50;True;False;False;False;22;0.50;6.50;False;False;True;False;2;79.3111111111742;56.4158024692256;74.0000000000589;84.6222222222896
231;18.50;10.50;True;False;False;False;30;0.50;12.50;False;False;True;False;5;98.8000000000142;1054.34271606342;44.6222222215729;131.644444443876
231;18.50;10.50;True;False;False;False;193;8.50;8.50;True;False;False;False;1;12.2666666667392;0;12.2666666667392;12.2666666667392
231;18.50;10.50;True;False;False;False;225;12.50;10.50;True;False;False;False;1;6.13333333333821;0;6.13333333333821;6.13333333333821
231;18.50;10.50;True;False;False;False;226;13.50;10.50;True;False;False;False;1;5.46666666658712;0;5.46666666658712;5.46666666658712
231;18.50;10.50;True;False;False;False;229;16.50;10.50;True;False;False;False;1;3.46666666666943;0;3.46666666666943;3.46666666666943
231;18.50;10.50;True;False;False;False;233;6.50;11.50;True;False;False;False;1;12.1333333333352;0;12.1333333333352;12.1333333333352
231;18.50;10.50;True;False;False;False;268;13.50;13.50;True;False;False;False;1;8.97777777773899;0;8.97777777773899;8.97777777773899
231;18.50;10.50;True;False;False;False;286;17.50;14.50;True;False;False;False;1;7.46666666671081;0;7.46666666671081;7.46666666671081
232;5.50;11.50;True;False;False;False;6;23.50;3.50;False;True;False;False;1;26.4444444440596;0;26.4444444440596;26.4444444440596
232;5.50;11.50;True;False;False;False;14;23.50;9.50;False;True;False;False;8;25.4888888886518;4.47604938279065;20.3111111108155;26.5333333329472
232;5.50;11.50;True;False;False;False;22;0.50;6.50;False;False;True;False;1;91.3333333333248;0;91.3333333333248;91.3333333333248
232;5.50;11.50;True;False;False;False;30;0.50;12.50;False;False;True;False;4;80.9999999995055;765.901563757432;40.1333333335706;101.022222220752
232;5.50;11.50;True;False;False;False;140;11.50;4.50;True;False;False;False;1;14.3111111109029;0;14.3111111109029;14.3111111109029
232;5.50;11.50;True;False;False;False;154;11.50;5.50;True;False;False;False;2;11.644444444275;0;11.644444444275;11.644444444275
232;5.50;11.50;True;False;False;False;155;12.50;5.50;True;False;False;False;1;15.0666666664474;0;15.0666666664474;15.0666666664474
232;5.50;11.50;True;False;False;False;159;16.50;5.50;True;False;False;False;1;16.9777777778781;0;16.9777777778781;16.9777777778781
232;5.50;11.50;True;False;False;False;183;12.50;7.50;True;False;False;False;1;10.9777777778427;0;10.9777777778427;10.9777777778427
232;5.50;11.50;True;False;False;False;193;8.50;8.50;True;False;False;False;1;7.95555555543979;0;7.95555555543979;7.95555555543979
232;5.50;11.50;True;False;False;False;196;11.50;8.50;True;False;False;False;1;9.64444444450146;0;9.64444444450146;9.64444444450146
232;5.50;11.50;True;False;False;False;197;12.50;8.50;True;False;False;False;2;14.5777777776775;26.5639506148801;10.933333333398;18.2222222219571
232;5.50;11.50;True;False;False;False;201;16.50;8.50;True;False;False;False;1;17.5555555553001;0;17.5555555553001;17.5555555553001
232;5.50;11.50;True;False;False;False;223;10.50;10.50;True;False;False;False;1;7.46666666671081;0;7.46666666671081;7.46666666671081
232;5.50;11.50;True;False;False;False;224;11.50;10.50;True;False;False;False;1;16.9777777775307;0;16.9777777775307;16.9777777775307
232;5.50;11.50;True;False;False;False;238;11.50;11.50;True;False;False;False;1;6.13333333324408;0;6.13333333324408;6.13333333324408
233;6.50;11.50;True;False;False;False;14;23.50;9.50;False;True;False;False;6;25.7851851852305;45.6536625527656;19.644444444435;38.400000000227
233;6.50;11.50;True;False;False;False;137;8.50;4.50;True;False;False;False;1;9.64444444450146;0;9.64444444450146;9.64444444450146
233;6.50;11.50;True;False;False;False;139;10.50;4.50;True;False;False;False;1;16.5777777777698;0;16.5777777777698;16.5777777777698
233;6.50;11.50;True;False;False;False;153;10.50;5.50;True;False;False;False;1;10.3111111110666;0;10.3111111110666;10.3111111110666
233;6.50;11.50;True;False;False;False;177;6.50;7.50;True;False;False;False;1;4.17777777777576;0;4.17777777777576;4.17777777777576
233;6.50;11.50;True;False;False;False;196;11.50;8.50;True;False;False;False;1;9.6000000000015;0;9.6000000000015;9.6000000000015
233;6.50;11.50;True;False;False;False;221;8.50;10.50;True;False;False;False;1;5.46666666669898;0;5.46666666669898;5.46666666669898
235;8.50;11.50;True;False;False;False;14;23.50;9.50;False;True;False;False;1;29.0222222220968;0;29.0222222220968;29.0222222220968
235;8.50;11.50;True;False;False;False;30;0.50;12.50;False;False;True;False;2;71.0222222216954;29.2187654235015;67.2000000000355;74.8444444433553
235;8.50;11.50;True;False;False;False;195;10.50;8.50;True;False;False;False;1;6.97777777767624;0;6.97777777767624;6.97777777767624
235;8.50;11.50;True;False;False;False;196;11.50;8.50;True;False;False;False;1;7.64444444445053;0;7.64444444445053;7.64444444445053
235;8.50;11.50;True;False;False;False;262;7.50;13.50;True;False;False;False;1;5.5111111110873;0;5.5111111110873;5.5111111110873
237;10.50;11.50;True;False;False;False;14;23.50;9.50;False;True;False;False;3;17.6592592837972;71.6569541367715;9.5555556292602;26.4444444446008
237;10.50;11.50;True;False;False;False;22;0.50;6.50;False;False;True;False;1;79.2888888877351;0;79.2888888877351;79.2888888877351
237;10.50;11.50;True;False;False;False;140;11.50;4.50;True;False;False;False;1;11.7777777776064;0;11.7777777776064;11.7777777776064
237;10.50;11.50;True;False;False;False;159;16.50;5.50;True;False;False;False;1;12.2666666667392;0;12.2666666667392;12.2666666667392
237;10.50;11.50;True;False;False;False;197;12.50;8.50;True;False;False;False;1;7.59999999988941;0;7.59999999988941;7.59999999988941
237;10.50;11.50;True;False;False;False;274;5.50;14.50;True;False;False;False;1;9.60000000005675;0;9.60000000005675;9.60000000005675
238;11.50;11.50;True;False;False;False;14;23.50;9.50;False;True;False;False;2;18.0444444444677;6.00888888953849;16.3111111110406;19.7777777778947
238;11.50;11.50;True;False;False;False;22;0.50;6.50;False;False;True;False;2;107.199999999182;223.778765394214;96.6222222222991;117.777777776064
238;11.50;11.50;True;False;False;False;30;0.50;12.50;False;False;True;False;2;60.2222222213459;1256.67555551898;35.155555555044;85.2888888876478
238;11.50;11.50;True;False;False;False;178;7.50;7.50;True;False;False;False;1;9.59999999995853;0;9.59999999995853;9.59999999995853
238;11.50;11.50;True;False;False;False;196;11.50;8.50;True;False;False;False;1;9.73333333339087;0;9.73333333339087;9.73333333339087
238;11.50;11.50;True;False;False;False;221;8.50;10.50;True;False;False;False;1;6.79999999990105;0;6.79999999990105;6.79999999990105
238;11.50;11.50;True;False;False;False;223;10.50;10.50;True;False;False;False;1;5.33333333331029;0;5.33333333331029;5.33333333331029
238;11.50;11.50;True;False;False;False;224;11.50;10.50;True;False;False;False;3;2.04444444441469;0;2.04444444441469;2.04444444441469
238;11.50;11.50;True;False;False;False;225;12.50;10.50;True;False;False;False;1;5.33333333333758;0;5.33333333333758;5.33333333333758
238;11.50;11.50;True;False;False;False;232;5.50;11.50;True;False;False;False;2;6.75555555545725;0.774320987631785;6.13333333324408;7.37777777767042
238;11.50;11.50;True;False;False;False;265;10.50;13.50;True;False;False;False;4;6.08888888885713;0.543868312660745;5.46666666669898;7.11111111100763
238;11.50;11.50;True;False;False;False;281;12.50;14.50;True;False;False;False;1;8.44444444432156;0;8.44444444432156;8.44444444432156
238;11.50;11.50;True;False;False;False;287;18.50;14.50;True;False;False;False;1;11.5555555555056;0;11.5555555555056;11.5555555555056
239;12.50;11.50;True;False;False;False;14;23.50;9.50;False;True;False;False;4;18.7444444442549;10.326090534129;15.6888888886606;21.8222222219047
239;12.50;11.50;True;False;False;False;22;0.50;6.50;False;False;True;False;1;87.6888888889587;0;87.6888888889587;87.6888888889587
239;12.50;11.50;True;False;False;False;30;0.50;12.50;False;False;True;False;2;86.6444444449567;1600.52246915473;58.3555555559005;114.933333334013
239;12.50;11.50;True;False;False;False;92;5.50;1.50;True;False;False;False;1;16.2222222219862;0;16.2222222219862;16.2222222219862
239;12.50;11.50;True;False;False;False;154;11.50;5.50;True;False;False;False;1;12.2666666667392;0;12.2666666667392;12.2666666667392
239;12.50;11.50;True;False;False;False;159;16.50;5.50;True;False;False;False;1;13.6888888886897;0;13.6888888886897;13.6888888886897
239;12.50;11.50;True;False;False;False;183;12.50;7.50;True;False;False;False;1;10.1333333331859;0;10.1333333331859;10.1333333331859
239;12.50;11.50;True;False;False;False;187;16.50;7.50;True;False;False;False;1;9.5999999998603;0;9.5999999998603;9.5999999998603
239;12.50;11.50;True;False;False;False;193;8.50;8.50;True;False;False;False;1;8.93333333338614;0;8.93333333338614;8.93333333338614
239;12.50;11.50;True;False;False;False;197;12.50;8.50;True;False;False;False;2;3.77777777776419;0.142222222262224;3.51111111106002;4.04444444446835
239;12.50;11.50;True;False;False;False;221;8.50;10.50;True;False;False;False;1;7.46666666655801;0;7.46666666655801;7.46666666655801
239;12.50;11.50;True;False;False;False;224;11.50;10.50;True;False;False;False;2;5.02222222214914;0.193580246907946;4.71111111104256;5.33333333325572
239;12.50;11.50;True;False;False;False;226;13.50;10.50;True;False;False;False;1;9.33333333334076;0;9.33333333334076;9.33333333334076
239;12.50;11.50;True;False;False;False;245;18.50;11.50;True;False;False;False;1;6.13333333336959;0;6.13333333336959;6.13333333336959
240;13.50;11.50;True;False;False;False;14;23.50;9.50;False;True;False;False;2;29.7777777774527;148.685432090705;21.1555555554642;38.3999999994412
240;13.50;11.50;True;False;False;False;22;0.50;6.50;False;False;True;False;1;78.4444444444065;0;78.4444444444065;78.4444444444065
240;13.50;11.50;True;False;False;False;30;0.50;12.50;False;False;True;False;1;79.1555555544037;0;79.1555555544037;79.1555555544037
240;13.50;11.50;True;False;False;False;228;15.50;10.50;True;False;False;False;4;5.64444444441835;0.106666666638662;5.46666666667102;6.13333333324408
240;13.50;11.50;True;False;False;False;261;6.50;13.50;True;False;False;False;1;10.2666666666223;0;10.2666666666223;10.2666666666223
240;13.50;11.50;True;False;False;False;265;10.50;13.50;True;False;False;False;1;7.68888888889501;0;7.68888888889501;7.68888888889501
240;13.50;11.50;True;False;False;False;266;11.50;13.50;True;False;False;False;1;6.31111111111613;0;6.31111111111613;6.31111111111613
240;13.50;11.50;True;False;False;False;271;16.50;13.50;True;False;False;False;1;6.97777777778333;0;6.97777777778333;6.97777777778333
240;13.50;11.50;True;False;False;False;282;13.50;14.50;True;False;False;False;1;4.13333333331548;0;4.13333333331548;4.13333333331548
240;13.50;11.50;True;False;False;False;285;16.50;14.50;True;False;False;False;1;8.26666666663095;0;8.26666666663095;8.26666666663095
240;13.50;11.50;True;False;False;False;287;18.50;14.50;True;False;False;False;1;8.97777777773899;0;8.97777777773899;8.97777777773899
242;15.50;11.50;True;False;False;False;14;23.50;9.50;False;True;False;False;4;19.3888888888571;103.997860085512;13.6444444443855;34.6666666668716
242;15.50;11.50;True;False;False;False;22;0.50;6.50;False;False;True;False;1;99.644444444014;0;99.644444444014;99.644444444014
242;15.50;11.50;True;False;False;False;30;0.50;12.50;False;False;True;False;2;66.1999999996438;333.393580268563;53.2888888881134;79.1111111111741
242;15.50;11.50;True;False;False;False;154;11.50;5.50;True;False;False;False;1;10.3111111111721;0;10.3111111111721;10.3111111111721
242;15.50;11.50;True;False;False;False;181;10.50;7.50;True;False;False;False;2;11.1999999998973;0.667654321107477;10.6222222220676;11.7777777777269
242;15.50;11.50;True;False;False;False;196;11.50;8.50;True;False;False;False;1;10.977777777618;0;10.977777777618;10.977777777618
242;15.50;11.50;True;False;False;False;200;15.50;8.50;True;False;False;False;1;3.51111111106002;0;3.51111111106002;3.51111111106002
242;15.50;11.50;True;False;False;False;203;18.50;8.50;True;False;False;False;1;7.64444444448964;0;7.64444444448964;7.64444444448964
242;15.50;11.50;True;False;False;False;219;6.50;10.50;True;False;False;False;1;11.4222222221729;0;11.4222222221729;11.4222222221729
242;15.50;11.50;True;False;False;False;224;11.50;10.50;True;False;False;False;2;7.33333333330165;0.142222222220993;7.06666666663614;7.59999999996717
242;15.50;11.50;True;False;False;False;225;12.50;10.50;True;False;False;False;1;6.13333333333821;0;6.13333333333821;6.13333333333821
242;15.50;11.50;True;False;False;False;226;13.50;10.50;True;False;False;False;2;5.51111111103091;0;5.51111111103091;5.51111111103091
242;15.50;11.50;True;False;False;False;228;15.50;10.50;True;False;False;False;3;2.23703703703419;0.138930041146212;2.00000000001182;2.66666666665515
242;15.50;11.50;True;False;False;False;231;18.50;10.50;True;False;False;False;1;6.8000000000402;0;6.8000000000402;6.8000000000402
242;15.50;11.50;True;False;False;False;243;16.50;11.50;True;False;False;False;1;2.66666666668243;0;2.66666666668243;2.66666666668243
242;15.50;11.50;True;False;False;False;245;18.50;11.50;True;False;False;False;1;3.51111111113187;0;3.51111111113187;3.51111111113187
242;15.50;11.50;True;False;False;False;266;11.50;13.50;True;False;False;False;1;32.1333333335233;0;32.1333333335233;32.1333333335233
242;15.50;11.50;True;False;False;False;282;13.50;14.50;True;False;False;False;1;7.51111111115551;0;7.51111111115551;7.51111111115551
242;15.50;11.50;True;False;False;False;284;15.50;14.50;True;False;False;False;1;4.13333333327319;0;4.13333333327319;4.13333333327319
242;15.50;11.50;True;False;False;False;285;16.50;14.50;True;False;False;False;2;7.26666666656092;0.435555555542879;6.79999999990105;7.7333333332208
242;15.50;11.50;True;False;False;False;286;17.50;14.50;True;False;False;False;1;6.97777777781903;0;6.97777777781903;6.97777777781903
243;16.50;11.50;True;False;False;False;14;23.50;9.50;False;True;False;False;2;23.8888888885413;44.8088888875848;19.1555555552768;28.6222222218057
243;16.50;11.50;True;False;False;False;22;0.50;6.50;False;False;True;False;2;62.2666666667415;2257.92000006612;28.6666666662495;95.8666666672334
243;16.50;11.50;True;False;False;False;30;0.50;12.50;False;False;True;False;1;158.488888889826;0;158.488888889826;158.488888889826
243;16.50;11.50;True;False;False;False;141;12.50;4.50;True;False;False;False;1;10.9777777778427;0;10.9777777778427;10.9777777778427
243;16.50;11.50;True;False;False;False;196;11.50;8.50;True;False;False;False;1;14.9777777775598;0;14.9777777775598;14.9777777775598
243;16.50;11.50;True;False;False;False;198;13.50;8.50;True;False;False;False;1;7.64444444448964;0;7.64444444448964;7.64444444448964
243;16.50;11.50;True;False;False;False;230;17.50;10.50;True;False;False;False;1;4.71111111104256;0;4.71111111104256;4.71111111104256
244;17.50;11.50;True;False;False;False;30;0.50;12.50;False;False;True;False;1;98.3111111096805;0;98.3111111096805;98.3111111096805
244;17.50;11.50;True;False;False;False;193;8.50;8.50;True;False;False;False;1;12.2666666664882;0;12.2666666664882;12.2666666664882
245;18.50;11.50;True;False;False;False;30;0.50;12.50;False;False;True;False;2;61.5111111114747;32.7150617287819;57.4666666670064;65.5555555559431
245;18.50;11.50;True;False;False;False;137;8.50;4.50;True;False;False;False;1;17.7333333334382;0;17.7333333334382;17.7333333334382
245;18.50;11.50;True;False;False;False;229;16.50;10.50;True;False;False;False;1;5.51111111114369;0;5.51111111114369;5.51111111114369
260;5.50;13.50;True;False;False;False;14;23.50;9.50;False;True;False;False;11;23.4909090907502;9.75342760860842;20.9333333334571;29.1999999998739
260;5.50;13.50;True;False;False;False;22;0.50;6.50;False;False;True;False;1;71.9555555545085;0;71.9555555545085;71.9555555545085
260;5.50;13.50;True;False;False;False;30;0.50;12.50;False;False;True;False;2;76.7555555551269;334.542222248092;63.8222222212935;89.6888888889603
260;5.50;13.50;True;False;False;False;139;10.50;4.50;True;False;False;False;2;14.2222222222699;2.64697796016969E-21;14.2222222222335;14.2222222223063
260;5.50;13.50;True;False;False;False;153;10.50;5.50;True;False;False;False;1;12.9333333334098;0;12.9333333334098;12.9333333334098
260;5.50;13.50;True;False;False;False;154;11.50;5.50;True;False;False;False;1;14.2222222220153;0;14.2222222220153;14.2222222220153
260;5.50;13.50;True;False;False;False;184;13.50;7.50;True;False;False;False;3;13.5999999998021;0;13.5999999998021;13.5999999998021
260;5.50;13.50;True;False;False;False;198;13.50;8.50;True;False;False;False;1;20.0888888885966;0;20.0888888885966;20.0888888885966
260;5.50;13.50;True;False;False;False;224;11.50;10.50;True;False;False;False;1;10.2666666665173;0;10.2666666665173;10.2666666665173
260;5.50;13.50;True;False;False;False;238;11.50;11.50;True;False;False;False;1;9.5999999998603;0;9.5999999998603;9.5999999998603
260;5.50;13.50;True;False;False;False;242;15.50;11.50;True;False;False;False;2;12.8888888887673;8.6957361894637E-21;12.8888888887013;12.8888888888332
260;5.50;13.50;True;False;False;False;267;12.50;13.50;True;False;False;False;1;6.8000000000402;0;6.8000000000402;6.8000000000402
260;5.50;13.50;True;False;False;False;280;11.50;14.50;True;False;False;False;1;8.13333333338142;0;8.13333333338142;8.13333333338142
261;6.50;13.50;True;False;False;False;14;23.50;9.50;False;True;False;False;6;22.3259259257058;8.79460082232485;20.2666666663717;26.4444444440596
261;6.50;13.50;True;False;False;False;30;0.50;12.50;False;False;True;False;3;78.5037037034629;883.670781895243;60.1333333336888;112.799999999833
261;6.50;13.50;True;False;False;False;137;8.50;4.50;True;False;False;False;1;11.5999999999499;0;11.5999999999499;11.5999999999499
261;6.50;13.50;True;False;False;False;139;10.50;4.50;True;False;False;False;1;15.6888888889014;0;15.6888888889014;15.6888888889014
261;6.50;13.50;True;False;False;False;154;11.50;5.50;True;False;False;False;2;14.9777777776394;0.667654321152143;14.3999999997905;15.5555555554884
261;6.50;13.50;True;False;False;False;177;6.50;7.50;True;False;False;False;1;6.75555555545725;0;6.75555555545725;6.75555555545725
261;6.50;13.50;True;False;False;False;178;7.50;7.50;True;False;False;False;1;9.95555555561441;0;9.95555555561441;9.95555555561441
261;6.50;13.50;True;False;False;False;195;10.50;8.50;True;False;False;False;1;11.199999999837;0;11.199999999837;11.199999999837
261;6.50;13.50;True;False;False;False;196;11.50;8.50;True;False;False;False;1;11.5555555555056;0;11.5555555555056;11.5555555555056
261;6.50;13.50;True;False;False;False;238;11.50;11.50;True;False;False;False;1;8.93333333329474;0;8.93333333329474;8.93333333329474
261;6.50;13.50;True;False;False;False;239;12.50;11.50;True;False;False;False;1;10.2222222220735;0;10.2222222220735;10.2222222220735
262;7.50;13.50;True;False;False;False;14;23.50;9.50;False;True;False;False;3;21.7481481481648;8.73942386829331;19.8666666667841;25.1555555555756
262;7.50;13.50;True;False;False;False;183;12.50;7.50;True;False;False;False;1;15.5555555555679;0;15.5555555555679;15.5555555555679
262;7.50;13.50;True;False;False;False;242;15.50;11.50;True;False;False;False;2;11.9333333333479;2.00000000024738;10.9333333332861;12.9333333334098
263;8.50;13.50;True;False;False;False;14;23.50;9.50;False;True;False;False;7;22.7047619046825;47.1429982376517;18.9333333330578;37.5555555557776
263;8.50;13.50;True;False;False;False;30;0.50;12.50;False;False;True;False;2;66.3555555549578;1848.31999990147;35.9555555557681;96.7555555541476
263;8.50;13.50;True;False;False;False;111;10.50;2.50;True;False;False;False;1;16.2666666665964;0;16.2666666665964;16.2666666665964
263;8.50;13.50;True;False;False;False;140;11.50;4.50;True;False;False;False;1;14.8888888886722;0;14.8888888886722;14.8888888886722
263;8.50;13.50;True;False;False;False;151;8.50;5.50;True;False;False;False;1;8.08888888893671;0;8.08888888893671;8.08888888893671
263;8.50;13.50;True;False;False;False;160;17.50;5.50;True;False;False;False;1;17.0222222219745;0;17.0222222219745;17.0222222219745
263;8.50;13.50;True;False;False;False;192;7.50;8.50;True;False;False;False;1;8.13333333338142;0;8.13333333338142;8.13333333338142
263;8.50;13.50;True;False;False;False;195;10.50;8.50;True;False;False;False;1;8.93333333320334;0;8.93333333320334;8.93333333320334
263;8.50;13.50;True;False;False;False;242;15.50;11.50;True;False;False;False;2;10.2666666666223;2.20695923332211E-20;10.2666666665173;10.2666666667274
263;8.50;13.50;True;False;False;False;274;5.50;14.50;True;False;False;False;1;6.13333333336959;0;6.13333333336959;6.13333333336959
265;10.50;13.50;True;False;False;False;14;23.50;9.50;False;True;False;False;8;25.2000000000089;97.7851146406088;17.600000000104;48.3555555558414
265;10.50;13.50;True;False;False;False;22;0.50;6.50;False;False;True;False;1;59.1999999991385;0;59.1999999991385;59.1999999991385
265;10.50;13.50;True;False;False;False;30;0.50;12.50;False;False;True;False;3;70.1629629625925;1187.88213987988;30.5777777779585;93.5111111097503
265;10.50;13.50;True;False;False;False;154;11.50;5.50;True;False;False;False;1;10.755555555399;0;10.755555555399;10.755555555399
265;10.50;13.50;True;False;False;False;181;10.50;7.50;True;False;False;False;2;11.2444444443499;40.3002469111662;6.75555555559549;15.7333333331044
265;10.50;13.50;True;False;False;False;183;12.50;7.50;True;False;False;False;1;9.60000000005675;0;9.60000000005675;9.60000000005675
265;10.50;13.50;True;False;False;False;200;15.50;8.50;True;False;False;False;1;10.9333333331742;0;10.9333333331742;10.9333333331742
265;10.50;13.50;True;False;False;False;224;11.50;10.50;True;False;False;False;2;6.80000000002281;6.05108467476682E-22;6.80000000000541;6.8000000000402
265;10.50;13.50;True;False;False;False;238;11.50;11.50;True;False;False;False;1;6.57777777774936;0;6.57777777774936;6.57777777774936
265;10.50;13.50;True;False;False;False;239;12.50;11.50;True;False;False;False;1;6.93333333337432;0;6.93333333337432;6.93333333337432
265;10.50;13.50;True;False;False;False;267;12.50;13.50;True;False;False;False;2;3.15555555557421;0.193580246915869;2.84444444446126;3.46666666668716
265;10.50;13.50;True;False;False;False;268;13.50;13.50;True;False;False;False;1;4.13333333327319;0;4.13333333327319;4.13333333327319
265;10.50;13.50;True;False;False;False;285;16.50;14.50;True;False;False;False;1;8.79999999996198;0;8.79999999996198;8.79999999996198
266;11.50;13.50;True;False;False;False;14;23.50;9.50;False;True;False;False;4;26.5333333333409;239.798518514087;17.5555555555695;49.5999999997857
266;11.50;13.50;True;False;False;False;22;0.50;6.50;False;False;True;False;1;42.3111111113612;0;42.3111111113612;42.3111111113612
266;11.50;13.50;True;False;False;False;30;0.50;12.50;False;False;True;False;2;91.3333333335838;2415.89728401942;56.5777777775334;126.088888889634
266;11.50;13.50;True;False;False;False;158;15.50;5.50;True;False;False;False;1;12.2666666666764;0;12.2666666666764;12.2666666666764
266;11.50;13.50;True;False;False;False;183;12.50;7.50;True;False;False;False;3;14.3555555555354;13.0903703699951;12.2666666666137;18.5333333332533
266;11.50;13.50;True;False;False;False;193;8.50;8.50;True;False;False;False;1;9.60000000005675;0;9.60000000005675;9.60000000005675
266;11.50;13.50;True;False;False;False;196;11.50;8.50;True;False;False;False;2;10.7777777778415;8.17876543219547;8.75555555560732;12.8000000000757
266;11.50;13.50;True;False;False;False;240;13.50;11.50;True;False;False;False;2;6.97777777777929;0.888888888901066;6.31111111110806;7.64444444445053
267;12.50;13.50;True;False;False;False;14;23.50;9.50;False;True;False;False;4;30.5333333331803;102.754238679566;22.2222222218988;42.9777777771524
267;12.50;13.50;True;False;False;False;22;0.50;6.50;False;False;True;False;2;109.933333333983;2333.20395064487;75.7777777782258;144.088888889741
267;12.50;13.50;True;False;False;False;30;0.50;12.50;False;False;True;False;1;102.355555554066;0;102.355555554066;102.355555554066
267;12.50;13.50;True;False;False;False;140;11.50;4.50;True;False;False;False;1;16.2666666667628;0;16.2666666667628;16.2666666667628
267;12.50;13.50;True;False;False;False;151;8.50;5.50;True;False;False;False;1;15.022222222311;0;15.022222222311;15.022222222311
267;12.50;13.50;True;False;False;False;155;12.50;5.50;True;False;False;False;1;14.4000000000851;0;14.4000000000851;14.4000000000851
267;12.50;13.50;True;False;False;False;181;10.50;7.50;True;False;False;False;1;14.5777777775656;0;14.5777777775656;14.5777777775656
267;12.50;13.50;True;False;False;False;183;12.50;7.50;True;False;False;False;1;14.0888888889722;0;14.0888888889722;14.0888888889722
267;12.50;13.50;True;False;False;False;186;15.50;7.50;True;False;False;False;1;12.2666666664882;0;12.2666666664882;12.2666666664882
267;12.50;13.50;True;False;False;False;195;10.50;8.50;True;False;False;False;1;8.93333333320334;0;8.93333333320334;8.93333333320334
267;12.50;13.50;True;False;False;False;260;5.50;13.50;True;False;False;False;1;8.31111111116024;0;8.31111111116024;8.31111111116024
267;12.50;13.50;True;False;False;False;266;11.50;13.50;True;False;False;False;1;3.51111111113187;0;3.51111111113187;3.51111111113187
267;12.50;13.50;True;False;False;False;284;15.50;14.50;True;False;False;False;1;6.1777777778143;0;6.1777777778143;6.1777777778143
268;13.50;13.50;True;False;False;False;14;23.50;9.50;False;True;False;False;8;24.8888888888643;70.4931216924304;16.2222222223181;36.1333333335469
268;13.50;13.50;True;False;False;False;22;0.50;6.50;False;False;True;False;1;29.0666666662437;0;29.0666666662437;29.0666666662437
268;13.50;13.50;True;False;False;False;136;7.50;4.50;True;False;False;False;1;14.8444444445322;0;14.8444444445322;14.8444444445322
268;13.50;13.50;True;False;False;False;139;10.50;4.50;True;False;False;False;1;15.599999999773;0;15.599999999773;15.599999999773
268;13.50;13.50;True;False;False;False;151;8.50;5.50;True;False;False;False;1;15.6888888889816;0;15.6888888889816;15.6888888889816
268;13.50;13.50;True;False;False;False;183;12.50;7.50;True;False;False;False;1;12.2666666667392;0;12.2666666667392;12.2666666667392
268;13.50;13.50;True;False;False;False;192;7.50;8.50;True;False;False;False;1;11.6000000000686;0;11.6000000000686;11.6000000000686
268;13.50;13.50;True;False;False;False;195;10.50;8.50;True;False;False;False;1;9.5999999998603;0;9.5999999998603;9.5999999998603
268;13.50;13.50;True;False;False;False;196;11.50;8.50;True;False;False;False;1;8.93333333329474;0;8.93333333329474;8.93333333329474
268;13.50;13.50;True;False;False;False;197;12.50;8.50;True;False;False;False;1;8.48888888893907;0;8.48888888893907;8.48888888893907
268;13.50;13.50;True;False;False;False;238;11.50;11.50;True;False;False;False;1;6.93333333323244;0;6.93333333323244;6.93333333323244
268;13.50;13.50;True;False;False;False;277;8.50;14.50;True;False;False;False;1;7.95555555543979;0;7.95555555543979;7.95555555543979
268;13.50;13.50;True;False;False;False;284;15.50;14.50;True;False;False;False;1;5.51111111103091;0;5.51111111103091;5.51111111103091
270;15.50;13.50;True;False;False;False;14;23.50;9.50;False;True;False;False;1;22.9777777777814;0;22.9777777777814;22.9777777777814
270;15.50;13.50;True;False;False;False;240;13.50;11.50;True;False;False;False;1;6.93333333332998;0;6.93333333332998;6.93333333332998
271;16.50;13.50;True;False;False;False;14;23.50;9.50;False;True;False;False;4;24.5888888886878;112.907818930265;13.5999999998021;39.1111111109421
271;16.50;13.50;True;False;False;False;22;0.50;6.50;False;False;True;False;1;95.2444444430585;0;95.2444444430585;95.2444444430585
271;16.50;13.50;True;False;False;False;30;0.50;12.50;False;False;True;False;1;83.1111111111773;0;83.1111111111773;83.1111111111773
271;16.50;13.50;True;False;False;False;98;11.50;1.50;True;False;False;False;1;16.2222222219862;0;16.2222222219862;16.2222222219862
271;16.50;13.50;True;False;False;False;183;12.50;7.50;True;False;False;False;1;18.488888888809;0;18.488888888809;18.488888888809
271;16.50;13.50;True;False;False;False;197;12.50;8.50;True;False;False;False;1;11.1999999999516;0;11.1999999999516;11.1999999999516
271;16.50;13.50;True;False;False;False;228;15.50;10.50;True;False;False;False;1;6.79999999990105;0;6.79999999990105;6.79999999990105
271;16.50;13.50;True;False;False;False;229;16.50;10.50;True;False;False;False;1;4.75555555548635;0;4.75555555548635;4.75555555548635
271;16.50;13.50;True;False;False;False;284;15.50;14.50;True;False;False;False;1;4.66666666667038;0;4.66666666667038;4.66666666667038
272;17.50;13.50;True;False;False;False;14;23.50;9.50;False;True;False;False;3;21.8962962962256;106.280164607907;13.555555555497;33.4222222220778
272;17.50;13.50;True;False;False;False;196;11.50;8.50;True;False;False;False;1;11.9111111110597;0;11.9111111110597;11.9111111110597
272;17.50;13.50;True;False;False;False;228;15.50;10.50;True;False;False;False;1;7.60000000000605;0;7.60000000000605;7.60000000000605
272;17.50;13.50;True;False;False;False;240;13.50;11.50;True;False;False;False;1;8.26666666663095;0;8.26666666663095;8.26666666663095
274;5.50;14.50;True;False;False;False;14;23.50;9.50;False;True;False;False;6;26.4370370366523;4.82008230438648;24.4444444440887;30.088888888451
274;5.50;14.50;True;False;False;False;22;0.50;6.50;False;False;True;False;1;125.288888887066;0;125.288888887066;125.288888887066
274;5.50;14.50;True;False;False;False;30;0.50;12.50;False;False;True;False;3;77.2444444443787;218.716049386347;62.8000000003713;92.3555555561015
274;5.50;14.50;True;False;False;False;155;12.50;5.50;True;False;False;False;1;14.9333333334216;0;14.9333333334216;14.9333333334216
274;5.50;14.50;True;False;False;False;159;16.50;5.50;True;False;False;False;1;17.6444444445488;0;17.6444444445488;17.6444444445488
274;5.50;14.50;True;False;False;False;181;10.50;7.50;True;False;False;False;1;12.3999999998196;0;12.3999999998196;12.3999999998196
274;5.50;14.50;True;False;False;False;195;10.50;8.50;True;False;False;False;1;10.977777777618;0;10.977777777618;10.977777777618
274;5.50;14.50;True;False;False;False;224;11.50;10.50;True;False;False;False;2;10.7333333331771;0.356543209866166;10.3111111109611;11.1555555553932
274;5.50;14.50;True;False;False;False;238;11.50;11.50;True;False;False;False;3;9.85185185170849;0.129053497938631;9.6444444443041;10.2666666665173
274;5.50;14.50;True;False;False;False;242;15.50;11.50;True;False;False;False;1;12.311111110932;0;12.311111110932;12.311111110932
275;6.50;14.50;True;False;False;False;14;23.50;9.50;False;True;False;False;2;32.4222222220988;5.26320987865035;30.7999999995518;34.0444444446457
275;6.50;14.50;True;False;False;False;22;0.50;6.50;False;False;True;False;1;116.533333334022;0;116.533333334022;116.533333334022
275;6.50;14.50;True;False;False;False;30;0.50;12.50;False;False;True;False;1;117.73333333162;0;117.73333333162;117.73333333162
275;6.50;14.50;True;False;False;False;139;10.50;4.50;True;False;False;False;1;12.9777777775889;0;12.9777777775889;12.9777777775889
275;6.50;14.50;True;False;False;False;159;16.50;5.50;True;False;False;False;1;18.2666666667747;0;18.2666666667747;18.2666666667747
275;6.50;14.50;True;False;False;False;197;12.50;8.50;True;False;False;False;2;15.6888888888561;23.4232098785382;12.2666666664882;19.1111111112241
276;7.50;14.50;True;False;False;False;14;23.50;9.50;False;True;False;False;4;38.3444444441742;99.0530041140752;29.8666666668432;52.7555555553276
276;7.50;14.50;True;False;False;False;30;0.50;12.50;False;False;True;False;3;49.0222222218254;1110.09975306168;20.3111111112312;85.5555555548444
276;7.50;14.50;True;False;False;False;111;10.50;2.50;True;False;False;False;1;13.6444444444553;0;13.6444444444553;13.6444444444553
276;7.50;14.50;True;False;False;False;139;10.50;4.50;True;False;False;False;1;16.088888888984;0;16.088888888984;16.088888888984
276;7.50;14.50;True;False;False;False;155;12.50;5.50;True;False;False;False;1;18.666666666395;0;18.666666666395;18.666666666395
276;7.50;14.50;True;False;False;False;183;12.50;7.50;True;False;False;False;1;15.4666666664416;0;15.4666666664416;15.4666666664416
276;7.50;14.50;True;False;False;False;195;10.50;8.50;True;False;False;False;1;10.7111111109552;0;10.7111111109552;10.7111111109552
276;7.50;14.50;True;False;False;False;196;11.50;8.50;True;False;False;False;1;13.9111111111933;0;13.9111111111933;13.9111111111933
276;7.50;14.50;True;False;False;False;197;12.50;8.50;True;False;False;False;1;14.933333333116;0;14.933333333116;14.933333333116
276;7.50;14.50;True;False;False;False;228;15.50;10.50;True;False;False;False;1;13.6444444443855;0;13.6444444443855;13.6444444443855
277;8.50;14.50;True;False;False;False;14;23.50;9.50;False;True;False;False;7;29.6444444442964;13.117366254996;25.2888888887796;35.4666666661506
277;8.50;14.50;True;False;False;False;22;0.50;6.50;False;False;True;False;1;144.488888889322;0;144.488888889322;144.488888889322
277;8.50;14.50;True;False;False;False;111;10.50;2.50;True;False;False;False;2;16.2888888888601;0.000987654317280509;16.2666666666796;16.3111111110406
277;8.50;14.50;True;False;False;False;137;8.50;4.50;True;False;False;False;1;13.5111111110527;0;13.5111111110527;13.5111111110527
277;8.50;14.50;True;False;False;False;183;12.50;7.50;True;False;False;False;1;11.6000000000686;0;11.6000000000686;11.6000000000686
277;8.50;14.50;True;False;False;False;196;11.50;8.50;True;False;False;False;1;15.0666666664474;0;15.0666666664474;15.0666666664474
277;8.50;14.50;True;False;False;False;197;12.50;8.50;True;False;False;False;1;14.8888888886722;0;14.8888888886722;14.8888888886722
277;8.50;14.50;True;False;False;False;268;13.50;13.50;True;False;False;False;1;8.13333333321498;0;8.13333333321498;8.13333333321498
277;8.50;14.50;True;False;False;False;280;11.50;14.50;True;False;False;False;1;4.75555555558367;0;4.75555555558367;4.75555555558367
280;11.50;14.50;True;False;False;False;30;0.50;12.50;False;False;True;False;1;142.844444445289;0;142.844444445289;142.844444445289
280;11.50;14.50;True;False;False;False;137;8.50;4.50;True;False;False;False;1;19.0666666666575;0;19.0666666666575;19.0666666666575
280;11.50;14.50;True;False;False;False;266;11.50;13.50;True;False;False;False;1;3.55555555557657;0;3.55555555557657;3.55555555557657
280;11.50;14.50;True;False;False;False;276;7.50;14.50;True;False;False;False;1;5.42222222225428;0;5.42222222225428;5.42222222225428
281;12.50;14.50;True;False;False;False;14;23.50;9.50;False;True;False;False;1;31.5555555555554;0;31.5555555555554;31.5555555555554
281;12.50;14.50;True;False;False;False;30;0.50;12.50;False;False;True;False;4;103.477777777382;434.955555574776;84.0444444432214;133.066666666773
281;12.50;14.50;True;False;False;False;149;6.50;5.50;True;False;False;False;1;14.266666666751;0;14.266666666751;14.266666666751
281;12.50;14.50;True;False;False;False;155;12.50;5.50;True;False;False;False;1;16.044444444211;0;16.044444444211;16.044444444211
281;12.50;14.50;True;False;False;False;220;7.50;10.50;True;False;False;False;1;10.2666666666223;0;10.2666666666223;10.2666666666223
281;12.50;14.50;True;False;False;False;272;17.50;13.50;True;False;False;False;1;7.51111111110748;0;7.51111111110748;7.51111111110748
282;13.50;14.50;True;False;False;False;14;23.50;9.50;False;True;False;False;1;34.088888888916;0;34.088888888916;34.088888888916
282;13.50;14.50;True;False;False;False;30;0.50;12.50;False;False;True;False;4;82.5111111105118;1411.26650201062;44.0444444438035;133.466666664724
282;13.50;14.50;True;False;False;False;151;8.50;5.50;True;False;False;False;1;15.1111111112004;0;15.1111111112004;15.1111111112004
282;13.50;14.50;True;False;False;False;177;6.50;7.50;True;False;False;False;1;13.5999999998021;0;13.5999999998021;13.5999999998021
282;13.50;14.50;True;False;False;False;242;15.50;11.50;True;False;False;False;1;6.97777777774763;0;6.97777777774763;6.97777777774763
282;13.50;14.50;True;False;False;False;275;6.50;14.50;True;False;False;False;1;6.79999999990105;0;6.79999999990105;6.79999999990105
284;15.50;14.50;True;False;False;False;22;0.50;6.50;False;False;True;False;1;29.0666666662437;0;29.0666666662437;29.0666666662437
284;15.50;14.50;True;False;False;False;30;0.50;12.50;False;False;True;False;5;110.284444443743;966.995160460877;66.0888888892796;144.933333332707
284;15.50;14.50;True;False;False;False;179;8.50;7.50;True;False;False;False;1;13.5999999999412;0;13.5999999999412;13.5999999999412
284;15.50;14.50;True;False;False;False;183;12.50;7.50;True;False;False;False;1;25.2888888885209;0;25.2888888885209;25.2888888885209
284;15.50;14.50;True;False;False;False;242;15.50;11.50;True;False;False;False;1;3.51111111106002;0;3.51111111106002;3.51111111106002
284;15.50;14.50;True;False;False;False;265;10.50;13.50;True;False;False;False;1;7.95555555543979;0;7.95555555543979;7.95555555543979
284;15.50;14.50;True;False;False;False;267;12.50;13.50;True;False;False;False;1;6.17777777768788;0;6.17777777768788;6.17777777768788
284;15.50;14.50;True;False;False;False;271;16.50;13.50;True;False;False;False;1;4.71111111109076;0;4.71111111109076;4.71111111109076
285;16.50;14.50;True;False;False;False;22;0.50;6.50;False;False;True;False;4;90.8777777771244;732.348806570331;52.2666666664409;114.75555555506
285;16.50;14.50;True;False;False;False;30;0.50;12.50;False;False;True;False;4;55.9777777769632;535.252674881541;25.7777777774027;79.2888888877351
285;16.50;14.50;True;False;False;False;181;10.50;7.50;True;False;False;False;1;13.1111111109203;0;13.1111111109203;13.1111111109203
285;16.50;14.50;True;False;False;False;190;5.50;8.50;True;False;False;False;1;16.9777777777044;0;16.9777777777044;16.9777777777044
285;16.50;14.50;True;False;False;False;221;8.50;10.50;True;False;False;False;1;11.644444444275;0;11.644444444275;11.644444444275
285;16.50;14.50;True;False;False;False;233;6.50;11.50;True;False;False;False;1;13.2444444445227;0;13.2444444445227;13.2444444445227
285;16.50;14.50;True;False;False;False;268;13.50;13.50;True;False;False;False;1;6.17777777768788;0;6.17777777768788;6.17777777768788
285;16.50;14.50;True;False;False;False;271;16.50;13.50;True;False;False;False;1;2.04444444443561;0;2.04444444443561;2.04444444443561
285;16.50;14.50;True;False;False;False;274;5.50;14.50;True;False;False;False;1;9.46666666652891;0;9.46666666652891;9.46666666652891
285;16.50;14.50;True;False;False;False;276;7.50;14.50;True;False;False;False;1;11.644444444275;0;11.644444444275;11.644444444275
286;17.50;14.50;True;False;False;False;14;23.50;9.50;False;True;False;False;1;28.0444444446102;0;28.0444444446102;28.0444444446102
286;17.50;14.50;True;False;False;False;22;0.50;6.50;False;False;True;False;1;100.666666667262;0;100.666666667262;100.666666667262
286;17.50;14.50;True;False;False;False;176;5.50;7.50;True;False;False;False;1;18.2666666667747;0;18.2666666667747;18.2666666667747
286;17.50;14.50;True;False;False;False;183;12.50;7.50;True;False;False;False;1;11.6444444445133;0;11.6444444445133;11.6444444445133
287;18.50;14.50;True;False;False;False;14;23.50;9.50;False;True;False;False;1;32.3111111113021;0;32.3111111113021;32.3111111113021
287;18.50;14.50;True;False;False;False;22;0.50;6.50;False;False;True;False;1;47.9999999993015;0;47.9999999993015;47.9999999993015
287;18.50;14.50;True;False;False;False;30;0.50;12.50;False;False;True;False;2;68.3333333330381;408.344691354496;54.044444444211;82.6222222218653
287;18.50;14.50;True;False;False;False;111;10.50;2.50;True;False;False;False;1;17.600000000104;0;17.600000000104;17.600000000104
287;18.50;14.50;True;False;False;False;242;15.50;11.50;True;False;False;False;1;7.64444444441142;0;7.64444444441142;7.64444444441142
287;18.50;14.50;True;False;False;False;260;5.50;13.50;True;False;False;False;1;13.4666666667463;0;13.4666666667463;13.4666666667463
